timestamp_utc,open,high,low,close,volume,source,symbol
2026-09-11T00:00:00Z,4355.5,4359.2001953125,4353.2001953125,4359.10009765625,170.0,yahoo,GC=F
2026-09-11T00:01:00Z,4359.2998046875,4360.89990234375,4358.10009765625,4360.89990234375,61.0,yahoo,GC=F
2026-09-11T00:02:00Z,4360.39990234375,4361.7998046875,4359.89990234375,4360.7001953125,87.0,yahoo,GC=F
2026-09-11T00:03:00Z,4361.0,4361.60009765625,4360.2001953125,4360.5,43.0,yahoo,GC=F
2026-09-11T00:04:00Z,4359.7998046875,4360.39990234375,4359.2001953125,4360.0,25.0,yahoo,GC=F
2026-09-11T00:05:00Z,4360.2001953125,4361.2001953125,4359.2998046875,4360.39990234375,42.0,yahoo,GC=F
2026-09-11T00:06:00Z,4360.5,4363.10009765625,4359.7998046875,4362.7001953125,74.0,yahoo,GC=F
2026-09-11T00:07:00Z,4362.39990234375,4364.39990234375,4361.5,4363.2001953125,88.0,yahoo,GC=F
2026-09-11T00:08:00Z,4362.7998046875,4363.2998046875,4359.7998046875,4360.10009765625,81.0,yahoo,GC=F
2026-09-11T00:09:00Z,4360.2998046875,4361.2001953125,4358.10009765625,4359.10009765625,41.0,yahoo,GC=F
2026-09-11T00:10:00Z,4358.89990234375,4359.10009765625,4357.0,4357.5,34.0,yahoo,GC=F
2026-09-11T00:11:00Z,4357.7998046875,4357.7998046875,4355.2998046875,4356.2001953125,50.0,yahoo,GC=F
2026-09-11T00:12:00Z,4356.0,4359.7001953125,4355.7001953125,4359.60009765625,27.0,yahoo,GC=F
2026-09-11T00:13:00Z,4358.7998046875,4359.2998046875,4358.7998046875,4359.2998046875,16.0,yahoo,GC=F
2026-09-11T00:14:00Z,4358.89990234375,4359.89990234375,4358.89990234375,4359.60009765625,11.0,yahoo,GC=F
2026-09-11T00:15:00Z,4360.0,4361.7998046875,4360.0,4360.0,33.0,yahoo,GC=F
2026-09-11T00:16:00Z,4359.7001953125,4360.0,4357.2998046875,4358.10009765625,58.0,yahoo,GC=F
2026-09-11T00:17:00Z,4358.60009765625,4361.0,4358.39990234375,4360.2001953125,26.0,yahoo,GC=F
2026-09-11T00:18:00Z,4360.10009765625,4361.10009765625,4359.2001953125,4361.0,42.0,yahoo,GC=F
2026-09-11T00:19:00Z,4360.7998046875,4360.7998046875,4360.2998046875,4360.2998046875,32.0,yahoo,GC=F
2026-09-11T00:20:00Z,4360.7998046875,4360.89990234375,4359.39990234375,4359.7998046875,13.0,yahoo,GC=F
2026-09-11T00:21:00Z,4359.0,4361.0,4358.89990234375,4361.0,14.0,yahoo,GC=F
2026-09-11T00:22:00Z,4361.39990234375,4362.2998046875,4361.0,4361.10009765625,27.0,yahoo,GC=F
2026-09-11T00:23:00Z,4360.7001953125,4362.5,4360.5,4361.60009765625,33.0,yahoo,GC=F
2026-09-11T00:24:00Z,4361.2998046875,4361.2998046875,4359.60009765625,4359.60009765625,26.0,yahoo,GC=F
2026-09-11T00:25:00Z,4359.2998046875,4359.60009765625,4357.7998046875,4358.5,75.0,yahoo,GC=F
2026-09-11T00:26:00Z,4358.39990234375,4362.0,4358.39990234375,4362.0,96.0,yahoo,GC=F
2026-09-11T00:27:00Z,4362.39990234375,4363.89990234375,4361.60009765625,4363.7998046875,25.0,yahoo,GC=F
2026-09-11T00:28:00Z,4363.5,4364.39990234375,4363.2998046875,4364.10009765625,17.0,yahoo,GC=F
2026-09-11T00:29:00Z,4364.0,4364.7998046875,4363.60009765625,4364.2001953125,45.0,yahoo,GC=F
2026-09-11T00:30:00Z,4364.2001953125,4365.60009765625,4363.89990234375,4364.7998046875,97.0,yahoo,GC=F
2026-09-11T00:31:00Z,4364.7998046875,4365.0,4361.39990234375,4361.39990234375,102.0,yahoo,GC=F
2026-09-11T00:32:00Z,4362.2001953125,4362.2998046875,4359.7001953125,4361.0,58.0,yahoo,GC=F
2026-09-11T00:33:00Z,4361.10009765625,4363.89990234375,4361.0,4361.10009765625,96.0,yahoo,GC=F
2026-09-11T00:34:00Z,4360.89990234375,4362.2998046875,4360.5,4361.7998046875,25.0,yahoo,GC=F
2026-09-11T00:35:00Z,4361.7001953125,4361.89990234375,4361.0,4361.7998046875,21.0,yahoo,GC=F
2026-09-11T00:36:00Z,4361.89990234375,4362.89990234375,4361.89990234375,4362.89990234375,9.0,yahoo,GC=F
2026-09-11T00:37:00Z,4362.39990234375,4363.7998046875,4361.2998046875,4361.60009765625,49.0,yahoo,GC=F
2026-09-11T00:38:00Z,4362.0,4364.7001953125,4362.0,4364.7001953125,29.0,yahoo,GC=F
2026-09-11T00:39:00Z,4364.5,4366.2998046875,4364.10009765625,4365.89990234375,102.0,yahoo,GC=F
2026-09-11T00:40:00Z,4365.39990234375,4365.39990234375,4362.2998046875,4362.2998046875,119.0,yahoo,GC=F
2026-09-11T00:41:00Z,4362.60009765625,4363.2998046875,4361.2998046875,4361.89990234375,74.0,yahoo,GC=F
2026-09-11T00:42:00Z,4362.7001953125,4364.39990234375,4361.5,4363.0,70.0,yahoo,GC=F
2026-09-11T00:43:00Z,4363.2001953125,4365.7001953125,4362.7998046875,4365.10009765625,37.0,yahoo,GC=F
2026-09-11T00:44:00Z,4365.7001953125,4367.89990234375,4365.7001953125,4367.60009765625,147.0,yahoo,GC=F
2026-09-11T00:45:00Z,4367.5,4370.2001953125,4367.0,4369.7001953125,170.0,yahoo,GC=F
2026-09-11T00:46:00Z,4369.7001953125,4372.0,4369.7001953125,4371.7998046875,48.0,yahoo,GC=F
2026-09-11T00:47:00Z,4372.0,4372.39990234375,4371.0,4372.2001953125,100.0,yahoo,GC=F
2026-09-11T00:48:00Z,4372.2998046875,4373.2001953125,4372.2998046875,4373.0,40.0,yahoo,GC=F
2026-09-11T00:49:00Z,4373.2998046875,4374.10009765625,4373.0,4373.2001953125,112.0,yahoo,GC=F
2026-09-11T00:50:00Z,4372.7998046875,4373.89990234375,4372.7001953125,4373.89990234375,102.0,yahoo,GC=F
2026-09-11T00:51:00Z,4373.39990234375,4373.5,4371.5,4371.7001953125,37.0,yahoo,GC=F
2026-09-11T00:52:00Z,4372.2001953125,4373.60009765625,4372.2001953125,4372.89990234375,73.0,yahoo,GC=F
2026-09-11T00:53:00Z,4373.10009765625,4373.7998046875,4372.60009765625,4373.7998046875,27.0,yahoo,GC=F
2026-09-11T00:54:00Z,4373.39990234375,4373.60009765625,4371.7998046875,4372.2998046875,23.0,yahoo,GC=F
2026-09-11T00:55:00Z,4372.2001953125,4373.7001953125,4372.2001953125,4373.39990234375,31.0,yahoo,GC=F
2026-09-11T00:56:00Z,4373.89990234375,4373.89990234375,4372.5,4372.89990234375,34.0,yahoo,GC=F
2026-09-11T00:57:00Z,4372.5,4372.5,4370.10009765625,4370.5,67.0,yahoo,GC=F
2026-09-11T00:58:00Z,4370.7001953125,4371.2998046875,4370.39990234375,4370.5,18.0,yahoo,GC=F
2026-09-11T00:59:00Z,4371.0,4373.5,4371.0,4372.2001953125,105.0,yahoo,GC=F
2026-09-11T01:00:00Z,4372.2998046875,4372.89990234375,4369.89990234375,4370.89990234375,258.0,yahoo,GC=F
2026-09-11T01:01:00Z,4369.60009765625,4373.5,4368.2001953125,4372.89990234375,197.0,yahoo,GC=F
2026-09-11T01:02:00Z,4373.0,4378.2001953125,4373.0,4376.7001953125,258.0,yahoo,GC=F
2026-09-11T01:03:00Z,4376.2001953125,4379.7998046875,4375.89990234375,4379.60009765625,210.0,yahoo,GC=F
2026-09-11T01:04:00Z,4379.2998046875,4380.7001953125,4377.2998046875,4379.89990234375,151.0,yahoo,GC=F
2026-09-11T01:05:00Z,4380.2001953125,4380.2998046875,4377.89990234375,4378.2998046875,73.0,yahoo,GC=F
2026-09-11T01:06:00Z,4377.7001953125,4378.89990234375,4376.5,4377.39990234375,45.0,yahoo,GC=F
2026-09-11T01:07:00Z,4377.60009765625,4378.89990234375,4375.10009765625,4375.10009765625,89.0,yahoo,GC=F
2026-09-11T01:08:00Z,4375.60009765625,4376.60009765625,4373.7998046875,4373.7998046875,138.0,yahoo,GC=F
2026-09-11T01:09:00Z,4373.5,4378.39990234375,4373.39990234375,4377.7998046875,198.0,yahoo,GC=F
2026-09-11T01:10:00Z,4378.5,4378.89990234375,4376.7998046875,4378.60009765625,92.0,yahoo,GC=F
2026-09-11T01:11:00Z,4378.7001953125,4378.7001953125,4376.7998046875,4378.10009765625,74.0,yahoo,GC=F
2026-09-11T01:12:00Z,4378.89990234375,4379.39990234375,4375.89990234375,4377.39990234375,110.0,yahoo,GC=F
2026-09-11T01:13:00Z,4377.7001953125,4377.89990234375,4375.2998046875,4375.60009765625,73.0,yahoo,GC=F
2026-09-11T01:14:00Z,4375.5,4375.60009765625,4373.0,4373.39990234375,131.0,yahoo,GC=F
2026-09-11T01:15:00Z,4373.10009765625,4375.39990234375,4371.5,4375.2001953125,145.0,yahoo,GC=F
2026-09-11T01:16:00Z,4374.7998046875,4376.39990234375,4374.5,4375.7001953125,116.0,yahoo,GC=F
2026-09-11T01:17:00Z,4375.89990234375,4377.2998046875,4375.10009765625,4376.7001953125,126.0,yahoo,GC=F
2026-09-11T01:18:00Z,4376.2998046875,4376.2998046875,4372.7001953125,4372.7001953125,124.0,yahoo,GC=F
2026-09-11T01:19:00Z,4373.0,4373.2001953125,4371.2998046875,4372.10009765625,72.0,yahoo,GC=F
2026-09-11T01:20:00Z,4372.10009765625,4372.39990234375,4370.39990234375,4370.7998046875,122.0,yahoo,GC=F
2026-09-11T01:21:00Z,4370.5,4370.5,4366.7001953125,4366.89990234375,172.0,yahoo,GC=F
2026-09-11T01:22:00Z,4366.7998046875,4367.5,4365.2001953125,4367.39990234375,212.0,yahoo,GC=F
2026-09-11T01:23:00Z,4367.2001953125,4367.2001953125,4364.2001953125,4364.7998046875,110.0,yahoo,GC=F
2026-09-11T01:24:00Z,4365.2998046875,4365.2998046875,4361.0,4361.7001953125,147.0,yahoo,GC=F
2026-09-11T01:25:00Z,4361.7998046875,4364.0,4361.39990234375,4364.0,167.0,yahoo,GC=F
2026-09-11T01:26:00Z,4363.7998046875,4369.60009765625,4363.2998046875,4369.0,218.0,yahoo,GC=F
2026-09-11T01:27:00Z,4369.2998046875,4370.7001953125,4368.60009765625,4370.0,97.0,yahoo,GC=F
2026-09-11T01:28:00Z,4370.39990234375,4370.7998046875,4367.7001953125,4368.5,100.0,yahoo,GC=F
2026-09-11T01:29:00Z,4368.89990234375,4369.5,4367.2998046875,4368.7998046875,92.0,yahoo,GC=F
2026-09-11T01:30:00Z,4368.2998046875,4371.5,4368.2998046875,4371.10009765625,105.0,yahoo,GC=F
2026-09-11T01:31:00Z,4371.5,4372.2998046875,4370.7998046875,4371.89990234375,90.0,yahoo,GC=F
2026-09-11T01:32:00Z,4371.7001953125,4371.7001953125,4369.7001953125,4371.2001953125,79.0,yahoo,GC=F
2026-09-11T01:33:00Z,4371.39990234375,4373.39990234375,4370.2998046875,4370.5,108.0,yahoo,GC=F
2026-09-11T01:34:00Z,4370.39990234375,4372.89990234375,4370.2998046875,4372.60009765625,90.0,yahoo,GC=F
2026-09-11T01:35:00Z,4373.0,4375.10009765625,4373.0,4374.5,127.0,yahoo,GC=F
2026-09-11T01:36:00Z,4374.2001953125,4374.60009765625,4371.7998046875,4372.0,42.0,yahoo,GC=F
2026-09-11T01:37:00Z,4372.2001953125,4374.7001953125,4372.2001953125,4373.0,108.0,yahoo,GC=F
2026-09-11T01:38:00Z,4373.2001953125,4374.7001953125,4371.39990234375,4371.7998046875,125.0,yahoo,GC=F
2026-09-11T01:39:00Z,4371.7998046875,4371.7998046875,4369.5,4369.5,105.0,yahoo,GC=F
2026-09-11T01:40:00Z,4369.7998046875,4369.89990234375,4365.39990234375,4365.39990234375,120.0,yahoo,GC=F
2026-09-11T01:41:00Z,4365.5,4365.89990234375,4362.60009765625,4364.2001953125,142.0,yahoo,GC=F
2026-09-11T01:42:00Z,4364.5,4365.2001953125,4363.0,4363.5,189.0,yahoo,GC=F
2026-09-11T01:43:00Z,4363.89990234375,4366.7001953125,4363.2998046875,4365.7998046875,116.0,yahoo,GC=F
2026-09-11T01:44:00Z,4365.7998046875,4366.89990234375,4364.2998046875,4366.89990234375,62.0,yahoo,GC=F
2026-09-11T01:45:00Z,4367.10009765625,4367.10009765625,4364.0,4366.10009765625,100.0,yahoo,GC=F
2026-09-11T01:46:00Z,4365.7001953125,4367.0,4364.39990234375,4365.39990234375,93.0,yahoo,GC=F
2026-09-11T01:47:00Z,4365.2001953125,4366.2001953125,4364.60009765625,4365.10009765625,54.0,yahoo,GC=F
2026-09-11T01:48:00Z,4365.2998046875,4368.2998046875,4364.60009765625,4366.60009765625,102.0,yahoo,GC=F
2026-09-11T01:49:00Z,4366.39990234375,4369.2001953125,4366.39990234375,4369.10009765625,61.0,yahoo,GC=F
2026-09-11T01:50:00Z,4368.7998046875,4368.89990234375,4367.0,4368.7001953125,97.0,yahoo,GC=F
2026-09-11T01:51:00Z,4368.39990234375,4369.10009765625,4366.7001953125,4368.7001953125,41.0,yahoo,GC=F
2026-09-11T01:52:00Z,4368.7998046875,4370.10009765625,4367.7998046875,4368.5,62.0,yahoo,GC=F
2026-09-11T01:53:00Z,4368.60009765625,4368.60009765625,4364.2001953125,4365.2001953125,98.0,yahoo,GC=F
2026-09-11T01:54:00Z,4365.0,4366.2998046875,4364.60009765625,4365.2001953125,44.0,yahoo,GC=F
2026-09-11T01:55:00Z,4365.2001953125,4366.0,4364.5,4364.7001953125,31.0,yahoo,GC=F
2026-09-11T01:56:00Z,4365.10009765625,4367.60009765625,4364.89990234375,4367.60009765625,78.0,yahoo,GC=F
2026-09-11T01:57:00Z,4366.7998046875,4366.7998046875,4363.89990234375,4366.2998046875,63.0,yahoo,GC=F
2026-09-11T01:58:00Z,4365.89990234375,4366.89990234375,4364.7001953125,4366.89990234375,31.0,yahoo,GC=F
2026-09-11T01:59:00Z,4367.0,4369.5,4366.7001953125,4369.10009765625,36.0,yahoo,GC=F
2026-09-11T02:00:00Z,4369.5,4370.60009765625,4369.39990234375,4369.89990234375,62.0,yahoo,GC=F
2026-09-11T02:01:00Z,4369.89990234375,4371.5,4369.89990234375,4371.0,37.0,yahoo,GC=F
2026-09-11T02:02:00Z,4371.39990234375,4371.39990234375,4369.7998046875,4370.0,66.0,yahoo,GC=F
2026-09-11T02:03:00Z,4370.2001953125,4371.39990234375,4369.5,4370.7001953125,238.0,yahoo,GC=F
2026-09-11T02:04:00Z,4370.7001953125,4372.7998046875,4369.89990234375,4372.2998046875,96.0,yahoo,GC=F
2026-09-11T02:05:00Z,4372.60009765625,4373.60009765625,4372.10009765625,4372.2001953125,68.0,yahoo,GC=F
2026-09-11T02:06:00Z,4372.60009765625,4372.7001953125,4369.7001953125,4370.2001953125,230.0,yahoo,GC=F
2026-09-11T02:07:00Z,4370.10009765625,4370.10009765625,4367.7998046875,4368.39990234375,51.0,yahoo,GC=F
2026-09-11T02:08:00Z,4368.39990234375,4371.39990234375,4367.7998046875,4370.60009765625,75.0,yahoo,GC=F
2026-09-11T02:09:00Z,4370.39990234375,4370.7001953125,4369.2998046875,4369.7998046875,20.0,yahoo,GC=F
2026-09-11T02:10:00Z,4369.2998046875,4371.2998046875,4369.2001953125,4370.89990234375,71.0,yahoo,GC=F
2026-09-11T02:11:00Z,4371.0,4371.0,4369.2001953125,4369.60009765625,28.0,yahoo,GC=F
2026-09-11T02:12:00Z,4370.0,4370.2001953125,4368.89990234375,4368.89990234375,18.0,yahoo,GC=F
2026-09-11T02:13:00Z,4369.7001953125,4372.0,4369.2001953125,4372.0,53.0,yahoo,GC=F
2026-09-11T02:14:00Z,4371.7001953125,4371.7001953125,4370.7001953125,4370.7001953125,5.0,yahoo,GC=F
2026-09-11T02:15:00Z,4371.0,4372.5,4369.7998046875,4371.5,65.0,yahoo,GC=F
2026-09-11T02:16:00Z,4371.2998046875,4372.60009765625,4371.2998046875,4372.0,23.0,yahoo,GC=F
2026-09-11T02:17:00Z,4371.60009765625,4373.0,4371.2998046875,4372.60009765625,99.0,yahoo,GC=F
2026-09-11T02:18:00Z,4372.60009765625,4373.5,4372.5,4373.10009765625,91.0,yahoo,GC=F
2026-09-11T02:19:00Z,4373.5,4374.5,4373.2001953125,4373.60009765625,50.0,yahoo,GC=F
2026-09-11T02:20:00Z,4373.60009765625,4373.89990234375,4371.2001953125,4372.0,59.0,yahoo,GC=F
2026-09-11T02:21:00Z,4371.89990234375,4372.2001953125,4370.7001953125,4371.0,14.0,yahoo,GC=F
2026-09-11T02:22:00Z,4370.7998046875,4371.10009765625,4369.89990234375,4370.0,12.0,yahoo,GC=F
2026-09-11T02:23:00Z,4369.60009765625,4369.60009765625,4368.5,4369.39990234375,23.0,yahoo,GC=F
2026-09-11T02:24:00Z,4368.39990234375,4368.5,4367.39990234375,4367.89990234375,22.0,yahoo,GC=F
2026-09-11T02:25:00Z,4367.7998046875,4367.7998046875,4365.5,4365.60009765625,49.0,yahoo,GC=F
2026-09-11T02:26:00Z,4365.60009765625,4366.0,4364.10009765625,4364.2998046875,54.0,yahoo,GC=F
2026-09-11T02:27:00Z,4364.10009765625,4365.5,4363.7001953125,4365.5,44.0,yahoo,GC=F
2026-09-11T02:28:00Z,4365.2998046875,4367.60009765625,4365.2998046875,4366.89990234375,52.0,yahoo,GC=F
2026-09-11T02:29:00Z,4366.5,4366.5,4365.10009765625,4365.2998046875,44.0,yahoo,GC=F
2026-09-11T02:30:00Z,4365.0,4366.39990234375,4362.2998046875,4362.60009765625,190.0,yahoo,GC=F
2026-09-11T02:31:00Z,4362.7001953125,4362.89990234375,4358.5,4358.7998046875,229.0,yahoo,GC=F
2026-09-11T02:32:00Z,4358.10009765625,4360.10009765625,4357.2998046875,4358.60009765625,162.0,yahoo,GC=F
2026-09-11T02:33:00Z,4358.5,4360.7001953125,4358.10009765625,4358.89990234375,73.0,yahoo,GC=F
2026-09-11T02:34:00Z,4358.2998046875,4360.0,4357.2001953125,4359.7001953125,109.0,yahoo,GC=F
2026-09-11T02:35:00Z,4359.0,4359.2998046875,4357.2998046875,4357.2998046875,53.0,yahoo,GC=F
2026-09-11T02:36:00Z,4357.2998046875,4358.10009765625,4356.7998046875,4357.2998046875,50.0,yahoo,GC=F
2026-09-11T02:37:00Z,4357.60009765625,4359.2998046875,4357.2998046875,4357.89990234375,132.0,yahoo,GC=F
2026-09-11T02:38:00Z,4357.7001953125,4362.0,4357.7001953125,4361.7998046875,57.0,yahoo,GC=F
2026-09-11T02:39:00Z,4361.39990234375,4362.89990234375,4360.60009765625,4361.7998046875,84.0,yahoo,GC=F
2026-09-11T02:40:00Z,4362.2001953125,4363.5,4361.7001953125,4363.10009765625,119.0,yahoo,GC=F
2026-09-11T02:41:00Z,4363.7001953125,4365.39990234375,4362.39990234375,4363.7001953125,65.0,yahoo,GC=F
2026-09-11T02:42:00Z,4363.60009765625,4364.39990234375,4360.2998046875,4360.60009765625,80.0,yahoo,GC=F
2026-09-11T02:43:00Z,4360.60009765625,4361.7998046875,4360.10009765625,4361.2001953125,96.0,yahoo,GC=F
2026-09-11T02:44:00Z,4361.39990234375,4361.7998046875,4358.7998046875,4359.2001953125,166.0,yahoo,GC=F
2026-09-11T02:45:00Z,4359.0,4361.5,4357.7998046875,4358.10009765625,227.0,yahoo,GC=F
2026-09-11T02:46:00Z,4358.10009765625,4359.0,4356.5,4357.2998046875,85.0,yahoo,GC=F
2026-09-11T02:47:00Z,4356.89990234375,4359.39990234375,4356.2001953125,4359.10009765625,135.0,yahoo,GC=F
2026-09-11T02:48:00Z,4359.2001953125,4363.89990234375,4358.2001953125,4363.7998046875,195.0,yahoo,GC=F
2026-09-11T02:49:00Z,4363.89990234375,4365.2998046875,4363.60009765625,4364.0,86.0,yahoo,GC=F
2026-09-11T02:50:00Z,4363.89990234375,4367.2001953125,4363.89990234375,4366.0,86.0,yahoo,GC=F
2026-09-11T02:51:00Z,4366.2001953125,4366.60009765625,4364.7001953125,4365.0,55.0,yahoo,GC=F
2026-09-11T02:52:00Z,4364.7998046875,4365.39990234375,4363.7998046875,4364.0,161.0,yahoo,GC=F
2026-09-11T02:53:00Z,4364.7998046875,4365.39990234375,4364.2998046875,4365.39990234375,37.0,yahoo,GC=F
2026-09-11T02:54:00Z,4365.5,4365.5,4362.7001953125,4363.2998046875,36.0,yahoo,GC=F
2026-09-11T02:55:00Z,4362.7001953125,4362.89990234375,4361.5,4362.7001953125,42.0,yahoo,GC=F
2026-09-11T02:56:00Z,4363.2001953125,4363.39990234375,4361.2998046875,4361.7001953125,48.0,yahoo,GC=F
2026-09-11T02:57:00Z,4362.39990234375,4363.2998046875,4362.10009765625,4363.2001953125,57.0,yahoo,GC=F
2026-09-11T02:58:00Z,4363.60009765625,4364.2001953125,4363.39990234375,4364.0,71.0,yahoo,GC=F
2026-09-11T02:59:00Z,4364.0,4364.2001953125,4363.0,4363.2001953125,44.0,yahoo,GC=F
2026-09-11T03:00:00Z,4362.7001953125,4364.2998046875,4362.39990234375,4364.10009765625,32.0,yahoo,GC=F
2026-09-11T03:01:00Z,4363.89990234375,4365.7001953125,4363.7001953125,4365.2998046875,52.0,yahoo,GC=F
2026-09-11T03:02:00Z,4365.60009765625,4366.7998046875,4365.60009765625,4365.7001953125,12.0,yahoo,GC=F
2026-09-11T03:03:00Z,4365.60009765625,4365.7001953125,4364.2998046875,4365.2001953125,16.0,yahoo,GC=F
2026-09-11T03:04:00Z,4364.2998046875,4364.7998046875,4362.5,4362.5,28.0,yahoo,GC=F
2026-09-11T03:05:00Z,4362.10009765625,4363.60009765625,4361.10009765625,4361.60009765625,69.0,yahoo,GC=F
2026-09-11T03:06:00Z,4361.5,4361.89990234375,4358.60009765625,4359.0,83.0,yahoo,GC=F
2026-09-11T03:07:00Z,4359.60009765625,4359.60009765625,4355.2001953125,4356.10009765625,135.0,yahoo,GC=F
2026-09-11T03:08:00Z,4356.2001953125,4358.7998046875,4356.2001953125,4358.10009765625,184.0,yahoo,GC=F
2026-09-11T03:09:00Z,4358.2998046875,4359.0,4357.2001953125,4358.2998046875,103.0,yahoo,GC=F
2026-09-11T03:10:00Z,4358.2001953125,4359.7998046875,4357.60009765625,4357.7998046875,88.0,yahoo,GC=F
2026-09-11T03:11:00Z,4358.0,4358.0,4354.5,4355.5,171.0,yahoo,GC=F
2026-09-11T03:12:00Z,4355.39990234375,4357.2001953125,4354.7001953125,4357.2001953125,157.0,yahoo,GC=F
2026-09-11T03:13:00Z,4357.60009765625,4359.39990234375,4357.60009765625,4358.7998046875,73.0,yahoo,GC=F
2026-09-11T03:14:00Z,4359.2001953125,4360.2998046875,4358.89990234375,4360.10009765625,73.0,yahoo,GC=F
2026-09-11T03:15:00Z,4359.7001953125,4360.60009765625,4358.60009765625,4360.2998046875,52.0,yahoo,GC=F
2026-09-11T03:16:00Z,4360.39990234375,4362.0,4360.39990234375,4360.39990234375,73.0,yahoo,GC=F
2026-09-11T03:17:00Z,4360.2001953125,4360.2001953125,4358.2998046875,4358.5,131.0,yahoo,GC=F
2026-09-11T03:18:00Z,4358.2998046875,4358.5,4357.5,4358.10009765625,25.0,yahoo,GC=F
2026-09-11T03:19:00Z,4357.5,4357.7998046875,4354.7001953125,4355.0,49.0,yahoo,GC=F
2026-09-11T03:20:00Z,4355.10009765625,4356.2998046875,4354.2998046875,4356.2001953125,42.0,yahoo,GC=F
2026-09-11T03:21:00Z,4355.89990234375,4355.89990234375,4349.5,4350.0,428.0,yahoo,GC=F
2026-09-11T03:22:00Z,4349.7001953125,4350.7001953125,4345.7001953125,4345.89990234375,281.0,yahoo,GC=F
2026-09-11T03:23:00Z,4345.7998046875,4347.5,4344.39990234375,4347.0,230.0,yahoo,GC=F
2026-09-11T03:24:00Z,4346.89990234375,4349.7001953125,4346.0,4347.60009765625,198.0,yahoo,GC=F
2026-09-11T03:25:00Z,4347.39990234375,4348.89990234375,4345.2001953125,4348.60009765625,182.0,yahoo,GC=F
2026-09-11T03:26:00Z,4349.0,4349.2998046875,4347.5,4349.2998046875,30.0,yahoo,GC=F
2026-09-11T03:27:00Z,4349.2998046875,4350.10009765625,4348.7998046875,4349.7998046875,94.0,yahoo,GC=F
2026-09-11T03:28:00Z,4349.89990234375,4351.10009765625,4349.10009765625,4349.2998046875,70.0,yahoo,GC=F
2026-09-11T03:29:00Z,4349.39990234375,4351.2001953125,4349.39990234375,4350.10009765625,56.0,yahoo,GC=F
2026-09-11T03:30:00Z,4350.10009765625,4351.7998046875,4349.2001953125,4350.2001953125,64.0,yahoo,GC=F
2026-09-11T03:31:00Z,4350.0,4350.0,4346.7001953125,4349.5,95.0,yahoo,GC=F
2026-09-11T03:32:00Z,4349.7001953125,4349.7001953125,4348.7001953125,4349.2001953125,77.0,yahoo,GC=F
2026-09-11T03:33:00Z,4349.39990234375,4349.60009765625,4347.2998046875,4348.39990234375,19.0,yahoo,GC=F
2026-09-11T03:34:00Z,4348.0,4350.0,4348.0,4349.10009765625,37.0,yahoo,GC=F
2026-09-11T03:35:00Z,4349.2998046875,4349.7001953125,4348.0,4348.39990234375,47.0,yahoo,GC=F
2026-09-11T03:36:00Z,4348.2001953125,4349.5,4348.10009765625,4348.39990234375,57.0,yahoo,GC=F
2026-09-11T03:37:00Z,4348.7998046875,4350.7001953125,4347.10009765625,4349.10009765625,143.0,yahoo,GC=F
2026-09-11T03:38:00Z,4349.39990234375,4351.2998046875,4349.0,4350.0,34.0,yahoo,GC=F
2026-09-11T03:39:00Z,4350.5,4351.2998046875,4349.39990234375,4349.5,76.0,yahoo,GC=F
2026-09-11T03:40:00Z,4349.2998046875,4350.2998046875,4348.7998046875,4349.7001953125,86.0,yahoo,GC=F
2026-09-11T03:41:00Z,4350.0,4350.7998046875,4349.5,4349.5,35.0,yahoo,GC=F
2026-09-11T03:42:00Z,4349.7998046875,4352.7998046875,4349.7998046875,4352.7998046875,89.0,yahoo,GC=F
2026-09-11T03:43:00Z,4352.60009765625,4353.2001953125,4351.10009765625,4351.10009765625,140.0,yahoo,GC=F
2026-09-11T03:44:00Z,4350.7001953125,4350.7001953125,4347.5,4348.7998046875,75.0,yahoo,GC=F
2026-09-11T03:45:00Z,4348.7998046875,4349.0,4344.7998046875,4345.39990234375,84.0,yahoo,GC=F
2026-09-11T03:46:00Z,4345.0,4345.7998046875,4343.7001953125,4344.0,88.0,yahoo,GC=F
2026-09-11T03:47:00Z,4344.0,4345.7998046875,4343.5,4343.60009765625,91.0,yahoo,GC=F
2026-09-11T03:48:00Z,4343.7998046875,4344.89990234375,4343.7998046875,4344.2001953125,41.0,yahoo,GC=F
2026-09-11T03:49:00Z,4344.10009765625,4344.60009765625,4342.7001953125,4343.5,88.0,yahoo,GC=F
2026-09-11T03:50:00Z,4343.7998046875,4344.10009765625,4341.39990234375,4344.0,164.0,yahoo,GC=F
2026-09-11T03:51:00Z,4343.7001953125,4344.2001953125,4342.5,4343.7998046875,57.0,yahoo,GC=F
2026-09-11T03:52:00Z,4343.5,4343.7001953125,4341.60009765625,4342.60009765625,24.0,yahoo,GC=F
2026-09-11T03:53:00Z,4342.60009765625,4344.10009765625,4342.60009765625,4343.39990234375,143.0,yahoo,GC=F
2026-09-11T03:54:00Z,4343.39990234375,4344.89990234375,4341.7001953125,4344.5,196.0,yahoo,GC=F
2026-09-11T03:55:00Z,4344.7001953125,4346.10009765625,4344.0,4345.89990234375,138.0,yahoo,GC=F
2026-09-11T03:56:00Z,4345.89990234375,4347.7001953125,4345.89990234375,4347.10009765625,167.0,yahoo,GC=F
2026-09-11T03:57:00Z,4347.10009765625,4347.5,4346.0,4346.0,76.0,yahoo,GC=F
2026-09-11T03:58:00Z,4346.2001953125,4346.5,4344.7998046875,4345.0,177.0,yahoo,GC=F
2026-09-11T04:00:00Z,4344.2001953125,4345.0,4342.39990234375,4343.5,50.0,yahoo,GC=F
2026-09-11T04:01:00Z,4344.10009765625,4346.10009765625,4343.10009765625,4343.7998046875,219.0,yahoo,GC=F
2026-09-11T04:02:00Z,4343.60009765625,4344.2998046875,4342.7998046875,4343.60009765625,74.0,yahoo,GC=F
2026-09-11T04:03:00Z,4343.2998046875,4346.2001953125,4343.2998046875,4346.2001953125,37.0,yahoo,GC=F
2026-09-11T04:04:00Z,4346.39990234375,4349.7001953125,4346.39990234375,4349.2998046875,108.0,yahoo,GC=F
2026-09-11T04:05:00Z,4349.5,4350.7998046875,4349.2001953125,4350.2998046875,45.0,yahoo,GC=F
2026-09-11T04:06:00Z,4350.7998046875,4351.7001953125,4350.7001953125,4351.7001953125,22.0,yahoo,GC=F
2026-09-11T04:07:00Z,4352.0,4354.39990234375,4352.0,4354.2998046875,196.0,yahoo,GC=F
2026-09-11T04:08:00Z,4354.2998046875,4358.10009765625,4354.2001953125,4357.89990234375,98.0,yahoo,GC=F
2026-09-11T04:09:00Z,4358.2001953125,4359.0,4356.89990234375,4358.7001953125,208.0,yahoo,GC=F
2026-09-11T04:10:00Z,4358.7001953125,4364.2998046875,4358.60009765625,4363.0,319.0,yahoo,GC=F
2026-09-11T04:11:00Z,4362.60009765625,4362.7001953125,4359.2001953125,4359.7998046875,205.0,yahoo,GC=F
2026-09-11T04:12:00Z,4359.89990234375,4363.2001953125,4359.7001953125,4362.39990234375,177.0,yahoo,GC=F
2026-09-11T04:13:00Z,4362.2998046875,4365.60009765625,4362.2998046875,4364.89990234375,187.0,yahoo,GC=F
2026-09-11T04:14:00Z,4364.60009765625,4365.60009765625,4360.89990234375,4362.0,198.0,yahoo,GC=F
2026-09-11T04:15:00Z,4362.10009765625,4362.39990234375,4361.0,4361.5,106.0,yahoo,GC=F
2026-09-11T04:16:00Z,4361.60009765625,4362.0,4360.2998046875,4360.2998046875,58.0,yahoo,GC=F
2026-09-11T04:17:00Z,4360.2998046875,4361.0,4360.0,4360.7001953125,70.0,yahoo,GC=F
2026-09-11T04:18:00Z,4360.7001953125,4362.5,4360.2001953125,4361.0,76.0,yahoo,GC=F
2026-09-11T04:19:00Z,4361.0,4361.89990234375,4360.7998046875,4361.39990234375,26.0,yahoo,GC=F
2026-09-11T04:20:00Z,4361.39990234375,4364.5,4361.2998046875,4364.2998046875,110.0,yahoo,GC=F
2026-09-11T04:21:00Z,4364.10009765625,4366.39990234375,4364.10009765625,4365.89990234375,115.0,yahoo,GC=F
2026-09-11T04:22:00Z,4365.7001953125,4366.2001953125,4365.0,4365.2001953125,37.0,yahoo,GC=F
2026-09-11T04:23:00Z,4365.2998046875,4366.89990234375,4365.2998046875,4366.89990234375,76.0,yahoo,GC=F
2026-09-11T04:24:00Z,4366.89990234375,4367.7001953125,4366.7998046875,4367.60009765625,32.0,yahoo,GC=F
2026-09-11T04:25:00Z,4367.7998046875,4368.39990234375,4367.5,4367.89990234375,32.0,yahoo,GC=F
2026-09-11T04:26:00Z,4367.60009765625,4368.7998046875,4366.2998046875,4368.7998046875,58.0,yahoo,GC=F
2026-09-11T04:27:00Z,4368.89990234375,4369.5,4367.39990234375,4368.2998046875,64.0,yahoo,GC=F
2026-09-11T04:28:00Z,4368.5,4369.0,4368.10009765625,4369.0,23.0,yahoo,GC=F
2026-09-11T04:29:00Z,4369.2001953125,4369.7998046875,4368.7001953125,4369.10009765625,46.0,yahoo,GC=F
2026-09-11T04:30:00Z,4369.2001953125,4370.60009765625,4369.10009765625,4370.2001953125,95.0,yahoo,GC=F
2026-09-11T04:31:00Z,4370.10009765625,4370.2001953125,4368.60009765625,4369.60009765625,36.0,yahoo,GC=F
2026-09-11T04:32:00Z,4369.39990234375,4370.89990234375,4368.7001953125,4370.7001953125,72.0,yahoo,GC=F
2026-09-11T04:33:00Z,4370.60009765625,4370.60009765625,4368.39990234375,4368.39990234375,28.0,yahoo,GC=F
2026-09-11T04:34:00Z,4368.89990234375,4369.0,4367.0,4367.2001953125,106.0,yahoo,GC=F
2026-09-11T04:35:00Z,4366.89990234375,4366.89990234375,4366.0,4366.5,65.0,yahoo,GC=F
2026-09-11T04:36:00Z,4366.7001953125,4367.39990234375,4366.2998046875,4367.10009765625,39.0,yahoo,GC=F
2026-09-11T04:37:00Z,4367.0,4368.2998046875,4366.5,4367.60009765625,56.0,yahoo,GC=F
2026-09-11T04:38:00Z,4367.60009765625,4368.7998046875,4367.2001953125,4367.60009765625,56.0,yahoo,GC=F
2026-09-11T04:39:00Z,4367.60009765625,4369.0,4367.60009765625,4368.5,65.0,yahoo,GC=F
2026-09-11T04:40:00Z,4368.2998046875,4369.60009765625,4367.7001953125,4368.10009765625,173.0,yahoo,GC=F
2026-09-11T04:41:00Z,4368.2001953125,4370.60009765625,4368.2001953125,4369.5,90.0,yahoo,GC=F
2026-09-11T04:42:00Z,4369.5,4372.7998046875,4369.5,4372.5,103.0,yahoo,GC=F
2026-09-11T04:43:00Z,4372.0,4372.2998046875,4369.89990234375,4371.7998046875,260.0,yahoo,GC=F
2026-09-11T04:44:00Z,4372.0,4373.10009765625,4370.0,4370.60009765625,155.0,yahoo,GC=F
2026-09-11T04:45:00Z,4370.7998046875,4372.0,4370.10009765625,4370.39990234375,61.0,yahoo,GC=F
2026-09-11T04:46:00Z,4370.7001953125,4373.0,4370.2001953125,4372.10009765625,96.0,yahoo,GC=F
2026-09-11T04:47:00Z,4372.2001953125,4372.7998046875,4370.2998046875,4370.2998046875,62.0,yahoo,GC=F
2026-09-11T04:48:00Z,4370.2001953125,4371.0,4369.39990234375,4369.89990234375,30.0,yahoo,GC=F
2026-09-11T04:49:00Z,4369.39990234375,4371.2001953125,4369.39990234375,4370.89990234375,24.0,yahoo,GC=F
2026-09-11T04:50:00Z,4371.0,4373.5,4370.89990234375,4373.2998046875,73.0,yahoo,GC=F
2026-09-11T04:51:00Z,4373.5,4375.60009765625,4372.7998046875,4374.5,70.0,yahoo,GC=F
2026-09-11T04:52:00Z,4373.60009765625,4374.10009765625,4372.2998046875,4372.7001953125,21.0,yahoo,GC=F
2026-09-11T04:53:00Z,4372.5,4374.39990234375,4371.2001953125,4373.5,137.0,yahoo,GC=F
2026-09-11T04:54:00Z,4373.2998046875,4375.39990234375,4372.2001953125,4375.2001953125,161.0,yahoo,GC=F
2026-09-11T04:55:00Z,4375.2001953125,4375.60009765625,4374.60009765625,4375.2001953125,57.0,yahoo,GC=F
2026-09-11T04:56:00Z,4375.2001953125,4375.2001953125,4374.10009765625,4374.10009765625,42.0,yahoo,GC=F
2026-09-11T04:57:00Z,4374.2998046875,4375.10009765625,4374.0,4374.2001953125,34.0,yahoo,GC=F
2026-09-11T04:58:00Z,4374.2001953125,4374.89990234375,4373.2001953125,4374.0,57.0,yahoo,GC=F
2026-09-11T04:59:00Z,4373.60009765625,4373.7998046875,4371.89990234375,4372.10009765625,41.0,yahoo,GC=F
2026-09-11T05:00:00Z,4372.39990234375,4372.5,4369.10009765625,4369.5,155.0,yahoo,GC=F
2026-09-11T05:01:00Z,4369.60009765625,4370.7998046875,4369.0,4369.39990234375,100.0,yahoo,GC=F
2026-09-11T05:02:00Z,4369.7001953125,4369.7001953125,4368.89990234375,4369.7001953125,26.0,yahoo,GC=F
2026-09-11T05:03:00Z,4370.0,4371.2001953125,4369.89990234375,4370.2998046875,46.0,yahoo,GC=F
2026-09-11T05:04:00Z,4370.10009765625,4371.0,4370.0,4370.10009765625,29.0,yahoo,GC=F
2026-09-11T05:05:00Z,4369.7998046875,4373.10009765625,4369.5,4371.2998046875,84.0,yahoo,GC=F
2026-09-11T05:06:00Z,4371.39990234375,4373.10009765625,4371.2001953125,4372.7001953125,66.0,yahoo,GC=F
2026-09-11T05:07:00Z,4372.89990234375,4375.0,4371.89990234375,4372.5,102.0,yahoo,GC=F
2026-09-11T05:08:00Z,4372.2001953125,4372.39990234375,4370.2001953125,4370.7001953125,48.0,yahoo,GC=F
2026-09-11T05:09:00Z,4371.0,4375.89990234375,4370.7998046875,4375.39990234375,130.0,yahoo,GC=F
2026-09-11T05:10:00Z,4375.39990234375,4375.60009765625,4373.7001953125,4374.2001953125,79.0,yahoo,GC=F
2026-09-11T05:11:00Z,4374.2001953125,4375.7001953125,4373.0,4375.60009765625,66.0,yahoo,GC=F
2026-09-11T05:12:00Z,4375.7998046875,4377.0,4374.60009765625,4376.10009765625,104.0,yahoo,GC=F
2026-09-11T05:13:00Z,4375.60009765625,4376.0,4374.7001953125,4375.7998046875,19.0,yahoo,GC=F
2026-09-11T05:14:00Z,4375.7001953125,4378.7001953125,4375.39990234375,4378.7001953125,59.0,yahoo,GC=F
2026-09-11T05:15:00Z,4378.60009765625,4379.0,4377.7001953125,4378.7001953125,49.0,yahoo,GC=F
2026-09-11T05:16:00Z,4378.2001953125,4378.7998046875,4376.7998046875,4376.7998046875,108.0,yahoo,GC=F
2026-09-11T05:17:00Z,4376.7001953125,4376.7001953125,4375.5,4375.5,23.0,yahoo,GC=F
2026-09-11T05:18:00Z,4375.7998046875,4379.2001953125,4375.7998046875,4379.2001953125,74.0,yahoo,GC=F
2026-09-11T05:19:00Z,4379.5,4379.89990234375,4378.7998046875,4378.7998046875,59.0,yahoo,GC=F
2026-09-11T05:20:00Z,4378.7998046875,4379.89990234375,4377.2001953125,4377.39990234375,48.0,yahoo,GC=F
2026-09-11T05:21:00Z,4376.89990234375,4377.2001953125,4375.89990234375,4376.7998046875,24.0,yahoo,GC=F
2026-09-11T05:22:00Z,4376.89990234375,4377.39990234375,4376.7001953125,4377.39990234375,21.0,yahoo,GC=F
2026-09-11T05:23:00Z,4377.39990234375,4378.0,4377.39990234375,4377.89990234375,22.0,yahoo,GC=F
2026-09-11T05:24:00Z,4378.0,4378.0,4376.60009765625,4377.39990234375,22.0,yahoo,GC=F
2026-09-11T05:25:00Z,4376.89990234375,4377.0,4375.0,4375.10009765625,61.0,yahoo,GC=F
2026-09-11T05:26:00Z,4375.0,4375.39990234375,4373.89990234375,4375.2001953125,50.0,yahoo,GC=F
2026-09-11T05:27:00Z,4375.2001953125,4375.5,4374.7001953125,4375.5,21.0,yahoo,GC=F
2026-09-11T05:28:00Z,4375.10009765625,4375.10009765625,4374.0,4374.39990234375,36.0,yahoo,GC=F
2026-09-11T05:29:00Z,4374.60009765625,4375.5,4374.60009765625,4375.5,21.0,yahoo,GC=F
2026-09-11T05:30:00Z,4375.7001953125,4379.0,4374.10009765625,4378.5,414.0,yahoo,GC=F
2026-09-11T05:31:00Z,4378.5,4380.5,4377.2001953125,4378.89990234375,67.0,yahoo,GC=F
2026-09-11T05:32:00Z,4380.10009765625,4380.5,4377.2001953125,4377.7998046875,136.0,yahoo,GC=F
2026-09-11T05:33:00Z,4377.2998046875,4379.0,4375.39990234375,4377.89990234375,114.0,yahoo,GC=F
2026-09-11T05:34:00Z,4378.2998046875,4381.5,4378.2998046875,4378.7998046875,122.0,yahoo,GC=F
2026-09-11T05:35:00Z,4378.60009765625,4380.0,4378.60009765625,4379.2998046875,123.0,yahoo,GC=F
2026-09-11T05:36:00Z,4379.5,4379.5,4376.7001953125,4378.7001953125,121.0,yahoo,GC=F
2026-09-11T05:37:00Z,4379.10009765625,4380.60009765625,4378.89990234375,4378.89990234375,54.0,yahoo,GC=F
2026-09-11T05:38:00Z,4379.2998046875,4380.10009765625,4377.2998046875,4377.2998046875,34.0,yahoo,GC=F
2026-09-11T05:39:00Z,4377.7998046875,4379.89990234375,4377.5,4379.2998046875,35.0,yahoo,GC=F
2026-09-11T05:40:00Z,4378.89990234375,4379.2001953125,4375.7998046875,4375.7998046875,88.0,yahoo,GC=F
2026-09-11T05:41:00Z,4375.89990234375,4376.39990234375,4374.7001953125,4376.0,146.0,yahoo,GC=F
2026-09-11T05:42:00Z,4376.2001953125,4379.7998046875,4376.2001953125,4379.7998046875,85.0,yahoo,GC=F
2026-09-11T05:43:00Z,4379.60009765625,4381.7001953125,4379.10009765625,4381.39990234375,75.0,yahoo,GC=F
2026-09-11T05:44:00Z,4380.89990234375,4383.5,4380.89990234375,4383.2001953125,145.0,yahoo,GC=F
2026-09-11T05:45:00Z,4383.0,4384.0,4380.10009765625,4382.2001953125,117.0,yahoo,GC=F
2026-09-11T05:46:00Z,4382.0,4386.0,4382.0,4385.7998046875,163.0,yahoo,GC=F
2026-09-11T05:47:00Z,4385.7998046875,4387.39990234375,4384.2001953125,4386.0,141.0,yahoo,GC=F
2026-09-11T05:48:00Z,4386.5,4387.0,4384.5,4384.5,52.0,yahoo,GC=F
2026-09-11T05:49:00Z,4384.7001953125,4386.2001953125,4384.5,4385.5,103.0,yahoo,GC=F
2026-09-11T05:50:00Z,4385.0,4385.0,4383.39990234375,4384.60009765625,32.0,yahoo,GC=F
2026-09-11T05:51:00Z,4385.0,4386.2998046875,4384.5,4386.2998046875,93.0,yahoo,GC=F
2026-09-11T05:52:00Z,4386.5,4387.0,4384.89990234375,4386.2998046875,71.0,yahoo,GC=F
2026-09-11T05:53:00Z,4386.39990234375,4388.2998046875,4384.2001953125,4384.89990234375,105.0,yahoo,GC=F
2026-09-11T05:54:00Z,4384.7998046875,4388.2998046875,4384.7998046875,4388.10009765625,52.0,yahoo,GC=F
2026-09-11T05:55:00Z,4388.2998046875,4391.2001953125,4387.89990234375,4390.7998046875,143.0,yahoo,GC=F
2026-09-11T05:56:00Z,4391.2001953125,4392.5,4389.2001953125,4389.39990234375,178.0,yahoo,GC=F
2026-09-11T05:57:00Z,4389.60009765625,4390.0,4387.7998046875,4389.7001953125,144.0,yahoo,GC=F
2026-09-11T05:58:00Z,4389.7001953125,4389.7001953125,4386.89990234375,4386.89990234375,82.0,yahoo,GC=F
2026-09-11T05:59:00Z,4386.5,4387.2998046875,4386.10009765625,4386.60009765625,110.0,yahoo,GC=F
2026-09-11T06:00:00Z,4386.7998046875,4390.0,4386.2998046875,4389.89990234375,183.0,yahoo,GC=F
2026-09-11T06:01:00Z,4390.0,4391.5,4389.39990234375,4390.60009765625,112.0,yahoo,GC=F
2026-09-11T06:02:00Z,4390.7001953125,4397.0,4390.7001953125,4394.7001953125,489.0,yahoo,GC=F
2026-09-11T06:03:00Z,4394.2998046875,4395.2998046875,4393.7001953125,4393.7001953125,132.0,yahoo,GC=F
2026-09-11T06:04:00Z,4394.10009765625,4394.60009765625,4392.7001953125,4394.39990234375,145.0,yahoo,GC=F
2026-09-11T06:05:00Z,4394.5,4396.10009765625,4392.5,4392.7001953125,139.0,yahoo,GC=F
2026-09-11T06:06:00Z,4393.10009765625,4395.60009765625,4392.5,4395.2998046875,149.0,yahoo,GC=F
2026-09-11T06:07:00Z,4395.60009765625,4398.5,4395.60009765625,4398.2001953125,94.0,yahoo,GC=F
2026-09-11T06:08:00Z,4398.2001953125,4400.0,4398.2001953125,4398.60009765625,215.0,yahoo,GC=F
2026-09-11T06:09:00Z,4398.39990234375,4398.7001953125,4396.39990234375,4396.39990234375,90.0,yahoo,GC=F
2026-09-11T06:10:00Z,4396.7001953125,4397.10009765625,4395.2001953125,4395.2998046875,85.0,yahoo,GC=F
2026-09-11T06:11:00Z,4395.7998046875,4397.5,4395.39990234375,4396.2998046875,66.0,yahoo,GC=F
2026-09-11T06:12:00Z,4396.10009765625,4398.60009765625,4395.10009765625,4396.39990234375,75.0,yahoo,GC=F
2026-09-11T06:13:00Z,4395.89990234375,4400.2998046875,4395.89990234375,4399.2001953125,123.0,yahoo,GC=F
2026-09-11T06:14:00Z,4399.10009765625,4402.0,4398.60009765625,4399.89990234375,218.0,yahoo,GC=F
2026-09-11T06:15:00Z,4399.7001953125,4401.2001953125,4399.5,4400.39990234375,96.0,yahoo,GC=F
2026-09-11T06:16:00Z,4400.39990234375,4400.89990234375,4398.7001953125,4399.10009765625,87.0,yahoo,GC=F
2026-09-11T06:17:00Z,4398.7001953125,4399.39990234375,4397.39990234375,4398.5,102.0,yahoo,GC=F
2026-09-11T06:18:00Z,4398.7001953125,4398.89990234375,4397.2998046875,4397.2998046875,48.0,yahoo,GC=F
2026-09-11T06:19:00Z,4397.5,4399.60009765625,4397.2001953125,4399.60009765625,44.0,yahoo,GC=F
2026-09-11T06:20:00Z,4399.7998046875,4399.7998046875,4398.0,4398.0,49.0,yahoo,GC=F
2026-09-11T06:21:00Z,4398.10009765625,4398.2001953125,4394.89990234375,4395.89990234375,164.0,yahoo,GC=F
2026-09-11T06:22:00Z,4396.0,4396.39990234375,4394.2001953125,4394.5,139.0,yahoo,GC=F
2026-09-11T06:23:00Z,4394.60009765625,4395.7998046875,4393.7001953125,4394.2001953125,84.0,yahoo,GC=F
2026-09-11T06:24:00Z,4394.39990234375,4395.0,4393.5,4393.5,92.0,yahoo,GC=F
2026-09-11T06:25:00Z,4393.7001953125,4394.0,4393.0,4393.2998046875,71.0,yahoo,GC=F
2026-09-11T06:26:00Z,4393.39990234375,4393.5,4392.2001953125,4392.39990234375,118.0,yahoo,GC=F
2026-09-11T06:27:00Z,4393.2001953125,4394.7001953125,4392.7998046875,4392.7998046875,58.0,yahoo,GC=F
2026-09-11T06:28:00Z,4392.5,4393.5,4392.0,4392.7001953125,109.0,yahoo,GC=F
2026-09-11T06:29:00Z,4392.89990234375,4393.89990234375,4392.5,4392.89990234375,60.0,yahoo,GC=F
2026-09-11T06:30:00Z,4392.2998046875,4393.5,4390.60009765625,4391.7001953125,321.0,yahoo,GC=F
2026-09-11T06:31:00Z,4392.0,4393.2001953125,4391.89990234375,4392.7001953125,108.0,yahoo,GC=F
2026-09-11T06:32:00Z,4392.10009765625,4393.0,4391.10009765625,4391.39990234375,39.0,yahoo,GC=F
2026-09-11T06:33:00Z,4391.39990234375,4391.39990234375,4388.60009765625,4388.7998046875,111.0,yahoo,GC=F
2026-09-11T06:34:00Z,4388.60009765625,4388.7001953125,4387.89990234375,4388.0,118.0,yahoo,GC=F
2026-09-11T06:35:00Z,4388.0,4390.2001953125,4388.0,4389.89990234375,61.0,yahoo,GC=F
2026-09-11T06:36:00Z,4390.2001953125,4392.0,4390.0,4391.89990234375,73.0,yahoo,GC=F
2026-09-11T06:37:00Z,4392.0,4393.0,4390.2001953125,4390.7998046875,86.0,yahoo,GC=F
2026-09-11T06:38:00Z,4390.89990234375,4392.89990234375,4390.89990234375,4392.5,44.0,yahoo,GC=F
2026-09-11T06:39:00Z,4392.60009765625,4393.7998046875,4392.5,4393.0,51.0,yahoo,GC=F
2026-09-11T06:40:00Z,4393.2998046875,4394.2998046875,4392.7998046875,4393.2998046875,127.0,yahoo,GC=F
2026-09-11T06:41:00Z,4393.5,4394.89990234375,4393.2001953125,4394.7001953125,95.0,yahoo,GC=F
2026-09-11T06:42:00Z,4394.7001953125,4394.7001953125,4391.2998046875,4391.2998046875,113.0,yahoo,GC=F
2026-09-11T06:43:00Z,4391.39990234375,4392.2001953125,4390.2001953125,4391.2001953125,150.0,yahoo,GC=F
2026-09-11T06:44:00Z,4390.7001953125,4391.7001953125,4390.39990234375,4391.7001953125,25.0,yahoo,GC=F
2026-09-11T06:45:00Z,4391.7998046875,4392.89990234375,4390.60009765625,4391.2001953125,125.0,yahoo,GC=F
2026-09-11T06:46:00Z,4391.5,4392.60009765625,4391.2001953125,4392.5,69.0,yahoo,GC=F
2026-09-11T06:47:00Z,4392.39990234375,4394.2001953125,4392.0,4394.2001953125,62.0,yahoo,GC=F
2026-09-11T06:48:00Z,4394.0,4396.10009765625,4394.0,4394.7001953125,79.0,yahoo,GC=F
2026-09-11T06:49:00Z,4394.7998046875,4395.2998046875,4392.89990234375,4393.0,41.0,yahoo,GC=F
2026-09-11T06:50:00Z,4392.0,4393.0,4392.0,4392.10009765625,41.0,yahoo,GC=F
2026-09-11T06:51:00Z,4392.10009765625,4392.10009765625,4391.0,4391.89990234375,39.0,yahoo,GC=F
2026-09-11T06:52:00Z,4390.7998046875,4392.10009765625,4390.5,4392.0,42.0,yahoo,GC=F
2026-09-11T06:53:00Z,4392.2001953125,4393.0,4391.39990234375,4392.89990234375,35.0,yahoo,GC=F
2026-09-11T06:54:00Z,4392.89990234375,4393.89990234375,4392.7001953125,4393.89990234375,50.0,yahoo,GC=F
2026-09-11T06:55:00Z,4394.39990234375,4394.5,4392.5,4392.5,50.0,yahoo,GC=F
2026-09-11T06:56:00Z,4392.5,4392.89990234375,4391.89990234375,4392.2998046875,54.0,yahoo,GC=F
2026-09-11T06:57:00Z,4392.39990234375,4394.2001953125,4392.39990234375,4393.39990234375,45.0,yahoo,GC=F
2026-09-11T06:58:00Z,4393.60009765625,4393.60009765625,4393.0,4393.39990234375,18.0,yahoo,GC=F
2026-09-11T06:59:00Z,4393.5,4394.89990234375,4393.39990234375,4394.7998046875,26.0,yahoo,GC=F
2026-09-11T07:00:00Z,4394.2001953125,4397.2998046875,4393.10009765625,4397.0,115.0,yahoo,GC=F
2026-09-11T07:01:00Z,4396.89990234375,4397.2001953125,4394.89990234375,4394.89990234375,98.0,yahoo,GC=F
2026-09-11T07:02:00Z,4394.7998046875,4395.39990234375,4393.7998046875,4394.2001953125,138.0,yahoo,GC=F
2026-09-11T07:03:00Z,4394.39990234375,4395.0,4394.10009765625,4394.2001953125,22.0,yahoo,GC=F
2026-09-11T07:04:00Z,4394.7001953125,4396.0,4393.7998046875,4396.0,36.0,yahoo,GC=F
2026-09-11T07:05:00Z,4396.10009765625,4397.2001953125,4395.10009765625,4396.5,106.0,yahoo,GC=F
2026-09-11T07:06:00Z,4396.39990234375,4396.7998046875,4394.5,4394.5,38.0,yahoo,GC=F
2026-09-11T07:07:00Z,4394.60009765625,4394.7001953125,4393.5,4394.60009765625,32.0,yahoo,GC=F
2026-09-11T07:08:00Z,4394.39990234375,4394.39990234375,4391.7001953125,4392.0,43.0,yahoo,GC=F
2026-09-11T07:09:00Z,4391.89990234375,4392.39990234375,4390.89990234375,4391.7001953125,82.0,yahoo,GC=F
2026-09-11T07:10:00Z,4392.0,4395.10009765625,4391.60009765625,4394.89990234375,46.0,yahoo,GC=F
2026-09-11T07:11:00Z,4394.89990234375,4395.2998046875,4394.2998046875,4395.2001953125,28.0,yahoo,GC=F
2026-09-11T07:12:00Z,4395.10009765625,4395.39990234375,4394.0,4395.2998046875,22.0,yahoo,GC=F
2026-09-11T07:13:00Z,4395.5,4396.5,4393.39990234375,4393.7001953125,70.0,yahoo,GC=F
2026-09-11T07:14:00Z,4393.7001953125,4394.2998046875,4392.7998046875,4392.7998046875,23.0,yahoo,GC=F
2026-09-11T07:15:00Z,4393.2998046875,4393.2998046875,4392.0,4392.39990234375,28.0,yahoo,GC=F
2026-09-11T07:16:00Z,4392.39990234375,4393.0,4391.2998046875,4392.10009765625,41.0,yahoo,GC=F
2026-09-11T07:17:00Z,4392.0,4393.5,4391.7001953125,4393.0,27.0,yahoo,GC=F
2026-09-11T07:18:00Z,4393.0,4393.2998046875,4391.60009765625,4392.10009765625,165.0,yahoo,GC=F
2026-09-11T07:19:00Z,4392.60009765625,4393.0,4391.2998046875,4391.89990234375,43.0,yahoo,GC=F
2026-09-11T07:20:00Z,4392.0,4392.2001953125,4390.60009765625,4391.39990234375,41.0,yahoo,GC=F
2026-09-11T07:21:00Z,4392.39990234375,4392.7001953125,4391.7001953125,4391.7001953125,32.0,yahoo,GC=F
2026-09-11T07:22:00Z,4391.7001953125,4391.7998046875,4389.5,4389.7998046875,33.0,yahoo,GC=F
2026-09-11T07:23:00Z,4389.39990234375,4391.7998046875,4388.7998046875,4391.7998046875,81.0,yahoo,GC=F
2026-09-11T07:24:00Z,4392.10009765625,4393.2998046875,4390.60009765625,4390.89990234375,82.0,yahoo,GC=F
2026-09-11T07:25:00Z,4391.10009765625,4391.10009765625,4389.7001953125,4389.89990234375,37.0,yahoo,GC=F
2026-09-11T07:26:00Z,4389.7998046875,4389.7998046875,4388.5,4388.7998046875,66.0,yahoo,GC=F
2026-09-11T07:27:00Z,4388.7998046875,4389.7998046875,4388.7998046875,4389.2001953125,25.0,yahoo,GC=F
2026-09-11T07:28:00Z,4389.2001953125,4389.7998046875,4387.60009765625,4389.0,45.0,yahoo,GC=F
2026-09-11T07:29:00Z,4388.89990234375,4388.89990234375,4387.2998046875,4387.2998046875,64.0,yahoo,GC=F
2026-09-11T07:30:00Z,4387.5,4388.0,4386.60009765625,4387.5,71.0,yahoo,GC=F
2026-09-11T07:31:00Z,4387.60009765625,4388.2998046875,4387.0,4388.2001953125,46.0,yahoo,GC=F
2026-09-11T07:32:00Z,4388.0,4388.7001953125,4387.0,4388.10009765625,30.0,yahoo,GC=F
2026-09-11T07:33:00Z,4388.0,4388.0,4386.89990234375,4387.2001953125,40.0,yahoo,GC=F
2026-09-11T07:34:00Z,4386.7998046875,4386.7998046875,4385.5,4386.2998046875,65.0,yahoo,GC=F
2026-09-11T07:35:00Z,4386.7001953125,4387.5,4386.0,4386.0,53.0,yahoo,GC=F
2026-09-11T07:36:00Z,4385.7998046875,4386.0,4385.10009765625,4386.0,39.0,yahoo,GC=F
2026-09-11T07:37:00Z,4385.89990234375,4386.39990234375,4385.2001953125,4385.2001953125,61.0,yahoo,GC=F
2026-09-11T07:38:00Z,4385.7001953125,4386.0,4384.39990234375,4384.7001953125,58.0,yahoo,GC=F
2026-09-11T07:39:00Z,4384.5,4385.7001953125,4384.39990234375,4385.0,54.0,yahoo,GC=F
2026-09-11T07:40:00Z,4385.10009765625,4385.39990234375,4384.5,4384.7998046875,57.0,yahoo,GC=F
2026-09-11T07:41:00Z,4384.89990234375,4386.7998046875,4384.60009765625,4385.60009765625,99.0,yahoo,GC=F
2026-09-11T07:42:00Z,4385.5,4386.39990234375,4384.7998046875,4385.60009765625,43.0,yahoo,GC=F
2026-09-11T07:43:00Z,4385.7001953125,4387.39990234375,4385.10009765625,4387.2001953125,61.0,yahoo,GC=F
2026-09-11T07:44:00Z,4387.2998046875,4387.7001953125,4385.7001953125,4386.39990234375,61.0,yahoo,GC=F
2026-09-11T07:45:00Z,4386.10009765625,4386.2998046875,4385.10009765625,4385.7998046875,69.0,yahoo,GC=F
2026-09-11T07:46:00Z,4385.60009765625,4386.2998046875,4384.39990234375,4384.7998046875,58.0,yahoo,GC=F
2026-09-11T07:47:00Z,4384.60009765625,4384.89990234375,4383.7001953125,4384.5,88.0,yahoo,GC=F
2026-09-11T07:48:00Z,4384.10009765625,4384.7998046875,4384.10009765625,4384.39990234375,18.0,yahoo,GC=F
2026-09-11T07:49:00Z,4384.10009765625,4384.39990234375,4383.2998046875,4383.7001953125,39.0,yahoo,GC=F
2026-09-11T07:50:00Z,4383.39990234375,4384.10009765625,4383.2001953125,4383.5,57.0,yahoo,GC=F
2026-09-11T07:51:00Z,4383.60009765625,4383.7998046875,4382.2001953125,4382.2001953125,57.0,yahoo,GC=F
2026-09-11T07:52:00Z,4381.89990234375,4384.60009765625,4381.7001953125,4384.2001953125,110.0,yahoo,GC=F
2026-09-11T07:53:00Z,4384.0,4384.0,4383.10009765625,4383.89990234375,18.0,yahoo,GC=F
2026-09-11T07:54:00Z,4383.5,4383.7998046875,4383.10009765625,4383.7001953125,12.0,yahoo,GC=F
2026-09-11T07:55:00Z,4384.2001953125,4385.60009765625,4384.10009765625,4384.60009765625,41.0,yahoo,GC=F
2026-09-11T07:56:00Z,4384.60009765625,4386.2001953125,4384.2998046875,4385.2001953125,53.0,yahoo,GC=F
2026-09-11T07:57:00Z,4385.60009765625,4386.0,4385.2001953125,4385.2998046875,15.0,yahoo,GC=F
2026-09-11T07:58:00Z,4385.7001953125,4386.2998046875,4385.0,4386.2998046875,12.0,yahoo,GC=F
2026-09-11T07:59:00Z,4386.2998046875,4386.2998046875,4384.89990234375,4386.10009765625,26.0,yahoo,GC=F
2026-09-11T08:00:00Z,4386.2998046875,4388.2998046875,4386.10009765625,4387.7998046875,92.0,yahoo,GC=F
2026-09-11T08:01:00Z,4387.7001953125,4388.10009765625,4385.5,4386.89990234375,79.0,yahoo,GC=F
2026-09-11T08:02:00Z,4387.0,4388.39990234375,4385.10009765625,4385.10009765625,96.0,yahoo,GC=F
2026-09-11T08:03:00Z,4385.2998046875,4386.0,4384.10009765625,4384.39990234375,110.0,yahoo,GC=F
2026-09-11T08:04:00Z,4384.60009765625,4385.89990234375,4383.89990234375,4385.89990234375,21.0,yahoo,GC=F
2026-09-11T08:05:00Z,4385.89990234375,4386.2998046875,4385.0,4385.2998046875,47.0,yahoo,GC=F
2026-09-11T08:06:00Z,4385.60009765625,4388.2001953125,4385.60009765625,4388.10009765625,59.0,yahoo,GC=F
2026-09-11T08:07:00Z,4388.0,4390.2998046875,4387.7998046875,4388.39990234375,174.0,yahoo,GC=F
2026-09-11T08:08:00Z,4388.39990234375,4388.60009765625,4386.60009765625,4388.10009765625,113.0,yahoo,GC=F
2026-09-11T08:09:00Z,4388.2001953125,4388.7998046875,4385.2998046875,4386.39990234375,130.0,yahoo,GC=F
2026-09-11T08:10:00Z,4386.7001953125,4388.7001953125,4386.7001953125,4388.60009765625,24.0,yahoo,GC=F
2026-09-11T08:11:00Z,4388.7001953125,4389.60009765625,4383.0,4385.10009765625,437.0,yahoo,GC=F
2026-09-11T08:12:00Z,4385.10009765625,4387.2001953125,4385.10009765625,4387.10009765625,30.0,yahoo,GC=F
2026-09-11T08:13:00Z,4387.5,4390.10009765625,4387.5,4390.10009765625,34.0,yahoo,GC=F
2026-09-11T08:14:00Z,4390.39990234375,4390.7001953125,4388.10009765625,4388.39990234375,57.0,yahoo,GC=F
2026-09-11T08:15:00Z,4388.5,4389.39990234375,4387.7998046875,4388.2001953125,48.0,yahoo,GC=F
2026-09-11T08:16:00Z,4388.10009765625,4390.0,4387.39990234375,4390.0,62.0,yahoo,GC=F
2026-09-11T08:17:00Z,4389.60009765625,4391.7998046875,4389.60009765625,4390.2001953125,113.0,yahoo,GC=F
2026-09-11T08:18:00Z,4390.7001953125,4391.5,4390.5,4391.39990234375,33.0,yahoo,GC=F
2026-09-11T08:19:00Z,4391.0,4391.0,4388.2001953125,4388.2998046875,36.0,yahoo,GC=F
2026-09-11T08:20:00Z,4388.2998046875,4388.2998046875,4386.10009765625,4386.2001953125,34.0,yahoo,GC=F
2026-09-11T08:21:00Z,4386.2998046875,4386.7001953125,4384.7001953125,4386.7001953125,58.0,yahoo,GC=F
2026-09-11T08:22:00Z,4386.2998046875,4387.10009765625,4386.2998046875,4387.10009765625,34.0,yahoo,GC=F
2026-09-11T08:23:00Z,4387.5,4389.10009765625,4387.2998046875,4389.10009765625,18.0,yahoo,GC=F
2026-09-11T08:24:00Z,4389.2001953125,4399.2998046875,4389.10009765625,4393.5,1159.0,yahoo,GC=F
2026-09-11T08:25:00Z,4393.2998046875,4396.0,4391.7001953125,4394.39990234375,180.0,yahoo,GC=F
2026-09-11T08:26:00Z,4394.2001953125,4396.0,4392.7998046875,4393.5,47.0,yahoo,GC=F
2026-09-11T08:27:00Z,4392.89990234375,4393.10009765625,4390.5,4390.5,53.0,yahoo,GC=F
2026-09-11T08:28:00Z,4390.7001953125,4392.7998046875,4390.60009765625,4391.7998046875,40.0,yahoo,GC=F
2026-09-11T08:29:00Z,4392.2998046875,4393.89990234375,4392.2998046875,4393.2001953125,46.0,yahoo,GC=F
2026-09-11T08:30:00Z,4393.0,4396.5,4392.2998046875,4396.2001953125,84.0,yahoo,GC=F
2026-09-11T08:31:00Z,4396.10009765625,4396.7001953125,4395.2998046875,4395.89990234375,77.0,yahoo,GC=F
2026-09-11T08:32:00Z,4396.10009765625,4397.2998046875,4395.2998046875,4396.2998046875,101.0,yahoo,GC=F
2026-09-11T08:33:00Z,4395.7998046875,4396.2998046875,4395.39990234375,4396.0,37.0,yahoo,GC=F
2026-09-11T08:34:00Z,4395.39990234375,4395.7001953125,4393.7998046875,4393.7998046875,26.0,yahoo,GC=F
2026-09-11T08:35:00Z,4394.2001953125,4394.60009765625,4392.60009765625,4393.39990234375,24.0,yahoo,GC=F
2026-09-11T08:36:00Z,4393.7998046875,4395.2998046875,4393.5,4394.89990234375,100.0,yahoo,GC=F
2026-09-11T08:37:00Z,4394.5,4395.0,4394.10009765625,4394.7998046875,42.0,yahoo,GC=F
2026-09-11T08:38:00Z,4395.0,4396.7998046875,4394.89990234375,4396.7001953125,75.0,yahoo,GC=F
2026-09-11T08:39:00Z,4396.89990234375,4397.5,4395.2998046875,4395.39990234375,102.0,yahoo,GC=F
2026-09-11T08:40:00Z,4395.7998046875,4397.5,4395.2998046875,4397.5,48.0,yahoo,GC=F
2026-09-11T08:41:00Z,4397.0,4398.2001953125,4396.7001953125,4398.0,50.0,yahoo,GC=F
2026-09-11T08:42:00Z,4397.89990234375,4398.0,4396.39990234375,4397.2001953125,68.0,yahoo,GC=F
2026-09-11T08:43:00Z,4397.39990234375,4397.39990234375,4393.60009765625,4394.5,99.0,yahoo,GC=F
2026-09-11T08:44:00Z,4394.5,4394.7998046875,4394.2998046875,4394.39990234375,29.0,yahoo,GC=F
2026-09-11T08:45:00Z,4394.2998046875,4395.0,4393.7998046875,4394.60009765625,47.0,yahoo,GC=F
2026-09-11T08:46:00Z,4394.5,4397.7001953125,4394.2998046875,4395.2001953125,152.0,yahoo,GC=F
2026-09-11T08:47:00Z,4395.2001953125,4395.2001953125,4393.7001953125,4393.7998046875,38.0,yahoo,GC=F
2026-09-11T08:48:00Z,4394.0,4395.39990234375,4393.60009765625,4394.5,51.0,yahoo,GC=F
2026-09-11T08:49:00Z,4394.39990234375,4395.60009765625,4393.89990234375,4394.60009765625,137.0,yahoo,GC=F
2026-09-11T08:50:00Z,4394.2998046875,4394.2998046875,4391.0,4392.5,156.0,yahoo,GC=F
2026-09-11T08:51:00Z,4392.2998046875,4393.10009765625,4392.0,4392.7998046875,38.0,yahoo,GC=F
2026-09-11T08:52:00Z,4392.60009765625,4393.60009765625,4392.60009765625,4393.10009765625,52.0,yahoo,GC=F
2026-09-11T08:53:00Z,4393.39990234375,4394.0,4392.60009765625,4394.0,175.0,yahoo,GC=F
2026-09-11T08:54:00Z,4394.39990234375,4394.7001953125,4392.5,4393.10009765625,50.0,yahoo,GC=F
2026-09-11T08:55:00Z,4392.0,4392.0,4389.7001953125,4390.10009765625,80.0,yahoo,GC=F
2026-09-11T08:56:00Z,4389.89990234375,4391.39990234375,4389.7998046875,4390.2998046875,69.0,yahoo,GC=F
2026-09-11T08:57:00Z,4390.5,4390.5,4387.60009765625,4388.0,145.0,yahoo,GC=F
2026-09-11T08:58:00Z,4388.10009765625,4388.60009765625,4387.89990234375,4388.39990234375,56.0,yahoo,GC=F
2026-09-11T08:59:00Z,4388.7001953125,4389.0,4387.39990234375,4388.7001953125,63.0,yahoo,GC=F
2026-09-11T09:00:00Z,4388.89990234375,4393.0,4388.89990234375,4392.39990234375,67.0,yahoo,GC=F
2026-09-11T09:01:00Z,4393.0,4395.39990234375,4392.5,4394.60009765625,64.0,yahoo,GC=F
2026-09-11T09:02:00Z,4394.39990234375,4394.60009765625,4392.0,4392.0,22.0,yahoo,GC=F
2026-09-11T09:03:00Z,4392.2001953125,4392.2001953125,4390.7998046875,4391.0,58.0,yahoo,GC=F
2026-09-11T09:04:00Z,4391.39990234375,4392.10009765625,4389.89990234375,4390.39990234375,32.0,yahoo,GC=F
2026-09-11T09:05:00Z,4390.0,4390.5,4389.89990234375,4390.5,16.0,yahoo,GC=F
2026-09-11T09:06:00Z,4390.2001953125,4390.2998046875,4389.5,4390.2001953125,48.0,yahoo,GC=F
2026-09-11T09:07:00Z,4389.89990234375,4390.10009765625,4389.5,4389.7001953125,35.0,yahoo,GC=F
2026-09-11T09:08:00Z,4389.5,4389.7001953125,4388.2998046875,4388.39990234375,62.0,yahoo,GC=F
2026-09-11T09:09:00Z,4388.0,4388.0,4386.2001953125,4386.60009765625,35.0,yahoo,GC=F
2026-09-11T09:10:00Z,4386.7001953125,4386.7001953125,4385.2998046875,4386.39990234375,44.0,yahoo,GC=F
2026-09-11T09:11:00Z,4386.0,4386.60009765625,4385.0,4385.89990234375,73.0,yahoo,GC=F
2026-09-11T09:12:00Z,4385.89990234375,4386.5,4385.89990234375,4386.5,12.0,yahoo,GC=F
2026-09-11T09:13:00Z,4386.5,4387.60009765625,4385.89990234375,4386.60009765625,26.0,yahoo,GC=F
2026-09-11T09:14:00Z,4386.7001953125,4386.7998046875,4384.10009765625,4384.60009765625,95.0,yahoo,GC=F
2026-09-11T09:15:00Z,4384.2998046875,4385.2001953125,4383.2001953125,4384.39990234375,222.0,yahoo,GC=F
2026-09-11T09:16:00Z,4384.7001953125,4385.2001953125,4384.5,4385.10009765625,18.0,yahoo,GC=F
2026-09-11T09:17:00Z,4384.7998046875,4385.2998046875,4384.7001953125,4385.2998046875,17.0,yahoo,GC=F
2026-09-11T09:18:00Z,4384.7001953125,4385.60009765625,4384.39990234375,4385.39990234375,43.0,yahoo,GC=F
2026-09-11T09:19:00Z,4385.2998046875,4387.0,4385.2998046875,4387.0,26.0,yahoo,GC=F
2026-09-11T09:20:00Z,4386.7998046875,4388.0,4386.2998046875,4387.2998046875,49.0,yahoo,GC=F
2026-09-11T09:21:00Z,4387.2998046875,4387.60009765625,4386.2998046875,4387.5,44.0,yahoo,GC=F
2026-09-11T09:22:00Z,4387.7001953125,4387.7001953125,4386.7998046875,4387.39990234375,17.0,yahoo,GC=F
2026-09-11T09:23:00Z,4387.60009765625,4387.7001953125,4387.0,4387.10009765625,33.0,yahoo,GC=F
2026-09-11T09:24:00Z,4387.2998046875,4387.2998046875,4385.2998046875,4386.10009765625,95.0,yahoo,GC=F
2026-09-11T09:25:00Z,4386.2001953125,4387.0,4385.60009765625,4387.0,108.0,yahoo,GC=F
2026-09-11T09:26:00Z,4387.0,4387.5,4386.60009765625,4387.2998046875,35.0,yahoo,GC=F
2026-09-11T09:27:00Z,4387.10009765625,4387.2998046875,4385.7001953125,4385.7001953125,30.0,yahoo,GC=F
2026-09-11T09:28:00Z,4385.7001953125,4387.60009765625,4385.39990234375,4386.7001953125,42.0,yahoo,GC=F
2026-09-11T09:29:00Z,4386.60009765625,4387.2001953125,4385.10009765625,4385.60009765625,120.0,yahoo,GC=F
2026-09-11T09:30:00Z,4386.0,4386.39990234375,4383.89990234375,4384.5,124.0,yahoo,GC=F
2026-09-11T09:31:00Z,4384.10009765625,4384.60009765625,4383.2998046875,4383.2998046875,223.0,yahoo,GC=F
2026-09-11T09:32:00Z,4383.60009765625,4385.5,4383.10009765625,4385.2001953125,200.0,yahoo,GC=F
2026-09-11T09:33:00Z,4385.0,4386.7001953125,4384.7998046875,4384.7998046875,66.0,yahoo,GC=F
2026-09-11T09:34:00Z,4384.89990234375,4385.60009765625,4383.39990234375,4384.10009765625,58.0,yahoo,GC=F
2026-09-11T09:35:00Z,4384.2001953125,4385.0,4383.7998046875,4385.0,38.0,yahoo,GC=F
2026-09-11T09:36:00Z,4384.7998046875,4386.10009765625,4384.2998046875,4386.0,25.0,yahoo,GC=F
2026-09-11T09:37:00Z,4385.7001953125,4386.2001953125,4385.60009765625,4385.7998046875,17.0,yahoo,GC=F
2026-09-11T09:38:00Z,4385.7998046875,4385.7998046875,4384.10009765625,4384.60009765625,55.0,yahoo,GC=F
2026-09-11T09:39:00Z,4384.2001953125,4384.7998046875,4383.89990234375,4383.89990234375,26.0,yahoo,GC=F
2026-09-11T09:40:00Z,4384.2001953125,4384.5,4382.5,4384.5,65.0,yahoo,GC=F
2026-09-11T09:41:00Z,4385.2001953125,4385.2001953125,4384.0,4384.0,11.0,yahoo,GC=F
2026-09-11T09:42:00Z,4383.7998046875,4384.2001953125,4383.60009765625,4384.0,20.0,yahoo,GC=F
2026-09-11T09:43:00Z,4384.0,4385.0,4384.0,4385.0,10.0,yahoo,GC=F
2026-09-11T09:44:00Z,4385.2001953125,4385.5,4384.89990234375,4385.2998046875,31.0,yahoo,GC=F
2026-09-11T09:45:00Z,4385.2001953125,4385.7998046875,4384.7001953125,4384.7998046875,26.0,yahoo,GC=F
2026-09-11T09:46:00Z,4385.10009765625,4385.2998046875,4385.0,4385.0,38.0,yahoo,GC=F
2026-09-11T09:47:00Z,4385.0,4385.7001953125,4384.7001953125,4384.89990234375,47.0,yahoo,GC=F
2026-09-11T09:48:00Z,4385.10009765625,4385.60009765625,4384.39990234375,4385.60009765625,26.0,yahoo,GC=F
2026-09-11T09:49:00Z,4385.5,4385.7001953125,4385.2001953125,4385.39990234375,14.0,yahoo,GC=F
2026-09-11T09:50:00Z,4385.2998046875,4386.2998046875,4384.7001953125,4385.10009765625,57.0,yahoo,GC=F
2026-09-11T09:51:00Z,4385.2998046875,4386.10009765625,4385.0,4385.10009765625,57.0,yahoo,GC=F
2026-09-11T09:52:00Z,4385.10009765625,4386.60009765625,4385.0,4386.10009765625,46.0,yahoo,GC=F
2026-09-11T09:53:00Z,4385.89990234375,4386.5,4385.2998046875,4385.2998046875,39.0,yahoo,GC=F
2026-09-11T09:54:00Z,4385.89990234375,4386.10009765625,4385.7001953125,4385.89990234375,28.0,yahoo,GC=F
2026-09-11T09:55:00Z,4385.89990234375,4386.7001953125,4385.7998046875,4386.2998046875,73.0,yahoo,GC=F
2026-09-11T09:56:00Z,4386.10009765625,4386.5,4385.2001953125,4385.60009765625,101.0,yahoo,GC=F
2026-09-11T09:57:00Z,4385.7001953125,4386.0,4385.2001953125,4385.7998046875,26.0,yahoo,GC=F
2026-09-11T09:58:00Z,4385.89990234375,4389.2998046875,4385.7998046875,4388.7998046875,94.0,yahoo,GC=F
2026-09-11T09:59:00Z,4388.7998046875,4389.7998046875,4388.2001953125,4388.2001953125,93.0,yahoo,GC=F
2026-09-11T10:00:00Z,4388.2998046875,4390.10009765625,4388.10009765625,4389.39990234375,64.0,yahoo,GC=F
2026-09-11T10:01:00Z,4389.39990234375,4390.39990234375,4389.39990234375,4390.39990234375,41.0,yahoo,GC=F
2026-09-11T10:02:00Z,4390.0,4390.0,4382.7001953125,4390.0,800.0,yahoo,GC=F
2026-09-11T10:03:00Z,4389.89990234375,4390.2001953125,4388.0,4389.10009765625,86.0,yahoo,GC=F
2026-09-11T10:04:00Z,4389.2998046875,4391.2001953125,4389.10009765625,4391.2001953125,78.0,yahoo,GC=F
2026-09-11T10:05:00Z,4391.10009765625,4391.89990234375,4390.39990234375,4391.2998046875,169.0,yahoo,GC=F
2026-09-11T10:06:00Z,4391.10009765625,4391.2001953125,4389.10009765625,4389.2001953125,57.0,yahoo,GC=F
2026-09-11T10:07:00Z,4389.0,4389.89990234375,4389.0,4389.89990234375,21.0,yahoo,GC=F
2026-09-11T10:08:00Z,4390.0,4390.0,4387.5,4389.0,90.0,yahoo,GC=F
2026-09-11T10:09:00Z,4388.7001953125,4388.7001953125,4386.89990234375,4387.39990234375,50.0,yahoo,GC=F
2026-09-11T10:10:00Z,4387.7998046875,4389.0,4385.2998046875,4388.89990234375,201.0,yahoo,GC=F
2026-09-11T10:11:00Z,4388.89990234375,4389.89990234375,4388.0,4388.2998046875,185.0,yahoo,GC=F
2026-09-11T10:12:00Z,4388.2998046875,4388.39990234375,4388.0,4388.2001953125,9.0,yahoo,GC=F
2026-09-11T10:13:00Z,4388.10009765625,4388.5,4386.7998046875,4387.7998046875,48.0,yahoo,GC=F
2026-09-11T10:14:00Z,4387.39990234375,4388.5,4387.39990234375,4388.10009765625,72.0,yahoo,GC=F
2026-09-11T10:15:00Z,4388.2998046875,4389.60009765625,4387.89990234375,4388.39990234375,104.0,yahoo,GC=F
2026-09-11T10:16:00Z,4388.7998046875,4389.60009765625,4388.2001953125,4388.5,47.0,yahoo,GC=F
2026-09-11T10:17:00Z,4388.7001953125,4388.89990234375,4388.10009765625,4388.2001953125,7.0,yahoo,GC=F
2026-09-11T10:18:00Z,4388.39990234375,4389.89990234375,4388.2001953125,4389.89990234375,39.0,yahoo,GC=F
2026-09-11T10:19:00Z,4389.60009765625,4392.0,4389.60009765625,4391.5,56.0,yahoo,GC=F
2026-09-11T10:20:00Z,4391.2998046875,4391.7998046875,4390.10009765625,4390.10009765625,29.0,yahoo,GC=F
2026-09-11T10:21:00Z,4390.39990234375,4390.39990234375,4388.2001953125,4388.7001953125,42.0,yahoo,GC=F
2026-09-11T10:22:00Z,4388.5,4389.89990234375,4388.2001953125,4389.89990234375,145.0,yahoo,GC=F
2026-09-11T10:23:00Z,4389.2998046875,4390.39990234375,4387.7998046875,4388.0,80.0,yahoo,GC=F
2026-09-11T10:24:00Z,4388.2998046875,4390.39990234375,4388.2998046875,4390.39990234375,29.0,yahoo,GC=F
2026-09-11T10:25:00Z,4390.39990234375,4391.89990234375,4390.10009765625,4391.89990234375,45.0,yahoo,GC=F
2026-09-11T10:26:00Z,4391.60009765625,4391.7998046875,4390.10009765625,4390.5,58.0,yahoo,GC=F
2026-09-11T10:27:00Z,4390.5,4391.0,4389.7001953125,4389.7001953125,53.0,yahoo,GC=F
2026-09-11T10:28:00Z,4390.0,4390.5,4389.2001953125,4389.60009765625,36.0,yahoo,GC=F
2026-09-11T10:29:00Z,4389.60009765625,4391.7001953125,4389.60009765625,4391.5,62.0,yahoo,GC=F
2026-09-11T10:30:00Z,4391.5,4391.89990234375,4389.7001953125,4390.0,47.0,yahoo,GC=F
2026-09-11T10:31:00Z,4389.7998046875,4390.60009765625,4389.7001953125,4389.7001953125,20.0,yahoo,GC=F
2026-09-11T10:32:00Z,4389.2998046875,4391.2998046875,4389.2998046875,4391.2001953125,14.0,yahoo,GC=F
2026-09-11T10:33:00Z,4390.7998046875,4391.2001953125,4389.2998046875,4389.2998046875,13.0,yahoo,GC=F
2026-09-11T10:34:00Z,4389.39990234375,4391.7001953125,4389.39990234375,4391.10009765625,25.0,yahoo,GC=F
2026-09-11T10:35:00Z,4390.89990234375,4391.2998046875,4390.2001953125,4390.2998046875,40.0,yahoo,GC=F
2026-09-11T10:36:00Z,4390.39990234375,4390.7001953125,4388.7998046875,4388.89990234375,12.0,yahoo,GC=F
2026-09-11T10:37:00Z,4388.89990234375,4388.89990234375,4386.39990234375,4386.39990234375,32.0,yahoo,GC=F
2026-09-11T10:38:00Z,4386.5,4387.2998046875,4386.2998046875,4387.2998046875,130.0,yahoo,GC=F
2026-09-11T10:39:00Z,4387.7001953125,4388.7001953125,4387.7001953125,4388.7001953125,17.0,yahoo,GC=F
2026-09-11T10:40:00Z,4388.60009765625,4388.7998046875,4386.2998046875,4386.7001953125,45.0,yahoo,GC=F
2026-09-11T10:41:00Z,4386.2001953125,4387.10009765625,4385.7998046875,4386.89990234375,107.0,yahoo,GC=F
2026-09-11T10:42:00Z,4386.60009765625,4387.5,4386.60009765625,4387.5,49.0,yahoo,GC=F
2026-09-11T10:43:00Z,4387.7998046875,4388.10009765625,4387.0,4388.10009765625,81.0,yahoo,GC=F
2026-09-11T10:44:00Z,4388.5,4388.60009765625,4386.89990234375,4386.89990234375,127.0,yahoo,GC=F
2026-09-11T10:45:00Z,4387.39990234375,4387.39990234375,4385.10009765625,4385.5,76.0,yahoo,GC=F
2026-09-11T10:46:00Z,4385.2001953125,4385.60009765625,4384.39990234375,4384.7998046875,65.0,yahoo,GC=F
2026-09-11T10:47:00Z,4384.5,4385.5,4384.5,4385.10009765625,32.0,yahoo,GC=F
2026-09-11T10:48:00Z,4385.0,4385.10009765625,4384.2998046875,4384.5,32.0,yahoo,GC=F
2026-09-11T10:49:00Z,4384.7001953125,4385.0,4383.5,4383.5,35.0,yahoo,GC=F
2026-09-11T10:50:00Z,4383.7998046875,4384.39990234375,4382.7001953125,4383.7998046875,41.0,yahoo,GC=F
2026-09-11T10:51:00Z,4384.10009765625,4384.39990234375,4383.60009765625,4384.39990234375,37.0,yahoo,GC=F
2026-09-11T10:52:00Z,4384.2001953125,4384.2998046875,4383.2998046875,4383.7001953125,14.0,yahoo,GC=F
2026-09-11T10:53:00Z,4383.7998046875,4384.0,4382.7001953125,4382.7001953125,43.0,yahoo,GC=F
2026-09-11T10:54:00Z,4382.5,4383.10009765625,4381.7001953125,4382.7001953125,118.0,yahoo,GC=F
2026-09-11T10:55:00Z,4382.5,4383.0,4381.5,4381.89990234375,72.0,yahoo,GC=F
2026-09-11T10:56:00Z,4382.0,4382.10009765625,4380.10009765625,4380.39990234375,94.0,yahoo,GC=F
2026-09-11T10:57:00Z,4380.5,4380.60009765625,4379.2001953125,4379.5,137.0,yahoo,GC=F
2026-09-11T10:58:00Z,4379.5,4380.2998046875,4379.10009765625,4379.39990234375,72.0,yahoo,GC=F
2026-09-11T10:59:00Z,4379.2998046875,4380.10009765625,4378.5,4379.39990234375,201.0,yahoo,GC=F
2026-09-11T11:00:00Z,4379.2998046875,4382.39990234375,4379.2001953125,4382.10009765625,245.0,yahoo,GC=F
2026-09-11T11:01:00Z,4382.10009765625,4382.39990234375,4381.2001953125,4381.60009765625,102.0,yahoo,GC=F
2026-09-11T11:02:00Z,4381.39990234375,4381.7998046875,4380.60009765625,4381.39990234375,50.0,yahoo,GC=F
2026-09-11T11:03:00Z,4381.5,4384.60009765625,4381.5,4384.10009765625,120.0,yahoo,GC=F
2026-09-11T11:04:00Z,4383.89990234375,4383.89990234375,4381.2998046875,4381.39990234375,40.0,yahoo,GC=F
2026-09-11T11:05:00Z,4382.10009765625,4382.10009765625,4381.2998046875,4381.5,9.0,yahoo,GC=F
2026-09-11T11:06:00Z,4381.2001953125,4381.2001953125,4379.10009765625,4379.5,109.0,yahoo,GC=F
2026-09-11T11:07:00Z,4379.7998046875,4380.7001953125,4379.10009765625,4379.7998046875,65.0,yahoo,GC=F
2026-09-11T11:08:00Z,4380.5,4380.5,4379.2998046875,4379.7001953125,38.0,yahoo,GC=F
2026-09-11T11:09:00Z,4380.2001953125,4380.39990234375,4378.7998046875,4379.2001953125,67.0,yahoo,GC=F
2026-09-11T11:10:00Z,4379.0,4379.2998046875,4377.60009765625,4377.7998046875,164.0,yahoo,GC=F
2026-09-11T11:11:00Z,4377.89990234375,4377.89990234375,4376.5,4377.60009765625,116.0,yahoo,GC=F
2026-09-11T11:12:00Z,4378.0,4379.10009765625,4377.89990234375,4378.2001953125,57.0,yahoo,GC=F
2026-09-11T11:13:00Z,4378.2998046875,4379.2001953125,4378.2998046875,4378.7001953125,29.0,yahoo,GC=F
2026-09-11T11:14:00Z,4379.0,4380.39990234375,4378.7998046875,4380.0,110.0,yahoo,GC=F
2026-09-11T11:15:00Z,4379.7998046875,4380.10009765625,4378.39990234375,4378.7998046875,62.0,yahoo,GC=F
2026-09-11T11:16:00Z,4379.0,4379.5,4378.0,4378.7998046875,78.0,yahoo,GC=F
2026-09-11T11:17:00Z,4378.7998046875,4379.0,4378.5,4379.0,13.0,yahoo,GC=F
2026-09-11T11:18:00Z,4379.10009765625,4380.5,4379.10009765625,4380.2998046875,45.0,yahoo,GC=F
2026-09-11T11:19:00Z,4380.39990234375,4381.10009765625,4379.7998046875,4380.2998046875,88.0,yahoo,GC=F
2026-09-11T11:20:00Z,4380.5,4380.7998046875,4379.60009765625,4379.7998046875,11.0,yahoo,GC=F
2026-09-11T11:21:00Z,4379.60009765625,4381.2998046875,4379.2001953125,4381.2998046875,80.0,yahoo,GC=F
2026-09-11T11:22:00Z,4381.39990234375,4381.7998046875,4379.10009765625,4379.5,48.0,yahoo,GC=F
2026-09-11T11:23:00Z,4379.2001953125,4381.60009765625,4379.0,4381.5,30.0,yahoo,GC=F
2026-09-11T11:24:00Z,4381.39990234375,4381.5,4380.2998046875,4380.2998046875,19.0,yahoo,GC=F
2026-09-11T11:25:00Z,4380.89990234375,4383.89990234375,4380.60009765625,4382.0,336.0,yahoo,GC=F
2026-09-11T11:26:00Z,4381.89990234375,4381.89990234375,4380.2001953125,4380.2001953125,37.0,yahoo,GC=F
2026-09-11T11:27:00Z,4380.0,4381.39990234375,4379.60009765625,4380.2001953125,41.0,yahoo,GC=F
2026-09-11T11:28:00Z,4380.10009765625,4380.5,4378.5,4378.7001953125,56.0,yahoo,GC=F
2026-09-11T11:29:00Z,4378.5,4379.2001953125,4378.10009765625,4378.2001953125,71.0,yahoo,GC=F
2026-09-11T11:30:00Z,4378.60009765625,4378.89990234375,4377.5,4378.2998046875,52.0,yahoo,GC=F
2026-09-11T11:31:00Z,4378.60009765625,4379.2998046875,4375.89990234375,4376.60009765625,123.0,yahoo,GC=F
2026-09-11T11:32:00Z,4376.7001953125,4377.2998046875,4376.2001953125,4376.5,41.0,yahoo,GC=F
2026-09-11T11:33:00Z,4376.39990234375,4377.5,4374.89990234375,4374.89990234375,100.0,yahoo,GC=F
2026-09-11T11:34:00Z,4375.10009765625,4375.2998046875,4373.60009765625,4373.60009765625,194.0,yahoo,GC=F
2026-09-11T11:35:00Z,4373.89990234375,4373.89990234375,4372.2001953125,4372.7998046875,117.0,yahoo,GC=F
2026-09-11T11:36:00Z,4373.0,4375.0,4372.2998046875,4375.0,104.0,yahoo,GC=F
2026-09-11T11:37:00Z,4374.7001953125,4376.0,4374.39990234375,4376.0,37.0,yahoo,GC=F
2026-09-11T11:38:00Z,4376.0,4376.10009765625,4375.2998046875,4375.7998046875,52.0,yahoo,GC=F
2026-09-11T11:39:00Z,4376.0,4376.0,4374.2001953125,4374.60009765625,56.0,yahoo,GC=F
2026-09-11T11:40:00Z,4374.7001953125,4376.0,4374.2001953125,4374.2998046875,54.0,yahoo,GC=F
2026-09-11T11:41:00Z,4374.60009765625,4375.7001953125,4374.60009765625,4375.60009765625,39.0,yahoo,GC=F
2026-09-11T11:42:00Z,4375.2001953125,4375.60009765625,4373.2001953125,4373.60009765625,64.0,yahoo,GC=F
2026-09-11T11:43:00Z,4373.60009765625,4373.7001953125,4372.10009765625,4373.10009765625,79.0,yahoo,GC=F
2026-09-11T11:44:00Z,4373.5,4376.60009765625,4373.2001953125,4376.5,158.0,yahoo,GC=F
2026-09-11T11:45:00Z,4376.60009765625,4377.7998046875,4375.89990234375,4377.60009765625,122.0,yahoo,GC=F
2026-09-11T11:46:00Z,4377.5,4377.7001953125,4374.89990234375,4376.10009765625,246.0,yahoo,GC=F
2026-09-11T11:47:00Z,4375.89990234375,4376.2001953125,4375.10009765625,4375.10009765625,40.0,yahoo,GC=F
2026-09-11T11:48:00Z,4375.0,4377.2998046875,4375.0,4375.7001953125,69.0,yahoo,GC=F
2026-09-11T11:49:00Z,4376.0,4378.2998046875,4376.0,4377.60009765625,67.0,yahoo,GC=F
2026-09-11T11:50:00Z,4376.7001953125,4377.5,4376.5,4376.5,28.0,yahoo,GC=F
2026-09-11T11:51:00Z,4376.39990234375,4376.89990234375,4375.5,4375.7001953125,66.0,yahoo,GC=F
2026-09-11T11:52:00Z,4375.60009765625,4376.60009765625,4375.10009765625,4376.39990234375,112.0,yahoo,GC=F
2026-09-11T11:53:00Z,4375.7998046875,4376.60009765625,4375.0,4376.2001953125,33.0,yahoo,GC=F
2026-09-11T11:54:00Z,4375.7998046875,4376.39990234375,4373.5,4373.5,61.0,yahoo,GC=F
2026-09-11T11:55:00Z,4372.89990234375,4374.60009765625,4372.7998046875,4374.10009765625,119.0,yahoo,GC=F
2026-09-11T11:56:00Z,4374.0,4374.10009765625,4372.7001953125,4373.2001953125,75.0,yahoo,GC=F
2026-09-11T11:57:00Z,4373.60009765625,4374.5,4373.39990234375,4373.7998046875,35.0,yahoo,GC=F
2026-09-11T11:58:00Z,4373.89990234375,4375.2998046875,4373.2998046875,4375.2998046875,84.0,yahoo,GC=F
2026-09-11T11:59:00Z,4375.10009765625,4375.60009765625,4373.60009765625,4375.0,49.0,yahoo,GC=F
2026-09-11T12:00:00Z,4375.2998046875,4376.60009765625,4374.60009765625,4375.7998046875,136.0,yahoo,GC=F
2026-09-11T12:01:00Z,4375.7998046875,4375.7998046875,4374.2001953125,4375.2998046875,250.0,yahoo,GC=F
2026-09-11T12:02:00Z,4374.2998046875,4374.60009765625,4373.39990234375,4373.89990234375,52.0,yahoo,GC=F
2026-09-11T12:03:00Z,4373.60009765625,4374.0,4372.2998046875,4372.2998046875,102.0,yahoo,GC=F
2026-09-11T12:04:00Z,4372.60009765625,4372.60009765625,4370.5,4371.2998046875,140.0,yahoo,GC=F
2026-09-11T12:05:00Z,4371.10009765625,4372.0,4370.7001953125,4371.7998046875,103.0,yahoo,GC=F
2026-09-11T12:06:00Z,4371.7998046875,4371.89990234375,4368.2998046875,4370.39990234375,162.0,yahoo,GC=F
2026-09-11T12:07:00Z,4370.60009765625,4370.89990234375,4368.39990234375,4369.2001953125,79.0,yahoo,GC=F
2026-09-11T12:08:00Z,4369.2001953125,4369.60009765625,4368.7001953125,4368.89990234375,50.0,yahoo,GC=F
2026-09-11T12:09:00Z,4369.2001953125,4369.39990234375,4368.10009765625,4369.10009765625,53.0,yahoo,GC=F
2026-09-11T12:10:00Z,4369.60009765625,4371.2001953125,4369.0,4371.0,80.0,yahoo,GC=F
2026-09-11T12:11:00Z,4371.2998046875,4372.60009765625,4370.60009765625,4372.5,77.0,yahoo,GC=F
2026-09-11T12:12:00Z,4372.10009765625,4374.2998046875,4369.89990234375,4370.39990234375,154.0,yahoo,GC=F
2026-09-11T12:13:00Z,4370.60009765625,4370.60009765625,4367.2998046875,4367.60009765625,234.0,yahoo,GC=F
2026-09-11T12:14:00Z,4368.0,4369.89990234375,4366.10009765625,4369.7001953125,771.0,yahoo,GC=F
2026-09-11T12:15:00Z,4369.60009765625,4372.5,4368.89990234375,4372.10009765625,121.0,yahoo,GC=F
2026-09-11T12:16:00Z,4371.89990234375,4372.5,4371.0,4371.0,135.0,yahoo,GC=F
2026-09-11T12:17:00Z,4371.10009765625,4374.89990234375,4371.10009765625,4374.89990234375,121.0,yahoo,GC=F
2026-09-11T12:18:00Z,4374.7001953125,4375.89990234375,4373.2998046875,4374.89990234375,109.0,yahoo,GC=F
2026-09-11T12:19:00Z,4375.10009765625,4375.2998046875,4372.89990234375,4373.10009765625,51.0,yahoo,GC=F
2026-09-11T12:20:00Z,4373.0,4375.2001953125,4371.2001953125,4373.89990234375,165.0,yahoo,GC=F
2026-09-11T12:21:00Z,4373.7998046875,4374.60009765625,4372.39990234375,4373.5,91.0,yahoo,GC=F
2026-09-11T12:22:00Z,4373.39990234375,4375.7001953125,4372.60009765625,4373.89990234375,151.0,yahoo,GC=F
2026-09-11T12:23:00Z,4373.2001953125,4374.39990234375,4371.60009765625,4373.5,107.0,yahoo,GC=F
2026-09-11T12:24:00Z,4373.2998046875,4374.7001953125,4371.10009765625,4371.10009765625,190.0,yahoo,GC=F
2026-09-11T12:25:00Z,4371.7001953125,4372.0,4370.2001953125,4371.0,77.0,yahoo,GC=F
2026-09-11T12:26:00Z,4370.89990234375,4375.89990234375,4370.2001953125,4374.89990234375,104.0,yahoo,GC=F
2026-09-11T12:27:00Z,4374.89990234375,4380.0,4374.5,4379.7001953125,168.0,yahoo,GC=F
2026-09-11T12:28:00Z,4379.10009765625,4381.39990234375,4377.2001953125,4380.89990234375,287.0,yahoo,GC=F
2026-09-11T12:29:00Z,4380.5,4385.5,4379.39990234375,4382.10009765625,577.0,yahoo,GC=F
2026-09-11T12:30:00Z,4383.39990234375,4399.60009765625,4333.0,4337.60009765625,3606.0,yahoo,GC=F
2026-09-11T12:31:00Z,4337.7998046875,4356.10009765625,4335.60009765625,4353.7001953125,2115.0,yahoo,GC=F
2026-09-11T12:32:00Z,4352.89990234375,4367.10009765625,4350.0,4363.2001953125,1487.0,yahoo,GC=F
2026-09-11T12:33:00Z,4362.89990234375,4373.0,4359.39990234375,4372.89990234375,1235.0,yahoo,GC=F
2026-09-11T12:34:00Z,4373.0,4380.7998046875,4370.2998046875,4370.5,1346.0,yahoo,GC=F
2026-09-11T12:35:00Z,4370.60009765625,4376.2998046875,4367.2001953125,4376.2998046875,1051.0,yahoo,GC=F
2026-09-11T12:36:00Z,4376.10009765625,4381.7998046875,4376.10009765625,4378.89990234375,813.0,yahoo,GC=F
2026-09-11T12:37:00Z,4379.5,4384.5,4378.7998046875,4379.2001953125,738.0,yahoo,GC=F
2026-09-11T12:38:00Z,4379.0,4384.7001953125,4374.5,4384.10009765625,663.0,yahoo,GC=F
2026-09-11T12:39:00Z,4384.2001953125,4393.2001953125,4384.2001953125,4391.5,1383.0,yahoo,GC=F
2026-09-11T12:40:00Z,4391.2001953125,4403.7001953125,4390.5,4402.5,1715.0,yahoo,GC=F
2026-09-11T12:41:00Z,4402.0,4404.2998046875,4395.7998046875,4400.5,1832.0,yahoo,GC=F
2026-09-11T12:42:00Z,4400.10009765625,4404.10009765625,4396.2998046875,4397.2001953125,1291.0,yahoo,GC=F
2026-09-11T12:43:00Z,4397.2998046875,4403.2001953125,4396.89990234375,4401.5,934.0,yahoo,GC=F
2026-09-11T12:44:00Z,4401.60009765625,4403.5,4393.39990234375,4395.39990234375,613.0,yahoo,GC=F
2026-09-11T12:45:00Z,4395.60009765625,4401.60009765625,4394.10009765625,4401.2001953125,765.0,yahoo,GC=F
2026-09-11T12:46:00Z,4401.5,4408.5,4401.5,4405.60009765625,1195.0,yahoo,GC=F
2026-09-11T12:47:00Z,4405.60009765625,4407.0,4399.60009765625,4402.2998046875,572.0,yahoo,GC=F
2026-09-11T12:48:00Z,4401.7001953125,4406.60009765625,4398.7998046875,4405.5,698.0,yahoo,GC=F
2026-09-11T12:49:00Z,4405.5,4409.5,4403.10009765625,4403.5,703.0,yahoo,GC=F
2026-09-11T12:50:00Z,4403.0,4412.89990234375,4401.60009765625,4411.39990234375,561.0,yahoo,GC=F
2026-09-11T12:51:00Z,4411.7001953125,4418.60009765625,4411.7001953125,4417.0,1524.0,yahoo,GC=F
2026-09-11T12:52:00Z,4416.7998046875,4419.7001953125,4414.7998046875,4418.7998046875,756.0,yahoo,GC=F
2026-09-11T12:53:00Z,4418.89990234375,4421.60009765625,4418.7001953125,4419.7998046875,679.0,yahoo,GC=F
2026-09-11T12:54:00Z,4419.7998046875,4424.7001953125,4418.7998046875,4419.7998046875,937.0,yahoo,GC=F
2026-09-11T12:55:00Z,4419.89990234375,4422.39990234375,4419.2001953125,4420.2998046875,603.0,yahoo,GC=F
2026-09-11T12:56:00Z,4420.10009765625,4422.10009765625,4418.7001953125,4420.60009765625,330.0,yahoo,GC=F
2026-09-11T12:57:00Z,4420.60009765625,4425.0,4419.7998046875,4423.2998046875,478.0,yahoo,GC=F
2026-09-11T12:58:00Z,4423.2998046875,4429.2001953125,4419.39990234375,4428.2001953125,495.0,yahoo,GC=F
2026-09-11T12:59:00Z,4428.39990234375,4432.60009765625,4427.60009765625,4430.2998046875,1098.0,yahoo,GC=F
2026-09-11T13:00:00Z,4430.5,4435.5,4429.0,4429.7001953125,1648.0,yahoo,GC=F
2026-09-11T13:01:00Z,4429.39990234375,4432.39990234375,4426.7001953125,4432.2001953125,965.0,yahoo,GC=F
2026-09-11T13:02:00Z,4432.2998046875,4432.7001953125,4427.60009765625,4431.7998046875,353.0,yahoo,GC=F
2026-09-11T13:03:00Z,4432.0,4436.0,4429.7998046875,4430.89990234375,590.0,yahoo,GC=F
2026-09-11T13:04:00Z,4430.60009765625,4434.10009765625,4428.2001953125,4432.10009765625,823.0,yahoo,GC=F
2026-09-11T13:05:00Z,4432.2998046875,4436.39990234375,4431.2001953125,4435.0,494.0,yahoo,GC=F
2026-09-11T13:06:00Z,4435.2001953125,4435.2998046875,4428.39990234375,4428.39990234375,463.0,yahoo,GC=F
2026-09-11T13:07:00Z,4428.39990234375,4428.89990234375,4424.10009765625,4424.5,857.0,yahoo,GC=F
2026-09-11T13:08:00Z,4424.5,4426.7998046875,4423.5,4426.60009765625,482.0,yahoo,GC=F
2026-09-11T13:09:00Z,4426.89990234375,4427.7998046875,4424.10009765625,4424.7998046875,411.0,yahoo,GC=F
2026-09-11T13:10:00Z,4424.5,4425.89990234375,4422.60009765625,4423.5,415.0,yahoo,GC=F
2026-09-11T13:11:00Z,4423.7001953125,4428.5,4423.2001953125,4424.89990234375,655.0,yahoo,GC=F
2026-09-11T13:12:00Z,4424.7001953125,4428.39990234375,4424.39990234375,4424.89990234375,356.0,yahoo,GC=F
2026-09-11T13:13:00Z,4425.39990234375,4429.10009765625,4423.0,4428.60009765625,292.0,yahoo,GC=F
2026-09-11T13:14:00Z,4429.0,4433.5,4429.0,4431.2001953125,467.0,yahoo,GC=F
2026-09-11T13:15:00Z,4431.2998046875,4432.2001953125,4427.7998046875,4428.5,399.0,yahoo,GC=F
2026-09-11T13:16:00Z,4428.89990234375,4430.0,4425.2001953125,4425.7998046875,287.0,yahoo,GC=F
2026-09-11T13:17:00Z,4426.0,4426.10009765625,4422.7998046875,4423.7998046875,464.0,yahoo,GC=F
2026-09-11T13:18:00Z,4423.60009765625,4428.39990234375,4423.2001953125,4428.2001953125,399.0,yahoo,GC=F
2026-09-11T13:19:00Z,4428.5,4430.7001953125,4426.7001953125,4428.0,259.0,yahoo,GC=F
2026-09-11T13:20:00Z,4428.7001953125,4431.2998046875,4426.2001953125,4426.60009765625,298.0,yahoo,GC=F
2026-09-11T13:21:00Z,4426.2998046875,4426.7001953125,4422.2998046875,4424.7001953125,372.0,yahoo,GC=F
2026-09-11T13:22:00Z,4425.0,4426.7001953125,4421.89990234375,4424.10009765625,288.0,yahoo,GC=F
2026-09-11T13:23:00Z,4423.5,4427.39990234375,4423.0,4425.2998046875,316.0,yahoo,GC=F
2026-09-11T13:24:00Z,4425.2001953125,4426.10009765625,4424.0,4424.7001953125,85.0,yahoo,GC=F
2026-09-11T13:25:00Z,4424.5,4428.89990234375,4424.0,4427.89990234375,252.0,yahoo,GC=F
2026-09-11T13:26:00Z,4427.10009765625,4430.0,4426.10009765625,4429.0,217.0,yahoo,GC=F
2026-09-11T13:27:00Z,4429.2998046875,4430.7998046875,4427.39990234375,4427.7001953125,207.0,yahoo,GC=F
2026-09-11T13:28:00Z,4427.89990234375,4438.60009765625,4425.89990234375,4437.2001953125,1463.0,yahoo,GC=F
2026-09-11T13:29:00Z,4437.10009765625,4440.39990234375,4431.60009765625,4431.60009765625,770.0,yahoo,GC=F
2026-09-11T13:30:00Z,4432.2998046875,4433.10009765625,4428.10009765625,4430.2001953125,526.0,yahoo,GC=F
2026-09-11T13:31:00Z,4429.89990234375,4429.89990234375,4423.7998046875,4424.2998046875,705.0,yahoo,GC=F
2026-09-11T13:32:00Z,4424.7001953125,4430.0,4423.2998046875,4426.7998046875,548.0,yahoo,GC=F
2026-09-11T13:33:00Z,4426.39990234375,4429.89990234375,4425.39990234375,4428.7998046875,354.0,yahoo,GC=F
2026-09-11T13:34:00Z,4429.10009765625,4437.5,4429.10009765625,4437.10009765625,525.0,yahoo,GC=F
2026-09-11T13:35:00Z,4437.60009765625,4442.39990234375,4436.89990234375,4438.10009765625,628.0,yahoo,GC=F
2026-09-11T13:36:00Z,4438.60009765625,4439.0,4434.0,4434.7001953125,299.0,yahoo,GC=F
2026-09-11T13:37:00Z,4434.7001953125,4437.7001953125,4434.7001953125,4436.0,398.0,yahoo,GC=F
2026-09-11T13:38:00Z,4436.2001953125,4436.2001953125,4425.7998046875,4427.7998046875,647.0,yahoo,GC=F
2026-09-11T13:39:00Z,4427.89990234375,4432.5,4427.60009765625,4432.2998046875,223.0,yahoo,GC=F
2026-09-11T13:40:00Z,4432.2001953125,4442.0,4429.10009765625,4436.0,1097.0,yahoo,GC=F
2026-09-11T13:41:00Z,4436.0,4437.0,4433.7998046875,4433.7998046875,216.0,yahoo,GC=F
2026-09-11T13:42:00Z,4433.7001953125,4436.10009765625,4432.7001953125,4434.89990234375,177.0,yahoo,GC=F
2026-09-11T13:43:00Z,4434.7001953125,4435.7001953125,4433.0,4434.39990234375,137.0,yahoo,GC=F
2026-09-11T13:44:00Z,4433.5,4436.5,4430.2998046875,4436.5,138.0,yahoo,GC=F
2026-09-11T13:45:00Z,4436.89990234375,4437.7998046875,4434.89990234375,4435.39990234375,177.0,yahoo,GC=F
2026-09-11T13:46:00Z,4435.2998046875,4442.2001953125,4435.2001953125,4439.89990234375,452.0,yahoo,GC=F
2026-09-11T13:47:00Z,4440.0,4442.7998046875,4439.0,4442.2998046875,314.0,yahoo,GC=F
2026-09-11T13:48:00Z,4442.10009765625,4442.7998046875,4433.5,4434.10009765625,422.0,yahoo,GC=F
2026-09-11T13:49:00Z,4434.60009765625,4436.10009765625,4431.89990234375,4434.60009765625,230.0,yahoo,GC=F
2026-09-11T13:50:00Z,4434.7998046875,4436.10009765625,4433.0,4434.39990234375,154.0,yahoo,GC=F
2026-09-11T13:51:00Z,4434.10009765625,4434.10009765625,4431.0,4432.10009765625,216.0,yahoo,GC=F
2026-09-11T13:52:00Z,4432.7001953125,4433.0,4429.10009765625,4430.0,275.0,yahoo,GC=F
2026-09-11T13:53:00Z,4430.10009765625,4435.0,4430.10009765625,4432.7001953125,186.0,yahoo,GC=F
2026-09-11T13:54:00Z,4433.2998046875,4433.60009765625,4430.60009765625,4431.2998046875,132.0,yahoo,GC=F
2026-09-11T13:55:00Z,4431.7001953125,4432.5,4430.60009765625,4432.0,216.0,yahoo,GC=F
2026-09-11T13:56:00Z,4432.10009765625,4433.10009765625,4431.60009765625,4432.0,137.0,yahoo,GC=F
2026-09-11T13:57:00Z,4432.10009765625,4432.10009765625,4429.2001953125,4432.10009765625,170.0,yahoo,GC=F
2026-09-11T13:58:00Z,4432.0,4438.60009765625,4431.89990234375,4438.10009765625,319.0,yahoo,GC=F
2026-09-11T13:59:00Z,4438.7001953125,4444.89990234375,4438.2998046875,4443.89990234375,581.0,yahoo,GC=F
2026-09-11T14:00:00Z,4443.7001953125,4444.89990234375,4435.0,4435.0,830.0,yahoo,GC=F
2026-09-11T14:01:00Z,4435.2001953125,4435.2998046875,4425.7998046875,4426.10009765625,509.0,yahoo,GC=F
2026-09-11T14:02:00Z,4426.0,4427.2998046875,4423.7998046875,4425.89990234375,563.0,yahoo,GC=F
2026-09-11T14:03:00Z,4426.5,4430.0,4426.5,4429.60009765625,386.0,yahoo,GC=F
2026-09-11T14:04:00Z,4429.39990234375,4432.89990234375,4429.10009765625,4432.39990234375,254.0,yahoo,GC=F
2026-09-11T14:05:00Z,4432.39990234375,4432.7001953125,4429.0,4429.2001953125,477.0,yahoo,GC=F
2026-09-11T14:06:00Z,4429.2001953125,4431.5,4428.39990234375,4430.39990234375,410.0,yahoo,GC=F
2026-09-11T14:07:00Z,4430.0,4432.5,4428.2001953125,4428.89990234375,274.0,yahoo,GC=F
2026-09-11T14:08:00Z,4428.7001953125,4434.2998046875,4427.7998046875,4431.5,429.0,yahoo,GC=F
2026-09-11T14:09:00Z,4431.10009765625,4431.39990234375,4428.7001953125,4429.60009765625,157.0,yahoo,GC=F
2026-09-11T14:10:00Z,4429.7001953125,4430.39990234375,4426.7998046875,4428.60009765625,151.0,yahoo,GC=F
2026-09-11T14:11:00Z,4428.7001953125,4429.60009765625,4427.5,4428.7998046875,137.0,yahoo,GC=F
2026-09-11T14:12:00Z,4428.7001953125,4429.0,4424.2001953125,4425.0,286.0,yahoo,GC=F
2026-09-11T14:13:00Z,4425.0,4427.60009765625,4424.60009765625,4425.5,214.0,yahoo,GC=F
2026-09-11T14:14:00Z,4426.2998046875,4427.89990234375,4425.2001953125,4425.2001953125,148.0,yahoo,GC=F
2026-09-11T14:15:00Z,4425.0,4427.2998046875,4423.2998046875,4425.7001953125,254.0,yahoo,GC=F
2026-09-11T14:16:00Z,4425.60009765625,4426.0,4421.0,4421.2001953125,313.0,yahoo,GC=F
2026-09-11T14:17:00Z,4421.10009765625,4423.2001953125,4420.2001953125,4422.2001953125,235.0,yahoo,GC=F
2026-09-11T14:18:00Z,4421.7998046875,4421.7998046875,4418.0,4421.60009765625,464.0,yahoo,GC=F
2026-09-11T14:19:00Z,4421.60009765625,4425.2998046875,4420.7998046875,4424.7998046875,322.0,yahoo,GC=F
2026-09-11T14:20:00Z,4425.0,4426.5,4422.7998046875,4425.2001953125,260.0,yahoo,GC=F
2026-09-11T14:21:00Z,4425.7001953125,4427.7001953125,4423.7998046875,4427.0,227.0,yahoo,GC=F
2026-09-11T14:22:00Z,4426.7001953125,4427.10009765625,4424.5,4426.7001953125,235.0,yahoo,GC=F
2026-09-11T14:23:00Z,4426.5,4426.5,4422.89990234375,4423.7001953125,254.0,yahoo,GC=F
2026-09-11T14:24:00Z,4423.7998046875,4424.60009765625,4419.89990234375,4421.10009765625,245.0,yahoo,GC=F
2026-09-11T14:25:00Z,4421.39990234375,4421.39990234375,4416.89990234375,4417.7001953125,561.0,yahoo,GC=F
2026-09-11T14:26:00Z,4417.7001953125,4419.2001953125,4416.2001953125,4417.7998046875,303.0,yahoo,GC=F
2026-09-11T14:27:00Z,4417.5,4420.2001953125,4417.10009765625,4418.89990234375,236.0,yahoo,GC=F
2026-09-11T14:28:00Z,4418.89990234375,4420.2001953125,4416.39990234375,4417.2998046875,273.0,yahoo,GC=F
2026-09-11T14:29:00Z,4417.60009765625,4419.2998046875,4417.0,4417.0,160.0,yahoo,GC=F
2026-09-11T14:30:00Z,4417.2001953125,4417.5,4414.0,4415.0,312.0,yahoo,GC=F
2026-09-11T14:31:00Z,4414.89990234375,4416.39990234375,4413.10009765625,4413.2001953125,225.0,yahoo,GC=F
2026-09-11T14:32:00Z,4413.2001953125,4415.7998046875,4412.7001953125,4415.5,326.0,yahoo,GC=F
2026-09-11T14:33:00Z,4415.39990234375,4417.5,4413.7998046875,4415.89990234375,146.0,yahoo,GC=F
2026-09-11T14:34:00Z,4416.0,4416.10009765625,4412.7998046875,4413.39990234375,141.0,yahoo,GC=F
2026-09-11T14:35:00Z,4413.2998046875,4414.89990234375,4412.10009765625,4412.89990234375,267.0,yahoo,GC=F
2026-09-11T14:36:00Z,4412.39990234375,4412.5,4408.2998046875,4409.2998046875,474.0,yahoo,GC=F
2026-09-11T14:37:00Z,4409.5,4412.89990234375,4409.39990234375,4411.5,336.0,yahoo,GC=F
2026-09-11T14:38:00Z,4411.2998046875,4411.60009765625,4406.2998046875,4407.89990234375,388.0,yahoo,GC=F
2026-09-11T14:39:00Z,4407.39990234375,4409.89990234375,4407.2998046875,4409.60009765625,258.0,yahoo,GC=F
2026-09-11T14:40:00Z,4410.0,4413.7001953125,4409.60009765625,4411.10009765625,609.0,yahoo,GC=F
2026-09-11T14:41:00Z,4410.89990234375,4413.0,4410.10009765625,4412.7998046875,147.0,yahoo,GC=F
2026-09-11T14:42:00Z,4412.39990234375,4412.5,4410.0,4410.60009765625,146.0,yahoo,GC=F
2026-09-11T14:43:00Z,4410.89990234375,4412.39990234375,4410.5,4410.7998046875,117.0,yahoo,GC=F
2026-09-11T14:44:00Z,4410.89990234375,4413.7998046875,4410.89990234375,4413.10009765625,248.0,yahoo,GC=F
2026-09-11T14:45:00Z,4412.89990234375,4417.2998046875,4412.89990234375,4416.5,351.0,yahoo,GC=F
2026-09-11T14:46:00Z,4416.60009765625,4418.89990234375,4415.5,4418.5,262.0,yahoo,GC=F
2026-09-11T14:47:00Z,4418.2998046875,4419.89990234375,4415.5,4415.7998046875,201.0,yahoo,GC=F
2026-09-11T14:48:00Z,4415.89990234375,4426.10009765625,4413.7998046875,4421.2001953125,1542.0,yahoo,GC=F
2026-09-11T14:49:00Z,4421.0,4422.2998046875,4419.0,4421.2998046875,289.0,yahoo,GC=F
2026-09-11T14:50:00Z,4421.10009765625,4422.60009765625,4419.0,4422.2998046875,143.0,yahoo,GC=F
2026-09-11T14:51:00Z,4422.7001953125,4425.39990234375,4422.39990234375,4423.89990234375,339.0,yahoo,GC=F
2026-09-11T14:52:00Z,4423.7998046875,4426.0,4421.7001953125,4421.7998046875,122.0,yahoo,GC=F
2026-09-11T14:53:00Z,4421.7001953125,4422.2001953125,4420.2001953125,4420.89990234375,214.0,yahoo,GC=F
2026-09-11T14:54:00Z,4420.89990234375,4422.7998046875,4419.39990234375,4419.39990234375,209.0,yahoo,GC=F
2026-09-11T14:55:00Z,4419.7998046875,4420.2998046875,4415.89990234375,4416.10009765625,146.0,yahoo,GC=F
2026-09-11T14:56:00Z,4416.5,4418.0,4416.2001953125,4417.2998046875,115.0,yahoo,GC=F
2026-09-11T14:57:00Z,4416.7998046875,4417.10009765625,4415.5,4415.60009765625,151.0,yahoo,GC=F
2026-09-11T14:58:00Z,4415.60009765625,4416.2001953125,4413.2001953125,4413.5,191.0,yahoo,GC=F
2026-09-11T14:59:00Z,4413.0,4413.2998046875,4412.2998046875,4412.5,201.0,yahoo,GC=F
2026-09-11T15:00:00Z,4412.5,4414.39990234375,4409.7998046875,4413.7001953125,415.0,yahoo,GC=F
2026-09-11T15:01:00Z,4414.0,4414.7998046875,4412.2998046875,4413.5,253.0,yahoo,GC=F
2026-09-11T15:02:00Z,4413.39990234375,4413.39990234375,4409.7001953125,4410.2001953125,165.0,yahoo,GC=F
2026-09-11T15:03:00Z,4410.2998046875,4410.39990234375,4408.2998046875,4410.39990234375,151.0,yahoo,GC=F
2026-09-11T15:04:00Z,4410.5,4412.60009765625,4410.10009765625,4412.60009765625,172.0,yahoo,GC=F
2026-09-11T15:05:00Z,4412.2998046875,4412.7001953125,4410.60009765625,4411.39990234375,174.0,yahoo,GC=F
2026-09-11T15:06:00Z,4411.2001953125,4412.0,4410.2001953125,4410.2001953125,71.0,yahoo,GC=F
2026-09-11T15:07:00Z,4410.39990234375,4410.7001953125,4406.2998046875,4407.89990234375,204.0,yahoo,GC=F
2026-09-11T15:08:00Z,4407.7998046875,4408.2998046875,4404.2001953125,4405.60009765625,414.0,yahoo,GC=F
2026-09-11T15:09:00Z,4405.60009765625,4406.0,4403.39990234375,4405.0,326.0,yahoo,GC=F
2026-09-11T15:10:00Z,4404.60009765625,4405.60009765625,4403.60009765625,4405.5,306.0,yahoo,GC=F
2026-09-11T15:11:00Z,4405.39990234375,4405.7998046875,4403.2998046875,4405.0,215.0,yahoo,GC=F
2026-09-11T15:12:00Z,4405.2001953125,4405.2998046875,4402.39990234375,4402.39990234375,114.0,yahoo,GC=F
2026-09-11T15:13:00Z,4402.39990234375,4403.2998046875,4401.0,4402.5,258.0,yahoo,GC=F
2026-09-11T15:14:00Z,4403.0,4405.0,4402.0,4404.2998046875,329.0,yahoo,GC=F
2026-09-11T15:15:00Z,4404.10009765625,4406.5,4404.0,4406.10009765625,344.0,yahoo,GC=F
2026-09-11T15:16:00Z,4405.60009765625,4408.0,4404.7001953125,4407.89990234375,223.0,yahoo,GC=F
2026-09-11T15:17:00Z,4407.60009765625,4408.10009765625,4406.39990234375,4406.7998046875,487.0,yahoo,GC=F
2026-09-11T15:18:00Z,4407.10009765625,4407.10009765625,4403.39990234375,4403.7998046875,188.0,yahoo,GC=F
2026-09-11T15:19:00Z,4403.7001953125,4404.60009765625,4403.5,4404.2001953125,88.0,yahoo,GC=F
2026-09-11T15:20:00Z,4404.5,4407.0,4404.10009765625,4405.2001953125,176.0,yahoo,GC=F
2026-09-11T15:21:00Z,4405.10009765625,4409.7998046875,4405.10009765625,4408.7998046875,257.0,yahoo,GC=F
2026-09-11T15:22:00Z,4408.7001953125,4409.7998046875,4406.0,4407.0,147.0,yahoo,GC=F
2026-09-11T15:23:00Z,4407.0,4407.7998046875,4405.39990234375,4407.7998046875,96.0,yahoo,GC=F
2026-09-11T15:24:00Z,4407.7998046875,4408.2001953125,4405.39990234375,4407.10009765625,184.0,yahoo,GC=F
2026-09-11T15:25:00Z,4407.39990234375,4408.7001953125,4406.89990234375,4407.5,147.0,yahoo,GC=F
2026-09-11T15:26:00Z,4407.7001953125,4409.60009765625,4407.60009765625,4408.10009765625,268.0,yahoo,GC=F
2026-09-11T15:27:00Z,4408.39990234375,4412.7998046875,4408.39990234375,4412.0,376.0,yahoo,GC=F
2026-09-11T15:28:00Z,4412.0,4414.0,4411.2998046875,4411.89990234375,185.0,yahoo,GC=F
2026-09-11T15:29:00Z,4412.0,4412.89990234375,4410.89990234375,4412.0,151.0,yahoo,GC=F
2026-09-11T15:30:00Z,4411.7998046875,4413.0,4410.60009765625,4412.7998046875,180.0,yahoo,GC=F
2026-09-11T15:31:00Z,4412.7998046875,4413.10009765625,4411.2998046875,4412.2998046875,53.0,yahoo,GC=F
2026-09-11T15:32:00Z,4412.5,4416.10009765625,4412.2001953125,4415.7001953125,217.0,yahoo,GC=F
2026-09-11T15:33:00Z,4415.5,4417.2001953125,4414.7001953125,4416.2001953125,170.0,yahoo,GC=F
2026-09-11T15:34:00Z,4416.2998046875,4416.60009765625,4414.39990234375,4414.39990234375,157.0,yahoo,GC=F
2026-09-11T15:35:00Z,4414.60009765625,4415.60009765625,4411.89990234375,4414.0,169.0,yahoo,GC=F
2026-09-11T15:36:00Z,4414.0,4414.39990234375,4412.60009765625,4414.39990234375,86.0,yahoo,GC=F
2026-09-11T15:37:00Z,4414.39990234375,4418.7001953125,4414.39990234375,4416.7001953125,400.0,yahoo,GC=F
2026-09-11T15:38:00Z,4416.60009765625,4416.7001953125,4415.0,4416.2001953125,147.0,yahoo,GC=F
2026-09-11T15:39:00Z,4416.39990234375,4416.60009765625,4415.2001953125,4415.2001953125,118.0,yahoo,GC=F
2026-09-11T15:40:00Z,4415.2998046875,4415.39990234375,4412.2001953125,4413.0,132.0,yahoo,GC=F
2026-09-11T15:41:00Z,4412.89990234375,4413.7998046875,4411.7001953125,4412.5,98.0,yahoo,GC=F
2026-09-11T15:42:00Z,4412.7998046875,4414.39990234375,4412.60009765625,4414.0,55.0,yahoo,GC=F
2026-09-11T15:43:00Z,4413.7998046875,4416.60009765625,4413.7001953125,4415.39990234375,90.0,yahoo,GC=F
2026-09-11T15:44:00Z,4415.2001953125,4415.7001953125,4413.7001953125,4414.5,104.0,yahoo,GC=F
2026-09-11T15:45:00Z,4414.2998046875,4414.2998046875,4412.2001953125,4412.7001953125,66.0,yahoo,GC=F
2026-09-11T15:46:00Z,4412.89990234375,4413.39990234375,4412.2998046875,4412.7001953125,48.0,yahoo,GC=F
2026-09-11T15:47:00Z,4412.60009765625,4412.60009765625,4411.0,4411.2001953125,92.0,yahoo,GC=F
2026-09-11T15:48:00Z,4411.2001953125,4412.10009765625,4409.89990234375,4411.60009765625,90.0,yahoo,GC=F
2026-09-11T15:49:00Z,4411.5,4415.0,4411.5,4414.7001953125,148.0,yahoo,GC=F
2026-09-11T15:50:00Z,4414.7001953125,4415.2998046875,4413.39990234375,4415.0,95.0,yahoo,GC=F
2026-09-11T15:51:00Z,4414.89990234375,4415.2998046875,4413.60009765625,4414.39990234375,75.0,yahoo,GC=F
2026-09-11T15:52:00Z,4413.89990234375,4414.60009765625,4412.7998046875,4412.7998046875,62.0,yahoo,GC=F
2026-09-11T15:53:00Z,4412.60009765625,4412.7001953125,4408.7998046875,4409.0,269.0,yahoo,GC=F
2026-09-11T15:54:00Z,4408.89990234375,4410.7998046875,4408.10009765625,4410.5,161.0,yahoo,GC=F
2026-09-11T15:55:00Z,4410.60009765625,4411.10009765625,4409.7001953125,4410.10009765625,92.0,yahoo,GC=F
2026-09-11T15:56:00Z,4410.0,4410.0,4407.39990234375,4407.60009765625,150.0,yahoo,GC=F
2026-09-11T15:57:00Z,4407.5,4409.0,4407.5,4407.7998046875,96.0,yahoo,GC=F
2026-09-11T15:58:00Z,4407.89990234375,4408.2001953125,4406.7998046875,4407.5,132.0,yahoo,GC=F
2026-09-11T15:59:00Z,4407.2001953125,4409.2001953125,4407.2001953125,4408.60009765625,116.0,yahoo,GC=F
2026-09-11T16:00:00Z,4408.60009765625,4412.10009765625,4408.39990234375,4411.7001953125,150.0,yahoo,GC=F
2026-09-11T16:01:00Z,4411.7998046875,4412.60009765625,4410.39990234375,4410.39990234375,108.0,yahoo,GC=F
2026-09-11T16:02:00Z,4410.2001953125,4412.0,4410.0,4412.0,63.0,yahoo,GC=F
2026-09-11T16:03:00Z,4411.7001953125,4412.7001953125,4411.39990234375,4412.2998046875,58.0,yahoo,GC=F
2026-09-11T16:04:00Z,4412.5,4414.2998046875,4412.39990234375,4413.60009765625,126.0,yahoo,GC=F
2026-09-11T16:05:00Z,4413.39990234375,4414.39990234375,4412.89990234375,4412.89990234375,119.0,yahoo,GC=F
2026-09-11T16:06:00Z,4413.0,4413.39990234375,4411.7998046875,4411.7998046875,84.0,yahoo,GC=F
2026-09-11T16:07:00Z,4411.7998046875,4412.2998046875,4409.2001953125,4409.2001953125,118.0,yahoo,GC=F
2026-09-11T16:08:00Z,4409.10009765625,4409.60009765625,4408.10009765625,4408.89990234375,106.0,yahoo,GC=F
2026-09-11T16:09:00Z,4409.10009765625,4409.5,4408.5,4408.60009765625,48.0,yahoo,GC=F
2026-09-11T16:10:00Z,4409.10009765625,4409.7001953125,4408.5,4408.5,59.0,yahoo,GC=F
2026-09-11T16:11:00Z,4409.0,4410.7001953125,4408.7001953125,4410.0,142.0,yahoo,GC=F
2026-09-11T16:12:00Z,4410.0,4410.0,4408.7998046875,4409.10009765625,65.0,yahoo,GC=F
2026-09-11T16:13:00Z,4409.0,4409.0,4406.2001953125,4406.5,138.0,yahoo,GC=F
2026-09-11T16:14:00Z,4406.39990234375,4406.7001953125,4402.7001953125,4403.0,253.0,yahoo,GC=F
2026-09-11T16:15:00Z,4402.7998046875,4404.0,4401.7001953125,4403.7998046875,217.0,yahoo,GC=F
2026-09-11T16:16:00Z,4403.7001953125,4404.2998046875,4402.60009765625,4403.60009765625,108.0,yahoo,GC=F
2026-09-11T16:17:00Z,4403.7998046875,4405.0,4403.60009765625,4404.0,64.0,yahoo,GC=F
2026-09-11T16:18:00Z,4404.2998046875,4405.7998046875,4403.10009765625,4405.39990234375,119.0,yahoo,GC=F
2026-09-11T16:19:00Z,4404.7998046875,4404.89990234375,4400.2001953125,4401.0,260.0,yahoo,GC=F
2026-09-11T16:20:00Z,4400.7998046875,4402.5,4400.10009765625,4400.10009765625,205.0,yahoo,GC=F
2026-09-11T16:21:00Z,4400.39990234375,4402.0,4400.2001953125,4400.39990234375,114.0,yahoo,GC=F
2026-09-11T16:22:00Z,4400.5,4400.5,4398.5,4399.60009765625,279.0,yahoo,GC=F
2026-09-11T16:23:00Z,4399.60009765625,4401.60009765625,4396.2001953125,4396.2998046875,717.0,yahoo,GC=F
2026-09-11T16:24:00Z,4396.5,4396.5,4393.2998046875,4394.39990234375,560.0,yahoo,GC=F
2026-09-11T16:25:00Z,4394.39990234375,4395.60009765625,4393.89990234375,4395.5,190.0,yahoo,GC=F
2026-09-11T16:26:00Z,4395.2998046875,4398.2001953125,4394.7998046875,4397.7001953125,328.0,yahoo,GC=F
2026-09-11T16:27:00Z,4397.7001953125,4402.0,4397.7001953125,4400.39990234375,615.0,yahoo,GC=F
2026-09-11T16:28:00Z,4400.39990234375,4404.2998046875,4400.2998046875,4404.0,323.0,yahoo,GC=F
2026-09-11T16:29:00Z,4403.7998046875,4404.10009765625,4396.10009765625,4396.2001953125,855.0,yahoo,GC=F
2026-09-11T16:30:00Z,4396.5,4398.7001953125,4394.7001953125,4398.2001953125,296.0,yahoo,GC=F
2026-09-11T16:31:00Z,4398.2001953125,4399.7001953125,4397.10009765625,4398.7998046875,210.0,yahoo,GC=F
2026-09-11T16:32:00Z,4399.0,4403.2998046875,4397.0,4402.2998046875,441.0,yahoo,GC=F
2026-09-11T16:33:00Z,4402.2998046875,4406.39990234375,4402.2998046875,4406.10009765625,272.0,yahoo,GC=F
2026-09-11T16:34:00Z,4406.2998046875,4407.39990234375,4405.5,4405.7998046875,194.0,yahoo,GC=F
2026-09-11T16:35:00Z,4405.7001953125,4406.0,4403.7998046875,4404.2001953125,128.0,yahoo,GC=F
2026-09-11T16:36:00Z,4404.0,4404.2998046875,4400.7998046875,4402.0,118.0,yahoo,GC=F
2026-09-11T16:37:00Z,4401.60009765625,4403.7998046875,4400.7998046875,4403.7998046875,98.0,yahoo,GC=F
2026-09-11T16:38:00Z,4403.5,4405.10009765625,4403.39990234375,4403.7998046875,150.0,yahoo,GC=F
2026-09-11T16:39:00Z,4403.5,4403.60009765625,4401.2001953125,4401.2001953125,176.0,yahoo,GC=F
2026-09-11T16:40:00Z,4401.2001953125,4405.5,4400.7001953125,4405.2998046875,152.0,yahoo,GC=F
2026-09-11T16:41:00Z,4405.7998046875,4406.39990234375,4405.0,4406.10009765625,164.0,yahoo,GC=F
2026-09-11T16:42:00Z,4406.10009765625,4406.2001953125,4402.39990234375,4404.0,185.0,yahoo,GC=F
2026-09-11T16:43:00Z,4403.7001953125,4405.7001953125,4403.7001953125,4404.89990234375,76.0,yahoo,GC=F
2026-09-11T16:44:00Z,4404.89990234375,4405.60009765625,4404.89990234375,4405.39990234375,59.0,yahoo,GC=F
2026-09-11T16:45:00Z,4405.5,4406.89990234375,4405.39990234375,4406.5,153.0,yahoo,GC=F
2026-09-11T16:46:00Z,4406.60009765625,4406.7998046875,4405.2001953125,4405.2001953125,45.0,yahoo,GC=F
2026-09-11T16:47:00Z,4405.5,4406.0,4404.2998046875,4404.2998046875,95.0,yahoo,GC=F
2026-09-11T16:48:00Z,4404.2998046875,4405.2998046875,4404.0,4404.10009765625,39.0,yahoo,GC=F
2026-09-11T16:49:00Z,4404.10009765625,4404.2001953125,4402.2998046875,4402.2998046875,76.0,yahoo,GC=F
2026-09-11T16:50:00Z,4402.5,4403.39990234375,4402.10009765625,4402.2998046875,43.0,yahoo,GC=F
2026-09-11T16:51:00Z,4402.7998046875,4403.5,4402.2998046875,4403.10009765625,34.0,yahoo,GC=F
2026-09-11T16:52:00Z,4402.7001953125,4403.5,4402.39990234375,4403.10009765625,18.0,yahoo,GC=F
2026-09-11T16:53:00Z,4403.0,4403.2001953125,4402.60009765625,4402.60009765625,20.0,yahoo,GC=F
2026-09-11T16:54:00Z,4402.60009765625,4403.5,4402.5,4403.0,32.0,yahoo,GC=F
2026-09-11T16:55:00Z,4403.0,4404.60009765625,4403.0,4404.2001953125,35.0,yahoo,GC=F
2026-09-11T16:56:00Z,4403.7001953125,4404.2998046875,4403.2998046875,4403.89990234375,27.0,yahoo,GC=F
2026-09-11T16:57:00Z,4404.10009765625,4405.0,4403.0,4404.5,69.0,yahoo,GC=F
2026-09-11T16:58:00Z,4404.7001953125,4405.2001953125,4404.2001953125,4404.2001953125,61.0,yahoo,GC=F
2026-09-11T16:59:00Z,4404.10009765625,4404.2998046875,4403.39990234375,4403.7998046875,86.0,yahoo,GC=F
2026-09-11T17:00:00Z,4403.7001953125,4405.2001953125,4402.89990234375,4404.10009765625,163.0,yahoo,GC=F
2026-09-11T17:01:00Z,4404.5,4406.0,4404.5,4405.2998046875,122.0,yahoo,GC=F
2026-09-11T17:02:00Z,4405.2001953125,4405.2001953125,4404.39990234375,4404.89990234375,34.0,yahoo,GC=F
2026-09-11T17:03:00Z,4404.7998046875,4404.89990234375,4403.5,4404.2998046875,102.0,yahoo,GC=F
2026-09-11T17:04:00Z,4404.39990234375,4405.5,4404.2998046875,4405.2001953125,46.0,yahoo,GC=F
2026-09-11T17:05:00Z,4405.2001953125,4405.2001953125,4403.10009765625,4404.60009765625,71.0,yahoo,GC=F
2026-09-11T17:06:00Z,4404.89990234375,4406.10009765625,4404.60009765625,4406.10009765625,33.0,yahoo,GC=F
2026-09-11T17:07:00Z,4405.89990234375,4411.39990234375,4405.5,4405.89990234375,764.0,yahoo,GC=F
2026-09-11T17:08:00Z,4405.89990234375,4406.39990234375,4405.2998046875,4405.39990234375,52.0,yahoo,GC=F
2026-09-11T17:09:00Z,4405.60009765625,4406.2998046875,4405.2998046875,4405.89990234375,69.0,yahoo,GC=F
2026-09-11T17:10:00Z,4406.0,4408.10009765625,4404.2998046875,4405.89990234375,264.0,yahoo,GC=F
2026-09-11T17:11:00Z,4405.7998046875,4407.2001953125,4405.10009765625,4406.39990234375,68.0,yahoo,GC=F
2026-09-11T17:12:00Z,4406.39990234375,4409.0,4406.39990234375,4407.60009765625,110.0,yahoo,GC=F
2026-09-11T17:13:00Z,4407.60009765625,4408.10009765625,4406.7998046875,4406.7998046875,93.0,yahoo,GC=F
2026-09-11T17:14:00Z,4406.7001953125,4407.7001953125,4406.10009765625,4407.60009765625,42.0,yahoo,GC=F
2026-09-11T17:15:00Z,4407.7001953125,4408.89990234375,4406.39990234375,4406.7001953125,133.0,yahoo,GC=F
2026-09-11T17:16:00Z,4406.39990234375,4407.89990234375,4405.5,4407.2001953125,99.0,yahoo,GC=F
2026-09-11T17:17:00Z,4407.89990234375,4409.10009765625,4407.7001953125,4409.0,65.0,yahoo,GC=F
2026-09-11T17:18:00Z,4408.89990234375,4408.89990234375,4407.7998046875,4408.2001953125,111.0,yahoo,GC=F
2026-09-11T17:19:00Z,4408.39990234375,4411.0,4408.39990234375,4409.7998046875,124.0,yahoo,GC=F
2026-09-11T17:20:00Z,4409.89990234375,4411.2001953125,4409.2001953125,4409.5,130.0,yahoo,GC=F
2026-09-11T17:21:00Z,4409.5,4409.7998046875,4408.2001953125,4408.2001953125,81.0,yahoo,GC=F
2026-09-11T17:22:00Z,4408.2001953125,4410.5,4408.10009765625,4408.7001953125,216.0,yahoo,GC=F
2026-09-11T17:23:00Z,4408.5,4410.7998046875,4408.0,4409.89990234375,161.0,yahoo,GC=F
2026-09-11T17:24:00Z,4410.10009765625,4411.60009765625,4410.10009765625,4411.10009765625,115.0,yahoo,GC=F
2026-09-11T17:25:00Z,4411.39990234375,4412.2998046875,4409.7998046875,4410.2998046875,178.0,yahoo,GC=F
2026-09-11T17:26:00Z,4410.2001953125,4410.2998046875,4409.0,4409.2001953125,100.0,yahoo,GC=F
2026-09-11T17:27:00Z,4409.39990234375,4410.7001953125,4409.2001953125,4409.2998046875,66.0,yahoo,GC=F
2026-09-11T17:28:00Z,4409.7001953125,4410.39990234375,4408.60009765625,4408.60009765625,217.0,yahoo,GC=F
2026-09-11T17:29:00Z,4408.7998046875,4409.60009765625,4408.10009765625,4409.10009765625,835.0,yahoo,GC=F
2026-09-11T17:30:00Z,4409.10009765625,4409.7998046875,4407.39990234375,4409.7001953125,218.0,yahoo,GC=F
2026-09-11T17:31:00Z,4409.7998046875,4412.5,4409.7998046875,4412.5,108.0,yahoo,GC=F
2026-09-11T17:32:00Z,4412.60009765625,4412.7001953125,4410.5,4411.0,207.0,yahoo,GC=F
2026-09-11T17:33:00Z,4411.10009765625,4411.5,4410.60009765625,4410.89990234375,83.0,yahoo,GC=F
2026-09-11T17:34:00Z,4411.2001953125,4411.7001953125,4411.2001953125,4411.5,38.0,yahoo,GC=F
2026-09-11T17:35:00Z,4411.39990234375,4411.7998046875,4410.7001953125,4410.7998046875,39.0,yahoo,GC=F
2026-09-11T17:36:00Z,4410.5,4411.7001953125,4409.60009765625,4410.2001953125,70.0,yahoo,GC=F
2026-09-11T17:37:00Z,4410.0,4410.10009765625,4407.7001953125,4407.89990234375,120.0,yahoo,GC=F
2026-09-11T17:38:00Z,4408.0,4408.10009765625,4405.39990234375,4405.7001953125,308.0,yahoo,GC=F
2026-09-11T17:39:00Z,4405.60009765625,4405.7998046875,4404.39990234375,4404.7001953125,184.0,yahoo,GC=F
2026-09-11T17:40:00Z,4404.7001953125,4405.7001953125,4404.5,4404.89990234375,67.0,yahoo,GC=F
2026-09-11T17:41:00Z,4404.2998046875,4404.7001953125,4403.10009765625,4403.2998046875,82.0,yahoo,GC=F
2026-09-11T17:42:00Z,4403.2001953125,4403.7001953125,4402.10009765625,4403.5,206.0,yahoo,GC=F
2026-09-11T17:43:00Z,4403.5,4404.89990234375,4403.39990234375,4403.89990234375,77.0,yahoo,GC=F
2026-09-11T17:44:00Z,4403.7998046875,4405.7998046875,4403.39990234375,4404.39990234375,155.0,yahoo,GC=F
2026-09-11T17:45:00Z,4404.10009765625,4404.10009765625,4402.60009765625,4403.0,115.0,yahoo,GC=F
2026-09-11T17:46:00Z,4402.7001953125,4403.5,4401.7998046875,4401.89990234375,81.0,yahoo,GC=F
2026-09-11T17:47:00Z,4402.2001953125,4402.7998046875,4401.39990234375,4402.2998046875,38.0,yahoo,GC=F
2026-09-11T17:48:00Z,4402.2998046875,4402.7998046875,4402.10009765625,4402.5,32.0,yahoo,GC=F
2026-09-11T17:49:00Z,4402.5,4404.60009765625,4402.5,4404.0,60.0,yahoo,GC=F
2026-09-11T17:50:00Z,4403.89990234375,4404.10009765625,4403.2001953125,4403.7998046875,46.0,yahoo,GC=F
2026-09-11T17:51:00Z,4403.60009765625,4405.0,4403.2001953125,4404.7998046875,79.0,yahoo,GC=F
2026-09-11T17:52:00Z,4404.89990234375,4405.89990234375,4404.10009765625,4405.7998046875,192.0,yahoo,GC=F
2026-09-11T17:53:00Z,4405.60009765625,4406.2998046875,4405.2998046875,4405.2998046875,79.0,yahoo,GC=F
2026-09-11T17:54:00Z,4405.2998046875,4405.60009765625,4404.7998046875,4405.10009765625,48.0,yahoo,GC=F
2026-09-11T17:55:00Z,4405.2001953125,4405.5,4403.2998046875,4403.7001953125,47.0,yahoo,GC=F
2026-09-11T17:56:00Z,4403.5,4403.5,4401.89990234375,4401.89990234375,166.0,yahoo,GC=F
2026-09-11T17:57:00Z,4402.10009765625,4402.2001953125,4401.10009765625,4401.39990234375,49.0,yahoo,GC=F
2026-09-11T17:58:00Z,4401.10009765625,4401.39990234375,4400.0,4400.39990234375,60.0,yahoo,GC=F
2026-09-11T17:59:00Z,4400.2998046875,4401.10009765625,4400.2001953125,4400.60009765625,38.0,yahoo,GC=F
2026-09-11T18:00:00Z,4400.5,4401.7998046875,4399.60009765625,4399.89990234375,251.0,yahoo,GC=F
2026-09-11T18:01:00Z,4399.7001953125,4400.5,4399.5,4399.89990234375,34.0,yahoo,GC=F
2026-09-11T18:02:00Z,4400.39990234375,4402.0,4400.39990234375,4401.7998046875,65.0,yahoo,GC=F
2026-09-11T18:03:00Z,4401.7001953125,4402.0,4401.10009765625,4401.60009765625,57.0,yahoo,GC=F
2026-09-11T18:04:00Z,4401.60009765625,4402.39990234375,4401.10009765625,4402.39990234375,104.0,yahoo,GC=F
2026-09-11T18:05:00Z,4402.2001953125,4402.39990234375,4400.0,4400.5,53.0,yahoo,GC=F
2026-09-11T18:06:00Z,4400.7998046875,4401.10009765625,4399.7998046875,4400.0,45.0,yahoo,GC=F
2026-09-11T18:07:00Z,4400.0,4400.0,4398.60009765625,4398.89990234375,86.0,yahoo,GC=F
2026-09-11T18:08:00Z,4398.7998046875,4398.89990234375,4397.60009765625,4397.89990234375,195.0,yahoo,GC=F
2026-09-11T18:09:00Z,4398.0,4398.5,4396.0,4396.2001953125,149.0,yahoo,GC=F
2026-09-11T18:10:00Z,4396.10009765625,4398.39990234375,4396.10009765625,4398.2998046875,101.0,yahoo,GC=F
2026-09-11T18:11:00Z,4398.2001953125,4398.5,4396.60009765625,4397.0,76.0,yahoo,GC=F
2026-09-11T18:12:00Z,4396.89990234375,4396.89990234375,4394.60009765625,4395.10009765625,163.0,yahoo,GC=F
2026-09-11T18:13:00Z,4395.10009765625,4395.2001953125,4391.2998046875,4392.5,284.0,yahoo,GC=F
2026-09-11T18:14:00Z,4392.2998046875,4392.39990234375,4387.10009765625,4389.0,881.0,yahoo,GC=F
2026-09-11T18:15:00Z,4389.0,4391.0,4386.7998046875,4390.60009765625,364.0,yahoo,GC=F
2026-09-11T18:16:00Z,4390.39990234375,4392.2001953125,4390.0,4391.60009765625,185.0,yahoo,GC=F
2026-09-11T18:17:00Z,4391.2998046875,4392.7001953125,4391.2001953125,4392.10009765625,364.0,yahoo,GC=F
2026-09-11T18:18:00Z,4392.10009765625,4393.2998046875,4391.0,4393.2001953125,153.0,yahoo,GC=F
2026-09-11T18:19:00Z,4393.0,4394.2001953125,4391.5,4391.7998046875,164.0,yahoo,GC=F
2026-09-11T18:20:00Z,4391.7998046875,4392.5,4386.7998046875,4388.7998046875,554.0,yahoo,GC=F
2026-09-11T18:21:00Z,4388.89990234375,4389.7001953125,4385.7998046875,4387.39990234375,154.0,yahoo,GC=F
2026-09-11T18:22:00Z,4387.2998046875,4391.5,4387.2998046875,4390.7998046875,178.0,yahoo,GC=F
2026-09-11T18:23:00Z,4390.5,4392.39990234375,4389.89990234375,4390.2001953125,134.0,yahoo,GC=F
2026-09-11T18:24:00Z,4390.10009765625,4391.7998046875,4389.89990234375,4391.39990234375,61.0,yahoo,GC=F
2026-09-11T18:25:00Z,4391.10009765625,4393.2001953125,4391.10009765625,4392.2001953125,96.0,yahoo,GC=F
2026-09-11T18:26:00Z,4392.0,4392.7998046875,4391.10009765625,4391.2001953125,38.0,yahoo,GC=F
2026-09-11T18:27:00Z,4391.7001953125,4393.10009765625,4391.0,4392.0,46.0,yahoo,GC=F
2026-09-11T18:28:00Z,4392.10009765625,4394.7998046875,4391.60009765625,4394.39990234375,73.0,yahoo,GC=F
2026-09-11T18:29:00Z,4394.2001953125,4395.2998046875,4392.2998046875,4392.89990234375,69.0,yahoo,GC=F
2026-09-11T18:30:00Z,4392.89990234375,4393.89990234375,4391.89990234375,4392.5,37.0,yahoo,GC=F
2026-09-11T18:31:00Z,4391.89990234375,4392.0,4388.2998046875,4388.2998046875,125.0,yahoo,GC=F
2026-09-11T18:32:00Z,4388.60009765625,4389.39990234375,4388.0,4389.0,54.0,yahoo,GC=F
2026-09-11T18:33:00Z,4388.7001953125,4389.60009765625,4388.2998046875,4389.10009765625,44.0,yahoo,GC=F
2026-09-11T18:34:00Z,4389.2998046875,4390.60009765625,4389.0,4390.2998046875,39.0,yahoo,GC=F
2026-09-11T18:35:00Z,4390.5,4390.89990234375,4389.2998046875,4390.5,50.0,yahoo,GC=F
2026-09-11T18:36:00Z,4390.60009765625,4392.10009765625,4390.5,4392.10009765625,56.0,yahoo,GC=F
2026-09-11T18:37:00Z,4392.2998046875,4392.2998046875,4390.2998046875,4390.2998046875,75.0,yahoo,GC=F
2026-09-11T18:38:00Z,4390.2001953125,4390.5,4389.60009765625,4389.89990234375,41.0,yahoo,GC=F
2026-09-11T18:39:00Z,4390.0,4390.7001953125,4389.0,4389.2998046875,54.0,yahoo,GC=F
2026-09-11T18:40:00Z,4389.10009765625,4390.0,4389.0,4389.7001953125,25.0,yahoo,GC=F
2026-09-11T18:41:00Z,4389.2998046875,4389.89990234375,4389.2998046875,4389.89990234375,14.0,yahoo,GC=F
2026-09-11T18:42:00Z,4389.7998046875,4391.39990234375,4389.60009765625,4390.2001953125,61.0,yahoo,GC=F
2026-09-11T18:43:00Z,4390.5,4391.10009765625,4390.39990234375,4390.60009765625,18.0,yahoo,GC=F
2026-09-11T18:44:00Z,4390.60009765625,4390.89990234375,4389.2001953125,4389.2001953125,28.0,yahoo,GC=F
2026-09-11T18:45:00Z,4389.10009765625,4389.39990234375,4387.2001953125,4387.39990234375,62.0,yahoo,GC=F
2026-09-11T18:46:00Z,4387.10009765625,4388.39990234375,4387.10009765625,4387.7998046875,38.0,yahoo,GC=F
2026-09-11T18:47:00Z,4387.89990234375,4388.5,4387.7001953125,4388.39990234375,42.0,yahoo,GC=F
2026-09-11T18:48:00Z,4388.2998046875,4388.2998046875,4386.2998046875,4386.89990234375,72.0,yahoo,GC=F
2026-09-11T18:49:00Z,4387.0,4387.60009765625,4386.7998046875,4387.2001953125,34.0,yahoo,GC=F
2026-09-11T18:50:00Z,4387.0,4388.2998046875,4386.60009765625,4388.0,85.0,yahoo,GC=F
2026-09-11T18:51:00Z,4387.89990234375,4388.5,4387.60009765625,4388.2001953125,54.0,yahoo,GC=F
2026-09-11T18:52:00Z,4388.39990234375,4388.60009765625,4387.10009765625,4388.2001953125,33.0,yahoo,GC=F
2026-09-11T18:53:00Z,4387.89990234375,4387.89990234375,4386.7998046875,4387.2001953125,22.0,yahoo,GC=F
2026-09-11T18:54:00Z,4387.10009765625,4387.5,4386.7001953125,4387.2998046875,112.0,yahoo,GC=F
2026-09-11T18:55:00Z,4387.10009765625,4389.0,4386.7001953125,4387.7998046875,99.0,yahoo,GC=F
2026-09-11T18:56:00Z,4387.7998046875,4388.7001953125,4387.2001953125,4388.5,54.0,yahoo,GC=F
2026-09-11T18:57:00Z,4388.60009765625,4388.7998046875,4388.0,4388.0,24.0,yahoo,GC=F
2026-09-11T18:58:00Z,4388.2001953125,4389.2998046875,4388.2001953125,4389.2001953125,60.0,yahoo,GC=F
2026-09-11T18:59:00Z,4388.89990234375,4389.39990234375,4388.2001953125,4389.10009765625,39.0,yahoo,GC=F
2026-09-11T19:00:00Z,4389.2998046875,4389.89990234375,4387.60009765625,4389.7998046875,100.0,yahoo,GC=F
2026-09-11T19:01:00Z,4389.7998046875,4390.39990234375,4389.5,4389.89990234375,44.0,yahoo,GC=F
2026-09-11T19:02:00Z,4389.0,4389.2001953125,4388.60009765625,4389.0,39.0,yahoo,GC=F
2026-09-11T19:03:00Z,4389.0,4389.0,4387.39990234375,4388.7001953125,50.0,yahoo,GC=F
2026-09-11T19:04:00Z,4388.39990234375,4390.39990234375,4387.60009765625,4389.60009765625,108.0,yahoo,GC=F
2026-09-11T19:05:00Z,4389.89990234375,4390.0,4388.89990234375,4388.89990234375,21.0,yahoo,GC=F
2026-09-11T19:06:00Z,4388.7998046875,4388.7998046875,4387.2001953125,4387.2998046875,55.0,yahoo,GC=F
2026-09-11T19:07:00Z,4387.2001953125,4387.2998046875,4386.2998046875,4386.89990234375,69.0,yahoo,GC=F
2026-09-11T19:08:00Z,4386.7998046875,4390.7001953125,4386.7001953125,4390.2998046875,112.0,yahoo,GC=F
2026-09-11T19:09:00Z,4390.39990234375,4391.39990234375,4389.2001953125,4389.2001953125,148.0,yahoo,GC=F
2026-09-11T19:10:00Z,4389.5,4391.2001953125,4388.89990234375,4390.0,254.0,yahoo,GC=F
2026-09-11T19:11:00Z,4390.0,4391.7001953125,4389.2998046875,4391.5,80.0,yahoo,GC=F
2026-09-11T19:12:00Z,4391.7001953125,4392.7001953125,4391.5,4391.60009765625,85.0,yahoo,GC=F
2026-09-11T19:13:00Z,4391.60009765625,4392.89990234375,4391.39990234375,4392.7998046875,123.0,yahoo,GC=F
2026-09-11T19:14:00Z,4393.2001953125,4394.10009765625,4392.0,4394.10009765625,74.0,yahoo,GC=F
2026-09-11T19:15:00Z,4393.7998046875,4394.89990234375,4393.7998046875,4393.89990234375,87.0,yahoo,GC=F
2026-09-11T19:16:00Z,4394.10009765625,4395.7998046875,4394.10009765625,4394.7998046875,112.0,yahoo,GC=F
2026-09-11T19:17:00Z,4394.7001953125,4394.89990234375,4392.7998046875,4392.7998046875,51.0,yahoo,GC=F
2026-09-11T19:18:00Z,4393.10009765625,4394.0,4392.7998046875,4392.7998046875,73.0,yahoo,GC=F
2026-09-11T19:19:00Z,4393.0,4393.0,4391.2001953125,4391.39990234375,45.0,yahoo,GC=F
2026-09-11T19:20:00Z,4391.60009765625,4392.7998046875,4391.2001953125,4392.7001953125,55.0,yahoo,GC=F
2026-09-11T19:21:00Z,4392.2001953125,4393.10009765625,4392.0,4392.89990234375,27.0,yahoo,GC=F
2026-09-11T19:22:00Z,4393.0,4393.10009765625,4391.0,4391.89990234375,97.0,yahoo,GC=F
2026-09-11T19:23:00Z,4391.89990234375,4393.2001953125,4391.7001953125,4393.2001953125,71.0,yahoo,GC=F
2026-09-11T19:24:00Z,4393.2001953125,4393.7998046875,4392.39990234375,4393.7998046875,39.0,yahoo,GC=F
2026-09-11T19:25:00Z,4393.7998046875,4395.2998046875,4393.5,4394.7998046875,36.0,yahoo,GC=F
2026-09-11T19:26:00Z,4394.89990234375,4395.10009765625,4392.89990234375,4393.60009765625,53.0,yahoo,GC=F
2026-09-11T19:27:00Z,4393.7998046875,4393.7998046875,4391.7998046875,4392.2001953125,50.0,yahoo,GC=F
2026-09-11T19:28:00Z,4392.39990234375,4393.5,4392.2998046875,4392.60009765625,29.0,yahoo,GC=F
2026-09-11T19:29:00Z,4392.5,4392.7998046875,4389.60009765625,4389.60009765625,167.0,yahoo,GC=F
2026-09-11T19:30:00Z,4389.89990234375,4390.60009765625,4389.5,4389.5,101.0,yahoo,GC=F
2026-09-11T19:31:00Z,4389.5,4389.7001953125,4388.7998046875,4389.5,74.0,yahoo,GC=F
2026-09-11T19:32:00Z,4389.60009765625,4389.7001953125,4388.2001953125,4388.5,27.0,yahoo,GC=F
2026-09-11T19:33:00Z,4388.5,4388.7001953125,4387.89990234375,4388.2001953125,36.0,yahoo,GC=F
2026-09-11T19:34:00Z,4388.0,4390.0,4387.5,4389.5,45.0,yahoo,GC=F
2026-09-11T19:35:00Z,4389.5,4390.39990234375,4388.7998046875,4389.10009765625,28.0,yahoo,GC=F
2026-09-11T19:36:00Z,4389.10009765625,4389.39990234375,4388.2998046875,4389.2998046875,33.0,yahoo,GC=F
2026-09-11T19:37:00Z,4389.39990234375,4390.0,4389.2001953125,4389.2001953125,25.0,yahoo,GC=F
2026-09-11T19:38:00Z,4389.2998046875,4389.2998046875,4388.2001953125,4388.89990234375,26.0,yahoo,GC=F
2026-09-11T19:39:00Z,4388.89990234375,4390.0,4388.39990234375,4389.10009765625,93.0,yahoo,GC=F
2026-09-11T19:40:00Z,4389.10009765625,4390.2998046875,4388.7998046875,4390.2998046875,116.0,yahoo,GC=F
2026-09-11T19:41:00Z,4390.2998046875,4390.5,4389.5,4390.10009765625,34.0,yahoo,GC=F
2026-09-11T19:42:00Z,4389.89990234375,4389.89990234375,4388.7001953125,4388.7001953125,30.0,yahoo,GC=F
2026-09-11T19:43:00Z,4389.10009765625,4390.0,4388.39990234375,4388.39990234375,128.0,yahoo,GC=F
2026-09-11T19:44:00Z,4388.2998046875,4389.2001953125,4388.2001953125,4388.89990234375,51.0,yahoo,GC=F
2026-09-11T19:45:00Z,4388.5,4388.89990234375,4387.39990234375,4387.60009765625,42.0,yahoo,GC=F
2026-09-11T19:46:00Z,4387.39990234375,4387.89990234375,4385.60009765625,4386.60009765625,115.0,yahoo,GC=F
2026-09-11T19:47:00Z,4386.5,4387.2998046875,4385.89990234375,4386.89990234375,43.0,yahoo,GC=F
2026-09-11T19:48:00Z,4386.89990234375,4387.10009765625,4386.2001953125,4386.60009765625,30.0,yahoo,GC=F
2026-09-11T19:49:00Z,4386.0,4386.2998046875,4385.39990234375,4385.5,50.0,yahoo,GC=F
2026-09-11T19:50:00Z,4385.2998046875,4387.10009765625,4384.89990234375,4386.7998046875,77.0,yahoo,GC=F
2026-09-11T19:51:00Z,4386.7001953125,4388.2998046875,4386.60009765625,4386.7998046875,48.0,yahoo,GC=F
2026-09-11T19:52:00Z,4386.7001953125,4386.7998046875,4385.10009765625,4385.5,119.0,yahoo,GC=F
2026-09-11T19:53:00Z,4385.7001953125,4386.89990234375,4385.60009765625,4386.2998046875,144.0,yahoo,GC=F
2026-09-11T19:54:00Z,4386.5,4387.7998046875,4386.39990234375,4387.60009765625,128.0,yahoo,GC=F
2026-09-11T19:55:00Z,4387.39990234375,4389.2998046875,4387.39990234375,4387.89990234375,126.0,yahoo,GC=F
2026-09-11T19:56:00Z,4387.89990234375,4388.2998046875,4387.39990234375,4388.2998046875,52.0,yahoo,GC=F
2026-09-11T19:57:00Z,4388.60009765625,4390.7998046875,4388.39990234375,4390.2001953125,128.0,yahoo,GC=F
2026-09-11T19:58:00Z,4390.39990234375,4390.89990234375,4389.7998046875,4390.60009765625,130.0,yahoo,GC=F
2026-09-11T19:59:00Z,4390.2998046875,4391.7998046875,4390.2998046875,4391.0,271.0,yahoo,GC=F
2026-09-11T20:00:00Z,4391.0,4393.7998046875,4390.60009765625,4393.5,109.0,yahoo,GC=F
2026-09-11T20:01:00Z,4393.5,4393.60009765625,4391.2001953125,4391.5,86.0,yahoo,GC=F
2026-09-11T20:02:00Z,4391.60009765625,4392.0,4390.7998046875,4390.7998046875,24.0,yahoo,GC=F
2026-09-11T20:03:00Z,4391.10009765625,4391.10009765625,4390.5,4390.7001953125,21.0,yahoo,GC=F
2026-09-11T20:04:00Z,4390.7001953125,4391.39990234375,4390.2998046875,4391.39990234375,24.0,yahoo,GC=F
2026-09-11T20:05:00Z,4390.89990234375,4392.10009765625,4390.89990234375,4392.10009765625,15.0,yahoo,GC=F
2026-09-11T20:06:00Z,4391.89990234375,4392.89990234375,4391.89990234375,4392.5,16.0,yahoo,GC=F
2026-09-11T20:07:00Z,4392.60009765625,4392.89990234375,4392.2001953125,4392.2001953125,14.0,yahoo,GC=F
2026-09-11T20:08:00Z,4392.10009765625,4392.5,4391.89990234375,4392.5,12.0,yahoo,GC=F
2026-09-11T20:09:00Z,4392.5,4392.7001953125,4392.2001953125,4392.7001953125,28.0,yahoo,GC=F
2026-09-11T20:10:00Z,4392.60009765625,4392.89990234375,4392.2001953125,4392.2001953125,16.0,yahoo,GC=F
2026-09-11T20:11:00Z,4391.7998046875,4391.7998046875,4391.0,4391.0,16.0,yahoo,GC=F
2026-09-11T20:12:00Z,4391.2998046875,4391.39990234375,4391.2998046875,4391.39990234375,12.0,yahoo,GC=F
2026-09-11T20:13:00Z,4391.0,4391.60009765625,4390.7001953125,4391.2001953125,26.0,yahoo,GC=F
2026-09-11T20:14:00Z,4390.89990234375,4391.10009765625,4390.89990234375,4391.10009765625,4.0,yahoo,GC=F
2026-09-11T20:15:00Z,4390.7998046875,4390.7998046875,4389.60009765625,4390.2998046875,16.0,yahoo,GC=F
2026-09-11T20:16:00Z,4390.39990234375,4390.39990234375,4389.60009765625,4389.60009765625,25.0,yahoo,GC=F
2026-09-11T20:17:00Z,4389.7001953125,4389.89990234375,4389.2998046875,4389.5,30.0,yahoo,GC=F
2026-09-11T20:18:00Z,4389.7001953125,4389.7998046875,4388.60009765625,4388.60009765625,33.0,yahoo,GC=F
2026-09-11T20:19:00Z,4388.89990234375,4391.60009765625,4388.89990234375,4391.5,62.0,yahoo,GC=F
2026-09-11T20:20:00Z,4391.60009765625,4392.2001953125,4391.2998046875,4392.2001953125,24.0,yahoo,GC=F
2026-09-11T20:21:00Z,4392.2998046875,4392.2998046875,4392.2998046875,4392.2998046875,8.0,yahoo,GC=F
2026-09-11T20:22:00Z,4392.39990234375,4392.7001953125,4391.5,4392.7001953125,14.0,yahoo,GC=F
2026-09-11T20:23:00Z,4392.5,4392.7001953125,4392.0,4392.10009765625,13.0,yahoo,GC=F
2026-09-11T20:24:00Z,4391.89990234375,4391.89990234375,4391.7001953125,4391.7001953125,2.0,yahoo,GC=F
2026-09-11T20:25:00Z,4391.60009765625,4392.2998046875,4391.60009765625,4392.2001953125,9.0,yahoo,GC=F
2026-09-11T20:26:00Z,4391.89990234375,4391.89990234375,4391.39990234375,4391.60009765625,7.0,yahoo,GC=F
2026-09-11T20:27:00Z,4391.2001953125,4391.5,4390.60009765625,4390.60009765625,13.0,yahoo,GC=F
2026-09-11T20:28:00Z,4390.7001953125,4391.7001953125,4390.60009765625,4391.2998046875,19.0,yahoo,GC=F
2026-09-11T20:29:00Z,4391.39990234375,4391.5,4390.7998046875,4390.7998046875,19.0,yahoo,GC=F
2026-09-11T20:30:00Z,4390.7998046875,4391.2001953125,4390.2001953125,4390.2001953125,49.0,yahoo,GC=F
2026-09-11T20:31:00Z,4390.39990234375,4390.5,4389.7998046875,4389.7998046875,14.0,yahoo,GC=F
2026-09-11T20:32:00Z,4390.0,4390.0,4389.2998046875,4389.7998046875,17.0,yahoo,GC=F
2026-09-11T20:33:00Z,4389.7998046875,4389.89990234375,4389.10009765625,4389.89990234375,10.0,yahoo,GC=F
2026-09-11T20:34:00Z,4389.89990234375,4390.10009765625,4389.89990234375,4390.0,5.0,yahoo,GC=F
2026-09-11T20:35:00Z,4389.7998046875,4390.2998046875,4389.7001953125,4389.7001953125,14.0,yahoo,GC=F
2026-09-11T20:36:00Z,4390.0,4390.0,4389.39990234375,4389.39990234375,8.0,yahoo,GC=F
2026-09-11T20:37:00Z,4389.60009765625,4390.7001953125,4389.60009765625,4390.7001953125,19.0,yahoo,GC=F
2026-09-11T20:38:00Z,4390.5,4390.89990234375,4390.5,4390.89990234375,7.0,yahoo,GC=F
2026-09-11T20:39:00Z,4390.7998046875,4390.89990234375,4390.5,4390.60009765625,10.0,yahoo,GC=F
2026-09-11T20:40:00Z,4390.7001953125,4390.7001953125,4390.2998046875,4390.39990234375,5.0,yahoo,GC=F
2026-09-11T20:41:00Z,4390.0,4390.2001953125,4389.7998046875,4390.10009765625,10.0,yahoo,GC=F
2026-09-11T20:42:00Z,4389.7998046875,4389.7998046875,4388.10009765625,4388.5,59.0,yahoo,GC=F
2026-09-11T20:43:00Z,4388.60009765625,4388.60009765625,4388.0,4388.39990234375,10.0,yahoo,GC=F
2026-09-11T20:44:00Z,4388.2001953125,4388.7001953125,4388.2001953125,4388.7001953125,16.0,yahoo,GC=F
2026-09-11T20:45:00Z,4388.7998046875,4390.0,4388.39990234375,4389.39990234375,41.0,yahoo,GC=F
2026-09-11T20:46:00Z,4389.7998046875,4390.0,4389.5,4390.0,23.0,yahoo,GC=F
2026-09-11T20:47:00Z,4390.2001953125,4391.2998046875,4390.2001953125,4390.39990234375,36.0,yahoo,GC=F
2026-09-11T20:48:00Z,4389.7998046875,4390.0,4389.39990234375,4389.7998046875,9.0,yahoo,GC=F
2026-09-11T20:49:00Z,4389.7001953125,4389.7001953125,4389.5,4389.7001953125,7.0,yahoo,GC=F
2026-09-11T20:50:00Z,4389.7998046875,4389.89990234375,4389.10009765625,4389.10009765625,12.0,yahoo,GC=F
2026-09-11T20:51:00Z,4389.2998046875,4389.2998046875,4389.2998046875,4389.2998046875,2.0,yahoo,GC=F
2026-09-11T20:52:00Z,4389.39990234375,4389.89990234375,4389.10009765625,4389.89990234375,19.0,yahoo,GC=F
2026-09-11T20:53:00Z,4389.60009765625,4389.60009765625,4387.2998046875,4389.0,206.0,yahoo,GC=F
2026-09-11T20:54:00Z,4388.60009765625,4390.60009765625,4388.39990234375,4390.60009765625,39.0,yahoo,GC=F
2026-09-11T20:55:00Z,4390.10009765625,4390.60009765625,4389.7001953125,4389.7998046875,16.0,yahoo,GC=F
2026-09-11T20:56:00Z,4390.10009765625,4390.7001953125,4389.7001953125,4390.10009765625,29.0,yahoo,GC=F
2026-09-11T20:57:00Z,4390.2998046875,4391.39990234375,4390.10009765625,4390.89990234375,39.0,yahoo,GC=F
2026-09-11T20:58:00Z,4390.89990234375,4390.89990234375,4390.10009765625,4390.7001953125,18.0,yahoo,GC=F
2026-09-11T20:59:00Z,4408.89990234375,4408.89990234375,4408.89990234375,4408.89990234375,0.0,yahoo,GC=F
