timestamp_utc,open,high,low,close,volume,source,symbol
2026-09-16T00:00:00Z,4323.89990234375,4324.10009765625,4321.7001953125,4322.0,82.0,yahoo,GC=F
2026-09-16T00:01:00Z,4322.39990234375,4322.5,4321.5,4321.7001953125,58.0,yahoo,GC=F
2026-09-16T00:02:00Z,4321.60009765625,4321.7998046875,4321.39990234375,4321.60009765625,14.0,yahoo,GC=F
2026-09-16T00:03:00Z,4321.89990234375,4322.2001953125,4321.0,4321.2998046875,45.0,yahoo,GC=F
2026-09-16T00:04:00Z,4321.5,4321.89990234375,4320.7001953125,4320.7001953125,24.0,yahoo,GC=F
2026-09-16T00:05:00Z,4321.10009765625,4322.10009765625,4321.10009765625,4321.7998046875,29.0,yahoo,GC=F
2026-09-16T00:06:00Z,4322.10009765625,4323.0,4322.10009765625,4322.5,17.0,yahoo,GC=F
2026-09-16T00:07:00Z,4322.39990234375,4325.10009765625,4322.39990234375,4323.7998046875,136.0,yahoo,GC=F
2026-09-16T00:08:00Z,4324.2001953125,4324.60009765625,4322.5,4322.5,101.0,yahoo,GC=F
2026-09-16T00:09:00Z,4322.2998046875,4322.39990234375,4322.0,4322.0,15.0,yahoo,GC=F
2026-09-16T00:10:00Z,4321.7998046875,4321.7998046875,4320.89990234375,4321.2998046875,37.0,yahoo,GC=F
2026-09-16T00:11:00Z,4321.60009765625,4322.2998046875,4321.2998046875,4322.2001953125,48.0,yahoo,GC=F
2026-09-16T00:12:00Z,4322.2001953125,4323.2001953125,4322.2001953125,4323.0,21.0,yahoo,GC=F
2026-09-16T00:13:00Z,4322.7998046875,4323.0,4322.7001953125,4322.89990234375,7.0,yahoo,GC=F
2026-09-16T00:14:00Z,4323.10009765625,4323.2998046875,4322.60009765625,4322.7998046875,29.0,yahoo,GC=F
2026-09-16T00:15:00Z,4323.10009765625,4323.39990234375,4322.10009765625,4322.7001953125,37.0,yahoo,GC=F
2026-09-16T00:16:00Z,4322.5,4324.5,4322.5,4323.60009765625,32.0,yahoo,GC=F
2026-09-16T00:17:00Z,4323.60009765625,4324.5,4323.60009765625,4324.0,31.0,yahoo,GC=F
2026-09-16T00:18:00Z,4323.7001953125,4325.7001953125,4323.2998046875,4325.7001953125,54.0,yahoo,GC=F
2026-09-16T00:19:00Z,4325.7001953125,4326.0,4325.5,4325.7001953125,33.0,yahoo,GC=F
2026-09-16T00:20:00Z,4325.7998046875,4326.0,4324.60009765625,4325.2998046875,44.0,yahoo,GC=F
2026-09-16T00:21:00Z,4325.0,4326.5,4324.60009765625,4324.60009765625,63.0,yahoo,GC=F
2026-09-16T00:22:00Z,4324.7998046875,4325.2001953125,4323.60009765625,4324.60009765625,44.0,yahoo,GC=F
2026-09-16T00:23:00Z,4324.7998046875,4325.5,4324.5,4325.5,16.0,yahoo,GC=F
2026-09-16T00:24:00Z,4325.2998046875,4325.7001953125,4325.2998046875,4325.7001953125,10.0,yahoo,GC=F
2026-09-16T00:25:00Z,4325.39990234375,4325.5,4324.7998046875,4324.7998046875,5.0,yahoo,GC=F
2026-09-16T00:26:00Z,4324.39990234375,4325.60009765625,4323.7998046875,4325.39990234375,23.0,yahoo,GC=F
2026-09-16T00:27:00Z,4325.39990234375,4325.39990234375,4323.7001953125,4324.39990234375,38.0,yahoo,GC=F
2026-09-16T00:28:00Z,4324.39990234375,4324.60009765625,4323.60009765625,4323.89990234375,9.0,yahoo,GC=F
2026-09-16T00:29:00Z,4324.0,4324.39990234375,4324.0,4324.39990234375,2.0,yahoo,GC=F
2026-09-16T00:30:00Z,4324.7998046875,4324.89990234375,4324.39990234375,4324.60009765625,10.0,yahoo,GC=F
2026-09-16T00:31:00Z,4324.89990234375,4324.89990234375,4323.2001953125,4323.5,36.0,yahoo,GC=F
2026-09-16T00:32:00Z,4323.5,4323.5,4321.89990234375,4322.0,32.0,yahoo,GC=F
2026-09-16T00:33:00Z,4322.10009765625,4322.39990234375,4319.7001953125,4320.89990234375,86.0,yahoo,GC=F
2026-09-16T00:34:00Z,4320.89990234375,4321.60009765625,4319.7998046875,4321.5,51.0,yahoo,GC=F
2026-09-16T00:35:00Z,4321.7998046875,4321.89990234375,4319.7001953125,4320.2001953125,37.0,yahoo,GC=F
2026-09-16T00:36:00Z,4320.2998046875,4320.89990234375,4320.2001953125,4320.60009765625,10.0,yahoo,GC=F
2026-09-16T00:37:00Z,4320.39990234375,4320.7001953125,4319.89990234375,4320.7001953125,12.0,yahoo,GC=F
2026-09-16T00:38:00Z,4321.0,4321.2998046875,4320.60009765625,4320.89990234375,18.0,yahoo,GC=F
2026-09-16T00:39:00Z,4321.2001953125,4321.5,4321.0,4321.39990234375,23.0,yahoo,GC=F
2026-09-16T00:40:00Z,4321.60009765625,4324.2001953125,4320.7998046875,4323.7998046875,122.0,yahoo,GC=F
2026-09-16T00:41:00Z,4323.89990234375,4325.2998046875,4323.89990234375,4325.2998046875,49.0,yahoo,GC=F
2026-09-16T00:42:00Z,4325.2998046875,4325.89990234375,4324.10009765625,4324.10009765625,64.0,yahoo,GC=F
2026-09-16T00:43:00Z,4324.2001953125,4324.89990234375,4323.7998046875,4324.89990234375,62.0,yahoo,GC=F
2026-09-16T00:44:00Z,4325.0,4325.0,4323.2001953125,4323.7001953125,280.0,yahoo,GC=F
2026-09-16T00:45:00Z,4323.60009765625,4325.2001953125,4323.5,4324.10009765625,101.0,yahoo,GC=F
2026-09-16T00:46:00Z,4323.2001953125,4324.5,4323.2001953125,4324.2001953125,49.0,yahoo,GC=F
2026-09-16T00:47:00Z,4324.39990234375,4324.7001953125,4322.39990234375,4322.89990234375,62.0,yahoo,GC=F
2026-09-16T00:48:00Z,4322.89990234375,4324.39990234375,4322.5,4323.7998046875,92.0,yahoo,GC=F
2026-09-16T00:49:00Z,4323.7998046875,4324.10009765625,4323.0,4323.0,44.0,yahoo,GC=F
2026-09-16T00:50:00Z,4322.89990234375,4322.89990234375,4321.2001953125,4321.2001953125,33.0,yahoo,GC=F
2026-09-16T00:51:00Z,4321.10009765625,4322.5,4320.60009765625,4320.7001953125,133.0,yahoo,GC=F
2026-09-16T00:52:00Z,4321.2001953125,4321.39990234375,4320.2998046875,4320.7998046875,87.0,yahoo,GC=F
2026-09-16T00:53:00Z,4320.7998046875,4321.0,4319.5,4319.5,112.0,yahoo,GC=F
2026-09-16T00:54:00Z,4319.5,4319.60009765625,4317.60009765625,4317.89990234375,252.0,yahoo,GC=F
2026-09-16T00:55:00Z,4318.10009765625,4318.5,4315.2998046875,4315.60009765625,182.0,yahoo,GC=F
2026-09-16T00:56:00Z,4315.60009765625,4317.60009765625,4315.2001953125,4317.0,165.0,yahoo,GC=F
2026-09-16T00:57:00Z,4317.39990234375,4318.10009765625,4316.0,4317.60009765625,159.0,yahoo,GC=F
2026-09-16T00:58:00Z,4317.5,4317.89990234375,4316.2998046875,4316.2998046875,53.0,yahoo,GC=F
2026-09-16T00:59:00Z,4316.39990234375,4317.5,4315.39990234375,4317.10009765625,189.0,yahoo,GC=F
2026-09-16T01:00:00Z,4317.10009765625,4323.89990234375,4316.2998046875,4322.89990234375,570.0,yahoo,GC=F
2026-09-16T01:01:00Z,4323.0,4324.2001953125,4321.7998046875,4323.0,186.0,yahoo,GC=F
2026-09-16T01:02:00Z,4322.89990234375,4324.0,4321.2998046875,4322.7998046875,84.0,yahoo,GC=F
2026-09-16T01:03:00Z,4322.5,4324.7001953125,4320.89990234375,4321.2001953125,175.0,yahoo,GC=F
2026-09-16T01:04:00Z,4321.10009765625,4321.5,4319.39990234375,4319.89990234375,182.0,yahoo,GC=F
2026-09-16T01:05:00Z,4319.5,4320.10009765625,4318.10009765625,4319.2001953125,200.0,yahoo,GC=F
2026-09-16T01:06:00Z,4319.7001953125,4322.2998046875,4319.7001953125,4321.2998046875,202.0,yahoo,GC=F
2026-09-16T01:07:00Z,4320.89990234375,4321.0,4319.0,4319.0,87.0,yahoo,GC=F
2026-09-16T01:08:00Z,4318.5,4320.60009765625,4318.0,4320.60009765625,81.0,yahoo,GC=F
2026-09-16T01:09:00Z,4320.60009765625,4322.0,4320.2001953125,4321.39990234375,33.0,yahoo,GC=F
2026-09-16T01:10:00Z,4320.7001953125,4321.0,4318.89990234375,4320.89990234375,52.0,yahoo,GC=F
2026-09-16T01:11:00Z,4321.2998046875,4322.60009765625,4321.10009765625,4322.60009765625,44.0,yahoo,GC=F
2026-09-16T01:12:00Z,4322.5,4324.5,4322.0,4324.2998046875,89.0,yahoo,GC=F
2026-09-16T01:13:00Z,4324.5,4326.2998046875,4324.2001953125,4325.7998046875,102.0,yahoo,GC=F
2026-09-16T01:14:00Z,4325.60009765625,4327.60009765625,4325.2998046875,4327.0,136.0,yahoo,GC=F
2026-09-16T01:15:00Z,4327.10009765625,4329.7001953125,4326.89990234375,4327.60009765625,200.0,yahoo,GC=F
2026-09-16T01:16:00Z,4327.7998046875,4329.7998046875,4327.7998046875,4328.60009765625,310.0,yahoo,GC=F
2026-09-16T01:17:00Z,4328.0,4328.0,4324.89990234375,4325.7998046875,88.0,yahoo,GC=F
2026-09-16T01:18:00Z,4325.7998046875,4326.2998046875,4324.10009765625,4325.7001953125,121.0,yahoo,GC=F
2026-09-16T01:19:00Z,4325.5,4327.5,4325.39990234375,4327.0,222.0,yahoo,GC=F
2026-09-16T01:20:00Z,4327.10009765625,4330.5,4327.0,4329.7998046875,163.0,yahoo,GC=F
2026-09-16T01:21:00Z,4329.7998046875,4330.2001953125,4328.0,4328.60009765625,150.0,yahoo,GC=F
2026-09-16T01:22:00Z,4328.39990234375,4329.39990234375,4328.0,4329.0,114.0,yahoo,GC=F
2026-09-16T01:23:00Z,4328.7998046875,4330.10009765625,4328.7001953125,4329.7998046875,56.0,yahoo,GC=F
2026-09-16T01:24:00Z,4329.89990234375,4330.7001953125,4329.10009765625,4330.39990234375,59.0,yahoo,GC=F
2026-09-16T01:25:00Z,4330.5,4331.89990234375,4328.60009765625,4331.89990234375,200.0,yahoo,GC=F
2026-09-16T01:26:00Z,4331.60009765625,4332.39990234375,4330.60009765625,4331.89990234375,98.0,yahoo,GC=F
2026-09-16T01:27:00Z,4331.7001953125,4333.2998046875,4331.7001953125,4332.39990234375,88.0,yahoo,GC=F
2026-09-16T01:28:00Z,4332.2998046875,4332.60009765625,4331.2001953125,4331.89990234375,37.0,yahoo,GC=F
2026-09-16T01:29:00Z,4331.89990234375,4331.89990234375,4330.10009765625,4330.10009765625,67.0,yahoo,GC=F
2026-09-16T01:30:00Z,4330.10009765625,4331.2001953125,4329.39990234375,4329.7001953125,49.0,yahoo,GC=F
2026-09-16T01:31:00Z,4329.60009765625,4330.0,4327.5,4328.5,69.0,yahoo,GC=F
2026-09-16T01:32:00Z,4328.39990234375,4329.10009765625,4328.2998046875,4328.7001953125,22.0,yahoo,GC=F
2026-09-16T01:33:00Z,4328.5,4328.60009765625,4327.89990234375,4328.2998046875,22.0,yahoo,GC=F
2026-09-16T01:34:00Z,4328.2998046875,4329.10009765625,4328.10009765625,4328.7998046875,36.0,yahoo,GC=F
2026-09-16T01:35:00Z,4329.10009765625,4329.60009765625,4327.39990234375,4327.39990234375,52.0,yahoo,GC=F
2026-09-16T01:36:00Z,4327.2001953125,4328.60009765625,4327.10009765625,4328.60009765625,64.0,yahoo,GC=F
2026-09-16T01:37:00Z,4328.60009765625,4329.2001953125,4328.0,4328.7001953125,27.0,yahoo,GC=F
2026-09-16T01:38:00Z,4328.2998046875,4328.2998046875,4327.5,4328.0,29.0,yahoo,GC=F
2026-09-16T01:39:00Z,4327.7001953125,4328.2001953125,4325.7001953125,4325.7001953125,123.0,yahoo,GC=F
2026-09-16T01:40:00Z,4325.60009765625,4328.10009765625,4325.2001953125,4328.0,110.0,yahoo,GC=F
2026-09-16T01:41:00Z,4328.2001953125,4330.2998046875,4327.7001953125,4329.89990234375,84.0,yahoo,GC=F
2026-09-16T01:42:00Z,4329.89990234375,4330.2001953125,4328.5,4329.0,66.0,yahoo,GC=F
2026-09-16T01:43:00Z,4329.2998046875,4329.7001953125,4327.7998046875,4327.7998046875,49.0,yahoo,GC=F
2026-09-16T01:44:00Z,4327.7001953125,4328.5,4327.5,4328.10009765625,46.0,yahoo,GC=F
2026-09-16T01:45:00Z,4327.89990234375,4328.60009765625,4327.10009765625,4327.7998046875,81.0,yahoo,GC=F
2026-09-16T01:46:00Z,4327.89990234375,4327.89990234375,4325.60009765625,4325.60009765625,26.0,yahoo,GC=F
2026-09-16T01:47:00Z,4325.7998046875,4327.2998046875,4325.39990234375,4327.0,41.0,yahoo,GC=F
2026-09-16T01:48:00Z,4326.60009765625,4326.60009765625,4324.60009765625,4325.0,69.0,yahoo,GC=F
2026-09-16T01:49:00Z,4325.0,4327.5,4324.7998046875,4327.39990234375,136.0,yahoo,GC=F
2026-09-16T01:50:00Z,4327.2998046875,4328.5,4325.0,4325.0,91.0,yahoo,GC=F
2026-09-16T01:51:00Z,4324.7998046875,4325.7001953125,4323.2998046875,4325.60009765625,220.0,yahoo,GC=F
2026-09-16T01:52:00Z,4325.7001953125,4326.5,4325.2998046875,4326.2001953125,26.0,yahoo,GC=F
2026-09-16T01:53:00Z,4326.2998046875,4327.7998046875,4326.2998046875,4326.7998046875,102.0,yahoo,GC=F
2026-09-16T01:54:00Z,4326.60009765625,4326.60009765625,4324.60009765625,4324.7998046875,45.0,yahoo,GC=F
2026-09-16T01:55:00Z,4324.60009765625,4326.39990234375,4324.5,4325.2998046875,73.0,yahoo,GC=F
2026-09-16T01:56:00Z,4325.10009765625,4325.2998046875,4322.60009765625,4322.7998046875,67.0,yahoo,GC=F
2026-09-16T01:57:00Z,4323.10009765625,4323.10009765625,4319.39990234375,4319.5,146.0,yahoo,GC=F
2026-09-16T01:58:00Z,4319.5,4322.10009765625,4319.39990234375,4321.60009765625,138.0,yahoo,GC=F
2026-09-16T01:59:00Z,4321.5,4321.7998046875,4321.10009765625,4321.7998046875,15.0,yahoo,GC=F
2026-09-16T02:00:00Z,4322.0,4323.7001953125,4321.39990234375,4322.89990234375,65.0,yahoo,GC=F
2026-09-16T02:01:00Z,4323.10009765625,4324.7998046875,4322.5,4324.60009765625,50.0,yahoo,GC=F
2026-09-16T02:02:00Z,4324.60009765625,4326.2998046875,4323.7998046875,4326.0,37.0,yahoo,GC=F
2026-09-16T02:03:00Z,4325.89990234375,4326.7001953125,4325.7998046875,4326.0,28.0,yahoo,GC=F
2026-09-16T02:04:00Z,4326.5,4327.0,4325.89990234375,4327.0,28.0,yahoo,GC=F
2026-09-16T02:05:00Z,4327.2001953125,4327.5,4324.7998046875,4325.39990234375,51.0,yahoo,GC=F
2026-09-16T02:06:00Z,4325.60009765625,4325.89990234375,4324.5,4324.89990234375,28.0,yahoo,GC=F
2026-09-16T02:07:00Z,4324.2998046875,4326.89990234375,4323.89990234375,4326.0,92.0,yahoo,GC=F
2026-09-16T02:08:00Z,4326.0,4327.2001953125,4325.5,4326.89990234375,51.0,yahoo,GC=F
2026-09-16T02:09:00Z,4327.0,4328.89990234375,4326.0,4328.60009765625,97.0,yahoo,GC=F
2026-09-16T02:10:00Z,4328.7998046875,4331.5,4328.7998046875,4330.2001953125,156.0,yahoo,GC=F
2026-09-16T02:11:00Z,4330.2998046875,4333.10009765625,4330.10009765625,4333.10009765625,220.0,yahoo,GC=F
2026-09-16T02:12:00Z,4333.5,4334.60009765625,4332.89990234375,4333.39990234375,276.0,yahoo,GC=F
2026-09-16T02:13:00Z,4333.7998046875,4334.10009765625,4332.0,4332.5,188.0,yahoo,GC=F
2026-09-16T02:14:00Z,4332.7001953125,4333.0,4330.89990234375,4332.0,149.0,yahoo,GC=F
2026-09-16T02:15:00Z,4331.7998046875,4333.60009765625,4330.39990234375,4330.39990234375,114.0,yahoo,GC=F
2026-09-16T02:16:00Z,4330.7998046875,4331.39990234375,4329.7001953125,4330.89990234375,314.0,yahoo,GC=F
2026-09-16T02:17:00Z,4331.10009765625,4331.60009765625,4330.39990234375,4331.39990234375,244.0,yahoo,GC=F
2026-09-16T02:18:00Z,4331.5,4332.0,4330.10009765625,4331.89990234375,172.0,yahoo,GC=F
2026-09-16T02:19:00Z,4332.2001953125,4334.7001953125,4330.89990234375,4331.2001953125,251.0,yahoo,GC=F
2026-09-16T02:20:00Z,4331.2001953125,4331.7001953125,4330.7001953125,4331.60009765625,44.0,yahoo,GC=F
2026-09-16T02:21:00Z,4331.0,4333.2001953125,4330.39990234375,4333.2001953125,64.0,yahoo,GC=F
2026-09-16T02:22:00Z,4333.60009765625,4334.5,4332.7998046875,4333.10009765625,144.0,yahoo,GC=F
2026-09-16T02:23:00Z,4333.39990234375,4334.0,4333.2998046875,4333.60009765625,63.0,yahoo,GC=F
2026-09-16T02:24:00Z,4333.60009765625,4335.2998046875,4333.5,4335.2998046875,50.0,yahoo,GC=F
2026-09-16T02:25:00Z,4335.5,4335.7998046875,4334.89990234375,4335.7998046875,53.0,yahoo,GC=F
2026-09-16T02:26:00Z,4335.5,4337.5,4335.0,4337.5,154.0,yahoo,GC=F
2026-09-16T02:27:00Z,4337.60009765625,4340.5,4337.60009765625,4339.89990234375,182.0,yahoo,GC=F
2026-09-16T02:28:00Z,4339.89990234375,4340.10009765625,4337.60009765625,4338.0,161.0,yahoo,GC=F
2026-09-16T02:29:00Z,4337.89990234375,4338.7998046875,4337.60009765625,4338.7998046875,36.0,yahoo,GC=F
2026-09-16T02:30:00Z,4338.89990234375,4344.60009765625,4338.2998046875,4344.0,468.0,yahoo,GC=F
2026-09-16T02:31:00Z,4344.10009765625,4350.2001953125,4343.2001953125,4350.2001953125,552.0,yahoo,GC=F
2026-09-16T02:32:00Z,4350.10009765625,4351.89990234375,4345.89990234375,4345.89990234375,558.0,yahoo,GC=F
2026-09-16T02:33:00Z,4345.89990234375,4347.5,4345.2001953125,4345.89990234375,187.0,yahoo,GC=F
2026-09-16T02:34:00Z,4346.2001953125,4351.2001953125,4345.89990234375,4350.5,268.0,yahoo,GC=F
2026-09-16T02:35:00Z,4350.60009765625,4353.7998046875,4349.7001953125,4353.7001953125,533.0,yahoo,GC=F
2026-09-16T02:36:00Z,4353.7001953125,4356.7001953125,4352.7998046875,4353.5,515.0,yahoo,GC=F
2026-09-16T02:37:00Z,4353.39990234375,4353.5,4350.2998046875,4351.2001953125,249.0,yahoo,GC=F
2026-09-16T02:38:00Z,4351.10009765625,4352.2998046875,4349.89990234375,4350.5,145.0,yahoo,GC=F
2026-09-16T02:39:00Z,4350.39990234375,4352.7998046875,4350.39990234375,4351.7998046875,96.0,yahoo,GC=F
2026-09-16T02:40:00Z,4351.89990234375,4354.2001953125,4351.10009765625,4351.5,265.0,yahoo,GC=F
2026-09-16T02:41:00Z,4351.7001953125,4353.10009765625,4351.7001953125,4352.89990234375,167.0,yahoo,GC=F
2026-09-16T02:42:00Z,4352.5,4353.7001953125,4351.89990234375,4351.89990234375,116.0,yahoo,GC=F
2026-09-16T02:43:00Z,4351.89990234375,4354.39990234375,4351.89990234375,4352.89990234375,125.0,yahoo,GC=F
2026-09-16T02:44:00Z,4352.89990234375,4353.10009765625,4351.2998046875,4351.2998046875,148.0,yahoo,GC=F
2026-09-16T02:45:00Z,4351.60009765625,4352.39990234375,4351.2001953125,4351.7001953125,38.0,yahoo,GC=F
2026-09-16T02:46:00Z,4351.7001953125,4355.0,4351.39990234375,4354.10009765625,201.0,yahoo,GC=F
2026-09-16T02:47:00Z,4354.2998046875,4356.2001953125,4353.60009765625,4353.7001953125,173.0,yahoo,GC=F
2026-09-16T02:48:00Z,4354.0,4356.10009765625,4354.0,4354.7001953125,75.0,yahoo,GC=F
2026-09-16T02:49:00Z,4354.7998046875,4355.7998046875,4354.10009765625,4355.60009765625,71.0,yahoo,GC=F
2026-09-16T02:50:00Z,4355.89990234375,4356.89990234375,4355.39990234375,4356.10009765625,390.0,yahoo,GC=F
2026-09-16T02:51:00Z,4356.0,4357.39990234375,4354.7998046875,4356.89990234375,106.0,yahoo,GC=F
2026-09-16T02:52:00Z,4357.10009765625,4357.39990234375,4354.39990234375,4354.89990234375,193.0,yahoo,GC=F
2026-09-16T02:53:00Z,4355.0,4355.5,4354.10009765625,4355.0,181.0,yahoo,GC=F
2026-09-16T02:54:00Z,4355.0,4357.10009765625,4354.0,4356.89990234375,153.0,yahoo,GC=F
2026-09-16T02:55:00Z,4357.10009765625,4357.39990234375,4356.2001953125,4357.2998046875,404.0,yahoo,GC=F
2026-09-16T02:56:00Z,4357.2998046875,4363.10009765625,4356.89990234375,4361.60009765625,709.0,yahoo,GC=F
2026-09-16T02:57:00Z,4361.2998046875,4363.89990234375,4360.7998046875,4361.5,246.0,yahoo,GC=F
2026-09-16T02:58:00Z,4361.7998046875,4361.7998046875,4359.7001953125,4360.2998046875,125.0,yahoo,GC=F
2026-09-16T02:59:00Z,4360.2998046875,4363.0,4360.0,4362.10009765625,139.0,yahoo,GC=F
2026-09-16T03:00:00Z,4362.2998046875,4365.0,4361.89990234375,4364.7001953125,359.0,yahoo,GC=F
2026-09-16T03:01:00Z,4364.5,4367.60009765625,4363.7001953125,4366.89990234375,335.0,yahoo,GC=F
2026-09-16T03:02:00Z,4366.7001953125,4368.7001953125,4366.10009765625,4368.2001953125,336.0,yahoo,GC=F
2026-09-16T03:03:00Z,4367.89990234375,4369.0,4366.5,4368.60009765625,238.0,yahoo,GC=F
2026-09-16T03:04:00Z,4368.5,4369.7998046875,4367.7998046875,4369.0,164.0,yahoo,GC=F
2026-09-16T03:05:00Z,4368.89990234375,4371.2001953125,4368.60009765625,4369.10009765625,401.0,yahoo,GC=F
2026-09-16T03:06:00Z,4369.5,4371.39990234375,4368.7998046875,4369.39990234375,232.0,yahoo,GC=F
2026-09-16T03:07:00Z,4369.7001953125,4371.2998046875,4368.7998046875,4370.2998046875,189.0,yahoo,GC=F
2026-09-16T03:08:00Z,4370.0,4370.39990234375,4366.7998046875,4367.2998046875,315.0,yahoo,GC=F
2026-09-16T03:09:00Z,4367.2001953125,4368.10009765625,4366.10009765625,4367.39990234375,136.0,yahoo,GC=F
2026-09-16T03:10:00Z,4367.89990234375,4371.0,4367.60009765625,4367.7998046875,296.0,yahoo,GC=F
2026-09-16T03:11:00Z,4367.7001953125,4372.10009765625,4367.0,4370.7001953125,315.0,yahoo,GC=F
2026-09-16T03:12:00Z,4371.10009765625,4376.7998046875,4371.10009765625,4374.2998046875,643.0,yahoo,GC=F
2026-09-16T03:13:00Z,4374.2998046875,4377.89990234375,4374.10009765625,4377.89990234375,220.0,yahoo,GC=F
2026-09-16T03:14:00Z,4378.2998046875,4379.7001953125,4377.2998046875,4378.0,300.0,yahoo,GC=F
2026-09-16T03:15:00Z,4378.10009765625,4379.10009765625,4377.0,4379.10009765625,228.0,yahoo,GC=F
2026-09-16T03:16:00Z,4378.7001953125,4380.7001953125,4378.5,4378.89990234375,291.0,yahoo,GC=F
2026-09-16T03:17:00Z,4379.10009765625,4379.39990234375,4378.2998046875,4379.2001953125,94.0,yahoo,GC=F
2026-09-16T03:18:00Z,4379.10009765625,4379.2001953125,4377.5,4377.7001953125,116.0,yahoo,GC=F
2026-09-16T03:19:00Z,4378.0,4378.7001953125,4376.5,4376.5,126.0,yahoo,GC=F
2026-09-16T03:20:00Z,4376.7998046875,4379.2001953125,4376.5,4379.0,101.0,yahoo,GC=F
2026-09-16T03:21:00Z,4378.89990234375,4381.0,4377.7001953125,4380.7998046875,139.0,yahoo,GC=F
2026-09-16T03:22:00Z,4380.7001953125,4381.89990234375,4378.60009765625,4378.60009765625,262.0,yahoo,GC=F
2026-09-16T03:23:00Z,4378.7998046875,4381.2001953125,4378.7001953125,4379.0,88.0,yahoo,GC=F
2026-09-16T03:24:00Z,4379.10009765625,4379.2998046875,4375.7998046875,4377.2001953125,224.0,yahoo,GC=F
2026-09-16T03:25:00Z,4377.5,4379.0,4375.89990234375,4375.89990234375,164.0,yahoo,GC=F
2026-09-16T03:26:00Z,4375.89990234375,4376.7998046875,4375.2001953125,4376.60009765625,111.0,yahoo,GC=F
2026-09-16T03:27:00Z,4376.2998046875,4376.60009765625,4374.7001953125,4375.7001953125,196.0,yahoo,GC=F
2026-09-16T03:28:00Z,4375.5,4376.0,4374.10009765625,4374.10009765625,76.0,yahoo,GC=F
2026-09-16T03:29:00Z,4374.10009765625,4374.39990234375,4372.60009765625,4372.60009765625,312.0,yahoo,GC=F
2026-09-16T03:30:00Z,4372.5,4373.39990234375,4371.10009765625,4371.2998046875,196.0,yahoo,GC=F
2026-09-16T03:31:00Z,4371.5,4372.7998046875,4370.2001953125,4370.7998046875,142.0,yahoo,GC=F
2026-09-16T03:32:00Z,4370.7001953125,4371.2998046875,4369.39990234375,4369.89990234375,128.0,yahoo,GC=F
2026-09-16T03:33:00Z,4370.2998046875,4371.5,4369.89990234375,4370.7001953125,115.0,yahoo,GC=F
2026-09-16T03:34:00Z,4370.2998046875,4371.0,4369.5,4370.10009765625,66.0,yahoo,GC=F
2026-09-16T03:35:00Z,4370.2998046875,4370.2998046875,4369.10009765625,4369.2001953125,90.0,yahoo,GC=F
2026-09-16T03:36:00Z,4369.2001953125,4369.2998046875,4368.0,4368.2001953125,69.0,yahoo,GC=F
2026-09-16T03:37:00Z,4368.2998046875,4368.2998046875,4367.2001953125,4367.5,59.0,yahoo,GC=F
2026-09-16T03:38:00Z,4367.89990234375,4368.10009765625,4366.89990234375,4368.0,76.0,yahoo,GC=F
2026-09-16T03:39:00Z,4368.5,4369.2001953125,4367.7998046875,4368.0,117.0,yahoo,GC=F
2026-09-16T03:40:00Z,4368.2998046875,4370.2001953125,4368.2998046875,4369.39990234375,92.0,yahoo,GC=F
2026-09-16T03:41:00Z,4369.2998046875,4369.2998046875,4368.0,4368.2001953125,53.0,yahoo,GC=F
2026-09-16T03:42:00Z,4368.10009765625,4368.7001953125,4367.39990234375,4367.89990234375,68.0,yahoo,GC=F
2026-09-16T03:43:00Z,4368.2001953125,4368.2001953125,4366.7001953125,4367.2001953125,35.0,yahoo,GC=F
2026-09-16T03:44:00Z,4367.2001953125,4368.39990234375,4366.7001953125,4367.89990234375,53.0,yahoo,GC=F
2026-09-16T03:45:00Z,4368.0,4368.7998046875,4366.89990234375,4368.2001953125,139.0,yahoo,GC=F
2026-09-16T03:46:00Z,4368.0,4368.2998046875,4367.7001953125,4368.0,57.0,yahoo,GC=F
2026-09-16T03:47:00Z,4368.39990234375,4368.89990234375,4366.89990234375,4368.0,74.0,yahoo,GC=F
2026-09-16T03:48:00Z,4367.5,4367.89990234375,4365.5,4365.7001953125,107.0,yahoo,GC=F
2026-09-16T03:49:00Z,4365.7998046875,4366.0,4363.89990234375,4364.2001953125,181.0,yahoo,GC=F
2026-09-16T03:50:00Z,4364.2001953125,4364.89990234375,4363.2998046875,4364.2001953125,69.0,yahoo,GC=F
2026-09-16T03:51:00Z,4364.2998046875,4364.2998046875,4363.7001953125,4364.2001953125,16.0,yahoo,GC=F
2026-09-16T03:52:00Z,4364.2001953125,4367.2001953125,4364.2001953125,4366.7998046875,79.0,yahoo,GC=F
2026-09-16T03:53:00Z,4367.0,4367.39990234375,4366.2998046875,4366.60009765625,75.0,yahoo,GC=F
2026-09-16T03:54:00Z,4366.39990234375,4367.5,4366.39990234375,4367.5,29.0,yahoo,GC=F
2026-09-16T03:55:00Z,4366.7998046875,4367.7998046875,4366.0,4367.7001953125,29.0,yahoo,GC=F
2026-09-16T03:56:00Z,4367.10009765625,4368.0,4366.89990234375,4368.0,28.0,yahoo,GC=F
2026-09-16T03:57:00Z,4367.7001953125,4368.2001953125,4366.7001953125,4367.60009765625,51.0,yahoo,GC=F
2026-09-16T03:58:00Z,4367.60009765625,4367.60009765625,4366.5,4367.2001953125,28.0,yahoo,GC=F
2026-09-16T04:00:00Z,4368.0,4368.7001953125,4367.5,4368.0,0.0,yahoo,GC=F
2026-09-16T04:01:00Z,4368.0,4368.39990234375,4367.60009765625,4367.7001953125,33.0,yahoo,GC=F
2026-09-16T04:02:00Z,4368.10009765625,4369.2001953125,4367.5,4367.60009765625,51.0,yahoo,GC=F
2026-09-16T04:03:00Z,4367.89990234375,4368.0,4367.2001953125,4367.5,17.0,yahoo,GC=F
2026-09-16T04:04:00Z,4368.2998046875,4368.89990234375,4368.2001953125,4368.39990234375,25.0,yahoo,GC=F
2026-09-16T04:05:00Z,4368.2001953125,4368.2001953125,4366.5,4367.2001953125,25.0,yahoo,GC=F
2026-09-16T04:06:00Z,4367.2001953125,4367.7001953125,4366.89990234375,4367.7001953125,4.0,yahoo,GC=F
2026-09-16T04:07:00Z,4367.5,4367.89990234375,4366.60009765625,4367.7998046875,36.0,yahoo,GC=F
2026-09-16T04:08:00Z,4367.7998046875,4367.89990234375,4367.2001953125,4367.2001953125,72.0,yahoo,GC=F
2026-09-16T04:09:00Z,4367.2001953125,4367.60009765625,4366.39990234375,4367.10009765625,39.0,yahoo,GC=F
2026-09-16T04:10:00Z,4367.2001953125,4368.10009765625,4366.60009765625,4367.7001953125,45.0,yahoo,GC=F
2026-09-16T04:11:00Z,4368.2998046875,4368.2998046875,4368.2001953125,4368.2001953125,2.0,yahoo,GC=F
2026-09-16T04:12:00Z,4368.5,4368.7001953125,4367.5,4367.7001953125,42.0,yahoo,GC=F
2026-09-16T04:13:00Z,4367.7001953125,4368.2001953125,4367.39990234375,4367.60009765625,24.0,yahoo,GC=F
2026-09-16T04:14:00Z,4367.7001953125,4367.7001953125,4366.2998046875,4367.60009765625,64.0,yahoo,GC=F
2026-09-16T04:15:00Z,4367.89990234375,4368.2001953125,4367.2001953125,4367.2998046875,22.0,yahoo,GC=F
2026-09-16T04:16:00Z,4367.39990234375,4367.5,4366.2998046875,4366.7998046875,13.0,yahoo,GC=F
2026-09-16T04:17:00Z,4366.89990234375,4366.89990234375,4366.2001953125,4366.39990234375,38.0,yahoo,GC=F
2026-09-16T04:18:00Z,4366.10009765625,4366.10009765625,4364.10009765625,4364.89990234375,76.0,yahoo,GC=F
2026-09-16T04:19:00Z,4365.0,4365.39990234375,4364.0,4364.60009765625,37.0,yahoo,GC=F
2026-09-16T04:20:00Z,4364.7001953125,4367.5,4364.5,4367.2001953125,44.0,yahoo,GC=F
2026-09-16T04:21:00Z,4367.10009765625,4367.39990234375,4366.2998046875,4367.39990234375,27.0,yahoo,GC=F
2026-09-16T04:22:00Z,4367.5,4369.2001953125,4367.5,4368.89990234375,81.0,yahoo,GC=F
2026-09-16T04:23:00Z,4368.7998046875,4369.2001953125,4368.0,4368.0,26.0,yahoo,GC=F
2026-09-16T04:24:00Z,4368.5,4368.60009765625,4367.39990234375,4367.39990234375,33.0,yahoo,GC=F
2026-09-16T04:25:00Z,4367.2998046875,4367.7998046875,4367.10009765625,4367.39990234375,21.0,yahoo,GC=F
2026-09-16T04:26:00Z,4367.2001953125,4367.89990234375,4367.2001953125,4367.89990234375,10.0,yahoo,GC=F
2026-09-16T04:27:00Z,4367.60009765625,4367.7998046875,4366.7998046875,4367.10009765625,22.0,yahoo,GC=F
2026-09-16T04:28:00Z,4367.2001953125,4367.2001953125,4366.5,4366.7001953125,12.0,yahoo,GC=F
2026-09-16T04:29:00Z,4366.2001953125,4367.2001953125,4365.7998046875,4366.60009765625,49.0,yahoo,GC=F
2026-09-16T04:30:00Z,4366.39990234375,4368.10009765625,4366.0,4368.10009765625,23.0,yahoo,GC=F
2026-09-16T04:31:00Z,4368.10009765625,4368.5,4368.0,4368.39990234375,15.0,yahoo,GC=F
2026-09-16T04:32:00Z,4368.2001953125,4369.10009765625,4367.60009765625,4367.60009765625,44.0,yahoo,GC=F
2026-09-16T04:33:00Z,4367.7001953125,4367.7001953125,4365.89990234375,4366.0,43.0,yahoo,GC=F
2026-09-16T04:34:00Z,4366.2001953125,4367.0,4365.60009765625,4365.89990234375,32.0,yahoo,GC=F
2026-09-16T04:35:00Z,4366.10009765625,4366.10009765625,4365.5,4366.10009765625,30.0,yahoo,GC=F
2026-09-16T04:36:00Z,4365.89990234375,4365.89990234375,4365.5,4365.7998046875,8.0,yahoo,GC=F
2026-09-16T04:37:00Z,4366.0,4366.60009765625,4365.5,4366.60009765625,15.0,yahoo,GC=F
2026-09-16T04:38:00Z,4366.39990234375,4366.39990234375,4365.7001953125,4365.89990234375,12.0,yahoo,GC=F
2026-09-16T04:39:00Z,4366.39990234375,4366.60009765625,4366.2001953125,4366.60009765625,6.0,yahoo,GC=F
2026-09-16T04:40:00Z,4366.7998046875,4367.0,4366.39990234375,4366.39990234375,23.0,yahoo,GC=F
2026-09-16T04:41:00Z,4366.7001953125,4366.7001953125,4365.7998046875,4366.2001953125,32.0,yahoo,GC=F
2026-09-16T04:42:00Z,4366.10009765625,4366.2001953125,4365.7998046875,4365.89990234375,8.0,yahoo,GC=F
2026-09-16T04:43:00Z,4365.7998046875,4365.7998046875,4363.89990234375,4364.2001953125,30.0,yahoo,GC=F
2026-09-16T04:44:00Z,4364.0,4364.2998046875,4363.5,4363.7998046875,24.0,yahoo,GC=F
2026-09-16T04:45:00Z,4363.7001953125,4363.7998046875,4363.10009765625,4363.7998046875,57.0,yahoo,GC=F
2026-09-16T04:46:00Z,4363.89990234375,4364.0,4363.5,4363.7998046875,6.0,yahoo,GC=F
2026-09-16T04:47:00Z,4363.39990234375,4364.39990234375,4363.10009765625,4363.39990234375,30.0,yahoo,GC=F
2026-09-16T04:48:00Z,4363.5,4363.7001953125,4361.7998046875,4361.7998046875,107.0,yahoo,GC=F
2026-09-16T04:49:00Z,4361.7998046875,4362.7998046875,4361.7001953125,4361.89990234375,45.0,yahoo,GC=F
2026-09-16T04:50:00Z,4361.89990234375,4362.89990234375,4361.7998046875,4362.7998046875,24.0,yahoo,GC=F
2026-09-16T04:51:00Z,4362.60009765625,4362.60009765625,4361.60009765625,4362.2001953125,15.0,yahoo,GC=F
2026-09-16T04:52:00Z,4361.89990234375,4362.7998046875,4361.5,4362.5,26.0,yahoo,GC=F
2026-09-16T04:53:00Z,4362.2998046875,4362.7001953125,4361.89990234375,4362.39990234375,24.0,yahoo,GC=F
2026-09-16T04:54:00Z,4362.60009765625,4362.60009765625,4361.60009765625,4362.2001953125,11.0,yahoo,GC=F
2026-09-16T04:55:00Z,4362.10009765625,4362.2001953125,4361.7001953125,4362.0,16.0,yahoo,GC=F
2026-09-16T04:56:00Z,4362.60009765625,4362.89990234375,4361.7998046875,4361.7998046875,21.0,yahoo,GC=F
2026-09-16T04:57:00Z,4362.0,4362.5,4362.0,4362.5,49.0,yahoo,GC=F
2026-09-16T04:58:00Z,4362.7998046875,4363.2001953125,4362.7001953125,4362.89990234375,15.0,yahoo,GC=F
2026-09-16T04:59:00Z,4362.7998046875,4362.89990234375,4362.39990234375,4362.60009765625,20.0,yahoo,GC=F
2026-09-16T05:00:00Z,4362.7998046875,4363.2001953125,4361.7001953125,4362.89990234375,32.0,yahoo,GC=F
2026-09-16T05:01:00Z,4363.2001953125,4363.60009765625,4362.7001953125,4362.89990234375,38.0,yahoo,GC=F
2026-09-16T05:02:00Z,4362.39990234375,4362.7998046875,4362.10009765625,4362.7998046875,31.0,yahoo,GC=F
2026-09-16T05:03:00Z,4362.7001953125,4362.89990234375,4362.2998046875,4362.7998046875,16.0,yahoo,GC=F
2026-09-16T05:04:00Z,4363.0,4363.5,4362.7998046875,4363.5,28.0,yahoo,GC=F
2026-09-16T05:05:00Z,4363.7998046875,4364.2998046875,4363.2998046875,4364.0,33.0,yahoo,GC=F
2026-09-16T05:06:00Z,4364.10009765625,4365.2998046875,4363.5,4363.60009765625,62.0,yahoo,GC=F
2026-09-16T05:07:00Z,4363.7998046875,4364.7998046875,4363.2001953125,4364.7001953125,38.0,yahoo,GC=F
2026-09-16T05:08:00Z,4364.7998046875,4364.7998046875,4363.10009765625,4363.89990234375,98.0,yahoo,GC=F
2026-09-16T05:09:00Z,4364.10009765625,4365.10009765625,4363.39990234375,4364.10009765625,118.0,yahoo,GC=F
2026-09-16T05:10:00Z,4364.5,4364.7998046875,4362.0,4362.5,185.0,yahoo,GC=F
2026-09-16T05:11:00Z,4362.0,4363.5,4361.89990234375,4362.5,21.0,yahoo,GC=F
2026-09-16T05:12:00Z,4362.5,4363.5,4362.2998046875,4363.2998046875,17.0,yahoo,GC=F
2026-09-16T05:13:00Z,4363.2001953125,4365.39990234375,4363.2001953125,4365.10009765625,32.0,yahoo,GC=F
2026-09-16T05:14:00Z,4365.10009765625,4365.10009765625,4361.89990234375,4362.5,86.0,yahoo,GC=F
2026-09-16T05:15:00Z,4362.5,4364.10009765625,4362.39990234375,4364.10009765625,60.0,yahoo,GC=F
2026-09-16T05:16:00Z,4364.10009765625,4364.2001953125,4363.7998046875,4363.7998046875,16.0,yahoo,GC=F
2026-09-16T05:17:00Z,4363.89990234375,4365.10009765625,4363.89990234375,4364.5,32.0,yahoo,GC=F
2026-09-16T05:18:00Z,4364.60009765625,4365.7998046875,4364.60009765625,4365.2001953125,50.0,yahoo,GC=F
2026-09-16T05:19:00Z,4365.39990234375,4366.7998046875,4365.2998046875,4366.5,44.0,yahoo,GC=F
2026-09-16T05:20:00Z,4366.39990234375,4367.10009765625,4365.2001953125,4365.39990234375,66.0,yahoo,GC=F
2026-09-16T05:21:00Z,4365.7001953125,4366.2001953125,4365.0,4365.89990234375,45.0,yahoo,GC=F
2026-09-16T05:22:00Z,4365.39990234375,4366.0,4364.5,4364.5,32.0,yahoo,GC=F
2026-09-16T05:23:00Z,4364.39990234375,4365.2001953125,4364.2998046875,4364.89990234375,35.0,yahoo,GC=F
2026-09-16T05:24:00Z,4365.0,4365.39990234375,4364.10009765625,4364.2998046875,23.0,yahoo,GC=F
2026-09-16T05:25:00Z,4364.39990234375,4367.10009765625,4364.0,4366.2998046875,46.0,yahoo,GC=F
2026-09-16T05:26:00Z,4366.39990234375,4367.7001953125,4365.2998046875,4366.10009765625,72.0,yahoo,GC=F
2026-09-16T05:27:00Z,4366.39990234375,4367.5,4366.39990234375,4367.2998046875,45.0,yahoo,GC=F
2026-09-16T05:28:00Z,4366.89990234375,4367.2998046875,4364.89990234375,4365.10009765625,50.0,yahoo,GC=F
2026-09-16T05:29:00Z,4365.2001953125,4365.89990234375,4365.2001953125,4365.7001953125,19.0,yahoo,GC=F
2026-09-16T05:30:00Z,4365.89990234375,4368.5,4365.0,4366.60009765625,245.0,yahoo,GC=F
2026-09-16T05:31:00Z,4366.60009765625,4367.7998046875,4365.7001953125,4367.2001953125,63.0,yahoo,GC=F
2026-09-16T05:32:00Z,4367.2001953125,4368.0,4366.60009765625,4367.7001953125,38.0,yahoo,GC=F
2026-09-16T05:33:00Z,4367.7998046875,4369.89990234375,4367.7998046875,4369.2001953125,128.0,yahoo,GC=F
2026-09-16T05:34:00Z,4369.10009765625,4369.39990234375,4367.2001953125,4369.0,74.0,yahoo,GC=F
2026-09-16T05:35:00Z,4369.2001953125,4369.7998046875,4368.2998046875,4369.60009765625,52.0,yahoo,GC=F
2026-09-16T05:36:00Z,4369.39990234375,4369.60009765625,4367.7998046875,4367.7998046875,52.0,yahoo,GC=F
2026-09-16T05:37:00Z,4367.5,4369.2001953125,4367.5,4369.10009765625,31.0,yahoo,GC=F
2026-09-16T05:38:00Z,4369.2001953125,4371.39990234375,4369.2001953125,4370.5,142.0,yahoo,GC=F
2026-09-16T05:39:00Z,4370.39990234375,4371.2001953125,4369.0,4369.2001953125,77.0,yahoo,GC=F
2026-09-16T05:40:00Z,4369.60009765625,4371.0,4368.60009765625,4370.60009765625,44.0,yahoo,GC=F
2026-09-16T05:41:00Z,4370.2998046875,4370.5,4369.10009765625,4369.60009765625,52.0,yahoo,GC=F
2026-09-16T05:42:00Z,4369.39990234375,4371.60009765625,4368.60009765625,4371.5,77.0,yahoo,GC=F
2026-09-16T05:43:00Z,4371.39990234375,4371.39990234375,4369.89990234375,4370.39990234375,52.0,yahoo,GC=F
2026-09-16T05:44:00Z,4370.39990234375,4373.39990234375,4370.39990234375,4373.39990234375,102.0,yahoo,GC=F
2026-09-16T05:45:00Z,4373.39990234375,4374.2998046875,4372.5,4373.10009765625,106.0,yahoo,GC=F
2026-09-16T05:46:00Z,4373.2001953125,4373.5,4372.60009765625,4373.10009765625,73.0,yahoo,GC=F
2026-09-16T05:47:00Z,4373.10009765625,4373.2998046875,4370.7001953125,4370.7998046875,72.0,yahoo,GC=F
2026-09-16T05:48:00Z,4370.60009765625,4371.10009765625,4369.2001953125,4369.60009765625,70.0,yahoo,GC=F
2026-09-16T05:49:00Z,4369.2001953125,4370.2001953125,4368.2998046875,4369.5,60.0,yahoo,GC=F
2026-09-16T05:50:00Z,4369.5,4370.10009765625,4369.39990234375,4369.7998046875,34.0,yahoo,GC=F
2026-09-16T05:51:00Z,4369.60009765625,4371.89990234375,4369.60009765625,4371.0,71.0,yahoo,GC=F
2026-09-16T05:52:00Z,4371.0,4372.39990234375,4370.7998046875,4371.7998046875,62.0,yahoo,GC=F
2026-09-16T05:53:00Z,4372.0,4372.0,4369.89990234375,4370.0,49.0,yahoo,GC=F
2026-09-16T05:54:00Z,4370.10009765625,4371.0,4369.89990234375,4370.2001953125,29.0,yahoo,GC=F
2026-09-16T05:55:00Z,4369.7998046875,4370.5,4369.10009765625,4370.5,61.0,yahoo,GC=F
2026-09-16T05:56:00Z,4370.89990234375,4371.2998046875,4370.10009765625,4370.7998046875,43.0,yahoo,GC=F
2026-09-16T05:57:00Z,4370.60009765625,4371.0,4369.7001953125,4369.7001953125,25.0,yahoo,GC=F
2026-09-16T05:58:00Z,4369.7998046875,4370.0,4368.2001953125,4368.5,38.0,yahoo,GC=F
2026-09-16T05:59:00Z,4368.2001953125,4368.2001953125,4366.89990234375,4366.89990234375,52.0,yahoo,GC=F
2026-09-16T06:00:00Z,4366.89990234375,4372.39990234375,4366.7998046875,4370.5,346.0,yahoo,GC=F
2026-09-16T06:01:00Z,4370.5,4370.89990234375,4367.89990234375,4368.7001953125,127.0,yahoo,GC=F
2026-09-16T06:02:00Z,4368.89990234375,4368.89990234375,4366.2998046875,4366.2998046875,89.0,yahoo,GC=F
2026-09-16T06:03:00Z,4366.2001953125,4366.2998046875,4363.89990234375,4364.39990234375,239.0,yahoo,GC=F
2026-09-16T06:04:00Z,4364.10009765625,4364.39990234375,4362.2998046875,4362.7001953125,97.0,yahoo,GC=F
2026-09-16T06:05:00Z,4362.7001953125,4363.7998046875,4362.5,4363.39990234375,81.0,yahoo,GC=F
2026-09-16T06:06:00Z,4363.2998046875,4363.2998046875,4361.7001953125,4362.5,46.0,yahoo,GC=F
2026-09-16T06:07:00Z,4362.7001953125,4363.2001953125,4362.0,4362.10009765625,39.0,yahoo,GC=F
2026-09-16T06:08:00Z,4362.7998046875,4365.39990234375,4362.7998046875,4363.89990234375,51.0,yahoo,GC=F
2026-09-16T06:09:00Z,4364.10009765625,4364.89990234375,4363.60009765625,4364.39990234375,36.0,yahoo,GC=F
2026-09-16T06:10:00Z,4364.39990234375,4366.2998046875,4364.2998046875,4366.2001953125,37.0,yahoo,GC=F
2026-09-16T06:11:00Z,4365.89990234375,4366.10009765625,4364.2998046875,4365.89990234375,35.0,yahoo,GC=F
2026-09-16T06:12:00Z,4365.89990234375,4367.60009765625,4365.89990234375,4367.60009765625,88.0,yahoo,GC=F
2026-09-16T06:13:00Z,4367.5,4367.60009765625,4366.10009765625,4367.10009765625,44.0,yahoo,GC=F
2026-09-16T06:14:00Z,4367.2998046875,4367.5,4365.7998046875,4366.10009765625,69.0,yahoo,GC=F
2026-09-16T06:15:00Z,4366.10009765625,4366.2001953125,4365.2998046875,4365.2998046875,36.0,yahoo,GC=F
2026-09-16T06:16:00Z,4365.2998046875,4366.60009765625,4365.2998046875,4366.2998046875,38.0,yahoo,GC=F
2026-09-16T06:17:00Z,4366.2001953125,4367.10009765625,4365.0,4365.60009765625,38.0,yahoo,GC=F
2026-09-16T06:18:00Z,4365.2998046875,4366.7001953125,4365.2998046875,4366.7001953125,65.0,yahoo,GC=F
2026-09-16T06:19:00Z,4366.5,4367.0,4365.39990234375,4367.0,52.0,yahoo,GC=F
2026-09-16T06:20:00Z,4367.2001953125,4368.2001953125,4367.2001953125,4367.60009765625,31.0,yahoo,GC=F
2026-09-16T06:21:00Z,4367.60009765625,4369.10009765625,4366.7001953125,4367.7998046875,51.0,yahoo,GC=F
2026-09-16T06:22:00Z,4367.89990234375,4370.39990234375,4367.7998046875,4369.2998046875,164.0,yahoo,GC=F
2026-09-16T06:23:00Z,4369.39990234375,4370.2001953125,4367.2998046875,4368.39990234375,83.0,yahoo,GC=F
2026-09-16T06:24:00Z,4368.60009765625,4368.60009765625,4367.60009765625,4367.89990234375,125.0,yahoo,GC=F
2026-09-16T06:25:00Z,4368.0,4368.10009765625,4366.39990234375,4366.89990234375,84.0,yahoo,GC=F
2026-09-16T06:26:00Z,4367.10009765625,4367.7998046875,4367.0,4367.60009765625,34.0,yahoo,GC=F
2026-09-16T06:27:00Z,4366.89990234375,4367.2001953125,4366.0,4366.0,26.0,yahoo,GC=F
2026-09-16T06:28:00Z,4366.0,4366.5,4365.7001953125,4366.2001953125,26.0,yahoo,GC=F
2026-09-16T06:29:00Z,4366.10009765625,4367.2001953125,4365.7998046875,4367.0,23.0,yahoo,GC=F
2026-09-16T06:30:00Z,4366.7998046875,4367.39990234375,4366.0,4366.5,60.0,yahoo,GC=F
2026-09-16T06:31:00Z,4366.60009765625,4367.5,4365.39990234375,4365.5,75.0,yahoo,GC=F
2026-09-16T06:32:00Z,4365.39990234375,4366.2998046875,4364.7998046875,4366.10009765625,65.0,yahoo,GC=F
2026-09-16T06:33:00Z,4366.2998046875,4366.2998046875,4365.60009765625,4365.7001953125,27.0,yahoo,GC=F
2026-09-16T06:34:00Z,4365.7001953125,4366.10009765625,4364.89990234375,4365.2998046875,56.0,yahoo,GC=F
2026-09-16T06:35:00Z,4364.89990234375,4366.2001953125,4364.0,4365.10009765625,115.0,yahoo,GC=F
2026-09-16T06:36:00Z,4365.2001953125,4365.89990234375,4364.89990234375,4364.89990234375,38.0,yahoo,GC=F
2026-09-16T06:37:00Z,4364.5,4366.2001953125,4364.5,4365.7998046875,61.0,yahoo,GC=F
2026-09-16T06:38:00Z,4365.60009765625,4366.89990234375,4365.5,4366.5,34.0,yahoo,GC=F
2026-09-16T06:39:00Z,4366.39990234375,4366.39990234375,4365.2998046875,4365.7001953125,34.0,yahoo,GC=F
2026-09-16T06:40:00Z,4365.2001953125,4366.0,4365.2001953125,4365.7998046875,19.0,yahoo,GC=F
2026-09-16T06:41:00Z,4366.0,4366.5,4365.5,4365.7001953125,17.0,yahoo,GC=F
2026-09-16T06:42:00Z,4365.7998046875,4365.7998046875,4364.5,4365.2998046875,92.0,yahoo,GC=F
2026-09-16T06:43:00Z,4365.0,4367.2001953125,4364.7998046875,4367.2001953125,26.0,yahoo,GC=F
2026-09-16T06:44:00Z,4366.7998046875,4368.39990234375,4366.7998046875,4368.2001953125,39.0,yahoo,GC=F
2026-09-16T06:45:00Z,4368.0,4368.5,4367.5,4367.89990234375,78.0,yahoo,GC=F
2026-09-16T06:46:00Z,4367.7998046875,4367.7998046875,4366.2998046875,4367.39990234375,29.0,yahoo,GC=F
2026-09-16T06:47:00Z,4367.2998046875,4367.7001953125,4366.2001953125,4366.39990234375,51.0,yahoo,GC=F
2026-09-16T06:48:00Z,4366.10009765625,4367.89990234375,4365.2001953125,4367.7001953125,85.0,yahoo,GC=F
2026-09-16T06:49:00Z,4367.60009765625,4368.2001953125,4367.5,4367.89990234375,39.0,yahoo,GC=F
2026-09-16T06:50:00Z,4368.0,4368.0,4366.7998046875,4366.7998046875,41.0,yahoo,GC=F
2026-09-16T06:51:00Z,4367.0,4369.89990234375,4367.0,4369.89990234375,122.0,yahoo,GC=F
2026-09-16T06:52:00Z,4369.7001953125,4370.7001953125,4369.10009765625,4369.2001953125,45.0,yahoo,GC=F
2026-09-16T06:53:00Z,4369.0,4369.7998046875,4368.7001953125,4369.10009765625,49.0,yahoo,GC=F
2026-09-16T06:54:00Z,4368.60009765625,4368.89990234375,4367.2998046875,4368.5,120.0,yahoo,GC=F
2026-09-16T06:55:00Z,4368.39990234375,4369.89990234375,4368.39990234375,4369.60009765625,52.0,yahoo,GC=F
2026-09-16T06:56:00Z,4369.7001953125,4371.10009765625,4369.7001953125,4369.7998046875,115.0,yahoo,GC=F
2026-09-16T06:57:00Z,4369.7998046875,4370.7998046875,4369.60009765625,4370.7998046875,66.0,yahoo,GC=F
2026-09-16T06:58:00Z,4371.10009765625,4372.0,4371.10009765625,4371.60009765625,76.0,yahoo,GC=F
2026-09-16T06:59:00Z,4371.7998046875,4373.39990234375,4371.60009765625,4373.2001953125,63.0,yahoo,GC=F
2026-09-16T07:00:00Z,4372.7001953125,4375.10009765625,4372.0,4374.10009765625,244.0,yahoo,GC=F
2026-09-16T07:01:00Z,4373.7998046875,4374.2998046875,4372.89990234375,4373.7001953125,136.0,yahoo,GC=F
2026-09-16T07:02:00Z,4373.0,4374.0,4372.7998046875,4373.7998046875,33.0,yahoo,GC=F
2026-09-16T07:03:00Z,4373.7001953125,4376.2001953125,4373.7001953125,4375.7001953125,98.0,yahoo,GC=F
2026-09-16T07:04:00Z,4375.7001953125,4375.7001953125,4374.7001953125,4374.7998046875,53.0,yahoo,GC=F
2026-09-16T07:05:00Z,4374.7998046875,4374.7998046875,4372.39990234375,4373.10009765625,95.0,yahoo,GC=F
2026-09-16T07:06:00Z,4373.0,4373.0,4370.0,4371.89990234375,172.0,yahoo,GC=F
2026-09-16T07:07:00Z,4372.89990234375,4374.5,4372.7998046875,4373.7998046875,67.0,yahoo,GC=F
2026-09-16T07:08:00Z,4373.89990234375,4374.39990234375,4372.89990234375,4373.7998046875,55.0,yahoo,GC=F
2026-09-16T07:09:00Z,4373.7998046875,4374.2998046875,4373.2001953125,4373.5,62.0,yahoo,GC=F
2026-09-16T07:10:00Z,4373.5,4373.7998046875,4371.89990234375,4373.39990234375,185.0,yahoo,GC=F
2026-09-16T07:11:00Z,4372.60009765625,4373.2998046875,4371.89990234375,4372.10009765625,37.0,yahoo,GC=F
2026-09-16T07:12:00Z,4372.39990234375,4372.7998046875,4372.10009765625,4372.39990234375,41.0,yahoo,GC=F
2026-09-16T07:13:00Z,4372.5,4372.7998046875,4371.60009765625,4372.5,33.0,yahoo,GC=F
2026-09-16T07:14:00Z,4372.7001953125,4375.7001953125,4372.0,4375.5,97.0,yahoo,GC=F
2026-09-16T07:15:00Z,4376.0,4376.2998046875,4375.10009765625,4375.10009765625,62.0,yahoo,GC=F
2026-09-16T07:16:00Z,4375.0,4375.7001953125,4374.2001953125,4375.2998046875,105.0,yahoo,GC=F
2026-09-16T07:17:00Z,4375.39990234375,4377.39990234375,4375.39990234375,4377.2001953125,108.0,yahoo,GC=F
2026-09-16T07:18:00Z,4377.2001953125,4378.0,4373.89990234375,4374.2998046875,94.0,yahoo,GC=F
2026-09-16T07:19:00Z,4374.0,4375.10009765625,4373.10009765625,4373.2001953125,72.0,yahoo,GC=F
2026-09-16T07:20:00Z,4373.2998046875,4373.89990234375,4372.2998046875,4373.60009765625,51.0,yahoo,GC=F
2026-09-16T07:21:00Z,4373.2998046875,4373.7998046875,4372.7001953125,4372.7001953125,25.0,yahoo,GC=F
2026-09-16T07:22:00Z,4372.39990234375,4374.10009765625,4372.39990234375,4374.0,20.0,yahoo,GC=F
2026-09-16T07:23:00Z,4374.0,4376.2998046875,4374.0,4375.7998046875,38.0,yahoo,GC=F
2026-09-16T07:24:00Z,4375.2001953125,4375.2001953125,4374.2001953125,4374.7998046875,60.0,yahoo,GC=F
2026-09-16T07:25:00Z,4374.2998046875,4374.60009765625,4373.60009765625,4374.5,29.0,yahoo,GC=F
2026-09-16T07:26:00Z,4374.60009765625,4374.60009765625,4372.60009765625,4373.39990234375,40.0,yahoo,GC=F
2026-09-16T07:27:00Z,4373.39990234375,4374.60009765625,4373.39990234375,4374.0,18.0,yahoo,GC=F
2026-09-16T07:28:00Z,4373.7998046875,4375.2998046875,4373.7998046875,4375.2998046875,38.0,yahoo,GC=F
2026-09-16T07:29:00Z,4375.89990234375,4376.2001953125,4375.2001953125,4375.7998046875,49.0,yahoo,GC=F
2026-09-16T07:30:00Z,4375.89990234375,4377.39990234375,4375.0,4376.39990234375,120.0,yahoo,GC=F
2026-09-16T07:31:00Z,4376.10009765625,4376.5,4375.2998046875,4375.7998046875,35.0,yahoo,GC=F
2026-09-16T07:32:00Z,4376.0,4376.5,4374.5,4374.5,50.0,yahoo,GC=F
2026-09-16T07:33:00Z,4374.39990234375,4375.0,4374.0,4374.7001953125,19.0,yahoo,GC=F
2026-09-16T07:34:00Z,4375.10009765625,4375.89990234375,4375.0,4375.89990234375,37.0,yahoo,GC=F
2026-09-16T07:35:00Z,4376.0,4377.7001953125,4375.89990234375,4377.60009765625,64.0,yahoo,GC=F
2026-09-16T07:36:00Z,4377.2998046875,4378.7001953125,4377.2001953125,4378.7001953125,57.0,yahoo,GC=F
2026-09-16T07:37:00Z,4378.7998046875,4378.7998046875,4377.39990234375,4377.7998046875,102.0,yahoo,GC=F
2026-09-16T07:38:00Z,4377.89990234375,4378.2998046875,4377.39990234375,4377.89990234375,79.0,yahoo,GC=F
2026-09-16T07:39:00Z,4377.89990234375,4378.2998046875,4377.5,4377.89990234375,20.0,yahoo,GC=F
2026-09-16T07:40:00Z,4378.2998046875,4379.10009765625,4377.2001953125,4377.60009765625,142.0,yahoo,GC=F
2026-09-16T07:41:00Z,4377.39990234375,4377.39990234375,4376.2001953125,4376.39990234375,65.0,yahoo,GC=F
2026-09-16T07:42:00Z,4376.10009765625,4376.2998046875,4374.5,4376.10009765625,146.0,yahoo,GC=F
2026-09-16T07:43:00Z,4375.7998046875,4376.7998046875,4375.2001953125,4376.5,72.0,yahoo,GC=F
2026-09-16T07:44:00Z,4376.39990234375,4376.7001953125,4375.7001953125,4375.7998046875,43.0,yahoo,GC=F
2026-09-16T07:45:00Z,4376.10009765625,4377.0,4375.7001953125,4375.7001953125,50.0,yahoo,GC=F
2026-09-16T07:46:00Z,4376.0,4376.5,4375.5,4376.2998046875,73.0,yahoo,GC=F
2026-09-16T07:47:00Z,4376.5,4377.7001953125,4375.2001953125,4375.2001953125,176.0,yahoo,GC=F
2026-09-16T07:48:00Z,4375.39990234375,4375.39990234375,4373.5,4374.60009765625,83.0,yahoo,GC=F
2026-09-16T07:49:00Z,4374.60009765625,4374.7998046875,4373.5,4373.60009765625,80.0,yahoo,GC=F
2026-09-16T07:50:00Z,4373.7001953125,4373.89990234375,4372.10009765625,4372.2001953125,115.0,yahoo,GC=F
2026-09-16T07:51:00Z,4372.39990234375,4372.5,4370.89990234375,4371.5,95.0,yahoo,GC=F
2026-09-16T07:52:00Z,4371.60009765625,4372.5,4370.7998046875,4370.7998046875,125.0,yahoo,GC=F
2026-09-16T07:53:00Z,4370.7998046875,4371.0,4369.39990234375,4369.89990234375,139.0,yahoo,GC=F
2026-09-16T07:54:00Z,4369.7998046875,4370.0,4368.7998046875,4369.10009765625,91.0,yahoo,GC=F
2026-09-16T07:55:00Z,4368.7998046875,4370.0,4368.7998046875,4369.7001953125,108.0,yahoo,GC=F
2026-09-16T07:56:00Z,4369.7001953125,4370.2998046875,4369.60009765625,4370.10009765625,160.0,yahoo,GC=F
2026-09-16T07:57:00Z,4369.89990234375,4370.0,4369.10009765625,4369.60009765625,71.0,yahoo,GC=F
2026-09-16T07:58:00Z,4369.5,4369.60009765625,4368.39990234375,4368.5,78.0,yahoo,GC=F
2026-09-16T07:59:00Z,4368.7001953125,4369.39990234375,4368.2001953125,4369.0,65.0,yahoo,GC=F
2026-09-16T08:00:00Z,4369.0,4369.2998046875,4365.89990234375,4366.10009765625,281.0,yahoo,GC=F
2026-09-16T08:01:00Z,4366.10009765625,4368.10009765625,4365.0,4368.10009765625,180.0,yahoo,GC=F
2026-09-16T08:02:00Z,4368.2001953125,4368.39990234375,4366.60009765625,4367.0,257.0,yahoo,GC=F
2026-09-16T08:03:00Z,4366.7998046875,4367.10009765625,4364.39990234375,4366.7998046875,155.0,yahoo,GC=F
2026-09-16T08:04:00Z,4367.0,4367.2001953125,4365.60009765625,4365.60009765625,64.0,yahoo,GC=F
2026-09-16T08:05:00Z,4365.7998046875,4366.10009765625,4365.10009765625,4365.7001953125,64.0,yahoo,GC=F
2026-09-16T08:06:00Z,4365.7001953125,4365.7001953125,4363.60009765625,4364.7998046875,76.0,yahoo,GC=F
2026-09-16T08:07:00Z,4364.7998046875,4365.7998046875,4364.5,4365.0,103.0,yahoo,GC=F
2026-09-16T08:08:00Z,4364.7001953125,4365.2998046875,4364.2998046875,4364.5,53.0,yahoo,GC=F
2026-09-16T08:09:00Z,4364.60009765625,4365.0,4363.7001953125,4365.0,41.0,yahoo,GC=F
2026-09-16T08:10:00Z,4364.60009765625,4365.2998046875,4363.7998046875,4364.7001953125,39.0,yahoo,GC=F
2026-09-16T08:11:00Z,4364.7998046875,4365.5,4362.60009765625,4365.5,182.0,yahoo,GC=F
2026-09-16T08:12:00Z,4365.89990234375,4366.2998046875,4364.60009765625,4364.89990234375,102.0,yahoo,GC=F
2026-09-16T08:13:00Z,4364.60009765625,4367.5,4364.2998046875,4367.2001953125,231.0,yahoo,GC=F
2026-09-16T08:14:00Z,4367.10009765625,4367.7001953125,4366.7001953125,4367.39990234375,59.0,yahoo,GC=F
2026-09-16T08:15:00Z,4367.10009765625,4367.89990234375,4366.39990234375,4367.0,89.0,yahoo,GC=F
2026-09-16T08:16:00Z,4367.0,4370.2998046875,4366.89990234375,4370.2998046875,165.0,yahoo,GC=F
2026-09-16T08:17:00Z,4370.2998046875,4371.60009765625,4369.89990234375,4371.2001953125,337.0,yahoo,GC=F
2026-09-16T08:18:00Z,4371.39990234375,4373.60009765625,4371.39990234375,4372.39990234375,213.0,yahoo,GC=F
2026-09-16T08:19:00Z,4372.10009765625,4375.5,4369.5,4372.2001953125,845.0,yahoo,GC=F
2026-09-16T08:20:00Z,4372.10009765625,4375.39990234375,4371.0,4372.7001953125,416.0,yahoo,GC=F
2026-09-16T08:21:00Z,4373.39990234375,4376.7998046875,4372.2001953125,4374.7001953125,353.0,yahoo,GC=F
2026-09-16T08:22:00Z,4374.60009765625,4377.7001953125,4374.10009765625,4376.39990234375,135.0,yahoo,GC=F
2026-09-16T08:23:00Z,4376.7998046875,4376.7998046875,4374.2998046875,4374.89990234375,142.0,yahoo,GC=F
2026-09-16T08:24:00Z,4374.7998046875,4375.5,4374.60009765625,4374.7998046875,52.0,yahoo,GC=F
2026-09-16T08:25:00Z,4374.7001953125,4375.10009765625,4373.7998046875,4374.2001953125,90.0,yahoo,GC=F
2026-09-16T08:26:00Z,4374.2998046875,4374.5,4373.2998046875,4374.0,78.0,yahoo,GC=F
2026-09-16T08:27:00Z,4374.10009765625,4374.7001953125,4373.60009765625,4373.89990234375,51.0,yahoo,GC=F
2026-09-16T08:28:00Z,4373.7998046875,4373.89990234375,4373.10009765625,4373.5,40.0,yahoo,GC=F
2026-09-16T08:29:00Z,4373.2998046875,4374.60009765625,4373.10009765625,4374.2998046875,102.0,yahoo,GC=F
2026-09-16T08:30:00Z,4374.39990234375,4374.60009765625,4369.89990234375,4370.2998046875,212.0,yahoo,GC=F
2026-09-16T08:31:00Z,4370.10009765625,4370.39990234375,4369.2001953125,4370.10009765625,86.0,yahoo,GC=F
2026-09-16T08:32:00Z,4370.10009765625,4370.7998046875,4369.7001953125,4370.10009765625,72.0,yahoo,GC=F
2026-09-16T08:33:00Z,4370.0,4370.2998046875,4368.60009765625,4368.60009765625,50.0,yahoo,GC=F
2026-09-16T08:34:00Z,4368.7001953125,4368.7998046875,4366.2998046875,4368.7998046875,255.0,yahoo,GC=F
2026-09-16T08:35:00Z,4368.89990234375,4369.7998046875,4367.7998046875,4368.0,166.0,yahoo,GC=F
2026-09-16T08:36:00Z,4367.7001953125,4368.2001953125,4366.7001953125,4367.2001953125,67.0,yahoo,GC=F
2026-09-16T08:37:00Z,4367.2001953125,4367.60009765625,4365.7998046875,4366.2001953125,120.0,yahoo,GC=F
2026-09-16T08:38:00Z,4366.10009765625,4366.2998046875,4364.7998046875,4364.7998046875,79.0,yahoo,GC=F
2026-09-16T08:39:00Z,4365.10009765625,4365.39990234375,4364.7001953125,4365.10009765625,44.0,yahoo,GC=F
2026-09-16T08:40:00Z,4365.2998046875,4365.39990234375,4363.89990234375,4364.10009765625,22.0,yahoo,GC=F
2026-09-16T08:41:00Z,4364.2998046875,4365.5,4364.2998046875,4365.2998046875,60.0,yahoo,GC=F
2026-09-16T08:42:00Z,4365.0,4365.5,4364.7001953125,4365.39990234375,39.0,yahoo,GC=F
2026-09-16T08:43:00Z,4365.60009765625,4369.2001953125,4365.5,4368.10009765625,83.0,yahoo,GC=F
2026-09-16T08:44:00Z,4368.10009765625,4368.89990234375,4367.89990234375,4368.7998046875,50.0,yahoo,GC=F
2026-09-16T08:45:00Z,4368.89990234375,4369.2998046875,4368.5,4368.5,35.0,yahoo,GC=F
2026-09-16T08:46:00Z,4368.5,4369.0,4367.7001953125,4368.5,35.0,yahoo,GC=F
2026-09-16T08:47:00Z,4368.39990234375,4368.89990234375,4367.7998046875,4368.0,46.0,yahoo,GC=F
2026-09-16T08:48:00Z,4367.60009765625,4369.10009765625,4367.60009765625,4368.5,112.0,yahoo,GC=F
2026-09-16T08:49:00Z,4368.60009765625,4369.60009765625,4367.7001953125,4367.7001953125,88.0,yahoo,GC=F
2026-09-16T08:50:00Z,4367.2998046875,4367.39990234375,4365.7001953125,4366.89990234375,123.0,yahoo,GC=F
2026-09-16T08:51:00Z,4366.7998046875,4367.39990234375,4365.2001953125,4367.39990234375,108.0,yahoo,GC=F
2026-09-16T08:52:00Z,4367.39990234375,4369.7001953125,4367.39990234375,4369.2998046875,123.0,yahoo,GC=F
2026-09-16T08:53:00Z,4369.2998046875,4370.0,4368.60009765625,4369.7001953125,82.0,yahoo,GC=F
2026-09-16T08:54:00Z,4369.89990234375,4370.7998046875,4369.7001953125,4369.7998046875,44.0,yahoo,GC=F
2026-09-16T08:55:00Z,4369.7998046875,4370.2998046875,4369.5,4370.2998046875,75.0,yahoo,GC=F
2026-09-16T08:56:00Z,4370.10009765625,4371.2001953125,4369.89990234375,4370.2001953125,59.0,yahoo,GC=F
2026-09-16T08:57:00Z,4370.39990234375,4372.2001953125,4370.39990234375,4371.5,100.0,yahoo,GC=F
2026-09-16T08:58:00Z,4371.2998046875,4371.5,4369.7998046875,4371.10009765625,110.0,yahoo,GC=F
2026-09-16T08:59:00Z,4370.60009765625,4371.2998046875,4370.5,4371.10009765625,32.0,yahoo,GC=F
2026-09-16T09:00:00Z,4371.2001953125,4372.0,4370.5,4371.7001953125,60.0,yahoo,GC=F
2026-09-16T09:01:00Z,4371.39990234375,4372.89990234375,4371.2998046875,4372.7998046875,33.0,yahoo,GC=F
2026-09-16T09:02:00Z,4372.7998046875,4373.10009765625,4370.7998046875,4371.89990234375,56.0,yahoo,GC=F
2026-09-16T09:03:00Z,4371.7998046875,4372.0,4371.60009765625,4372.0,11.0,yahoo,GC=F
2026-09-16T09:04:00Z,4371.60009765625,4371.7001953125,4370.5,4371.5,209.0,yahoo,GC=F
2026-09-16T09:05:00Z,4372.10009765625,4372.10009765625,4371.10009765625,4371.2998046875,19.0,yahoo,GC=F
2026-09-16T09:06:00Z,4371.39990234375,4373.2998046875,4371.39990234375,4372.7001953125,53.0,yahoo,GC=F
2026-09-16T09:07:00Z,4372.39990234375,4372.60009765625,4371.2998046875,4371.7001953125,21.0,yahoo,GC=F
2026-09-16T09:08:00Z,4371.39990234375,4371.5,4370.60009765625,4371.5,20.0,yahoo,GC=F
2026-09-16T09:09:00Z,4372.0,4372.60009765625,4371.39990234375,4372.10009765625,65.0,yahoo,GC=F
2026-09-16T09:10:00Z,4372.2998046875,4372.7998046875,4371.5,4372.2998046875,67.0,yahoo,GC=F
2026-09-16T09:11:00Z,4372.5,4373.5,4372.0,4372.7998046875,149.0,yahoo,GC=F
2026-09-16T09:12:00Z,4373.0,4373.0,4372.39990234375,4372.7001953125,11.0,yahoo,GC=F
2026-09-16T09:13:00Z,4372.2998046875,4373.0,4372.2001953125,4372.39990234375,77.0,yahoo,GC=F
2026-09-16T09:14:00Z,4372.7001953125,4373.0,4372.2998046875,4372.7998046875,181.0,yahoo,GC=F
2026-09-16T09:15:00Z,4373.0,4373.60009765625,4372.7998046875,4373.5,50.0,yahoo,GC=F
2026-09-16T09:16:00Z,4373.2998046875,4375.0,4372.89990234375,4373.2998046875,350.0,yahoo,GC=F
2026-09-16T09:17:00Z,4373.10009765625,4373.10009765625,4372.0,4372.2998046875,54.0,yahoo,GC=F
2026-09-16T09:18:00Z,4372.2001953125,4372.2001953125,4370.5,4371.10009765625,59.0,yahoo,GC=F
2026-09-16T09:19:00Z,4370.7998046875,4371.5,4369.89990234375,4370.89990234375,110.0,yahoo,GC=F
2026-09-16T09:20:00Z,4370.7001953125,4371.5,4370.10009765625,4370.60009765625,87.0,yahoo,GC=F
2026-09-16T09:21:00Z,4370.60009765625,4371.7001953125,4370.2998046875,4370.7998046875,52.0,yahoo,GC=F
2026-09-16T09:22:00Z,4371.0,4371.0,4368.89990234375,4369.7001953125,143.0,yahoo,GC=F
2026-09-16T09:23:00Z,4369.7998046875,4370.7998046875,4368.60009765625,4368.89990234375,45.0,yahoo,GC=F
2026-09-16T09:24:00Z,4368.89990234375,4369.5,4368.2998046875,4368.39990234375,50.0,yahoo,GC=F
2026-09-16T09:25:00Z,4368.2998046875,4372.7001953125,4368.2998046875,4371.89990234375,541.0,yahoo,GC=F
2026-09-16T09:26:00Z,4372.2001953125,4374.39990234375,4372.10009765625,4372.2998046875,210.0,yahoo,GC=F
2026-09-16T09:27:00Z,4372.5,4374.5,4371.60009765625,4372.2001953125,165.0,yahoo,GC=F
2026-09-16T09:28:00Z,4372.10009765625,4372.39990234375,4370.39990234375,4371.2998046875,67.0,yahoo,GC=F
2026-09-16T09:29:00Z,4372.10009765625,4372.10009765625,4369.7001953125,4370.60009765625,118.0,yahoo,GC=F
2026-09-16T09:30:00Z,4370.2998046875,4374.0,4370.2998046875,4373.60009765625,183.0,yahoo,GC=F
2026-09-16T09:31:00Z,4373.7998046875,4375.0,4372.89990234375,4374.7998046875,158.0,yahoo,GC=F
2026-09-16T09:32:00Z,4374.60009765625,4376.0,4373.7001953125,4375.5,213.0,yahoo,GC=F
2026-09-16T09:33:00Z,4375.39990234375,4376.2998046875,4373.7998046875,4375.0,177.0,yahoo,GC=F
2026-09-16T09:34:00Z,4375.2001953125,4375.5,4374.2998046875,4374.7998046875,95.0,yahoo,GC=F
2026-09-16T09:35:00Z,4374.89990234375,4376.5,4374.60009765625,4376.2001953125,151.0,yahoo,GC=F
2026-09-16T09:36:00Z,4376.5,4377.0,4374.39990234375,4374.89990234375,132.0,yahoo,GC=F
2026-09-16T09:37:00Z,4374.60009765625,4375.60009765625,4374.5,4375.2001953125,56.0,yahoo,GC=F
2026-09-16T09:38:00Z,4375.10009765625,4376.2001953125,4374.2998046875,4374.2998046875,88.0,yahoo,GC=F
2026-09-16T09:39:00Z,4374.2001953125,4376.10009765625,4373.7998046875,4376.0,48.0,yahoo,GC=F
2026-09-16T09:40:00Z,4375.60009765625,4376.89990234375,4374.89990234375,4375.2998046875,165.0,yahoo,GC=F
2026-09-16T09:41:00Z,4375.5,4376.2998046875,4375.2001953125,4375.39990234375,72.0,yahoo,GC=F
2026-09-16T09:42:00Z,4375.5,4377.2998046875,4375.2001953125,4376.2998046875,102.0,yahoo,GC=F
2026-09-16T09:43:00Z,4376.5,4377.89990234375,4376.39990234375,4377.60009765625,112.0,yahoo,GC=F
2026-09-16T09:44:00Z,4377.7998046875,4378.39990234375,4375.7001953125,4376.10009765625,135.0,yahoo,GC=F
2026-09-16T09:45:00Z,4376.10009765625,4376.5,4374.7998046875,4374.7998046875,58.0,yahoo,GC=F
2026-09-16T09:46:00Z,4374.89990234375,4374.89990234375,4373.39990234375,4373.39990234375,65.0,yahoo,GC=F
2026-09-16T09:47:00Z,4373.60009765625,4373.60009765625,4372.2001953125,4373.10009765625,50.0,yahoo,GC=F
2026-09-16T09:48:00Z,4372.89990234375,4374.39990234375,4372.5,4374.2001953125,86.0,yahoo,GC=F
2026-09-16T09:49:00Z,4374.39990234375,4376.2001953125,4374.39990234375,4375.39990234375,109.0,yahoo,GC=F
2026-09-16T09:50:00Z,4376.10009765625,4376.2998046875,4375.10009765625,4375.60009765625,55.0,yahoo,GC=F
2026-09-16T09:51:00Z,4375.7001953125,4376.2001953125,4375.2998046875,4375.7001953125,70.0,yahoo,GC=F
2026-09-16T09:52:00Z,4375.5,4376.0,4375.5,4376.0,49.0,yahoo,GC=F
2026-09-16T09:53:00Z,4376.0,4376.7001953125,4375.60009765625,4376.5,99.0,yahoo,GC=F
2026-09-16T09:54:00Z,4376.2998046875,4376.89990234375,4375.7998046875,4376.39990234375,81.0,yahoo,GC=F
2026-09-16T09:55:00Z,4376.39990234375,4377.2001953125,4376.2001953125,4377.0,41.0,yahoo,GC=F
2026-09-16T09:56:00Z,4376.7998046875,4378.60009765625,4375.7998046875,4378.39990234375,122.0,yahoo,GC=F
2026-09-16T09:57:00Z,4378.5,4380.2998046875,4378.5,4379.89990234375,214.0,yahoo,GC=F
2026-09-16T09:58:00Z,4379.7998046875,4380.2001953125,4379.39990234375,4380.0,113.0,yahoo,GC=F
2026-09-16T09:59:00Z,4379.7001953125,4380.2998046875,4378.60009765625,4379.10009765625,91.0,yahoo,GC=F
2026-09-16T10:00:00Z,4379.10009765625,4380.60009765625,4379.10009765625,4379.7998046875,101.0,yahoo,GC=F
2026-09-16T10:01:00Z,4380.0,4381.5,4379.0,4381.2001953125,164.0,yahoo,GC=F
2026-09-16T10:02:00Z,4381.0,4382.39990234375,4379.5,4381.7001953125,478.0,yahoo,GC=F
2026-09-16T10:03:00Z,4381.7998046875,4383.0,4381.7998046875,4382.7001953125,121.0,yahoo,GC=F
2026-09-16T10:04:00Z,4382.7998046875,4383.0,4380.0,4380.0,115.0,yahoo,GC=F
2026-09-16T10:05:00Z,4380.2001953125,4381.89990234375,4379.89990234375,4380.10009765625,163.0,yahoo,GC=F
2026-09-16T10:06:00Z,4380.0,4380.89990234375,4378.60009765625,4380.5,177.0,yahoo,GC=F
2026-09-16T10:07:00Z,4380.5,4381.2001953125,4379.89990234375,4380.89990234375,180.0,yahoo,GC=F
2026-09-16T10:08:00Z,4381.0,4384.0,4380.5,4383.7001953125,169.0,yahoo,GC=F
2026-09-16T10:09:00Z,4383.89990234375,4386.89990234375,4383.89990234375,4386.39990234375,534.0,yahoo,GC=F
2026-09-16T10:10:00Z,4386.5,4390.0,4386.5,4388.10009765625,1079.0,yahoo,GC=F
2026-09-16T10:11:00Z,4388.2001953125,4390.2001953125,4387.0,4388.2001953125,469.0,yahoo,GC=F
2026-09-16T10:12:00Z,4388.60009765625,4390.0,4386.10009765625,4386.2001953125,412.0,yahoo,GC=F
2026-09-16T10:13:00Z,4386.2001953125,4386.39990234375,4382.89990234375,4383.7998046875,256.0,yahoo,GC=F
2026-09-16T10:14:00Z,4383.7001953125,4384.5,4383.2001953125,4383.7998046875,149.0,yahoo,GC=F
2026-09-16T10:15:00Z,4384.0,4385.5,4384.0,4384.60009765625,108.0,yahoo,GC=F
2026-09-16T10:16:00Z,4384.5,4384.5,4383.2001953125,4384.0,69.0,yahoo,GC=F
2026-09-16T10:17:00Z,4383.5,4384.10009765625,4382.7001953125,4383.0,65.0,yahoo,GC=F
2026-09-16T10:18:00Z,4383.2001953125,4385.2998046875,4383.10009765625,4385.2998046875,198.0,yahoo,GC=F
2026-09-16T10:19:00Z,4385.2998046875,4385.5,4383.39990234375,4384.2001953125,107.0,yahoo,GC=F
2026-09-16T10:20:00Z,4383.89990234375,4387.2998046875,4383.89990234375,4387.10009765625,155.0,yahoo,GC=F
2026-09-16T10:21:00Z,4386.89990234375,4387.0,4385.5,4385.7001953125,76.0,yahoo,GC=F
2026-09-16T10:22:00Z,4386.0,4386.7001953125,4385.0,4385.0,70.0,yahoo,GC=F
2026-09-16T10:23:00Z,4385.0,4385.2001953125,4383.5,4383.5,56.0,yahoo,GC=F
2026-09-16T10:24:00Z,4383.5,4383.89990234375,4382.7998046875,4383.39990234375,97.0,yahoo,GC=F
2026-09-16T10:25:00Z,4383.2001953125,4384.0,4382.0,4383.39990234375,144.0,yahoo,GC=F
2026-09-16T10:26:00Z,4383.5,4387.2998046875,4383.39990234375,4387.2998046875,195.0,yahoo,GC=F
2026-09-16T10:27:00Z,4387.2998046875,4390.0,4387.2998046875,4389.5,392.0,yahoo,GC=F
2026-09-16T10:28:00Z,4389.60009765625,4389.60009765625,4387.60009765625,4388.10009765625,161.0,yahoo,GC=F
2026-09-16T10:29:00Z,4388.2001953125,4389.39990234375,4387.0,4389.2998046875,243.0,yahoo,GC=F
2026-09-16T10:30:00Z,4389.39990234375,4389.7998046875,4386.89990234375,4387.60009765625,198.0,yahoo,GC=F
2026-09-16T10:31:00Z,4387.7001953125,4389.2998046875,4387.60009765625,4389.10009765625,74.0,yahoo,GC=F
2026-09-16T10:32:00Z,4389.10009765625,4389.2998046875,4388.2001953125,4389.2001953125,38.0,yahoo,GC=F
2026-09-16T10:33:00Z,4389.5,4389.5,4388.2998046875,4389.0,42.0,yahoo,GC=F
2026-09-16T10:34:00Z,4389.0,4389.2001953125,4387.5,4389.2001953125,89.0,yahoo,GC=F
2026-09-16T10:35:00Z,4388.89990234375,4389.39990234375,4388.39990234375,4388.39990234375,71.0,yahoo,GC=F
2026-09-16T10:36:00Z,4388.2001953125,4388.89990234375,4387.7998046875,4388.60009765625,59.0,yahoo,GC=F
2026-09-16T10:37:00Z,4388.89990234375,4390.60009765625,4388.2998046875,4389.7001953125,140.0,yahoo,GC=F
2026-09-16T10:38:00Z,4389.7998046875,4390.0,4388.7001953125,4388.7001953125,40.0,yahoo,GC=F
2026-09-16T10:39:00Z,4388.7001953125,4389.0,4388.5,4388.89990234375,40.0,yahoo,GC=F
2026-09-16T10:40:00Z,4389.0,4390.10009765625,4388.7998046875,4389.7001953125,61.0,yahoo,GC=F
2026-09-16T10:41:00Z,4389.60009765625,4389.60009765625,4388.60009765625,4389.10009765625,48.0,yahoo,GC=F
2026-09-16T10:42:00Z,4389.10009765625,4390.5,4388.7001953125,4389.7001953125,109.0,yahoo,GC=F
2026-09-16T10:43:00Z,4389.7001953125,4390.10009765625,4388.7001953125,4389.5,168.0,yahoo,GC=F
2026-09-16T10:44:00Z,4389.7001953125,4390.2998046875,4389.60009765625,4390.2001953125,59.0,yahoo,GC=F
2026-09-16T10:45:00Z,4390.10009765625,4390.60009765625,4389.2001953125,4390.2001953125,73.0,yahoo,GC=F
2026-09-16T10:46:00Z,4390.2001953125,4390.5,4389.0,4389.10009765625,56.0,yahoo,GC=F
2026-09-16T10:47:00Z,4389.10009765625,4390.0,4389.10009765625,4389.89990234375,43.0,yahoo,GC=F
2026-09-16T10:48:00Z,4389.89990234375,4390.10009765625,4389.39990234375,4389.7998046875,62.0,yahoo,GC=F
2026-09-16T10:49:00Z,4389.7001953125,4390.0,4389.0,4389.89990234375,81.0,yahoo,GC=F
2026-09-16T10:50:00Z,4389.7998046875,4389.7998046875,4388.5,4388.7001953125,208.0,yahoo,GC=F
2026-09-16T10:51:00Z,4388.60009765625,4388.7998046875,4388.0,4388.7001953125,62.0,yahoo,GC=F
2026-09-16T10:52:00Z,4388.60009765625,4388.60009765625,4387.7001953125,4388.5,75.0,yahoo,GC=F
2026-09-16T10:53:00Z,4388.5,4388.5,4387.5,4387.60009765625,48.0,yahoo,GC=F
2026-09-16T10:54:00Z,4387.60009765625,4387.60009765625,4386.60009765625,4387.10009765625,53.0,yahoo,GC=F
2026-09-16T10:55:00Z,4387.2998046875,4387.39990234375,4387.0,4387.2001953125,44.0,yahoo,GC=F
2026-09-16T10:56:00Z,4387.39990234375,4388.39990234375,4387.39990234375,4388.10009765625,32.0,yahoo,GC=F
2026-09-16T10:57:00Z,4388.10009765625,4389.39990234375,4388.10009765625,4389.10009765625,67.0,yahoo,GC=F
2026-09-16T10:58:00Z,4389.2001953125,4390.89990234375,4389.2001953125,4389.7998046875,146.0,yahoo,GC=F
2026-09-16T10:59:00Z,4389.60009765625,4393.0,4389.10009765625,4391.89990234375,309.0,yahoo,GC=F
2026-09-16T11:00:00Z,4392.0,4394.5,4390.39990234375,4391.5,1034.0,yahoo,GC=F
2026-09-16T11:01:00Z,4391.7998046875,4392.0,4389.60009765625,4390.2998046875,176.0,yahoo,GC=F
2026-09-16T11:02:00Z,4390.39990234375,4392.10009765625,4390.0,4391.7001953125,107.0,yahoo,GC=F
2026-09-16T11:03:00Z,4391.7998046875,4391.7998046875,4389.7998046875,4390.7001953125,171.0,yahoo,GC=F
2026-09-16T11:04:00Z,4390.60009765625,4391.89990234375,4390.10009765625,4391.2001953125,67.0,yahoo,GC=F
2026-09-16T11:05:00Z,4391.2001953125,4392.10009765625,4390.5,4390.89990234375,78.0,yahoo,GC=F
2026-09-16T11:06:00Z,4390.89990234375,4391.39990234375,4390.10009765625,4391.2998046875,65.0,yahoo,GC=F
2026-09-16T11:07:00Z,4391.39990234375,4392.39990234375,4390.60009765625,4391.7001953125,172.0,yahoo,GC=F
2026-09-16T11:08:00Z,4392.0,4392.2001953125,4389.89990234375,4389.89990234375,188.0,yahoo,GC=F
2026-09-16T11:09:00Z,4389.89990234375,4392.2001953125,4389.60009765625,4390.89990234375,161.0,yahoo,GC=F
2026-09-16T11:10:00Z,4390.5,4392.10009765625,4390.5,4391.7998046875,129.0,yahoo,GC=F
2026-09-16T11:11:00Z,4391.7001953125,4392.0,4390.7998046875,4391.39990234375,64.0,yahoo,GC=F
2026-09-16T11:12:00Z,4391.39990234375,4391.7001953125,4390.0,4390.2998046875,56.0,yahoo,GC=F
2026-09-16T11:13:00Z,4390.10009765625,4390.10009765625,4388.7998046875,4389.5,309.0,yahoo,GC=F
2026-09-16T11:14:00Z,4389.2998046875,4389.39990234375,4387.89990234375,4388.10009765625,100.0,yahoo,GC=F
2026-09-16T11:15:00Z,4388.0,4389.10009765625,4387.89990234375,4388.39990234375,57.0,yahoo,GC=F
2026-09-16T11:16:00Z,4388.2998046875,4388.7998046875,4388.10009765625,4388.39990234375,43.0,yahoo,GC=F
2026-09-16T11:17:00Z,4388.39990234375,4389.10009765625,4387.7001953125,4388.7998046875,41.0,yahoo,GC=F
2026-09-16T11:18:00Z,4389.0,4389.10009765625,4387.39990234375,4387.5,59.0,yahoo,GC=F
2026-09-16T11:19:00Z,4387.7998046875,4389.2998046875,4387.7998046875,4388.7998046875,91.0,yahoo,GC=F
2026-09-16T11:20:00Z,4388.60009765625,4389.2998046875,4388.2001953125,4388.2998046875,103.0,yahoo,GC=F
2026-09-16T11:21:00Z,4388.5,4388.5,4387.39990234375,4387.7001953125,70.0,yahoo,GC=F
2026-09-16T11:22:00Z,4387.7001953125,4388.5,4387.5,4388.2998046875,105.0,yahoo,GC=F
2026-09-16T11:23:00Z,4388.5,4389.10009765625,4388.2001953125,4389.10009765625,159.0,yahoo,GC=F
2026-09-16T11:24:00Z,4389.39990234375,4390.10009765625,4389.2998046875,4389.60009765625,54.0,yahoo,GC=F
2026-09-16T11:25:00Z,4389.60009765625,4390.7001953125,4388.89990234375,4390.7001953125,117.0,yahoo,GC=F
2026-09-16T11:26:00Z,4390.2998046875,4390.5,4389.7998046875,4389.7998046875,42.0,yahoo,GC=F
2026-09-16T11:27:00Z,4390.0,4390.7001953125,4389.7001953125,4390.39990234375,74.0,yahoo,GC=F
2026-09-16T11:28:00Z,4390.60009765625,4394.60009765625,4389.7998046875,4394.2998046875,472.0,yahoo,GC=F
2026-09-16T11:29:00Z,4394.2001953125,4394.7998046875,4391.7998046875,4391.7998046875,260.0,yahoo,GC=F
2026-09-16T11:30:00Z,4391.7001953125,4392.2001953125,4390.60009765625,4391.0,98.0,yahoo,GC=F
2026-09-16T11:31:00Z,4390.7998046875,4390.7998046875,4389.7998046875,4390.5,58.0,yahoo,GC=F
2026-09-16T11:32:00Z,4390.2998046875,4390.60009765625,4389.7998046875,4390.10009765625,65.0,yahoo,GC=F
2026-09-16T11:33:00Z,4390.0,4392.60009765625,4390.0,4391.89990234375,118.0,yahoo,GC=F
2026-09-16T11:34:00Z,4392.10009765625,4392.2998046875,4392.0,4392.0,25.0,yahoo,GC=F
2026-09-16T11:35:00Z,4391.7998046875,4391.89990234375,4390.89990234375,4390.89990234375,64.0,yahoo,GC=F
2026-09-16T11:36:00Z,4391.2001953125,4392.60009765625,4391.10009765625,4392.60009765625,81.0,yahoo,GC=F
2026-09-16T11:37:00Z,4392.7001953125,4394.2001953125,4390.60009765625,4390.60009765625,101.0,yahoo,GC=F
2026-09-16T11:38:00Z,4390.7998046875,4391.7001953125,4389.7001953125,4391.60009765625,186.0,yahoo,GC=F
2026-09-16T11:39:00Z,4391.7998046875,4392.39990234375,4391.2001953125,4391.7001953125,78.0,yahoo,GC=F
2026-09-16T11:40:00Z,4391.7998046875,4391.89990234375,4388.2001953125,4390.0,435.0,yahoo,GC=F
2026-09-16T11:41:00Z,4390.10009765625,4391.0,4389.60009765625,4389.89990234375,95.0,yahoo,GC=F
2026-09-16T11:42:00Z,4389.89990234375,4391.0,4389.2998046875,4390.7998046875,63.0,yahoo,GC=F
2026-09-16T11:43:00Z,4391.0,4392.10009765625,4390.7998046875,4392.10009765625,65.0,yahoo,GC=F
2026-09-16T11:44:00Z,4391.7998046875,4391.7998046875,4390.5,4390.89990234375,62.0,yahoo,GC=F
2026-09-16T11:45:00Z,4391.2998046875,4391.7998046875,4390.89990234375,4390.89990234375,33.0,yahoo,GC=F
2026-09-16T11:46:00Z,4391.0,4391.0,4390.5,4390.60009765625,32.0,yahoo,GC=F
2026-09-16T11:47:00Z,4390.39990234375,4390.89990234375,4390.2001953125,4390.2998046875,54.0,yahoo,GC=F
2026-09-16T11:48:00Z,4390.60009765625,4391.10009765625,4388.7001953125,4388.89990234375,133.0,yahoo,GC=F
2026-09-16T11:49:00Z,4388.7001953125,4388.89990234375,4388.0,4388.2001953125,107.0,yahoo,GC=F
2026-09-16T11:50:00Z,4388.2001953125,4388.2998046875,4386.5,4387.89990234375,136.0,yahoo,GC=F
2026-09-16T11:51:00Z,4387.89990234375,4388.7001953125,4387.60009765625,4388.60009765625,77.0,yahoo,GC=F
2026-09-16T11:52:00Z,4388.39990234375,4388.5,4387.7998046875,4388.0,74.0,yahoo,GC=F
2026-09-16T11:53:00Z,4388.10009765625,4388.10009765625,4387.0,4387.60009765625,99.0,yahoo,GC=F
2026-09-16T11:54:00Z,4387.7001953125,4389.10009765625,4387.7001953125,4388.39990234375,65.0,yahoo,GC=F
2026-09-16T11:55:00Z,4388.5,4389.2998046875,4385.7998046875,4385.7998046875,140.0,yahoo,GC=F
2026-09-16T11:56:00Z,4385.7998046875,4385.89990234375,4384.60009765625,4384.7001953125,149.0,yahoo,GC=F
2026-09-16T11:57:00Z,4384.60009765625,4385.2001953125,4384.10009765625,4384.2001953125,142.0,yahoo,GC=F
2026-09-16T11:58:00Z,4384.10009765625,4384.5,4383.5,4383.89990234375,112.0,yahoo,GC=F
2026-09-16T11:59:00Z,4383.7001953125,4383.7001953125,4382.7001953125,4382.7998046875,87.0,yahoo,GC=F
2026-09-16T12:00:00Z,4382.7998046875,4383.5,4382.2998046875,4382.39990234375,110.0,yahoo,GC=F
2026-09-16T12:01:00Z,4382.39990234375,4383.7998046875,4381.7001953125,4382.60009765625,230.0,yahoo,GC=F
2026-09-16T12:02:00Z,4382.7001953125,4383.7998046875,4381.60009765625,4383.39990234375,157.0,yahoo,GC=F
2026-09-16T12:03:00Z,4383.60009765625,4383.7998046875,4382.7998046875,4383.60009765625,60.0,yahoo,GC=F
2026-09-16T12:04:00Z,4383.60009765625,4384.89990234375,4383.2001953125,4384.10009765625,112.0,yahoo,GC=F
2026-09-16T12:05:00Z,4384.0,4385.2001953125,4383.2998046875,4384.39990234375,140.0,yahoo,GC=F
2026-09-16T12:06:00Z,4384.5,4388.5,4384.5,4388.2001953125,382.0,yahoo,GC=F
2026-09-16T12:07:00Z,4388.0,4389.0,4387.39990234375,4388.89990234375,182.0,yahoo,GC=F
2026-09-16T12:08:00Z,4388.7998046875,4389.2998046875,4387.60009765625,4388.2998046875,203.0,yahoo,GC=F
2026-09-16T12:09:00Z,4388.10009765625,4389.0,4387.2998046875,4389.0,164.0,yahoo,GC=F
2026-09-16T12:10:00Z,4388.7998046875,4388.89990234375,4385.2998046875,4386.2001953125,181.0,yahoo,GC=F
2026-09-16T12:11:00Z,4386.2001953125,4386.7001953125,4385.2998046875,4386.7001953125,137.0,yahoo,GC=F
2026-09-16T12:12:00Z,4387.2001953125,4387.7001953125,4384.10009765625,4384.89990234375,155.0,yahoo,GC=F
2026-09-16T12:13:00Z,4385.0,4385.2998046875,4384.2001953125,4385.2998046875,172.0,yahoo,GC=F
2026-09-16T12:14:00Z,4385.60009765625,4386.0,4384.5,4384.5,89.0,yahoo,GC=F
2026-09-16T12:15:00Z,4384.2998046875,4386.5,4384.2001953125,4386.10009765625,109.0,yahoo,GC=F
2026-09-16T12:16:00Z,4386.10009765625,4386.60009765625,4385.60009765625,4386.2998046875,96.0,yahoo,GC=F
2026-09-16T12:17:00Z,4386.2998046875,4386.2998046875,4383.39990234375,4384.2998046875,200.0,yahoo,GC=F
2026-09-16T12:18:00Z,4384.2001953125,4384.89990234375,4381.5,4381.7998046875,337.0,yahoo,GC=F
2026-09-16T12:19:00Z,4381.7001953125,4383.2998046875,4381.5,4383.2998046875,158.0,yahoo,GC=F
2026-09-16T12:20:00Z,4383.2001953125,4383.2001953125,4379.39990234375,4381.0,410.0,yahoo,GC=F
2026-09-16T12:21:00Z,4381.2001953125,4382.0,4379.89990234375,4379.89990234375,187.0,yahoo,GC=F
2026-09-16T12:22:00Z,4380.2001953125,4381.0,4379.2001953125,4380.60009765625,156.0,yahoo,GC=F
2026-09-16T12:23:00Z,4380.7001953125,4381.0,4379.5,4380.39990234375,167.0,yahoo,GC=F
2026-09-16T12:24:00Z,4380.2998046875,4380.2998046875,4378.60009765625,4379.5,157.0,yahoo,GC=F
2026-09-16T12:25:00Z,4379.7001953125,4381.2001953125,4379.7001953125,4381.10009765625,120.0,yahoo,GC=F
2026-09-16T12:26:00Z,4381.10009765625,4381.39990234375,4380.39990234375,4381.0,87.0,yahoo,GC=F
2026-09-16T12:27:00Z,4381.10009765625,4382.2001953125,4380.2998046875,4380.2998046875,156.0,yahoo,GC=F
2026-09-16T12:28:00Z,4380.2998046875,4380.39990234375,4379.2998046875,4379.89990234375,73.0,yahoo,GC=F
2026-09-16T12:29:00Z,4380.10009765625,4381.0,4380.0,4381.0,85.0,yahoo,GC=F
2026-09-16T12:30:00Z,4380.7001953125,4382.89990234375,4375.0,4382.5,504.0,yahoo,GC=F
2026-09-16T12:31:00Z,4382.39990234375,4383.2998046875,4380.89990234375,4382.7998046875,221.0,yahoo,GC=F
2026-09-16T12:32:00Z,4382.60009765625,4383.0,4381.2001953125,4381.2998046875,215.0,yahoo,GC=F
2026-09-16T12:33:00Z,4381.39990234375,4382.39990234375,4381.39990234375,4382.0,96.0,yahoo,GC=F
2026-09-16T12:34:00Z,4382.2998046875,4382.60009765625,4381.2001953125,4382.10009765625,121.0,yahoo,GC=F
2026-09-16T12:35:00Z,4382.5,4384.2001953125,4382.5,4383.10009765625,123.0,yahoo,GC=F
2026-09-16T12:36:00Z,4383.2998046875,4383.39990234375,4381.2998046875,4381.2998046875,117.0,yahoo,GC=F
2026-09-16T12:37:00Z,4381.5,4382.0,4381.10009765625,4381.7001953125,109.0,yahoo,GC=F
2026-09-16T12:38:00Z,4381.7001953125,4381.89990234375,4379.60009765625,4381.89990234375,149.0,yahoo,GC=F
2026-09-16T12:39:00Z,4382.10009765625,4385.39990234375,4382.10009765625,4384.7001953125,160.0,yahoo,GC=F
2026-09-16T12:40:00Z,4384.5,4384.7001953125,4383.7001953125,4383.7001953125,65.0,yahoo,GC=F
2026-09-16T12:41:00Z,4383.60009765625,4384.10009765625,4382.60009765625,4384.0,138.0,yahoo,GC=F
2026-09-16T12:42:00Z,4384.10009765625,4386.2001953125,4384.10009765625,4385.5,141.0,yahoo,GC=F
2026-09-16T12:43:00Z,4385.5,4385.7001953125,4383.5,4385.0,145.0,yahoo,GC=F
2026-09-16T12:44:00Z,4385.0,4385.7001953125,4384.10009765625,4384.60009765625,130.0,yahoo,GC=F
2026-09-16T12:45:00Z,4384.60009765625,4384.7998046875,4384.0,4384.7998046875,88.0,yahoo,GC=F
2026-09-16T12:46:00Z,4384.7001953125,4385.5,4384.0,4384.0,63.0,yahoo,GC=F
2026-09-16T12:47:00Z,4383.7001953125,4384.7001953125,4383.7001953125,4384.5,73.0,yahoo,GC=F
2026-09-16T12:48:00Z,4384.5,4388.10009765625,4384.5,4387.89990234375,243.0,yahoo,GC=F
2026-09-16T12:49:00Z,4387.60009765625,4388.0,4386.39990234375,4387.2001953125,190.0,yahoo,GC=F
2026-09-16T12:50:00Z,4387.2001953125,4389.0,4387.10009765625,4388.39990234375,321.0,yahoo,GC=F
2026-09-16T12:51:00Z,4388.5,4389.0,4387.0,4387.0,79.0,yahoo,GC=F
2026-09-16T12:52:00Z,4387.2001953125,4387.2998046875,4383.60009765625,4385.10009765625,174.0,yahoo,GC=F
2026-09-16T12:53:00Z,4385.2998046875,4387.39990234375,4385.2001953125,4387.2001953125,206.0,yahoo,GC=F
2026-09-16T12:54:00Z,4387.2998046875,4387.5,4386.2001953125,4386.2001953125,80.0,yahoo,GC=F
2026-09-16T12:55:00Z,4386.10009765625,4388.5,4385.39990234375,4388.5,225.0,yahoo,GC=F
2026-09-16T12:56:00Z,4388.7001953125,4388.89990234375,4386.89990234375,4387.0,222.0,yahoo,GC=F
2026-09-16T12:57:00Z,4386.89990234375,4387.60009765625,4386.2998046875,4387.0,82.0,yahoo,GC=F
2026-09-16T12:58:00Z,4386.89990234375,4387.39990234375,4386.0,4386.89990234375,98.0,yahoo,GC=F
2026-09-16T12:59:00Z,4387.0,4390.10009765625,4385.89990234375,4388.39990234375,275.0,yahoo,GC=F
2026-09-16T13:00:00Z,4388.5,4391.2998046875,4387.39990234375,4390.0,420.0,yahoo,GC=F
2026-09-16T13:01:00Z,4389.7998046875,4390.0,4387.7998046875,4388.2998046875,186.0,yahoo,GC=F
2026-09-16T13:02:00Z,4388.2001953125,4388.7998046875,4386.89990234375,4388.2001953125,128.0,yahoo,GC=F
2026-09-16T13:03:00Z,4387.89990234375,4389.89990234375,4387.2001953125,4387.5,193.0,yahoo,GC=F
2026-09-16T13:04:00Z,4387.5,4389.0,4387.0,4387.7998046875,183.0,yahoo,GC=F
2026-09-16T13:05:00Z,4387.7001953125,4389.2998046875,4385.39990234375,4386.2001953125,202.0,yahoo,GC=F
2026-09-16T13:06:00Z,4386.0,4386.5,4385.0,4386.2001953125,255.0,yahoo,GC=F
2026-09-16T13:07:00Z,4386.2998046875,4389.0,4386.2998046875,4387.89990234375,228.0,yahoo,GC=F
2026-09-16T13:08:00Z,4388.39990234375,4390.60009765625,4386.10009765625,4390.2998046875,330.0,yahoo,GC=F
2026-09-16T13:09:00Z,4390.7001953125,4391.5,4389.0,4389.5,387.0,yahoo,GC=F
2026-09-16T13:10:00Z,4389.7001953125,4392.0,4389.10009765625,4391.5,234.0,yahoo,GC=F
2026-09-16T13:11:00Z,4391.7001953125,4392.60009765625,4390.7001953125,4391.0,188.0,yahoo,GC=F
2026-09-16T13:12:00Z,4391.5,4393.7998046875,4391.2998046875,4393.60009765625,201.0,yahoo,GC=F
2026-09-16T13:13:00Z,4393.89990234375,4397.7001953125,4393.7001953125,4396.10009765625,722.0,yahoo,GC=F
2026-09-16T13:14:00Z,4396.2998046875,4398.60009765625,4396.10009765625,4397.7001953125,215.0,yahoo,GC=F
2026-09-16T13:15:00Z,4398.0,4402.89990234375,4397.7998046875,4401.10009765625,841.0,yahoo,GC=F
2026-09-16T13:16:00Z,4401.2998046875,4401.7001953125,4397.2001953125,4398.0,290.0,yahoo,GC=F
2026-09-16T13:17:00Z,4398.0,4399.2998046875,4395.39990234375,4395.7998046875,291.0,yahoo,GC=F
2026-09-16T13:18:00Z,4395.7001953125,4396.60009765625,4394.39990234375,4395.7001953125,192.0,yahoo,GC=F
2026-09-16T13:19:00Z,4395.60009765625,4396.7001953125,4394.5,4394.60009765625,87.0,yahoo,GC=F
2026-09-16T13:20:00Z,4394.60009765625,4394.60009765625,4390.60009765625,4390.7001953125,368.0,yahoo,GC=F
2026-09-16T13:21:00Z,4391.0,4393.60009765625,4390.89990234375,4393.60009765625,262.0,yahoo,GC=F
2026-09-16T13:22:00Z,4393.5,4397.2001953125,4393.2001953125,4395.10009765625,266.0,yahoo,GC=F
2026-09-16T13:23:00Z,4395.0,4395.7001953125,4393.7998046875,4394.39990234375,132.0,yahoo,GC=F
2026-09-16T13:24:00Z,4394.2998046875,4396.2001953125,4393.7001953125,4395.0,119.0,yahoo,GC=F
2026-09-16T13:25:00Z,4395.2001953125,4395.2998046875,4393.7998046875,4394.5,68.0,yahoo,GC=F
2026-09-16T13:26:00Z,4394.5,4396.0,4394.39990234375,4395.7998046875,110.0,yahoo,GC=F
2026-09-16T13:27:00Z,4395.7998046875,4396.0,4394.5,4395.89990234375,74.0,yahoo,GC=F
2026-09-16T13:28:00Z,4395.7998046875,4396.60009765625,4394.60009765625,4396.2001953125,69.0,yahoo,GC=F
2026-09-16T13:29:00Z,4396.5,4396.60009765625,4392.7998046875,4393.2001953125,143.0,yahoo,GC=F
2026-09-16T13:30:00Z,4393.10009765625,4394.2998046875,4391.60009765625,4392.89990234375,354.0,yahoo,GC=F
2026-09-16T13:31:00Z,4393.39990234375,4395.5,4392.2998046875,4392.60009765625,255.0,yahoo,GC=F
2026-09-16T13:32:00Z,4392.7001953125,4393.60009765625,4391.2001953125,4392.89990234375,169.0,yahoo,GC=F
2026-09-16T13:33:00Z,4393.2001953125,4395.39990234375,4391.7998046875,4392.39990234375,183.0,yahoo,GC=F
2026-09-16T13:34:00Z,4392.60009765625,4393.2998046875,4389.2998046875,4389.7998046875,317.0,yahoo,GC=F
2026-09-16T13:35:00Z,4389.89990234375,4391.5,4389.0,4390.39990234375,464.0,yahoo,GC=F
2026-09-16T13:36:00Z,4390.7001953125,4391.5,4387.89990234375,4389.0,197.0,yahoo,GC=F
2026-09-16T13:37:00Z,4388.60009765625,4390.0,4387.89990234375,4388.60009765625,124.0,yahoo,GC=F
2026-09-16T13:38:00Z,4389.0,4389.0,4386.39990234375,4388.7001953125,158.0,yahoo,GC=F
2026-09-16T13:39:00Z,4388.7998046875,4389.0,4386.60009765625,4387.0,167.0,yahoo,GC=F
2026-09-16T13:40:00Z,4386.89990234375,4387.39990234375,4384.7998046875,4386.10009765625,235.0,yahoo,GC=F
2026-09-16T13:41:00Z,4385.89990234375,4388.39990234375,4385.89990234375,4386.5,142.0,yahoo,GC=F
2026-09-16T13:42:00Z,4386.60009765625,4386.60009765625,4384.0,4384.60009765625,183.0,yahoo,GC=F
2026-09-16T13:43:00Z,4384.89990234375,4385.39990234375,4383.7001953125,4385.0,111.0,yahoo,GC=F
2026-09-16T13:44:00Z,4384.89990234375,4385.7998046875,4381.60009765625,4381.60009765625,421.0,yahoo,GC=F
2026-09-16T13:45:00Z,4381.7001953125,4386.0,4381.60009765625,4385.2001953125,375.0,yahoo,GC=F
2026-09-16T13:46:00Z,4385.0,4386.7998046875,4384.7998046875,4386.10009765625,162.0,yahoo,GC=F
2026-09-16T13:47:00Z,4386.2001953125,4387.10009765625,4385.2998046875,4386.0,198.0,yahoo,GC=F
2026-09-16T13:48:00Z,4385.89990234375,4385.89990234375,4382.60009765625,4385.0,172.0,yahoo,GC=F
2026-09-16T13:49:00Z,4384.60009765625,4385.10009765625,4383.39990234375,4384.10009765625,69.0,yahoo,GC=F
2026-09-16T13:50:00Z,4384.10009765625,4386.39990234375,4383.5,4384.89990234375,135.0,yahoo,GC=F
2026-09-16T13:51:00Z,4385.0,4385.0,4381.7998046875,4382.0,147.0,yahoo,GC=F
2026-09-16T13:52:00Z,4381.89990234375,4381.89990234375,4378.89990234375,4379.10009765625,238.0,yahoo,GC=F
2026-09-16T13:53:00Z,4379.2998046875,4380.39990234375,4379.0,4380.2001953125,136.0,yahoo,GC=F
2026-09-16T13:54:00Z,4380.2001953125,4380.39990234375,4379.2001953125,4379.7001953125,81.0,yahoo,GC=F
2026-09-16T13:55:00Z,4379.7001953125,4380.39990234375,4378.5,4378.5,180.0,yahoo,GC=F
2026-09-16T13:56:00Z,4378.60009765625,4378.7001953125,4376.2998046875,4378.0,347.0,yahoo,GC=F
2026-09-16T13:57:00Z,4377.89990234375,4380.60009765625,4377.2001953125,4378.5,318.0,yahoo,GC=F
2026-09-16T13:58:00Z,4378.7998046875,4379.2998046875,4378.10009765625,4378.2998046875,122.0,yahoo,GC=F
2026-09-16T13:59:00Z,4378.39990234375,4380.39990234375,4377.7998046875,4379.89990234375,217.0,yahoo,GC=F
2026-09-16T14:00:00Z,4379.89990234375,4380.7001953125,4378.10009765625,4378.39990234375,411.0,yahoo,GC=F
2026-09-16T14:01:00Z,4378.10009765625,4378.7998046875,4376.7001953125,4377.2001953125,601.0,yahoo,GC=F
2026-09-16T14:02:00Z,4377.7998046875,4378.0,4373.2001953125,4373.5,318.0,yahoo,GC=F
2026-09-16T14:03:00Z,4373.7001953125,4374.0,4371.7001953125,4371.89990234375,440.0,yahoo,GC=F
2026-09-16T14:04:00Z,4371.89990234375,4372.7998046875,4370.0,4370.2001953125,540.0,yahoo,GC=F
2026-09-16T14:05:00Z,4370.2001953125,4372.2001953125,4367.0,4367.89990234375,810.0,yahoo,GC=F
2026-09-16T14:06:00Z,4368.0,4368.2998046875,4364.5,4367.10009765625,856.0,yahoo,GC=F
2026-09-16T14:07:00Z,4367.10009765625,4368.10009765625,4366.2998046875,4367.10009765625,354.0,yahoo,GC=F
2026-09-16T14:08:00Z,4367.39990234375,4371.2001953125,4366.7001953125,4371.10009765625,384.0,yahoo,GC=F
2026-09-16T14:09:00Z,4370.89990234375,4371.7998046875,4369.7998046875,4371.2001953125,421.0,yahoo,GC=F
2026-09-16T14:10:00Z,4371.2001953125,4376.89990234375,4371.0,4376.39990234375,826.0,yahoo,GC=F
2026-09-16T14:11:00Z,4376.2998046875,4377.7001953125,4375.89990234375,4377.0,457.0,yahoo,GC=F
2026-09-16T14:12:00Z,4377.10009765625,4379.60009765625,4376.89990234375,4379.39990234375,392.0,yahoo,GC=F
2026-09-16T14:13:00Z,4379.60009765625,4380.60009765625,4378.10009765625,4378.7001953125,491.0,yahoo,GC=F
2026-09-16T14:14:00Z,4378.7001953125,4381.89990234375,4378.39990234375,4381.7001953125,477.0,yahoo,GC=F
2026-09-16T14:15:00Z,4381.7001953125,4382.89990234375,4379.7001953125,4381.0,460.0,yahoo,GC=F
2026-09-16T14:16:00Z,4381.2001953125,4381.2001953125,4378.60009765625,4378.60009765625,132.0,yahoo,GC=F
2026-09-16T14:17:00Z,4378.7001953125,4378.7998046875,4376.7001953125,4377.5,245.0,yahoo,GC=F
2026-09-16T14:18:00Z,4377.39990234375,4378.2001953125,4375.39990234375,4375.39990234375,234.0,yahoo,GC=F
2026-09-16T14:19:00Z,4375.39990234375,4375.5,4373.7001953125,4374.2001953125,409.0,yahoo,GC=F
2026-09-16T14:20:00Z,4374.10009765625,4375.0,4372.39990234375,4374.60009765625,232.0,yahoo,GC=F
2026-09-16T14:21:00Z,4374.60009765625,4377.2001953125,4373.7998046875,4376.7998046875,260.0,yahoo,GC=F
2026-09-16T14:22:00Z,4376.39990234375,4377.5,4375.7001953125,4376.2001953125,115.0,yahoo,GC=F
2026-09-16T14:23:00Z,4376.0,4376.0,4374.2001953125,4375.0,139.0,yahoo,GC=F
2026-09-16T14:24:00Z,4374.7001953125,4375.89990234375,4374.39990234375,4374.39990234375,89.0,yahoo,GC=F
2026-09-16T14:25:00Z,4374.60009765625,4374.89990234375,4373.60009765625,4374.10009765625,85.0,yahoo,GC=F
2026-09-16T14:26:00Z,4374.2998046875,4376.7001953125,4373.89990234375,4376.2001953125,153.0,yahoo,GC=F
2026-09-16T14:27:00Z,4376.0,4377.7001953125,4375.10009765625,4377.7001953125,176.0,yahoo,GC=F
2026-09-16T14:28:00Z,4377.7001953125,4378.7001953125,4376.89990234375,4377.39990234375,217.0,yahoo,GC=F
2026-09-16T14:29:00Z,4377.7001953125,4379.89990234375,4377.60009765625,4379.7001953125,123.0,yahoo,GC=F
2026-09-16T14:30:00Z,4379.60009765625,4380.2001953125,4378.10009765625,4378.2998046875,181.0,yahoo,GC=F
2026-09-16T14:31:00Z,4378.10009765625,4378.10009765625,4376.0,4376.5,157.0,yahoo,GC=F
2026-09-16T14:32:00Z,4376.60009765625,4378.7001953125,4376.2998046875,4377.89990234375,110.0,yahoo,GC=F
2026-09-16T14:33:00Z,4378.2001953125,4378.39990234375,4376.5,4376.5,133.0,yahoo,GC=F
2026-09-16T14:34:00Z,4376.7001953125,4378.5,4376.39990234375,4378.5,114.0,yahoo,GC=F
2026-09-16T14:35:00Z,4378.39990234375,4381.0,4378.39990234375,4379.2001953125,164.0,yahoo,GC=F
2026-09-16T14:36:00Z,4379.39990234375,4380.39990234375,4379.0,4379.2998046875,107.0,yahoo,GC=F
2026-09-16T14:37:00Z,4379.10009765625,4382.2998046875,4379.0,4381.89990234375,96.0,yahoo,GC=F
2026-09-16T14:38:00Z,4382.0,4384.0,4381.5,4383.7998046875,187.0,yahoo,GC=F
2026-09-16T14:39:00Z,4383.89990234375,4384.2998046875,4382.39990234375,4382.7001953125,164.0,yahoo,GC=F
2026-09-16T14:40:00Z,4382.7001953125,4384.10009765625,4381.7998046875,4383.60009765625,105.0,yahoo,GC=F
2026-09-16T14:41:00Z,4383.89990234375,4385.5,4383.2001953125,4383.2001953125,185.0,yahoo,GC=F
2026-09-16T14:42:00Z,4383.2001953125,4384.10009765625,4382.10009765625,4383.39990234375,108.0,yahoo,GC=F
2026-09-16T14:43:00Z,4383.39990234375,4384.7998046875,4383.2001953125,4384.39990234375,63.0,yahoo,GC=F
2026-09-16T14:44:00Z,4384.5,4387.89990234375,4383.7998046875,4387.39990234375,385.0,yahoo,GC=F
2026-09-16T14:45:00Z,4387.5,4389.2998046875,4386.89990234375,4389.2998046875,305.0,yahoo,GC=F
2026-09-16T14:46:00Z,4389.2001953125,4390.39990234375,4387.2998046875,4389.7998046875,259.0,yahoo,GC=F
2026-09-16T14:47:00Z,4389.7001953125,4390.89990234375,4387.7998046875,4389.2998046875,331.0,yahoo,GC=F
2026-09-16T14:48:00Z,4389.7001953125,4391.2001953125,4389.5,4390.5,266.0,yahoo,GC=F
2026-09-16T14:49:00Z,4390.39990234375,4392.7001953125,4390.0,4392.2998046875,270.0,yahoo,GC=F
2026-09-16T14:50:00Z,4392.39990234375,4396.5,4391.89990234375,4395.2998046875,553.0,yahoo,GC=F
2026-09-16T14:51:00Z,4395.2001953125,4395.60009765625,4394.10009765625,4394.60009765625,193.0,yahoo,GC=F
2026-09-16T14:52:00Z,4394.7998046875,4395.5,4393.60009765625,4394.5,281.0,yahoo,GC=F
2026-09-16T14:53:00Z,4394.39990234375,4394.39990234375,4393.10009765625,4393.10009765625,216.0,yahoo,GC=F
2026-09-16T14:54:00Z,4393.10009765625,4393.10009765625,4390.0,4390.2001953125,271.0,yahoo,GC=F
2026-09-16T14:55:00Z,4390.39990234375,4392.10009765625,4389.39990234375,4389.7998046875,177.0,yahoo,GC=F
2026-09-16T14:56:00Z,4389.89990234375,4391.60009765625,4389.5,4390.89990234375,164.0,yahoo,GC=F
2026-09-16T14:57:00Z,4391.0,4393.2001953125,4390.7998046875,4393.0,108.0,yahoo,GC=F
2026-09-16T14:58:00Z,4393.2998046875,4396.0,4393.10009765625,4395.7001953125,204.0,yahoo,GC=F
2026-09-16T14:59:00Z,4395.7998046875,4398.10009765625,4395.7998046875,4397.2998046875,423.0,yahoo,GC=F
2026-09-16T15:00:00Z,4397.2001953125,4399.2001953125,4395.7998046875,4399.10009765625,478.0,yahoo,GC=F
2026-09-16T15:01:00Z,4399.2001953125,4399.89990234375,4395.7001953125,4395.7998046875,344.0,yahoo,GC=F
2026-09-16T15:02:00Z,4395.7998046875,4395.7998046875,4393.39990234375,4393.7001953125,123.0,yahoo,GC=F
2026-09-16T15:03:00Z,4393.60009765625,4395.2001953125,4393.60009765625,4395.10009765625,99.0,yahoo,GC=F
2026-09-16T15:04:00Z,4395.39990234375,4395.39990234375,4392.60009765625,4392.7998046875,205.0,yahoo,GC=F
2026-09-16T15:05:00Z,4392.89990234375,4393.7001953125,4392.7001953125,4393.2001953125,106.0,yahoo,GC=F
2026-09-16T15:06:00Z,4393.2998046875,4394.2001953125,4391.89990234375,4393.60009765625,134.0,yahoo,GC=F
2026-09-16T15:07:00Z,4393.39990234375,4399.7998046875,4392.60009765625,4395.60009765625,680.0,yahoo,GC=F
2026-09-16T15:08:00Z,4395.5,4397.60009765625,4394.39990234375,4396.5,264.0,yahoo,GC=F
2026-09-16T15:09:00Z,4396.7001953125,4400.2001953125,4395.7998046875,4399.2001953125,386.0,yahoo,GC=F
2026-09-16T15:10:00Z,4399.2998046875,4400.10009765625,4397.39990234375,4398.10009765625,290.0,yahoo,GC=F
2026-09-16T15:11:00Z,4398.10009765625,4399.2001953125,4396.0,4396.2998046875,318.0,yahoo,GC=F
2026-09-16T15:12:00Z,4396.10009765625,4396.5,4395.0,4395.2998046875,142.0,yahoo,GC=F
2026-09-16T15:13:00Z,4395.39990234375,4397.2998046875,4395.2998046875,4397.2998046875,120.0,yahoo,GC=F
2026-09-16T15:14:00Z,4397.39990234375,4398.2001953125,4395.0,4395.2001953125,138.0,yahoo,GC=F
2026-09-16T15:15:00Z,4395.39990234375,4395.89990234375,4393.2998046875,4395.0,227.0,yahoo,GC=F
2026-09-16T15:16:00Z,4395.0,4397.2998046875,4394.5,4396.0,131.0,yahoo,GC=F
2026-09-16T15:17:00Z,4396.10009765625,4396.5,4393.5,4394.2001953125,176.0,yahoo,GC=F
2026-09-16T15:18:00Z,4394.2998046875,4396.10009765625,4394.2001953125,4395.60009765625,187.0,yahoo,GC=F
2026-09-16T15:19:00Z,4395.7001953125,4396.89990234375,4395.10009765625,4395.7998046875,120.0,yahoo,GC=F
2026-09-16T15:20:00Z,4395.2998046875,4395.89990234375,4392.7001953125,4392.7001953125,148.0,yahoo,GC=F
2026-09-16T15:21:00Z,4393.2001953125,4393.60009765625,4392.89990234375,4393.5,124.0,yahoo,GC=F
2026-09-16T15:22:00Z,4393.60009765625,4394.10009765625,4393.0,4393.60009765625,109.0,yahoo,GC=F
2026-09-16T15:23:00Z,4393.2001953125,4393.39990234375,4392.0,4393.2998046875,112.0,yahoo,GC=F
2026-09-16T15:24:00Z,4393.10009765625,4393.89990234375,4391.60009765625,4391.89990234375,148.0,yahoo,GC=F
2026-09-16T15:25:00Z,4392.10009765625,4392.10009765625,4389.5,4389.7001953125,245.0,yahoo,GC=F
2026-09-16T15:26:00Z,4389.7998046875,4390.2001953125,4387.7001953125,4388.2001953125,461.0,yahoo,GC=F
2026-09-16T15:27:00Z,4388.10009765625,4389.39990234375,4387.60009765625,4389.2998046875,137.0,yahoo,GC=F
2026-09-16T15:28:00Z,4389.2001953125,4389.60009765625,4387.39990234375,4387.7998046875,110.0,yahoo,GC=F
2026-09-16T15:29:00Z,4387.7998046875,4388.10009765625,4385.89990234375,4386.10009765625,133.0,yahoo,GC=F
2026-09-16T15:30:00Z,4386.2001953125,4387.2001953125,4384.5,4386.60009765625,271.0,yahoo,GC=F
2026-09-16T15:31:00Z,4386.39990234375,4388.2998046875,4386.2998046875,4387.60009765625,210.0,yahoo,GC=F
2026-09-16T15:32:00Z,4387.60009765625,4387.7001953125,4386.2998046875,4386.5,103.0,yahoo,GC=F
2026-09-16T15:33:00Z,4386.7998046875,4388.7998046875,4386.39990234375,4388.7001953125,258.0,yahoo,GC=F
2026-09-16T15:34:00Z,4388.7001953125,4390.60009765625,4388.5,4389.7998046875,201.0,yahoo,GC=F
2026-09-16T15:35:00Z,4390.0,4390.7001953125,4389.10009765625,4390.60009765625,154.0,yahoo,GC=F
2026-09-16T15:36:00Z,4390.89990234375,4394.60009765625,4390.7998046875,4393.60009765625,227.0,yahoo,GC=F
2026-09-16T15:37:00Z,4393.60009765625,4394.60009765625,4392.60009765625,4393.5,112.0,yahoo,GC=F
2026-09-16T15:38:00Z,4393.39990234375,4394.0,4392.60009765625,4393.60009765625,54.0,yahoo,GC=F
2026-09-16T15:39:00Z,4393.60009765625,4393.7001953125,4391.89990234375,4392.10009765625,88.0,yahoo,GC=F
2026-09-16T15:40:00Z,4392.2998046875,4392.7998046875,4391.5,4392.2998046875,121.0,yahoo,GC=F
2026-09-16T15:41:00Z,4392.39990234375,4392.89990234375,4392.10009765625,4392.2998046875,71.0,yahoo,GC=F
2026-09-16T15:42:00Z,4392.7998046875,4393.10009765625,4391.7998046875,4392.0,81.0,yahoo,GC=F
2026-09-16T15:43:00Z,4392.2998046875,4392.2998046875,4391.39990234375,4391.7998046875,89.0,yahoo,GC=F
2026-09-16T15:44:00Z,4391.89990234375,4392.89990234375,4391.89990234375,4392.5,62.0,yahoo,GC=F
2026-09-16T15:45:00Z,4392.60009765625,4394.10009765625,4392.0,4392.39990234375,119.0,yahoo,GC=F
2026-09-16T15:46:00Z,4392.60009765625,4393.89990234375,4392.2001953125,4393.0,76.0,yahoo,GC=F
2026-09-16T15:47:00Z,4393.10009765625,4405.2001953125,4393.10009765625,4397.10009765625,2511.0,yahoo,GC=F
2026-09-16T15:48:00Z,4397.39990234375,4398.5,4395.39990234375,4396.2998046875,281.0,yahoo,GC=F
2026-09-16T15:49:00Z,4396.2001953125,4396.7998046875,4393.60009765625,4395.0,172.0,yahoo,GC=F
2026-09-16T15:50:00Z,4395.5,4395.89990234375,4392.2001953125,4393.5,223.0,yahoo,GC=F
2026-09-16T15:51:00Z,4393.7001953125,4395.2001953125,4393.5,4394.89990234375,148.0,yahoo,GC=F
2026-09-16T15:52:00Z,4394.7998046875,4396.7998046875,4393.7001953125,4396.7998046875,210.0,yahoo,GC=F
2026-09-16T15:53:00Z,4396.7998046875,4397.39990234375,4393.5,4393.60009765625,111.0,yahoo,GC=F
2026-09-16T15:54:00Z,4393.5,4394.0,4393.2001953125,4393.7001953125,67.0,yahoo,GC=F
2026-09-16T15:55:00Z,4393.7001953125,4394.5,4393.60009765625,4393.89990234375,70.0,yahoo,GC=F
2026-09-16T15:56:00Z,4393.7998046875,4394.10009765625,4392.0,4392.7001953125,177.0,yahoo,GC=F
2026-09-16T15:57:00Z,4393.0,4393.89990234375,4392.89990234375,4393.89990234375,61.0,yahoo,GC=F
2026-09-16T15:58:00Z,4393.89990234375,4395.7001953125,4393.7001953125,4394.7998046875,87.0,yahoo,GC=F
2026-09-16T15:59:00Z,4394.7001953125,4395.2998046875,4394.2001953125,4394.7001953125,52.0,yahoo,GC=F
2026-09-16T16:00:00Z,4394.89990234375,4395.0,4393.2001953125,4393.39990234375,106.0,yahoo,GC=F
2026-09-16T16:01:00Z,4393.7001953125,4394.60009765625,4392.7001953125,4393.7998046875,133.0,yahoo,GC=F
2026-09-16T16:02:00Z,4393.7998046875,4393.7998046875,4392.2998046875,4392.60009765625,101.0,yahoo,GC=F
2026-09-16T16:03:00Z,4392.7998046875,4392.7998046875,4390.2998046875,4391.2001953125,163.0,yahoo,GC=F
2026-09-16T16:04:00Z,4391.2001953125,4391.60009765625,4389.89990234375,4389.89990234375,95.0,yahoo,GC=F
2026-09-16T16:05:00Z,4390.10009765625,4390.39990234375,4389.2998046875,4389.39990234375,47.0,yahoo,GC=F
2026-09-16T16:06:00Z,4389.39990234375,4389.89990234375,4388.7001953125,4388.7998046875,69.0,yahoo,GC=F
2026-09-16T16:07:00Z,4389.0,4390.89990234375,4388.5,4390.2998046875,79.0,yahoo,GC=F
2026-09-16T16:08:00Z,4390.10009765625,4391.39990234375,4389.89990234375,4391.2001953125,86.0,yahoo,GC=F
2026-09-16T16:09:00Z,4391.2001953125,4391.60009765625,4390.89990234375,4391.5,56.0,yahoo,GC=F
2026-09-16T16:10:00Z,4391.7998046875,4392.2998046875,4391.2998046875,4391.60009765625,51.0,yahoo,GC=F
2026-09-16T16:11:00Z,4391.5,4392.7998046875,4390.89990234375,4392.2001953125,109.0,yahoo,GC=F
2026-09-16T16:12:00Z,4392.5,4392.5,4390.2001953125,4391.7001953125,54.0,yahoo,GC=F
2026-09-16T16:13:00Z,4391.7001953125,4393.2001953125,4391.60009765625,4392.89990234375,48.0,yahoo,GC=F
2026-09-16T16:14:00Z,4392.7998046875,4392.7998046875,4391.39990234375,4392.0,183.0,yahoo,GC=F
2026-09-16T16:15:00Z,4392.0,4394.10009765625,4392.0,4393.7001953125,113.0,yahoo,GC=F
2026-09-16T16:16:00Z,4393.5,4394.0,4393.2998046875,4393.5,60.0,yahoo,GC=F
2026-09-16T16:17:00Z,4393.39990234375,4393.7001953125,4392.0,4392.39990234375,70.0,yahoo,GC=F
2026-09-16T16:18:00Z,4392.2998046875,4392.5,4391.60009765625,4391.7998046875,52.0,yahoo,GC=F
2026-09-16T16:19:00Z,4391.60009765625,4391.89990234375,4390.89990234375,4391.5,69.0,yahoo,GC=F
2026-09-16T16:20:00Z,4391.39990234375,4392.0,4391.2998046875,4391.39990234375,70.0,yahoo,GC=F
2026-09-16T16:21:00Z,4391.2998046875,4391.7001953125,4389.2001953125,4389.2001953125,132.0,yahoo,GC=F
2026-09-16T16:22:00Z,4389.10009765625,4389.5,4388.89990234375,4389.2998046875,43.0,yahoo,GC=F
2026-09-16T16:23:00Z,4389.2998046875,4389.89990234375,4388.60009765625,4389.60009765625,43.0,yahoo,GC=F
2026-09-16T16:24:00Z,4389.2001953125,4389.7001953125,4388.89990234375,4389.5,55.0,yahoo,GC=F
2026-09-16T16:25:00Z,4389.5,4390.2001953125,4388.60009765625,4389.60009765625,131.0,yahoo,GC=F
2026-09-16T16:26:00Z,4389.7998046875,4390.0,4388.10009765625,4388.5,79.0,yahoo,GC=F
2026-09-16T16:27:00Z,4388.60009765625,4388.7998046875,4387.0,4387.39990234375,122.0,yahoo,GC=F
2026-09-16T16:28:00Z,4387.2001953125,4387.2998046875,4386.10009765625,4386.7001953125,290.0,yahoo,GC=F
2026-09-16T16:29:00Z,4386.7998046875,4388.2998046875,4386.60009765625,4387.7998046875,119.0,yahoo,GC=F
2026-09-16T16:30:00Z,4387.7001953125,4388.2001953125,4386.7998046875,4387.2001953125,127.0,yahoo,GC=F
2026-09-16T16:31:00Z,4386.89990234375,4389.7001953125,4386.89990234375,4389.39990234375,185.0,yahoo,GC=F
2026-09-16T16:32:00Z,4389.5,4389.7001953125,4388.10009765625,4388.2001953125,149.0,yahoo,GC=F
2026-09-16T16:33:00Z,4388.7001953125,4390.0,4388.7001953125,4389.39990234375,73.0,yahoo,GC=F
2026-09-16T16:34:00Z,4389.2998046875,4390.2998046875,4389.2998046875,4389.89990234375,58.0,yahoo,GC=F
2026-09-16T16:35:00Z,4389.60009765625,4390.2998046875,4389.10009765625,4389.5,148.0,yahoo,GC=F
2026-09-16T16:36:00Z,4389.5,4390.10009765625,4387.89990234375,4388.2998046875,207.0,yahoo,GC=F
2026-09-16T16:37:00Z,4388.10009765625,4388.39990234375,4387.7998046875,4388.2001953125,41.0,yahoo,GC=F
2026-09-16T16:38:00Z,4388.2998046875,4388.60009765625,4387.2001953125,4388.2998046875,98.0,yahoo,GC=F
2026-09-16T16:39:00Z,4388.10009765625,4389.2001953125,4388.10009765625,4388.89990234375,41.0,yahoo,GC=F
2026-09-16T16:40:00Z,4388.89990234375,4390.10009765625,4388.89990234375,4390.10009765625,56.0,yahoo,GC=F
2026-09-16T16:41:00Z,4390.0,4390.2001953125,4388.7001953125,4389.2001953125,98.0,yahoo,GC=F
2026-09-16T16:42:00Z,4389.2998046875,4389.2998046875,4388.7001953125,4389.0,50.0,yahoo,GC=F
2026-09-16T16:43:00Z,4389.0,4389.2001953125,4388.7001953125,4389.2001953125,36.0,yahoo,GC=F
2026-09-16T16:44:00Z,4389.2001953125,4389.60009765625,4388.7998046875,4389.39990234375,26.0,yahoo,GC=F
2026-09-16T16:45:00Z,4389.2998046875,4390.2001953125,4389.2001953125,4389.5,35.0,yahoo,GC=F
2026-09-16T16:46:00Z,4389.5,4389.7998046875,4389.0,4389.60009765625,34.0,yahoo,GC=F
2026-09-16T16:47:00Z,4389.5,4389.7998046875,4388.7998046875,4389.7998046875,20.0,yahoo,GC=F
2026-09-16T16:48:00Z,4389.7998046875,4390.60009765625,4388.89990234375,4389.39990234375,74.0,yahoo,GC=F
2026-09-16T16:49:00Z,4389.39990234375,4389.7998046875,4388.10009765625,4388.10009765625,66.0,yahoo,GC=F
2026-09-16T16:50:00Z,4387.7001953125,4387.7998046875,4385.2998046875,4386.39990234375,683.0,yahoo,GC=F
2026-09-16T16:51:00Z,4386.39990234375,4386.7001953125,4385.60009765625,4386.0,76.0,yahoo,GC=F
2026-09-16T16:52:00Z,4386.10009765625,4387.10009765625,4385.7001953125,4386.2998046875,110.0,yahoo,GC=F
2026-09-16T16:53:00Z,4386.39990234375,4387.39990234375,4386.2998046875,4387.10009765625,38.0,yahoo,GC=F
2026-09-16T16:54:00Z,4387.0,4387.60009765625,4386.7998046875,4387.60009765625,57.0,yahoo,GC=F
2026-09-16T16:55:00Z,4387.5,4389.2998046875,4387.5,4389.0,51.0,yahoo,GC=F
2026-09-16T16:56:00Z,4388.89990234375,4388.89990234375,4387.2998046875,4387.2998046875,86.0,yahoo,GC=F
2026-09-16T16:57:00Z,4387.39990234375,4388.5,4387.39990234375,4388.5,48.0,yahoo,GC=F
2026-09-16T16:58:00Z,4388.39990234375,4389.2001953125,4388.2001953125,4388.7998046875,51.0,yahoo,GC=F
2026-09-16T16:59:00Z,4388.7001953125,4388.89990234375,4388.2001953125,4388.5,70.0,yahoo,GC=F
2026-09-16T17:00:00Z,4388.2998046875,4388.5,4386.7998046875,4387.10009765625,286.0,yahoo,GC=F
2026-09-16T17:01:00Z,4387.0,4387.0,4385.39990234375,4385.5,272.0,yahoo,GC=F
2026-09-16T17:02:00Z,4385.39990234375,4385.7001953125,4384.7998046875,4385.5,161.0,yahoo,GC=F
2026-09-16T17:03:00Z,4385.5,4386.7001953125,4385.2998046875,4386.10009765625,155.0,yahoo,GC=F
2026-09-16T17:04:00Z,4386.2001953125,4386.7998046875,4386.0,4386.7001953125,42.0,yahoo,GC=F
2026-09-16T17:05:00Z,4386.60009765625,4387.5,4386.60009765625,4387.2998046875,49.0,yahoo,GC=F
2026-09-16T17:06:00Z,4387.39990234375,4387.5,4385.89990234375,4386.10009765625,67.0,yahoo,GC=F
2026-09-16T17:07:00Z,4386.2001953125,4386.7001953125,4384.7998046875,4385.2001953125,181.0,yahoo,GC=F
2026-09-16T17:08:00Z,4385.2001953125,4385.5,4384.7001953125,4385.5,44.0,yahoo,GC=F
2026-09-16T17:09:00Z,4385.39990234375,4385.5,4384.89990234375,4385.10009765625,38.0,yahoo,GC=F
2026-09-16T17:10:00Z,4385.10009765625,4385.2001953125,4383.60009765625,4385.0,107.0,yahoo,GC=F
2026-09-16T17:11:00Z,4384.89990234375,4385.0,4384.0,4384.2001953125,45.0,yahoo,GC=F
2026-09-16T17:12:00Z,4384.10009765625,4384.10009765625,4383.39990234375,4383.7998046875,70.0,yahoo,GC=F
2026-09-16T17:13:00Z,4383.60009765625,4384.5,4383.60009765625,4383.7998046875,80.0,yahoo,GC=F
2026-09-16T17:14:00Z,4383.89990234375,4385.5,4383.7998046875,4385.10009765625,75.0,yahoo,GC=F
2026-09-16T17:15:00Z,4385.10009765625,4386.0,4384.60009765625,4385.39990234375,222.0,yahoo,GC=F
2026-09-16T17:16:00Z,4385.2998046875,4386.5,4384.7001953125,4386.2998046875,305.0,yahoo,GC=F
2026-09-16T17:17:00Z,4386.39990234375,4386.5,4385.2998046875,4385.2998046875,77.0,yahoo,GC=F
2026-09-16T17:18:00Z,4385.2998046875,4386.7001953125,4385.2998046875,4385.5,84.0,yahoo,GC=F
2026-09-16T17:19:00Z,4385.7001953125,4386.7001953125,4385.5,4386.2001953125,87.0,yahoo,GC=F
2026-09-16T17:20:00Z,4386.2998046875,4386.60009765625,4385.2998046875,4385.7001953125,80.0,yahoo,GC=F
2026-09-16T17:21:00Z,4385.60009765625,4385.60009765625,4384.2998046875,4384.7998046875,115.0,yahoo,GC=F
2026-09-16T17:22:00Z,4384.7001953125,4385.5,4384.2998046875,4384.39990234375,107.0,yahoo,GC=F
2026-09-16T17:23:00Z,4384.5,4385.2001953125,4383.89990234375,4385.0,97.0,yahoo,GC=F
2026-09-16T17:24:00Z,4385.0,4386.0,4385.0,4385.89990234375,69.0,yahoo,GC=F
2026-09-16T17:25:00Z,4386.0,4387.5,4385.7001953125,4387.2998046875,106.0,yahoo,GC=F
2026-09-16T17:26:00Z,4387.39990234375,4387.7998046875,4387.10009765625,4387.7001953125,104.0,yahoo,GC=F
2026-09-16T17:27:00Z,4387.60009765625,4389.0,4387.2998046875,4387.7998046875,195.0,yahoo,GC=F
2026-09-16T17:28:00Z,4388.10009765625,4388.5,4387.0,4387.0,101.0,yahoo,GC=F
2026-09-16T17:29:00Z,4387.10009765625,4388.60009765625,4386.5,4388.2001953125,550.0,yahoo,GC=F
2026-09-16T17:30:00Z,4388.39990234375,4389.89990234375,4387.89990234375,4389.2001953125,204.0,yahoo,GC=F
2026-09-16T17:31:00Z,4388.89990234375,4388.89990234375,4387.60009765625,4388.2998046875,120.0,yahoo,GC=F
2026-09-16T17:32:00Z,4388.2998046875,4389.7998046875,4388.10009765625,4389.7998046875,60.0,yahoo,GC=F
2026-09-16T17:33:00Z,4390.0,4391.60009765625,4389.89990234375,4391.39990234375,204.0,yahoo,GC=F
2026-09-16T17:34:00Z,4391.2001953125,4391.39990234375,4390.2998046875,4390.5,92.0,yahoo,GC=F
2026-09-16T17:35:00Z,4390.5,4390.89990234375,4389.5,4390.0,117.0,yahoo,GC=F
2026-09-16T17:36:00Z,4390.2001953125,4390.2001953125,4388.0,4388.5,151.0,yahoo,GC=F
2026-09-16T17:37:00Z,4388.5,4388.7998046875,4387.7998046875,4388.39990234375,248.0,yahoo,GC=F
2026-09-16T17:38:00Z,4388.39990234375,4388.39990234375,4386.89990234375,4387.2998046875,81.0,yahoo,GC=F
2026-09-16T17:39:00Z,4387.0,4387.0,4385.0,4385.39990234375,170.0,yahoo,GC=F
2026-09-16T17:40:00Z,4385.2998046875,4386.10009765625,4385.0,4386.0,95.0,yahoo,GC=F
2026-09-16T17:41:00Z,4386.10009765625,4386.7998046875,4386.10009765625,4386.2001953125,43.0,yahoo,GC=F
2026-09-16T17:42:00Z,4386.2998046875,4386.7001953125,4385.7001953125,4386.7001953125,36.0,yahoo,GC=F
2026-09-16T17:43:00Z,4386.5,4386.7998046875,4385.2001953125,4385.5,86.0,yahoo,GC=F
2026-09-16T17:44:00Z,4385.5,4386.7001953125,4385.2998046875,4385.2998046875,128.0,yahoo,GC=F
2026-09-16T17:45:00Z,4385.7998046875,4386.0,4384.7001953125,4384.89990234375,142.0,yahoo,GC=F
2026-09-16T17:46:00Z,4384.89990234375,4386.60009765625,4384.89990234375,4386.0,87.0,yahoo,GC=F
2026-09-16T17:47:00Z,4386.2001953125,4386.60009765625,4384.39990234375,4384.5,104.0,yahoo,GC=F
2026-09-16T17:48:00Z,4384.2998046875,4386.89990234375,4384.10009765625,4386.5,90.0,yahoo,GC=F
2026-09-16T17:49:00Z,4386.60009765625,4386.7001953125,4386.0,4386.10009765625,131.0,yahoo,GC=F
2026-09-16T17:50:00Z,4386.10009765625,4386.89990234375,4385.7998046875,4386.2998046875,55.0,yahoo,GC=F
2026-09-16T17:51:00Z,4385.89990234375,4388.10009765625,4385.7998046875,4388.10009765625,396.0,yahoo,GC=F
2026-09-16T17:52:00Z,4388.2998046875,4388.5,4386.0,4388.5,217.0,yahoo,GC=F
2026-09-16T17:53:00Z,4388.5,4390.7001953125,4388.5,4390.2998046875,664.0,yahoo,GC=F
2026-09-16T17:54:00Z,4390.7001953125,4391.89990234375,4389.7001953125,4389.89990234375,140.0,yahoo,GC=F
2026-09-16T17:55:00Z,4389.7998046875,4391.39990234375,4389.39990234375,4389.39990234375,148.0,yahoo,GC=F
2026-09-16T17:56:00Z,4389.39990234375,4392.89990234375,4389.39990234375,4392.7001953125,117.0,yahoo,GC=F
2026-09-16T17:57:00Z,4392.39990234375,4396.2001953125,4392.2998046875,4395.7001953125,161.0,yahoo,GC=F
2026-09-16T17:58:00Z,4395.7998046875,4398.0,4394.2998046875,4395.60009765625,219.0,yahoo,GC=F
2026-09-16T17:59:00Z,4395.7998046875,4413.10009765625,4394.0,4399.0,758.0,yahoo,GC=F
2026-09-16T18:00:00Z,4404.2001953125,4412.0,4378.10009765625,4381.60009765625,3211.0,yahoo,GC=F
2026-09-16T18:01:00Z,4380.89990234375,4382.5,4356.2998046875,4359.10009765625,2704.0,yahoo,GC=F
2026-09-16T18:02:00Z,4359.7001953125,4375.0,4355.2001953125,4373.89990234375,1919.0,yahoo,GC=F
2026-09-16T18:03:00Z,4373.5,4383.2001953125,4370.89990234375,4372.10009765625,1785.0,yahoo,GC=F
2026-09-16T18:04:00Z,4371.2998046875,4373.39990234375,4364.7998046875,4366.5,1247.0,yahoo,GC=F
2026-09-16T18:05:00Z,4366.39990234375,4378.60009765625,4366.39990234375,4374.7998046875,1033.0,yahoo,GC=F
2026-09-16T18:06:00Z,4374.7001953125,4379.39990234375,4373.2001953125,4373.7001953125,823.0,yahoo,GC=F
2026-09-16T18:07:00Z,4373.60009765625,4384.89990234375,4373.2998046875,4383.89990234375,828.0,yahoo,GC=F
2026-09-16T18:08:00Z,4384.0,4387.5,4376.39990234375,4380.7998046875,696.0,yahoo,GC=F
2026-09-16T18:09:00Z,4380.89990234375,4380.89990234375,4372.7998046875,4372.89990234375,439.0,yahoo,GC=F
2026-09-16T18:10:00Z,4373.39990234375,4376.10009765625,4367.39990234375,4370.39990234375,649.0,yahoo,GC=F
2026-09-16T18:11:00Z,4370.60009765625,4372.10009765625,4357.10009765625,4357.60009765625,1378.0,yahoo,GC=F
2026-09-16T18:12:00Z,4357.2998046875,4358.7001953125,4352.10009765625,4354.60009765625,926.0,yahoo,GC=F
2026-09-16T18:13:00Z,4354.7001953125,4356.10009765625,4350.10009765625,4352.39990234375,1044.0,yahoo,GC=F
2026-09-16T18:14:00Z,4352.7998046875,4357.10009765625,4349.10009765625,4352.0,625.0,yahoo,GC=F
2026-09-16T18:15:00Z,4351.7998046875,4356.0,4350.0,4350.2998046875,676.0,yahoo,GC=F
2026-09-16T18:16:00Z,4350.7998046875,4356.0,4349.60009765625,4350.2001953125,752.0,yahoo,GC=F
2026-09-16T18:17:00Z,4350.0,4356.2998046875,4347.89990234375,4354.39990234375,531.0,yahoo,GC=F
2026-09-16T18:18:00Z,4354.39990234375,4357.89990234375,4350.2998046875,4351.39990234375,735.0,yahoo,GC=F
2026-09-16T18:19:00Z,4351.89990234375,4363.7001953125,4350.60009765625,4360.2998046875,897.0,yahoo,GC=F
2026-09-16T18:20:00Z,4359.7998046875,4364.39990234375,4355.5,4362.0,553.0,yahoo,GC=F
2026-09-16T18:21:00Z,4361.7001953125,4365.7998046875,4361.5,4363.7998046875,395.0,yahoo,GC=F
2026-09-16T18:22:00Z,4363.39990234375,4364.5,4356.7001953125,4357.5,413.0,yahoo,GC=F
2026-09-16T18:23:00Z,4357.7001953125,4361.7998046875,4355.10009765625,4361.39990234375,321.0,yahoo,GC=F
2026-09-16T18:24:00Z,4361.39990234375,4363.10009765625,4356.10009765625,4356.39990234375,201.0,yahoo,GC=F
2026-09-16T18:25:00Z,4356.60009765625,4357.7001953125,4353.89990234375,4354.7001953125,253.0,yahoo,GC=F
2026-09-16T18:26:00Z,4354.5,4358.7998046875,4354.5,4356.89990234375,310.0,yahoo,GC=F
2026-09-16T18:27:00Z,4356.89990234375,4358.39990234375,4354.2001953125,4355.60009765625,189.0,yahoo,GC=F
2026-09-16T18:28:00Z,4355.60009765625,4358.60009765625,4353.5,4357.39990234375,310.0,yahoo,GC=F
2026-09-16T18:29:00Z,4357.5,4364.5,4357.5,4363.89990234375,314.0,yahoo,GC=F
2026-09-16T18:30:00Z,4363.5,4365.0,4352.7001953125,4354.5,403.0,yahoo,GC=F
2026-09-16T18:31:00Z,4354.89990234375,4354.89990234375,4344.39990234375,4349.2998046875,1004.0,yahoo,GC=F
2026-09-16T18:32:00Z,4349.2001953125,4351.7998046875,4333.2001953125,4333.2001953125,1908.0,yahoo,GC=F
2026-09-16T18:33:00Z,4333.0,4334.89990234375,4323.10009765625,4326.2001953125,2360.0,yahoo,GC=F
2026-09-16T18:34:00Z,4326.7001953125,4328.89990234375,4321.10009765625,4325.39990234375,1482.0,yahoo,GC=F
2026-09-16T18:35:00Z,4325.10009765625,4326.0,4313.7998046875,4315.60009765625,1803.0,yahoo,GC=F
2026-09-16T18:36:00Z,4315.60009765625,4319.39990234375,4306.5,4307.39990234375,1568.0,yahoo,GC=F
2026-09-16T18:37:00Z,4307.60009765625,4313.0,4298.89990234375,4312.7001953125,2590.0,yahoo,GC=F
2026-09-16T18:38:00Z,4313.10009765625,4325.7001953125,4312.7998046875,4324.2998046875,1299.0,yahoo,GC=F
2026-09-16T18:39:00Z,4324.10009765625,4332.7001953125,4323.2998046875,4331.89990234375,1008.0,yahoo,GC=F
2026-09-16T18:40:00Z,4331.39990234375,4334.0,4326.2998046875,4329.2001953125,622.0,yahoo,GC=F
2026-09-16T18:41:00Z,4329.5,4334.39990234375,4325.7998046875,4332.39990234375,774.0,yahoo,GC=F
2026-09-16T18:42:00Z,4332.0,4342.39990234375,4331.89990234375,4341.10009765625,1135.0,yahoo,GC=F
2026-09-16T18:43:00Z,4341.10009765625,4351.39990234375,4340.10009765625,4348.7001953125,1139.0,yahoo,GC=F
2026-09-16T18:44:00Z,4348.60009765625,4351.7998046875,4341.60009765625,4341.60009765625,1055.0,yahoo,GC=F
2026-09-16T18:45:00Z,4341.60009765625,4347.7998046875,4340.0,4345.2001953125,1087.0,yahoo,GC=F
2026-09-16T18:46:00Z,4345.39990234375,4346.60009765625,4342.2001953125,4343.5,387.0,yahoo,GC=F
2026-09-16T18:47:00Z,4342.60009765625,4343.10009765625,4335.5,4337.2998046875,661.0,yahoo,GC=F
2026-09-16T18:48:00Z,4337.7998046875,4338.0,4333.5,4333.7001953125,397.0,yahoo,GC=F
2026-09-16T18:49:00Z,4333.7001953125,4337.10009765625,4331.5,4334.2001953125,481.0,yahoo,GC=F
2026-09-16T18:50:00Z,4334.2001953125,4337.39990234375,4328.0,4328.60009765625,439.0,yahoo,GC=F
2026-09-16T18:51:00Z,4328.39990234375,4328.39990234375,4321.0,4326.2001953125,780.0,yahoo,GC=F
2026-09-16T18:52:00Z,4326.2998046875,4326.2998046875,4311.2001953125,4311.7998046875,1256.0,yahoo,GC=F
2026-09-16T18:53:00Z,4312.60009765625,4316.7001953125,4305.60009765625,4305.7998046875,1225.0,yahoo,GC=F
2026-09-16T18:54:00Z,4306.2001953125,4311.0,4304.0,4306.39990234375,717.0,yahoo,GC=F
2026-09-16T18:55:00Z,4306.39990234375,4313.2998046875,4304.39990234375,4309.2001953125,609.0,yahoo,GC=F
2026-09-16T18:56:00Z,4309.0,4309.89990234375,4299.39990234375,4305.10009765625,1315.0,yahoo,GC=F
2026-09-16T18:57:00Z,4304.89990234375,4307.2998046875,4296.2001953125,4306.2998046875,1052.0,yahoo,GC=F
2026-09-16T18:58:00Z,4306.2998046875,4311.10009765625,4304.7001953125,4309.5,583.0,yahoo,GC=F
2026-09-16T18:59:00Z,4309.7001953125,4311.2001953125,4299.7998046875,4301.2998046875,632.0,yahoo,GC=F
2026-09-16T19:00:00Z,4301.0,4317.7001953125,4300.0,4317.5,841.0,yahoo,GC=F
2026-09-16T19:01:00Z,4317.7998046875,4320.2998046875,4313.60009765625,4315.10009765625,929.0,yahoo,GC=F
2026-09-16T19:02:00Z,4315.2998046875,4319.39990234375,4312.5,4318.5,648.0,yahoo,GC=F
2026-09-16T19:03:00Z,4318.60009765625,4326.89990234375,4317.60009765625,4326.60009765625,1045.0,yahoo,GC=F
2026-09-16T19:04:00Z,4326.2998046875,4326.60009765625,4312.5,4313.2998046875,881.0,yahoo,GC=F
2026-09-16T19:05:00Z,4313.0,4313.0,4307.39990234375,4310.7001953125,564.0,yahoo,GC=F
2026-09-16T19:06:00Z,4311.0,4313.2998046875,4306.60009765625,4306.60009765625,379.0,yahoo,GC=F
2026-09-16T19:07:00Z,4306.2998046875,4306.2998046875,4288.39990234375,4297.0,3273.0,yahoo,GC=F
2026-09-16T19:08:00Z,4297.2998046875,4298.5,4292.60009765625,4294.89990234375,1154.0,yahoo,GC=F
2026-09-16T19:09:00Z,4295.5,4298.2998046875,4288.0,4289.7998046875,841.0,yahoo,GC=F
2026-09-16T19:10:00Z,4289.7001953125,4290.0,4273.2998046875,4276.2001953125,2272.0,yahoo,GC=F
2026-09-16T19:11:00Z,4276.39990234375,4286.7998046875,4275.7001953125,4284.0,1130.0,yahoo,GC=F
2026-09-16T19:12:00Z,4283.7001953125,4284.7998046875,4276.89990234375,4278.60009765625,720.0,yahoo,GC=F
2026-09-16T19:13:00Z,4278.5,4284.7998046875,4276.5,4284.60009765625,1065.0,yahoo,GC=F
2026-09-16T19:14:00Z,4284.39990234375,4291.89990234375,4282.7998046875,4291.7001953125,1052.0,yahoo,GC=F
2026-09-16T19:15:00Z,4291.7998046875,4296.10009765625,4288.10009765625,4289.60009765625,662.0,yahoo,GC=F
2026-09-16T19:16:00Z,4289.5,4289.60009765625,4283.7998046875,4286.2001953125,545.0,yahoo,GC=F
2026-09-16T19:17:00Z,4285.89990234375,4288.60009765625,4281.7998046875,4283.7001953125,635.0,yahoo,GC=F
2026-09-16T19:18:00Z,4283.60009765625,4288.5,4280.0,4280.2998046875,354.0,yahoo,GC=F
2026-09-16T19:19:00Z,4280.60009765625,4287.2998046875,4279.2998046875,4286.89990234375,308.0,yahoo,GC=F
2026-09-16T19:20:00Z,4287.10009765625,4289.7001953125,4283.2001953125,4284.2998046875,314.0,yahoo,GC=F
2026-09-16T19:21:00Z,4284.39990234375,4289.7998046875,4283.39990234375,4288.2998046875,382.0,yahoo,GC=F
2026-09-16T19:22:00Z,4287.89990234375,4291.0,4284.0,4286.60009765625,292.0,yahoo,GC=F
2026-09-16T19:23:00Z,4286.2001953125,4291.7001953125,4284.2998046875,4291.0,240.0,yahoo,GC=F
2026-09-16T19:24:00Z,4291.10009765625,4291.7998046875,4289.2001953125,4291.60009765625,166.0,yahoo,GC=F
2026-09-16T19:25:00Z,4291.60009765625,4296.7998046875,4285.60009765625,4286.10009765625,399.0,yahoo,GC=F
2026-09-16T19:26:00Z,4286.10009765625,4286.7998046875,4282.0,4283.39990234375,296.0,yahoo,GC=F
2026-09-16T19:27:00Z,4283.2998046875,4288.7998046875,4278.7001953125,4287.7001953125,545.0,yahoo,GC=F
2026-09-16T19:28:00Z,4287.7998046875,4289.2998046875,4281.7001953125,4282.39990234375,232.0,yahoo,GC=F
2026-09-16T19:29:00Z,4282.39990234375,4293.0,4282.39990234375,4292.60009765625,215.0,yahoo,GC=F
2026-09-16T19:30:00Z,4292.89990234375,4298.0,4292.5,4296.89990234375,542.0,yahoo,GC=F
2026-09-16T19:31:00Z,4297.2001953125,4300.39990234375,4295.7001953125,4297.89990234375,439.0,yahoo,GC=F
2026-09-16T19:32:00Z,4298.2001953125,4301.39990234375,4295.5,4299.10009765625,295.0,yahoo,GC=F
2026-09-16T19:33:00Z,4298.0,4301.5,4295.7998046875,4299.60009765625,223.0,yahoo,GC=F
2026-09-16T19:34:00Z,4300.0,4302.7998046875,4296.2001953125,4302.60009765625,377.0,yahoo,GC=F
2026-09-16T19:35:00Z,4302.7001953125,4305.10009765625,4299.0,4300.7998046875,523.0,yahoo,GC=F
2026-09-16T19:36:00Z,4300.2998046875,4301.2998046875,4295.7001953125,4297.7998046875,201.0,yahoo,GC=F
2026-09-16T19:37:00Z,4297.2998046875,4302.2001953125,4297.2001953125,4301.89990234375,122.0,yahoo,GC=F
2026-09-16T19:38:00Z,4302.2998046875,4302.7998046875,4296.2998046875,4297.39990234375,135.0,yahoo,GC=F
2026-09-16T19:39:00Z,4296.89990234375,4304.60009765625,4296.5,4302.7998046875,213.0,yahoo,GC=F
2026-09-16T19:40:00Z,4302.5,4304.10009765625,4300.39990234375,4303.89990234375,209.0,yahoo,GC=F
2026-09-16T19:41:00Z,4304.0,4310.2001953125,4303.2998046875,4305.7998046875,519.0,yahoo,GC=F
2026-09-16T19:42:00Z,4305.2998046875,4307.2001953125,4302.7998046875,4304.5,216.0,yahoo,GC=F
2026-09-16T19:43:00Z,4305.2001953125,4307.2998046875,4304.0,4306.7001953125,133.0,yahoo,GC=F
2026-09-16T19:44:00Z,4306.60009765625,4308.60009765625,4303.7001953125,4304.10009765625,194.0,yahoo,GC=F
2026-09-16T19:45:00Z,4303.5,4309.39990234375,4303.5,4308.7001953125,209.0,yahoo,GC=F
2026-09-16T19:46:00Z,4308.7001953125,4310.10009765625,4305.39990234375,4306.7998046875,247.0,yahoo,GC=F
2026-09-16T19:47:00Z,4306.5,4308.39990234375,4304.2001953125,4305.2001953125,138.0,yahoo,GC=F
2026-09-16T19:48:00Z,4305.7001953125,4308.10009765625,4304.39990234375,4305.89990234375,222.0,yahoo,GC=F
2026-09-16T19:49:00Z,4306.5,4310.89990234375,4306.5,4308.5,288.0,yahoo,GC=F
2026-09-16T19:50:00Z,4308.89990234375,4315.10009765625,4308.89990234375,4314.5,505.0,yahoo,GC=F
2026-09-16T19:51:00Z,4314.60009765625,4315.5,4310.5,4310.5,206.0,yahoo,GC=F
2026-09-16T19:52:00Z,4310.0,4312.89990234375,4308.2001953125,4312.10009765625,381.0,yahoo,GC=F
2026-09-16T19:53:00Z,4312.0,4312.5,4307.10009765625,4307.7998046875,364.0,yahoo,GC=F
2026-09-16T19:54:00Z,4307.7998046875,4312.5,4306.7001953125,4312.2998046875,175.0,yahoo,GC=F
2026-09-16T19:55:00Z,4312.39990234375,4313.2001953125,4309.60009765625,4311.39990234375,194.0,yahoo,GC=F
2026-09-16T19:56:00Z,4311.89990234375,4312.0,4308.89990234375,4310.0,95.0,yahoo,GC=F
2026-09-16T19:57:00Z,4310.2001953125,4311.89990234375,4307.7001953125,4309.2001953125,252.0,yahoo,GC=F
2026-09-16T19:58:00Z,4309.2998046875,4310.60009765625,4308.10009765625,4310.5,147.0,yahoo,GC=F
2026-09-16T19:59:00Z,4310.5,4312.39990234375,4310.2001953125,4311.39990234375,281.0,yahoo,GC=F
2026-09-16T20:00:00Z,4311.2001953125,4311.89990234375,4308.7001953125,4308.7998046875,237.0,yahoo,GC=F
2026-09-16T20:01:00Z,4309.2001953125,4310.10009765625,4306.7001953125,4308.0,172.0,yahoo,GC=F
2026-09-16T20:02:00Z,4308.2001953125,4311.89990234375,4308.2001953125,4310.89990234375,67.0,yahoo,GC=F
2026-09-16T20:03:00Z,4311.60009765625,4312.89990234375,4309.7998046875,4311.5,282.0,yahoo,GC=F
2026-09-16T20:04:00Z,4311.7001953125,4311.7001953125,4309.2998046875,4309.7998046875,23.0,yahoo,GC=F
2026-09-16T20:05:00Z,4309.5,4311.2998046875,4309.2001953125,4309.2001953125,64.0,yahoo,GC=F
2026-09-16T20:06:00Z,4309.10009765625,4309.89990234375,4308.10009765625,4309.7998046875,73.0,yahoo,GC=F
2026-09-16T20:07:00Z,4309.39990234375,4310.0,4308.60009765625,4309.0,29.0,yahoo,GC=F
2026-09-16T20:08:00Z,4309.2001953125,4309.39990234375,4305.7001953125,4305.7001953125,74.0,yahoo,GC=F
2026-09-16T20:09:00Z,4306.10009765625,4307.2998046875,4305.10009765625,4306.7001953125,181.0,yahoo,GC=F
2026-09-16T20:10:00Z,4306.89990234375,4307.10009765625,4304.2998046875,4305.39990234375,118.0,yahoo,GC=F
2026-09-16T20:11:00Z,4304.89990234375,4304.89990234375,4303.60009765625,4304.0,69.0,yahoo,GC=F
2026-09-16T20:12:00Z,4304.2001953125,4305.0,4302.89990234375,4305.0,209.0,yahoo,GC=F
2026-09-16T20:13:00Z,4305.0,4305.7001953125,4303.7001953125,4304.7998046875,51.0,yahoo,GC=F
2026-09-16T20:14:00Z,4304.7998046875,4305.7998046875,4304.10009765625,4304.2998046875,22.0,yahoo,GC=F
2026-09-16T20:15:00Z,4304.5,4304.7998046875,4303.2998046875,4304.2001953125,21.0,yahoo,GC=F
2026-09-16T20:16:00Z,4304.39990234375,4304.7998046875,4303.0,4304.2998046875,34.0,yahoo,GC=F
2026-09-16T20:17:00Z,4304.5,4306.2998046875,4304.5,4306.2998046875,34.0,yahoo,GC=F
2026-09-16T20:18:00Z,4306.0,4307.60009765625,4305.7998046875,4307.60009765625,54.0,yahoo,GC=F
2026-09-16T20:19:00Z,4307.0,4307.0,4304.60009765625,4305.7998046875,27.0,yahoo,GC=F
2026-09-16T20:20:00Z,4305.7998046875,4305.7998046875,4303.2998046875,4304.5,43.0,yahoo,GC=F
2026-09-16T20:21:00Z,4304.7998046875,4305.10009765625,4302.5,4304.2998046875,44.0,yahoo,GC=F
2026-09-16T20:22:00Z,4304.7001953125,4304.7001953125,4302.89990234375,4303.10009765625,33.0,yahoo,GC=F
2026-09-16T20:23:00Z,4303.10009765625,4303.10009765625,4301.2001953125,4301.2001953125,55.0,yahoo,GC=F
2026-09-16T20:24:00Z,4301.2998046875,4302.10009765625,4300.10009765625,4300.2998046875,86.0,yahoo,GC=F
2026-09-16T20:25:00Z,4300.2998046875,4300.7998046875,4298.0,4298.7001953125,151.0,yahoo,GC=F
2026-09-16T20:26:00Z,4298.7998046875,4298.89990234375,4297.60009765625,4298.5,132.0,yahoo,GC=F
2026-09-16T20:27:00Z,4298.10009765625,4299.2998046875,4297.7001953125,4298.0,58.0,yahoo,GC=F
2026-09-16T20:28:00Z,4297.60009765625,4298.39990234375,4297.10009765625,4297.2998046875,54.0,yahoo,GC=F
2026-09-16T20:29:00Z,4297.39990234375,4299.7998046875,4296.89990234375,4299.7998046875,68.0,yahoo,GC=F
2026-09-16T20:30:00Z,4299.7001953125,4299.7998046875,4298.2001953125,4298.2998046875,33.0,yahoo,GC=F
2026-09-16T20:31:00Z,4298.60009765625,4301.5,4298.39990234375,4301.10009765625,67.0,yahoo,GC=F
2026-09-16T20:32:00Z,4300.89990234375,4300.89990234375,4298.89990234375,4299.0,27.0,yahoo,GC=F
2026-09-16T20:33:00Z,4298.7998046875,4298.89990234375,4297.60009765625,4298.2998046875,22.0,yahoo,GC=F
2026-09-16T20:34:00Z,4299.10009765625,4301.60009765625,4299.10009765625,4301.0,32.0,yahoo,GC=F
2026-09-16T20:35:00Z,4300.7998046875,4301.7001953125,4299.7998046875,4299.7998046875,43.0,yahoo,GC=F
2026-09-16T20:36:00Z,4299.5,4300.10009765625,4298.7998046875,4299.60009765625,35.0,yahoo,GC=F
2026-09-16T20:37:00Z,4300.0,4303.7998046875,4300.0,4303.7998046875,127.0,yahoo,GC=F
2026-09-16T20:38:00Z,4304.0,4304.0,4302.2998046875,4303.2001953125,47.0,yahoo,GC=F
2026-09-16T20:39:00Z,4302.89990234375,4304.10009765625,4302.5,4304.10009765625,65.0,yahoo,GC=F
2026-09-16T20:40:00Z,4303.7998046875,4303.7998046875,4303.2998046875,4303.5,42.0,yahoo,GC=F
2026-09-16T20:41:00Z,4303.60009765625,4304.7001953125,4303.0,4303.0,36.0,yahoo,GC=F
2026-09-16T20:42:00Z,4302.89990234375,4302.89990234375,4300.89990234375,4302.0,48.0,yahoo,GC=F
2026-09-16T20:43:00Z,4302.0,4302.7001953125,4301.0,4301.0,31.0,yahoo,GC=F
2026-09-16T20:44:00Z,4301.60009765625,4301.7998046875,4301.2001953125,4301.60009765625,13.0,yahoo,GC=F
2026-09-16T20:45:00Z,4301.7998046875,4303.10009765625,4301.7001953125,4302.89990234375,23.0,yahoo,GC=F
2026-09-16T20:46:00Z,4302.60009765625,4303.2001953125,4302.2998046875,4302.7998046875,12.0,yahoo,GC=F
2026-09-16T20:47:00Z,4303.39990234375,4304.2998046875,4303.39990234375,4303.60009765625,44.0,yahoo,GC=F
2026-09-16T20:48:00Z,4303.5,4303.7001953125,4303.0,4303.39990234375,77.0,yahoo,GC=F
2026-09-16T20:49:00Z,4304.2998046875,4305.5,4304.2998046875,4304.7001953125,45.0,yahoo,GC=F
2026-09-16T20:50:00Z,4304.7001953125,4304.89990234375,4302.10009765625,4302.10009765625,51.0,yahoo,GC=F
2026-09-16T20:51:00Z,4302.2998046875,4302.89990234375,4301.89990234375,4301.89990234375,24.0,yahoo,GC=F
2026-09-16T20:52:00Z,4301.7001953125,4302.10009765625,4301.5,4301.5,9.0,yahoo,GC=F
2026-09-16T20:53:00Z,4301.5,4302.10009765625,4300.39990234375,4300.39990234375,32.0,yahoo,GC=F
2026-09-16T20:54:00Z,4300.5,4301.7001953125,4299.89990234375,4301.60009765625,45.0,yahoo,GC=F
2026-09-16T20:55:00Z,4301.5,4302.39990234375,4301.39990234375,4301.39990234375,16.0,yahoo,GC=F
2026-09-16T20:56:00Z,4301.89990234375,4302.0,4301.2998046875,4301.2998046875,8.0,yahoo,GC=F
2026-09-16T20:57:00Z,4302.0,4302.89990234375,4301.89990234375,4302.89990234375,22.0,yahoo,GC=F
2026-09-16T20:58:00Z,4302.7001953125,4303.10009765625,4302.2001953125,4302.7998046875,24.0,yahoo,GC=F
2026-09-16T20:59:00Z,4303.0,4303.39990234375,4302.2001953125,4302.5,56.0,yahoo,GC=F
2026-09-16T22:00:00Z,4301.39990234375,4302.7001953125,4297.89990234375,4300.7998046875,0.0,yahoo,GC=F
2026-09-16T22:01:00Z,4300.10009765625,4300.10009765625,4296.60009765625,4297.89990234375,39.0,yahoo,GC=F
2026-09-16T22:02:00Z,4297.39990234375,4299.7001953125,4297.39990234375,4299.0,34.0,yahoo,GC=F
2026-09-16T22:03:00Z,4299.39990234375,4299.7001953125,4297.7998046875,4298.39990234375,41.0,yahoo,GC=F
2026-09-16T22:04:00Z,4298.0,4298.0,4296.89990234375,4297.5,28.0,yahoo,GC=F
2026-09-16T22:05:00Z,4297.7001953125,4299.2001953125,4296.2998046875,4299.2001953125,120.0,yahoo,GC=F
2026-09-16T22:06:00Z,4299.10009765625,4299.7998046875,4298.39990234375,4299.0,43.0,yahoo,GC=F
2026-09-16T22:07:00Z,4299.0,4299.0,4298.10009765625,4298.60009765625,29.0,yahoo,GC=F
2026-09-16T22:08:00Z,4298.7001953125,4298.7998046875,4297.2998046875,4298.2001953125,32.0,yahoo,GC=F
2026-09-16T22:09:00Z,4298.10009765625,4298.7998046875,4297.7001953125,4298.2998046875,47.0,yahoo,GC=F
2026-09-16T22:10:00Z,4298.10009765625,4299.0,4296.60009765625,4296.7001953125,119.0,yahoo,GC=F
2026-09-16T22:11:00Z,4296.60009765625,4297.60009765625,4296.5,4297.2998046875,11.0,yahoo,GC=F
2026-09-16T22:12:00Z,4297.7001953125,4298.89990234375,4297.7001953125,4298.2001953125,13.0,yahoo,GC=F
2026-09-16T22:13:00Z,4298.39990234375,4298.89990234375,4298.2998046875,4298.39990234375,20.0,yahoo,GC=F
2026-09-16T22:14:00Z,4298.39990234375,4298.7998046875,4296.0,4296.10009765625,92.0,yahoo,GC=F
2026-09-16T22:15:00Z,4296.2998046875,4296.2998046875,4295.10009765625,4295.5,84.0,yahoo,GC=F
2026-09-16T22:16:00Z,4295.5,4295.5,4294.5,4295.0,62.0,yahoo,GC=F
2026-09-16T22:17:00Z,4295.0,4295.39990234375,4294.89990234375,4295.0,26.0,yahoo,GC=F
2026-09-16T22:18:00Z,4295.0,4295.0,4294.60009765625,4294.7998046875,36.0,yahoo,GC=F
2026-09-16T22:19:00Z,4295.0,4296.7998046875,4294.89990234375,4296.7001953125,64.0,yahoo,GC=F
2026-09-16T22:20:00Z,4296.39990234375,4298.0,4296.39990234375,4298.0,65.0,yahoo,GC=F
2026-09-16T22:21:00Z,4298.39990234375,4298.7001953125,4297.7001953125,4298.7001953125,26.0,yahoo,GC=F
2026-09-16T22:22:00Z,4298.5,4299.2001953125,4297.7001953125,4298.10009765625,40.0,yahoo,GC=F
2026-09-16T22:23:00Z,4298.2001953125,4298.89990234375,4296.7998046875,4297.39990234375,28.0,yahoo,GC=F
2026-09-16T22:24:00Z,4297.7001953125,4298.2998046875,4297.7001953125,4298.2998046875,12.0,yahoo,GC=F
2026-09-16T22:25:00Z,4298.10009765625,4299.2998046875,4298.10009765625,4298.7001953125,31.0,yahoo,GC=F
2026-09-16T22:26:00Z,4299.0,4300.2998046875,4299.0,4300.2998046875,21.0,yahoo,GC=F
2026-09-16T22:27:00Z,4300.39990234375,4300.60009765625,4299.39990234375,4299.39990234375,112.0,yahoo,GC=F
2026-09-16T22:28:00Z,4299.5,4299.7998046875,4299.10009765625,4299.5,33.0,yahoo,GC=F
2026-09-16T22:29:00Z,4299.39990234375,4299.5,4298.5,4299.10009765625,63.0,yahoo,GC=F
2026-09-16T22:30:00Z,4299.2998046875,4301.7998046875,4299.0,4301.7998046875,84.0,yahoo,GC=F
2026-09-16T22:31:00Z,4301.7001953125,4301.89990234375,4300.5,4300.7001953125,79.0,yahoo,GC=F
2026-09-16T22:32:00Z,4301.10009765625,4303.89990234375,4300.5,4303.89990234375,64.0,yahoo,GC=F
2026-09-16T22:33:00Z,4303.7998046875,4306.39990234375,4303.7001953125,4305.7001953125,255.0,yahoo,GC=F
2026-09-16T22:34:00Z,4305.7001953125,4307.39990234375,4305.5,4306.89990234375,133.0,yahoo,GC=F
2026-09-16T22:35:00Z,4306.89990234375,4309.7998046875,4306.2001953125,4309.2998046875,377.0,yahoo,GC=F
2026-09-16T22:36:00Z,4309.10009765625,4311.2998046875,4308.7001953125,4309.5,349.0,yahoo,GC=F
2026-09-16T22:37:00Z,4309.2001953125,4313.2001953125,4308.60009765625,4312.39990234375,261.0,yahoo,GC=F
2026-09-16T22:38:00Z,4312.60009765625,4314.0,4311.0,4313.2998046875,106.0,yahoo,GC=F
2026-09-16T22:39:00Z,4313.60009765625,4313.60009765625,4311.89990234375,4312.60009765625,59.0,yahoo,GC=F
2026-09-16T22:40:00Z,4312.7001953125,4312.7998046875,4312.2998046875,4312.39990234375,9.0,yahoo,GC=F
2026-09-16T22:41:00Z,4312.0,4312.10009765625,4311.10009765625,4311.5,24.0,yahoo,GC=F
2026-09-16T22:42:00Z,4311.5,4311.7001953125,4310.89990234375,4311.0,37.0,yahoo,GC=F
2026-09-16T22:43:00Z,4311.0,4311.10009765625,4310.39990234375,4310.7998046875,22.0,yahoo,GC=F
2026-09-16T22:44:00Z,4310.7001953125,4311.0,4310.60009765625,4310.7001953125,9.0,yahoo,GC=F
2026-09-16T22:45:00Z,4311.2001953125,4311.7001953125,4311.0,4311.0,18.0,yahoo,GC=F
2026-09-16T22:46:00Z,4310.89990234375,4311.39990234375,4310.7001953125,4311.10009765625,17.0,yahoo,GC=F
2026-09-16T22:47:00Z,4311.10009765625,4311.10009765625,4309.89990234375,4309.89990234375,28.0,yahoo,GC=F
2026-09-16T22:48:00Z,4310.2001953125,4310.2998046875,4308.39990234375,4308.7998046875,52.0,yahoo,GC=F
2026-09-16T22:49:00Z,4309.0,4309.2001953125,4307.7998046875,4308.0,34.0,yahoo,GC=F
2026-09-16T22:50:00Z,4307.7998046875,4307.7998046875,4307.0,4307.2998046875,27.0,yahoo,GC=F
2026-09-16T22:51:00Z,4307.39990234375,4307.7001953125,4305.7001953125,4306.0,87.0,yahoo,GC=F
2026-09-16T22:52:00Z,4305.7998046875,4305.7998046875,4303.39990234375,4303.60009765625,177.0,yahoo,GC=F
2026-09-16T22:53:00Z,4303.7998046875,4304.5,4303.2001953125,4304.10009765625,54.0,yahoo,GC=F
2026-09-16T22:54:00Z,4304.2001953125,4306.39990234375,4304.0,4305.2998046875,109.0,yahoo,GC=F
2026-09-16T22:55:00Z,4305.39990234375,4305.39990234375,4304.89990234375,4305.2001953125,22.0,yahoo,GC=F
2026-09-16T22:56:00Z,4305.0,4305.0,4304.0,4304.60009765625,26.0,yahoo,GC=F
2026-09-16T22:57:00Z,4304.39990234375,4305.7998046875,4304.2998046875,4305.39990234375,78.0,yahoo,GC=F
2026-09-16T22:58:00Z,4305.39990234375,4309.7001953125,4305.39990234375,4307.7998046875,290.0,yahoo,GC=F
2026-09-16T22:59:00Z,4307.2998046875,4307.60009765625,4304.60009765625,4304.7001953125,82.0,yahoo,GC=F
2026-09-16T23:00:00Z,4304.0,4304.2001953125,4302.7001953125,4303.5,58.0,yahoo,GC=F
2026-09-16T23:01:00Z,4303.39990234375,4306.10009765625,4302.39990234375,4305.39990234375,158.0,yahoo,GC=F
2026-09-16T23:02:00Z,4305.0,4305.0,4301.5,4301.60009765625,197.0,yahoo,GC=F
2026-09-16T23:03:00Z,4301.39990234375,4302.2001953125,4300.2001953125,4300.7998046875,157.0,yahoo,GC=F
2026-09-16T23:04:00Z,4301.5,4303.60009765625,4300.7001953125,4303.2998046875,262.0,yahoo,GC=F
2026-09-16T23:05:00Z,4303.5,4303.7001953125,4301.60009765625,4301.7001953125,132.0,yahoo,GC=F
2026-09-16T23:06:00Z,4301.5,4302.7001953125,4301.0,4301.7001953125,127.0,yahoo,GC=F
2026-09-16T23:07:00Z,4301.39990234375,4301.39990234375,4296.7998046875,4297.89990234375,179.0,yahoo,GC=F
2026-09-16T23:08:00Z,4297.89990234375,4302.7001953125,4297.7998046875,4302.10009765625,170.0,yahoo,GC=F
2026-09-16T23:09:00Z,4302.10009765625,4302.89990234375,4301.39990234375,4302.5,158.0,yahoo,GC=F
2026-09-16T23:10:00Z,4302.5,4303.5,4301.89990234375,4302.60009765625,49.0,yahoo,GC=F
2026-09-16T23:11:00Z,4302.7001953125,4305.0,4302.60009765625,4303.60009765625,53.0,yahoo,GC=F
2026-09-16T23:12:00Z,4304.2001953125,4304.5,4299.0,4299.39990234375,217.0,yahoo,GC=F
2026-09-16T23:13:00Z,4299.2998046875,4301.0,4299.2998046875,4300.2998046875,126.0,yahoo,GC=F
2026-09-16T23:14:00Z,4300.5,4300.7998046875,4299.89990234375,4300.39990234375,62.0,yahoo,GC=F
2026-09-16T23:15:00Z,4300.7998046875,4300.7998046875,4300.0,4300.10009765625,13.0,yahoo,GC=F
2026-09-16T23:16:00Z,4300.5,4301.7001953125,4300.0,4301.7001953125,72.0,yahoo,GC=F
2026-09-16T23:17:00Z,4301.7998046875,4304.60009765625,4301.7998046875,4304.60009765625,77.0,yahoo,GC=F
2026-09-16T23:18:00Z,4304.2001953125,4308.60009765625,4304.10009765625,4306.39990234375,172.0,yahoo,GC=F
2026-09-16T23:19:00Z,4306.39990234375,4307.7998046875,4306.2998046875,4306.2998046875,68.0,yahoo,GC=F
2026-09-16T23:20:00Z,4307.10009765625,4307.89990234375,4307.10009765625,4307.7001953125,28.0,yahoo,GC=F
2026-09-16T23:21:00Z,4307.60009765625,4310.2998046875,4307.2998046875,4309.10009765625,102.0,yahoo,GC=F
2026-09-16T23:22:00Z,4309.10009765625,4310.89990234375,4309.0,4310.5,53.0,yahoo,GC=F
2026-09-16T23:23:00Z,4310.39990234375,4311.10009765625,4309.60009765625,4310.39990234375,68.0,yahoo,GC=F
2026-09-16T23:24:00Z,4309.7998046875,4310.10009765625,4308.5,4308.5,65.0,yahoo,GC=F
2026-09-16T23:25:00Z,4309.2998046875,4310.10009765625,4307.60009765625,4308.0,42.0,yahoo,GC=F
2026-09-16T23:26:00Z,4308.0,4308.2001953125,4307.5,4308.2001953125,10.0,yahoo,GC=F
2026-09-16T23:27:00Z,4308.5,4308.89990234375,4308.2001953125,4308.39990234375,50.0,yahoo,GC=F
2026-09-16T23:28:00Z,4308.60009765625,4310.0,4308.60009765625,4310.0,66.0,yahoo,GC=F
2026-09-16T23:29:00Z,4310.0,4310.0,4309.0,4309.7998046875,38.0,yahoo,GC=F
2026-09-16T23:30:00Z,4309.89990234375,4311.10009765625,4309.2998046875,4310.10009765625,56.0,yahoo,GC=F
2026-09-16T23:31:00Z,4309.7001953125,4310.7998046875,4309.2998046875,4310.7998046875,18.0,yahoo,GC=F
2026-09-16T23:32:00Z,4310.5,4310.60009765625,4309.10009765625,4310.2998046875,43.0,yahoo,GC=F
2026-09-16T23:33:00Z,4310.39990234375,4311.2998046875,4310.10009765625,4310.2001953125,29.0,yahoo,GC=F
2026-09-16T23:34:00Z,4310.2998046875,4310.2998046875,4309.2998046875,4309.2998046875,37.0,yahoo,GC=F
2026-09-16T23:35:00Z,4308.7001953125,4309.10009765625,4308.5,4309.10009765625,5.0,yahoo,GC=F
2026-09-16T23:36:00Z,4308.7001953125,4308.7001953125,4307.0,4307.0,25.0,yahoo,GC=F
2026-09-16T23:37:00Z,4306.89990234375,4307.7001953125,4306.39990234375,4307.2998046875,58.0,yahoo,GC=F
2026-09-16T23:38:00Z,4307.39990234375,4308.7001953125,4307.39990234375,4308.2998046875,39.0,yahoo,GC=F
2026-09-16T23:39:00Z,4308.5,4309.5,4308.5,4309.10009765625,41.0,yahoo,GC=F
2026-09-16T23:40:00Z,4308.7001953125,4313.0,4307.0,4309.2998046875,502.0,yahoo,GC=F
2026-09-16T23:41:00Z,4309.2001953125,4309.2001953125,4307.60009765625,4308.60009765625,40.0,yahoo,GC=F
2026-09-16T23:42:00Z,4308.7998046875,4309.7001953125,4308.5,4309.39990234375,21.0,yahoo,GC=F
2026-09-16T23:43:00Z,4309.89990234375,4311.7001953125,4309.7998046875,4311.2001953125,96.0,yahoo,GC=F
2026-09-16T23:44:00Z,4310.89990234375,4312.39990234375,4310.60009765625,4311.5,45.0,yahoo,GC=F
2026-09-16T23:45:00Z,4311.7001953125,4311.7998046875,4309.39990234375,4310.39990234375,43.0,yahoo,GC=F
2026-09-16T23:46:00Z,4310.5,4312.60009765625,4310.39990234375,4311.89990234375,64.0,yahoo,GC=F
2026-09-16T23:47:00Z,4312.39990234375,4312.89990234375,4311.2998046875,4311.7998046875,81.0,yahoo,GC=F
2026-09-16T23:48:00Z,4311.7998046875,4312.7001953125,4310.2001953125,4312.5,48.0,yahoo,GC=F
2026-09-16T23:49:00Z,4312.7001953125,4313.60009765625,4311.10009765625,4311.60009765625,183.0,yahoo,GC=F
2026-09-16T23:50:00Z,4311.7001953125,4313.7001953125,4310.7001953125,4311.10009765625,105.0,yahoo,GC=F
2026-09-16T23:51:00Z,4311.10009765625,4312.2001953125,4310.5,4311.2001953125,46.0,yahoo,GC=F
2026-09-16T23:52:00Z,4311.39990234375,4312.7998046875,4310.7998046875,4311.39990234375,96.0,yahoo,GC=F
2026-09-16T23:53:00Z,4311.39990234375,4311.5,4310.5,4310.60009765625,35.0,yahoo,GC=F
2026-09-16T23:54:00Z,4310.7001953125,4311.2001953125,4309.2998046875,4310.10009765625,61.0,yahoo,GC=F
2026-09-16T23:55:00Z,4310.10009765625,4311.2998046875,4309.60009765625,4310.89990234375,25.0,yahoo,GC=F
2026-09-16T23:56:00Z,4311.10009765625,4311.60009765625,4309.89990234375,4310.60009765625,48.0,yahoo,GC=F
2026-09-16T23:57:00Z,4310.7001953125,4311.10009765625,4310.2998046875,4310.7998046875,34.0,yahoo,GC=F
2026-09-16T23:58:00Z,4311.0,4311.39990234375,4309.7998046875,4310.7001953125,50.0,yahoo,GC=F
2026-09-16T23:59:00Z,4309.7998046875,4310.0,4309.5,4309.7001953125,19.0,yahoo,GC=F
