timestamp_utc,open,high,low,close,volume,source,symbol
2026-09-10T00:00:00Z,4437.7001953125,4437.89990234375,4435.39990234375,4435.7001953125,146.0,yahoo,GC=F
2026-09-10T00:01:00Z,4435.89990234375,4436.2001953125,4434.60009765625,4435.0,54.0,yahoo,GC=F
2026-09-10T00:02:00Z,4434.7001953125,4434.7998046875,4433.2001953125,4434.0,121.0,yahoo,GC=F
2026-09-10T00:03:00Z,4434.0,4434.89990234375,4433.5,4434.89990234375,47.0,yahoo,GC=F
2026-09-10T00:04:00Z,4435.10009765625,4435.7998046875,4435.10009765625,4435.7001953125,23.0,yahoo,GC=F
2026-09-10T00:05:00Z,4435.7001953125,4435.7998046875,4434.60009765625,4434.60009765625,17.0,yahoo,GC=F
2026-09-10T00:06:00Z,4434.89990234375,4435.2001953125,4433.7998046875,4435.2001953125,28.0,yahoo,GC=F
2026-09-10T00:07:00Z,4435.89990234375,4437.0,4435.7998046875,4435.89990234375,31.0,yahoo,GC=F
2026-09-10T00:08:00Z,4435.2998046875,4435.2998046875,4434.2001953125,4434.60009765625,13.0,yahoo,GC=F
2026-09-10T00:09:00Z,4434.7998046875,4438.2001953125,4434.7998046875,4437.39990234375,137.0,yahoo,GC=F
2026-09-10T00:10:00Z,4437.39990234375,4438.2998046875,4436.7998046875,4438.2998046875,32.0,yahoo,GC=F
2026-09-10T00:11:00Z,4438.2001953125,4440.89990234375,4438.0,4440.0,99.0,yahoo,GC=F
2026-09-10T00:12:00Z,4440.0,4440.39990234375,4439.7998046875,4440.0,33.0,yahoo,GC=F
2026-09-10T00:13:00Z,4440.2001953125,4440.89990234375,4439.2001953125,4439.2998046875,40.0,yahoo,GC=F
2026-09-10T00:14:00Z,4439.39990234375,4439.39990234375,4438.10009765625,4438.60009765625,18.0,yahoo,GC=F
2026-09-10T00:15:00Z,4438.5,4441.2998046875,4438.39990234375,4441.0,53.0,yahoo,GC=F
2026-09-10T00:16:00Z,4441.2001953125,4441.2998046875,4440.60009765625,4441.0,27.0,yahoo,GC=F
2026-09-10T00:17:00Z,4440.89990234375,4441.10009765625,4439.7001953125,4440.10009765625,17.0,yahoo,GC=F
2026-09-10T00:18:00Z,4440.89990234375,4442.2998046875,4440.5,4442.0,42.0,yahoo,GC=F
2026-09-10T00:19:00Z,4441.89990234375,4442.10009765625,4439.89990234375,4439.89990234375,32.0,yahoo,GC=F
2026-09-10T00:20:00Z,4440.7998046875,4441.5,4440.5,4440.7001953125,24.0,yahoo,GC=F
2026-09-10T00:21:00Z,4440.60009765625,4441.60009765625,4440.60009765625,4440.7998046875,12.0,yahoo,GC=F
2026-09-10T00:22:00Z,4441.2001953125,4441.2998046875,4439.60009765625,4439.7001953125,22.0,yahoo,GC=F
2026-09-10T00:23:00Z,4439.5,4440.2001953125,4439.10009765625,4439.60009765625,21.0,yahoo,GC=F
2026-09-10T00:24:00Z,4439.60009765625,4440.0,4439.60009765625,4440.0,2.0,yahoo,GC=F
2026-09-10T00:25:00Z,4439.5,4440.2998046875,4438.39990234375,4438.7001953125,32.0,yahoo,GC=F
2026-09-10T00:26:00Z,4438.39990234375,4438.89990234375,4438.10009765625,4438.10009765625,26.0,yahoo,GC=F
2026-09-10T00:27:00Z,4438.2998046875,4440.89990234375,4437.7998046875,4438.89990234375,73.0,yahoo,GC=F
2026-09-10T00:28:00Z,4438.89990234375,4439.2998046875,4437.7998046875,4438.0,47.0,yahoo,GC=F
2026-09-10T00:29:00Z,4437.89990234375,4438.0,4436.0,4436.60009765625,81.0,yahoo,GC=F
2026-09-10T00:30:00Z,4436.2998046875,4438.5,4436.10009765625,4438.5,65.0,yahoo,GC=F
2026-09-10T00:31:00Z,4438.39990234375,4438.39990234375,4437.10009765625,4437.7001953125,18.0,yahoo,GC=F
2026-09-10T00:32:00Z,4436.7001953125,4437.10009765625,4435.60009765625,4436.39990234375,34.0,yahoo,GC=F
2026-09-10T00:33:00Z,4436.2998046875,4436.2998046875,4435.60009765625,4435.60009765625,16.0,yahoo,GC=F
2026-09-10T00:34:00Z,4435.5,4438.2001953125,4434.89990234375,4438.2001953125,62.0,yahoo,GC=F
2026-09-10T00:35:00Z,4438.60009765625,4439.2998046875,4438.39990234375,4438.5,51.0,yahoo,GC=F
2026-09-10T00:36:00Z,4438.60009765625,4440.2998046875,4438.5,4440.2001953125,49.0,yahoo,GC=F
2026-09-10T00:37:00Z,4440.0,4441.39990234375,4439.7998046875,4439.7998046875,72.0,yahoo,GC=F
2026-09-10T00:38:00Z,4440.2998046875,4441.2001953125,4440.10009765625,4441.10009765625,17.0,yahoo,GC=F
2026-09-10T00:39:00Z,4440.7998046875,4442.2001953125,4440.7001953125,4442.0,64.0,yahoo,GC=F
2026-09-10T00:40:00Z,4442.10009765625,4443.5,4441.89990234375,4442.39990234375,97.0,yahoo,GC=F
2026-09-10T00:41:00Z,4442.60009765625,4442.7998046875,4441.2001953125,4441.60009765625,50.0,yahoo,GC=F
2026-09-10T00:42:00Z,4441.39990234375,4441.7998046875,4439.89990234375,4441.39990234375,72.0,yahoo,GC=F
2026-09-10T00:43:00Z,4441.39990234375,4443.39990234375,4441.39990234375,4443.39990234375,67.0,yahoo,GC=F
2026-09-10T00:44:00Z,4443.60009765625,4445.0,4443.5,4444.60009765625,53.0,yahoo,GC=F
2026-09-10T00:45:00Z,4444.0,4444.60009765625,4442.89990234375,4442.89990234375,128.0,yahoo,GC=F
2026-09-10T00:46:00Z,4443.10009765625,4443.10009765625,4442.2001953125,4443.0,33.0,yahoo,GC=F
2026-09-10T00:47:00Z,4442.7001953125,4442.7001953125,4441.2998046875,4442.5,25.0,yahoo,GC=F
2026-09-10T00:48:00Z,4442.7001953125,4443.60009765625,4442.7001953125,4443.5,58.0,yahoo,GC=F
2026-09-10T00:49:00Z,4443.39990234375,4444.0,4443.39990234375,4443.39990234375,26.0,yahoo,GC=F
2026-09-10T00:50:00Z,4443.60009765625,4443.60009765625,4441.5,4442.10009765625,76.0,yahoo,GC=F
2026-09-10T00:51:00Z,4442.2998046875,4445.0,4442.2998046875,4444.89990234375,48.0,yahoo,GC=F
2026-09-10T00:52:00Z,4444.7998046875,4445.89990234375,4444.7998046875,4445.5,81.0,yahoo,GC=F
2026-09-10T00:53:00Z,4445.60009765625,4447.7998046875,4445.39990234375,4447.7001953125,54.0,yahoo,GC=F
2026-09-10T00:54:00Z,4447.7998046875,4448.39990234375,4446.0,4446.2001953125,52.0,yahoo,GC=F
2026-09-10T00:55:00Z,4446.2001953125,4446.5,4446.10009765625,4446.5,13.0,yahoo,GC=F
2026-09-10T00:56:00Z,4446.89990234375,4446.89990234375,4446.0,4446.2998046875,19.0,yahoo,GC=F
2026-09-10T00:57:00Z,4446.0,4447.0,4445.7998046875,4446.89990234375,19.0,yahoo,GC=F
2026-09-10T00:58:00Z,4446.7998046875,4446.7998046875,4444.2001953125,4444.2001953125,81.0,yahoo,GC=F
2026-09-10T00:59:00Z,4444.2001953125,4446.0,4443.89990234375,4444.5,141.0,yahoo,GC=F
2026-09-10T01:00:00Z,4444.2998046875,4451.2001953125,4443.5,4451.2001953125,289.0,yahoo,GC=F
2026-09-10T01:01:00Z,4451.2998046875,4452.2998046875,4449.10009765625,4450.2998046875,168.0,yahoo,GC=F
2026-09-10T01:02:00Z,4450.0,4454.0,4450.0,4453.2998046875,200.0,yahoo,GC=F
2026-09-10T01:03:00Z,4453.39990234375,4456.60009765625,4453.10009765625,4456.0,178.0,yahoo,GC=F
2026-09-10T01:04:00Z,4456.0,4456.0,4451.5,4453.2001953125,118.0,yahoo,GC=F
2026-09-10T01:05:00Z,4453.10009765625,4453.2001953125,4450.7001953125,4452.89990234375,72.0,yahoo,GC=F
2026-09-10T01:06:00Z,4453.2001953125,4454.2001953125,4452.10009765625,4454.0,72.0,yahoo,GC=F
2026-09-10T01:07:00Z,4453.89990234375,4459.2001953125,4453.60009765625,4459.2001953125,135.0,yahoo,GC=F
2026-09-10T01:08:00Z,4459.10009765625,4460.89990234375,4458.7998046875,4460.5,78.0,yahoo,GC=F
2026-09-10T01:09:00Z,4460.2001953125,4462.2001953125,4458.39990234375,4461.10009765625,176.0,yahoo,GC=F
2026-09-10T01:10:00Z,4461.5,4462.5,4460.0,4461.60009765625,163.0,yahoo,GC=F
2026-09-10T01:11:00Z,4461.7001953125,4461.7001953125,4457.0,4457.60009765625,84.0,yahoo,GC=F
2026-09-10T01:12:00Z,4457.5,4457.7001953125,4456.39990234375,4457.39990234375,38.0,yahoo,GC=F
2026-09-10T01:13:00Z,4457.60009765625,4459.0,4456.7998046875,4457.39990234375,76.0,yahoo,GC=F
2026-09-10T01:14:00Z,4457.2998046875,4457.39990234375,4455.0,4456.2001953125,118.0,yahoo,GC=F
2026-09-10T01:15:00Z,4456.0,4457.2998046875,4455.0,4456.5,58.0,yahoo,GC=F
2026-09-10T01:16:00Z,4456.7001953125,4457.7001953125,4455.0,4456.2001953125,68.0,yahoo,GC=F
2026-09-10T01:17:00Z,4456.39990234375,4457.0,4455.0,4456.10009765625,276.0,yahoo,GC=F
2026-09-10T01:18:00Z,4456.5,4459.2998046875,4456.5,4459.2998046875,71.0,yahoo,GC=F
2026-09-10T01:19:00Z,4458.89990234375,4459.7998046875,4456.7998046875,4458.60009765625,82.0,yahoo,GC=F
2026-09-10T01:20:00Z,4458.39990234375,4458.39990234375,4455.10009765625,4456.0,82.0,yahoo,GC=F
2026-09-10T01:21:00Z,4455.39990234375,4455.39990234375,4453.5,4455.0,100.0,yahoo,GC=F
2026-09-10T01:22:00Z,4454.39990234375,4457.39990234375,4454.2998046875,4457.39990234375,53.0,yahoo,GC=F
2026-09-10T01:23:00Z,4457.5,4458.0,4455.7998046875,4457.10009765625,40.0,yahoo,GC=F
2026-09-10T01:24:00Z,4457.0,4458.60009765625,4455.39990234375,4455.7001953125,40.0,yahoo,GC=F
2026-09-10T01:25:00Z,4455.7001953125,4459.7998046875,4455.7001953125,4459.0,80.0,yahoo,GC=F
2026-09-10T01:26:00Z,4458.7998046875,4459.7998046875,4457.2001953125,4457.5,44.0,yahoo,GC=F
2026-09-10T01:27:00Z,4457.2001953125,4457.5,4454.89990234375,4455.0,36.0,yahoo,GC=F
2026-09-10T01:28:00Z,4454.7001953125,4455.60009765625,4454.5,4455.2001953125,51.0,yahoo,GC=F
2026-09-10T01:29:00Z,4454.60009765625,4455.7001953125,4453.5,4453.5,95.0,yahoo,GC=F
2026-09-10T01:30:00Z,4453.7001953125,4454.10009765625,4451.2001953125,4451.2998046875,99.0,yahoo,GC=F
2026-09-10T01:31:00Z,4451.60009765625,4453.5,4450.7001953125,4452.7001953125,124.0,yahoo,GC=F
2026-09-10T01:32:00Z,4451.7998046875,4452.5,4450.7001953125,4451.2998046875,33.0,yahoo,GC=F
2026-09-10T01:33:00Z,4451.0,4451.0,4448.89990234375,4449.60009765625,85.0,yahoo,GC=F
2026-09-10T01:34:00Z,4449.60009765625,4451.0,4448.5,4451.0,45.0,yahoo,GC=F
2026-09-10T01:35:00Z,4451.10009765625,4452.2001953125,4450.60009765625,4451.2001953125,80.0,yahoo,GC=F
2026-09-10T01:36:00Z,4451.2998046875,4452.89990234375,4451.2998046875,4452.2998046875,84.0,yahoo,GC=F
2026-09-10T01:37:00Z,4452.60009765625,4453.7998046875,4451.89990234375,4452.7001953125,35.0,yahoo,GC=F
2026-09-10T01:38:00Z,4452.60009765625,4453.5,4450.2001953125,4450.2001953125,45.0,yahoo,GC=F
2026-09-10T01:39:00Z,4450.39990234375,4450.39990234375,4449.7001953125,4450.2001953125,36.0,yahoo,GC=F
2026-09-10T01:40:00Z,4451.2998046875,4453.5,4451.10009765625,4453.39990234375,25.0,yahoo,GC=F
2026-09-10T01:41:00Z,4452.89990234375,4453.2001953125,4452.0,4452.0,23.0,yahoo,GC=F
2026-09-10T01:42:00Z,4452.10009765625,4452.7001953125,4451.5,4451.5,23.0,yahoo,GC=F
2026-09-10T01:43:00Z,4451.7998046875,4452.2998046875,4450.89990234375,4452.0,21.0,yahoo,GC=F
2026-09-10T01:44:00Z,4451.7998046875,4453.7998046875,4451.7001953125,4453.10009765625,25.0,yahoo,GC=F
2026-09-10T01:45:00Z,4453.0,4453.7001953125,4452.7998046875,4453.2001953125,19.0,yahoo,GC=F
2026-09-10T01:46:00Z,4453.7001953125,4456.2001953125,4453.7001953125,4456.2001953125,69.0,yahoo,GC=F
2026-09-10T01:47:00Z,4456.39990234375,4457.7001953125,4456.2001953125,4456.5,59.0,yahoo,GC=F
2026-09-10T01:48:00Z,4455.7998046875,4457.10009765625,4454.2001953125,4455.10009765625,87.0,yahoo,GC=F
2026-09-10T01:49:00Z,4455.2998046875,4456.7001953125,4454.5,4456.39990234375,54.0,yahoo,GC=F
2026-09-10T01:50:00Z,4456.2001953125,4457.2998046875,4455.0,4455.89990234375,59.0,yahoo,GC=F
2026-09-10T01:51:00Z,4455.89990234375,4456.7998046875,4452.7998046875,4453.2998046875,151.0,yahoo,GC=F
2026-09-10T01:52:00Z,4453.10009765625,4454.10009765625,4452.7001953125,4452.7998046875,92.0,yahoo,GC=F
2026-09-10T01:53:00Z,4452.60009765625,4453.2001953125,4452.5,4452.7001953125,35.0,yahoo,GC=F
2026-09-10T01:54:00Z,4452.60009765625,4453.60009765625,4451.60009765625,4452.2001953125,43.0,yahoo,GC=F
2026-09-10T01:55:00Z,4452.2001953125,4456.39990234375,4452.2001953125,4454.7001953125,40.0,yahoo,GC=F
2026-09-10T01:56:00Z,4455.0,4455.5,4453.10009765625,4453.2998046875,20.0,yahoo,GC=F
2026-09-10T01:57:00Z,4453.2998046875,4453.2998046875,4451.10009765625,4453.2001953125,44.0,yahoo,GC=F
2026-09-10T01:58:00Z,4451.60009765625,4453.60009765625,4451.39990234375,4453.60009765625,42.0,yahoo,GC=F
2026-09-10T01:59:00Z,4454.2998046875,4455.2998046875,4454.2001953125,4455.2001953125,25.0,yahoo,GC=F
2026-09-10T02:00:00Z,4455.2001953125,4457.0,4454.89990234375,4456.5,96.0,yahoo,GC=F
2026-09-10T02:01:00Z,4456.10009765625,4458.7001953125,4456.10009765625,4457.2001953125,87.0,yahoo,GC=F
2026-09-10T02:02:00Z,4457.10009765625,4458.0,4456.2001953125,4458.0,29.0,yahoo,GC=F
2026-09-10T02:03:00Z,4458.7001953125,4461.2998046875,4458.5,4460.0,167.0,yahoo,GC=F
2026-09-10T02:04:00Z,4460.0,4460.89990234375,4457.89990234375,4458.2001953125,250.0,yahoo,GC=F
2026-09-10T02:05:00Z,4458.2998046875,4461.2998046875,4457.5,4461.2998046875,113.0,yahoo,GC=F
2026-09-10T02:06:00Z,4461.39990234375,4462.2001953125,4459.2001953125,4459.2001953125,69.0,yahoo,GC=F
2026-09-10T02:07:00Z,4459.2998046875,4460.39990234375,4458.7998046875,4459.10009765625,204.0,yahoo,GC=F
2026-09-10T02:08:00Z,4459.2998046875,4461.5,4459.2998046875,4461.5,54.0,yahoo,GC=F
2026-09-10T02:09:00Z,4461.39990234375,4461.89990234375,4459.5,4459.89990234375,31.0,yahoo,GC=F
2026-09-10T02:10:00Z,4460.2998046875,4460.2998046875,4458.0,4460.0,44.0,yahoo,GC=F
2026-09-10T02:11:00Z,4459.7998046875,4460.7998046875,4457.10009765625,4457.39990234375,160.0,yahoo,GC=F
2026-09-10T02:12:00Z,4457.60009765625,4457.60009765625,4455.39990234375,4457.10009765625,110.0,yahoo,GC=F
2026-09-10T02:13:00Z,4457.0,4458.7001953125,4457.0,4458.7001953125,78.0,yahoo,GC=F
2026-09-10T02:14:00Z,4458.2998046875,4458.7001953125,4457.2998046875,4457.7001953125,47.0,yahoo,GC=F
2026-09-10T02:15:00Z,4457.39990234375,4457.89990234375,4454.89990234375,4454.89990234375,59.0,yahoo,GC=F
2026-09-10T02:16:00Z,4454.7001953125,4454.89990234375,4452.10009765625,4452.39990234375,113.0,yahoo,GC=F
2026-09-10T02:17:00Z,4452.10009765625,4453.2001953125,4451.2998046875,4452.89990234375,140.0,yahoo,GC=F
2026-09-10T02:18:00Z,4452.5,4453.7001953125,4451.2998046875,4452.2998046875,104.0,yahoo,GC=F
2026-09-10T02:19:00Z,4452.2998046875,4452.89990234375,4451.7001953125,4452.7001953125,46.0,yahoo,GC=F
2026-09-10T02:20:00Z,4452.7998046875,4454.2998046875,4452.10009765625,4454.2998046875,66.0,yahoo,GC=F
2026-09-10T02:21:00Z,4454.2998046875,4454.7998046875,4452.0,4452.39990234375,106.0,yahoo,GC=F
2026-09-10T02:22:00Z,4452.5,4455.2998046875,4452.2998046875,4455.2998046875,99.0,yahoo,GC=F
2026-09-10T02:23:00Z,4455.2001953125,4456.7998046875,4455.2001953125,4456.60009765625,45.0,yahoo,GC=F
2026-09-10T02:24:00Z,4456.7998046875,4456.7998046875,4454.7998046875,4455.7998046875,101.0,yahoo,GC=F
2026-09-10T02:25:00Z,4456.2001953125,4456.89990234375,4455.7001953125,4455.7998046875,66.0,yahoo,GC=F
2026-09-10T02:26:00Z,4455.7998046875,4456.2001953125,4455.5,4455.89990234375,30.0,yahoo,GC=F
2026-09-10T02:27:00Z,4456.0,4457.7001953125,4455.7998046875,4457.5,118.0,yahoo,GC=F
2026-09-10T02:28:00Z,4457.5,4459.5,4457.10009765625,4459.2998046875,61.0,yahoo,GC=F
2026-09-10T02:29:00Z,4458.60009765625,4460.89990234375,4458.60009765625,4460.2998046875,98.0,yahoo,GC=F
2026-09-10T02:30:00Z,4460.5,4461.10009765625,4456.39990234375,4457.89990234375,245.0,yahoo,GC=F
2026-09-10T02:31:00Z,4457.7998046875,4457.7998046875,4456.2998046875,4457.2998046875,109.0,yahoo,GC=F
2026-09-10T02:32:00Z,4456.7998046875,4457.2001953125,4456.0,4456.2998046875,23.0,yahoo,GC=F
2026-09-10T02:33:00Z,4455.7998046875,4456.2001953125,4454.2998046875,4455.2001953125,72.0,yahoo,GC=F
2026-09-10T02:34:00Z,4456.2998046875,4459.5,4456.2998046875,4459.5,75.0,yahoo,GC=F
2026-09-10T02:35:00Z,4459.0,4459.5,4458.10009765625,4458.10009765625,79.0,yahoo,GC=F
2026-09-10T02:36:00Z,4458.60009765625,4459.5,4457.60009765625,4457.60009765625,48.0,yahoo,GC=F
2026-09-10T02:37:00Z,4458.10009765625,4458.7001953125,4457.7998046875,4458.2001953125,53.0,yahoo,GC=F
2026-09-10T02:38:00Z,4458.5,4462.2001953125,4458.10009765625,4460.89990234375,188.0,yahoo,GC=F
2026-09-10T02:39:00Z,4461.10009765625,4463.7998046875,4461.10009765625,4461.7001953125,185.0,yahoo,GC=F
2026-09-10T02:40:00Z,4461.89990234375,4464.10009765625,4461.89990234375,4462.7001953125,99.0,yahoo,GC=F
2026-09-10T02:41:00Z,4462.7998046875,4462.7998046875,4461.10009765625,4461.10009765625,35.0,yahoo,GC=F
2026-09-10T02:42:00Z,4461.2998046875,4464.39990234375,4461.2998046875,4462.7001953125,109.0,yahoo,GC=F
2026-09-10T02:43:00Z,4462.7998046875,4463.2998046875,4462.0,4462.5,32.0,yahoo,GC=F
2026-09-10T02:44:00Z,4462.2998046875,4462.39990234375,4460.5,4461.39990234375,66.0,yahoo,GC=F
2026-09-10T02:45:00Z,4461.2998046875,4461.5,4460.7998046875,4461.10009765625,28.0,yahoo,GC=F
2026-09-10T02:46:00Z,4461.10009765625,4461.2998046875,4460.2001953125,4461.2998046875,31.0,yahoo,GC=F
2026-09-10T02:47:00Z,4461.0,4462.7001953125,4460.89990234375,4462.2998046875,32.0,yahoo,GC=F
2026-09-10T02:48:00Z,4461.39990234375,4461.7001953125,4460.0,4460.89990234375,36.0,yahoo,GC=F
2026-09-10T02:49:00Z,4460.7001953125,4461.0,4460.0,4461.0,11.0,yahoo,GC=F
2026-09-10T02:50:00Z,4461.2998046875,4462.2998046875,4459.60009765625,4461.39990234375,67.0,yahoo,GC=F
2026-09-10T02:51:00Z,4461.7001953125,4463.10009765625,4461.5,4463.10009765625,8.0,yahoo,GC=F
2026-09-10T02:52:00Z,4463.7998046875,4464.10009765625,4462.39990234375,4463.10009765625,41.0,yahoo,GC=F
2026-09-10T02:53:00Z,4463.39990234375,4464.2001953125,4463.2001953125,4463.60009765625,49.0,yahoo,GC=F
2026-09-10T02:54:00Z,4463.5,4464.2001953125,4463.39990234375,4464.2001953125,13.0,yahoo,GC=F
2026-09-10T02:55:00Z,4463.89990234375,4463.89990234375,4462.89990234375,4463.2001953125,13.0,yahoo,GC=F
2026-09-10T02:56:00Z,4462.89990234375,4463.0,4461.2998046875,4461.2998046875,32.0,yahoo,GC=F
2026-09-10T02:57:00Z,4461.5,4462.60009765625,4461.5,4462.0,40.0,yahoo,GC=F
2026-09-10T02:58:00Z,4461.89990234375,4461.89990234375,4460.60009765625,4461.7001953125,17.0,yahoo,GC=F
2026-09-10T02:59:00Z,4461.0,4462.7998046875,4461.0,4462.7001953125,13.0,yahoo,GC=F
2026-09-10T03:00:00Z,4462.7001953125,4464.5,4462.0,4463.5,137.0,yahoo,GC=F
2026-09-10T03:01:00Z,4463.5,4463.5,4462.7001953125,4462.89990234375,53.0,yahoo,GC=F
2026-09-10T03:02:00Z,4462.7998046875,4463.2001953125,4461.7001953125,4461.7001953125,36.0,yahoo,GC=F
2026-09-10T03:03:00Z,4461.60009765625,4461.60009765625,4458.89990234375,4460.2998046875,85.0,yahoo,GC=F
2026-09-10T03:04:00Z,4460.2001953125,4461.60009765625,4460.2001953125,4460.60009765625,66.0,yahoo,GC=F
2026-09-10T03:05:00Z,4460.60009765625,4460.60009765625,4458.7001953125,4459.60009765625,41.0,yahoo,GC=F
2026-09-10T03:06:00Z,4459.39990234375,4459.39990234375,4458.2001953125,4458.7001953125,41.0,yahoo,GC=F
2026-09-10T03:07:00Z,4458.89990234375,4459.60009765625,4457.7998046875,4457.7998046875,110.0,yahoo,GC=F
2026-09-10T03:08:00Z,4458.0,4458.2001953125,4454.7998046875,4455.89990234375,116.0,yahoo,GC=F
2026-09-10T03:09:00Z,4456.0,4457.39990234375,4454.7998046875,4456.60009765625,109.0,yahoo,GC=F
2026-09-10T03:10:00Z,4456.7001953125,4459.2001953125,4456.7001953125,4458.7998046875,53.0,yahoo,GC=F
2026-09-10T03:11:00Z,4458.60009765625,4459.89990234375,4458.0,4458.10009765625,36.0,yahoo,GC=F
2026-09-10T03:12:00Z,4457.7998046875,4458.2998046875,4456.89990234375,4457.7998046875,63.0,yahoo,GC=F
2026-09-10T03:13:00Z,4457.60009765625,4457.89990234375,4456.5,4456.60009765625,15.0,yahoo,GC=F
2026-09-10T03:14:00Z,4456.60009765625,4456.7001953125,4455.7998046875,4455.7998046875,23.0,yahoo,GC=F
2026-09-10T03:15:00Z,4456.10009765625,4457.0,4455.7998046875,4456.2001953125,15.0,yahoo,GC=F
2026-09-10T03:16:00Z,4456.0,4456.2001953125,4455.5,4455.89990234375,17.0,yahoo,GC=F
2026-09-10T03:17:00Z,4455.89990234375,4457.60009765625,4455.39990234375,4457.60009765625,51.0,yahoo,GC=F
2026-09-10T03:18:00Z,4457.2998046875,4458.10009765625,4457.0,4457.60009765625,68.0,yahoo,GC=F
2026-09-10T03:19:00Z,4456.7998046875,4457.89990234375,4456.5,4457.89990234375,12.0,yahoo,GC=F
2026-09-10T03:20:00Z,4458.0,4458.10009765625,4457.60009765625,4457.60009765625,19.0,yahoo,GC=F
2026-09-10T03:21:00Z,4457.5,4457.5,4455.2998046875,4455.7001953125,41.0,yahoo,GC=F
2026-09-10T03:22:00Z,4455.5,4455.5,4454.7001953125,4455.5,28.0,yahoo,GC=F
2026-09-10T03:23:00Z,4455.10009765625,4455.89990234375,4455.10009765625,4455.89990234375,17.0,yahoo,GC=F
2026-09-10T03:24:00Z,4455.7001953125,4456.39990234375,4455.5,4455.5,15.0,yahoo,GC=F
2026-09-10T03:25:00Z,4455.60009765625,4455.60009765625,4454.60009765625,4455.2998046875,26.0,yahoo,GC=F
2026-09-10T03:26:00Z,4455.0,4455.0,4452.89990234375,4453.5,59.0,yahoo,GC=F
2026-09-10T03:27:00Z,4453.7998046875,4453.7998046875,4452.5,4453.2998046875,45.0,yahoo,GC=F
2026-09-10T03:28:00Z,4453.60009765625,4453.60009765625,4452.7001953125,4452.89990234375,11.0,yahoo,GC=F
2026-09-10T03:29:00Z,4452.7001953125,4453.5,4452.7001953125,4453.2998046875,20.0,yahoo,GC=F
2026-09-10T03:30:00Z,4453.10009765625,4454.2998046875,4452.7001953125,4454.2998046875,21.0,yahoo,GC=F
2026-09-10T03:31:00Z,4454.2998046875,4455.2998046875,4453.89990234375,4455.2998046875,19.0,yahoo,GC=F
2026-09-10T03:32:00Z,4455.2998046875,4455.5,4454.7998046875,4455.5,10.0,yahoo,GC=F
2026-09-10T03:33:00Z,4455.7001953125,4455.7001953125,4454.0,4455.0,26.0,yahoo,GC=F
2026-09-10T03:34:00Z,4455.0,4455.2001953125,4454.2998046875,4454.5,19.0,yahoo,GC=F
2026-09-10T03:35:00Z,4454.10009765625,4454.10009765625,4452.7998046875,4452.7998046875,13.0,yahoo,GC=F
2026-09-10T03:36:00Z,4453.0,4453.10009765625,4452.60009765625,4453.0,10.0,yahoo,GC=F
2026-09-10T03:37:00Z,4452.7001953125,4453.39990234375,4452.7001953125,4453.2001953125,8.0,yahoo,GC=F
2026-09-10T03:38:00Z,4452.89990234375,4452.89990234375,4451.60009765625,4452.5,40.0,yahoo,GC=F
2026-09-10T03:39:00Z,4452.0,4452.0,4451.10009765625,4451.7998046875,29.0,yahoo,GC=F
2026-09-10T03:40:00Z,4451.5,4451.60009765625,4450.89990234375,4451.2001953125,33.0,yahoo,GC=F
2026-09-10T03:41:00Z,4451.2001953125,4451.2998046875,4450.2998046875,4450.2998046875,28.0,yahoo,GC=F
2026-09-10T03:42:00Z,4450.5,4451.39990234375,4450.5,4450.89990234375,19.0,yahoo,GC=F
2026-09-10T03:43:00Z,4451.10009765625,4451.2998046875,4450.5,4450.5,23.0,yahoo,GC=F
2026-09-10T03:44:00Z,4450.39990234375,4450.7998046875,4450.10009765625,4450.7998046875,10.0,yahoo,GC=F
2026-09-10T03:45:00Z,4451.0,4451.5,4451.0,4451.39990234375,8.0,yahoo,GC=F
2026-09-10T03:46:00Z,4451.7998046875,4452.5,4451.5,4452.10009765625,17.0,yahoo,GC=F
2026-09-10T03:47:00Z,4452.10009765625,4452.5,4451.5,4452.0,30.0,yahoo,GC=F
2026-09-10T03:48:00Z,4452.0,4452.60009765625,4451.7998046875,4452.0,58.0,yahoo,GC=F
2026-09-10T03:49:00Z,4451.7001953125,4453.2001953125,4451.39990234375,4452.2998046875,87.0,yahoo,GC=F
2026-09-10T03:50:00Z,4451.89990234375,4451.89990234375,4450.0,4450.2998046875,35.0,yahoo,GC=F
2026-09-10T03:51:00Z,4450.60009765625,4450.89990234375,4450.60009765625,4450.89990234375,9.0,yahoo,GC=F
2026-09-10T03:52:00Z,4450.7998046875,4450.7998046875,4449.89990234375,4450.7998046875,12.0,yahoo,GC=F
2026-09-10T03:53:00Z,4450.60009765625,4450.89990234375,4450.5,4450.89990234375,8.0,yahoo,GC=F
2026-09-10T03:54:00Z,4451.60009765625,4451.60009765625,4451.2001953125,4451.2001953125,6.0,yahoo,GC=F
2026-09-10T03:55:00Z,4451.2998046875,4451.2998046875,4450.89990234375,4451.10009765625,9.0,yahoo,GC=F
2026-09-10T03:56:00Z,4451.10009765625,4451.60009765625,4451.0,4451.60009765625,21.0,yahoo,GC=F
2026-09-10T03:57:00Z,4451.2998046875,4452.5,4451.2998046875,4452.5,27.0,yahoo,GC=F
2026-09-10T03:58:00Z,4451.7998046875,4452.0,4451.2001953125,4451.89990234375,25.0,yahoo,GC=F
2026-09-10T04:00:00Z,4452.39990234375,4453.0,4452.10009765625,4452.7998046875,0.0,yahoo,GC=F
2026-09-10T04:01:00Z,4452.7001953125,4453.60009765625,4452.7001953125,4452.7998046875,26.0,yahoo,GC=F
2026-09-10T04:02:00Z,4453.2001953125,4453.7998046875,4452.5,4452.7998046875,56.0,yahoo,GC=F
2026-09-10T04:03:00Z,4453.0,4454.10009765625,4453.0,4454.0,21.0,yahoo,GC=F
2026-09-10T04:04:00Z,4454.10009765625,4455.89990234375,4454.10009765625,4455.7998046875,34.0,yahoo,GC=F
2026-09-10T04:05:00Z,4455.7998046875,4456.2998046875,4455.2998046875,4456.10009765625,23.0,yahoo,GC=F
2026-09-10T04:06:00Z,4456.0,4457.2001953125,4456.0,4457.0,13.0,yahoo,GC=F
2026-09-10T04:07:00Z,4456.7001953125,4457.0,4456.60009765625,4456.89990234375,71.0,yahoo,GC=F
2026-09-10T04:08:00Z,4456.5,4456.5,4454.89990234375,4455.39990234375,37.0,yahoo,GC=F
2026-09-10T04:09:00Z,4455.5,4456.0,4455.5,4455.89990234375,6.0,yahoo,GC=F
2026-09-10T04:10:00Z,4456.10009765625,4456.60009765625,4455.7998046875,4456.60009765625,9.0,yahoo,GC=F
2026-09-10T04:11:00Z,4456.39990234375,4458.39990234375,4456.39990234375,4457.89990234375,54.0,yahoo,GC=F
2026-09-10T04:12:00Z,4458.10009765625,4458.2001953125,4457.5,4457.5,17.0,yahoo,GC=F
2026-09-10T04:13:00Z,4457.7001953125,4458.2998046875,4456.89990234375,4457.2001953125,52.0,yahoo,GC=F
2026-09-10T04:14:00Z,4457.39990234375,4457.60009765625,4456.39990234375,4456.89990234375,20.0,yahoo,GC=F
2026-09-10T04:15:00Z,4456.89990234375,4457.5,4456.89990234375,4457.0,16.0,yahoo,GC=F
2026-09-10T04:16:00Z,4457.10009765625,4458.2001953125,4457.10009765625,4457.89990234375,26.0,yahoo,GC=F
2026-09-10T04:17:00Z,4457.60009765625,4457.7001953125,4457.0,4457.5,17.0,yahoo,GC=F
2026-09-10T04:18:00Z,4457.7998046875,4458.2001953125,4457.2001953125,4457.7998046875,32.0,yahoo,GC=F
2026-09-10T04:19:00Z,4457.7001953125,4457.7001953125,4457.2001953125,4457.2001953125,4.0,yahoo,GC=F
2026-09-10T04:20:00Z,4457.7998046875,4458.39990234375,4457.0,4457.10009765625,29.0,yahoo,GC=F
2026-09-10T04:21:00Z,4456.89990234375,4457.10009765625,4456.60009765625,4457.0,17.0,yahoo,GC=F
2026-09-10T04:22:00Z,4456.7998046875,4457.60009765625,4456.5,4457.60009765625,18.0,yahoo,GC=F
2026-09-10T04:23:00Z,4457.60009765625,4457.89990234375,4457.0,4457.60009765625,21.0,yahoo,GC=F
2026-09-10T04:24:00Z,4457.7998046875,4457.7998046875,4456.2998046875,4456.60009765625,19.0,yahoo,GC=F
2026-09-10T04:25:00Z,4456.5,4457.89990234375,4456.39990234375,4456.7998046875,74.0,yahoo,GC=F
2026-09-10T04:26:00Z,4456.89990234375,4457.10009765625,4456.7998046875,4457.0,5.0,yahoo,GC=F
2026-09-10T04:27:00Z,4457.0,4457.2998046875,4455.7998046875,4456.0,15.0,yahoo,GC=F
2026-09-10T04:28:00Z,4455.89990234375,4456.10009765625,4455.60009765625,4455.7001953125,23.0,yahoo,GC=F
2026-09-10T04:29:00Z,4455.7001953125,4455.7001953125,4453.89990234375,4454.60009765625,68.0,yahoo,GC=F
2026-09-10T04:30:00Z,4455.2998046875,4456.10009765625,4453.7001953125,4455.89990234375,86.0,yahoo,GC=F
2026-09-10T04:31:00Z,4456.0,4456.7001953125,4455.7998046875,4456.5,23.0,yahoo,GC=F
2026-09-10T04:32:00Z,4456.10009765625,4456.2001953125,4455.0,4455.0,16.0,yahoo,GC=F
2026-09-10T04:33:00Z,4454.89990234375,4454.89990234375,4453.89990234375,4454.0,20.0,yahoo,GC=F
2026-09-10T04:34:00Z,4453.7001953125,4454.2001953125,4453.7001953125,4454.10009765625,9.0,yahoo,GC=F
2026-09-10T04:35:00Z,4454.0,4454.0,4453.7001953125,4453.7998046875,9.0,yahoo,GC=F
2026-09-10T04:36:00Z,4453.7001953125,4454.60009765625,4452.89990234375,4454.10009765625,50.0,yahoo,GC=F
2026-09-10T04:37:00Z,4453.5,4453.5,4452.7998046875,4453.2998046875,14.0,yahoo,GC=F
2026-09-10T04:38:00Z,4452.2998046875,4452.2998046875,4450.7001953125,4451.2998046875,59.0,yahoo,GC=F
2026-09-10T04:39:00Z,4451.2998046875,4451.60009765625,4451.2001953125,4451.2001953125,8.0,yahoo,GC=F
2026-09-10T04:40:00Z,4451.0,4451.7998046875,4449.39990234375,4449.5,89.0,yahoo,GC=F
2026-09-10T04:41:00Z,4449.5,4450.0,4448.89990234375,4449.0,27.0,yahoo,GC=F
2026-09-10T04:42:00Z,4449.10009765625,4449.60009765625,4448.39990234375,4448.89990234375,35.0,yahoo,GC=F
2026-09-10T04:43:00Z,4449.2001953125,4449.39990234375,4449.0,4449.0,11.0,yahoo,GC=F
2026-09-10T04:44:00Z,4449.2001953125,4449.89990234375,4449.0,4449.2001953125,30.0,yahoo,GC=F
2026-09-10T04:45:00Z,4449.60009765625,4450.2998046875,4449.0,4450.0,54.0,yahoo,GC=F
2026-09-10T04:46:00Z,4450.0,4450.5,4449.7001953125,4450.5,18.0,yahoo,GC=F
2026-09-10T04:47:00Z,4450.2001953125,4451.7998046875,4450.2001953125,4451.7001953125,17.0,yahoo,GC=F
2026-09-10T04:48:00Z,4451.7001953125,4452.2998046875,4451.60009765625,4451.7998046875,18.0,yahoo,GC=F
2026-09-10T04:49:00Z,4451.7998046875,4452.2998046875,4451.7998046875,4452.2998046875,8.0,yahoo,GC=F
2026-09-10T04:50:00Z,4452.5,4454.60009765625,4452.5,4453.60009765625,42.0,yahoo,GC=F
2026-09-10T04:51:00Z,4453.10009765625,4454.10009765625,4452.89990234375,4453.2998046875,45.0,yahoo,GC=F
2026-09-10T04:52:00Z,4453.2001953125,4453.2001953125,4451.7001953125,4451.7001953125,21.0,yahoo,GC=F
2026-09-10T04:53:00Z,4451.7001953125,4451.7001953125,4450.39990234375,4450.89990234375,28.0,yahoo,GC=F
2026-09-10T04:54:00Z,4450.7998046875,4450.7998046875,4450.0,4450.10009765625,13.0,yahoo,GC=F
2026-09-10T04:55:00Z,4449.89990234375,4450.2001953125,4449.60009765625,4450.2001953125,22.0,yahoo,GC=F
2026-09-10T04:56:00Z,4450.10009765625,4451.60009765625,4450.0,4451.0,20.0,yahoo,GC=F
2026-09-10T04:57:00Z,4450.89990234375,4451.0,4450.5,4451.0,11.0,yahoo,GC=F
2026-09-10T04:58:00Z,4450.7998046875,4451.0,4450.7998046875,4451.0,3.0,yahoo,GC=F
2026-09-10T04:59:00Z,4450.89990234375,4451.5,4450.89990234375,4451.39990234375,17.0,yahoo,GC=F
2026-09-10T05:00:00Z,4451.2001953125,4453.0,4451.10009765625,4452.7001953125,55.0,yahoo,GC=F
2026-09-10T05:01:00Z,4452.10009765625,4454.0,4451.7998046875,4454.0,38.0,yahoo,GC=F
2026-09-10T05:02:00Z,4454.39990234375,4454.7001953125,4453.89990234375,4453.89990234375,13.0,yahoo,GC=F
2026-09-10T05:03:00Z,4453.89990234375,4454.39990234375,4453.2001953125,4453.7001953125,34.0,yahoo,GC=F
2026-09-10T05:04:00Z,4453.2998046875,4453.2998046875,4452.10009765625,4452.10009765625,11.0,yahoo,GC=F
2026-09-10T05:05:00Z,4451.7998046875,4452.2001953125,4451.5,4451.7998046875,20.0,yahoo,GC=F
2026-09-10T05:06:00Z,4452.0,4453.60009765625,4451.89990234375,4453.0,86.0,yahoo,GC=F
2026-09-10T05:07:00Z,4453.2001953125,4456.60009765625,4453.2001953125,4456.2001953125,71.0,yahoo,GC=F
2026-09-10T05:08:00Z,4456.0,4456.60009765625,4455.39990234375,4455.89990234375,57.0,yahoo,GC=F
2026-09-10T05:09:00Z,4456.10009765625,4457.7001953125,4456.10009765625,4457.39990234375,56.0,yahoo,GC=F
2026-09-10T05:10:00Z,4457.7998046875,4459.5,4457.60009765625,4458.39990234375,113.0,yahoo,GC=F
2026-09-10T05:11:00Z,4458.60009765625,4459.10009765625,4457.60009765625,4459.10009765625,35.0,yahoo,GC=F
2026-09-10T05:12:00Z,4459.0,4459.60009765625,4458.60009765625,4459.39990234375,26.0,yahoo,GC=F
2026-09-10T05:13:00Z,4459.39990234375,4461.60009765625,4459.10009765625,4461.2001953125,81.0,yahoo,GC=F
2026-09-10T05:14:00Z,4460.89990234375,4461.60009765625,4459.89990234375,4461.60009765625,40.0,yahoo,GC=F
2026-09-10T05:15:00Z,4461.7998046875,4462.2998046875,4460.10009765625,4460.5,53.0,yahoo,GC=F
2026-09-10T05:16:00Z,4460.2998046875,4461.7998046875,4459.7001953125,4461.7998046875,47.0,yahoo,GC=F
2026-09-10T05:17:00Z,4462.39990234375,4463.10009765625,4461.2001953125,4461.2001953125,66.0,yahoo,GC=F
2026-09-10T05:18:00Z,4461.2998046875,4462.5,4460.7998046875,4461.39990234375,109.0,yahoo,GC=F
2026-09-10T05:19:00Z,4461.2998046875,4462.0,4460.89990234375,4461.60009765625,31.0,yahoo,GC=F
2026-09-10T05:20:00Z,4461.5,4463.10009765625,4461.5,4461.89990234375,40.0,yahoo,GC=F
2026-09-10T05:21:00Z,4462.0,4462.2998046875,4461.0,4461.2001953125,16.0,yahoo,GC=F
2026-09-10T05:22:00Z,4461.7001953125,4461.7998046875,4460.7998046875,4461.7998046875,19.0,yahoo,GC=F
2026-09-10T05:23:00Z,4462.0,4462.2001953125,4461.2998046875,4461.60009765625,17.0,yahoo,GC=F
2026-09-10T05:24:00Z,4461.60009765625,4462.2001953125,4461.39990234375,4461.89990234375,25.0,yahoo,GC=F
2026-09-10T05:25:00Z,4462.0,4462.2998046875,4461.5,4461.60009765625,23.0,yahoo,GC=F
2026-09-10T05:26:00Z,4461.60009765625,4462.2001953125,4461.2001953125,4462.10009765625,40.0,yahoo,GC=F
2026-09-10T05:27:00Z,4461.7998046875,4462.0,4460.60009765625,4460.7001953125,25.0,yahoo,GC=F
2026-09-10T05:28:00Z,4460.5,4461.7998046875,4460.10009765625,4461.60009765625,33.0,yahoo,GC=F
2026-09-10T05:29:00Z,4461.89990234375,4463.7998046875,4461.89990234375,4463.60009765625,42.0,yahoo,GC=F
2026-09-10T05:30:00Z,4463.89990234375,4466.0,4461.39990234375,4461.39990234375,477.0,yahoo,GC=F
2026-09-10T05:31:00Z,4461.5,4464.2001953125,4460.5,4464.2001953125,92.0,yahoo,GC=F
2026-09-10T05:32:00Z,4465.0,4469.7001953125,4465.0,4469.2998046875,222.0,yahoo,GC=F
2026-09-10T05:33:00Z,4469.7998046875,4470.7001953125,4467.5,4468.0,381.0,yahoo,GC=F
2026-09-10T05:34:00Z,4468.2001953125,4469.89990234375,4467.7998046875,4469.0,74.0,yahoo,GC=F
2026-09-10T05:35:00Z,4469.10009765625,4470.7001953125,4467.7998046875,4467.7998046875,92.0,yahoo,GC=F
2026-09-10T05:36:00Z,4469.5,4470.39990234375,4468.5,4469.7998046875,69.0,yahoo,GC=F
2026-09-10T05:37:00Z,4469.5,4470.89990234375,4469.10009765625,4469.60009765625,51.0,yahoo,GC=F
2026-09-10T05:38:00Z,4469.60009765625,4469.60009765625,4467.2998046875,4467.60009765625,60.0,yahoo,GC=F
2026-09-10T05:39:00Z,4467.7998046875,4468.0,4465.0,4466.2998046875,90.0,yahoo,GC=F
2026-09-10T05:40:00Z,4466.39990234375,4467.60009765625,4466.2001953125,4467.2998046875,49.0,yahoo,GC=F
2026-09-10T05:41:00Z,4467.2998046875,4467.39990234375,4466.5,4467.0,43.0,yahoo,GC=F
2026-09-10T05:42:00Z,4467.0,4472.10009765625,4467.0,4471.7998046875,113.0,yahoo,GC=F
2026-09-10T05:43:00Z,4471.89990234375,4472.89990234375,4470.5,4471.0,177.0,yahoo,GC=F
2026-09-10T05:44:00Z,4471.2001953125,4472.39990234375,4471.10009765625,4471.39990234375,106.0,yahoo,GC=F
2026-09-10T05:45:00Z,4471.7001953125,4473.2998046875,4470.89990234375,4471.5,328.0,yahoo,GC=F
2026-09-10T05:46:00Z,4471.2998046875,4473.89990234375,4471.2998046875,4473.5,86.0,yahoo,GC=F
2026-09-10T05:47:00Z,4473.0,4473.0,4471.39990234375,4471.39990234375,59.0,yahoo,GC=F
2026-09-10T05:48:00Z,4471.5,4472.39990234375,4470.0,4470.7001953125,161.0,yahoo,GC=F
2026-09-10T05:49:00Z,4470.10009765625,4470.7001953125,4469.60009765625,4469.60009765625,53.0,yahoo,GC=F
2026-09-10T05:50:00Z,4469.60009765625,4470.0,4467.39990234375,4467.7998046875,85.0,yahoo,GC=F
2026-09-10T05:51:00Z,4468.0,4471.5,4467.5,4470.2998046875,382.0,yahoo,GC=F
2026-09-10T05:52:00Z,4470.2998046875,4472.0,4470.10009765625,4470.89990234375,274.0,yahoo,GC=F
2026-09-10T05:53:00Z,4470.89990234375,4472.0,4469.7998046875,4471.0,240.0,yahoo,GC=F
2026-09-10T05:54:00Z,4471.2001953125,4471.7998046875,4470.5,4471.2001953125,131.0,yahoo,GC=F
2026-09-10T05:55:00Z,4470.60009765625,4470.89990234375,4469.39990234375,4469.7998046875,62.0,yahoo,GC=F
2026-09-10T05:56:00Z,4470.2998046875,4470.2998046875,4469.10009765625,4469.5,44.0,yahoo,GC=F
2026-09-10T05:57:00Z,4470.0,4471.10009765625,4469.7001953125,4469.7001953125,15.0,yahoo,GC=F
2026-09-10T05:58:00Z,4469.89990234375,4472.89990234375,4469.89990234375,4472.60009765625,61.0,yahoo,GC=F
2026-09-10T05:59:00Z,4472.7001953125,4475.10009765625,4472.5,4475.0,207.0,yahoo,GC=F
2026-09-10T06:00:00Z,4475.10009765625,4479.89990234375,4472.5,4473.7001953125,1150.0,yahoo,GC=F
2026-09-10T06:01:00Z,4473.60009765625,4475.10009765625,4473.0,4475.10009765625,83.0,yahoo,GC=F
2026-09-10T06:02:00Z,4475.0,4475.0,4471.0,4471.0,79.0,yahoo,GC=F
2026-09-10T06:03:00Z,4471.10009765625,4472.39990234375,4471.10009765625,4472.39990234375,55.0,yahoo,GC=F
2026-09-10T06:04:00Z,4471.7998046875,4472.2998046875,4470.7001953125,4470.89990234375,72.0,yahoo,GC=F
2026-09-10T06:05:00Z,4470.89990234375,4471.60009765625,4469.60009765625,4470.0,74.0,yahoo,GC=F
2026-09-10T06:06:00Z,4470.2001953125,4470.2001953125,4467.7001953125,4467.7998046875,88.0,yahoo,GC=F
2026-09-10T06:07:00Z,4467.7001953125,4468.2998046875,4467.10009765625,4467.39990234375,134.0,yahoo,GC=F
2026-09-10T06:08:00Z,4467.5,4468.7998046875,4466.89990234375,4468.0,213.0,yahoo,GC=F
2026-09-10T06:09:00Z,4467.89990234375,4467.89990234375,4466.2001953125,4466.2998046875,81.0,yahoo,GC=F
2026-09-10T06:10:00Z,4466.10009765625,4467.0,4465.2998046875,4466.5,130.0,yahoo,GC=F
2026-09-10T06:11:00Z,4465.7998046875,4466.7001953125,4465.60009765625,4466.60009765625,53.0,yahoo,GC=F
2026-09-10T06:12:00Z,4466.5,4466.5,4462.39990234375,4462.5,154.0,yahoo,GC=F
2026-09-10T06:13:00Z,4462.7001953125,4463.39990234375,4461.2001953125,4461.2998046875,267.0,yahoo,GC=F
2026-09-10T06:14:00Z,4461.39990234375,4461.7001953125,4459.7998046875,4459.89990234375,86.0,yahoo,GC=F
2026-09-10T06:15:00Z,4460.10009765625,4460.10009765625,4457.7001953125,4457.7001953125,98.0,yahoo,GC=F
2026-09-10T06:16:00Z,4457.7998046875,4458.7998046875,4456.5,4457.2001953125,142.0,yahoo,GC=F
2026-09-10T06:17:00Z,4457.5,4457.60009765625,4456.60009765625,4457.0,159.0,yahoo,GC=F
2026-09-10T06:18:00Z,4456.89990234375,4459.7998046875,4456.89990234375,4459.5,174.0,yahoo,GC=F
2026-09-10T06:19:00Z,4459.5,4459.60009765625,4457.60009765625,4458.2001953125,128.0,yahoo,GC=F
2026-09-10T06:20:00Z,4458.2998046875,4458.2998046875,4456.39990234375,4456.7001953125,218.0,yahoo,GC=F
2026-09-10T06:21:00Z,4457.10009765625,4457.10009765625,4455.2998046875,4455.39990234375,93.0,yahoo,GC=F
2026-09-10T06:22:00Z,4455.2998046875,4458.39990234375,4454.39990234375,4457.0,195.0,yahoo,GC=F
2026-09-10T06:23:00Z,4457.39990234375,4457.60009765625,4454.89990234375,4455.60009765625,144.0,yahoo,GC=F
2026-09-10T06:24:00Z,4456.0,4459.89990234375,4455.7998046875,4459.7001953125,195.0,yahoo,GC=F
2026-09-10T06:25:00Z,4459.60009765625,4459.7998046875,4458.2998046875,4459.10009765625,63.0,yahoo,GC=F
2026-09-10T06:26:00Z,4459.0,4459.0,4456.89990234375,4458.10009765625,211.0,yahoo,GC=F
2026-09-10T06:27:00Z,4457.7001953125,4459.10009765625,4457.2001953125,4459.0,96.0,yahoo,GC=F
2026-09-10T06:28:00Z,4458.7998046875,4460.60009765625,4456.7998046875,4460.2998046875,256.0,yahoo,GC=F
2026-09-10T06:29:00Z,4460.2001953125,4460.89990234375,4459.89990234375,4460.7998046875,107.0,yahoo,GC=F
2026-09-10T06:30:00Z,4460.7001953125,4462.2001953125,4460.2001953125,4461.10009765625,98.0,yahoo,GC=F
2026-09-10T06:31:00Z,4461.60009765625,4462.0,4459.5,4460.10009765625,263.0,yahoo,GC=F
2026-09-10T06:32:00Z,4460.10009765625,4460.10009765625,4457.7001953125,4458.5,143.0,yahoo,GC=F
2026-09-10T06:33:00Z,4459.2001953125,4460.2001953125,4458.2998046875,4459.10009765625,63.0,yahoo,GC=F
2026-09-10T06:34:00Z,4458.89990234375,4459.39990234375,4458.2001953125,4458.2001953125,61.0,yahoo,GC=F
2026-09-10T06:35:00Z,4457.89990234375,4458.10009765625,4457.0,4457.0,88.0,yahoo,GC=F
2026-09-10T06:36:00Z,4456.7998046875,4457.39990234375,4456.2001953125,4457.0,63.0,yahoo,GC=F
2026-09-10T06:37:00Z,4456.7998046875,4459.39990234375,4456.7998046875,4459.0,54.0,yahoo,GC=F
2026-09-10T06:38:00Z,4459.2001953125,4459.7001953125,4459.10009765625,4459.7001953125,42.0,yahoo,GC=F
2026-09-10T06:39:00Z,4460.0,4461.7001953125,4460.0,4461.7001953125,76.0,yahoo,GC=F
2026-09-10T06:40:00Z,4461.89990234375,4464.39990234375,4461.89990234375,4464.2001953125,237.0,yahoo,GC=F
2026-09-10T06:41:00Z,4463.89990234375,4464.89990234375,4463.5,4464.89990234375,118.0,yahoo,GC=F
2026-09-10T06:42:00Z,4465.0,4467.89990234375,4464.5,4467.89990234375,133.0,yahoo,GC=F
2026-09-10T06:43:00Z,4467.7001953125,4470.0,4467.5,4468.7001953125,317.0,yahoo,GC=F
2026-09-10T06:44:00Z,4469.10009765625,4470.60009765625,4468.10009765625,4470.0,427.0,yahoo,GC=F
2026-09-10T06:45:00Z,4470.5,4471.0,4468.89990234375,4470.89990234375,339.0,yahoo,GC=F
2026-09-10T06:46:00Z,4471.0,4472.2998046875,4470.39990234375,4471.10009765625,139.0,yahoo,GC=F
2026-09-10T06:47:00Z,4471.0,4471.0,4467.7001953125,4467.7998046875,147.0,yahoo,GC=F
2026-09-10T06:48:00Z,4468.10009765625,4468.2001953125,4467.60009765625,4468.0,22.0,yahoo,GC=F
2026-09-10T06:49:00Z,4467.89990234375,4468.7998046875,4467.89990234375,4468.10009765625,30.0,yahoo,GC=F
2026-09-10T06:50:00Z,4468.0,4471.60009765625,4467.39990234375,4471.2001953125,395.0,yahoo,GC=F
2026-09-10T06:51:00Z,4471.5,4472.5,4470.39990234375,4472.10009765625,657.0,yahoo,GC=F
2026-09-10T06:52:00Z,4471.89990234375,4472.39990234375,4469.7001953125,4470.0,405.0,yahoo,GC=F
2026-09-10T06:53:00Z,4469.60009765625,4470.2001953125,4469.0,4470.10009765625,67.0,yahoo,GC=F
2026-09-10T06:54:00Z,4470.0,4470.0,4468.2998046875,4468.5,79.0,yahoo,GC=F
2026-09-10T06:55:00Z,4468.7001953125,4469.0,4468.2998046875,4468.7998046875,23.0,yahoo,GC=F
2026-09-10T06:56:00Z,4468.39990234375,4469.2001953125,4468.39990234375,4468.7001953125,17.0,yahoo,GC=F
2026-09-10T06:57:00Z,4468.7001953125,4469.2998046875,4468.2998046875,4468.2998046875,64.0,yahoo,GC=F
2026-09-10T06:58:00Z,4468.2998046875,4468.39990234375,4467.5,4468.39990234375,45.0,yahoo,GC=F
2026-09-10T06:59:00Z,4468.0,4469.2998046875,4467.2998046875,4469.2998046875,43.0,yahoo,GC=F
2026-09-10T07:00:00Z,4469.0,4469.5,4466.5,4466.89990234375,124.0,yahoo,GC=F
2026-09-10T07:01:00Z,4466.60009765625,4466.60009765625,4462.2998046875,4462.89990234375,409.0,yahoo,GC=F
2026-09-10T07:02:00Z,4463.10009765625,4463.60009765625,4460.10009765625,4460.5,373.0,yahoo,GC=F
2026-09-10T07:03:00Z,4460.7001953125,4461.2001953125,4459.2998046875,4460.60009765625,461.0,yahoo,GC=F
2026-09-10T07:04:00Z,4460.39990234375,4461.0,4458.7001953125,4458.89990234375,237.0,yahoo,GC=F
2026-09-10T07:05:00Z,4458.89990234375,4460.2998046875,4458.39990234375,4460.2998046875,51.0,yahoo,GC=F
2026-09-10T07:06:00Z,4460.0,4460.2998046875,4457.7998046875,4458.0,224.0,yahoo,GC=F
2026-09-10T07:07:00Z,4458.10009765625,4459.0,4458.10009765625,4458.7001953125,37.0,yahoo,GC=F
2026-09-10T07:08:00Z,4458.60009765625,4459.39990234375,4458.0,4459.0,39.0,yahoo,GC=F
2026-09-10T07:09:00Z,4459.0,4459.7001953125,4458.39990234375,4459.0,62.0,yahoo,GC=F
2026-09-10T07:10:00Z,4458.7001953125,4459.39990234375,4457.5,4458.7998046875,115.0,yahoo,GC=F
2026-09-10T07:11:00Z,4458.7001953125,4459.60009765625,4458.5,4459.0,39.0,yahoo,GC=F
2026-09-10T07:12:00Z,4459.5,4461.2998046875,4459.39990234375,4461.10009765625,115.0,yahoo,GC=F
2026-09-10T07:13:00Z,4461.10009765625,4461.2001953125,4457.2001953125,4457.2001953125,177.0,yahoo,GC=F
2026-09-10T07:14:00Z,4457.2998046875,4457.89990234375,4456.89990234375,4457.2001953125,185.0,yahoo,GC=F
2026-09-10T07:15:00Z,4456.89990234375,4458.7998046875,4455.39990234375,4458.2998046875,117.0,yahoo,GC=F
2026-09-10T07:16:00Z,4457.89990234375,4458.0,4456.7001953125,4457.2998046875,43.0,yahoo,GC=F
2026-09-10T07:17:00Z,4457.0,4457.60009765625,4456.7001953125,4457.10009765625,29.0,yahoo,GC=F
2026-09-10T07:18:00Z,4457.0,4457.0,4456.60009765625,4456.89990234375,19.0,yahoo,GC=F
2026-09-10T07:19:00Z,4457.10009765625,4457.10009765625,4456.0,4456.10009765625,46.0,yahoo,GC=F
2026-09-10T07:20:00Z,4456.2001953125,4456.89990234375,4456.0,4456.39990234375,53.0,yahoo,GC=F
2026-09-10T07:21:00Z,4456.2001953125,4456.2001953125,4455.0,4455.2998046875,54.0,yahoo,GC=F
2026-09-10T07:22:00Z,4454.7998046875,4455.2998046875,4454.2998046875,4454.5,68.0,yahoo,GC=F
2026-09-10T07:23:00Z,4454.7998046875,4456.7001953125,4454.7001953125,4455.5,109.0,yahoo,GC=F
2026-09-10T07:24:00Z,4455.10009765625,4456.2001953125,4454.0,4455.39990234375,83.0,yahoo,GC=F
2026-09-10T07:25:00Z,4455.39990234375,4455.60009765625,4453.10009765625,4453.2001953125,229.0,yahoo,GC=F
2026-09-10T07:26:00Z,4453.5,4454.2998046875,4452.89990234375,4452.89990234375,59.0,yahoo,GC=F
2026-09-10T07:27:00Z,4453.2001953125,4454.2998046875,4452.7001953125,4452.7998046875,31.0,yahoo,GC=F
2026-09-10T07:28:00Z,4452.39990234375,4453.2001953125,4452.2001953125,4452.2001953125,72.0,yahoo,GC=F
2026-09-10T07:29:00Z,4452.2998046875,4452.7001953125,4451.7001953125,4451.7998046875,72.0,yahoo,GC=F
2026-09-10T07:30:00Z,4452.10009765625,4453.2998046875,4450.0,4452.0,295.0,yahoo,GC=F
2026-09-10T07:31:00Z,4452.0,4452.7998046875,4451.7998046875,4452.7998046875,57.0,yahoo,GC=F
2026-09-10T07:32:00Z,4452.7998046875,4453.89990234375,4451.7998046875,4452.39990234375,92.0,yahoo,GC=F
2026-09-10T07:33:00Z,4452.60009765625,4454.39990234375,4449.5,4450.10009765625,323.0,yahoo,GC=F
2026-09-10T07:34:00Z,4450.2001953125,4450.2001953125,4447.60009765625,4447.7998046875,378.0,yahoo,GC=F
2026-09-10T07:35:00Z,4448.2998046875,4450.7001953125,4447.5,4450.10009765625,121.0,yahoo,GC=F
2026-09-10T07:36:00Z,4450.10009765625,4451.10009765625,4449.60009765625,4450.10009765625,59.0,yahoo,GC=F
2026-09-10T07:37:00Z,4450.0,4450.7998046875,4449.5,4449.5,46.0,yahoo,GC=F
2026-09-10T07:38:00Z,4448.89990234375,4451.10009765625,4448.89990234375,4449.60009765625,60.0,yahoo,GC=F
2026-09-10T07:39:00Z,4449.60009765625,4450.5,4449.0,4449.60009765625,67.0,yahoo,GC=F
2026-09-10T07:40:00Z,4449.2001953125,4450.60009765625,4448.7001953125,4450.60009765625,83.0,yahoo,GC=F
2026-09-10T07:41:00Z,4450.60009765625,4450.7001953125,4448.39990234375,4449.89990234375,50.0,yahoo,GC=F
2026-09-10T07:42:00Z,4449.7001953125,4450.2001953125,4448.60009765625,4449.7998046875,33.0,yahoo,GC=F
2026-09-10T07:43:00Z,4449.7998046875,4452.2001953125,4449.39990234375,4452.2001953125,61.0,yahoo,GC=F
2026-09-10T07:44:00Z,4452.2998046875,4453.2001953125,4452.2998046875,4453.0,69.0,yahoo,GC=F
2026-09-10T07:45:00Z,4453.0,4453.0,4452.39990234375,4452.60009765625,30.0,yahoo,GC=F
2026-09-10T07:46:00Z,4452.60009765625,4455.10009765625,4452.39990234375,4454.89990234375,275.0,yahoo,GC=F
2026-09-10T07:47:00Z,4455.0,4456.2998046875,4454.7001953125,4455.5,335.0,yahoo,GC=F
2026-09-10T07:48:00Z,4455.5,4455.7001953125,4454.2998046875,4454.7998046875,310.0,yahoo,GC=F
2026-09-10T07:49:00Z,4454.7001953125,4455.60009765625,4454.39990234375,4454.7998046875,142.0,yahoo,GC=F
2026-09-10T07:50:00Z,4454.60009765625,4455.7998046875,4454.60009765625,4455.5,80.0,yahoo,GC=F
2026-09-10T07:51:00Z,4455.39990234375,4458.2998046875,4455.39990234375,4458.0,154.0,yahoo,GC=F
2026-09-10T07:52:00Z,4458.10009765625,4458.7001953125,4457.2998046875,4458.10009765625,176.0,yahoo,GC=F
2026-09-10T07:53:00Z,4457.7998046875,4458.2998046875,4456.7998046875,4456.89990234375,89.0,yahoo,GC=F
2026-09-10T07:54:00Z,4457.2998046875,4458.39990234375,4457.0,4457.60009765625,39.0,yahoo,GC=F
2026-09-10T07:55:00Z,4457.7998046875,4458.10009765625,4455.7001953125,4456.39990234375,309.0,yahoo,GC=F
2026-09-10T07:56:00Z,4456.10009765625,4456.2001953125,4455.0,4455.39990234375,37.0,yahoo,GC=F
2026-09-10T07:57:00Z,4455.7001953125,4456.2001953125,4455.0,4455.10009765625,21.0,yahoo,GC=F
2026-09-10T07:58:00Z,4454.7998046875,4455.60009765625,4454.2001953125,4454.2998046875,47.0,yahoo,GC=F
2026-09-10T07:59:00Z,4454.89990234375,4455.2998046875,4454.2998046875,4454.89990234375,32.0,yahoo,GC=F
2026-09-10T08:00:00Z,4454.7001953125,4455.7001953125,4454.2998046875,4455.7001953125,86.0,yahoo,GC=F
2026-09-10T08:01:00Z,4455.5,4455.7001953125,4454.10009765625,4454.10009765625,38.0,yahoo,GC=F
2026-09-10T08:02:00Z,4454.0,4454.2001953125,4452.89990234375,4453.0,236.0,yahoo,GC=F
2026-09-10T08:03:00Z,4453.2001953125,4453.39990234375,4451.2001953125,4451.5,123.0,yahoo,GC=F
2026-09-10T08:04:00Z,4451.89990234375,4452.2001953125,4450.5,4450.60009765625,59.0,yahoo,GC=F
2026-09-10T08:05:00Z,4450.89990234375,4451.0,4450.0,4450.7001953125,70.0,yahoo,GC=F
2026-09-10T08:06:00Z,4450.60009765625,4451.2001953125,4450.0,4451.10009765625,27.0,yahoo,GC=F
2026-09-10T08:07:00Z,4450.89990234375,4451.7001953125,4450.7998046875,4451.10009765625,25.0,yahoo,GC=F
2026-09-10T08:08:00Z,4451.5,4451.7998046875,4450.39990234375,4451.7001953125,47.0,yahoo,GC=F
2026-09-10T08:09:00Z,4451.7998046875,4452.2001953125,4450.60009765625,4452.10009765625,51.0,yahoo,GC=F
2026-09-10T08:10:00Z,4452.0,4453.0,4451.60009765625,4452.0,34.0,yahoo,GC=F
2026-09-10T08:11:00Z,4452.0,4452.2998046875,4451.2998046875,4452.10009765625,22.0,yahoo,GC=F
2026-09-10T08:12:00Z,4452.2998046875,4452.2998046875,4450.10009765625,4450.10009765625,21.0,yahoo,GC=F
2026-09-10T08:13:00Z,4450.5,4451.0,4449.2998046875,4449.89990234375,61.0,yahoo,GC=F
2026-09-10T08:14:00Z,4449.7001953125,4449.89990234375,4447.60009765625,4448.7001953125,132.0,yahoo,GC=F
2026-09-10T08:15:00Z,4448.89990234375,4449.60009765625,4448.39990234375,4448.60009765625,49.0,yahoo,GC=F
2026-09-10T08:16:00Z,4448.7001953125,4449.5,4448.60009765625,4449.5,24.0,yahoo,GC=F
2026-09-10T08:17:00Z,4448.5,4450.2001953125,4447.89990234375,4450.0,47.0,yahoo,GC=F
2026-09-10T08:18:00Z,4449.89990234375,4450.10009765625,4448.60009765625,4449.2001953125,23.0,yahoo,GC=F
2026-09-10T08:19:00Z,4449.2001953125,4449.89990234375,4449.0,4449.5,15.0,yahoo,GC=F
2026-09-10T08:20:00Z,4449.0,4449.5,4448.89990234375,4449.0,13.0,yahoo,GC=F
2026-09-10T08:21:00Z,4448.89990234375,4450.5,4448.7001953125,4449.10009765625,41.0,yahoo,GC=F
2026-09-10T08:22:00Z,4449.2001953125,4450.0,4448.7001953125,4448.89990234375,38.0,yahoo,GC=F
2026-09-10T08:23:00Z,4449.0,4450.7998046875,4449.0,4450.0,58.0,yahoo,GC=F
2026-09-10T08:24:00Z,4449.89990234375,4449.89990234375,4448.7001953125,4449.5,16.0,yahoo,GC=F
2026-09-10T08:25:00Z,4449.39990234375,4449.5,4448.39990234375,4449.10009765625,43.0,yahoo,GC=F
2026-09-10T08:26:00Z,4448.7998046875,4449.10009765625,4448.2998046875,4448.60009765625,28.0,yahoo,GC=F
2026-09-10T08:27:00Z,4448.5,4449.10009765625,4447.2998046875,4448.2001953125,273.0,yahoo,GC=F
2026-09-10T08:28:00Z,4448.10009765625,4449.10009765625,4447.5,4448.5,199.0,yahoo,GC=F
2026-09-10T08:29:00Z,4448.39990234375,4449.2001953125,4447.0,4449.10009765625,87.0,yahoo,GC=F
2026-09-10T08:30:00Z,4448.7001953125,4449.2001953125,4447.60009765625,4449.0,37.0,yahoo,GC=F
2026-09-10T08:31:00Z,4448.7001953125,4448.7998046875,4446.0,4446.2998046875,53.0,yahoo,GC=F
2026-09-10T08:32:00Z,4446.0,4446.2001953125,4444.2001953125,4444.89990234375,124.0,yahoo,GC=F
2026-09-10T08:33:00Z,4445.0,4445.0,4443.60009765625,4444.0,110.0,yahoo,GC=F
2026-09-10T08:34:00Z,4444.10009765625,4444.7001953125,4442.60009765625,4443.0,248.0,yahoo,GC=F
2026-09-10T08:35:00Z,4443.0,4444.10009765625,4442.39990234375,4443.7001953125,142.0,yahoo,GC=F
2026-09-10T08:36:00Z,4443.89990234375,4444.39990234375,4443.2998046875,4444.39990234375,47.0,yahoo,GC=F
2026-09-10T08:37:00Z,4444.2998046875,4444.2998046875,4442.7001953125,4442.89990234375,80.0,yahoo,GC=F
2026-09-10T08:38:00Z,4442.89990234375,4443.0,4441.60009765625,4442.7998046875,70.0,yahoo,GC=F
2026-09-10T08:39:00Z,4442.60009765625,4444.0,4441.89990234375,4443.10009765625,40.0,yahoo,GC=F
2026-09-10T08:40:00Z,4442.60009765625,4443.10009765625,4442.10009765625,4442.10009765625,36.0,yahoo,GC=F
2026-09-10T08:41:00Z,4442.2998046875,4443.39990234375,4441.0,4441.5,111.0,yahoo,GC=F
2026-09-10T08:42:00Z,4441.60009765625,4441.60009765625,4438.2001953125,4439.89990234375,238.0,yahoo,GC=F
2026-09-10T08:43:00Z,4439.89990234375,4440.2998046875,4437.60009765625,4438.7001953125,358.0,yahoo,GC=F
2026-09-10T08:44:00Z,4438.5,4439.39990234375,4438.2998046875,4438.7001953125,45.0,yahoo,GC=F
2026-09-10T08:45:00Z,4438.7001953125,4439.39990234375,4436.2998046875,4436.5,300.0,yahoo,GC=F
2026-09-10T08:46:00Z,4436.60009765625,4438.2998046875,4435.89990234375,4437.2001953125,575.0,yahoo,GC=F
2026-09-10T08:47:00Z,4437.7001953125,4438.0,4436.39990234375,4436.89990234375,230.0,yahoo,GC=F
2026-09-10T08:48:00Z,4436.89990234375,4436.89990234375,4435.2998046875,4436.10009765625,201.0,yahoo,GC=F
2026-09-10T08:49:00Z,4435.89990234375,4436.5,4435.0,4435.7001953125,113.0,yahoo,GC=F
2026-09-10T08:50:00Z,4436.0,4438.39990234375,4435.60009765625,4438.2001953125,175.0,yahoo,GC=F
2026-09-10T08:51:00Z,4438.2998046875,4440.89990234375,4438.2998046875,4440.5,248.0,yahoo,GC=F
2026-09-10T08:52:00Z,4440.2001953125,4441.2001953125,4439.2998046875,4439.5,237.0,yahoo,GC=F
2026-09-10T08:53:00Z,4439.5,4440.0,4438.2998046875,4438.7001953125,95.0,yahoo,GC=F
2026-09-10T08:54:00Z,4438.60009765625,4439.89990234375,4438.60009765625,4439.5,36.0,yahoo,GC=F
2026-09-10T08:55:00Z,4439.0,4439.0,4438.0,4438.39990234375,28.0,yahoo,GC=F
2026-09-10T08:56:00Z,4438.2001953125,4438.2001953125,4436.2001953125,4437.39990234375,68.0,yahoo,GC=F
2026-09-10T08:57:00Z,4437.39990234375,4437.7998046875,4437.0,4437.0,57.0,yahoo,GC=F
2026-09-10T08:58:00Z,4437.2998046875,4438.5,4437.2998046875,4438.10009765625,25.0,yahoo,GC=F
2026-09-10T08:59:00Z,4438.39990234375,4438.7998046875,4437.0,4437.7998046875,84.0,yahoo,GC=F
2026-09-10T09:00:00Z,4437.7998046875,4439.0,4437.10009765625,4437.89990234375,75.0,yahoo,GC=F
2026-09-10T09:01:00Z,4437.5,4437.5,4436.10009765625,4436.2998046875,157.0,yahoo,GC=F
2026-09-10T09:02:00Z,4436.10009765625,4437.7998046875,4436.0,4437.60009765625,82.0,yahoo,GC=F
2026-09-10T09:03:00Z,4437.7998046875,4439.39990234375,4436.5,4437.7001953125,90.0,yahoo,GC=F
2026-09-10T09:04:00Z,4437.89990234375,4438.89990234375,4437.89990234375,4438.39990234375,38.0,yahoo,GC=F
2026-09-10T09:05:00Z,4438.60009765625,4439.5,4435.2998046875,4435.2998046875,85.0,yahoo,GC=F
2026-09-10T09:06:00Z,4435.2998046875,4436.39990234375,4434.2998046875,4436.39990234375,101.0,yahoo,GC=F
2026-09-10T09:07:00Z,4436.89990234375,4437.2001953125,4436.5,4436.7998046875,39.0,yahoo,GC=F
2026-09-10T09:08:00Z,4437.2001953125,4437.5,4436.10009765625,4436.10009765625,23.0,yahoo,GC=F
2026-09-10T09:09:00Z,4436.2001953125,4436.2001953125,4432.2998046875,4434.2998046875,342.0,yahoo,GC=F
2026-09-10T09:10:00Z,4434.5,4435.60009765625,4434.39990234375,4435.60009765625,24.0,yahoo,GC=F
2026-09-10T09:11:00Z,4435.7001953125,4436.7001953125,4434.89990234375,4435.60009765625,70.0,yahoo,GC=F
2026-09-10T09:12:00Z,4435.89990234375,4437.60009765625,4435.10009765625,4437.5,80.0,yahoo,GC=F
2026-09-10T09:13:00Z,4437.2001953125,4437.7001953125,4436.7998046875,4437.10009765625,53.0,yahoo,GC=F
2026-09-10T09:14:00Z,4437.0,4437.89990234375,4436.7001953125,4437.5,80.0,yahoo,GC=F
2026-09-10T09:15:00Z,4437.89990234375,4438.60009765625,4436.2001953125,4436.60009765625,163.0,yahoo,GC=F
2026-09-10T09:16:00Z,4436.60009765625,4439.39990234375,4436.60009765625,4438.10009765625,116.0,yahoo,GC=F
2026-09-10T09:17:00Z,4438.39990234375,4439.5,4437.7998046875,4438.0,55.0,yahoo,GC=F
2026-09-10T09:18:00Z,4437.89990234375,4438.7998046875,4437.7001953125,4438.5,58.0,yahoo,GC=F
2026-09-10T09:19:00Z,4438.7001953125,4438.89990234375,4437.60009765625,4438.2998046875,39.0,yahoo,GC=F
2026-09-10T09:20:00Z,4438.2001953125,4438.7001953125,4437.2001953125,4438.2001953125,63.0,yahoo,GC=F
2026-09-10T09:21:00Z,4438.2998046875,4438.39990234375,4436.5,4437.0,23.0,yahoo,GC=F
2026-09-10T09:22:00Z,4436.7998046875,4437.2998046875,4436.2001953125,4436.7001953125,64.0,yahoo,GC=F
2026-09-10T09:23:00Z,4436.60009765625,4437.0,4436.10009765625,4437.0,25.0,yahoo,GC=F
2026-09-10T09:24:00Z,4436.60009765625,4436.7001953125,4434.7001953125,4435.2001953125,84.0,yahoo,GC=F
2026-09-10T09:25:00Z,4435.2998046875,4435.39990234375,4434.2998046875,4434.7998046875,31.0,yahoo,GC=F
2026-09-10T09:26:00Z,4435.10009765625,4436.2001953125,4435.10009765625,4436.2001953125,45.0,yahoo,GC=F
2026-09-10T09:27:00Z,4436.60009765625,4438.10009765625,4436.5,4437.7998046875,50.0,yahoo,GC=F
2026-09-10T09:28:00Z,4437.5,4437.5,4435.2998046875,4436.0,59.0,yahoo,GC=F
2026-09-10T09:29:00Z,4435.60009765625,4436.2998046875,4435.2998046875,4435.5,50.0,yahoo,GC=F
2026-09-10T09:30:00Z,4435.2001953125,4435.7998046875,4434.0,4434.7998046875,94.0,yahoo,GC=F
2026-09-10T09:31:00Z,4434.89990234375,4434.89990234375,4433.2001953125,4433.2998046875,115.0,yahoo,GC=F
2026-09-10T09:32:00Z,4433.5,4434.7998046875,4432.0,4432.7001953125,91.0,yahoo,GC=F
2026-09-10T09:33:00Z,4432.7001953125,4435.10009765625,4432.39990234375,4434.2998046875,111.0,yahoo,GC=F
2026-09-10T09:34:00Z,4434.39990234375,4435.10009765625,4433.89990234375,4434.7001953125,94.0,yahoo,GC=F
2026-09-10T09:35:00Z,4434.5,4434.7998046875,4434.0,4434.39990234375,65.0,yahoo,GC=F
2026-09-10T09:36:00Z,4434.39990234375,4435.2001953125,4433.7998046875,4435.0,33.0,yahoo,GC=F
2026-09-10T09:37:00Z,4435.10009765625,4435.7001953125,4433.39990234375,4433.89990234375,44.0,yahoo,GC=F
2026-09-10T09:38:00Z,4434.0,4435.10009765625,4433.5,4434.60009765625,90.0,yahoo,GC=F
2026-09-10T09:39:00Z,4434.60009765625,4434.7998046875,4433.5,4433.5,56.0,yahoo,GC=F
2026-09-10T09:40:00Z,4433.39990234375,4433.60009765625,4432.2998046875,4433.0,70.0,yahoo,GC=F
2026-09-10T09:41:00Z,4433.39990234375,4433.39990234375,4432.0,4432.39990234375,69.0,yahoo,GC=F
2026-09-10T09:42:00Z,4432.2001953125,4432.5,4431.0,4431.5,117.0,yahoo,GC=F
2026-09-10T09:43:00Z,4431.2998046875,4434.2998046875,4431.2001953125,4434.10009765625,64.0,yahoo,GC=F
2026-09-10T09:44:00Z,4434.7998046875,4435.60009765625,4434.60009765625,4435.60009765625,101.0,yahoo,GC=F
2026-09-10T09:45:00Z,4435.60009765625,4436.60009765625,4435.2998046875,4436.2001953125,56.0,yahoo,GC=F
2026-09-10T09:46:00Z,4436.5,4437.7998046875,4436.39990234375,4437.5,80.0,yahoo,GC=F
2026-09-10T09:47:00Z,4437.7001953125,4438.10009765625,4436.7001953125,4437.2998046875,78.0,yahoo,GC=F
2026-09-10T09:48:00Z,4437.10009765625,4438.60009765625,4437.10009765625,4437.89990234375,73.0,yahoo,GC=F
2026-09-10T09:49:00Z,4437.89990234375,4438.2001953125,4437.39990234375,4437.7001953125,29.0,yahoo,GC=F
2026-09-10T09:50:00Z,4436.7998046875,4437.2998046875,4436.7001953125,4436.89990234375,15.0,yahoo,GC=F
2026-09-10T09:51:00Z,4436.7998046875,4437.2998046875,4436.7998046875,4437.2998046875,16.0,yahoo,GC=F
2026-09-10T09:52:00Z,4437.10009765625,4437.39990234375,4436.7998046875,4437.39990234375,22.0,yahoo,GC=F
2026-09-10T09:53:00Z,4437.39990234375,4438.39990234375,4437.2001953125,4437.7001953125,53.0,yahoo,GC=F
2026-09-10T09:54:00Z,4437.7998046875,4438.5,4437.60009765625,4437.60009765625,23.0,yahoo,GC=F
2026-09-10T09:55:00Z,4437.5,4437.5,4436.7998046875,4437.2998046875,53.0,yahoo,GC=F
2026-09-10T09:56:00Z,4437.2001953125,4437.2001953125,4436.7998046875,4437.0,14.0,yahoo,GC=F
2026-09-10T09:57:00Z,4437.60009765625,4437.60009765625,4437.0,4437.10009765625,13.0,yahoo,GC=F
2026-09-10T09:58:00Z,4436.7001953125,4437.2001953125,4436.0,4436.39990234375,53.0,yahoo,GC=F
2026-09-10T09:59:00Z,4436.2001953125,4437.0,4436.2001953125,4437.0,18.0,yahoo,GC=F
2026-09-10T10:00:00Z,4436.89990234375,4436.89990234375,4434.5,4436.0,194.0,yahoo,GC=F
2026-09-10T10:01:00Z,4436.39990234375,4438.2001953125,4435.7998046875,4438.2001953125,33.0,yahoo,GC=F
2026-09-10T10:02:00Z,4437.89990234375,4439.5,4437.7001953125,4439.39990234375,74.0,yahoo,GC=F
2026-09-10T10:03:00Z,4439.2998046875,4441.10009765625,4439.2001953125,4440.5,119.0,yahoo,GC=F
2026-09-10T10:04:00Z,4440.60009765625,4442.39990234375,4440.60009765625,4440.89990234375,214.0,yahoo,GC=F
2026-09-10T10:05:00Z,4440.89990234375,4442.60009765625,4440.7998046875,4442.39990234375,131.0,yahoo,GC=F
2026-09-10T10:06:00Z,4442.2998046875,4442.7998046875,4442.2998046875,4442.7998046875,33.0,yahoo,GC=F
2026-09-10T10:07:00Z,4442.39990234375,4442.60009765625,4439.5,4439.5,68.0,yahoo,GC=F
2026-09-10T10:08:00Z,4439.60009765625,4439.7998046875,4438.0,4438.5,164.0,yahoo,GC=F
2026-09-10T10:09:00Z,4438.5,4438.5,4434.2001953125,4435.7001953125,375.0,yahoo,GC=F
2026-09-10T10:10:00Z,4435.2998046875,4436.0,4434.2001953125,4434.2001953125,96.0,yahoo,GC=F
2026-09-10T10:11:00Z,4434.10009765625,4435.89990234375,4432.2001953125,4435.89990234375,174.0,yahoo,GC=F
2026-09-10T10:12:00Z,4436.2998046875,4437.0,4435.2998046875,4436.7998046875,69.0,yahoo,GC=F
2026-09-10T10:13:00Z,4437.0,4439.2998046875,4437.0,4438.60009765625,109.0,yahoo,GC=F
2026-09-10T10:14:00Z,4439.0,4440.0,4437.89990234375,4437.89990234375,84.0,yahoo,GC=F
2026-09-10T10:15:00Z,4437.5,4440.89990234375,4436.7998046875,4440.89990234375,40.0,yahoo,GC=F
2026-09-10T10:16:00Z,4440.7001953125,4442.7998046875,4440.39990234375,4442.60009765625,166.0,yahoo,GC=F
2026-09-10T10:17:00Z,4442.7001953125,4442.7001953125,4441.10009765625,4441.10009765625,65.0,yahoo,GC=F
2026-09-10T10:18:00Z,4440.89990234375,4441.7998046875,4439.5,4439.89990234375,66.0,yahoo,GC=F
2026-09-10T10:19:00Z,4439.7001953125,4441.7001953125,4439.60009765625,4441.10009765625,22.0,yahoo,GC=F
2026-09-10T10:20:00Z,4441.2001953125,4441.60009765625,4440.7998046875,4440.7998046875,8.0,yahoo,GC=F
2026-09-10T10:21:00Z,4440.5,4441.0,4439.89990234375,4440.7998046875,13.0,yahoo,GC=F
2026-09-10T10:22:00Z,4441.10009765625,4441.7998046875,4440.7001953125,4441.2001953125,64.0,yahoo,GC=F
2026-09-10T10:23:00Z,4441.60009765625,4441.7001953125,4438.89990234375,4439.2001953125,36.0,yahoo,GC=F
2026-09-10T10:24:00Z,4439.2001953125,4440.0,4438.7001953125,4438.7998046875,46.0,yahoo,GC=F
2026-09-10T10:25:00Z,4438.39990234375,4439.7998046875,4438.39990234375,4439.7998046875,28.0,yahoo,GC=F
2026-09-10T10:26:00Z,4440.0,4440.0,4438.7001953125,4438.7001953125,59.0,yahoo,GC=F
2026-09-10T10:27:00Z,4439.0,4439.0,4436.89990234375,4437.2998046875,45.0,yahoo,GC=F
2026-09-10T10:28:00Z,4437.2998046875,4438.2001953125,4437.2998046875,4437.60009765625,20.0,yahoo,GC=F
2026-09-10T10:29:00Z,4437.5,4437.5,4436.2001953125,4436.7001953125,36.0,yahoo,GC=F
2026-09-10T10:30:00Z,4437.0,4437.5,4435.10009765625,4435.7001953125,50.0,yahoo,GC=F
2026-09-10T10:31:00Z,4435.5,4435.5,4433.0,4433.10009765625,77.0,yahoo,GC=F
2026-09-10T10:32:00Z,4432.7001953125,4432.89990234375,4429.5,4430.7998046875,321.0,yahoo,GC=F
2026-09-10T10:33:00Z,4431.2998046875,4431.5,4428.0,4428.2001953125,450.0,yahoo,GC=F
2026-09-10T10:34:00Z,4428.0,4428.10009765625,4426.10009765625,4427.60009765625,353.0,yahoo,GC=F
2026-09-10T10:35:00Z,4427.2001953125,4427.2001953125,4424.10009765625,4424.2998046875,341.0,yahoo,GC=F
2026-09-10T10:36:00Z,4424.60009765625,4425.2001953125,4421.7998046875,4422.2001953125,343.0,yahoo,GC=F
2026-09-10T10:37:00Z,4422.2998046875,4426.2001953125,4420.2001953125,4426.2001953125,509.0,yahoo,GC=F
2026-09-10T10:38:00Z,4426.5,4426.5,4425.10009765625,4425.60009765625,93.0,yahoo,GC=F
2026-09-10T10:39:00Z,4425.7998046875,4428.2998046875,4425.60009765625,4428.0,143.0,yahoo,GC=F
2026-09-10T10:40:00Z,4427.89990234375,4428.2998046875,4426.0,4427.2001953125,94.0,yahoo,GC=F
2026-09-10T10:41:00Z,4427.2998046875,4428.0,4425.89990234375,4426.60009765625,70.0,yahoo,GC=F
2026-09-10T10:42:00Z,4426.60009765625,4429.10009765625,4426.60009765625,4428.39990234375,130.0,yahoo,GC=F
2026-09-10T10:43:00Z,4428.7001953125,4429.0,4427.10009765625,4427.2998046875,46.0,yahoo,GC=F
2026-09-10T10:44:00Z,4427.0,4427.5,4425.7001953125,4426.39990234375,91.0,yahoo,GC=F
2026-09-10T10:45:00Z,4426.10009765625,4427.0,4424.7001953125,4426.5,66.0,yahoo,GC=F
2026-09-10T10:46:00Z,4426.7998046875,4428.2998046875,4426.60009765625,4427.60009765625,76.0,yahoo,GC=F
2026-09-10T10:47:00Z,4427.10009765625,4427.10009765625,4424.89990234375,4425.5,36.0,yahoo,GC=F
2026-09-10T10:48:00Z,4425.2998046875,4425.89990234375,4422.60009765625,4423.89990234375,159.0,yahoo,GC=F
2026-09-10T10:49:00Z,4424.2001953125,4425.7998046875,4423.7998046875,4425.2001953125,95.0,yahoo,GC=F
2026-09-10T10:50:00Z,4425.2998046875,4425.7998046875,4424.39990234375,4425.0,60.0,yahoo,GC=F
2026-09-10T10:51:00Z,4425.10009765625,4426.0,4421.2001953125,4421.7001953125,191.0,yahoo,GC=F
2026-09-10T10:52:00Z,4421.5,4421.5,4417.0,4419.39990234375,752.0,yahoo,GC=F
2026-09-10T10:53:00Z,4419.89990234375,4421.2001953125,4419.60009765625,4420.7001953125,71.0,yahoo,GC=F
2026-09-10T10:54:00Z,4420.2998046875,4420.7001953125,4418.7998046875,4419.5,72.0,yahoo,GC=F
2026-09-10T10:55:00Z,4419.5,4421.7998046875,4419.10009765625,4421.2001953125,102.0,yahoo,GC=F
2026-09-10T10:56:00Z,4421.7001953125,4430.2998046875,4421.39990234375,4427.7998046875,653.0,yahoo,GC=F
2026-09-10T10:57:00Z,4427.7001953125,4429.2001953125,4424.60009765625,4425.2001953125,290.0,yahoo,GC=F
2026-09-10T10:58:00Z,4424.89990234375,4424.89990234375,4421.7001953125,4422.2001953125,406.0,yahoo,GC=F
2026-09-10T10:59:00Z,4422.0,4422.0,4419.89990234375,4421.39990234375,96.0,yahoo,GC=F
2026-09-10T11:00:00Z,4421.10009765625,4422.7001953125,4421.0,4422.10009765625,151.0,yahoo,GC=F
2026-09-10T11:01:00Z,4422.39990234375,4425.10009765625,4422.10009765625,4423.5,185.0,yahoo,GC=F
2026-09-10T11:02:00Z,4423.0,4424.5,4421.7001953125,4424.10009765625,115.0,yahoo,GC=F
2026-09-10T11:03:00Z,4424.2001953125,4426.10009765625,4424.2001953125,4424.7001953125,87.0,yahoo,GC=F
2026-09-10T11:04:00Z,4424.7998046875,4426.89990234375,4424.7998046875,4426.2001953125,72.0,yahoo,GC=F
2026-09-10T11:05:00Z,4426.0,4426.7001953125,4424.39990234375,4425.5,90.0,yahoo,GC=F
2026-09-10T11:06:00Z,4425.10009765625,4425.10009765625,4421.5,4421.7001953125,58.0,yahoo,GC=F
2026-09-10T11:07:00Z,4421.7001953125,4424.2998046875,4421.60009765625,4424.2998046875,80.0,yahoo,GC=F
2026-09-10T11:08:00Z,4424.2001953125,4425.10009765625,4424.10009765625,4424.89990234375,32.0,yahoo,GC=F
2026-09-10T11:09:00Z,4424.60009765625,4425.10009765625,4421.2001953125,4421.89990234375,64.0,yahoo,GC=F
2026-09-10T11:10:00Z,4421.60009765625,4424.0,4421.39990234375,4423.2001953125,67.0,yahoo,GC=F
2026-09-10T11:11:00Z,4423.0,4423.0,4419.10009765625,4419.7998046875,392.0,yahoo,GC=F
2026-09-10T11:12:00Z,4420.0,4420.5,4417.39990234375,4420.2001953125,153.0,yahoo,GC=F
2026-09-10T11:13:00Z,4419.7998046875,4424.2998046875,4419.7998046875,4422.5,247.0,yahoo,GC=F
2026-09-10T11:14:00Z,4422.5,4426.0,4422.5,4425.60009765625,75.0,yahoo,GC=F
2026-09-10T11:15:00Z,4425.7001953125,4426.60009765625,4424.2998046875,4425.89990234375,84.0,yahoo,GC=F
2026-09-10T11:16:00Z,4426.0,4426.39990234375,4424.39990234375,4425.0,120.0,yahoo,GC=F
2026-09-10T11:17:00Z,4424.89990234375,4428.10009765625,4424.60009765625,4424.60009765625,127.0,yahoo,GC=F
2026-09-10T11:18:00Z,4424.5,4426.89990234375,4424.5,4425.39990234375,121.0,yahoo,GC=F
2026-09-10T11:19:00Z,4425.10009765625,4425.2998046875,4423.10009765625,4425.10009765625,64.0,yahoo,GC=F
2026-09-10T11:20:00Z,4425.39990234375,4425.89990234375,4424.39990234375,4424.89990234375,54.0,yahoo,GC=F
2026-09-10T11:21:00Z,4425.0,4425.0,4421.89990234375,4421.89990234375,52.0,yahoo,GC=F
2026-09-10T11:22:00Z,4422.39990234375,4423.7998046875,4422.10009765625,4423.7998046875,71.0,yahoo,GC=F
2026-09-10T11:23:00Z,4423.5,4424.89990234375,4423.5,4424.39990234375,46.0,yahoo,GC=F
2026-09-10T11:24:00Z,4424.2001953125,4424.89990234375,4423.5,4424.89990234375,65.0,yahoo,GC=F
2026-09-10T11:25:00Z,4425.2001953125,4428.60009765625,4425.2001953125,4428.0,90.0,yahoo,GC=F
2026-09-10T11:26:00Z,4427.7001953125,4429.89990234375,4427.7001953125,4429.7998046875,135.0,yahoo,GC=F
2026-09-10T11:27:00Z,4430.10009765625,4431.2001953125,4429.2001953125,4429.7001953125,112.0,yahoo,GC=F
2026-09-10T11:28:00Z,4429.60009765625,4430.10009765625,4428.0,4428.39990234375,94.0,yahoo,GC=F
2026-09-10T11:29:00Z,4428.39990234375,4428.60009765625,4428.0,4428.0,40.0,yahoo,GC=F
2026-09-10T11:30:00Z,4427.89990234375,4428.7001953125,4427.2998046875,4428.5,62.0,yahoo,GC=F
2026-09-10T11:31:00Z,4428.7001953125,4430.10009765625,4428.60009765625,4428.7998046875,44.0,yahoo,GC=F
2026-09-10T11:32:00Z,4428.60009765625,4429.60009765625,4428.2998046875,4429.39990234375,22.0,yahoo,GC=F
2026-09-10T11:33:00Z,4429.2998046875,4430.89990234375,4426.7998046875,4430.7001953125,207.0,yahoo,GC=F
2026-09-10T11:34:00Z,4430.60009765625,4430.60009765625,4428.7001953125,4429.0,83.0,yahoo,GC=F
2026-09-10T11:35:00Z,4428.7998046875,4431.0,4428.7998046875,4430.5,41.0,yahoo,GC=F
2026-09-10T11:36:00Z,4430.39990234375,4430.39990234375,4429.5,4430.2001953125,19.0,yahoo,GC=F
2026-09-10T11:37:00Z,4430.2001953125,4430.7001953125,4429.5,4430.5,64.0,yahoo,GC=F
2026-09-10T11:38:00Z,4429.7001953125,4430.89990234375,4428.7001953125,4430.5,94.0,yahoo,GC=F
2026-09-10T11:39:00Z,4430.7998046875,4431.89990234375,4430.7001953125,4431.7998046875,130.0,yahoo,GC=F
2026-09-10T11:40:00Z,4431.7001953125,4432.2001953125,4431.39990234375,4431.7998046875,41.0,yahoo,GC=F
2026-09-10T11:41:00Z,4432.0,4433.10009765625,4431.60009765625,4431.7998046875,65.0,yahoo,GC=F
2026-09-10T11:42:00Z,4431.5,4432.0,4430.0,4430.5,74.0,yahoo,GC=F
2026-09-10T11:43:00Z,4430.39990234375,4430.60009765625,4427.2001953125,4427.2001953125,151.0,yahoo,GC=F
2026-09-10T11:44:00Z,4427.0,4427.7998046875,4426.60009765625,4426.89990234375,52.0,yahoo,GC=F
2026-09-10T11:45:00Z,4427.0,4427.0,4425.2998046875,4426.5,64.0,yahoo,GC=F
2026-09-10T11:46:00Z,4426.7998046875,4427.60009765625,4425.89990234375,4425.89990234375,29.0,yahoo,GC=F
2026-09-10T11:47:00Z,4426.0,4426.0,4423.5,4423.89990234375,81.0,yahoo,GC=F
2026-09-10T11:48:00Z,4423.10009765625,4423.7001953125,4422.5,4423.7001953125,87.0,yahoo,GC=F
2026-09-10T11:49:00Z,4423.89990234375,4424.60009765625,4423.5,4423.7998046875,94.0,yahoo,GC=F
2026-09-10T11:50:00Z,4424.2001953125,4425.0,4421.0,4422.2998046875,110.0,yahoo,GC=F
2026-09-10T11:51:00Z,4422.10009765625,4422.5,4418.89990234375,4418.89990234375,107.0,yahoo,GC=F
2026-09-10T11:52:00Z,4419.10009765625,4419.60009765625,4418.0,4418.89990234375,63.0,yahoo,GC=F
2026-09-10T11:53:00Z,4418.7998046875,4420.2998046875,4418.60009765625,4420.10009765625,82.0,yahoo,GC=F
2026-09-10T11:54:00Z,4419.7001953125,4423.10009765625,4419.10009765625,4422.89990234375,113.0,yahoo,GC=F
2026-09-10T11:55:00Z,4422.7001953125,4422.7001953125,4418.39990234375,4418.7998046875,72.0,yahoo,GC=F
2026-09-10T11:56:00Z,4419.39990234375,4421.0,4415.10009765625,4417.5,380.0,yahoo,GC=F
2026-09-10T11:57:00Z,4417.89990234375,4419.2998046875,4416.7001953125,4418.7998046875,127.0,yahoo,GC=F
2026-09-10T11:58:00Z,4418.2998046875,4420.0,4417.39990234375,4418.10009765625,99.0,yahoo,GC=F
2026-09-10T11:59:00Z,4418.10009765625,4419.2001953125,4416.7001953125,4416.7001953125,106.0,yahoo,GC=F
2026-09-10T12:00:00Z,4416.7998046875,4419.0,4413.2001953125,4415.60009765625,454.0,yahoo,GC=F
2026-09-10T12:01:00Z,4415.60009765625,4418.0,4414.7998046875,4417.2998046875,164.0,yahoo,GC=F
2026-09-10T12:02:00Z,4417.5,4419.2001953125,4415.5,4416.2001953125,101.0,yahoo,GC=F
2026-09-10T12:03:00Z,4416.10009765625,4416.10009765625,4413.39990234375,4414.0,126.0,yahoo,GC=F
2026-09-10T12:04:00Z,4413.7001953125,4415.2001953125,4412.60009765625,4415.0,272.0,yahoo,GC=F
2026-09-10T12:05:00Z,4414.5,4414.7001953125,4411.7001953125,4414.39990234375,361.0,yahoo,GC=F
2026-09-10T12:06:00Z,4414.39990234375,4415.39990234375,4412.2001953125,4413.7998046875,246.0,yahoo,GC=F
2026-09-10T12:07:00Z,4413.39990234375,4417.0,4413.2001953125,4416.2001953125,299.0,yahoo,GC=F
2026-09-10T12:08:00Z,4416.2998046875,4418.7001953125,4414.2998046875,4416.0,453.0,yahoo,GC=F
2026-09-10T12:09:00Z,4415.60009765625,4418.5,4414.2001953125,4414.2998046875,178.0,yahoo,GC=F
2026-09-10T12:10:00Z,4414.10009765625,4416.10009765625,4413.7001953125,4416.0,291.0,yahoo,GC=F
2026-09-10T12:11:00Z,4415.89990234375,4417.0,4415.7001953125,4416.60009765625,99.0,yahoo,GC=F
2026-09-10T12:12:00Z,4416.89990234375,4419.89990234375,4416.10009765625,4416.2001953125,262.0,yahoo,GC=F
2026-09-10T12:13:00Z,4416.10009765625,4416.7998046875,4414.60009765625,4415.60009765625,69.0,yahoo,GC=F
2026-09-10T12:14:00Z,4415.7998046875,4417.89990234375,4415.39990234375,4417.39990234375,190.0,yahoo,GC=F
2026-09-10T12:15:00Z,4417.10009765625,4419.2001953125,4413.2001953125,4414.89990234375,251.0,yahoo,GC=F
2026-09-10T12:16:00Z,4414.60009765625,4415.89990234375,4409.5,4410.60009765625,324.0,yahoo,GC=F
2026-09-10T12:17:00Z,4410.5,4412.7001953125,4408.60009765625,4412.2001953125,391.0,yahoo,GC=F
2026-09-10T12:18:00Z,4411.5,4416.2001953125,4411.5,4415.2001953125,330.0,yahoo,GC=F
2026-09-10T12:19:00Z,4415.2001953125,4415.39990234375,4413.60009765625,4414.10009765625,180.0,yahoo,GC=F
2026-09-10T12:20:00Z,4414.0,4415.60009765625,4410.60009765625,4415.60009765625,370.0,yahoo,GC=F
2026-09-10T12:21:00Z,4414.7998046875,4414.7998046875,4410.10009765625,4410.89990234375,196.0,yahoo,GC=F
2026-09-10T12:22:00Z,4410.7001953125,4411.7998046875,4409.39990234375,4411.7001953125,157.0,yahoo,GC=F
2026-09-10T12:23:00Z,4411.39990234375,4411.39990234375,4409.0,4409.7998046875,157.0,yahoo,GC=F
2026-09-10T12:24:00Z,4409.60009765625,4409.7998046875,4407.0,4409.5,389.0,yahoo,GC=F
2026-09-10T12:25:00Z,4409.0,4410.0,4405.60009765625,4406.39990234375,287.0,yahoo,GC=F
2026-09-10T12:26:00Z,4406.2998046875,4406.60009765625,4404.39990234375,4404.89990234375,277.0,yahoo,GC=F
2026-09-10T12:27:00Z,4404.7001953125,4406.39990234375,4403.7998046875,4404.5,331.0,yahoo,GC=F
2026-09-10T12:28:00Z,4404.5,4405.2998046875,4403.7998046875,4405.2998046875,238.0,yahoo,GC=F
2026-09-10T12:29:00Z,4405.0,4406.2998046875,4403.60009765625,4406.2998046875,153.0,yahoo,GC=F
2026-09-10T12:30:00Z,4406.89990234375,4415.39990234375,4400.89990234375,4402.0,1050.0,yahoo,GC=F
2026-09-10T12:31:00Z,4401.2001953125,4401.5,4394.10009765625,4394.60009765625,1109.0,yahoo,GC=F
2026-09-10T12:32:00Z,4394.5,4396.89990234375,4390.7001953125,4393.0,919.0,yahoo,GC=F
2026-09-10T12:33:00Z,4393.10009765625,4394.7001953125,4389.2998046875,4389.2998046875,751.0,yahoo,GC=F
2026-09-10T12:34:00Z,4389.2998046875,4390.2998046875,4380.39990234375,4384.0,1973.0,yahoo,GC=F
2026-09-10T12:35:00Z,4384.0,4385.0,4380.10009765625,4383.0,1126.0,yahoo,GC=F
2026-09-10T12:36:00Z,4383.39990234375,4384.89990234375,4376.7998046875,4378.7001953125,1841.0,yahoo,GC=F
2026-09-10T12:37:00Z,4378.60009765625,4379.39990234375,4373.0,4373.2998046875,799.0,yahoo,GC=F
2026-09-10T12:38:00Z,4372.89990234375,4373.5,4368.39990234375,4369.7998046875,1294.0,yahoo,GC=F
2026-09-10T12:39:00Z,4370.2001953125,4370.39990234375,4365.39990234375,4368.39990234375,693.0,yahoo,GC=F
2026-09-10T12:40:00Z,4368.60009765625,4371.2001953125,4365.5,4370.7998046875,934.0,yahoo,GC=F
2026-09-10T12:41:00Z,4370.60009765625,4375.10009765625,4369.5,4370.10009765625,1149.0,yahoo,GC=F
2026-09-10T12:42:00Z,4369.7998046875,4377.2001953125,4366.39990234375,4374.60009765625,1033.0,yahoo,GC=F
2026-09-10T12:43:00Z,4374.7001953125,4375.89990234375,4372.39990234375,4373.5,639.0,yahoo,GC=F
2026-09-10T12:44:00Z,4373.2998046875,4385.0,4371.7998046875,4382.5,1098.0,yahoo,GC=F
2026-09-10T12:45:00Z,4382.2998046875,4385.5,4380.89990234375,4382.7001953125,656.0,yahoo,GC=F
2026-09-10T12:46:00Z,4382.7001953125,4384.39990234375,4380.10009765625,4384.10009765625,476.0,yahoo,GC=F
2026-09-10T12:47:00Z,4383.7998046875,4387.7001953125,4382.2001953125,4382.39990234375,765.0,yahoo,GC=F
2026-09-10T12:48:00Z,4382.10009765625,4388.7001953125,4379.7998046875,4387.2998046875,987.0,yahoo,GC=F
2026-09-10T12:49:00Z,4387.10009765625,4391.39990234375,4386.89990234375,4391.2998046875,483.0,yahoo,GC=F
2026-09-10T12:50:00Z,4391.0,4396.7998046875,4390.7001953125,4395.89990234375,775.0,yahoo,GC=F
2026-09-10T12:51:00Z,4396.10009765625,4396.2998046875,4391.0,4392.7001953125,463.0,yahoo,GC=F
2026-09-10T12:52:00Z,4392.7998046875,4392.89990234375,4387.10009765625,4388.5,543.0,yahoo,GC=F
2026-09-10T12:53:00Z,4388.39990234375,4388.7998046875,4385.7998046875,4386.10009765625,366.0,yahoo,GC=F
2026-09-10T12:54:00Z,4386.2001953125,4388.10009765625,4384.2001953125,4385.10009765625,295.0,yahoo,GC=F
2026-09-10T12:55:00Z,4384.7001953125,4384.7001953125,4379.5,4380.10009765625,606.0,yahoo,GC=F
2026-09-10T12:56:00Z,4379.89990234375,4382.7998046875,4378.0,4379.89990234375,385.0,yahoo,GC=F
2026-09-10T12:57:00Z,4380.0,4384.2998046875,4379.60009765625,4382.7001953125,242.0,yahoo,GC=F
2026-09-10T12:58:00Z,4382.7998046875,4385.89990234375,4382.5,4383.89990234375,453.0,yahoo,GC=F
2026-09-10T12:59:00Z,4383.39990234375,4384.10009765625,4379.39990234375,4381.7998046875,356.0,yahoo,GC=F
2026-09-10T13:00:00Z,4382.10009765625,4389.10009765625,4380.39990234375,4384.7998046875,863.0,yahoo,GC=F
2026-09-10T13:01:00Z,4385.0,4394.60009765625,4384.7001953125,4390.5,546.0,yahoo,GC=F
2026-09-10T13:02:00Z,4390.60009765625,4397.39990234375,4390.10009765625,4395.7998046875,410.0,yahoo,GC=F
2026-09-10T13:03:00Z,4396.10009765625,4396.5,4390.2001953125,4392.0,394.0,yahoo,GC=F
2026-09-10T13:04:00Z,4392.5,4396.2998046875,4392.5,4392.89990234375,282.0,yahoo,GC=F
2026-09-10T13:05:00Z,4393.10009765625,4395.0,4390.0,4390.5,636.0,yahoo,GC=F
2026-09-10T13:06:00Z,4390.5,4391.7001953125,4388.39990234375,4389.39990234375,182.0,yahoo,GC=F
2026-09-10T13:07:00Z,4389.2998046875,4394.10009765625,4388.7001953125,4389.60009765625,403.0,yahoo,GC=F
2026-09-10T13:08:00Z,4389.7001953125,4392.10009765625,4388.5,4390.7001953125,455.0,yahoo,GC=F
2026-09-10T13:09:00Z,4390.89990234375,4395.2998046875,4389.2001953125,4389.2001953125,256.0,yahoo,GC=F
2026-09-10T13:10:00Z,4389.39990234375,4393.2001953125,4388.60009765625,4390.5,211.0,yahoo,GC=F
2026-09-10T13:11:00Z,4390.2998046875,4390.89990234375,4388.0,4388.7001953125,213.0,yahoo,GC=F
2026-09-10T13:12:00Z,4388.5,4391.0,4386.0,4387.5,527.0,yahoo,GC=F
2026-09-10T13:13:00Z,4387.7001953125,4389.2998046875,4386.89990234375,4388.10009765625,213.0,yahoo,GC=F
2026-09-10T13:14:00Z,4388.5,4390.2998046875,4385.5,4385.7001953125,156.0,yahoo,GC=F
2026-09-10T13:15:00Z,4385.5,4388.39990234375,4383.2001953125,4387.89990234375,294.0,yahoo,GC=F
2026-09-10T13:16:00Z,4387.60009765625,4387.60009765625,4383.0,4386.2001953125,227.0,yahoo,GC=F
2026-09-10T13:17:00Z,4385.89990234375,4387.39990234375,4385.2998046875,4386.7998046875,225.0,yahoo,GC=F
2026-09-10T13:18:00Z,4386.7998046875,4389.5,4386.60009765625,4389.2001953125,274.0,yahoo,GC=F
2026-09-10T13:19:00Z,4389.2998046875,4391.10009765625,4386.2998046875,4391.0,200.0,yahoo,GC=F
2026-09-10T13:20:00Z,4391.7001953125,4394.2998046875,4391.2001953125,4393.7998046875,396.0,yahoo,GC=F
2026-09-10T13:21:00Z,4393.89990234375,4398.0,4393.2998046875,4395.2001953125,497.0,yahoo,GC=F
2026-09-10T13:22:00Z,4395.39990234375,4397.2998046875,4393.89990234375,4394.7998046875,202.0,yahoo,GC=F
2026-09-10T13:23:00Z,4394.7998046875,4397.2998046875,4394.7001953125,4396.10009765625,107.0,yahoo,GC=F
2026-09-10T13:24:00Z,4396.0,4396.0,4391.10009765625,4392.0,192.0,yahoo,GC=F
2026-09-10T13:25:00Z,4391.60009765625,4392.2001953125,4389.7998046875,4390.7998046875,146.0,yahoo,GC=F
2026-09-10T13:26:00Z,4390.7998046875,4391.10009765625,4386.7001953125,4390.89990234375,344.0,yahoo,GC=F
2026-09-10T13:27:00Z,4390.7998046875,4396.0,4390.2001953125,4395.89990234375,195.0,yahoo,GC=F
2026-09-10T13:28:00Z,4395.39990234375,4398.39990234375,4393.0,4398.2998046875,131.0,yahoo,GC=F
2026-09-10T13:29:00Z,4398.60009765625,4399.7998046875,4397.7998046875,4399.60009765625,243.0,yahoo,GC=F
2026-09-10T13:30:00Z,4399.7001953125,4400.7998046875,4395.39990234375,4398.0,649.0,yahoo,GC=F
2026-09-10T13:31:00Z,4397.60009765625,4400.89990234375,4394.10009765625,4398.7001953125,412.0,yahoo,GC=F
2026-09-10T13:32:00Z,4398.60009765625,4404.7998046875,4398.39990234375,4402.2998046875,283.0,yahoo,GC=F
2026-09-10T13:33:00Z,4402.2998046875,4409.60009765625,4401.60009765625,4409.0,409.0,yahoo,GC=F
2026-09-10T13:34:00Z,4408.5,4410.10009765625,4405.2001953125,4405.2998046875,371.0,yahoo,GC=F
2026-09-10T13:35:00Z,4405.0,4407.89990234375,4401.39990234375,4402.10009765625,348.0,yahoo,GC=F
2026-09-10T13:36:00Z,4402.10009765625,4406.10009765625,4401.7001953125,4402.0,276.0,yahoo,GC=F
2026-09-10T13:37:00Z,4402.0,4410.0,4402.0,4409.2998046875,548.0,yahoo,GC=F
2026-09-10T13:38:00Z,4409.7998046875,4413.7998046875,4409.60009765625,4413.2001953125,1342.0,yahoo,GC=F
2026-09-10T13:39:00Z,4413.0,4413.5,4409.89990234375,4411.7001953125,753.0,yahoo,GC=F
2026-09-10T13:40:00Z,4411.39990234375,4416.0,4409.7001953125,4414.10009765625,389.0,yahoo,GC=F
2026-09-10T13:41:00Z,4414.2998046875,4415.7998046875,4409.2001953125,4412.10009765625,387.0,yahoo,GC=F
2026-09-10T13:42:00Z,4412.2001953125,4414.7001953125,4409.39990234375,4411.60009765625,301.0,yahoo,GC=F
2026-09-10T13:43:00Z,4411.60009765625,4412.60009765625,4408.0,4409.10009765625,310.0,yahoo,GC=F
2026-09-10T13:44:00Z,4409.39990234375,4410.0,4405.60009765625,4407.0,361.0,yahoo,GC=F
2026-09-10T13:45:00Z,4407.10009765625,4408.7001953125,4405.7998046875,4408.7001953125,780.0,yahoo,GC=F
2026-09-10T13:46:00Z,4408.39990234375,4410.60009765625,4407.39990234375,4410.39990234375,807.0,yahoo,GC=F
2026-09-10T13:47:00Z,4410.2001953125,4414.60009765625,4408.7001953125,4414.2001953125,646.0,yahoo,GC=F
2026-09-10T13:48:00Z,4414.10009765625,4417.10009765625,4412.2998046875,4415.7998046875,305.0,yahoo,GC=F
2026-09-10T13:49:00Z,4416.2001953125,4418.10009765625,4413.7001953125,4413.7001953125,612.0,yahoo,GC=F
2026-09-10T13:50:00Z,4413.89990234375,4415.10009765625,4408.0,4409.5,835.0,yahoo,GC=F
2026-09-10T13:51:00Z,4409.0,4409.0,4405.2001953125,4406.2998046875,567.0,yahoo,GC=F
2026-09-10T13:52:00Z,4406.60009765625,4415.7001953125,4404.39990234375,4414.7001953125,500.0,yahoo,GC=F
2026-09-10T13:53:00Z,4415.0,4416.7998046875,4413.5,4414.2001953125,604.0,yahoo,GC=F
2026-09-10T13:54:00Z,4414.2998046875,4415.2001953125,4409.2001953125,4409.2001953125,713.0,yahoo,GC=F
2026-09-10T13:55:00Z,4409.2998046875,4410.39990234375,4407.60009765625,4409.0,391.0,yahoo,GC=F
2026-09-10T13:56:00Z,4409.2001953125,4412.89990234375,4408.5,4411.2001953125,182.0,yahoo,GC=F
2026-09-10T13:57:00Z,4411.60009765625,4411.89990234375,4409.10009765625,4410.10009765625,139.0,yahoo,GC=F
2026-09-10T13:58:00Z,4409.7001953125,4411.0,4408.5,4408.89990234375,116.0,yahoo,GC=F
2026-09-10T13:59:00Z,4408.5,4410.2998046875,4406.7998046875,4408.5,225.0,yahoo,GC=F
2026-09-10T14:00:00Z,4408.2998046875,4414.2001953125,4408.2998046875,4410.7998046875,568.0,yahoo,GC=F
2026-09-10T14:01:00Z,4410.7001953125,4416.60009765625,4410.0,4415.7998046875,388.0,yahoo,GC=F
2026-09-10T14:02:00Z,4415.7998046875,4417.7998046875,4414.5,4415.2001953125,312.0,yahoo,GC=F
2026-09-10T14:03:00Z,4415.60009765625,4416.0,4412.39990234375,4414.39990234375,214.0,yahoo,GC=F
2026-09-10T14:04:00Z,4414.60009765625,4414.60009765625,4411.0,4412.60009765625,145.0,yahoo,GC=F
2026-09-10T14:05:00Z,4412.60009765625,4414.5,4409.60009765625,4409.7001953125,267.0,yahoo,GC=F
2026-09-10T14:06:00Z,4410.10009765625,4411.2998046875,4406.7001953125,4407.39990234375,443.0,yahoo,GC=F
2026-09-10T14:07:00Z,4407.2001953125,4409.0,4404.2001953125,4404.2998046875,423.0,yahoo,GC=F
2026-09-10T14:08:00Z,4405.0,4406.7001953125,4403.7001953125,4404.39990234375,294.0,yahoo,GC=F
2026-09-10T14:09:00Z,4404.60009765625,4408.0,4404.60009765625,4407.0,217.0,yahoo,GC=F
2026-09-10T14:10:00Z,4406.39990234375,4408.39990234375,4404.7001953125,4405.5,248.0,yahoo,GC=F
2026-09-10T14:11:00Z,4405.39990234375,4409.89990234375,4404.7001953125,4408.60009765625,173.0,yahoo,GC=F
2026-09-10T14:12:00Z,4408.39990234375,4408.7998046875,4402.2998046875,4403.2998046875,224.0,yahoo,GC=F
2026-09-10T14:13:00Z,4403.10009765625,4405.2998046875,4402.60009765625,4403.10009765625,130.0,yahoo,GC=F
2026-09-10T14:14:00Z,4403.10009765625,4404.2998046875,4401.7001953125,4401.7998046875,246.0,yahoo,GC=F
2026-09-10T14:15:00Z,4401.7001953125,4404.5,4401.60009765625,4404.39990234375,221.0,yahoo,GC=F
2026-09-10T14:16:00Z,4403.2998046875,4404.10009765625,4400.7001953125,4402.39990234375,326.0,yahoo,GC=F
2026-09-10T14:17:00Z,4402.60009765625,4402.60009765625,4397.2998046875,4398.10009765625,829.0,yahoo,GC=F
2026-09-10T14:18:00Z,4398.0,4402.7001953125,4396.5,4402.0,362.0,yahoo,GC=F
2026-09-10T14:19:00Z,4402.0,4405.7998046875,4402.0,4405.0,295.0,yahoo,GC=F
2026-09-10T14:20:00Z,4404.7998046875,4409.0,4404.2998046875,4406.39990234375,457.0,yahoo,GC=F
2026-09-10T14:21:00Z,4406.5,4407.5,4404.7001953125,4407.2998046875,187.0,yahoo,GC=F
2026-09-10T14:22:00Z,4407.39990234375,4409.5,4406.2001953125,4409.2998046875,306.0,yahoo,GC=F
2026-09-10T14:23:00Z,4409.7001953125,4410.5,4404.2001953125,4404.39990234375,266.0,yahoo,GC=F
2026-09-10T14:24:00Z,4404.60009765625,4416.7998046875,4401.7998046875,4413.89990234375,1424.0,yahoo,GC=F
2026-09-10T14:25:00Z,4413.7001953125,4419.10009765625,4413.60009765625,4414.0,1184.0,yahoo,GC=F
2026-09-10T14:26:00Z,4414.5,4414.5,4408.7001953125,4408.89990234375,380.0,yahoo,GC=F
2026-09-10T14:27:00Z,4408.7001953125,4411.7001953125,4407.39990234375,4409.39990234375,210.0,yahoo,GC=F
2026-09-10T14:28:00Z,4409.60009765625,4410.5,4408.89990234375,4410.0,147.0,yahoo,GC=F
2026-09-10T14:29:00Z,4409.89990234375,4410.0,4405.2001953125,4405.89990234375,170.0,yahoo,GC=F
2026-09-10T14:30:00Z,4406.0,4406.39990234375,4403.39990234375,4403.39990234375,262.0,yahoo,GC=F
2026-09-10T14:31:00Z,4403.7998046875,4405.10009765625,4402.89990234375,4404.60009765625,161.0,yahoo,GC=F
2026-09-10T14:32:00Z,4404.2001953125,4406.7998046875,4403.60009765625,4406.7001953125,285.0,yahoo,GC=F
2026-09-10T14:33:00Z,4406.10009765625,4408.0,4404.60009765625,4405.10009765625,115.0,yahoo,GC=F
2026-09-10T14:34:00Z,4405.39990234375,4408.2001953125,4405.39990234375,4407.10009765625,145.0,yahoo,GC=F
2026-09-10T14:35:00Z,4407.0,4412.10009765625,4407.0,4410.60009765625,365.0,yahoo,GC=F
2026-09-10T14:36:00Z,4410.7998046875,4412.7998046875,4409.0,4412.7998046875,184.0,yahoo,GC=F
2026-09-10T14:37:00Z,4412.7998046875,4412.7998046875,4409.7001953125,4411.5,320.0,yahoo,GC=F
2026-09-10T14:38:00Z,4411.2001953125,4411.60009765625,4407.60009765625,4409.5,234.0,yahoo,GC=F
2026-09-10T14:39:00Z,4409.5,4409.7001953125,4405.2001953125,4405.39990234375,180.0,yahoo,GC=F
2026-09-10T14:40:00Z,4405.7998046875,4412.5,4405.2001953125,4411.5,486.0,yahoo,GC=F
2026-09-10T14:41:00Z,4411.5,4412.0,4407.7001953125,4407.7001953125,209.0,yahoo,GC=F
2026-09-10T14:42:00Z,4407.7998046875,4408.2001953125,4402.7001953125,4402.89990234375,209.0,yahoo,GC=F
2026-09-10T14:43:00Z,4402.89990234375,4402.89990234375,4399.39990234375,4400.2001953125,258.0,yahoo,GC=F
2026-09-10T14:44:00Z,4400.2998046875,4402.0,4398.60009765625,4398.7998046875,427.0,yahoo,GC=F
2026-09-10T14:45:00Z,4398.60009765625,4399.2001953125,4396.39990234375,4398.10009765625,422.0,yahoo,GC=F
2026-09-10T14:46:00Z,4398.0,4401.0,4398.0,4399.7998046875,372.0,yahoo,GC=F
2026-09-10T14:47:00Z,4399.7001953125,4399.7001953125,4396.89990234375,4396.89990234375,194.0,yahoo,GC=F
2026-09-10T14:48:00Z,4396.89990234375,4399.7998046875,4396.5,4399.7998046875,219.0,yahoo,GC=F
2026-09-10T14:49:00Z,4399.2001953125,4401.60009765625,4399.2001953125,4400.10009765625,117.0,yahoo,GC=F
2026-09-10T14:50:00Z,4400.10009765625,4400.7998046875,4398.7001953125,4399.5,133.0,yahoo,GC=F
2026-09-10T14:51:00Z,4399.5,4401.7001953125,4399.2998046875,4401.7001953125,133.0,yahoo,GC=F
2026-09-10T14:52:00Z,4401.60009765625,4402.5,4400.60009765625,4402.5,148.0,yahoo,GC=F
2026-09-10T14:53:00Z,4403.10009765625,4404.10009765625,4402.5,4403.2998046875,116.0,yahoo,GC=F
2026-09-10T14:54:00Z,4402.89990234375,4403.0,4397.2998046875,4397.60009765625,144.0,yahoo,GC=F
2026-09-10T14:55:00Z,4397.5,4399.39990234375,4396.39990234375,4398.10009765625,197.0,yahoo,GC=F
2026-09-10T14:56:00Z,4398.10009765625,4401.2001953125,4397.89990234375,4401.2001953125,122.0,yahoo,GC=F
2026-09-10T14:57:00Z,4401.10009765625,4402.10009765625,4399.7998046875,4400.89990234375,92.0,yahoo,GC=F
2026-09-10T14:58:00Z,4400.7001953125,4401.10009765625,4398.2001953125,4399.5,114.0,yahoo,GC=F
2026-09-10T14:59:00Z,4400.0,4401.39990234375,4398.7998046875,4400.10009765625,95.0,yahoo,GC=F
2026-09-10T15:00:00Z,4400.39990234375,4400.7001953125,4397.2998046875,4398.2001953125,296.0,yahoo,GC=F
2026-09-10T15:01:00Z,4398.2998046875,4398.2998046875,4395.2998046875,4395.60009765625,193.0,yahoo,GC=F
2026-09-10T15:02:00Z,4395.7001953125,4397.2998046875,4394.60009765625,4395.7998046875,189.0,yahoo,GC=F
2026-09-10T15:03:00Z,4395.7998046875,4397.89990234375,4394.89990234375,4396.7001953125,113.0,yahoo,GC=F
2026-09-10T15:04:00Z,4396.5,4399.10009765625,4395.39990234375,4395.7001953125,282.0,yahoo,GC=F
2026-09-10T15:05:00Z,4395.5,4399.2998046875,4395.5,4399.2998046875,113.0,yahoo,GC=F
2026-09-10T15:06:00Z,4399.10009765625,4399.2001953125,4395.2998046875,4396.7001953125,82.0,yahoo,GC=F
2026-09-10T15:07:00Z,4396.39990234375,4399.60009765625,4396.0,4399.0,128.0,yahoo,GC=F
2026-09-10T15:08:00Z,4398.7998046875,4400.7001953125,4398.2998046875,4400.5,125.0,yahoo,GC=F
2026-09-10T15:09:00Z,4400.89990234375,4400.89990234375,4397.39990234375,4397.7001953125,127.0,yahoo,GC=F
2026-09-10T15:10:00Z,4397.60009765625,4403.60009765625,4397.60009765625,4402.39990234375,182.0,yahoo,GC=F
2026-09-10T15:11:00Z,4402.39990234375,4403.2001953125,4399.89990234375,4401.0,105.0,yahoo,GC=F
2026-09-10T15:12:00Z,4401.60009765625,4402.2998046875,4399.39990234375,4400.0,107.0,yahoo,GC=F
2026-09-10T15:13:00Z,4400.10009765625,4401.60009765625,4398.10009765625,4400.89990234375,302.0,yahoo,GC=F
2026-09-10T15:14:00Z,4401.2001953125,4402.39990234375,4399.89990234375,4402.2998046875,142.0,yahoo,GC=F
2026-09-10T15:15:00Z,4401.5,4404.7001953125,4400.5,4404.2998046875,160.0,yahoo,GC=F
2026-09-10T15:16:00Z,4404.2998046875,4405.10009765625,4402.2998046875,4403.89990234375,195.0,yahoo,GC=F
2026-09-10T15:17:00Z,4403.7998046875,4406.7001953125,4403.7001953125,4406.7001953125,287.0,yahoo,GC=F
2026-09-10T15:18:00Z,4406.2001953125,4407.0,4405.0,4407.0,157.0,yahoo,GC=F
2026-09-10T15:19:00Z,4406.89990234375,4406.89990234375,4404.89990234375,4405.10009765625,134.0,yahoo,GC=F
2026-09-10T15:20:00Z,4405.60009765625,4407.7998046875,4404.2001953125,4404.2001953125,134.0,yahoo,GC=F
2026-09-10T15:21:00Z,4404.5,4406.60009765625,4403.2001953125,4406.2001953125,182.0,yahoo,GC=F
2026-09-10T15:22:00Z,4406.2001953125,4408.7001953125,4405.39990234375,4408.60009765625,116.0,yahoo,GC=F
2026-09-10T15:23:00Z,4408.5,4409.2001953125,4406.7001953125,4407.2001953125,149.0,yahoo,GC=F
2026-09-10T15:24:00Z,4407.60009765625,4408.5,4407.2001953125,4408.10009765625,69.0,yahoo,GC=F
2026-09-10T15:25:00Z,4408.10009765625,4408.39990234375,4406.39990234375,4408.39990234375,103.0,yahoo,GC=F
2026-09-10T15:26:00Z,4407.7001953125,4408.7001953125,4407.0,4407.0,50.0,yahoo,GC=F
2026-09-10T15:27:00Z,4407.0,4409.7001953125,4406.7998046875,4409.5,129.0,yahoo,GC=F
2026-09-10T15:28:00Z,4409.2998046875,4409.60009765625,4405.0,4405.0,173.0,yahoo,GC=F
2026-09-10T15:29:00Z,4405.10009765625,4407.5,4405.10009765625,4407.2998046875,128.0,yahoo,GC=F
2026-09-10T15:30:00Z,4407.39990234375,4409.2998046875,4406.7998046875,4408.39990234375,117.0,yahoo,GC=F
2026-09-10T15:31:00Z,4408.2001953125,4408.60009765625,4405.0,4405.7001953125,80.0,yahoo,GC=F
2026-09-10T15:32:00Z,4406.0,4406.0,4404.2998046875,4405.2998046875,208.0,yahoo,GC=F
2026-09-10T15:33:00Z,4405.2998046875,4409.0,4404.7998046875,4408.60009765625,119.0,yahoo,GC=F
2026-09-10T15:34:00Z,4408.7998046875,4411.60009765625,4408.5,4411.2998046875,202.0,yahoo,GC=F
2026-09-10T15:35:00Z,4411.60009765625,4412.60009765625,4410.7001953125,4412.10009765625,199.0,yahoo,GC=F
2026-09-10T15:36:00Z,4412.2998046875,4413.10009765625,4411.60009765625,4412.0,135.0,yahoo,GC=F
2026-09-10T15:37:00Z,4411.7001953125,4414.10009765625,4411.5,4412.7001953125,147.0,yahoo,GC=F
2026-09-10T15:38:00Z,4412.7001953125,4413.2998046875,4411.10009765625,4411.10009765625,142.0,yahoo,GC=F
2026-09-10T15:39:00Z,4411.2998046875,4411.60009765625,4408.7001953125,4410.39990234375,252.0,yahoo,GC=F
2026-09-10T15:40:00Z,4410.2998046875,4410.7001953125,4408.2001953125,4408.39990234375,165.0,yahoo,GC=F
2026-09-10T15:41:00Z,4408.5,4409.7998046875,4406.89990234375,4409.0,166.0,yahoo,GC=F
2026-09-10T15:42:00Z,4408.7998046875,4408.89990234375,4407.39990234375,4407.5,88.0,yahoo,GC=F
2026-09-10T15:43:00Z,4407.60009765625,4407.60009765625,4405.89990234375,4406.7998046875,100.0,yahoo,GC=F
2026-09-10T15:44:00Z,4407.10009765625,4408.5,4406.2998046875,4407.7998046875,73.0,yahoo,GC=F
2026-09-10T15:45:00Z,4408.10009765625,4408.2001953125,4406.60009765625,4406.60009765625,52.0,yahoo,GC=F
2026-09-10T15:46:00Z,4406.39990234375,4407.2998046875,4405.2998046875,4405.7998046875,112.0,yahoo,GC=F
2026-09-10T15:47:00Z,4405.89990234375,4405.89990234375,4402.7001953125,4404.7001953125,225.0,yahoo,GC=F
2026-09-10T15:48:00Z,4404.60009765625,4406.0,4404.2001953125,4404.60009765625,94.0,yahoo,GC=F
2026-09-10T15:49:00Z,4405.0,4409.0,4404.39990234375,4409.0,150.0,yahoo,GC=F
2026-09-10T15:50:00Z,4409.10009765625,4409.5,4407.7001953125,4407.89990234375,90.0,yahoo,GC=F
2026-09-10T15:51:00Z,4407.7001953125,4410.7998046875,4407.7001953125,4410.7001953125,103.0,yahoo,GC=F
2026-09-10T15:52:00Z,4410.5,4412.2998046875,4410.5,4410.89990234375,148.0,yahoo,GC=F
2026-09-10T15:53:00Z,4410.5,4410.89990234375,4409.2998046875,4409.5,85.0,yahoo,GC=F
2026-09-10T15:54:00Z,4409.60009765625,4409.89990234375,4407.5,4407.7998046875,158.0,yahoo,GC=F
2026-09-10T15:55:00Z,4407.7998046875,4408.7998046875,4405.89990234375,4408.2998046875,108.0,yahoo,GC=F
2026-09-10T15:56:00Z,4407.89990234375,4408.60009765625,4407.7998046875,4407.7998046875,61.0,yahoo,GC=F
2026-09-10T15:57:00Z,4407.7001953125,4409.2001953125,4407.5,4407.5,59.0,yahoo,GC=F
2026-09-10T15:58:00Z,4407.2998046875,4409.39990234375,4407.2998046875,4409.39990234375,39.0,yahoo,GC=F
2026-09-10T15:59:00Z,4409.39990234375,4409.60009765625,4407.7998046875,4407.7998046875,42.0,yahoo,GC=F
2026-09-10T16:00:00Z,4408.10009765625,4410.39990234375,4407.0,4409.89990234375,249.0,yahoo,GC=F
2026-09-10T16:01:00Z,4410.2001953125,4411.0,4408.10009765625,4409.5,84.0,yahoo,GC=F
2026-09-10T16:02:00Z,4409.7998046875,4410.39990234375,4409.10009765625,4409.7998046875,73.0,yahoo,GC=F
2026-09-10T16:03:00Z,4409.7001953125,4411.39990234375,4408.0,4410.5,141.0,yahoo,GC=F
2026-09-10T16:04:00Z,4410.7001953125,4412.0,4409.5,4409.60009765625,157.0,yahoo,GC=F
2026-09-10T16:05:00Z,4409.0,4410.7998046875,4407.89990234375,4407.89990234375,80.0,yahoo,GC=F
2026-09-10T16:06:00Z,4408.10009765625,4408.39990234375,4406.89990234375,4407.0,92.0,yahoo,GC=F
2026-09-10T16:07:00Z,4406.7998046875,4407.39990234375,4405.0,4405.7998046875,125.0,yahoo,GC=F
2026-09-10T16:08:00Z,4405.60009765625,4406.2001953125,4402.5,4402.7001953125,310.0,yahoo,GC=F
2026-09-10T16:09:00Z,4402.2001953125,4403.89990234375,4401.5,4401.89990234375,194.0,yahoo,GC=F
2026-09-10T16:10:00Z,4401.89990234375,4403.0,4399.10009765625,4399.2998046875,324.0,yahoo,GC=F
2026-09-10T16:11:00Z,4399.2998046875,4399.39990234375,4396.89990234375,4397.2001953125,394.0,yahoo,GC=F
2026-09-10T16:12:00Z,4397.10009765625,4400.2998046875,4395.5,4400.0,263.0,yahoo,GC=F
2026-09-10T16:13:00Z,4399.7998046875,4400.89990234375,4399.2998046875,4400.60009765625,74.0,yahoo,GC=F
2026-09-10T16:14:00Z,4401.2001953125,4402.2998046875,4400.5,4400.7998046875,74.0,yahoo,GC=F
2026-09-10T16:15:00Z,4400.60009765625,4403.10009765625,4400.5,4401.5,105.0,yahoo,GC=F
2026-09-10T16:16:00Z,4401.39990234375,4401.7001953125,4399.5,4399.60009765625,71.0,yahoo,GC=F
2026-09-10T16:17:00Z,4399.7001953125,4400.2001953125,4397.10009765625,4397.7001953125,97.0,yahoo,GC=F
2026-09-10T16:18:00Z,4397.5,4399.10009765625,4397.2998046875,4398.7998046875,69.0,yahoo,GC=F
2026-09-10T16:19:00Z,4398.7001953125,4401.5,4398.7001953125,4401.10009765625,149.0,yahoo,GC=F
2026-09-10T16:20:00Z,4401.7001953125,4402.39990234375,4400.7998046875,4401.7998046875,207.0,yahoo,GC=F
2026-09-10T16:21:00Z,4401.7998046875,4404.0,4401.60009765625,4403.60009765625,129.0,yahoo,GC=F
2026-09-10T16:22:00Z,4403.5,4404.2001953125,4403.2001953125,4404.0,70.0,yahoo,GC=F
2026-09-10T16:23:00Z,4404.0,4404.7998046875,4402.7998046875,4403.5,75.0,yahoo,GC=F
2026-09-10T16:24:00Z,4403.2998046875,4403.7001953125,4402.39990234375,4403.39990234375,50.0,yahoo,GC=F
2026-09-10T16:25:00Z,4403.2998046875,4403.2998046875,4402.2001953125,4402.2998046875,31.0,yahoo,GC=F
2026-09-10T16:26:00Z,4402.5,4404.2998046875,4401.7998046875,4404.2001953125,138.0,yahoo,GC=F
2026-09-10T16:27:00Z,4404.2998046875,4404.60009765625,4403.7001953125,4404.10009765625,50.0,yahoo,GC=F
2026-09-10T16:28:00Z,4404.2998046875,4404.7998046875,4404.0,4404.5,52.0,yahoo,GC=F
2026-09-10T16:29:00Z,4405.0,4405.7001953125,4404.2998046875,4405.10009765625,55.0,yahoo,GC=F
2026-09-10T16:30:00Z,4404.5,4405.7998046875,4403.60009765625,4403.7001953125,104.0,yahoo,GC=F
2026-09-10T16:31:00Z,4404.39990234375,4406.60009765625,4404.2998046875,4405.7001953125,123.0,yahoo,GC=F
2026-09-10T16:32:00Z,4405.39990234375,4407.5,4405.2001953125,4406.60009765625,68.0,yahoo,GC=F
2026-09-10T16:33:00Z,4406.7998046875,4406.89990234375,4405.5,4405.7001953125,66.0,yahoo,GC=F
2026-09-10T16:34:00Z,4405.60009765625,4406.7001953125,4399.2998046875,4399.60009765625,1280.0,yahoo,GC=F
2026-09-10T16:35:00Z,4399.5,4401.2001953125,4397.89990234375,4399.10009765625,248.0,yahoo,GC=F
2026-09-10T16:36:00Z,4398.5,4401.60009765625,4398.5,4400.7001953125,173.0,yahoo,GC=F
2026-09-10T16:37:00Z,4400.89990234375,4403.0,4400.89990234375,4402.2001953125,84.0,yahoo,GC=F
2026-09-10T16:38:00Z,4402.2001953125,4403.39990234375,4401.7998046875,4402.0,48.0,yahoo,GC=F
2026-09-10T16:39:00Z,4402.0,4403.39990234375,4401.60009765625,4402.2998046875,109.0,yahoo,GC=F
2026-09-10T16:40:00Z,4402.39990234375,4402.7998046875,4400.89990234375,4401.89990234375,99.0,yahoo,GC=F
2026-09-10T16:41:00Z,4402.10009765625,4403.7998046875,4401.89990234375,4403.5,43.0,yahoo,GC=F
2026-09-10T16:42:00Z,4403.10009765625,4403.10009765625,4399.39990234375,4399.7998046875,117.0,yahoo,GC=F
2026-09-10T16:43:00Z,4399.10009765625,4400.2998046875,4398.7001953125,4399.89990234375,104.0,yahoo,GC=F
2026-09-10T16:44:00Z,4400.0,4400.89990234375,4398.2998046875,4398.39990234375,198.0,yahoo,GC=F
2026-09-10T16:45:00Z,4398.60009765625,4403.0,4398.5,4402.7998046875,231.0,yahoo,GC=F
2026-09-10T16:46:00Z,4403.0,4403.60009765625,4401.0,4402.7998046875,202.0,yahoo,GC=F
2026-09-10T16:47:00Z,4403.0,4405.2998046875,4402.0,4404.5,130.0,yahoo,GC=F
2026-09-10T16:48:00Z,4404.60009765625,4405.2001953125,4402.7001953125,4403.2001953125,102.0,yahoo,GC=F
2026-09-10T16:49:00Z,4403.0,4403.10009765625,4401.10009765625,4402.2001953125,109.0,yahoo,GC=F
2026-09-10T16:50:00Z,4402.39990234375,4404.2998046875,4402.39990234375,4404.0,83.0,yahoo,GC=F
2026-09-10T16:51:00Z,4403.7998046875,4405.2001953125,4403.39990234375,4404.2001953125,99.0,yahoo,GC=F
2026-09-10T16:52:00Z,4404.39990234375,4406.0,4404.10009765625,4404.10009765625,115.0,yahoo,GC=F
2026-09-10T16:53:00Z,4404.2001953125,4405.7001953125,4403.60009765625,4405.10009765625,165.0,yahoo,GC=F
2026-09-10T16:54:00Z,4405.2998046875,4405.39990234375,4403.10009765625,4403.89990234375,75.0,yahoo,GC=F
2026-09-10T16:55:00Z,4403.60009765625,4403.7998046875,4401.60009765625,4402.7001953125,67.0,yahoo,GC=F
2026-09-10T16:56:00Z,4403.10009765625,4403.2998046875,4402.2001953125,4402.2998046875,20.0,yahoo,GC=F
2026-09-10T16:57:00Z,4402.5,4404.10009765625,4402.2001953125,4403.2998046875,72.0,yahoo,GC=F
2026-09-10T16:58:00Z,4403.5,4406.39990234375,4403.5,4406.0,162.0,yahoo,GC=F
2026-09-10T16:59:00Z,4406.2001953125,4406.39990234375,4405.10009765625,4406.39990234375,107.0,yahoo,GC=F
2026-09-10T17:00:00Z,4406.2001953125,4406.2001953125,4404.2998046875,4405.7001953125,152.0,yahoo,GC=F
2026-09-10T17:01:00Z,4406.0,4406.10009765625,4404.10009765625,4404.60009765625,109.0,yahoo,GC=F
2026-09-10T17:02:00Z,4404.7998046875,4410.5,4404.39990234375,4404.39990234375,731.0,yahoo,GC=F
2026-09-10T17:03:00Z,4404.5,4404.5,4401.60009765625,4402.7001953125,129.0,yahoo,GC=F
2026-09-10T17:04:00Z,4402.60009765625,4405.60009765625,4402.5,4405.60009765625,116.0,yahoo,GC=F
2026-09-10T17:05:00Z,4405.7998046875,4406.7998046875,4403.2998046875,4403.2998046875,141.0,yahoo,GC=F
2026-09-10T17:06:00Z,4403.2998046875,4405.5,4402.89990234375,4404.7998046875,115.0,yahoo,GC=F
2026-09-10T17:07:00Z,4404.60009765625,4405.5,4404.39990234375,4405.2001953125,128.0,yahoo,GC=F
2026-09-10T17:08:00Z,4405.10009765625,4405.7998046875,4403.7001953125,4404.2001953125,49.0,yahoo,GC=F
2026-09-10T17:09:00Z,4404.0,4404.7001953125,4402.5,4403.60009765625,132.0,yahoo,GC=F
2026-09-10T17:10:00Z,4404.2998046875,4408.10009765625,4404.2998046875,4408.10009765625,117.0,yahoo,GC=F
2026-09-10T17:11:00Z,4407.7998046875,4408.2998046875,4406.7998046875,4407.7998046875,100.0,yahoo,GC=F
2026-09-10T17:12:00Z,4407.7998046875,4408.39990234375,4407.0,4407.2998046875,107.0,yahoo,GC=F
2026-09-10T17:13:00Z,4407.2998046875,4407.2998046875,4404.7001953125,4404.7001953125,144.0,yahoo,GC=F
2026-09-10T17:14:00Z,4404.2001953125,4404.60009765625,4403.39990234375,4404.60009765625,81.0,yahoo,GC=F
2026-09-10T17:15:00Z,4404.5,4404.60009765625,4403.60009765625,4403.89990234375,89.0,yahoo,GC=F
2026-09-10T17:16:00Z,4404.39990234375,4406.7001953125,4404.10009765625,4406.0,77.0,yahoo,GC=F
2026-09-10T17:17:00Z,4406.10009765625,4406.2001953125,4404.89990234375,4404.89990234375,57.0,yahoo,GC=F
2026-09-10T17:18:00Z,4405.10009765625,4405.7998046875,4403.2001953125,4404.60009765625,105.0,yahoo,GC=F
2026-09-10T17:19:00Z,4404.7998046875,4406.7998046875,4404.2001953125,4406.10009765625,85.0,yahoo,GC=F
2026-09-10T17:20:00Z,4406.2001953125,4406.7998046875,4404.7998046875,4406.7001953125,59.0,yahoo,GC=F
2026-09-10T17:21:00Z,4406.7998046875,4407.60009765625,4406.0,4406.0,129.0,yahoo,GC=F
2026-09-10T17:22:00Z,4405.89990234375,4407.2001953125,4405.5,4405.5,52.0,yahoo,GC=F
2026-09-10T17:23:00Z,4405.7001953125,4406.89990234375,4404.7998046875,4405.2001953125,102.0,yahoo,GC=F
2026-09-10T17:24:00Z,4405.2998046875,4407.5,4404.60009765625,4404.7001953125,119.0,yahoo,GC=F
2026-09-10T17:25:00Z,4404.7998046875,4406.7998046875,4404.7001953125,4405.2998046875,76.0,yahoo,GC=F
2026-09-10T17:26:00Z,4405.60009765625,4407.2001953125,4405.5,4407.2001953125,61.0,yahoo,GC=F
2026-09-10T17:27:00Z,4407.10009765625,4408.7998046875,4407.0,4407.89990234375,114.0,yahoo,GC=F
2026-09-10T17:28:00Z,4408.0,4409.0,4406.10009765625,4407.2998046875,245.0,yahoo,GC=F
2026-09-10T17:29:00Z,4407.2001953125,4408.10009765625,4405.7998046875,4408.0,984.0,yahoo,GC=F
2026-09-10T17:30:00Z,4407.89990234375,4408.39990234375,4405.2001953125,4405.89990234375,257.0,yahoo,GC=F
2026-09-10T17:31:00Z,4406.0,4407.39990234375,4405.39990234375,4407.0,79.0,yahoo,GC=F
2026-09-10T17:32:00Z,4407.0,4407.10009765625,4406.2998046875,4406.39990234375,42.0,yahoo,GC=F
2026-09-10T17:33:00Z,4406.89990234375,4407.2001953125,4404.2001953125,4404.39990234375,107.0,yahoo,GC=F
2026-09-10T17:34:00Z,4404.2998046875,4405.7998046875,4404.2998046875,4404.39990234375,37.0,yahoo,GC=F
2026-09-10T17:35:00Z,4404.39990234375,4405.39990234375,4403.7998046875,4405.39990234375,52.0,yahoo,GC=F
2026-09-10T17:36:00Z,4405.7001953125,4405.89990234375,4404.5,4404.7998046875,41.0,yahoo,GC=F
2026-09-10T17:37:00Z,4405.2998046875,4405.39990234375,4403.7998046875,4403.7998046875,80.0,yahoo,GC=F
2026-09-10T17:38:00Z,4404.0,4404.39990234375,4403.0,4404.39990234375,65.0,yahoo,GC=F
2026-09-10T17:39:00Z,4404.2001953125,4404.2001953125,4399.89990234375,4400.5,472.0,yahoo,GC=F
2026-09-10T17:40:00Z,4400.2001953125,4400.2001953125,4397.39990234375,4397.60009765625,273.0,yahoo,GC=F
2026-09-10T17:41:00Z,4397.39990234375,4398.39990234375,4397.10009765625,4398.2001953125,109.0,yahoo,GC=F
2026-09-10T17:42:00Z,4397.7998046875,4398.7998046875,4397.2001953125,4398.7001953125,125.0,yahoo,GC=F
2026-09-10T17:43:00Z,4398.5,4400.2998046875,4398.2001953125,4400.10009765625,111.0,yahoo,GC=F
2026-09-10T17:44:00Z,4399.89990234375,4401.2998046875,4399.2998046875,4401.2001953125,76.0,yahoo,GC=F
2026-09-10T17:45:00Z,4401.10009765625,4401.7998046875,4400.2001953125,4401.60009765625,41.0,yahoo,GC=F
2026-09-10T17:46:00Z,4401.5,4401.89990234375,4399.10009765625,4399.2001953125,78.0,yahoo,GC=F
2026-09-10T17:47:00Z,4399.2998046875,4400.0,4398.7998046875,4398.89990234375,63.0,yahoo,GC=F
2026-09-10T17:48:00Z,4398.7001953125,4399.7998046875,4398.5,4398.89990234375,40.0,yahoo,GC=F
2026-09-10T17:49:00Z,4398.60009765625,4399.89990234375,4398.39990234375,4399.39990234375,42.0,yahoo,GC=F
2026-09-10T17:50:00Z,4399.5,4400.2998046875,4398.89990234375,4399.10009765625,45.0,yahoo,GC=F
2026-09-10T17:51:00Z,4399.60009765625,4400.60009765625,4399.5,4400.5,61.0,yahoo,GC=F
2026-09-10T17:52:00Z,4400.39990234375,4401.89990234375,4400.39990234375,4401.10009765625,71.0,yahoo,GC=F
2026-09-10T17:53:00Z,4401.10009765625,4401.39990234375,4399.60009765625,4400.2001953125,164.0,yahoo,GC=F
2026-09-10T17:54:00Z,4400.39990234375,4401.89990234375,4400.39990234375,4401.2001953125,58.0,yahoo,GC=F
2026-09-10T17:55:00Z,4401.39990234375,4401.39990234375,4398.89990234375,4398.89990234375,36.0,yahoo,GC=F
2026-09-10T17:56:00Z,4398.7998046875,4399.0,4396.7998046875,4396.89990234375,143.0,yahoo,GC=F
2026-09-10T17:57:00Z,4396.5,4396.5,4392.7001953125,4393.5,354.0,yahoo,GC=F
2026-09-10T17:58:00Z,4393.5,4394.5,4392.89990234375,4393.2998046875,158.0,yahoo,GC=F
2026-09-10T17:59:00Z,4393.39990234375,4395.7001953125,4393.39990234375,4394.2001953125,121.0,yahoo,GC=F
2026-09-10T18:00:00Z,4394.39990234375,4396.7001953125,4393.7998046875,4396.7001953125,132.0,yahoo,GC=F
2026-09-10T18:01:00Z,4396.60009765625,4397.7998046875,4392.2001953125,4392.60009765625,364.0,yahoo,GC=F
2026-09-10T18:02:00Z,4392.5,4394.60009765625,4390.7001953125,4394.10009765625,327.0,yahoo,GC=F
2026-09-10T18:03:00Z,4394.10009765625,4394.2001953125,4390.60009765625,4390.7001953125,245.0,yahoo,GC=F
2026-09-10T18:04:00Z,4390.7001953125,4393.10009765625,4390.2998046875,4392.5,220.0,yahoo,GC=F
2026-09-10T18:05:00Z,4392.39990234375,4392.39990234375,4389.39990234375,4390.2998046875,185.0,yahoo,GC=F
2026-09-10T18:06:00Z,4390.10009765625,4392.60009765625,4389.39990234375,4391.0,253.0,yahoo,GC=F
2026-09-10T18:07:00Z,4390.89990234375,4391.7998046875,4389.89990234375,4391.0,106.0,yahoo,GC=F
2026-09-10T18:08:00Z,4391.0,4392.10009765625,4385.89990234375,4386.2998046875,508.0,yahoo,GC=F
2026-09-10T18:09:00Z,4386.2001953125,4386.2998046875,4383.39990234375,4384.7998046875,421.0,yahoo,GC=F
2026-09-10T18:10:00Z,4384.60009765625,4384.60009765625,4382.39990234375,4383.2998046875,215.0,yahoo,GC=F
2026-09-10T18:11:00Z,4383.39990234375,4385.5,4383.39990234375,4384.0,152.0,yahoo,GC=F
2026-09-10T18:12:00Z,4383.7998046875,4384.2998046875,4382.60009765625,4384.10009765625,134.0,yahoo,GC=F
2026-09-10T18:13:00Z,4384.2998046875,4385.10009765625,4382.0,4382.10009765625,193.0,yahoo,GC=F
2026-09-10T18:14:00Z,4382.0,4384.2998046875,4382.0,4382.39990234375,119.0,yahoo,GC=F
2026-09-10T18:15:00Z,4382.2998046875,4383.60009765625,4379.5,4383.5,529.0,yahoo,GC=F
2026-09-10T18:16:00Z,4384.0,4386.5,4382.5,4382.7001953125,197.0,yahoo,GC=F
2026-09-10T18:17:00Z,4383.10009765625,4383.7001953125,4381.89990234375,4382.7998046875,122.0,yahoo,GC=F
2026-09-10T18:18:00Z,4382.5,4383.60009765625,4382.2998046875,4382.89990234375,95.0,yahoo,GC=F
2026-09-10T18:19:00Z,4382.89990234375,4384.10009765625,4382.7998046875,4383.89990234375,83.0,yahoo,GC=F
2026-09-10T18:20:00Z,4383.89990234375,4385.2998046875,4383.60009765625,4384.89990234375,154.0,yahoo,GC=F
2026-09-10T18:21:00Z,4384.5,4386.0,4383.5,4384.5,123.0,yahoo,GC=F
2026-09-10T18:22:00Z,4384.7001953125,4386.5,4384.2001953125,4386.2001953125,119.0,yahoo,GC=F
2026-09-10T18:23:00Z,4386.2001953125,4387.89990234375,4386.2001953125,4386.2998046875,140.0,yahoo,GC=F
2026-09-10T18:24:00Z,4386.10009765625,4386.7998046875,4385.0,4385.2998046875,156.0,yahoo,GC=F
2026-09-10T18:25:00Z,4385.39990234375,4386.7001953125,4383.7998046875,4384.39990234375,114.0,yahoo,GC=F
2026-09-10T18:26:00Z,4384.5,4384.5,4379.10009765625,4379.2998046875,332.0,yahoo,GC=F
2026-09-10T18:27:00Z,4379.7998046875,4380.60009765625,4379.7001953125,4380.2001953125,127.0,yahoo,GC=F
2026-09-10T18:28:00Z,4380.0,4382.89990234375,4379.89990234375,4382.7001953125,176.0,yahoo,GC=F
2026-09-10T18:29:00Z,4382.39990234375,4382.39990234375,4378.7998046875,4380.7001953125,126.0,yahoo,GC=F
2026-09-10T18:30:00Z,4380.60009765625,4380.60009765625,4376.0,4377.7998046875,340.0,yahoo,GC=F
2026-09-10T18:31:00Z,4377.7998046875,4379.60009765625,4377.39990234375,4378.7001953125,145.0,yahoo,GC=F
2026-09-10T18:32:00Z,4378.7001953125,4379.0,4377.2001953125,4377.5,83.0,yahoo,GC=F
2026-09-10T18:33:00Z,4377.2001953125,4377.7001953125,4373.60009765625,4374.39990234375,249.0,yahoo,GC=F
2026-09-10T18:34:00Z,4374.60009765625,4377.5,4373.7998046875,4376.89990234375,197.0,yahoo,GC=F
2026-09-10T18:35:00Z,4376.89990234375,4377.60009765625,4376.2001953125,4376.5,145.0,yahoo,GC=F
2026-09-10T18:36:00Z,4376.2998046875,4377.2001953125,4375.2998046875,4375.60009765625,132.0,yahoo,GC=F
2026-09-10T18:37:00Z,4375.7998046875,4376.0,4374.5,4375.2998046875,160.0,yahoo,GC=F
2026-09-10T18:38:00Z,4375.10009765625,4376.2998046875,4374.2001953125,4375.10009765625,152.0,yahoo,GC=F
2026-09-10T18:39:00Z,4375.39990234375,4376.2001953125,4375.10009765625,4375.7998046875,85.0,yahoo,GC=F
2026-09-10T18:40:00Z,4375.39990234375,4375.5,4373.2998046875,4373.39990234375,240.0,yahoo,GC=F
2026-09-10T18:41:00Z,4373.7001953125,4376.7001953125,4373.5,4376.39990234375,185.0,yahoo,GC=F
2026-09-10T18:42:00Z,4376.5,4377.10009765625,4375.5,4375.7001953125,101.0,yahoo,GC=F
2026-09-10T18:43:00Z,4375.7998046875,4376.2001953125,4374.5,4374.89990234375,91.0,yahoo,GC=F
2026-09-10T18:44:00Z,4375.10009765625,4376.0,4374.7001953125,4375.39990234375,76.0,yahoo,GC=F
2026-09-10T18:45:00Z,4375.2001953125,4375.2001953125,4373.5,4373.60009765625,125.0,yahoo,GC=F
2026-09-10T18:46:00Z,4373.60009765625,4374.2001953125,4372.7998046875,4373.7001953125,154.0,yahoo,GC=F
2026-09-10T18:47:00Z,4373.7001953125,4373.7998046875,4372.60009765625,4373.0,81.0,yahoo,GC=F
2026-09-10T18:48:00Z,4373.10009765625,4373.7001953125,4371.60009765625,4372.60009765625,171.0,yahoo,GC=F
2026-09-10T18:49:00Z,4372.39990234375,4375.89990234375,4372.2998046875,4373.5,427.0,yahoo,GC=F
2026-09-10T18:50:00Z,4373.0,4374.5,4371.2998046875,4374.39990234375,183.0,yahoo,GC=F
2026-09-10T18:51:00Z,4374.10009765625,4380.10009765625,4373.5,4378.2998046875,607.0,yahoo,GC=F
2026-09-10T18:52:00Z,4378.5,4379.7001953125,4376.39990234375,4379.0,196.0,yahoo,GC=F
2026-09-10T18:53:00Z,4378.60009765625,4378.7998046875,4374.2998046875,4374.7998046875,244.0,yahoo,GC=F
2026-09-10T18:54:00Z,4374.2998046875,4375.2001953125,4371.89990234375,4372.89990234375,290.0,yahoo,GC=F
2026-09-10T18:55:00Z,4372.89990234375,4376.60009765625,4372.2998046875,4376.5,165.0,yahoo,GC=F
2026-09-10T18:56:00Z,4376.5,4378.39990234375,4376.10009765625,4377.0,319.0,yahoo,GC=F
2026-09-10T18:57:00Z,4377.0,4377.0,4373.7998046875,4374.0,122.0,yahoo,GC=F
2026-09-10T18:58:00Z,4373.89990234375,4374.5,4372.0,4373.2998046875,127.0,yahoo,GC=F
2026-09-10T18:59:00Z,4373.39990234375,4374.89990234375,4373.39990234375,4374.39990234375,177.0,yahoo,GC=F
2026-09-10T19:00:00Z,4374.0,4374.0,4366.89990234375,4367.7998046875,621.0,yahoo,GC=F
2026-09-10T19:01:00Z,4368.2001953125,4368.60009765625,4361.0,4362.39990234375,1079.0,yahoo,GC=F
2026-09-10T19:02:00Z,4362.2001953125,4363.2001953125,4356.60009765625,4356.60009765625,852.0,yahoo,GC=F
2026-09-10T19:03:00Z,4356.7998046875,4358.39990234375,4354.7001953125,4356.2998046875,973.0,yahoo,GC=F
2026-09-10T19:04:00Z,4356.10009765625,4358.7998046875,4356.10009765625,4357.89990234375,337.0,yahoo,GC=F
2026-09-10T19:05:00Z,4357.7001953125,4360.2998046875,4357.60009765625,4359.5,221.0,yahoo,GC=F
2026-09-10T19:06:00Z,4359.60009765625,4361.60009765625,4358.89990234375,4360.7998046875,164.0,yahoo,GC=F
2026-09-10T19:07:00Z,4360.39990234375,4361.2998046875,4358.5,4358.60009765625,133.0,yahoo,GC=F
2026-09-10T19:08:00Z,4358.60009765625,4360.2001953125,4358.2998046875,4358.89990234375,267.0,yahoo,GC=F
2026-09-10T19:09:00Z,4359.10009765625,4366.0,4358.60009765625,4365.5,567.0,yahoo,GC=F
2026-09-10T19:10:00Z,4365.39990234375,4365.89990234375,4361.60009765625,4362.2001953125,286.0,yahoo,GC=F
2026-09-10T19:11:00Z,4362.39990234375,4363.2001953125,4361.10009765625,4362.2001953125,85.0,yahoo,GC=F
2026-09-10T19:12:00Z,4361.7998046875,4365.0,4361.7998046875,4362.2998046875,79.0,yahoo,GC=F
2026-09-10T19:13:00Z,4362.2998046875,4363.2001953125,4362.0,4363.2001953125,95.0,yahoo,GC=F
2026-09-10T19:14:00Z,4362.10009765625,4363.89990234375,4360.7998046875,4363.7001953125,127.0,yahoo,GC=F
2026-09-10T19:15:00Z,4363.89990234375,4364.89990234375,4362.5,4362.60009765625,59.0,yahoo,GC=F
2026-09-10T19:16:00Z,4362.7998046875,4363.2998046875,4360.5,4361.2998046875,96.0,yahoo,GC=F
2026-09-10T19:17:00Z,4361.2998046875,4362.89990234375,4361.2998046875,4361.7001953125,49.0,yahoo,GC=F
2026-09-10T19:18:00Z,4361.60009765625,4362.10009765625,4360.89990234375,4361.5,61.0,yahoo,GC=F
2026-09-10T19:19:00Z,4361.39990234375,4362.5,4360.89990234375,4362.10009765625,66.0,yahoo,GC=F
2026-09-10T19:20:00Z,4362.2001953125,4365.2001953125,4362.10009765625,4363.7998046875,86.0,yahoo,GC=F
2026-09-10T19:21:00Z,4363.60009765625,4365.2001953125,4363.60009765625,4364.7998046875,154.0,yahoo,GC=F
2026-09-10T19:22:00Z,4364.7998046875,4366.0,4364.7998046875,4365.2998046875,63.0,yahoo,GC=F
2026-09-10T19:23:00Z,4365.5,4366.0,4364.89990234375,4365.10009765625,47.0,yahoo,GC=F
2026-09-10T19:24:00Z,4365.10009765625,4371.0,4365.10009765625,4370.5,611.0,yahoo,GC=F
2026-09-10T19:25:00Z,4370.39990234375,4372.10009765625,4369.89990234375,4369.89990234375,304.0,yahoo,GC=F
2026-09-10T19:26:00Z,4370.2001953125,4371.2998046875,4370.0,4371.2998046875,75.0,yahoo,GC=F
2026-09-10T19:27:00Z,4371.0,4371.7998046875,4370.0,4371.60009765625,151.0,yahoo,GC=F
2026-09-10T19:28:00Z,4371.39990234375,4371.39990234375,4369.10009765625,4369.5,129.0,yahoo,GC=F
2026-09-10T19:29:00Z,4369.39990234375,4369.7001953125,4367.7998046875,4368.7998046875,111.0,yahoo,GC=F
2026-09-10T19:30:00Z,4368.7001953125,4369.5,4366.7001953125,4366.89990234375,147.0,yahoo,GC=F
2026-09-10T19:31:00Z,4366.7998046875,4371.0,4366.7001953125,4370.7998046875,75.0,yahoo,GC=F
2026-09-10T19:32:00Z,4370.89990234375,4370.89990234375,4368.2998046875,4368.5,42.0,yahoo,GC=F
2026-09-10T19:33:00Z,4368.60009765625,4368.89990234375,4366.39990234375,4367.7001953125,139.0,yahoo,GC=F
2026-09-10T19:34:00Z,4368.10009765625,4368.7001953125,4366.2001953125,4368.5,261.0,yahoo,GC=F
2026-09-10T19:35:00Z,4368.2998046875,4368.5,4367.7001953125,4367.7001953125,29.0,yahoo,GC=F
2026-09-10T19:36:00Z,4368.10009765625,4369.2001953125,4366.89990234375,4369.2001953125,55.0,yahoo,GC=F
2026-09-10T19:37:00Z,4369.2998046875,4369.2998046875,4366.0,4367.0,81.0,yahoo,GC=F
2026-09-10T19:38:00Z,4366.89990234375,4367.7001953125,4365.39990234375,4367.5,129.0,yahoo,GC=F
2026-09-10T19:39:00Z,4367.39990234375,4368.0,4366.60009765625,4368.0,116.0,yahoo,GC=F
2026-09-10T19:40:00Z,4368.10009765625,4369.0,4368.0,4368.2001953125,37.0,yahoo,GC=F
2026-09-10T19:41:00Z,4368.2998046875,4369.0,4367.2001953125,4367.2001953125,64.0,yahoo,GC=F
2026-09-10T19:42:00Z,4367.7001953125,4368.2998046875,4365.7001953125,4366.2001953125,61.0,yahoo,GC=F
2026-09-10T19:43:00Z,4366.10009765625,4366.2998046875,4364.5,4365.60009765625,91.0,yahoo,GC=F
2026-09-10T19:44:00Z,4365.39990234375,4365.7001953125,4364.89990234375,4365.2998046875,145.0,yahoo,GC=F
2026-09-10T19:45:00Z,4365.60009765625,4366.2998046875,4365.60009765625,4366.2998046875,53.0,yahoo,GC=F
2026-09-10T19:46:00Z,4366.0,4367.10009765625,4364.0,4364.2001953125,148.0,yahoo,GC=F
2026-09-10T19:47:00Z,4364.0,4365.39990234375,4363.7998046875,4364.7998046875,91.0,yahoo,GC=F
2026-09-10T19:48:00Z,4365.0,4365.2001953125,4362.7998046875,4362.7998046875,78.0,yahoo,GC=F
2026-09-10T19:49:00Z,4362.5,4364.7001953125,4362.10009765625,4364.2001953125,71.0,yahoo,GC=F
2026-09-10T19:50:00Z,4364.10009765625,4365.0,4362.39990234375,4362.39990234375,106.0,yahoo,GC=F
2026-09-10T19:51:00Z,4362.2001953125,4362.39990234375,4361.2998046875,4361.7998046875,66.0,yahoo,GC=F
2026-09-10T19:52:00Z,4362.10009765625,4363.7998046875,4361.7998046875,4362.39990234375,67.0,yahoo,GC=F
2026-09-10T19:53:00Z,4362.2998046875,4365.7001953125,4362.2998046875,4365.7001953125,129.0,yahoo,GC=F
2026-09-10T19:54:00Z,4365.60009765625,4366.0,4364.39990234375,4365.10009765625,100.0,yahoo,GC=F
2026-09-10T19:55:00Z,4364.89990234375,4365.39990234375,4363.7998046875,4364.89990234375,85.0,yahoo,GC=F
2026-09-10T19:56:00Z,4364.7998046875,4365.5,4364.7998046875,4365.5,35.0,yahoo,GC=F
2026-09-10T19:57:00Z,4365.39990234375,4365.7998046875,4363.89990234375,4364.0,54.0,yahoo,GC=F
2026-09-10T19:58:00Z,4363.7998046875,4365.2998046875,4363.60009765625,4365.2001953125,186.0,yahoo,GC=F
2026-09-10T19:59:00Z,4365.2998046875,4365.89990234375,4364.60009765625,4365.7001953125,140.0,yahoo,GC=F
2026-09-10T20:00:00Z,4365.5,4365.7001953125,4364.0,4364.7001953125,88.0,yahoo,GC=F
2026-09-10T20:01:00Z,4364.89990234375,4364.89990234375,4363.0,4363.0,65.0,yahoo,GC=F
2026-09-10T20:02:00Z,4363.2998046875,4364.39990234375,4362.89990234375,4363.39990234375,80.0,yahoo,GC=F
2026-09-10T20:03:00Z,4363.2001953125,4363.7998046875,4362.5,4363.60009765625,101.0,yahoo,GC=F
2026-09-10T20:04:00Z,4363.7998046875,4363.7998046875,4361.10009765625,4362.5,84.0,yahoo,GC=F
2026-09-10T20:05:00Z,4362.5,4363.39990234375,4361.7998046875,4363.39990234375,54.0,yahoo,GC=F
2026-09-10T20:06:00Z,4363.60009765625,4363.60009765625,4363.2001953125,4363.39990234375,11.0,yahoo,GC=F
2026-09-10T20:07:00Z,4363.5,4363.7001953125,4363.10009765625,4363.2001953125,37.0,yahoo,GC=F
2026-09-10T20:08:00Z,4363.39990234375,4363.89990234375,4363.39990234375,4363.5,22.0,yahoo,GC=F
2026-09-10T20:09:00Z,4363.7998046875,4365.10009765625,4363.7998046875,4364.39990234375,44.0,yahoo,GC=F
2026-09-10T20:10:00Z,4364.5,4365.2998046875,4364.0,4364.10009765625,73.0,yahoo,GC=F
2026-09-10T20:11:00Z,4364.89990234375,4365.5,4364.2998046875,4364.2998046875,35.0,yahoo,GC=F
2026-09-10T20:12:00Z,4364.10009765625,4364.2001953125,4363.39990234375,4363.5,29.0,yahoo,GC=F
2026-09-10T20:13:00Z,4363.7001953125,4363.7998046875,4363.5,4363.7998046875,5.0,yahoo,GC=F
2026-09-10T20:14:00Z,4364.2001953125,4364.39990234375,4364.0,4364.2998046875,5.0,yahoo,GC=F
2026-09-10T20:15:00Z,4364.10009765625,4364.10009765625,4363.10009765625,4363.7998046875,19.0,yahoo,GC=F
2026-09-10T20:16:00Z,4363.7001953125,4364.2001953125,4363.60009765625,4364.10009765625,39.0,yahoo,GC=F
2026-09-10T20:17:00Z,4364.2001953125,4364.2001953125,4363.5,4363.7001953125,11.0,yahoo,GC=F
2026-09-10T20:18:00Z,4363.7001953125,4364.2001953125,4363.7001953125,4364.0,7.0,yahoo,GC=F
2026-09-10T20:19:00Z,4363.7998046875,4363.89990234375,4363.0,4363.0,22.0,yahoo,GC=F
2026-09-10T20:20:00Z,4362.7998046875,4362.7998046875,4358.7998046875,4360.5,113.0,yahoo,GC=F
2026-09-10T20:21:00Z,4360.2001953125,4360.2001953125,4358.5,4359.39990234375,164.0,yahoo,GC=F
2026-09-10T20:22:00Z,4359.39990234375,4359.89990234375,4358.7001953125,4359.0,50.0,yahoo,GC=F
2026-09-10T20:23:00Z,4358.89990234375,4358.89990234375,4357.89990234375,4358.5,82.0,yahoo,GC=F
2026-09-10T20:24:00Z,4358.5,4358.7001953125,4357.60009765625,4358.0,93.0,yahoo,GC=F
2026-09-10T20:25:00Z,4358.2998046875,4359.39990234375,4358.10009765625,4359.0,83.0,yahoo,GC=F
2026-09-10T20:26:00Z,4358.7998046875,4359.7001953125,4358.5,4359.5,22.0,yahoo,GC=F
2026-09-10T20:27:00Z,4360.0,4360.10009765625,4359.7998046875,4359.7998046875,7.0,yahoo,GC=F
2026-09-10T20:28:00Z,4360.0,4360.60009765625,4359.89990234375,4360.60009765625,31.0,yahoo,GC=F
2026-09-10T20:29:00Z,4360.2998046875,4360.5,4359.7001953125,4359.7998046875,55.0,yahoo,GC=F
2026-09-10T20:30:00Z,4359.7001953125,4359.7998046875,4358.7998046875,4359.7001953125,65.0,yahoo,GC=F
2026-09-10T20:31:00Z,4359.39990234375,4359.7998046875,4358.0,4358.0,37.0,yahoo,GC=F
2026-09-10T20:32:00Z,4358.2001953125,4359.5,4357.7998046875,4359.10009765625,96.0,yahoo,GC=F
2026-09-10T20:33:00Z,4358.2998046875,4358.5,4357.89990234375,4358.5,38.0,yahoo,GC=F
2026-09-10T20:34:00Z,4358.60009765625,4359.2001953125,4358.0,4358.0,33.0,yahoo,GC=F
2026-09-10T20:35:00Z,4358.10009765625,4358.5,4357.7001953125,4358.0,44.0,yahoo,GC=F
2026-09-10T20:36:00Z,4358.2001953125,4358.2001953125,4357.10009765625,4357.89990234375,79.0,yahoo,GC=F
2026-09-10T20:37:00Z,4358.39990234375,4359.39990234375,4358.39990234375,4358.5,38.0,yahoo,GC=F
2026-09-10T20:38:00Z,4358.0,4359.10009765625,4358.0,4358.5,17.0,yahoo,GC=F
2026-09-10T20:39:00Z,4358.7001953125,4359.2001953125,4358.2001953125,4358.2001953125,12.0,yahoo,GC=F
2026-09-10T20:40:00Z,4358.2001953125,4358.2998046875,4357.2998046875,4358.0,20.0,yahoo,GC=F
2026-09-10T20:41:00Z,4358.10009765625,4358.7998046875,4358.0,4358.7998046875,51.0,yahoo,GC=F
2026-09-10T20:42:00Z,4358.7998046875,4358.7998046875,4358.10009765625,4358.2001953125,9.0,yahoo,GC=F
2026-09-10T20:43:00Z,4358.2001953125,4359.39990234375,4358.10009765625,4359.39990234375,34.0,yahoo,GC=F
2026-09-10T20:44:00Z,4359.10009765625,4359.39990234375,4358.89990234375,4359.2001953125,11.0,yahoo,GC=F
2026-09-10T20:45:00Z,4359.5,4360.2001953125,4359.2001953125,4359.39990234375,45.0,yahoo,GC=F
2026-09-10T20:46:00Z,4359.39990234375,4360.10009765625,4359.2001953125,4359.60009765625,31.0,yahoo,GC=F
2026-09-10T20:47:00Z,4359.7001953125,4359.7001953125,4359.39990234375,4359.7001953125,7.0,yahoo,GC=F
2026-09-10T20:48:00Z,4359.2998046875,4359.2998046875,4358.89990234375,4358.89990234375,10.0,yahoo,GC=F
2026-09-10T20:49:00Z,4358.7998046875,4358.7998046875,4356.60009765625,4356.7001953125,84.0,yahoo,GC=F
2026-09-10T20:50:00Z,4356.89990234375,4357.7998046875,4355.89990234375,4355.89990234375,100.0,yahoo,GC=F
2026-09-10T20:51:00Z,4356.2998046875,4357.60009765625,4355.89990234375,4357.60009765625,25.0,yahoo,GC=F
2026-09-10T20:52:00Z,4357.2998046875,4358.39990234375,4357.2998046875,4358.39990234375,18.0,yahoo,GC=F
2026-09-10T20:53:00Z,4357.89990234375,4357.89990234375,4357.7998046875,4357.7998046875,2.0,yahoo,GC=F
2026-09-10T20:54:00Z,4358.60009765625,4359.2998046875,4358.39990234375,4358.39990234375,31.0,yahoo,GC=F
2026-09-10T20:55:00Z,4358.7998046875,4360.60009765625,4358.7998046875,4360.10009765625,49.0,yahoo,GC=F
2026-09-10T20:56:00Z,4360.0,4360.39990234375,4358.39990234375,4358.7001953125,33.0,yahoo,GC=F
2026-09-10T20:57:00Z,4358.7998046875,4358.89990234375,4357.7998046875,4358.2998046875,36.0,yahoo,GC=F
2026-09-10T20:58:00Z,4358.2998046875,4358.39990234375,4358.0,4358.2001953125,18.0,yahoo,GC=F
2026-09-10T20:59:00Z,4358.2001953125,4359.89990234375,4358.2001953125,4358.5,47.0,yahoo,GC=F
2026-09-10T22:00:00Z,4359.39990234375,4364.5,4357.89990234375,4363.2998046875,0.0,yahoo,GC=F
2026-09-10T22:01:00Z,4363.0,4365.60009765625,4362.2001953125,4362.89990234375,69.0,yahoo,GC=F
2026-09-10T22:02:00Z,4362.89990234375,4362.89990234375,4361.39990234375,4362.0,34.0,yahoo,GC=F
2026-09-10T22:03:00Z,4362.89990234375,4365.7998046875,4361.89990234375,4361.89990234375,63.0,yahoo,GC=F
2026-09-10T22:04:00Z,4363.39990234375,4364.39990234375,4361.7001953125,4363.2001953125,58.0,yahoo,GC=F
2026-09-10T22:05:00Z,4363.0,4363.10009765625,4362.10009765625,4362.39990234375,13.0,yahoo,GC=F
2026-09-10T22:06:00Z,4362.2998046875,4363.89990234375,4362.2998046875,4363.89990234375,13.0,yahoo,GC=F
2026-09-10T22:07:00Z,4363.10009765625,4363.10009765625,4361.2998046875,4361.89990234375,73.0,yahoo,GC=F
2026-09-10T22:08:00Z,4362.39990234375,4362.60009765625,4361.2998046875,4362.39990234375,41.0,yahoo,GC=F
2026-09-10T22:09:00Z,4362.7998046875,4363.60009765625,4362.7001953125,4363.2001953125,20.0,yahoo,GC=F
2026-09-10T22:10:00Z,4363.2001953125,4363.60009765625,4362.5,4363.10009765625,35.0,yahoo,GC=F
2026-09-10T22:11:00Z,4363.10009765625,4363.2001953125,4362.0,4362.2998046875,13.0,yahoo,GC=F
2026-09-10T22:12:00Z,4362.39990234375,4363.5,4362.39990234375,4363.10009765625,10.0,yahoo,GC=F
2026-09-10T22:13:00Z,4362.7001953125,4362.7001953125,4361.39990234375,4362.0,27.0,yahoo,GC=F
2026-09-10T22:14:00Z,4361.7001953125,4361.7001953125,4361.7001953125,4361.7001953125,2.0,yahoo,GC=F
2026-09-10T22:15:00Z,4362.0,4362.0,4362.0,4362.0,1.0,yahoo,GC=F
2026-09-10T22:16:00Z,4362.10009765625,4362.5,4360.10009765625,4360.10009765625,30.0,yahoo,GC=F
2026-09-10T22:17:00Z,4360.5,4361.0,4360.2998046875,4360.89990234375,20.0,yahoo,GC=F
2026-09-10T22:18:00Z,4361.2998046875,4361.2998046875,4360.7998046875,4360.7998046875,4.0,yahoo,GC=F
2026-09-10T22:19:00Z,4361.0,4361.0,4360.2001953125,4360.2001953125,7.0,yahoo,GC=F
2026-09-10T22:20:00Z,4360.2001953125,4361.10009765625,4359.7998046875,4361.10009765625,31.0,yahoo,GC=F
2026-09-10T22:21:00Z,4361.2998046875,4361.89990234375,4361.10009765625,4361.89990234375,13.0,yahoo,GC=F
2026-09-10T22:22:00Z,4361.7998046875,4361.7998046875,4360.7001953125,4361.0,26.0,yahoo,GC=F
2026-09-10T22:23:00Z,4360.89990234375,4361.10009765625,4359.39990234375,4360.2998046875,30.0,yahoo,GC=F
2026-09-10T22:24:00Z,4359.89990234375,4360.7001953125,4359.60009765625,4360.2998046875,19.0,yahoo,GC=F
2026-09-10T22:25:00Z,4359.7998046875,4360.2998046875,4359.2998046875,4360.2998046875,17.0,yahoo,GC=F
2026-09-10T22:26:00Z,4360.2001953125,4360.7998046875,4359.39990234375,4359.60009765625,26.0,yahoo,GC=F
2026-09-10T22:27:00Z,4359.2998046875,4360.7998046875,4359.2998046875,4360.10009765625,35.0,yahoo,GC=F
2026-09-10T22:28:00Z,4360.0,4360.7998046875,4359.60009765625,4360.10009765625,23.0,yahoo,GC=F
2026-09-10T22:29:00Z,4359.7001953125,4360.5,4359.60009765625,4360.2001953125,26.0,yahoo,GC=F
2026-09-10T22:30:00Z,4360.39990234375,4360.7998046875,4358.5,4359.2001953125,25.0,yahoo,GC=F
2026-09-10T22:31:00Z,4359.10009765625,4359.10009765625,4356.0,4356.60009765625,130.0,yahoo,GC=F
2026-09-10T22:32:00Z,4357.2001953125,4357.7001953125,4355.89990234375,4357.5,93.0,yahoo,GC=F
2026-09-10T22:33:00Z,4357.5,4358.89990234375,4357.2998046875,4358.89990234375,33.0,yahoo,GC=F
2026-09-10T22:34:00Z,4359.0,4359.2998046875,4358.2998046875,4359.0,62.0,yahoo,GC=F
2026-09-10T22:35:00Z,4358.5,4358.89990234375,4358.39990234375,4358.7998046875,31.0,yahoo,GC=F
2026-09-10T22:36:00Z,4358.5,4358.5,4357.89990234375,4358.2001953125,20.0,yahoo,GC=F
2026-09-10T22:37:00Z,4358.10009765625,4358.10009765625,4357.10009765625,4357.7001953125,19.0,yahoo,GC=F
2026-09-10T22:38:00Z,4358.10009765625,4358.2001953125,4357.2998046875,4357.2998046875,16.0,yahoo,GC=F
2026-09-10T22:39:00Z,4357.60009765625,4357.7001953125,4356.60009765625,4356.60009765625,17.0,yahoo,GC=F
2026-09-10T22:40:00Z,4356.2001953125,4356.60009765625,4355.5,4356.10009765625,34.0,yahoo,GC=F
2026-09-10T22:41:00Z,4356.2001953125,4356.39990234375,4354.0,4355.7001953125,153.0,yahoo,GC=F
2026-09-10T22:42:00Z,4356.2001953125,4358.2998046875,4356.2001953125,4358.2998046875,87.0,yahoo,GC=F
2026-09-10T22:43:00Z,4358.0,4358.0,4356.0,4356.0,18.0,yahoo,GC=F
2026-09-10T22:44:00Z,4356.60009765625,4356.7001953125,4355.2001953125,4356.60009765625,29.0,yahoo,GC=F
2026-09-10T22:45:00Z,4356.5,4357.0,4356.2001953125,4356.39990234375,13.0,yahoo,GC=F
2026-09-10T22:46:00Z,4356.2001953125,4356.39990234375,4355.7001953125,4355.7001953125,11.0,yahoo,GC=F
2026-09-10T22:47:00Z,4355.89990234375,4357.89990234375,4355.89990234375,4357.60009765625,51.0,yahoo,GC=F
2026-09-10T22:48:00Z,4357.0,4357.89990234375,4356.5,4357.7001953125,23.0,yahoo,GC=F
2026-09-10T22:49:00Z,4358.0,4358.89990234375,4357.2001953125,4358.39990234375,43.0,yahoo,GC=F
2026-09-10T22:50:00Z,4358.7001953125,4359.2001953125,4358.2998046875,4358.7998046875,17.0,yahoo,GC=F
2026-09-10T22:51:00Z,4359.0,4359.7001953125,4358.7001953125,4359.10009765625,39.0,yahoo,GC=F
2026-09-10T22:52:00Z,4358.39990234375,4358.7998046875,4358.2998046875,4358.2998046875,11.0,yahoo,GC=F
2026-09-10T22:53:00Z,4358.2998046875,4358.5,4357.7998046875,4358.10009765625,14.0,yahoo,GC=F
2026-09-10T22:54:00Z,4357.7998046875,4358.7001953125,4357.7998046875,4358.5,55.0,yahoo,GC=F
2026-09-10T22:55:00Z,4358.2001953125,4359.0,4357.89990234375,4359.0,23.0,yahoo,GC=F
2026-09-10T22:56:00Z,4358.89990234375,4359.2001953125,4358.10009765625,4358.89990234375,35.0,yahoo,GC=F
2026-09-10T22:57:00Z,4358.5,4358.7001953125,4358.5,4358.5,6.0,yahoo,GC=F
2026-09-10T22:58:00Z,4358.39990234375,4359.10009765625,4358.0,4358.7001953125,27.0,yahoo,GC=F
2026-09-10T22:59:00Z,4358.60009765625,4358.7998046875,4358.2001953125,4358.7998046875,9.0,yahoo,GC=F
2026-09-10T23:00:00Z,4358.7001953125,4358.7001953125,4357.5,4358.60009765625,56.0,yahoo,GC=F
2026-09-10T23:01:00Z,4358.2001953125,4360.2001953125,4358.0,4360.2001953125,70.0,yahoo,GC=F
2026-09-10T23:02:00Z,4360.39990234375,4360.39990234375,4358.2998046875,4359.0,40.0,yahoo,GC=F
2026-09-10T23:03:00Z,4359.0,4359.39990234375,4358.7998046875,4359.0,15.0,yahoo,GC=F
2026-09-10T23:04:00Z,4359.7001953125,4360.0,4359.60009765625,4359.60009765625,6.0,yahoo,GC=F
2026-09-10T23:05:00Z,4359.2998046875,4360.10009765625,4359.2998046875,4360.10009765625,7.0,yahoo,GC=F
2026-09-10T23:06:00Z,4359.5,4359.7998046875,4358.7001953125,4359.5,22.0,yahoo,GC=F
2026-09-10T23:07:00Z,4359.39990234375,4359.89990234375,4359.0,4359.89990234375,11.0,yahoo,GC=F
2026-09-10T23:08:00Z,4359.7998046875,4359.89990234375,4358.60009765625,4358.60009765625,64.0,yahoo,GC=F
2026-09-10T23:09:00Z,4358.7998046875,4359.60009765625,4358.7001953125,4358.7001953125,19.0,yahoo,GC=F
2026-09-10T23:10:00Z,4359.0,4359.10009765625,4358.7998046875,4358.7998046875,5.0,yahoo,GC=F
2026-09-10T23:11:00Z,4358.7001953125,4358.7998046875,4358.60009765625,4358.60009765625,4.0,yahoo,GC=F
2026-09-10T23:12:00Z,4359.10009765625,4359.2998046875,4358.10009765625,4358.2998046875,17.0,yahoo,GC=F
2026-09-10T23:13:00Z,4358.2001953125,4359.89990234375,4356.89990234375,4359.89990234375,67.0,yahoo,GC=F
2026-09-10T23:14:00Z,4359.60009765625,4360.60009765625,4359.2998046875,4360.10009765625,56.0,yahoo,GC=F
2026-09-10T23:15:00Z,4359.7998046875,4360.10009765625,4359.7001953125,4359.89990234375,20.0,yahoo,GC=F
2026-09-10T23:16:00Z,4360.0,4360.0,4359.7001953125,4359.7001953125,4.0,yahoo,GC=F
2026-09-10T23:17:00Z,4359.7998046875,4360.10009765625,4359.7001953125,4359.89990234375,13.0,yahoo,GC=F
2026-09-10T23:18:00Z,4360.0,4360.2001953125,4359.7998046875,4360.2001953125,9.0,yahoo,GC=F
2026-09-10T23:19:00Z,4360.2001953125,4360.5,4360.0,4360.0,45.0,yahoo,GC=F
2026-09-10T23:20:00Z,4360.2998046875,4361.0,4360.2998046875,4360.7001953125,19.0,yahoo,GC=F
2026-09-10T23:21:00Z,4360.60009765625,4360.89990234375,4360.2998046875,4360.7001953125,15.0,yahoo,GC=F
2026-09-10T23:22:00Z,4360.2998046875,4360.39990234375,4359.2001953125,4360.10009765625,53.0,yahoo,GC=F
2026-09-10T23:23:00Z,4359.5,4359.5,4358.89990234375,4359.0,12.0,yahoo,GC=F
2026-09-10T23:24:00Z,4358.5,4358.7998046875,4358.10009765625,4358.7001953125,15.0,yahoo,GC=F
2026-09-10T23:25:00Z,4358.7001953125,4359.2001953125,4358.7001953125,4359.0,5.0,yahoo,GC=F
2026-09-10T23:26:00Z,4358.89990234375,4359.2998046875,4358.60009765625,4359.2998046875,5.0,yahoo,GC=F
2026-09-10T23:27:00Z,4358.7001953125,4359.10009765625,4358.7001953125,4358.7998046875,8.0,yahoo,GC=F
2026-09-10T23:29:00Z,4358.2998046875,4359.10009765625,4358.0,4358.7001953125,9.0,yahoo,GC=F
2026-09-10T23:30:00Z,4358.5,4358.7001953125,4357.89990234375,4358.0,11.0,yahoo,GC=F
2026-09-10T23:31:00Z,4358.0,4358.0,4357.89990234375,4357.89990234375,2.0,yahoo,GC=F
2026-09-10T23:32:00Z,4358.0,4358.7998046875,4358.0,4358.7001953125,11.0,yahoo,GC=F
2026-09-10T23:33:00Z,4358.7998046875,4360.5,4358.7001953125,4360.5,46.0,yahoo,GC=F
2026-09-10T23:34:00Z,4360.5,4360.89990234375,4359.10009765625,4359.10009765625,37.0,yahoo,GC=F
2026-09-10T23:35:00Z,4358.7001953125,4358.7998046875,4357.2998046875,4357.2998046875,27.0,yahoo,GC=F
2026-09-10T23:36:00Z,4357.2001953125,4358.0,4357.2001953125,4357.89990234375,11.0,yahoo,GC=F
2026-09-10T23:37:00Z,4357.60009765625,4358.0,4354.89990234375,4355.2001953125,50.0,yahoo,GC=F
2026-09-10T23:38:00Z,4355.2998046875,4356.60009765625,4355.0,4355.7001953125,25.0,yahoo,GC=F
2026-09-10T23:39:00Z,4356.2001953125,4356.7001953125,4355.60009765625,4356.2001953125,40.0,yahoo,GC=F
2026-09-10T23:40:00Z,4356.10009765625,4358.60009765625,4355.2998046875,4358.60009765625,56.0,yahoo,GC=F
2026-09-10T23:41:00Z,4358.10009765625,4358.2001953125,4355.39990234375,4355.39990234375,23.0,yahoo,GC=F
2026-09-10T23:42:00Z,4356.0,4356.0,4355.7998046875,4355.7998046875,3.0,yahoo,GC=F
2026-09-10T23:43:00Z,4355.7998046875,4356.60009765625,4355.10009765625,4356.2001953125,51.0,yahoo,GC=F
2026-09-10T23:44:00Z,4356.2998046875,4356.60009765625,4356.0,4356.39990234375,64.0,yahoo,GC=F
2026-09-10T23:45:00Z,4356.60009765625,4358.39990234375,4356.2998046875,4356.89990234375,45.0,yahoo,GC=F
2026-09-10T23:46:00Z,4357.10009765625,4357.10009765625,4354.39990234375,4354.39990234375,35.0,yahoo,GC=F
2026-09-10T23:47:00Z,4354.5,4357.2998046875,4354.5,4355.7001953125,42.0,yahoo,GC=F
2026-09-10T23:48:00Z,4355.5,4355.7001953125,4354.89990234375,4355.2001953125,17.0,yahoo,GC=F
2026-09-10T23:49:00Z,4355.2998046875,4355.7998046875,4354.5,4355.5,21.0,yahoo,GC=F
2026-09-10T23:50:00Z,4355.7001953125,4356.7001953125,4354.7998046875,4355.2001953125,34.0,yahoo,GC=F
2026-09-10T23:51:00Z,4355.39990234375,4356.0,4354.7998046875,4354.89990234375,46.0,yahoo,GC=F
2026-09-10T23:52:00Z,4355.10009765625,4355.10009765625,4353.2998046875,4354.2001953125,57.0,yahoo,GC=F
2026-09-10T23:53:00Z,4354.39990234375,4354.7998046875,4354.0,4354.2001953125,18.0,yahoo,GC=F
2026-09-10T23:54:00Z,4354.2001953125,4354.2998046875,4352.2001953125,4352.7998046875,90.0,yahoo,GC=F
2026-09-10T23:55:00Z,4353.0,4353.0,4351.2998046875,4352.5,50.0,yahoo,GC=F
2026-09-10T23:56:00Z,4352.60009765625,4355.60009765625,4352.5,4355.5,76.0,yahoo,GC=F
2026-09-10T23:57:00Z,4356.0,4356.7998046875,4354.2998046875,4354.2998046875,53.0,yahoo,GC=F
2026-09-10T23:58:00Z,4354.7998046875,4354.89990234375,4354.2998046875,4354.5,7.0,yahoo,GC=F
2026-09-10T23:59:00Z,4355.10009765625,4355.10009765625,4354.0,4354.5,11.0,yahoo,GC=F
