timestamp_utc,open,high,low,close,volume,source,symbol
2026-09-23T00:00:00Z,4401.39990234375,4402.5,4400.5,4401.10009765625,35.0,yahoo,GC=F
2026-09-23T00:01:00Z,4400.89990234375,4403.7001953125,4400.89990234375,4402.2001953125,51.0,yahoo,GC=F
2026-09-23T00:02:00Z,4402.7998046875,4407.5,4402.7998046875,4406.7001953125,173.0,yahoo,GC=F
2026-09-23T00:03:00Z,4406.5,4406.7998046875,4405.5,4406.2998046875,48.0,yahoo,GC=F
2026-09-23T00:04:00Z,4406.0,4406.39990234375,4404.7001953125,4405.10009765625,76.0,yahoo,GC=F
2026-09-23T00:05:00Z,4404.60009765625,4404.7998046875,4402.0,4402.60009765625,44.0,yahoo,GC=F
2026-09-23T00:06:00Z,4402.0,4402.10009765625,4401.2998046875,4401.2998046875,24.0,yahoo,GC=F
2026-09-23T00:07:00Z,4401.39990234375,4401.5,4399.5,4400.2001953125,56.0,yahoo,GC=F
2026-09-23T00:08:00Z,4400.10009765625,4400.39990234375,4399.39990234375,4399.7998046875,29.0,yahoo,GC=F
2026-09-23T00:09:00Z,4399.5,4401.7001953125,4399.5,4401.0,25.0,yahoo,GC=F
2026-09-23T00:10:00Z,4400.5,4401.7998046875,4399.89990234375,4401.10009765625,41.0,yahoo,GC=F
2026-09-23T00:11:00Z,4401.7001953125,4403.0,4401.39990234375,4402.10009765625,42.0,yahoo,GC=F
2026-09-23T00:12:00Z,4402.39990234375,4403.7001953125,4402.39990234375,4403.7001953125,12.0,yahoo,GC=F
2026-09-23T00:13:00Z,4403.7998046875,4404.0,4402.2001953125,4402.89990234375,16.0,yahoo,GC=F
2026-09-23T00:14:00Z,4402.39990234375,4403.89990234375,4402.39990234375,4403.39990234375,24.0,yahoo,GC=F
2026-09-23T00:15:00Z,4403.10009765625,4403.89990234375,4402.39990234375,4402.39990234375,18.0,yahoo,GC=F
2026-09-23T00:16:00Z,4402.5,4403.2001953125,4402.0,4403.0,24.0,yahoo,GC=F
2026-09-23T00:17:00Z,4403.2998046875,4403.39990234375,4401.5,4401.5,112.0,yahoo,GC=F
2026-09-23T00:18:00Z,4401.2001953125,4402.0,4400.60009765625,4401.5,65.0,yahoo,GC=F
2026-09-23T00:19:00Z,4401.2001953125,4402.7998046875,4401.10009765625,4401.2998046875,154.0,yahoo,GC=F
2026-09-23T00:20:00Z,4401.2998046875,4401.2998046875,4398.60009765625,4400.10009765625,97.0,yahoo,GC=F
2026-09-23T00:21:00Z,4399.7001953125,4401.39990234375,4399.5,4400.2998046875,25.0,yahoo,GC=F
2026-09-23T00:22:00Z,4400.0,4400.0,4397.7998046875,4398.0,28.0,yahoo,GC=F
2026-09-23T00:23:00Z,4398.10009765625,4399.0,4397.89990234375,4398.2001953125,42.0,yahoo,GC=F
2026-09-23T00:24:00Z,4398.2001953125,4398.5,4397.60009765625,4398.10009765625,25.0,yahoo,GC=F
2026-09-23T00:25:00Z,4398.39990234375,4399.39990234375,4398.10009765625,4399.2998046875,40.0,yahoo,GC=F
2026-09-23T00:26:00Z,4399.10009765625,4399.10009765625,4397.39990234375,4397.60009765625,28.0,yahoo,GC=F
2026-09-23T00:27:00Z,4397.5,4397.7001953125,4397.2001953125,4397.39990234375,11.0,yahoo,GC=F
2026-09-23T00:28:00Z,4397.2001953125,4397.7001953125,4396.5,4396.60009765625,35.0,yahoo,GC=F
2026-09-23T00:29:00Z,4396.2001953125,4397.39990234375,4396.2001953125,4396.60009765625,38.0,yahoo,GC=F
2026-09-23T00:30:00Z,4396.2998046875,4397.2998046875,4395.7001953125,4397.0,102.0,yahoo,GC=F
2026-09-23T00:31:00Z,4397.0,4399.2001953125,4397.0,4397.89990234375,51.0,yahoo,GC=F
2026-09-23T00:32:00Z,4398.2001953125,4398.2998046875,4396.5,4397.2001953125,37.0,yahoo,GC=F
2026-09-23T00:33:00Z,4396.89990234375,4398.39990234375,4396.2001953125,4396.7001953125,113.0,yahoo,GC=F
2026-09-23T00:34:00Z,4397.2001953125,4397.2001953125,4396.2001953125,4396.5,71.0,yahoo,GC=F
2026-09-23T00:35:00Z,4396.60009765625,4396.7001953125,4395.5,4396.2001953125,124.0,yahoo,GC=F
2026-09-23T00:36:00Z,4396.2998046875,4397.2001953125,4395.89990234375,4396.7998046875,66.0,yahoo,GC=F
2026-09-23T00:37:00Z,4396.7998046875,4396.7998046875,4395.2998046875,4395.7001953125,181.0,yahoo,GC=F
2026-09-23T00:38:00Z,4396.0,4396.0,4392.2998046875,4394.0,357.0,yahoo,GC=F
2026-09-23T00:39:00Z,4394.39990234375,4395.60009765625,4394.0,4394.89990234375,160.0,yahoo,GC=F
2026-09-23T00:40:00Z,4394.7998046875,4396.2998046875,4393.89990234375,4395.89990234375,191.0,yahoo,GC=F
2026-09-23T00:41:00Z,4396.0,4396.2001953125,4393.5,4394.2001953125,358.0,yahoo,GC=F
2026-09-23T00:42:00Z,4394.0,4395.0,4393.2001953125,4394.89990234375,63.0,yahoo,GC=F
2026-09-23T00:43:00Z,4394.2998046875,4396.5,4393.7998046875,4396.39990234375,127.0,yahoo,GC=F
2026-09-23T00:44:00Z,4396.0,4396.7998046875,4395.2998046875,4396.60009765625,97.0,yahoo,GC=F
2026-09-23T00:45:00Z,4396.5,4397.7998046875,4396.2001953125,4397.39990234375,84.0,yahoo,GC=F
2026-09-23T00:46:00Z,4397.39990234375,4398.2001953125,4396.89990234375,4397.0,70.0,yahoo,GC=F
2026-09-23T00:47:00Z,4397.0,4397.2001953125,4395.7998046875,4396.0,110.0,yahoo,GC=F
2026-09-23T00:48:00Z,4395.7998046875,4396.60009765625,4395.2001953125,4395.2998046875,84.0,yahoo,GC=F
2026-09-23T00:49:00Z,4395.5,4395.5,4394.2001953125,4394.5,63.0,yahoo,GC=F
2026-09-23T00:50:00Z,4394.7001953125,4394.7998046875,4394.10009765625,4394.60009765625,16.0,yahoo,GC=F
2026-09-23T00:51:00Z,4395.0,4396.10009765625,4395.0,4395.60009765625,18.0,yahoo,GC=F
2026-09-23T00:52:00Z,4395.7001953125,4396.10009765625,4395.10009765625,4395.7001953125,49.0,yahoo,GC=F
2026-09-23T00:53:00Z,4395.60009765625,4396.0,4394.7998046875,4395.39990234375,42.0,yahoo,GC=F
2026-09-23T00:54:00Z,4395.2001953125,4395.2001953125,4394.2001953125,4394.2001953125,26.0,yahoo,GC=F
2026-09-23T00:55:00Z,4394.39990234375,4394.89990234375,4394.2001953125,4394.60009765625,13.0,yahoo,GC=F
2026-09-23T00:56:00Z,4395.0,4395.10009765625,4394.7001953125,4394.89990234375,9.0,yahoo,GC=F
2026-09-23T00:57:00Z,4394.7998046875,4395.60009765625,4394.60009765625,4394.89990234375,34.0,yahoo,GC=F
2026-09-23T00:58:00Z,4395.10009765625,4395.2001953125,4394.2998046875,4394.2998046875,42.0,yahoo,GC=F
2026-09-23T00:59:00Z,4394.39990234375,4396.0,4393.60009765625,4394.7998046875,169.0,yahoo,GC=F
2026-09-23T01:00:00Z,4395.0,4396.60009765625,4392.2998046875,4393.39990234375,411.0,yahoo,GC=F
2026-09-23T01:01:00Z,4393.2998046875,4394.2998046875,4389.89990234375,4392.2001953125,289.0,yahoo,GC=F
2026-09-23T01:02:00Z,4392.2998046875,4393.5,4390.0,4390.7001953125,114.0,yahoo,GC=F
2026-09-23T01:03:00Z,4390.7001953125,4390.7998046875,4388.60009765625,4388.89990234375,106.0,yahoo,GC=F
2026-09-23T01:04:00Z,4389.10009765625,4390.5,4387.60009765625,4388.39990234375,236.0,yahoo,GC=F
2026-09-23T01:05:00Z,4388.7001953125,4389.39990234375,4387.39990234375,4389.39990234375,117.0,yahoo,GC=F
2026-09-23T01:06:00Z,4389.39990234375,4390.2001953125,4388.5,4389.2001953125,114.0,yahoo,GC=F
2026-09-23T01:07:00Z,4389.2001953125,4390.5,4388.0,4388.89990234375,123.0,yahoo,GC=F
2026-09-23T01:08:00Z,4388.60009765625,4388.7998046875,4387.60009765625,4388.2998046875,24.0,yahoo,GC=F
2026-09-23T01:09:00Z,4388.2998046875,4388.7001953125,4387.7001953125,4388.0,27.0,yahoo,GC=F
2026-09-23T01:10:00Z,4387.7998046875,4387.89990234375,4384.2998046875,4384.7998046875,257.0,yahoo,GC=F
2026-09-23T01:11:00Z,4385.0,4385.10009765625,4383.39990234375,4384.2998046875,130.0,yahoo,GC=F
2026-09-23T01:12:00Z,4384.60009765625,4386.5,4384.2001953125,4386.0,110.0,yahoo,GC=F
2026-09-23T01:13:00Z,4386.10009765625,4386.7001953125,4384.89990234375,4385.39990234375,48.0,yahoo,GC=F
2026-09-23T01:14:00Z,4386.0,4387.0,4385.2998046875,4387.0,62.0,yahoo,GC=F
2026-09-23T01:15:00Z,4386.89990234375,4386.89990234375,4383.39990234375,4384.2001953125,95.0,yahoo,GC=F
2026-09-23T01:16:00Z,4384.2001953125,4385.39990234375,4384.2001953125,4385.2001953125,47.0,yahoo,GC=F
2026-09-23T01:17:00Z,4385.2001953125,4385.2001953125,4383.5,4383.89990234375,67.0,yahoo,GC=F
2026-09-23T01:18:00Z,4384.10009765625,4384.60009765625,4382.89990234375,4383.2001953125,82.0,yahoo,GC=F
2026-09-23T01:19:00Z,4383.0,4385.7998046875,4382.89990234375,4385.39990234375,64.0,yahoo,GC=F
2026-09-23T01:20:00Z,4384.89990234375,4386.2001953125,4384.2001953125,4386.0,68.0,yahoo,GC=F
2026-09-23T01:21:00Z,4385.7998046875,4386.2998046875,4385.2998046875,4386.2998046875,19.0,yahoo,GC=F
2026-09-23T01:22:00Z,4386.0,4386.0,4384.2001953125,4384.2998046875,46.0,yahoo,GC=F
2026-09-23T01:23:00Z,4384.2001953125,4385.2001953125,4383.7998046875,4384.5,29.0,yahoo,GC=F
2026-09-23T01:24:00Z,4385.39990234375,4385.39990234375,4384.7998046875,4385.10009765625,5.0,yahoo,GC=F
2026-09-23T01:25:00Z,4384.39990234375,4384.39990234375,4381.89990234375,4382.10009765625,112.0,yahoo,GC=F
2026-09-23T01:26:00Z,4382.39990234375,4382.7998046875,4381.2001953125,4381.2001953125,244.0,yahoo,GC=F
2026-09-23T01:27:00Z,4381.10009765625,4381.89990234375,4380.2998046875,4381.2001953125,69.0,yahoo,GC=F
2026-09-23T01:28:00Z,4381.39990234375,4381.60009765625,4379.7998046875,4381.0,116.0,yahoo,GC=F
2026-09-23T01:29:00Z,4381.0,4381.0,4379.39990234375,4380.7001953125,86.0,yahoo,GC=F
2026-09-23T01:30:00Z,4380.60009765625,4380.7001953125,4378.7001953125,4379.60009765625,177.0,yahoo,GC=F
2026-09-23T01:31:00Z,4379.39990234375,4380.7998046875,4378.7001953125,4379.0,111.0,yahoo,GC=F
2026-09-23T01:32:00Z,4378.89990234375,4380.5,4378.60009765625,4380.5,86.0,yahoo,GC=F
2026-09-23T01:33:00Z,4380.7998046875,4381.10009765625,4380.39990234375,4380.60009765625,69.0,yahoo,GC=F
2026-09-23T01:34:00Z,4380.5,4381.5,4380.10009765625,4380.60009765625,63.0,yahoo,GC=F
2026-09-23T01:35:00Z,4380.60009765625,4381.39990234375,4380.2998046875,4381.2001953125,50.0,yahoo,GC=F
2026-09-23T01:36:00Z,4381.5,4383.39990234375,4381.5,4383.0,109.0,yahoo,GC=F
2026-09-23T01:37:00Z,4382.7998046875,4382.7998046875,4381.7998046875,4381.7998046875,52.0,yahoo,GC=F
2026-09-23T01:38:00Z,4381.7001953125,4382.60009765625,4380.7998046875,4381.89990234375,104.0,yahoo,GC=F
2026-09-23T01:39:00Z,4382.0,4382.7998046875,4382.0,4382.7001953125,55.0,yahoo,GC=F
2026-09-23T01:40:00Z,4382.7001953125,4383.2001953125,4380.2001953125,4381.2001953125,63.0,yahoo,GC=F
2026-09-23T01:41:00Z,4381.2998046875,4382.0,4379.10009765625,4379.5,78.0,yahoo,GC=F
2026-09-23T01:42:00Z,4379.5,4381.2001953125,4379.5,4381.2001953125,53.0,yahoo,GC=F
2026-09-23T01:43:00Z,4381.2001953125,4382.5,4381.0,4381.39990234375,49.0,yahoo,GC=F
2026-09-23T01:44:00Z,4381.2998046875,4382.2001953125,4381.2001953125,4381.7998046875,28.0,yahoo,GC=F
2026-09-23T01:45:00Z,4381.89990234375,4382.2001953125,4380.89990234375,4380.89990234375,63.0,yahoo,GC=F
2026-09-23T01:46:00Z,4380.7998046875,4383.7001953125,4380.7998046875,4382.39990234375,94.0,yahoo,GC=F
2026-09-23T01:47:00Z,4382.39990234375,4383.10009765625,4381.7998046875,4382.0,70.0,yahoo,GC=F
2026-09-23T01:48:00Z,4382.0,4382.7001953125,4381.0,4382.39990234375,72.0,yahoo,GC=F
2026-09-23T01:49:00Z,4382.7001953125,4383.5,4381.7001953125,4382.7001953125,52.0,yahoo,GC=F
2026-09-23T01:50:00Z,4382.39990234375,4383.0,4381.39990234375,4383.0,45.0,yahoo,GC=F
2026-09-23T01:51:00Z,4382.89990234375,4383.5,4381.10009765625,4381.10009765625,70.0,yahoo,GC=F
2026-09-23T01:52:00Z,4381.0,4381.60009765625,4380.0,4380.39990234375,43.0,yahoo,GC=F
2026-09-23T01:53:00Z,4380.2998046875,4380.7998046875,4379.5,4380.0,44.0,yahoo,GC=F
2026-09-23T01:54:00Z,4379.39990234375,4379.5,4377.60009765625,4377.7998046875,133.0,yahoo,GC=F
2026-09-23T01:55:00Z,4377.60009765625,4378.39990234375,4376.5,4377.2001953125,100.0,yahoo,GC=F
2026-09-23T01:56:00Z,4377.0,4377.7001953125,4376.10009765625,4376.2998046875,91.0,yahoo,GC=F
2026-09-23T01:57:00Z,4376.2998046875,4378.0,4375.89990234375,4377.10009765625,69.0,yahoo,GC=F
2026-09-23T01:58:00Z,4377.2998046875,4378.0,4377.2998046875,4378.0,20.0,yahoo,GC=F
2026-09-23T01:59:00Z,4378.0,4378.60009765625,4377.2001953125,4378.2998046875,55.0,yahoo,GC=F
2026-09-23T02:00:00Z,4378.2001953125,4378.2998046875,4377.2998046875,4377.7001953125,46.0,yahoo,GC=F
2026-09-23T02:01:00Z,4377.7001953125,4378.10009765625,4377.10009765625,4377.39990234375,36.0,yahoo,GC=F
2026-09-23T02:02:00Z,4377.10009765625,4377.2001953125,4375.7998046875,4377.10009765625,96.0,yahoo,GC=F
2026-09-23T02:03:00Z,4376.7998046875,4376.7998046875,4375.0,4376.39990234375,65.0,yahoo,GC=F
2026-09-23T02:04:00Z,4376.39990234375,4376.89990234375,4375.39990234375,4375.39990234375,34.0,yahoo,GC=F
2026-09-23T02:05:00Z,4376.0,4376.5,4375.60009765625,4376.0,33.0,yahoo,GC=F
2026-09-23T02:06:00Z,4376.10009765625,4376.2998046875,4375.7001953125,4376.2998046875,39.0,yahoo,GC=F
2026-09-23T02:07:00Z,4376.39990234375,4376.60009765625,4374.7001953125,4375.10009765625,95.0,yahoo,GC=F
2026-09-23T02:08:00Z,4375.2998046875,4376.39990234375,4375.2998046875,4375.2998046875,38.0,yahoo,GC=F
2026-09-23T02:09:00Z,4374.89990234375,4375.60009765625,4374.7998046875,4375.39990234375,39.0,yahoo,GC=F
2026-09-23T02:10:00Z,4375.0,4375.2998046875,4374.7001953125,4375.10009765625,29.0,yahoo,GC=F
2026-09-23T02:11:00Z,4375.2001953125,4376.5,4375.2001953125,4375.7998046875,33.0,yahoo,GC=F
2026-09-23T02:12:00Z,4375.7998046875,4376.0,4374.7998046875,4375.10009765625,42.0,yahoo,GC=F
2026-09-23T02:13:00Z,4375.2998046875,4375.39990234375,4374.2998046875,4374.7998046875,46.0,yahoo,GC=F
2026-09-23T02:14:00Z,4374.89990234375,4375.0,4374.0,4374.10009765625,47.0,yahoo,GC=F
2026-09-23T02:15:00Z,4374.2998046875,4374.2998046875,4372.2998046875,4372.89990234375,140.0,yahoo,GC=F
2026-09-23T02:16:00Z,4372.89990234375,4373.7001953125,4372.5,4373.2001953125,112.0,yahoo,GC=F
2026-09-23T02:17:00Z,4373.2001953125,4374.10009765625,4372.7001953125,4373.2001953125,98.0,yahoo,GC=F
2026-09-23T02:18:00Z,4373.2998046875,4373.39990234375,4372.2998046875,4372.39990234375,29.0,yahoo,GC=F
2026-09-23T02:19:00Z,4372.2998046875,4373.60009765625,4371.2998046875,4372.7001953125,191.0,yahoo,GC=F
2026-09-23T02:20:00Z,4372.5,4372.7001953125,4371.60009765625,4372.0,73.0,yahoo,GC=F
2026-09-23T02:21:00Z,4372.10009765625,4373.2001953125,4371.60009765625,4372.7001953125,68.0,yahoo,GC=F
2026-09-23T02:22:00Z,4372.89990234375,4374.60009765625,4371.60009765625,4374.39990234375,119.0,yahoo,GC=F
2026-09-23T02:23:00Z,4374.2998046875,4374.7998046875,4374.10009765625,4374.5,34.0,yahoo,GC=F
2026-09-23T02:24:00Z,4374.2998046875,4375.2001953125,4374.10009765625,4374.89990234375,61.0,yahoo,GC=F
2026-09-23T02:25:00Z,4374.7001953125,4375.7001953125,4374.5,4374.89990234375,55.0,yahoo,GC=F
2026-09-23T02:26:00Z,4375.10009765625,4376.10009765625,4374.7998046875,4375.7001953125,52.0,yahoo,GC=F
2026-09-23T02:27:00Z,4375.60009765625,4376.7001953125,4375.60009765625,4376.2001953125,63.0,yahoo,GC=F
2026-09-23T02:28:00Z,4376.10009765625,4376.2001953125,4375.0,4375.7001953125,47.0,yahoo,GC=F
2026-09-23T02:29:00Z,4375.7998046875,4375.7998046875,4374.89990234375,4375.2998046875,32.0,yahoo,GC=F
2026-09-23T02:30:00Z,4375.5,4376.2001953125,4374.10009765625,4374.7998046875,59.0,yahoo,GC=F
2026-09-23T02:31:00Z,4374.5,4375.5,4374.2001953125,4374.5,41.0,yahoo,GC=F
2026-09-23T02:32:00Z,4374.39990234375,4374.5,4373.5,4374.39990234375,42.0,yahoo,GC=F
2026-09-23T02:33:00Z,4374.60009765625,4374.60009765625,4373.7998046875,4374.0,34.0,yahoo,GC=F
2026-09-23T02:34:00Z,4374.10009765625,4375.2001953125,4373.7998046875,4375.2001953125,50.0,yahoo,GC=F
2026-09-23T02:35:00Z,4374.5,4375.5,4374.39990234375,4375.5,44.0,yahoo,GC=F
2026-09-23T02:36:00Z,4375.39990234375,4375.7001953125,4372.2998046875,4372.7001953125,231.0,yahoo,GC=F
2026-09-23T02:37:00Z,4372.7998046875,4373.39990234375,4371.2998046875,4371.39990234375,61.0,yahoo,GC=F
2026-09-23T02:38:00Z,4371.60009765625,4373.10009765625,4371.39990234375,4372.60009765625,61.0,yahoo,GC=F
2026-09-23T02:39:00Z,4372.7998046875,4372.7998046875,4370.2001953125,4370.89990234375,100.0,yahoo,GC=F
2026-09-23T02:40:00Z,4370.89990234375,4372.5,4370.7998046875,4372.0,34.0,yahoo,GC=F
2026-09-23T02:41:00Z,4371.7001953125,4372.2998046875,4371.60009765625,4372.2998046875,25.0,yahoo,GC=F
2026-09-23T02:42:00Z,4372.2001953125,4373.7998046875,4371.89990234375,4373.7998046875,50.0,yahoo,GC=F
2026-09-23T02:43:00Z,4374.0,4374.2001953125,4373.7001953125,4374.2001953125,24.0,yahoo,GC=F
2026-09-23T02:44:00Z,4374.0,4374.0,4373.2001953125,4374.0,36.0,yahoo,GC=F
2026-09-23T02:45:00Z,4374.0,4374.39990234375,4373.7001953125,4373.7001953125,40.0,yahoo,GC=F
2026-09-23T02:46:00Z,4373.39990234375,4374.89990234375,4373.10009765625,4374.60009765625,32.0,yahoo,GC=F
2026-09-23T02:47:00Z,4374.5,4374.5,4372.89990234375,4372.89990234375,32.0,yahoo,GC=F
2026-09-23T02:48:00Z,4373.2001953125,4374.0,4373.2001953125,4373.60009765625,47.0,yahoo,GC=F
2026-09-23T02:49:00Z,4374.0,4374.0,4371.7998046875,4372.0,59.0,yahoo,GC=F
2026-09-23T02:50:00Z,4372.2001953125,4373.10009765625,4371.2998046875,4373.10009765625,71.0,yahoo,GC=F
2026-09-23T02:51:00Z,4373.0,4373.0,4371.7001953125,4372.60009765625,55.0,yahoo,GC=F
2026-09-23T02:52:00Z,4373.0,4373.5,4372.7001953125,4373.2001953125,69.0,yahoo,GC=F
2026-09-23T02:53:00Z,4373.60009765625,4373.7001953125,4373.0,4373.0,25.0,yahoo,GC=F
2026-09-23T02:54:00Z,4373.10009765625,4373.10009765625,4372.89990234375,4373.0,10.0,yahoo,GC=F
2026-09-23T02:55:00Z,4372.7998046875,4372.7998046875,4370.39990234375,4370.5,59.0,yahoo,GC=F
2026-09-23T02:56:00Z,4370.7998046875,4371.2001953125,4370.2001953125,4370.5,48.0,yahoo,GC=F
2026-09-23T02:57:00Z,4370.60009765625,4371.7998046875,4370.10009765625,4371.5,83.0,yahoo,GC=F
2026-09-23T02:58:00Z,4371.89990234375,4372.2001953125,4371.2001953125,4371.5,33.0,yahoo,GC=F
2026-09-23T02:59:00Z,4371.0,4371.10009765625,4370.2001953125,4370.7001953125,40.0,yahoo,GC=F
2026-09-23T03:00:00Z,4370.7001953125,4371.2001953125,4370.10009765625,4371.10009765625,45.0,yahoo,GC=F
2026-09-23T03:01:00Z,4370.89990234375,4371.39990234375,4370.0,4371.2001953125,128.0,yahoo,GC=F
2026-09-23T03:02:00Z,4371.0,4371.0,4370.60009765625,4370.7001953125,18.0,yahoo,GC=F
2026-09-23T03:03:00Z,4370.7001953125,4371.2998046875,4370.5,4370.7998046875,29.0,yahoo,GC=F
2026-09-23T03:04:00Z,4371.0,4372.39990234375,4371.0,4371.89990234375,46.0,yahoo,GC=F
2026-09-23T03:05:00Z,4371.7998046875,4372.2998046875,4371.7001953125,4372.10009765625,46.0,yahoo,GC=F
2026-09-23T03:06:00Z,4371.7001953125,4371.89990234375,4371.10009765625,4371.7998046875,22.0,yahoo,GC=F
2026-09-23T03:07:00Z,4371.89990234375,4372.39990234375,4371.10009765625,4371.60009765625,30.0,yahoo,GC=F
2026-09-23T03:08:00Z,4371.5,4372.60009765625,4371.39990234375,4372.2001953125,29.0,yahoo,GC=F
2026-09-23T03:09:00Z,4372.60009765625,4373.89990234375,4372.5,4372.7001953125,106.0,yahoo,GC=F
2026-09-23T03:10:00Z,4372.5,4373.0,4372.39990234375,4372.89990234375,14.0,yahoo,GC=F
2026-09-23T03:11:00Z,4372.89990234375,4374.7001953125,4372.89990234375,4374.39990234375,61.0,yahoo,GC=F
2026-09-23T03:12:00Z,4374.2001953125,4375.5,4374.2001953125,4375.2998046875,46.0,yahoo,GC=F
2026-09-23T03:13:00Z,4375.5,4376.39990234375,4375.2001953125,4376.10009765625,93.0,yahoo,GC=F
2026-09-23T03:14:00Z,4376.2001953125,4376.60009765625,4375.5,4375.5,53.0,yahoo,GC=F
2026-09-23T03:15:00Z,4375.89990234375,4376.10009765625,4374.5,4374.5,56.0,yahoo,GC=F
2026-09-23T03:16:00Z,4374.2001953125,4374.7998046875,4373.89990234375,4374.5,35.0,yahoo,GC=F
2026-09-23T03:17:00Z,4374.7001953125,4375.0,4374.2998046875,4374.2998046875,23.0,yahoo,GC=F
2026-09-23T03:18:00Z,4374.10009765625,4374.10009765625,4372.60009765625,4372.89990234375,53.0,yahoo,GC=F
2026-09-23T03:19:00Z,4372.7998046875,4373.7998046875,4372.7998046875,4373.5,29.0,yahoo,GC=F
2026-09-23T03:20:00Z,4373.2001953125,4373.39990234375,4373.0,4373.10009765625,13.0,yahoo,GC=F
2026-09-23T03:21:00Z,4373.39990234375,4374.10009765625,4373.2998046875,4374.10009765625,23.0,yahoo,GC=F
2026-09-23T03:22:00Z,4374.5,4375.39990234375,4374.2998046875,4375.10009765625,29.0,yahoo,GC=F
2026-09-23T03:23:00Z,4375.2001953125,4376.2998046875,4375.10009765625,4376.2998046875,20.0,yahoo,GC=F
2026-09-23T03:24:00Z,4376.0,4377.2001953125,4376.0,4376.60009765625,47.0,yahoo,GC=F
2026-09-23T03:25:00Z,4376.2001953125,4377.2001953125,4375.7998046875,4377.2001953125,41.0,yahoo,GC=F
2026-09-23T03:26:00Z,4377.10009765625,4377.10009765625,4375.89990234375,4376.0,43.0,yahoo,GC=F
2026-09-23T03:27:00Z,4376.2001953125,4376.2001953125,4374.89990234375,4375.0,79.0,yahoo,GC=F
2026-09-23T03:28:00Z,4374.89990234375,4375.7998046875,4374.89990234375,4375.60009765625,30.0,yahoo,GC=F
2026-09-23T03:29:00Z,4375.2001953125,4375.39990234375,4374.89990234375,4375.0,15.0,yahoo,GC=F
2026-09-23T03:30:00Z,4374.7001953125,4376.2001953125,4374.10009765625,4376.10009765625,32.0,yahoo,GC=F
2026-09-23T03:31:00Z,4376.2998046875,4376.7998046875,4376.0,4376.60009765625,22.0,yahoo,GC=F
2026-09-23T03:32:00Z,4376.7001953125,4376.7001953125,4375.89990234375,4375.89990234375,17.0,yahoo,GC=F
2026-09-23T03:33:00Z,4375.89990234375,4377.10009765625,4375.89990234375,4376.60009765625,26.0,yahoo,GC=F
2026-09-23T03:34:00Z,4376.7998046875,4377.60009765625,4375.7998046875,4376.10009765625,65.0,yahoo,GC=F
2026-09-23T03:35:00Z,4376.39990234375,4376.89990234375,4376.39990234375,4376.89990234375,18.0,yahoo,GC=F
2026-09-23T03:36:00Z,4376.89990234375,4377.0,4376.60009765625,4376.60009765625,5.0,yahoo,GC=F
2026-09-23T03:37:00Z,4376.2998046875,4376.7998046875,4376.0,4376.0,25.0,yahoo,GC=F
2026-09-23T03:38:00Z,4376.39990234375,4376.5,4376.0,4376.0,12.0,yahoo,GC=F
2026-09-23T03:39:00Z,4376.10009765625,4376.7998046875,4375.7001953125,4376.7001953125,31.0,yahoo,GC=F
2026-09-23T03:40:00Z,4376.7998046875,4378.0,4376.7001953125,4377.60009765625,70.0,yahoo,GC=F
2026-09-23T03:41:00Z,4377.60009765625,4378.7001953125,4377.60009765625,4378.7001953125,55.0,yahoo,GC=F
2026-09-23T03:42:00Z,4378.7001953125,4378.7001953125,4377.7001953125,4378.0,24.0,yahoo,GC=F
2026-09-23T03:43:00Z,4377.89990234375,4378.2001953125,4377.7998046875,4378.2001953125,26.0,yahoo,GC=F
2026-09-23T03:44:00Z,4378.0,4378.5,4377.39990234375,4378.5,33.0,yahoo,GC=F
2026-09-23T03:45:00Z,4378.5,4379.10009765625,4378.5,4379.0,26.0,yahoo,GC=F
2026-09-23T03:46:00Z,4379.0,4379.10009765625,4378.7001953125,4378.7001953125,26.0,yahoo,GC=F
2026-09-23T03:47:00Z,4378.7001953125,4379.2998046875,4378.60009765625,4379.0,29.0,yahoo,GC=F
2026-09-23T03:48:00Z,4378.89990234375,4379.7998046875,4378.5,4379.60009765625,53.0,yahoo,GC=F
2026-09-23T03:49:00Z,4379.2998046875,4379.39990234375,4378.7998046875,4379.0,28.0,yahoo,GC=F
2026-09-23T03:50:00Z,4379.0,4379.39990234375,4378.7001953125,4379.39990234375,20.0,yahoo,GC=F
2026-09-23T03:51:00Z,4379.39990234375,4380.10009765625,4379.39990234375,4379.7001953125,42.0,yahoo,GC=F
2026-09-23T03:52:00Z,4379.89990234375,4381.0,4379.89990234375,4380.7998046875,70.0,yahoo,GC=F
2026-09-23T03:53:00Z,4381.10009765625,4381.5,4380.39990234375,4380.89990234375,49.0,yahoo,GC=F
2026-09-23T03:54:00Z,4380.7998046875,4381.39990234375,4380.7001953125,4381.2998046875,47.0,yahoo,GC=F
2026-09-23T03:55:00Z,4381.2998046875,4381.89990234375,4380.7001953125,4381.39990234375,90.0,yahoo,GC=F
2026-09-23T03:56:00Z,4381.60009765625,4382.39990234375,4381.0,4381.5,191.0,yahoo,GC=F
2026-09-23T03:57:00Z,4381.39990234375,4381.7998046875,4380.39990234375,4381.2998046875,103.0,yahoo,GC=F
2026-09-23T03:58:00Z,4381.60009765625,4381.89990234375,4379.7998046875,4380.0,90.0,yahoo,GC=F
2026-09-23T04:00:00Z,4379.39990234375,4380.89990234375,4379.2001953125,4380.5,63.0,yahoo,GC=F
2026-09-23T04:01:00Z,4380.2998046875,4381.2001953125,4380.10009765625,4380.60009765625,46.0,yahoo,GC=F
2026-09-23T04:02:00Z,4380.39990234375,4380.89990234375,4380.2001953125,4380.2998046875,28.0,yahoo,GC=F
2026-09-23T04:03:00Z,4380.10009765625,4381.2001953125,4380.10009765625,4380.5,60.0,yahoo,GC=F
2026-09-23T04:04:00Z,4380.60009765625,4381.7998046875,4380.60009765625,4381.5,30.0,yahoo,GC=F
2026-09-23T04:05:00Z,4381.2998046875,4381.7001953125,4381.10009765625,4381.7001953125,23.0,yahoo,GC=F
2026-09-23T04:06:00Z,4381.7001953125,4382.7001953125,4381.39990234375,4382.39990234375,58.0,yahoo,GC=F
2026-09-23T04:07:00Z,4382.2001953125,4382.7001953125,4381.89990234375,4382.0,59.0,yahoo,GC=F
2026-09-23T04:08:00Z,4382.0,4382.2998046875,4381.7998046875,4382.2001953125,18.0,yahoo,GC=F
2026-09-23T04:09:00Z,4382.2998046875,4382.39990234375,4381.7001953125,4381.7001953125,29.0,yahoo,GC=F
2026-09-23T04:10:00Z,4381.60009765625,4381.89990234375,4381.2001953125,4381.7001953125,18.0,yahoo,GC=F
2026-09-23T04:11:00Z,4381.5,4382.2998046875,4381.10009765625,4382.2998046875,20.0,yahoo,GC=F
2026-09-23T04:12:00Z,4382.39990234375,4383.7998046875,4382.39990234375,4383.2998046875,44.0,yahoo,GC=F
2026-09-23T04:13:00Z,4383.2001953125,4383.5,4383.0,4383.2998046875,18.0,yahoo,GC=F
2026-09-23T04:14:00Z,4383.5,4384.2001953125,4382.89990234375,4383.10009765625,53.0,yahoo,GC=F
2026-09-23T04:15:00Z,4382.89990234375,4383.2998046875,4382.60009765625,4383.2998046875,29.0,yahoo,GC=F
2026-09-23T04:16:00Z,4383.2998046875,4383.5,4383.0,4383.0,20.0,yahoo,GC=F
2026-09-23T04:17:00Z,4382.5,4382.7998046875,4381.7998046875,4382.5,27.0,yahoo,GC=F
2026-09-23T04:18:00Z,4383.0,4383.7998046875,4382.7001953125,4383.7998046875,47.0,yahoo,GC=F
2026-09-23T04:19:00Z,4384.0,4384.2998046875,4383.7001953125,4383.89990234375,30.0,yahoo,GC=F
2026-09-23T04:20:00Z,4383.39990234375,4384.0,4383.39990234375,4383.60009765625,8.0,yahoo,GC=F
2026-09-23T04:21:00Z,4383.39990234375,4384.39990234375,4383.2001953125,4384.39990234375,16.0,yahoo,GC=F
2026-09-23T04:22:00Z,4384.2001953125,4384.2001953125,4382.39990234375,4382.39990234375,27.0,yahoo,GC=F
2026-09-23T04:23:00Z,4382.39990234375,4382.39990234375,4381.7001953125,4381.7998046875,28.0,yahoo,GC=F
2026-09-23T04:24:00Z,4381.7001953125,4382.0,4381.60009765625,4381.7998046875,25.0,yahoo,GC=F
2026-09-23T04:25:00Z,4382.39990234375,4382.39990234375,4382.39990234375,4382.39990234375,1.0,yahoo,GC=F
2026-09-23T04:26:00Z,4382.39990234375,4382.39990234375,4382.2998046875,4382.2998046875,2.0,yahoo,GC=F
2026-09-23T04:27:00Z,4382.39990234375,4382.39990234375,4381.7998046875,4382.0,11.0,yahoo,GC=F
2026-09-23T04:28:00Z,4382.0,4382.2998046875,4381.89990234375,4382.0,9.0,yahoo,GC=F
2026-09-23T04:29:00Z,4382.2001953125,4382.39990234375,4382.2001953125,4382.2998046875,5.0,yahoo,GC=F
2026-09-23T04:30:00Z,4382.39990234375,4382.60009765625,4382.10009765625,4382.10009765625,14.0,yahoo,GC=F
2026-09-23T04:31:00Z,4382.10009765625,4383.39990234375,4382.10009765625,4383.39990234375,15.0,yahoo,GC=F
2026-09-23T04:32:00Z,4382.89990234375,4382.89990234375,4382.5,4382.5,8.0,yahoo,GC=F
2026-09-23T04:33:00Z,4382.2998046875,4382.39990234375,4381.2001953125,4382.10009765625,55.0,yahoo,GC=F
2026-09-23T04:34:00Z,4382.10009765625,4382.39990234375,4382.0,4382.39990234375,10.0,yahoo,GC=F
2026-09-23T04:35:00Z,4382.89990234375,4383.7998046875,4382.89990234375,4383.39990234375,23.0,yahoo,GC=F
2026-09-23T04:36:00Z,4383.10009765625,4383.2001953125,4383.10009765625,4383.2001953125,3.0,yahoo,GC=F
2026-09-23T04:37:00Z,4383.2998046875,4383.2998046875,4383.2998046875,4383.2998046875,1.0,yahoo,GC=F
2026-09-23T04:38:00Z,4382.89990234375,4382.89990234375,4382.10009765625,4382.2001953125,17.0,yahoo,GC=F
2026-09-23T04:39:00Z,4382.10009765625,4382.10009765625,4381.2001953125,4381.60009765625,28.0,yahoo,GC=F
2026-09-23T04:40:00Z,4381.60009765625,4381.60009765625,4380.7998046875,4381.2001953125,15.0,yahoo,GC=F
2026-09-23T04:41:00Z,4381.2001953125,4381.39990234375,4380.7998046875,4380.89990234375,14.0,yahoo,GC=F
2026-09-23T04:42:00Z,4381.0,4381.2001953125,4380.5,4381.2001953125,38.0,yahoo,GC=F
2026-09-23T04:43:00Z,4381.0,4382.7998046875,4381.0,4382.10009765625,29.0,yahoo,GC=F
2026-09-23T04:44:00Z,4382.0,4382.0,4381.5,4381.5,11.0,yahoo,GC=F
2026-09-23T04:45:00Z,4381.5,4382.2001953125,4381.5,4381.60009765625,10.0,yahoo,GC=F
2026-09-23T04:46:00Z,4381.60009765625,4382.0,4381.2998046875,4382.0,7.0,yahoo,GC=F
2026-09-23T04:47:00Z,4382.39990234375,4383.0,4382.2001953125,4383.0,33.0,yahoo,GC=F
2026-09-23T04:48:00Z,4382.7998046875,4383.2998046875,4382.5,4383.2001953125,32.0,yahoo,GC=F
2026-09-23T04:49:00Z,4382.7998046875,4383.7998046875,4382.7001953125,4383.7998046875,29.0,yahoo,GC=F
2026-09-23T04:50:00Z,4383.7998046875,4383.7998046875,4383.0,4383.2998046875,33.0,yahoo,GC=F
2026-09-23T04:51:00Z,4383.0,4383.2001953125,4382.39990234375,4382.60009765625,20.0,yahoo,GC=F
2026-09-23T04:52:00Z,4382.60009765625,4382.7998046875,4381.7998046875,4381.89990234375,14.0,yahoo,GC=F
2026-09-23T04:53:00Z,4381.7998046875,4382.0,4380.7998046875,4380.7998046875,26.0,yahoo,GC=F
2026-09-23T04:54:00Z,4381.10009765625,4382.2998046875,4380.7001953125,4382.10009765625,35.0,yahoo,GC=F
2026-09-23T04:55:00Z,4382.10009765625,4382.10009765625,4380.7998046875,4380.7998046875,16.0,yahoo,GC=F
2026-09-23T04:56:00Z,4380.7998046875,4381.7998046875,4380.7998046875,4381.7998046875,32.0,yahoo,GC=F
2026-09-23T04:57:00Z,4381.7998046875,4382.10009765625,4380.89990234375,4381.39990234375,23.0,yahoo,GC=F
2026-09-23T04:58:00Z,4381.39990234375,4381.89990234375,4381.39990234375,4381.89990234375,23.0,yahoo,GC=F
2026-09-23T04:59:00Z,4381.60009765625,4381.60009765625,4381.0,4381.0,5.0,yahoo,GC=F
2026-09-23T05:00:00Z,4381.2001953125,4381.2001953125,4380.2001953125,4380.39990234375,47.0,yahoo,GC=F
2026-09-23T05:01:00Z,4380.39990234375,4380.60009765625,4379.60009765625,4379.60009765625,95.0,yahoo,GC=F
2026-09-23T05:02:00Z,4379.5,4380.2998046875,4379.5,4380.2001953125,38.0,yahoo,GC=F
2026-09-23T05:03:00Z,4380.2001953125,4380.7998046875,4379.5,4380.39990234375,59.0,yahoo,GC=F
2026-09-23T05:04:00Z,4380.7001953125,4382.5,4380.7001953125,4381.60009765625,84.0,yahoo,GC=F
2026-09-23T05:05:00Z,4381.10009765625,4382.89990234375,4381.10009765625,4382.7001953125,44.0,yahoo,GC=F
2026-09-23T05:06:00Z,4382.7001953125,4382.89990234375,4382.10009765625,4382.10009765625,110.0,yahoo,GC=F
2026-09-23T05:07:00Z,4382.2001953125,4382.39990234375,4382.10009765625,4382.39990234375,5.0,yahoo,GC=F
2026-09-23T05:08:00Z,4382.10009765625,4382.10009765625,4381.2998046875,4381.2998046875,17.0,yahoo,GC=F
2026-09-23T05:09:00Z,4381.5,4381.5,4380.7001953125,4381.0,11.0,yahoo,GC=F
2026-09-23T05:10:00Z,4380.7001953125,4380.7001953125,4379.7998046875,4380.2998046875,41.0,yahoo,GC=F
2026-09-23T05:11:00Z,4380.10009765625,4380.10009765625,4379.89990234375,4380.0,5.0,yahoo,GC=F
2026-09-23T05:12:00Z,4379.89990234375,4380.2001953125,4379.89990234375,4380.2001953125,8.0,yahoo,GC=F
2026-09-23T05:13:00Z,4380.39990234375,4380.39990234375,4380.39990234375,4380.39990234375,2.0,yahoo,GC=F
2026-09-23T05:14:00Z,4380.0,4380.0,4379.2001953125,4379.39990234375,27.0,yahoo,GC=F
2026-09-23T05:15:00Z,4379.7998046875,4379.89990234375,4379.2998046875,4379.2998046875,294.0,yahoo,GC=F
2026-09-23T05:16:00Z,4379.2998046875,4380.10009765625,4379.2998046875,4380.10009765625,21.0,yahoo,GC=F
2026-09-23T05:17:00Z,4380.2001953125,4380.5,4380.2001953125,4380.2001953125,8.0,yahoo,GC=F
2026-09-23T05:18:00Z,4380.2998046875,4380.5,4379.7998046875,4380.0,8.0,yahoo,GC=F
2026-09-23T05:19:00Z,4379.7001953125,4379.89990234375,4378.7001953125,4379.5,59.0,yahoo,GC=F
2026-09-23T05:20:00Z,4379.39990234375,4379.7998046875,4378.7001953125,4379.39990234375,50.0,yahoo,GC=F
2026-09-23T05:21:00Z,4379.2998046875,4380.0,4379.2998046875,4380.0,12.0,yahoo,GC=F
2026-09-23T05:22:00Z,4379.7001953125,4379.7998046875,4378.7998046875,4379.10009765625,29.0,yahoo,GC=F
2026-09-23T05:23:00Z,4379.0,4380.0,4378.89990234375,4379.7998046875,26.0,yahoo,GC=F
2026-09-23T05:24:00Z,4379.7998046875,4379.7998046875,4378.89990234375,4379.2998046875,10.0,yahoo,GC=F
2026-09-23T05:25:00Z,4378.89990234375,4380.7001953125,4378.89990234375,4380.5,27.0,yahoo,GC=F
2026-09-23T05:26:00Z,4380.2998046875,4380.2998046875,4379.2001953125,4379.39990234375,14.0,yahoo,GC=F
2026-09-23T05:27:00Z,4379.2998046875,4379.60009765625,4379.10009765625,4379.10009765625,9.0,yahoo,GC=F
2026-09-23T05:28:00Z,4378.7001953125,4378.7998046875,4378.2001953125,4378.39990234375,18.0,yahoo,GC=F
2026-09-23T05:29:00Z,4378.2001953125,4378.60009765625,4377.2998046875,4378.2001953125,51.0,yahoo,GC=F
2026-09-23T05:30:00Z,4378.2001953125,4379.39990234375,4377.7001953125,4378.0,165.0,yahoo,GC=F
2026-09-23T05:31:00Z,4377.89990234375,4378.2001953125,4375.5,4376.0,116.0,yahoo,GC=F
2026-09-23T05:32:00Z,4375.89990234375,4376.60009765625,4374.89990234375,4375.2998046875,60.0,yahoo,GC=F
2026-09-23T05:33:00Z,4375.60009765625,4376.0,4374.7998046875,4375.39990234375,79.0,yahoo,GC=F
2026-09-23T05:34:00Z,4375.2001953125,4375.60009765625,4374.7001953125,4374.7998046875,47.0,yahoo,GC=F
2026-09-23T05:35:00Z,4375.10009765625,4375.10009765625,4374.10009765625,4374.89990234375,44.0,yahoo,GC=F
2026-09-23T05:36:00Z,4374.7998046875,4374.7998046875,4373.7001953125,4374.39990234375,83.0,yahoo,GC=F
2026-09-23T05:37:00Z,4374.39990234375,4374.5,4373.2001953125,4373.2001953125,29.0,yahoo,GC=F
2026-09-23T05:38:00Z,4373.10009765625,4373.2001953125,4371.60009765625,4372.7001953125,104.0,yahoo,GC=F
2026-09-23T05:39:00Z,4372.5,4372.60009765625,4371.7001953125,4371.89990234375,37.0,yahoo,GC=F
2026-09-23T05:40:00Z,4372.0,4372.39990234375,4371.60009765625,4371.7998046875,50.0,yahoo,GC=F
2026-09-23T05:41:00Z,4371.89990234375,4373.7998046875,4371.89990234375,4373.10009765625,95.0,yahoo,GC=F
2026-09-23T05:42:00Z,4373.2998046875,4373.2998046875,4371.7998046875,4372.39990234375,50.0,yahoo,GC=F
2026-09-23T05:43:00Z,4372.2001953125,4372.2998046875,4366.60009765625,4366.7001953125,473.0,yahoo,GC=F
2026-09-23T05:44:00Z,4367.0,4368.2001953125,4366.2001953125,4366.7998046875,275.0,yahoo,GC=F
2026-09-23T05:45:00Z,4366.89990234375,4369.0,4366.89990234375,4368.60009765625,114.0,yahoo,GC=F
2026-09-23T05:46:00Z,4368.7998046875,4368.89990234375,4367.7001953125,4368.10009765625,57.0,yahoo,GC=F
2026-09-23T05:47:00Z,4368.2998046875,4368.5,4367.39990234375,4367.89990234375,31.0,yahoo,GC=F
2026-09-23T05:48:00Z,4368.10009765625,4368.39990234375,4367.7001953125,4368.2001953125,28.0,yahoo,GC=F
2026-09-23T05:49:00Z,4368.2001953125,4368.5,4366.2998046875,4366.7001953125,71.0,yahoo,GC=F
2026-09-23T05:50:00Z,4366.7001953125,4368.10009765625,4365.10009765625,4367.89990234375,142.0,yahoo,GC=F
2026-09-23T05:51:00Z,4367.89990234375,4368.5,4367.60009765625,4368.5,40.0,yahoo,GC=F
2026-09-23T05:52:00Z,4368.10009765625,4369.2998046875,4367.89990234375,4368.10009765625,102.0,yahoo,GC=F
2026-09-23T05:53:00Z,4368.2998046875,4369.5,4368.2998046875,4369.39990234375,31.0,yahoo,GC=F
2026-09-23T05:54:00Z,4369.60009765625,4370.60009765625,4369.60009765625,4370.0,55.0,yahoo,GC=F
2026-09-23T05:55:00Z,4370.2001953125,4371.0,4369.7998046875,4371.0,51.0,yahoo,GC=F
2026-09-23T05:56:00Z,4370.89990234375,4372.39990234375,4370.7001953125,4372.2998046875,108.0,yahoo,GC=F
2026-09-23T05:57:00Z,4372.5,4372.5,4371.89990234375,4372.2998046875,27.0,yahoo,GC=F
2026-09-23T05:58:00Z,4372.2998046875,4372.5,4370.7001953125,4371.5,54.0,yahoo,GC=F
2026-09-23T05:59:00Z,4371.2001953125,4372.39990234375,4371.2001953125,4372.2998046875,46.0,yahoo,GC=F
2026-09-23T06:00:00Z,4371.7998046875,4374.10009765625,4371.39990234375,4371.89990234375,196.0,yahoo,GC=F
2026-09-23T06:01:00Z,4372.0,4373.10009765625,4371.89990234375,4373.10009765625,88.0,yahoo,GC=F
2026-09-23T06:02:00Z,4372.7998046875,4373.39990234375,4372.0,4373.2001953125,81.0,yahoo,GC=F
2026-09-23T06:03:00Z,4373.5,4373.5,4372.2998046875,4373.0,64.0,yahoo,GC=F
2026-09-23T06:04:00Z,4373.2001953125,4373.2998046875,4370.89990234375,4372.2001953125,98.0,yahoo,GC=F
2026-09-23T06:05:00Z,4372.2998046875,4372.7998046875,4371.39990234375,4372.39990234375,65.0,yahoo,GC=F
2026-09-23T06:06:00Z,4372.0,4372.60009765625,4370.7998046875,4372.60009765625,76.0,yahoo,GC=F
2026-09-23T06:07:00Z,4372.5,4372.7998046875,4371.2998046875,4371.5,48.0,yahoo,GC=F
2026-09-23T06:08:00Z,4371.7001953125,4371.7001953125,4369.60009765625,4370.0,60.0,yahoo,GC=F
2026-09-23T06:09:00Z,4370.2001953125,4370.2998046875,4368.7001953125,4368.89990234375,69.0,yahoo,GC=F
2026-09-23T06:10:00Z,4368.5,4368.7998046875,4367.39990234375,4368.2998046875,139.0,yahoo,GC=F
2026-09-23T06:11:00Z,4368.2998046875,4368.7998046875,4367.2001953125,4367.7998046875,64.0,yahoo,GC=F
2026-09-23T06:12:00Z,4368.10009765625,4368.10009765625,4367.2001953125,4367.2998046875,64.0,yahoo,GC=F
2026-09-23T06:13:00Z,4367.2998046875,4367.39990234375,4366.7998046875,4367.10009765625,95.0,yahoo,GC=F
2026-09-23T06:14:00Z,4367.2001953125,4368.0,4366.5,4368.0,44.0,yahoo,GC=F
2026-09-23T06:15:00Z,4367.7001953125,4367.7998046875,4364.7001953125,4364.7998046875,173.0,yahoo,GC=F
2026-09-23T06:16:00Z,4364.7001953125,4365.5,4364.39990234375,4364.89990234375,69.0,yahoo,GC=F
2026-09-23T06:17:00Z,4365.2001953125,4366.0,4365.10009765625,4366.0,56.0,yahoo,GC=F
2026-09-23T06:18:00Z,4365.5,4367.10009765625,4365.39990234375,4366.60009765625,112.0,yahoo,GC=F
2026-09-23T06:19:00Z,4367.0,4367.2001953125,4366.5,4366.7001953125,48.0,yahoo,GC=F
2026-09-23T06:20:00Z,4366.5,4367.2001953125,4366.10009765625,4366.60009765625,36.0,yahoo,GC=F
2026-09-23T06:21:00Z,4366.2998046875,4366.2998046875,4363.2998046875,4363.60009765625,148.0,yahoo,GC=F
2026-09-23T06:22:00Z,4363.89990234375,4366.5,4363.7001953125,4366.5,61.0,yahoo,GC=F
2026-09-23T06:23:00Z,4366.2998046875,4367.10009765625,4365.0,4365.2001953125,48.0,yahoo,GC=F
2026-09-23T06:24:00Z,4365.7001953125,4367.10009765625,4365.7001953125,4367.10009765625,78.0,yahoo,GC=F
2026-09-23T06:25:00Z,4367.2998046875,4368.2998046875,4367.2001953125,4368.0,132.0,yahoo,GC=F
2026-09-23T06:26:00Z,4367.7998046875,4368.10009765625,4366.2998046875,4367.10009765625,139.0,yahoo,GC=F
2026-09-23T06:27:00Z,4366.7998046875,4367.2001953125,4366.60009765625,4367.2001953125,28.0,yahoo,GC=F
2026-09-23T06:28:00Z,4366.60009765625,4366.89990234375,4365.89990234375,4366.2998046875,25.0,yahoo,GC=F
2026-09-23T06:29:00Z,4366.2001953125,4366.7998046875,4365.89990234375,4365.89990234375,26.0,yahoo,GC=F
2026-09-23T06:30:00Z,4366.2001953125,4367.39990234375,4365.7001953125,4367.2001953125,67.0,yahoo,GC=F
2026-09-23T06:31:00Z,4367.10009765625,4368.7998046875,4366.89990234375,4368.7998046875,64.0,yahoo,GC=F
2026-09-23T06:32:00Z,4368.5,4368.89990234375,4367.89990234375,4368.5,49.0,yahoo,GC=F
2026-09-23T06:33:00Z,4368.60009765625,4369.10009765625,4367.60009765625,4367.7001953125,95.0,yahoo,GC=F
2026-09-23T06:34:00Z,4367.89990234375,4369.10009765625,4367.89990234375,4368.60009765625,48.0,yahoo,GC=F
2026-09-23T06:35:00Z,4369.0,4370.10009765625,4368.39990234375,4368.60009765625,112.0,yahoo,GC=F
2026-09-23T06:36:00Z,4368.7001953125,4370.39990234375,4368.5,4370.10009765625,38.0,yahoo,GC=F
2026-09-23T06:37:00Z,4369.7001953125,4370.10009765625,4369.60009765625,4370.10009765625,22.0,yahoo,GC=F
2026-09-23T06:38:00Z,4369.5,4370.10009765625,4368.89990234375,4370.10009765625,43.0,yahoo,GC=F
2026-09-23T06:39:00Z,4370.0,4370.60009765625,4370.0,4370.5,41.0,yahoo,GC=F
2026-09-23T06:40:00Z,4370.7001953125,4371.5,4370.10009765625,4370.7998046875,68.0,yahoo,GC=F
2026-09-23T06:41:00Z,4370.7001953125,4371.7998046875,4370.7001953125,4370.7001953125,38.0,yahoo,GC=F
2026-09-23T06:42:00Z,4370.89990234375,4370.89990234375,4370.2001953125,4370.2001953125,34.0,yahoo,GC=F
2026-09-23T06:43:00Z,4370.39990234375,4370.60009765625,4370.0,4370.2998046875,17.0,yahoo,GC=F
2026-09-23T06:44:00Z,4370.2001953125,4371.5,4370.2001953125,4371.10009765625,26.0,yahoo,GC=F
2026-09-23T06:45:00Z,4371.10009765625,4371.10009765625,4368.7998046875,4368.7998046875,67.0,yahoo,GC=F
2026-09-23T06:46:00Z,4368.60009765625,4369.7001953125,4368.10009765625,4369.60009765625,74.0,yahoo,GC=F
2026-09-23T06:47:00Z,4369.5,4371.60009765625,4369.5,4371.5,71.0,yahoo,GC=F
2026-09-23T06:48:00Z,4371.7998046875,4374.10009765625,4371.10009765625,4373.2001953125,155.0,yahoo,GC=F
2026-09-23T06:49:00Z,4373.2998046875,4374.0,4372.7998046875,4372.89990234375,63.0,yahoo,GC=F
2026-09-23T06:50:00Z,4372.89990234375,4372.89990234375,4371.7998046875,4371.89990234375,50.0,yahoo,GC=F
2026-09-23T06:51:00Z,4372.0,4373.2001953125,4372.0,4372.2001953125,25.0,yahoo,GC=F
2026-09-23T06:52:00Z,4372.2001953125,4372.2001953125,4371.39990234375,4371.39990234375,27.0,yahoo,GC=F
2026-09-23T06:53:00Z,4371.10009765625,4371.10009765625,4370.0,4370.7001953125,63.0,yahoo,GC=F
2026-09-23T06:54:00Z,4370.2998046875,4370.2998046875,4370.2998046875,4370.2998046875,1.0,yahoo,GC=F
2026-09-23T06:55:00Z,4370.2001953125,4370.2001953125,4369.39990234375,4369.89990234375,27.0,yahoo,GC=F
2026-09-23T06:56:00Z,4369.60009765625,4369.89990234375,4369.10009765625,4369.7998046875,60.0,yahoo,GC=F
2026-09-23T06:57:00Z,4369.7998046875,4369.89990234375,4368.2001953125,4368.7998046875,40.0,yahoo,GC=F
2026-09-23T06:58:00Z,4368.7998046875,4368.89990234375,4367.39990234375,4367.39990234375,147.0,yahoo,GC=F
2026-09-23T06:59:00Z,4367.39990234375,4368.5,4367.10009765625,4368.5,67.0,yahoo,GC=F
2026-09-23T07:00:00Z,4367.7998046875,4369.60009765625,4366.5,4366.60009765625,129.0,yahoo,GC=F
2026-09-23T07:01:00Z,4366.5,4369.0,4366.5,4368.7001953125,58.0,yahoo,GC=F
2026-09-23T07:02:00Z,4368.7998046875,4368.7998046875,4367.2001953125,4367.2001953125,26.0,yahoo,GC=F
2026-09-23T07:03:00Z,4367.39990234375,4369.5,4367.2001953125,4369.5,49.0,yahoo,GC=F
2026-09-23T07:04:00Z,4369.39990234375,4369.39990234375,4367.39990234375,4368.0,61.0,yahoo,GC=F
2026-09-23T07:05:00Z,4368.0,4368.2998046875,4366.2001953125,4366.7001953125,114.0,yahoo,GC=F
2026-09-23T07:06:00Z,4366.39990234375,4367.89990234375,4366.2001953125,4366.5,58.0,yahoo,GC=F
2026-09-23T07:07:00Z,4366.39990234375,4366.7998046875,4365.0,4365.7001953125,153.0,yahoo,GC=F
2026-09-23T07:08:00Z,4365.60009765625,4366.2998046875,4365.2001953125,4365.2998046875,98.0,yahoo,GC=F
2026-09-23T07:09:00Z,4365.39990234375,4365.39990234375,4364.2001953125,4365.2001953125,106.0,yahoo,GC=F
2026-09-23T07:10:00Z,4365.2001953125,4365.2001953125,4363.60009765625,4364.2998046875,65.0,yahoo,GC=F
2026-09-23T07:11:00Z,4364.2998046875,4365.5,4363.39990234375,4364.10009765625,191.0,yahoo,GC=F
2026-09-23T07:12:00Z,4363.89990234375,4364.0,4361.7998046875,4362.0,313.0,yahoo,GC=F
2026-09-23T07:13:00Z,4361.7998046875,4364.10009765625,4361.0,4363.5,279.0,yahoo,GC=F
2026-09-23T07:14:00Z,4363.7998046875,4363.89990234375,4360.5,4361.5,228.0,yahoo,GC=F
2026-09-23T07:15:00Z,4361.7001953125,4364.2998046875,4361.5,4364.0,478.0,yahoo,GC=F
2026-09-23T07:16:00Z,4364.2001953125,4365.39990234375,4363.60009765625,4365.39990234375,58.0,yahoo,GC=F
2026-09-23T07:17:00Z,4365.39990234375,4365.39990234375,4363.7001953125,4363.7998046875,61.0,yahoo,GC=F
2026-09-23T07:18:00Z,4363.89990234375,4364.2001953125,4363.39990234375,4363.7001953125,55.0,yahoo,GC=F
2026-09-23T07:19:00Z,4364.10009765625,4364.2001953125,4362.39990234375,4362.89990234375,132.0,yahoo,GC=F
2026-09-23T07:20:00Z,4362.7001953125,4363.89990234375,4362.39990234375,4363.7001953125,65.0,yahoo,GC=F
2026-09-23T07:21:00Z,4363.7001953125,4364.0,4363.5,4363.89990234375,77.0,yahoo,GC=F
2026-09-23T07:22:00Z,4363.7001953125,4363.7998046875,4363.10009765625,4363.60009765625,57.0,yahoo,GC=F
2026-09-23T07:23:00Z,4363.10009765625,4363.10009765625,4361.89990234375,4362.5,49.0,yahoo,GC=F
2026-09-23T07:24:00Z,4362.7001953125,4363.2001953125,4362.7001953125,4363.0,47.0,yahoo,GC=F
2026-09-23T07:25:00Z,4362.7998046875,4362.7998046875,4360.7998046875,4361.2001953125,77.0,yahoo,GC=F
2026-09-23T07:26:00Z,4361.10009765625,4361.2998046875,4359.7001953125,4359.7998046875,173.0,yahoo,GC=F
2026-09-23T07:27:00Z,4359.5,4360.7001953125,4358.89990234375,4360.7001953125,218.0,yahoo,GC=F
2026-09-23T07:28:00Z,4360.7001953125,4362.10009765625,4360.39990234375,4360.89990234375,147.0,yahoo,GC=F
2026-09-23T07:29:00Z,4360.7998046875,4361.5,4360.0,4360.7998046875,104.0,yahoo,GC=F
2026-09-23T07:30:00Z,4360.7001953125,4362.2001953125,4358.2998046875,4360.0,569.0,yahoo,GC=F
2026-09-23T07:31:00Z,4360.10009765625,4361.10009765625,4358.5,4359.10009765625,120.0,yahoo,GC=F
2026-09-23T07:32:00Z,4358.89990234375,4359.39990234375,4358.0,4359.2001953125,100.0,yahoo,GC=F
2026-09-23T07:33:00Z,4358.7998046875,4358.89990234375,4356.7001953125,4356.7998046875,136.0,yahoo,GC=F
2026-09-23T07:34:00Z,4357.10009765625,4358.10009765625,4357.0,4357.39990234375,125.0,yahoo,GC=F
2026-09-23T07:35:00Z,4357.2001953125,4357.5,4356.10009765625,4356.2998046875,121.0,yahoo,GC=F
2026-09-23T07:36:00Z,4356.39990234375,4357.0,4356.2001953125,4356.60009765625,44.0,yahoo,GC=F
2026-09-23T07:37:00Z,4356.7001953125,4360.0,4356.39990234375,4360.0,123.0,yahoo,GC=F
2026-09-23T07:38:00Z,4359.7001953125,4360.0,4359.2001953125,4359.60009765625,52.0,yahoo,GC=F
2026-09-23T07:39:00Z,4360.0,4360.2001953125,4358.60009765625,4358.7001953125,58.0,yahoo,GC=F
2026-09-23T07:40:00Z,4358.60009765625,4359.10009765625,4358.2001953125,4358.5,53.0,yahoo,GC=F
2026-09-23T07:41:00Z,4358.7998046875,4358.89990234375,4357.39990234375,4358.2998046875,62.0,yahoo,GC=F
2026-09-23T07:42:00Z,4358.39990234375,4359.10009765625,4358.2998046875,4359.10009765625,173.0,yahoo,GC=F
2026-09-23T07:43:00Z,4359.0,4359.7998046875,4358.5,4359.60009765625,138.0,yahoo,GC=F
2026-09-23T07:44:00Z,4359.89990234375,4360.10009765625,4358.0,4359.2001953125,82.0,yahoo,GC=F
2026-09-23T07:45:00Z,4359.2001953125,4359.7001953125,4359.0,4359.5,46.0,yahoo,GC=F
2026-09-23T07:46:00Z,4359.5,4359.7001953125,4358.89990234375,4359.0,35.0,yahoo,GC=F
2026-09-23T07:47:00Z,4358.7998046875,4359.2998046875,4357.89990234375,4358.39990234375,57.0,yahoo,GC=F
2026-09-23T07:48:00Z,4358.10009765625,4358.89990234375,4357.7001953125,4358.39990234375,51.0,yahoo,GC=F
2026-09-23T07:49:00Z,4358.60009765625,4359.7998046875,4358.60009765625,4359.7001953125,62.0,yahoo,GC=F
2026-09-23T07:50:00Z,4359.7998046875,4360.39990234375,4359.5,4360.2998046875,60.0,yahoo,GC=F
2026-09-23T07:51:00Z,4360.2001953125,4362.10009765625,4360.10009765625,4361.60009765625,104.0,yahoo,GC=F
2026-09-23T07:52:00Z,4361.39990234375,4361.7998046875,4360.39990234375,4360.7001953125,72.0,yahoo,GC=F
2026-09-23T07:53:00Z,4360.7001953125,4361.39990234375,4359.5,4359.60009765625,64.0,yahoo,GC=F
2026-09-23T07:54:00Z,4359.39990234375,4359.39990234375,4358.39990234375,4359.10009765625,28.0,yahoo,GC=F
2026-09-23T07:55:00Z,4358.7998046875,4360.2001953125,4358.7998046875,4359.7001953125,32.0,yahoo,GC=F
2026-09-23T07:56:00Z,4359.5,4362.2998046875,4359.2001953125,4361.7998046875,148.0,yahoo,GC=F
2026-09-23T07:57:00Z,4362.0,4362.0,4358.2001953125,4358.7001953125,303.0,yahoo,GC=F
2026-09-23T07:58:00Z,4358.60009765625,4358.60009765625,4356.39990234375,4356.60009765625,132.0,yahoo,GC=F
2026-09-23T07:59:00Z,4356.7998046875,4356.89990234375,4355.10009765625,4356.2001953125,236.0,yahoo,GC=F
2026-09-23T08:00:00Z,4356.2001953125,4358.2998046875,4356.0,4357.0,193.0,yahoo,GC=F
2026-09-23T08:01:00Z,4357.0,4357.5,4355.0,4356.60009765625,364.0,yahoo,GC=F
2026-09-23T08:02:00Z,4356.7998046875,4358.39990234375,4356.7998046875,4357.2001953125,118.0,yahoo,GC=F
2026-09-23T08:03:00Z,4356.7001953125,4357.39990234375,4356.10009765625,4356.7998046875,44.0,yahoo,GC=F
2026-09-23T08:04:00Z,4357.2001953125,4357.2001953125,4356.2001953125,4356.7001953125,36.0,yahoo,GC=F
2026-09-23T08:05:00Z,4356.2998046875,4357.0,4355.39990234375,4355.7001953125,48.0,yahoo,GC=F
2026-09-23T08:06:00Z,4355.7998046875,4357.60009765625,4355.10009765625,4357.39990234375,74.0,yahoo,GC=F
2026-09-23T08:07:00Z,4357.60009765625,4358.0,4356.5,4357.7998046875,65.0,yahoo,GC=F
2026-09-23T08:08:00Z,4357.2998046875,4357.5,4355.89990234375,4356.5,59.0,yahoo,GC=F
2026-09-23T08:09:00Z,4356.5,4356.5,4354.39990234375,4355.2001953125,107.0,yahoo,GC=F
2026-09-23T08:10:00Z,4355.5,4355.60009765625,4354.60009765625,4355.39990234375,34.0,yahoo,GC=F
2026-09-23T08:11:00Z,4354.89990234375,4355.5,4354.2001953125,4354.39990234375,42.0,yahoo,GC=F
2026-09-23T08:12:00Z,4354.39990234375,4356.0,4353.7998046875,4355.7998046875,101.0,yahoo,GC=F
2026-09-23T08:13:00Z,4356.60009765625,4356.7001953125,4355.7998046875,4356.2001953125,57.0,yahoo,GC=F
2026-09-23T08:14:00Z,4356.10009765625,4356.60009765625,4355.7001953125,4356.60009765625,37.0,yahoo,GC=F
2026-09-23T08:15:00Z,4356.7001953125,4357.2001953125,4356.2998046875,4357.2001953125,72.0,yahoo,GC=F
2026-09-23T08:16:00Z,4357.10009765625,4357.39990234375,4356.39990234375,4357.2001953125,104.0,yahoo,GC=F
2026-09-23T08:17:00Z,4357.2001953125,4357.2001953125,4354.10009765625,4354.89990234375,103.0,yahoo,GC=F
2026-09-23T08:18:00Z,4355.2001953125,4355.2001953125,4354.10009765625,4354.60009765625,44.0,yahoo,GC=F
2026-09-23T08:19:00Z,4354.7998046875,4355.60009765625,4354.39990234375,4355.60009765625,97.0,yahoo,GC=F
2026-09-23T08:20:00Z,4355.5,4356.89990234375,4355.2001953125,4356.39990234375,76.0,yahoo,GC=F
2026-09-23T08:21:00Z,4356.2998046875,4357.7001953125,4356.10009765625,4357.0,40.0,yahoo,GC=F
2026-09-23T08:22:00Z,4357.10009765625,4357.89990234375,4356.60009765625,4357.89990234375,61.0,yahoo,GC=F
2026-09-23T08:23:00Z,4358.0,4358.60009765625,4357.2001953125,4357.39990234375,159.0,yahoo,GC=F
2026-09-23T08:24:00Z,4357.5,4358.89990234375,4357.2998046875,4358.7998046875,52.0,yahoo,GC=F
2026-09-23T08:25:00Z,4358.60009765625,4359.7998046875,4357.10009765625,4357.2998046875,221.0,yahoo,GC=F
2026-09-23T08:26:00Z,4357.2998046875,4357.39990234375,4355.89990234375,4356.60009765625,66.0,yahoo,GC=F
2026-09-23T08:27:00Z,4356.89990234375,4357.2998046875,4356.7001953125,4357.10009765625,30.0,yahoo,GC=F
2026-09-23T08:28:00Z,4356.7998046875,4357.10009765625,4356.2001953125,4357.0,25.0,yahoo,GC=F
2026-09-23T08:29:00Z,4357.10009765625,4357.39990234375,4355.7998046875,4356.2001953125,71.0,yahoo,GC=F
2026-09-23T08:30:00Z,4356.0,4357.2998046875,4355.39990234375,4356.2998046875,60.0,yahoo,GC=F
2026-09-23T08:31:00Z,4356.60009765625,4356.60009765625,4354.2998046875,4354.5,201.0,yahoo,GC=F
2026-09-23T08:32:00Z,4354.5,4355.10009765625,4353.60009765625,4354.2001953125,79.0,yahoo,GC=F
2026-09-23T08:33:00Z,4354.0,4355.2001953125,4353.39990234375,4355.2001953125,98.0,yahoo,GC=F
2026-09-23T08:34:00Z,4355.2998046875,4355.39990234375,4354.7998046875,4355.39990234375,24.0,yahoo,GC=F
2026-09-23T08:35:00Z,4355.7998046875,4356.10009765625,4355.39990234375,4355.60009765625,35.0,yahoo,GC=F
2026-09-23T08:36:00Z,4355.39990234375,4357.10009765625,4355.39990234375,4356.7998046875,76.0,yahoo,GC=F
2026-09-23T08:37:00Z,4356.89990234375,4357.2998046875,4355.0,4355.39990234375,62.0,yahoo,GC=F
2026-09-23T08:38:00Z,4354.89990234375,4354.89990234375,4352.89990234375,4354.2001953125,125.0,yahoo,GC=F
2026-09-23T08:39:00Z,4354.10009765625,4354.7001953125,4353.7001953125,4354.10009765625,59.0,yahoo,GC=F
2026-09-23T08:40:00Z,4354.10009765625,4354.5,4353.39990234375,4354.5,88.0,yahoo,GC=F
2026-09-23T08:41:00Z,4354.89990234375,4355.60009765625,4354.7998046875,4355.2998046875,35.0,yahoo,GC=F
2026-09-23T08:42:00Z,4355.0,4355.0,4353.2001953125,4353.2998046875,28.0,yahoo,GC=F
2026-09-23T08:43:00Z,4353.2998046875,4353.7001953125,4352.7001953125,4353.2001953125,37.0,yahoo,GC=F
2026-09-23T08:44:00Z,4353.0,4353.60009765625,4352.89990234375,4353.60009765625,23.0,yahoo,GC=F
2026-09-23T08:45:00Z,4353.2998046875,4354.2001953125,4353.10009765625,4354.2001953125,53.0,yahoo,GC=F
2026-09-23T08:46:00Z,4354.39990234375,4354.7001953125,4353.89990234375,4354.2998046875,33.0,yahoo,GC=F
2026-09-23T08:47:00Z,4354.0,4354.39990234375,4352.2001953125,4353.10009765625,133.0,yahoo,GC=F
2026-09-23T08:48:00Z,4353.39990234375,4355.0,4353.2998046875,4354.89990234375,36.0,yahoo,GC=F
2026-09-23T08:49:00Z,4355.0,4356.2998046875,4354.7001953125,4356.0,72.0,yahoo,GC=F
2026-09-23T08:50:00Z,4355.7001953125,4355.7001953125,4354.7998046875,4355.39990234375,49.0,yahoo,GC=F
2026-09-23T08:51:00Z,4355.2998046875,4355.2998046875,4353.5,4353.7001953125,43.0,yahoo,GC=F
2026-09-23T08:52:00Z,4353.7001953125,4354.60009765625,4353.5,4353.89990234375,70.0,yahoo,GC=F
2026-09-23T08:53:00Z,4354.0,4355.10009765625,4353.7998046875,4354.10009765625,42.0,yahoo,GC=F
2026-09-23T08:54:00Z,4354.2998046875,4354.5,4353.7001953125,4353.89990234375,24.0,yahoo,GC=F
2026-09-23T08:55:00Z,4354.10009765625,4354.7998046875,4354.0,4354.7001953125,35.0,yahoo,GC=F
2026-09-23T08:56:00Z,4354.7001953125,4354.7998046875,4353.7001953125,4353.7001953125,24.0,yahoo,GC=F
2026-09-23T08:57:00Z,4353.60009765625,4356.0,4353.60009765625,4356.0,99.0,yahoo,GC=F
2026-09-23T08:58:00Z,4355.7998046875,4356.2998046875,4355.10009765625,4355.39990234375,50.0,yahoo,GC=F
2026-09-23T08:59:00Z,4355.2998046875,4355.60009765625,4354.89990234375,4355.0,37.0,yahoo,GC=F
2026-09-23T09:00:00Z,4354.89990234375,4355.89990234375,4354.7998046875,4355.2998046875,57.0,yahoo,GC=F
2026-09-23T09:01:00Z,4355.5,4357.0,4355.5,4356.0,51.0,yahoo,GC=F
2026-09-23T09:02:00Z,4355.7998046875,4357.2001953125,4354.89990234375,4357.2001953125,121.0,yahoo,GC=F
2026-09-23T09:03:00Z,4357.0,4357.2998046875,4355.39990234375,4355.39990234375,38.0,yahoo,GC=F
2026-09-23T09:04:00Z,4355.5,4356.7998046875,4354.89990234375,4355.0,68.0,yahoo,GC=F
2026-09-23T09:05:00Z,4354.39990234375,4355.0,4354.10009765625,4354.5,41.0,yahoo,GC=F
2026-09-23T09:06:00Z,4354.2998046875,4355.0,4354.2998046875,4355.0,13.0,yahoo,GC=F
2026-09-23T09:07:00Z,4354.7001953125,4354.89990234375,4354.2001953125,4354.89990234375,33.0,yahoo,GC=F
2026-09-23T09:08:00Z,4354.89990234375,4356.0,4354.7998046875,4356.0,16.0,yahoo,GC=F
2026-09-23T09:09:00Z,4355.89990234375,4356.2998046875,4355.89990234375,4355.89990234375,24.0,yahoo,GC=F
2026-09-23T09:10:00Z,4356.0,4356.10009765625,4355.5,4355.89990234375,21.0,yahoo,GC=F
2026-09-23T09:11:00Z,4355.89990234375,4356.60009765625,4355.5,4355.89990234375,30.0,yahoo,GC=F
2026-09-23T09:12:00Z,4355.7001953125,4357.2998046875,4355.7001953125,4356.39990234375,49.0,yahoo,GC=F
2026-09-23T09:13:00Z,4356.2998046875,4356.2998046875,4355.7998046875,4356.10009765625,62.0,yahoo,GC=F
2026-09-23T09:14:00Z,4356.2998046875,4356.89990234375,4355.89990234375,4356.7998046875,22.0,yahoo,GC=F
2026-09-23T09:15:00Z,4356.7001953125,4356.89990234375,4355.7001953125,4355.89990234375,26.0,yahoo,GC=F
2026-09-23T09:16:00Z,4355.5,4356.0,4355.2001953125,4355.5,29.0,yahoo,GC=F
2026-09-23T09:17:00Z,4355.0,4355.0,4354.2001953125,4354.7998046875,50.0,yahoo,GC=F
2026-09-23T09:18:00Z,4354.7998046875,4354.7998046875,4353.39990234375,4353.39990234375,80.0,yahoo,GC=F
2026-09-23T09:19:00Z,4353.2998046875,4354.2998046875,4352.2998046875,4354.10009765625,60.0,yahoo,GC=F
2026-09-23T09:20:00Z,4354.0,4355.0,4353.7998046875,4354.0,64.0,yahoo,GC=F
2026-09-23T09:21:00Z,4354.5,4354.5,4352.89990234375,4353.39990234375,63.0,yahoo,GC=F
2026-09-23T09:22:00Z,4353.10009765625,4355.5,4353.0,4355.0,83.0,yahoo,GC=F
2026-09-23T09:23:00Z,4355.10009765625,4356.39990234375,4355.0,4355.89990234375,56.0,yahoo,GC=F
2026-09-23T09:24:00Z,4356.10009765625,4356.39990234375,4355.5,4356.2001953125,35.0,yahoo,GC=F
2026-09-23T09:25:00Z,4356.0,4356.39990234375,4355.89990234375,4356.0,42.0,yahoo,GC=F
2026-09-23T09:26:00Z,4355.89990234375,4357.0,4355.89990234375,4356.39990234375,29.0,yahoo,GC=F
2026-09-23T09:27:00Z,4356.60009765625,4356.7998046875,4356.2998046875,4356.5,17.0,yahoo,GC=F
2026-09-23T09:28:00Z,4356.2998046875,4356.39990234375,4353.7001953125,4353.7001953125,61.0,yahoo,GC=F
2026-09-23T09:29:00Z,4353.89990234375,4354.0,4352.7998046875,4354.0,103.0,yahoo,GC=F
2026-09-23T09:30:00Z,4353.89990234375,4355.7001953125,4353.10009765625,4355.60009765625,113.0,yahoo,GC=F
2026-09-23T09:31:00Z,4355.5,4356.0,4353.39990234375,4354.0,99.0,yahoo,GC=F
2026-09-23T09:32:00Z,4354.0,4354.0,4352.39990234375,4353.60009765625,110.0,yahoo,GC=F
2026-09-23T09:33:00Z,4353.10009765625,4353.2998046875,4351.2001953125,4351.2998046875,132.0,yahoo,GC=F
2026-09-23T09:34:00Z,4351.39990234375,4351.89990234375,4350.2001953125,4351.0,116.0,yahoo,GC=F
2026-09-23T09:35:00Z,4350.7001953125,4352.7998046875,4350.60009765625,4352.0,68.0,yahoo,GC=F
2026-09-23T09:36:00Z,4352.10009765625,4352.10009765625,4351.39990234375,4351.5,19.0,yahoo,GC=F
2026-09-23T09:37:00Z,4351.60009765625,4351.89990234375,4350.89990234375,4351.60009765625,22.0,yahoo,GC=F
2026-09-23T09:38:00Z,4351.7998046875,4352.10009765625,4351.5,4352.10009765625,19.0,yahoo,GC=F
2026-09-23T09:39:00Z,4352.10009765625,4352.39990234375,4351.5,4351.60009765625,60.0,yahoo,GC=F
2026-09-23T09:40:00Z,4351.5,4351.60009765625,4350.89990234375,4351.39990234375,36.0,yahoo,GC=F
2026-09-23T09:41:00Z,4351.5,4351.7001953125,4350.89990234375,4351.39990234375,43.0,yahoo,GC=F
2026-09-23T09:42:00Z,4351.7998046875,4352.0,4351.39990234375,4351.7998046875,14.0,yahoo,GC=F
2026-09-23T09:43:00Z,4351.7001953125,4352.0,4351.60009765625,4351.7001953125,23.0,yahoo,GC=F
2026-09-23T09:44:00Z,4351.7998046875,4353.60009765625,4351.7998046875,4353.39990234375,63.0,yahoo,GC=F
2026-09-23T09:45:00Z,4353.2998046875,4353.2998046875,4351.7998046875,4351.7998046875,65.0,yahoo,GC=F
2026-09-23T09:46:00Z,4351.39990234375,4351.60009765625,4348.60009765625,4348.7001953125,245.0,yahoo,GC=F
2026-09-23T09:47:00Z,4349.0,4349.7001953125,4348.2001953125,4349.2998046875,94.0,yahoo,GC=F
2026-09-23T09:48:00Z,4349.39990234375,4349.39990234375,4346.2998046875,4346.7001953125,437.0,yahoo,GC=F
2026-09-23T09:49:00Z,4346.7001953125,4346.89990234375,4345.2998046875,4345.7001953125,295.0,yahoo,GC=F
2026-09-23T09:50:00Z,4345.89990234375,4348.2001953125,4345.7001953125,4348.0,145.0,yahoo,GC=F
2026-09-23T09:51:00Z,4347.7001953125,4349.5,4347.7001953125,4349.0,104.0,yahoo,GC=F
2026-09-23T09:52:00Z,4349.0,4349.7998046875,4348.5,4349.39990234375,132.0,yahoo,GC=F
2026-09-23T09:53:00Z,4349.2001953125,4349.2998046875,4348.60009765625,4348.7998046875,62.0,yahoo,GC=F
2026-09-23T09:54:00Z,4348.7001953125,4349.5,4348.5,4349.5,100.0,yahoo,GC=F
2026-09-23T09:55:00Z,4349.39990234375,4350.7001953125,4349.10009765625,4350.5,70.0,yahoo,GC=F
2026-09-23T09:56:00Z,4350.2998046875,4350.89990234375,4349.89990234375,4350.10009765625,45.0,yahoo,GC=F
2026-09-23T09:57:00Z,4350.2998046875,4351.10009765625,4350.2998046875,4350.60009765625,24.0,yahoo,GC=F
2026-09-23T09:58:00Z,4350.5,4351.2998046875,4350.5,4351.2998046875,33.0,yahoo,GC=F
2026-09-23T09:59:00Z,4351.0,4351.0,4350.5,4350.60009765625,44.0,yahoo,GC=F
2026-09-23T10:00:00Z,4351.10009765625,4351.60009765625,4350.7998046875,4351.0,65.0,yahoo,GC=F
2026-09-23T10:01:00Z,4350.89990234375,4351.2998046875,4350.5,4351.2001953125,55.0,yahoo,GC=F
2026-09-23T10:02:00Z,4351.0,4353.60009765625,4351.0,4353.5,130.0,yahoo,GC=F
2026-09-23T10:03:00Z,4353.39990234375,4355.7001953125,4353.2998046875,4355.39990234375,136.0,yahoo,GC=F
2026-09-23T10:04:00Z,4355.2001953125,4355.89990234375,4355.0,4355.10009765625,120.0,yahoo,GC=F
2026-09-23T10:05:00Z,4354.7998046875,4354.7998046875,4353.10009765625,4353.60009765625,34.0,yahoo,GC=F
2026-09-23T10:06:00Z,4354.0,4354.2001953125,4353.2001953125,4353.2001953125,466.0,yahoo,GC=F
2026-09-23T10:07:00Z,4353.2998046875,4354.60009765625,4353.0,4353.89990234375,121.0,yahoo,GC=F
2026-09-23T10:08:00Z,4353.60009765625,4354.0,4353.2998046875,4353.7001953125,28.0,yahoo,GC=F
2026-09-23T10:09:00Z,4353.60009765625,4354.60009765625,4353.10009765625,4353.39990234375,44.0,yahoo,GC=F
2026-09-23T10:10:00Z,4353.2998046875,4353.39990234375,4352.2001953125,4352.60009765625,35.0,yahoo,GC=F
2026-09-23T10:11:00Z,4352.7998046875,4353.60009765625,4352.7998046875,4353.0,21.0,yahoo,GC=F
2026-09-23T10:12:00Z,4353.10009765625,4353.10009765625,4352.39990234375,4352.60009765625,17.0,yahoo,GC=F
2026-09-23T10:13:00Z,4352.7998046875,4353.0,4352.10009765625,4352.5,32.0,yahoo,GC=F
2026-09-23T10:14:00Z,4352.60009765625,4353.7998046875,4352.60009765625,4353.7998046875,15.0,yahoo,GC=F
2026-09-23T10:15:00Z,4353.60009765625,4353.60009765625,4352.7001953125,4352.7001953125,20.0,yahoo,GC=F
2026-09-23T10:16:00Z,4352.5,4352.7998046875,4352.39990234375,4352.7998046875,55.0,yahoo,GC=F
2026-09-23T10:17:00Z,4352.89990234375,4353.5,4352.89990234375,4353.0,15.0,yahoo,GC=F
2026-09-23T10:18:00Z,4353.60009765625,4353.60009765625,4352.7998046875,4352.89990234375,15.0,yahoo,GC=F
2026-09-23T10:19:00Z,4353.5,4353.7998046875,4352.7998046875,4353.7001953125,34.0,yahoo,GC=F
2026-09-23T10:20:00Z,4353.5,4353.7998046875,4353.0,4353.5,21.0,yahoo,GC=F
2026-09-23T10:21:00Z,4353.5,4353.89990234375,4352.7001953125,4353.2001953125,25.0,yahoo,GC=F
2026-09-23T10:22:00Z,4352.89990234375,4353.10009765625,4352.7998046875,4352.89990234375,13.0,yahoo,GC=F
2026-09-23T10:23:00Z,4353.10009765625,4353.10009765625,4351.5,4351.7998046875,39.0,yahoo,GC=F
2026-09-23T10:24:00Z,4351.89990234375,4352.5,4351.89990234375,4352.2998046875,13.0,yahoo,GC=F
2026-09-23T10:25:00Z,4352.0,4352.5,4351.39990234375,4351.39990234375,27.0,yahoo,GC=F
2026-09-23T10:26:00Z,4351.5,4352.7001953125,4351.2001953125,4352.60009765625,40.0,yahoo,GC=F
2026-09-23T10:27:00Z,4352.5,4353.7001953125,4352.5,4353.60009765625,93.0,yahoo,GC=F
2026-09-23T10:28:00Z,4353.39990234375,4354.10009765625,4353.2998046875,4353.5,46.0,yahoo,GC=F
2026-09-23T10:29:00Z,4353.2998046875,4354.89990234375,4353.2998046875,4354.5,106.0,yahoo,GC=F
2026-09-23T10:30:00Z,4354.5,4356.0,4354.39990234375,4354.89990234375,168.0,yahoo,GC=F
2026-09-23T10:31:00Z,4354.7001953125,4354.7001953125,4353.5,4354.2998046875,58.0,yahoo,GC=F
2026-09-23T10:32:00Z,4354.2001953125,4355.5,4354.2001953125,4354.2998046875,58.0,yahoo,GC=F
2026-09-23T10:33:00Z,4354.2001953125,4355.2998046875,4353.0,4353.10009765625,54.0,yahoo,GC=F
2026-09-23T10:34:00Z,4353.0,4353.5,4352.5,4353.10009765625,50.0,yahoo,GC=F
2026-09-23T10:35:00Z,4352.5,4352.7998046875,4351.60009765625,4351.7001953125,42.0,yahoo,GC=F
2026-09-23T10:36:00Z,4352.89990234375,4353.2998046875,4352.7998046875,4353.2001953125,10.0,yahoo,GC=F
2026-09-23T10:37:00Z,4353.2001953125,4353.7001953125,4352.5,4352.5,33.0,yahoo,GC=F
2026-09-23T10:38:00Z,4352.5,4352.7001953125,4351.7998046875,4351.89990234375,16.0,yahoo,GC=F
2026-09-23T10:39:00Z,4352.0,4353.2998046875,4352.0,4353.2001953125,36.0,yahoo,GC=F
2026-09-23T10:40:00Z,4353.0,4353.0,4352.0,4352.0,24.0,yahoo,GC=F
2026-09-23T10:41:00Z,4351.7998046875,4352.89990234375,4351.2001953125,4352.2001953125,30.0,yahoo,GC=F
2026-09-23T10:42:00Z,4352.89990234375,4353.0,4352.2998046875,4352.39990234375,7.0,yahoo,GC=F
2026-09-23T10:43:00Z,4352.2998046875,4352.7998046875,4351.39990234375,4352.0,22.0,yahoo,GC=F
2026-09-23T10:44:00Z,4352.0,4353.10009765625,4352.0,4352.5,17.0,yahoo,GC=F
2026-09-23T10:45:00Z,4352.2998046875,4352.2998046875,4351.10009765625,4351.2001953125,24.0,yahoo,GC=F
2026-09-23T10:46:00Z,4351.2001953125,4351.89990234375,4351.10009765625,4351.60009765625,31.0,yahoo,GC=F
2026-09-23T10:47:00Z,4351.2998046875,4351.60009765625,4349.60009765625,4349.7998046875,97.0,yahoo,GC=F
2026-09-23T10:48:00Z,4350.10009765625,4350.60009765625,4349.0,4349.2001953125,76.0,yahoo,GC=F
2026-09-23T10:49:00Z,4349.2998046875,4350.2998046875,4349.2998046875,4349.89990234375,51.0,yahoo,GC=F
2026-09-23T10:50:00Z,4350.0,4351.0,4350.0,4350.2998046875,59.0,yahoo,GC=F
2026-09-23T10:51:00Z,4350.7998046875,4351.7001953125,4350.7001953125,4351.2998046875,88.0,yahoo,GC=F
2026-09-23T10:52:00Z,4351.2001953125,4351.2998046875,4350.89990234375,4350.89990234375,17.0,yahoo,GC=F
2026-09-23T10:53:00Z,4351.10009765625,4351.7001953125,4351.0,4351.2998046875,49.0,yahoo,GC=F
2026-09-23T10:54:00Z,4351.2001953125,4352.89990234375,4351.2001953125,4351.89990234375,116.0,yahoo,GC=F
2026-09-23T10:55:00Z,4352.39990234375,4352.60009765625,4351.0,4351.7998046875,42.0,yahoo,GC=F
2026-09-23T10:56:00Z,4352.10009765625,4352.60009765625,4351.7998046875,4351.7998046875,19.0,yahoo,GC=F
2026-09-23T10:57:00Z,4352.10009765625,4352.39990234375,4351.39990234375,4351.39990234375,27.0,yahoo,GC=F
2026-09-23T10:58:00Z,4351.0,4352.2001953125,4351.0,4351.5,18.0,yahoo,GC=F
2026-09-23T10:59:00Z,4352.0,4352.5,4351.60009765625,4352.5,12.0,yahoo,GC=F
2026-09-23T11:00:00Z,4352.10009765625,4353.0,4351.60009765625,4353.0,63.0,yahoo,GC=F
2026-09-23T11:01:00Z,4353.10009765625,4353.60009765625,4352.7001953125,4353.10009765625,59.0,yahoo,GC=F
2026-09-23T11:02:00Z,4353.2001953125,4353.7001953125,4352.10009765625,4352.39990234375,66.0,yahoo,GC=F
2026-09-23T11:03:00Z,4352.2001953125,4352.2001953125,4349.7001953125,4349.89990234375,38.0,yahoo,GC=F
2026-09-23T11:04:00Z,4350.7001953125,4352.2998046875,4350.60009765625,4352.0,48.0,yahoo,GC=F
2026-09-23T11:05:00Z,4351.2998046875,4351.7998046875,4351.2001953125,4351.60009765625,34.0,yahoo,GC=F
2026-09-23T11:06:00Z,4351.0,4351.7001953125,4350.7001953125,4351.7001953125,29.0,yahoo,GC=F
2026-09-23T11:07:00Z,4351.60009765625,4352.7001953125,4351.2998046875,4351.7001953125,26.0,yahoo,GC=F
2026-09-23T11:08:00Z,4352.0,4352.0,4351.7001953125,4351.7001953125,10.0,yahoo,GC=F
2026-09-23T11:09:00Z,4351.5,4352.2001953125,4351.2998046875,4352.2001953125,16.0,yahoo,GC=F
2026-09-23T11:10:00Z,4352.39990234375,4353.2998046875,4352.2998046875,4353.2998046875,32.0,yahoo,GC=F
2026-09-23T11:11:00Z,4353.2998046875,4354.0,4353.2998046875,4353.60009765625,37.0,yahoo,GC=F
2026-09-23T11:12:00Z,4353.5,4353.5,4351.7998046875,4352.5,47.0,yahoo,GC=F
2026-09-23T11:13:00Z,4352.0,4352.60009765625,4351.60009765625,4352.60009765625,27.0,yahoo,GC=F
2026-09-23T11:14:00Z,4352.5,4352.5,4350.89990234375,4351.89990234375,29.0,yahoo,GC=F
2026-09-23T11:15:00Z,4351.89990234375,4352.60009765625,4351.2998046875,4352.0,19.0,yahoo,GC=F
2026-09-23T11:16:00Z,4351.89990234375,4351.89990234375,4351.2001953125,4351.60009765625,29.0,yahoo,GC=F
2026-09-23T11:17:00Z,4351.7001953125,4352.0,4350.7998046875,4351.2001953125,34.0,yahoo,GC=F
2026-09-23T11:18:00Z,4350.39990234375,4351.10009765625,4350.39990234375,4351.10009765625,18.0,yahoo,GC=F
2026-09-23T11:19:00Z,4350.7001953125,4350.7001953125,4347.39990234375,4347.89990234375,78.0,yahoo,GC=F
2026-09-23T11:20:00Z,4348.0,4348.39990234375,4347.0,4347.0,48.0,yahoo,GC=F
2026-09-23T11:21:00Z,4347.2001953125,4347.2001953125,4345.5,4346.39990234375,87.0,yahoo,GC=F
2026-09-23T11:22:00Z,4346.2998046875,4346.5,4341.39990234375,4343.7998046875,778.0,yahoo,GC=F
2026-09-23T11:23:00Z,4343.60009765625,4344.10009765625,4341.39990234375,4343.0,196.0,yahoo,GC=F
2026-09-23T11:24:00Z,4342.89990234375,4342.89990234375,4340.7998046875,4342.39990234375,154.0,yahoo,GC=F
2026-09-23T11:25:00Z,4342.60009765625,4345.60009765625,4342.39990234375,4343.0,187.0,yahoo,GC=F
2026-09-23T11:26:00Z,4343.10009765625,4343.39990234375,4340.7001953125,4341.0,118.0,yahoo,GC=F
2026-09-23T11:27:00Z,4340.7001953125,4343.0,4340.5,4342.2998046875,148.0,yahoo,GC=F
2026-09-23T11:28:00Z,4342.2998046875,4344.2998046875,4341.89990234375,4344.2998046875,84.0,yahoo,GC=F
2026-09-23T11:29:00Z,4344.2001953125,4344.2001953125,4342.5,4342.89990234375,162.0,yahoo,GC=F
2026-09-23T11:30:00Z,4343.10009765625,4343.5,4338.60009765625,4339.2001953125,299.0,yahoo,GC=F
2026-09-23T11:31:00Z,4339.2001953125,4339.39990234375,4338.0,4338.39990234375,240.0,yahoo,GC=F
2026-09-23T11:32:00Z,4338.2998046875,4339.39990234375,4337.5,4338.2001953125,189.0,yahoo,GC=F
2026-09-23T11:33:00Z,4338.2998046875,4339.39990234375,4338.2001953125,4338.39990234375,121.0,yahoo,GC=F
2026-09-23T11:34:00Z,4338.2998046875,4339.60009765625,4338.2001953125,4338.7001953125,87.0,yahoo,GC=F
2026-09-23T11:35:00Z,4339.0,4339.2001953125,4337.7001953125,4338.89990234375,136.0,yahoo,GC=F
2026-09-23T11:36:00Z,4339.0,4340.60009765625,4338.0,4339.10009765625,113.0,yahoo,GC=F
2026-09-23T11:37:00Z,4338.39990234375,4339.10009765625,4336.0,4336.89990234375,180.0,yahoo,GC=F
2026-09-23T11:38:00Z,4336.60009765625,4337.2001953125,4333.89990234375,4334.0,240.0,yahoo,GC=F
2026-09-23T11:39:00Z,4334.2998046875,4336.5,4330.89990234375,4336.10009765625,584.0,yahoo,GC=F
2026-09-23T11:40:00Z,4336.2998046875,4338.0,4334.7001953125,4335.60009765625,231.0,yahoo,GC=F
2026-09-23T11:41:00Z,4335.5,4338.2998046875,4335.10009765625,4338.0,149.0,yahoo,GC=F
2026-09-23T11:42:00Z,4337.7998046875,4339.0,4337.2001953125,4338.10009765625,122.0,yahoo,GC=F
2026-09-23T11:43:00Z,4338.0,4339.39990234375,4337.39990234375,4338.60009765625,99.0,yahoo,GC=F
2026-09-23T11:44:00Z,4339.10009765625,4341.60009765625,4339.10009765625,4341.5,91.0,yahoo,GC=F
2026-09-23T11:45:00Z,4341.2998046875,4343.39990234375,4341.10009765625,4343.39990234375,200.0,yahoo,GC=F
2026-09-23T11:46:00Z,4343.2001953125,4344.89990234375,4343.0,4344.7001953125,127.0,yahoo,GC=F
2026-09-23T11:47:00Z,4344.7998046875,4345.2001953125,4342.7998046875,4343.5,124.0,yahoo,GC=F
2026-09-23T11:48:00Z,4343.7001953125,4345.0,4340.7001953125,4344.2998046875,277.0,yahoo,GC=F
2026-09-23T11:49:00Z,4344.2998046875,4344.89990234375,4344.0,4344.0,94.0,yahoo,GC=F
2026-09-23T11:50:00Z,4344.10009765625,4344.10009765625,4342.5,4342.7001953125,46.0,yahoo,GC=F
2026-09-23T11:51:00Z,4343.2998046875,4344.5,4343.2998046875,4344.2998046875,39.0,yahoo,GC=F
2026-09-23T11:52:00Z,4344.2998046875,4346.7001953125,4344.2998046875,4345.7001953125,164.0,yahoo,GC=F
2026-09-23T11:53:00Z,4345.60009765625,4346.5,4345.5,4345.5,71.0,yahoo,GC=F
2026-09-23T11:54:00Z,4345.60009765625,4346.5,4345.10009765625,4345.89990234375,48.0,yahoo,GC=F
2026-09-23T11:55:00Z,4346.10009765625,4346.2998046875,4344.89990234375,4346.0,58.0,yahoo,GC=F
2026-09-23T11:56:00Z,4346.0,4346.0,4344.7998046875,4345.2001953125,56.0,yahoo,GC=F
2026-09-23T11:57:00Z,4345.2998046875,4346.0,4345.2998046875,4345.7998046875,60.0,yahoo,GC=F
2026-09-23T11:58:00Z,4346.2001953125,4346.60009765625,4345.2001953125,4345.2001953125,47.0,yahoo,GC=F
2026-09-23T11:59:00Z,4345.39990234375,4346.7001953125,4345.39990234375,4346.2998046875,54.0,yahoo,GC=F
2026-09-23T12:00:00Z,4346.39990234375,4349.7001953125,4345.7998046875,4348.5,197.0,yahoo,GC=F
2026-09-23T12:01:00Z,4348.39990234375,4350.10009765625,4347.5,4349.2998046875,103.0,yahoo,GC=F
2026-09-23T12:02:00Z,4349.2001953125,4350.10009765625,4349.2001953125,4349.5,94.0,yahoo,GC=F
2026-09-23T12:03:00Z,4349.39990234375,4350.5,4348.60009765625,4350.10009765625,108.0,yahoo,GC=F
2026-09-23T12:04:00Z,4350.2001953125,4350.60009765625,4349.0,4349.10009765625,52.0,yahoo,GC=F
2026-09-23T12:05:00Z,4349.0,4350.89990234375,4349.0,4350.7001953125,154.0,yahoo,GC=F
2026-09-23T12:06:00Z,4350.89990234375,4352.0,4350.5,4350.7001953125,103.0,yahoo,GC=F
2026-09-23T12:07:00Z,4350.5,4351.7001953125,4350.2998046875,4350.60009765625,75.0,yahoo,GC=F
2026-09-23T12:08:00Z,4350.7998046875,4351.89990234375,4350.0,4350.60009765625,92.0,yahoo,GC=F
2026-09-23T12:09:00Z,4350.5,4350.5,4348.7001953125,4349.7998046875,58.0,yahoo,GC=F
2026-09-23T12:10:00Z,4350.5,4352.39990234375,4349.60009765625,4352.2998046875,108.0,yahoo,GC=F
2026-09-23T12:11:00Z,4352.39990234375,4353.39990234375,4352.10009765625,4352.7998046875,167.0,yahoo,GC=F
2026-09-23T12:12:00Z,4352.89990234375,4354.2998046875,4352.89990234375,4353.7998046875,284.0,yahoo,GC=F
2026-09-23T12:13:00Z,4354.10009765625,4354.2998046875,4352.0,4353.7001953125,88.0,yahoo,GC=F
2026-09-23T12:14:00Z,4353.2001953125,4355.60009765625,4353.2001953125,4355.60009765625,208.0,yahoo,GC=F
2026-09-23T12:15:00Z,4355.5,4355.5,4353.7998046875,4354.2998046875,116.0,yahoo,GC=F
2026-09-23T12:16:00Z,4354.2998046875,4354.60009765625,4351.89990234375,4352.10009765625,133.0,yahoo,GC=F
2026-09-23T12:17:00Z,4352.0,4353.0,4351.0,4351.0,89.0,yahoo,GC=F
2026-09-23T12:18:00Z,4350.7998046875,4351.7998046875,4350.5,4351.5,68.0,yahoo,GC=F
2026-09-23T12:19:00Z,4351.60009765625,4353.0,4350.89990234375,4351.60009765625,118.0,yahoo,GC=F
2026-09-23T12:20:00Z,4351.39990234375,4351.39990234375,4348.89990234375,4349.39990234375,214.0,yahoo,GC=F
2026-09-23T12:21:00Z,4349.2998046875,4349.2998046875,4346.5,4347.60009765625,296.0,yahoo,GC=F
2026-09-23T12:22:00Z,4348.0,4349.39990234375,4347.0,4349.0,202.0,yahoo,GC=F
2026-09-23T12:23:00Z,4348.7001953125,4348.89990234375,4347.2998046875,4348.2998046875,73.0,yahoo,GC=F
2026-09-23T12:24:00Z,4348.2001953125,4351.0,4348.2001953125,4351.0,177.0,yahoo,GC=F
2026-09-23T12:25:00Z,4350.7998046875,4351.5,4349.39990234375,4350.2998046875,139.0,yahoo,GC=F
2026-09-23T12:26:00Z,4350.2998046875,4350.7001953125,4348.60009765625,4348.60009765625,181.0,yahoo,GC=F
2026-09-23T12:27:00Z,4348.7001953125,4349.7998046875,4348.2001953125,4348.39990234375,104.0,yahoo,GC=F
2026-09-23T12:28:00Z,4348.60009765625,4349.2001953125,4347.2001953125,4348.2998046875,221.0,yahoo,GC=F
2026-09-23T12:29:00Z,4348.39990234375,4348.60009765625,4347.10009765625,4347.7001953125,139.0,yahoo,GC=F
2026-09-23T12:30:00Z,4347.60009765625,4347.7998046875,4345.0,4346.2998046875,304.0,yahoo,GC=F
2026-09-23T12:31:00Z,4346.39990234375,4346.7998046875,4345.5,4346.2001953125,136.0,yahoo,GC=F
2026-09-23T12:32:00Z,4346.2001953125,4347.39990234375,4344.39990234375,4345.2001953125,261.0,yahoo,GC=F
2026-09-23T12:33:00Z,4345.39990234375,4345.7998046875,4344.39990234375,4345.5,94.0,yahoo,GC=F
2026-09-23T12:34:00Z,4345.5,4345.7001953125,4345.0,4345.5,44.0,yahoo,GC=F
2026-09-23T12:35:00Z,4345.2998046875,4346.2998046875,4343.60009765625,4343.7998046875,90.0,yahoo,GC=F
2026-09-23T12:36:00Z,4343.89990234375,4345.2998046875,4343.89990234375,4344.2998046875,75.0,yahoo,GC=F
2026-09-23T12:37:00Z,4344.5,4344.60009765625,4340.89990234375,4340.89990234375,222.0,yahoo,GC=F
2026-09-23T12:38:00Z,4340.7998046875,4342.2998046875,4340.2001953125,4340.7001953125,352.0,yahoo,GC=F
2026-09-23T12:39:00Z,4340.60009765625,4341.2001953125,4339.7998046875,4340.0,194.0,yahoo,GC=F
2026-09-23T12:40:00Z,4340.2998046875,4341.0,4338.5,4338.60009765625,184.0,yahoo,GC=F
2026-09-23T12:41:00Z,4338.7001953125,4340.2998046875,4338.5,4339.89990234375,304.0,yahoo,GC=F
2026-09-23T12:42:00Z,4339.89990234375,4341.10009765625,4339.2001953125,4340.10009765625,179.0,yahoo,GC=F
2026-09-23T12:43:00Z,4340.2998046875,4342.39990234375,4339.39990234375,4342.39990234375,272.0,yahoo,GC=F
2026-09-23T12:44:00Z,4342.39990234375,4343.2001953125,4340.2998046875,4340.2998046875,185.0,yahoo,GC=F
2026-09-23T12:45:00Z,4340.2001953125,4340.5,4338.60009765625,4339.5,96.0,yahoo,GC=F
2026-09-23T12:46:00Z,4339.7001953125,4341.2001953125,4339.39990234375,4340.60009765625,140.0,yahoo,GC=F
2026-09-23T12:47:00Z,4340.2998046875,4343.2998046875,4340.2001953125,4342.60009765625,142.0,yahoo,GC=F
2026-09-23T12:48:00Z,4342.39990234375,4342.60009765625,4341.2001953125,4341.2001953125,98.0,yahoo,GC=F
2026-09-23T12:49:00Z,4341.0,4341.0,4339.5,4340.60009765625,58.0,yahoo,GC=F
2026-09-23T12:50:00Z,4340.2001953125,4340.89990234375,4339.7001953125,4340.10009765625,121.0,yahoo,GC=F
2026-09-23T12:51:00Z,4340.2001953125,4340.2001953125,4338.0,4338.2998046875,154.0,yahoo,GC=F
2026-09-23T12:52:00Z,4338.39990234375,4338.7001953125,4337.5,4337.89990234375,126.0,yahoo,GC=F
2026-09-23T12:53:00Z,4337.7001953125,4340.0,4337.2001953125,4338.2998046875,214.0,yahoo,GC=F
2026-09-23T12:54:00Z,4338.5,4340.0,4338.10009765625,4339.7998046875,176.0,yahoo,GC=F
2026-09-23T12:55:00Z,4339.89990234375,4341.60009765625,4338.10009765625,4340.89990234375,174.0,yahoo,GC=F
2026-09-23T12:56:00Z,4340.7998046875,4344.0,4340.7998046875,4343.7998046875,214.0,yahoo,GC=F
2026-09-23T12:57:00Z,4344.10009765625,4344.5,4343.2998046875,4343.7998046875,90.0,yahoo,GC=F
2026-09-23T12:58:00Z,4343.60009765625,4344.7001953125,4342.7001953125,4344.10009765625,120.0,yahoo,GC=F
2026-09-23T12:59:00Z,4344.7001953125,4347.39990234375,4344.7001953125,4346.2998046875,156.0,yahoo,GC=F
2026-09-23T13:00:00Z,4346.2998046875,4347.2001953125,4342.10009765625,4343.7001953125,588.0,yahoo,GC=F
2026-09-23T13:01:00Z,4343.7998046875,4345.7001953125,4342.60009765625,4345.5,262.0,yahoo,GC=F
2026-09-23T13:02:00Z,4345.2001953125,4347.2001953125,4344.7001953125,4346.0,160.0,yahoo,GC=F
2026-09-23T13:03:00Z,4346.10009765625,4346.2998046875,4342.89990234375,4343.60009765625,119.0,yahoo,GC=F
2026-09-23T13:04:00Z,4343.10009765625,4343.10009765625,4341.2001953125,4342.2998046875,159.0,yahoo,GC=F
2026-09-23T13:05:00Z,4342.2001953125,4342.5,4340.5,4341.7001953125,83.0,yahoo,GC=F
2026-09-23T13:06:00Z,4341.89990234375,4342.89990234375,4340.7998046875,4341.39990234375,97.0,yahoo,GC=F
2026-09-23T13:07:00Z,4341.5,4342.5,4340.39990234375,4340.39990234375,132.0,yahoo,GC=F
2026-09-23T13:08:00Z,4340.2001953125,4340.2001953125,4337.7998046875,4338.89990234375,118.0,yahoo,GC=F
2026-09-23T13:09:00Z,4339.0,4339.5,4338.39990234375,4338.5,72.0,yahoo,GC=F
2026-09-23T13:10:00Z,4338.5,4338.89990234375,4335.60009765625,4335.89990234375,325.0,yahoo,GC=F
2026-09-23T13:11:00Z,4335.89990234375,4338.10009765625,4334.7998046875,4337.7001953125,262.0,yahoo,GC=F
2026-09-23T13:12:00Z,4337.5,4338.89990234375,4336.0,4337.7001953125,116.0,yahoo,GC=F
2026-09-23T13:13:00Z,4338.10009765625,4339.10009765625,4337.7998046875,4339.10009765625,95.0,yahoo,GC=F
2026-09-23T13:14:00Z,4338.7001953125,4339.89990234375,4337.0,4339.2998046875,96.0,yahoo,GC=F
2026-09-23T13:15:00Z,4339.0,4342.89990234375,4338.60009765625,4342.39990234375,227.0,yahoo,GC=F
2026-09-23T13:16:00Z,4342.2998046875,4342.5,4340.2998046875,4340.60009765625,200.0,yahoo,GC=F
2026-09-23T13:17:00Z,4340.7001953125,4340.7001953125,4339.10009765625,4340.39990234375,43.0,yahoo,GC=F
2026-09-23T13:18:00Z,4340.2001953125,4340.7998046875,4338.60009765625,4338.60009765625,43.0,yahoo,GC=F
2026-09-23T13:19:00Z,4338.5,4340.0,4338.39990234375,4339.2001953125,36.0,yahoo,GC=F
2026-09-23T13:20:00Z,4339.39990234375,4341.89990234375,4339.2001953125,4340.7001953125,87.0,yahoo,GC=F
2026-09-23T13:21:00Z,4340.7998046875,4342.10009765625,4340.39990234375,4341.0,124.0,yahoo,GC=F
2026-09-23T13:22:00Z,4341.0,4342.2001953125,4340.7001953125,4341.2001953125,77.0,yahoo,GC=F
2026-09-23T13:23:00Z,4342.0,4343.0,4341.0,4341.5,84.0,yahoo,GC=F
2026-09-23T13:24:00Z,4341.2998046875,4343.7998046875,4341.0,4341.2001953125,141.0,yahoo,GC=F
2026-09-23T13:25:00Z,4340.89990234375,4345.5,4340.89990234375,4345.10009765625,151.0,yahoo,GC=F
2026-09-23T13:26:00Z,4345.10009765625,4345.7998046875,4344.5,4344.7998046875,72.0,yahoo,GC=F
2026-09-23T13:27:00Z,4345.0,4348.0,4344.7001953125,4347.0,193.0,yahoo,GC=F
2026-09-23T13:28:00Z,4347.0,4348.60009765625,4347.0,4348.5,164.0,yahoo,GC=F
2026-09-23T13:29:00Z,4348.7001953125,4349.2998046875,4348.0,4349.2998046875,117.0,yahoo,GC=F
2026-09-23T13:30:00Z,4349.10009765625,4350.60009765625,4344.89990234375,4345.0,443.0,yahoo,GC=F
2026-09-23T13:31:00Z,4345.10009765625,4345.10009765625,4340.89990234375,4341.10009765625,211.0,yahoo,GC=F
2026-09-23T13:32:00Z,4341.10009765625,4342.0,4339.60009765625,4341.0,250.0,yahoo,GC=F
2026-09-23T13:33:00Z,4341.10009765625,4341.2001953125,4339.2001953125,4340.2998046875,230.0,yahoo,GC=F
2026-09-23T13:34:00Z,4339.7998046875,4340.10009765625,4337.5,4337.7998046875,168.0,yahoo,GC=F
2026-09-23T13:35:00Z,4337.60009765625,4339.10009765625,4335.2001953125,4337.2001953125,499.0,yahoo,GC=F
2026-09-23T13:36:00Z,4337.2001953125,4341.2998046875,4336.7998046875,4340.7001953125,191.0,yahoo,GC=F
2026-09-23T13:37:00Z,4340.7001953125,4340.7998046875,4338.2998046875,4339.2001953125,143.0,yahoo,GC=F
2026-09-23T13:38:00Z,4339.0,4341.89990234375,4338.5,4340.2998046875,102.0,yahoo,GC=F
2026-09-23T13:39:00Z,4340.10009765625,4341.0,4339.2998046875,4340.2001953125,104.0,yahoo,GC=F
2026-09-23T13:40:00Z,4339.7998046875,4341.2001953125,4339.10009765625,4339.2001953125,152.0,yahoo,GC=F
2026-09-23T13:41:00Z,4339.10009765625,4339.2001953125,4336.0,4336.2998046875,207.0,yahoo,GC=F
2026-09-23T13:42:00Z,4336.7001953125,4336.7001953125,4323.0,4324.7001953125,2146.0,yahoo,GC=F
2026-09-23T13:43:00Z,4324.60009765625,4328.2001953125,4323.60009765625,4325.5,767.0,yahoo,GC=F
2026-09-23T13:44:00Z,4325.7001953125,4329.7001953125,4325.7001953125,4329.60009765625,287.0,yahoo,GC=F
2026-09-23T13:45:00Z,4329.2001953125,4329.2001953125,4320.7998046875,4321.10009765625,966.0,yahoo,GC=F
2026-09-23T13:46:00Z,4321.2998046875,4322.7998046875,4319.0,4321.2001953125,796.0,yahoo,GC=F
2026-09-23T13:47:00Z,4321.10009765625,4322.5,4317.2998046875,4321.0,817.0,yahoo,GC=F
2026-09-23T13:48:00Z,4320.7998046875,4323.39990234375,4320.60009765625,4321.5,426.0,yahoo,GC=F
2026-09-23T13:49:00Z,4321.7998046875,4322.2998046875,4319.0,4321.2001953125,373.0,yahoo,GC=F
2026-09-23T13:50:00Z,4321.2998046875,4326.10009765625,4321.2998046875,4323.7998046875,644.0,yahoo,GC=F
2026-09-23T13:51:00Z,4323.5,4324.0,4321.0,4321.89990234375,382.0,yahoo,GC=F
2026-09-23T13:52:00Z,4322.10009765625,4323.5,4319.0,4322.7001953125,657.0,yahoo,GC=F
2026-09-23T13:53:00Z,4322.5,4323.2001953125,4318.89990234375,4319.10009765625,268.0,yahoo,GC=F
2026-09-23T13:54:00Z,4319.10009765625,4320.7001953125,4318.7001953125,4319.7001953125,275.0,yahoo,GC=F
2026-09-23T13:55:00Z,4319.7001953125,4321.89990234375,4317.89990234375,4319.10009765625,343.0,yahoo,GC=F
2026-09-23T13:56:00Z,4318.7998046875,4321.0,4318.2001953125,4319.89990234375,492.0,yahoo,GC=F
2026-09-23T13:57:00Z,4320.0,4323.0,4319.5,4323.0,391.0,yahoo,GC=F
2026-09-23T13:58:00Z,4322.89990234375,4323.5,4321.0,4322.0,245.0,yahoo,GC=F
2026-09-23T13:59:00Z,4322.2001953125,4323.0,4319.60009765625,4320.39990234375,205.0,yahoo,GC=F
2026-09-23T14:00:00Z,4320.10009765625,4326.7001953125,4320.0,4325.39990234375,652.0,yahoo,GC=F
2026-09-23T14:01:00Z,4325.10009765625,4326.7001953125,4323.5,4326.0,652.0,yahoo,GC=F
2026-09-23T14:02:00Z,4326.10009765625,4327.5,4324.2998046875,4325.0,391.0,yahoo,GC=F
2026-09-23T14:03:00Z,4325.10009765625,4327.0,4324.2998046875,4325.0,611.0,yahoo,GC=F
2026-09-23T14:04:00Z,4325.2998046875,4328.7001953125,4325.2998046875,4326.7998046875,293.0,yahoo,GC=F
2026-09-23T14:05:00Z,4326.7998046875,4327.2998046875,4323.10009765625,4324.10009765625,202.0,yahoo,GC=F
2026-09-23T14:06:00Z,4323.89990234375,4325.7001953125,4322.7001953125,4325.0,111.0,yahoo,GC=F
2026-09-23T14:07:00Z,4324.60009765625,4325.5,4323.60009765625,4325.2998046875,127.0,yahoo,GC=F
2026-09-23T14:08:00Z,4325.2998046875,4329.7998046875,4325.10009765625,4329.2998046875,220.0,yahoo,GC=F
2026-09-23T14:09:00Z,4329.5,4330.2001953125,4327.60009765625,4328.60009765625,321.0,yahoo,GC=F
2026-09-23T14:10:00Z,4328.5,4329.0,4323.2998046875,4325.10009765625,277.0,yahoo,GC=F
2026-09-23T14:11:00Z,4325.0,4325.2998046875,4321.2001953125,4323.2001953125,324.0,yahoo,GC=F
2026-09-23T14:12:00Z,4323.2998046875,4324.7001953125,4321.89990234375,4322.0,284.0,yahoo,GC=F
2026-09-23T14:13:00Z,4321.7001953125,4322.60009765625,4320.0,4321.39990234375,257.0,yahoo,GC=F
2026-09-23T14:14:00Z,4321.60009765625,4322.0,4318.5,4320.2998046875,287.0,yahoo,GC=F
2026-09-23T14:15:00Z,4320.10009765625,4324.2998046875,4319.0,4322.0,230.0,yahoo,GC=F
2026-09-23T14:16:00Z,4322.39990234375,4323.39990234375,4321.5,4323.10009765625,129.0,yahoo,GC=F
2026-09-23T14:17:00Z,4323.39990234375,4323.39990234375,4316.0,4316.5,535.0,yahoo,GC=F
2026-09-23T14:18:00Z,4316.7001953125,4318.2998046875,4315.2001953125,4316.7001953125,394.0,yahoo,GC=F
2026-09-23T14:19:00Z,4316.7998046875,4318.2001953125,4314.39990234375,4314.5,683.0,yahoo,GC=F
2026-09-23T14:20:00Z,4314.7001953125,4318.2998046875,4314.5,4317.7001953125,275.0,yahoo,GC=F
2026-09-23T14:21:00Z,4317.5,4318.60009765625,4315.39990234375,4317.60009765625,184.0,yahoo,GC=F
2026-09-23T14:22:00Z,4317.7998046875,4319.2998046875,4314.60009765625,4318.7998046875,211.0,yahoo,GC=F
2026-09-23T14:23:00Z,4318.2998046875,4319.89990234375,4317.0,4318.7001953125,269.0,yahoo,GC=F
2026-09-23T14:24:00Z,4318.89990234375,4320.7998046875,4317.2998046875,4320.7998046875,176.0,yahoo,GC=F
2026-09-23T14:25:00Z,4320.89990234375,4321.5,4317.0,4317.5,803.0,yahoo,GC=F
2026-09-23T14:26:00Z,4317.2001953125,4318.2001953125,4315.5,4317.2998046875,179.0,yahoo,GC=F
2026-09-23T14:27:00Z,4317.0,4317.39990234375,4314.39990234375,4314.7998046875,255.0,yahoo,GC=F
2026-09-23T14:28:00Z,4314.7998046875,4317.39990234375,4313.89990234375,4317.39990234375,214.0,yahoo,GC=F
2026-09-23T14:29:00Z,4317.2998046875,4317.2998046875,4315.0,4317.10009765625,146.0,yahoo,GC=F
2026-09-23T14:30:00Z,4316.7998046875,4322.10009765625,4316.5,4319.10009765625,564.0,yahoo,GC=F
2026-09-23T14:31:00Z,4319.0,4321.2998046875,4318.39990234375,4320.2001953125,202.0,yahoo,GC=F
2026-09-23T14:32:00Z,4320.2001953125,4323.10009765625,4319.5,4321.39990234375,168.0,yahoo,GC=F
2026-09-23T14:33:00Z,4321.7001953125,4326.2001953125,4321.7001953125,4326.0,375.0,yahoo,GC=F
2026-09-23T14:34:00Z,4326.0,4327.0,4324.89990234375,4325.7001953125,438.0,yahoo,GC=F
2026-09-23T14:35:00Z,4325.89990234375,4327.2998046875,4325.60009765625,4327.2001953125,168.0,yahoo,GC=F
2026-09-23T14:36:00Z,4327.0,4327.2998046875,4324.39990234375,4325.5,150.0,yahoo,GC=F
2026-09-23T14:37:00Z,4325.60009765625,4328.5,4323.0,4324.5,558.0,yahoo,GC=F
2026-09-23T14:38:00Z,4324.0,4324.89990234375,4322.0,4322.2998046875,153.0,yahoo,GC=F
2026-09-23T14:39:00Z,4322.7998046875,4323.2001953125,4318.5,4318.5,168.0,yahoo,GC=F
2026-09-23T14:40:00Z,4318.60009765625,4320.89990234375,4318.60009765625,4320.39990234375,330.0,yahoo,GC=F
2026-09-23T14:41:00Z,4320.39990234375,4323.2998046875,4319.89990234375,4322.89990234375,151.0,yahoo,GC=F
2026-09-23T14:42:00Z,4323.2001953125,4324.2998046875,4322.10009765625,4323.2001953125,112.0,yahoo,GC=F
2026-09-23T14:43:00Z,4323.10009765625,4324.10009765625,4322.0,4323.89990234375,149.0,yahoo,GC=F
2026-09-23T14:44:00Z,4323.39990234375,4324.2001953125,4322.7998046875,4323.0,162.0,yahoo,GC=F
2026-09-23T14:45:00Z,4323.10009765625,4323.7001953125,4321.39990234375,4321.89990234375,155.0,yahoo,GC=F
2026-09-23T14:46:00Z,4321.89990234375,4322.89990234375,4320.5,4321.7998046875,216.0,yahoo,GC=F
2026-09-23T14:47:00Z,4322.2001953125,4324.39990234375,4321.89990234375,4322.60009765625,220.0,yahoo,GC=F
2026-09-23T14:48:00Z,4322.60009765625,4324.2998046875,4320.89990234375,4322.0,174.0,yahoo,GC=F
2026-09-23T14:49:00Z,4322.0,4323.39990234375,4320.89990234375,4322.10009765625,178.0,yahoo,GC=F
2026-09-23T14:50:00Z,4322.2001953125,4322.7998046875,4320.2001953125,4320.2001953125,148.0,yahoo,GC=F
2026-09-23T14:51:00Z,4320.7001953125,4328.60009765625,4320.7001953125,4326.10009765625,814.0,yahoo,GC=F
2026-09-23T14:52:00Z,4326.10009765625,4329.39990234375,4325.39990234375,4328.89990234375,466.0,yahoo,GC=F
2026-09-23T14:53:00Z,4329.2998046875,4335.0,4329.10009765625,4334.0,1366.0,yahoo,GC=F
2026-09-23T14:54:00Z,4334.2001953125,4335.0,4331.7998046875,4333.39990234375,454.0,yahoo,GC=F
2026-09-23T14:55:00Z,4333.39990234375,4333.60009765625,4329.0,4332.60009765625,617.0,yahoo,GC=F
2026-09-23T14:56:00Z,4332.2998046875,4332.60009765625,4328.5,4329.2001953125,191.0,yahoo,GC=F
2026-09-23T14:57:00Z,4329.5,4331.60009765625,4327.89990234375,4331.0,280.0,yahoo,GC=F
2026-09-23T14:58:00Z,4331.10009765625,4331.10009765625,4327.0,4328.10009765625,186.0,yahoo,GC=F
2026-09-23T14:59:00Z,4328.2998046875,4330.60009765625,4327.39990234375,4330.60009765625,125.0,yahoo,GC=F
2026-09-23T15:00:00Z,4330.60009765625,4331.10009765625,4327.39990234375,4329.60009765625,405.0,yahoo,GC=F
2026-09-23T15:01:00Z,4329.5,4331.89990234375,4328.5,4328.7001953125,359.0,yahoo,GC=F
2026-09-23T15:02:00Z,4329.0,4330.5,4328.2998046875,4329.7001953125,150.0,yahoo,GC=F
2026-09-23T15:03:00Z,4329.2001953125,4329.2001953125,4328.0,4329.0,109.0,yahoo,GC=F
2026-09-23T15:04:00Z,4329.2001953125,4329.2001953125,4325.60009765625,4326.5,189.0,yahoo,GC=F
2026-09-23T15:05:00Z,4326.5,4327.7998046875,4325.7998046875,4326.7001953125,138.0,yahoo,GC=F
2026-09-23T15:06:00Z,4327.0,4327.7001953125,4325.7001953125,4327.0,103.0,yahoo,GC=F
2026-09-23T15:07:00Z,4326.7001953125,4329.2001953125,4326.2998046875,4329.0,229.0,yahoo,GC=F
2026-09-23T15:08:00Z,4328.7998046875,4331.2001953125,4328.7998046875,4330.10009765625,103.0,yahoo,GC=F
2026-09-23T15:09:00Z,4330.2001953125,4330.89990234375,4329.7001953125,4330.39990234375,93.0,yahoo,GC=F
2026-09-23T15:10:00Z,4330.5,4333.60009765625,4330.5,4333.10009765625,192.0,yahoo,GC=F
2026-09-23T15:11:00Z,4333.10009765625,4333.5,4330.39990234375,4330.7001953125,175.0,yahoo,GC=F
2026-09-23T15:12:00Z,4331.2001953125,4333.10009765625,4330.89990234375,4331.2001953125,75.0,yahoo,GC=F
2026-09-23T15:13:00Z,4331.0,4331.39990234375,4329.89990234375,4331.39990234375,198.0,yahoo,GC=F
2026-09-23T15:14:00Z,4331.10009765625,4332.0,4330.39990234375,4330.39990234375,134.0,yahoo,GC=F
2026-09-23T15:15:00Z,4330.2998046875,4331.5,4329.2001953125,4329.2001953125,116.0,yahoo,GC=F
2026-09-23T15:16:00Z,4329.2998046875,4329.7998046875,4328.5,4328.7998046875,83.0,yahoo,GC=F
2026-09-23T15:17:00Z,4328.89990234375,4328.89990234375,4326.39990234375,4327.39990234375,168.0,yahoo,GC=F
2026-09-23T15:18:00Z,4327.0,4328.2998046875,4326.2001953125,4328.0,195.0,yahoo,GC=F
2026-09-23T15:19:00Z,4327.89990234375,4329.2998046875,4327.39990234375,4329.2998046875,100.0,yahoo,GC=F
2026-09-23T15:20:00Z,4329.2001953125,4329.7998046875,4328.60009765625,4328.89990234375,116.0,yahoo,GC=F
2026-09-23T15:21:00Z,4328.0,4328.5,4326.7001953125,4326.7001953125,67.0,yahoo,GC=F
2026-09-23T15:22:00Z,4327.2998046875,4328.5,4327.10009765625,4328.2998046875,39.0,yahoo,GC=F
2026-09-23T15:23:00Z,4328.39990234375,4329.60009765625,4327.60009765625,4327.60009765625,87.0,yahoo,GC=F
2026-09-23T15:24:00Z,4327.89990234375,4328.2998046875,4326.7001953125,4328.2998046875,69.0,yahoo,GC=F
2026-09-23T15:25:00Z,4328.2001953125,4330.0,4328.0,4329.39990234375,129.0,yahoo,GC=F
2026-09-23T15:26:00Z,4329.2001953125,4330.2001953125,4326.2998046875,4327.0,257.0,yahoo,GC=F
2026-09-23T15:27:00Z,4327.2001953125,4327.7001953125,4325.39990234375,4325.89990234375,155.0,yahoo,GC=F
2026-09-23T15:28:00Z,4325.5,4325.60009765625,4322.2001953125,4322.7998046875,356.0,yahoo,GC=F
2026-09-23T15:29:00Z,4322.7998046875,4322.89990234375,4319.10009765625,4319.60009765625,400.0,yahoo,GC=F
2026-09-23T15:30:00Z,4319.7001953125,4320.39990234375,4317.89990234375,4320.2001953125,372.0,yahoo,GC=F
2026-09-23T15:31:00Z,4320.2001953125,4320.2001953125,4317.39990234375,4318.7001953125,221.0,yahoo,GC=F
2026-09-23T15:32:00Z,4318.5,4319.7998046875,4317.89990234375,4318.60009765625,134.0,yahoo,GC=F
2026-09-23T15:33:00Z,4319.39990234375,4319.7998046875,4317.60009765625,4317.89990234375,132.0,yahoo,GC=F
2026-09-23T15:34:00Z,4317.89990234375,4320.5,4316.60009765625,4320.2998046875,233.0,yahoo,GC=F
2026-09-23T15:35:00Z,4319.89990234375,4322.0,4318.7998046875,4321.2998046875,279.0,yahoo,GC=F
2026-09-23T15:36:00Z,4321.2001953125,4322.0,4319.0,4319.10009765625,153.0,yahoo,GC=F
2026-09-23T15:37:00Z,4319.10009765625,4319.60009765625,4317.39990234375,4318.2001953125,184.0,yahoo,GC=F
2026-09-23T15:38:00Z,4318.2998046875,4319.10009765625,4317.2998046875,4317.60009765625,114.0,yahoo,GC=F
2026-09-23T15:39:00Z,4318.0,4318.7998046875,4314.7001953125,4315.89990234375,317.0,yahoo,GC=F
2026-09-23T15:40:00Z,4315.7001953125,4316.7998046875,4314.89990234375,4316.0,177.0,yahoo,GC=F
2026-09-23T15:41:00Z,4315.89990234375,4317.2001953125,4315.10009765625,4315.5,120.0,yahoo,GC=F
2026-09-23T15:42:00Z,4315.5,4318.7001953125,4315.5,4318.60009765625,212.0,yahoo,GC=F
2026-09-23T15:43:00Z,4318.5,4319.5,4317.7001953125,4319.39990234375,126.0,yahoo,GC=F
2026-09-23T15:44:00Z,4319.60009765625,4320.7001953125,4319.0,4320.10009765625,130.0,yahoo,GC=F
2026-09-23T15:45:00Z,4319.7998046875,4321.2998046875,4319.39990234375,4321.0,170.0,yahoo,GC=F
2026-09-23T15:46:00Z,4320.7998046875,4321.0,4320.10009765625,4320.7001953125,68.0,yahoo,GC=F
2026-09-23T15:47:00Z,4320.7001953125,4320.89990234375,4317.89990234375,4318.10009765625,206.0,yahoo,GC=F
2026-09-23T15:48:00Z,4318.2998046875,4319.5,4315.7001953125,4316.0,179.0,yahoo,GC=F
2026-09-23T15:49:00Z,4316.2001953125,4316.7001953125,4313.2998046875,4314.39990234375,457.0,yahoo,GC=F
2026-09-23T15:50:00Z,4314.2001953125,4316.0,4313.60009765625,4315.5,193.0,yahoo,GC=F
2026-09-23T15:51:00Z,4315.7998046875,4316.2998046875,4314.2001953125,4316.2001953125,285.0,yahoo,GC=F
2026-09-23T15:52:00Z,4315.89990234375,4317.10009765625,4315.7001953125,4316.2998046875,104.0,yahoo,GC=F
2026-09-23T15:53:00Z,4316.2998046875,4316.89990234375,4315.5,4316.39990234375,130.0,yahoo,GC=F
2026-09-23T15:54:00Z,4316.39990234375,4317.39990234375,4316.39990234375,4317.0,40.0,yahoo,GC=F
2026-09-23T15:55:00Z,4317.0,4317.89990234375,4316.89990234375,4317.5,149.0,yahoo,GC=F
2026-09-23T15:56:00Z,4317.2001953125,4317.7998046875,4316.60009765625,4317.7001953125,87.0,yahoo,GC=F
2026-09-23T15:57:00Z,4317.7001953125,4318.60009765625,4317.2998046875,4318.0,182.0,yahoo,GC=F
2026-09-23T15:58:00Z,4318.2001953125,4318.60009765625,4317.5,4318.2998046875,65.0,yahoo,GC=F
2026-09-23T15:59:00Z,4318.2001953125,4318.39990234375,4317.39990234375,4318.2998046875,59.0,yahoo,GC=F
2026-09-23T16:00:00Z,4318.2998046875,4319.39990234375,4317.7998046875,4318.0,134.0,yahoo,GC=F
2026-09-23T16:01:00Z,4318.0,4318.5,4317.0,4317.39990234375,71.0,yahoo,GC=F
2026-09-23T16:02:00Z,4317.0,4317.60009765625,4315.2998046875,4315.5,123.0,yahoo,GC=F
2026-09-23T16:03:00Z,4315.7998046875,4316.2998046875,4315.39990234375,4316.2998046875,63.0,yahoo,GC=F
2026-09-23T16:04:00Z,4316.0,4316.2998046875,4314.89990234375,4315.60009765625,125.0,yahoo,GC=F
2026-09-23T16:05:00Z,4315.2001953125,4316.60009765625,4314.5,4316.5,175.0,yahoo,GC=F
2026-09-23T16:06:00Z,4316.5,4317.5,4315.5,4316.2001953125,63.0,yahoo,GC=F
2026-09-23T16:07:00Z,4316.60009765625,4319.2001953125,4316.60009765625,4318.7998046875,109.0,yahoo,GC=F
2026-09-23T16:08:00Z,4318.7001953125,4320.60009765625,4318.7001953125,4319.7001953125,101.0,yahoo,GC=F
2026-09-23T16:09:00Z,4319.2998046875,4319.2998046875,4318.39990234375,4318.7001953125,52.0,yahoo,GC=F
2026-09-23T16:10:00Z,4318.7998046875,4318.7998046875,4318.0,4318.2998046875,80.0,yahoo,GC=F
2026-09-23T16:11:00Z,4318.5,4319.0,4318.10009765625,4318.7001953125,88.0,yahoo,GC=F
2026-09-23T16:12:00Z,4319.0,4320.10009765625,4318.89990234375,4319.60009765625,110.0,yahoo,GC=F
2026-09-23T16:13:00Z,4319.7998046875,4319.7998046875,4318.89990234375,4319.39990234375,45.0,yahoo,GC=F
2026-09-23T16:14:00Z,4319.10009765625,4319.2001953125,4318.5,4319.2001953125,38.0,yahoo,GC=F
2026-09-23T16:15:00Z,4319.39990234375,4320.39990234375,4318.7998046875,4320.2001953125,45.0,yahoo,GC=F
2026-09-23T16:16:00Z,4320.2001953125,4321.2001953125,4319.5,4319.7001953125,64.0,yahoo,GC=F
2026-09-23T16:17:00Z,4319.39990234375,4320.2001953125,4319.39990234375,4320.2001953125,59.0,yahoo,GC=F
2026-09-23T16:18:00Z,4320.0,4320.60009765625,4319.60009765625,4319.60009765625,49.0,yahoo,GC=F
2026-09-23T16:19:00Z,4320.0,4320.7001953125,4318.60009765625,4320.2998046875,112.0,yahoo,GC=F
2026-09-23T16:20:00Z,4320.2998046875,4320.5,4319.7998046875,4320.2998046875,45.0,yahoo,GC=F
2026-09-23T16:21:00Z,4320.2001953125,4320.7998046875,4319.5,4320.7998046875,38.0,yahoo,GC=F
2026-09-23T16:22:00Z,4320.5,4320.5,4319.10009765625,4319.60009765625,48.0,yahoo,GC=F
2026-09-23T16:23:00Z,4319.39990234375,4319.60009765625,4318.89990234375,4319.2001953125,57.0,yahoo,GC=F
2026-09-23T16:24:00Z,4319.7001953125,4319.7001953125,4318.2998046875,4318.2998046875,41.0,yahoo,GC=F
2026-09-23T16:25:00Z,4318.7001953125,4321.2001953125,4318.7001953125,4321.10009765625,111.0,yahoo,GC=F
2026-09-23T16:26:00Z,4321.2998046875,4321.7998046875,4320.60009765625,4320.7001953125,97.0,yahoo,GC=F
2026-09-23T16:27:00Z,4320.5,4321.2001953125,4320.5,4320.7001953125,63.0,yahoo,GC=F
2026-09-23T16:28:00Z,4320.5,4321.7998046875,4319.89990234375,4321.2998046875,170.0,yahoo,GC=F
2026-09-23T16:29:00Z,4321.2998046875,4322.0,4320.60009765625,4322.0,50.0,yahoo,GC=F
2026-09-23T16:30:00Z,4322.2001953125,4323.10009765625,4322.2001953125,4322.2998046875,137.0,yahoo,GC=F
2026-09-23T16:31:00Z,4322.2998046875,4322.60009765625,4321.0,4322.2001953125,102.0,yahoo,GC=F
2026-09-23T16:32:00Z,4322.2001953125,4323.0,4321.60009765625,4321.7001953125,136.0,yahoo,GC=F
2026-09-23T16:33:00Z,4321.60009765625,4323.7001953125,4321.60009765625,4323.5,37.0,yahoo,GC=F
2026-09-23T16:34:00Z,4323.60009765625,4324.39990234375,4323.10009765625,4323.10009765625,130.0,yahoo,GC=F
2026-09-23T16:35:00Z,4323.2001953125,4323.2998046875,4322.2998046875,4322.89990234375,65.0,yahoo,GC=F
2026-09-23T16:36:00Z,4323.0,4324.7998046875,4323.0,4324.0,63.0,yahoo,GC=F
2026-09-23T16:37:00Z,4324.10009765625,4325.10009765625,4324.10009765625,4324.7998046875,71.0,yahoo,GC=F
2026-09-23T16:38:00Z,4324.7001953125,4325.7001953125,4324.2001953125,4325.7001953125,53.0,yahoo,GC=F
2026-09-23T16:39:00Z,4325.7998046875,4326.10009765625,4324.5,4324.60009765625,134.0,yahoo,GC=F
2026-09-23T16:40:00Z,4323.7998046875,4324.10009765625,4322.89990234375,4323.89990234375,126.0,yahoo,GC=F
2026-09-23T16:41:00Z,4324.0,4324.10009765625,4322.7998046875,4323.10009765625,69.0,yahoo,GC=F
2026-09-23T16:42:00Z,4323.2001953125,4324.0,4322.2998046875,4322.2998046875,70.0,yahoo,GC=F
2026-09-23T16:43:00Z,4322.2998046875,4324.0,4322.10009765625,4323.7001953125,31.0,yahoo,GC=F
2026-09-23T16:44:00Z,4323.7001953125,4323.89990234375,4322.2001953125,4322.2001953125,70.0,yahoo,GC=F
2026-09-23T16:45:00Z,4322.39990234375,4323.0,4319.89990234375,4321.5,349.0,yahoo,GC=F
2026-09-23T16:46:00Z,4321.7001953125,4322.2998046875,4321.39990234375,4321.60009765625,112.0,yahoo,GC=F
2026-09-23T16:47:00Z,4321.7001953125,4322.7001953125,4320.10009765625,4320.89990234375,106.0,yahoo,GC=F
2026-09-23T16:48:00Z,4320.7998046875,4321.0,4320.0,4320.89990234375,75.0,yahoo,GC=F
2026-09-23T16:49:00Z,4321.10009765625,4321.10009765625,4317.0,4319.0,168.0,yahoo,GC=F
2026-09-23T16:50:00Z,4319.2998046875,4320.60009765625,4318.7998046875,4319.60009765625,128.0,yahoo,GC=F
2026-09-23T16:51:00Z,4319.39990234375,4319.39990234375,4317.39990234375,4317.60009765625,106.0,yahoo,GC=F
2026-09-23T16:52:00Z,4317.60009765625,4317.7001953125,4315.7998046875,4316.5,254.0,yahoo,GC=F
2026-09-23T16:53:00Z,4316.5,4318.10009765625,4314.7001953125,4318.10009765625,310.0,yahoo,GC=F
2026-09-23T16:54:00Z,4317.7998046875,4320.0,4317.7998046875,4319.2001953125,174.0,yahoo,GC=F
2026-09-23T16:55:00Z,4319.0,4320.2998046875,4318.10009765625,4319.60009765625,123.0,yahoo,GC=F
2026-09-23T16:56:00Z,4319.60009765625,4321.10009765625,4318.89990234375,4320.7001953125,144.0,yahoo,GC=F
2026-09-23T16:57:00Z,4320.7998046875,4321.2001953125,4319.7998046875,4320.0,150.0,yahoo,GC=F
2026-09-23T16:58:00Z,4320.10009765625,4322.10009765625,4319.89990234375,4321.60009765625,151.0,yahoo,GC=F
2026-09-23T16:59:00Z,4321.39990234375,4322.0,4321.0,4321.10009765625,80.0,yahoo,GC=F
2026-09-23T17:00:00Z,4321.2001953125,4321.2998046875,4320.2001953125,4320.5,94.0,yahoo,GC=F
2026-09-23T17:01:00Z,4320.5,4322.0,4320.5,4321.10009765625,83.0,yahoo,GC=F
2026-09-23T17:02:00Z,4321.5,4321.5,4311.5,4312.89990234375,1087.0,yahoo,GC=F
2026-09-23T17:03:00Z,4312.7998046875,4317.39990234375,4312.2998046875,4313.7998046875,303.0,yahoo,GC=F
2026-09-23T17:04:00Z,4313.60009765625,4315.7998046875,4313.2001953125,4314.39990234375,153.0,yahoo,GC=F
2026-09-23T17:05:00Z,4314.39990234375,4316.7001953125,4314.10009765625,4315.7001953125,161.0,yahoo,GC=F
2026-09-23T17:06:00Z,4315.89990234375,4317.0,4314.7998046875,4316.7998046875,159.0,yahoo,GC=F
2026-09-23T17:07:00Z,4317.0,4317.89990234375,4316.0,4317.0,147.0,yahoo,GC=F
2026-09-23T17:08:00Z,4317.10009765625,4319.39990234375,4316.89990234375,4318.2998046875,142.0,yahoo,GC=F
2026-09-23T17:09:00Z,4318.39990234375,4320.2998046875,4317.89990234375,4319.7998046875,266.0,yahoo,GC=F
2026-09-23T17:10:00Z,4319.89990234375,4320.39990234375,4319.10009765625,4320.0,79.0,yahoo,GC=F
2026-09-23T17:11:00Z,4319.89990234375,4321.39990234375,4316.7001953125,4316.89990234375,157.0,yahoo,GC=F
2026-09-23T17:12:00Z,4317.0,4317.0,4313.89990234375,4315.5,261.0,yahoo,GC=F
2026-09-23T17:13:00Z,4315.2998046875,4315.89990234375,4314.39990234375,4314.39990234375,140.0,yahoo,GC=F
2026-09-23T17:14:00Z,4314.60009765625,4315.60009765625,4314.10009765625,4315.2001953125,95.0,yahoo,GC=F
2026-09-23T17:15:00Z,4315.0,4315.60009765625,4312.89990234375,4313.2001953125,240.0,yahoo,GC=F
2026-09-23T17:16:00Z,4313.39990234375,4315.0,4312.7001953125,4314.7001953125,140.0,yahoo,GC=F
2026-09-23T17:17:00Z,4314.39990234375,4316.10009765625,4314.2998046875,4315.7001953125,125.0,yahoo,GC=F
2026-09-23T17:18:00Z,4316.2998046875,4316.7001953125,4315.10009765625,4315.39990234375,104.0,yahoo,GC=F
2026-09-23T17:19:00Z,4315.0,4317.2998046875,4314.7998046875,4316.10009765625,93.0,yahoo,GC=F
2026-09-23T17:20:00Z,4315.7998046875,4318.39990234375,4315.5,4318.2998046875,86.0,yahoo,GC=F
2026-09-23T17:21:00Z,4318.60009765625,4320.0,4318.2001953125,4319.60009765625,165.0,yahoo,GC=F
2026-09-23T17:22:00Z,4319.2998046875,4319.5,4317.89990234375,4318.7998046875,96.0,yahoo,GC=F
2026-09-23T17:23:00Z,4319.10009765625,4320.2998046875,4318.7001953125,4320.10009765625,130.0,yahoo,GC=F
2026-09-23T17:24:00Z,4319.89990234375,4320.0,4318.5,4318.60009765625,116.0,yahoo,GC=F
2026-09-23T17:25:00Z,4318.5,4319.10009765625,4318.0,4318.2998046875,98.0,yahoo,GC=F
2026-09-23T17:26:00Z,4318.39990234375,4318.7998046875,4317.60009765625,4318.7001953125,105.0,yahoo,GC=F
2026-09-23T17:27:00Z,4319.10009765625,4320.2001953125,4317.2998046875,4317.39990234375,140.0,yahoo,GC=F
2026-09-23T17:28:00Z,4317.60009765625,4319.2998046875,4317.5,4317.5,270.0,yahoo,GC=F
2026-09-23T17:29:00Z,4317.7001953125,4318.7998046875,4317.2998046875,4318.60009765625,1169.0,yahoo,GC=F
2026-09-23T17:30:00Z,4318.39990234375,4318.7001953125,4317.2001953125,4318.0,169.0,yahoo,GC=F
2026-09-23T17:31:00Z,4317.89990234375,4318.2001953125,4315.10009765625,4315.2998046875,192.0,yahoo,GC=F
2026-09-23T17:32:00Z,4315.10009765625,4315.10009765625,4313.39990234375,4314.5,145.0,yahoo,GC=F
2026-09-23T17:33:00Z,4314.39990234375,4315.7998046875,4313.60009765625,4315.7001953125,157.0,yahoo,GC=F
2026-09-23T17:34:00Z,4315.60009765625,4317.60009765625,4315.60009765625,4317.0,85.0,yahoo,GC=F
2026-09-23T17:35:00Z,4316.7998046875,4316.7998046875,4315.2001953125,4315.2998046875,131.0,yahoo,GC=F
2026-09-23T17:36:00Z,4315.10009765625,4315.10009765625,4313.89990234375,4314.7998046875,100.0,yahoo,GC=F
2026-09-23T17:37:00Z,4314.89990234375,4317.10009765625,4314.7998046875,4316.2998046875,75.0,yahoo,GC=F
2026-09-23T17:38:00Z,4316.2998046875,4316.39990234375,4315.2998046875,4315.7001953125,42.0,yahoo,GC=F
2026-09-23T17:39:00Z,4315.7001953125,4315.89990234375,4311.7001953125,4312.7001953125,171.0,yahoo,GC=F
2026-09-23T17:40:00Z,4312.5,4316.0,4310.7001953125,4315.2998046875,632.0,yahoo,GC=F
2026-09-23T17:41:00Z,4315.2998046875,4320.2998046875,4314.7998046875,4319.2998046875,433.0,yahoo,GC=F
2026-09-23T17:42:00Z,4319.10009765625,4323.2001953125,4318.7998046875,4322.39990234375,407.0,yahoo,GC=F
2026-09-23T17:43:00Z,4322.60009765625,4324.39990234375,4321.89990234375,4323.0,177.0,yahoo,GC=F
2026-09-23T17:44:00Z,4323.2998046875,4326.0,4321.60009765625,4324.7001953125,419.0,yahoo,GC=F
2026-09-23T17:45:00Z,4324.2001953125,4325.89990234375,4324.2001953125,4325.89990234375,140.0,yahoo,GC=F
2026-09-23T17:46:00Z,4326.0,4326.2001953125,4323.60009765625,4324.0,83.0,yahoo,GC=F
2026-09-23T17:47:00Z,4323.89990234375,4327.2001953125,4323.89990234375,4326.2998046875,104.0,yahoo,GC=F
2026-09-23T17:48:00Z,4326.10009765625,4326.7998046875,4325.2998046875,4325.7001953125,72.0,yahoo,GC=F
2026-09-23T17:49:00Z,4325.60009765625,4327.39990234375,4325.2998046875,4327.2998046875,289.0,yahoo,GC=F
2026-09-23T17:50:00Z,4327.2998046875,4328.0,4326.2001953125,4326.2001953125,109.0,yahoo,GC=F
2026-09-23T17:51:00Z,4326.2001953125,4327.2998046875,4325.39990234375,4325.89990234375,93.0,yahoo,GC=F
2026-09-23T17:52:00Z,4326.0,4327.7001953125,4326.0,4327.2001953125,59.0,yahoo,GC=F
2026-09-23T17:53:00Z,4327.10009765625,4328.10009765625,4326.7998046875,4327.7001953125,134.0,yahoo,GC=F
2026-09-23T17:54:00Z,4327.7998046875,4328.10009765625,4327.10009765625,4327.60009765625,40.0,yahoo,GC=F
2026-09-23T17:55:00Z,4327.89990234375,4328.0,4325.39990234375,4325.60009765625,70.0,yahoo,GC=F
2026-09-23T17:56:00Z,4325.7001953125,4326.60009765625,4325.2998046875,4326.2998046875,109.0,yahoo,GC=F
2026-09-23T17:57:00Z,4326.5,4328.60009765625,4326.0,4328.2001953125,84.0,yahoo,GC=F
2026-09-23T17:58:00Z,4328.2001953125,4330.0,4328.2001953125,4328.5,189.0,yahoo,GC=F
2026-09-23T17:59:00Z,4328.60009765625,4329.60009765625,4328.60009765625,4329.5,64.0,yahoo,GC=F
2026-09-23T18:00:00Z,4329.60009765625,4330.10009765625,4329.10009765625,4329.7001953125,96.0,yahoo,GC=F
2026-09-23T18:01:00Z,4329.7001953125,4331.39990234375,4329.7001953125,4330.5,169.0,yahoo,GC=F
2026-09-23T18:02:00Z,4331.0,4331.5,4329.60009765625,4329.60009765625,120.0,yahoo,GC=F
2026-09-23T18:03:00Z,4329.7001953125,4329.7001953125,4327.60009765625,4327.60009765625,60.0,yahoo,GC=F
2026-09-23T18:04:00Z,4327.7001953125,4328.0,4326.89990234375,4327.10009765625,80.0,yahoo,GC=F
2026-09-23T18:05:00Z,4327.2001953125,4327.2998046875,4326.10009765625,4326.7001953125,85.0,yahoo,GC=F
2026-09-23T18:06:00Z,4326.89990234375,4327.7001953125,4326.39990234375,4326.7001953125,33.0,yahoo,GC=F
2026-09-23T18:07:00Z,4326.60009765625,4327.2001953125,4326.2998046875,4327.0,19.0,yahoo,GC=F
2026-09-23T18:08:00Z,4327.2998046875,4327.5,4327.0,4327.2001953125,19.0,yahoo,GC=F
2026-09-23T18:09:00Z,4326.7998046875,4327.2001953125,4326.5,4327.2001953125,31.0,yahoo,GC=F
2026-09-23T18:10:00Z,4326.7001953125,4327.10009765625,4325.7998046875,4326.60009765625,72.0,yahoo,GC=F
2026-09-23T18:11:00Z,4326.39990234375,4326.60009765625,4325.7998046875,4325.89990234375,34.0,yahoo,GC=F
2026-09-23T18:12:00Z,4325.7998046875,4325.89990234375,4324.5,4325.10009765625,55.0,yahoo,GC=F
2026-09-23T18:13:00Z,4325.0,4326.2001953125,4325.0,4325.89990234375,62.0,yahoo,GC=F
2026-09-23T18:14:00Z,4326.0,4326.10009765625,4325.60009765625,4325.7998046875,21.0,yahoo,GC=F
2026-09-23T18:15:00Z,4325.7001953125,4326.5,4325.39990234375,4326.39990234375,30.0,yahoo,GC=F
2026-09-23T18:16:00Z,4326.89990234375,4326.89990234375,4324.7998046875,4324.7998046875,47.0,yahoo,GC=F
2026-09-23T18:17:00Z,4325.2001953125,4327.2998046875,4325.2001953125,4326.60009765625,39.0,yahoo,GC=F
2026-09-23T18:18:00Z,4326.7998046875,4327.60009765625,4326.60009765625,4326.60009765625,83.0,yahoo,GC=F
2026-09-23T18:19:00Z,4326.39990234375,4327.7001953125,4326.39990234375,4326.89990234375,98.0,yahoo,GC=F
2026-09-23T18:20:00Z,4326.2001953125,4327.10009765625,4326.2001953125,4326.7998046875,27.0,yahoo,GC=F
2026-09-23T18:21:00Z,4326.89990234375,4326.89990234375,4324.10009765625,4324.60009765625,39.0,yahoo,GC=F
2026-09-23T18:22:00Z,4325.2998046875,4325.7998046875,4324.89990234375,4324.89990234375,76.0,yahoo,GC=F
2026-09-23T18:23:00Z,4325.0,4326.2001953125,4324.39990234375,4324.5,44.0,yahoo,GC=F
2026-09-23T18:24:00Z,4324.39990234375,4324.39990234375,4324.0,4324.10009765625,11.0,yahoo,GC=F
2026-09-23T18:25:00Z,4324.2001953125,4324.5,4323.5,4323.7001953125,52.0,yahoo,GC=F
2026-09-23T18:26:00Z,4323.89990234375,4324.2001953125,4323.10009765625,4323.2998046875,34.0,yahoo,GC=F
2026-09-23T18:27:00Z,4323.5,4323.60009765625,4322.2998046875,4322.7001953125,79.0,yahoo,GC=F
2026-09-23T18:28:00Z,4322.5,4322.5,4320.39990234375,4321.0,131.0,yahoo,GC=F
2026-09-23T18:29:00Z,4321.0,4322.39990234375,4319.89990234375,4322.2001953125,155.0,yahoo,GC=F
2026-09-23T18:30:00Z,4322.2998046875,4322.2998046875,4320.7998046875,4321.2001953125,62.0,yahoo,GC=F
2026-09-23T18:31:00Z,4321.5,4323.2001953125,4321.5,4323.2001953125,26.0,yahoo,GC=F
2026-09-23T18:32:00Z,4323.39990234375,4323.39990234375,4322.5,4323.2001953125,51.0,yahoo,GC=F
2026-09-23T18:33:00Z,4323.10009765625,4323.39990234375,4322.60009765625,4322.60009765625,22.0,yahoo,GC=F
2026-09-23T18:34:00Z,4322.39990234375,4323.10009765625,4322.2001953125,4322.60009765625,27.0,yahoo,GC=F
2026-09-23T18:35:00Z,4323.2001953125,4323.7001953125,4322.60009765625,4323.39990234375,39.0,yahoo,GC=F
2026-09-23T18:36:00Z,4323.39990234375,4323.7998046875,4322.7001953125,4323.10009765625,40.0,yahoo,GC=F
2026-09-23T18:37:00Z,4323.0,4323.0,4322.39990234375,4322.89990234375,16.0,yahoo,GC=F
2026-09-23T18:38:00Z,4322.7001953125,4322.7001953125,4321.5,4321.7998046875,45.0,yahoo,GC=F
2026-09-23T18:39:00Z,4321.7998046875,4321.7998046875,4320.7998046875,4321.2001953125,49.0,yahoo,GC=F
2026-09-23T18:40:00Z,4321.39990234375,4321.7001953125,4320.89990234375,4321.2001953125,37.0,yahoo,GC=F
2026-09-23T18:41:00Z,4321.2001953125,4322.10009765625,4320.60009765625,4321.7998046875,30.0,yahoo,GC=F
2026-09-23T18:42:00Z,4322.0,4322.7001953125,4321.5,4321.60009765625,46.0,yahoo,GC=F
2026-09-23T18:43:00Z,4321.7998046875,4322.0,4321.2001953125,4321.5,34.0,yahoo,GC=F
2026-09-23T18:44:00Z,4321.2001953125,4321.39990234375,4320.2998046875,4320.39990234375,50.0,yahoo,GC=F
2026-09-23T18:45:00Z,4320.2001953125,4320.7001953125,4319.0,4320.2998046875,89.0,yahoo,GC=F
2026-09-23T18:46:00Z,4320.2998046875,4320.5,4319.7001953125,4320.0,33.0,yahoo,GC=F
2026-09-23T18:47:00Z,4320.2001953125,4321.2001953125,4320.2001953125,4321.10009765625,29.0,yahoo,GC=F
2026-09-23T18:48:00Z,4321.10009765625,4322.5,4320.7998046875,4322.5,30.0,yahoo,GC=F
2026-09-23T18:49:00Z,4322.39990234375,4323.2998046875,4322.39990234375,4323.10009765625,47.0,yahoo,GC=F
2026-09-23T18:50:00Z,4322.89990234375,4324.2001953125,4322.89990234375,4322.89990234375,138.0,yahoo,GC=F
2026-09-23T18:51:00Z,4323.2998046875,4324.10009765625,4323.2998046875,4323.5,93.0,yahoo,GC=F
2026-09-23T18:52:00Z,4323.7001953125,4324.10009765625,4323.60009765625,4323.89990234375,23.0,yahoo,GC=F
2026-09-23T18:53:00Z,4323.89990234375,4324.2001953125,4322.89990234375,4323.39990234375,54.0,yahoo,GC=F
2026-09-23T18:54:00Z,4323.60009765625,4324.60009765625,4323.39990234375,4324.60009765625,45.0,yahoo,GC=F
2026-09-23T18:55:00Z,4324.5,4326.39990234375,4323.60009765625,4326.2998046875,215.0,yahoo,GC=F
2026-09-23T18:56:00Z,4326.10009765625,4326.2001953125,4325.39990234375,4325.7001953125,57.0,yahoo,GC=F
2026-09-23T18:57:00Z,4325.5,4325.7998046875,4325.10009765625,4325.7001953125,30.0,yahoo,GC=F
2026-09-23T18:58:00Z,4325.2998046875,4326.60009765625,4325.10009765625,4326.60009765625,97.0,yahoo,GC=F
2026-09-23T18:59:00Z,4326.39990234375,4327.0,4326.10009765625,4326.7998046875,85.0,yahoo,GC=F
2026-09-23T19:00:00Z,4326.7001953125,4327.10009765625,4325.2998046875,4326.5,91.0,yahoo,GC=F
2026-09-23T19:01:00Z,4326.10009765625,4327.2001953125,4326.0,4326.2001953125,42.0,yahoo,GC=F
2026-09-23T19:02:00Z,4326.2001953125,4326.60009765625,4326.0,4326.2998046875,20.0,yahoo,GC=F
2026-09-23T19:03:00Z,4326.39990234375,4326.60009765625,4324.2998046875,4324.2998046875,18.0,yahoo,GC=F
2026-09-23T19:04:00Z,4324.7001953125,4325.10009765625,4324.2998046875,4325.10009765625,31.0,yahoo,GC=F
2026-09-23T19:05:00Z,4325.2998046875,4325.5,4324.60009765625,4324.7001953125,30.0,yahoo,GC=F
2026-09-23T19:06:00Z,4324.89990234375,4328.10009765625,4324.89990234375,4328.10009765625,81.0,yahoo,GC=F
2026-09-23T19:07:00Z,4327.7998046875,4329.39990234375,4326.7998046875,4328.7001953125,85.0,yahoo,GC=F
2026-09-23T19:08:00Z,4329.2001953125,4329.89990234375,4328.0,4328.0,61.0,yahoo,GC=F
2026-09-23T19:09:00Z,4327.89990234375,4327.89990234375,4325.5,4325.89990234375,80.0,yahoo,GC=F
2026-09-23T19:10:00Z,4326.0,4326.5,4325.5,4325.7001953125,42.0,yahoo,GC=F
2026-09-23T19:11:00Z,4325.89990234375,4326.39990234375,4325.7001953125,4326.2998046875,28.0,yahoo,GC=F
2026-09-23T19:12:00Z,4326.2001953125,4326.2001953125,4324.0,4324.10009765625,305.0,yahoo,GC=F
2026-09-23T19:13:00Z,4324.0,4324.0,4322.5,4323.10009765625,79.0,yahoo,GC=F
2026-09-23T19:14:00Z,4323.2001953125,4323.5,4320.89990234375,4320.89990234375,98.0,yahoo,GC=F
2026-09-23T19:15:00Z,4321.10009765625,4322.60009765625,4320.2001953125,4320.39990234375,96.0,yahoo,GC=F
2026-09-23T19:16:00Z,4320.2998046875,4321.7001953125,4319.7001953125,4321.60009765625,69.0,yahoo,GC=F
2026-09-23T19:17:00Z,4321.7998046875,4322.10009765625,4321.10009765625,4322.0,38.0,yahoo,GC=F
2026-09-23T19:18:00Z,4322.10009765625,4322.10009765625,4320.89990234375,4321.60009765625,20.0,yahoo,GC=F
2026-09-23T19:19:00Z,4321.7001953125,4322.0,4320.2001953125,4320.7001953125,74.0,yahoo,GC=F
2026-09-23T19:20:00Z,4320.7001953125,4321.0,4320.10009765625,4320.2001953125,117.0,yahoo,GC=F
2026-09-23T19:21:00Z,4320.39990234375,4320.7998046875,4319.89990234375,4320.39990234375,60.0,yahoo,GC=F
2026-09-23T19:22:00Z,4320.2998046875,4320.60009765625,4320.0,4320.39990234375,39.0,yahoo,GC=F
2026-09-23T19:23:00Z,4320.60009765625,4322.0,4319.89990234375,4321.2998046875,115.0,yahoo,GC=F
2026-09-23T19:24:00Z,4321.60009765625,4322.2998046875,4321.60009765625,4322.2998046875,29.0,yahoo,GC=F
2026-09-23T19:25:00Z,4322.10009765625,4322.60009765625,4321.5,4321.5,37.0,yahoo,GC=F
2026-09-23T19:26:00Z,4321.7001953125,4322.39990234375,4321.0,4321.0,27.0,yahoo,GC=F
2026-09-23T19:27:00Z,4321.2998046875,4323.2998046875,4321.0,4322.7998046875,38.0,yahoo,GC=F
2026-09-23T19:28:00Z,4322.39990234375,4323.39990234375,4322.39990234375,4323.2001953125,16.0,yahoo,GC=F
2026-09-23T19:29:00Z,4323.2001953125,4323.89990234375,4323.0,4323.2001953125,65.0,yahoo,GC=F
2026-09-23T19:30:00Z,4323.2001953125,4323.7998046875,4322.2998046875,4323.2001953125,103.0,yahoo,GC=F
2026-09-23T19:31:00Z,4323.2001953125,4323.2001953125,4321.2001953125,4321.39990234375,44.0,yahoo,GC=F
2026-09-23T19:32:00Z,4321.2001953125,4321.2001953125,4320.10009765625,4321.0,52.0,yahoo,GC=F
2026-09-23T19:33:00Z,4321.2001953125,4321.60009765625,4320.7001953125,4321.60009765625,35.0,yahoo,GC=F
2026-09-23T19:34:00Z,4321.7001953125,4322.2001953125,4321.5,4322.2001953125,43.0,yahoo,GC=F
2026-09-23T19:35:00Z,4322.10009765625,4322.2998046875,4321.2001953125,4321.2001953125,21.0,yahoo,GC=F
2026-09-23T19:36:00Z,4321.39990234375,4321.60009765625,4319.89990234375,4320.2001953125,151.0,yahoo,GC=F
2026-09-23T19:37:00Z,4320.0,4320.2001953125,4319.10009765625,4319.10009765625,68.0,yahoo,GC=F
2026-09-23T19:38:00Z,4319.0,4319.0,4317.2998046875,4318.0,144.0,yahoo,GC=F
2026-09-23T19:39:00Z,4317.89990234375,4318.7001953125,4317.60009765625,4318.39990234375,104.0,yahoo,GC=F
2026-09-23T19:40:00Z,4318.60009765625,4320.60009765625,4318.60009765625,4320.2998046875,49.0,yahoo,GC=F
2026-09-23T19:41:00Z,4320.2001953125,4321.2001953125,4319.7998046875,4319.7998046875,77.0,yahoo,GC=F
2026-09-23T19:42:00Z,4319.7001953125,4320.5,4319.0,4319.0,68.0,yahoo,GC=F
2026-09-23T19:43:00Z,4318.7998046875,4319.5,4318.2998046875,4318.5,55.0,yahoo,GC=F
2026-09-23T19:44:00Z,4318.39990234375,4318.89990234375,4318.0,4318.89990234375,50.0,yahoo,GC=F
2026-09-23T19:45:00Z,4318.89990234375,4320.39990234375,4318.5,4320.0,73.0,yahoo,GC=F
2026-09-23T19:46:00Z,4319.7001953125,4322.0,4319.7001953125,4321.7998046875,39.0,yahoo,GC=F
2026-09-23T19:47:00Z,4321.7998046875,4322.7001953125,4321.60009765625,4322.0,57.0,yahoo,GC=F
2026-09-23T19:48:00Z,4322.2001953125,4322.60009765625,4321.7001953125,4322.2001953125,48.0,yahoo,GC=F
2026-09-23T19:49:00Z,4322.7001953125,4323.2001953125,4322.2998046875,4322.89990234375,66.0,yahoo,GC=F
2026-09-23T19:50:00Z,4323.10009765625,4323.39990234375,4321.2998046875,4322.60009765625,111.0,yahoo,GC=F
2026-09-23T19:51:00Z,4322.7998046875,4323.2001953125,4322.10009765625,4323.10009765625,224.0,yahoo,GC=F
2026-09-23T19:52:00Z,4323.2998046875,4323.5,4320.39990234375,4320.7001953125,270.0,yahoo,GC=F
2026-09-23T19:53:00Z,4320.7998046875,4321.60009765625,4320.2001953125,4320.7001953125,85.0,yahoo,GC=F
2026-09-23T19:54:00Z,4320.7001953125,4321.10009765625,4319.39990234375,4319.5,68.0,yahoo,GC=F
2026-09-23T19:55:00Z,4319.60009765625,4320.7998046875,4318.7998046875,4319.89990234375,118.0,yahoo,GC=F
2026-09-23T19:56:00Z,4319.7001953125,4320.0,4318.89990234375,4319.2998046875,65.0,yahoo,GC=F
2026-09-23T19:57:00Z,4319.39990234375,4320.39990234375,4318.2998046875,4319.89990234375,98.0,yahoo,GC=F
2026-09-23T19:58:00Z,4319.89990234375,4320.5,4319.39990234375,4319.7001953125,112.0,yahoo,GC=F
2026-09-23T19:59:00Z,4319.5,4321.2998046875,4319.2001953125,4320.60009765625,149.0,yahoo,GC=F
2026-09-23T20:00:00Z,4320.2998046875,4321.10009765625,4319.5,4320.10009765625,74.0,yahoo,GC=F
2026-09-23T20:01:00Z,4320.2001953125,4320.7998046875,4319.89990234375,4320.60009765625,47.0,yahoo,GC=F
2026-09-23T20:02:00Z,4321.0,4322.0,4321.0,4321.2998046875,268.0,yahoo,GC=F
2026-09-23T20:03:00Z,4321.39990234375,4321.60009765625,4320.7998046875,4320.89990234375,36.0,yahoo,GC=F
2026-09-23T20:04:00Z,4321.2998046875,4321.60009765625,4320.7001953125,4320.89990234375,49.0,yahoo,GC=F
2026-09-23T20:05:00Z,4321.2001953125,4322.89990234375,4321.10009765625,4322.89990234375,63.0,yahoo,GC=F
2026-09-23T20:06:00Z,4322.89990234375,4324.0,4322.89990234375,4323.7001953125,37.0,yahoo,GC=F
2026-09-23T20:07:00Z,4323.60009765625,4323.60009765625,4323.0,4323.2998046875,33.0,yahoo,GC=F
2026-09-23T20:08:00Z,4323.2001953125,4323.2001953125,4322.60009765625,4322.7998046875,10.0,yahoo,GC=F
2026-09-23T20:09:00Z,4322.89990234375,4323.60009765625,4322.7998046875,4323.2998046875,25.0,yahoo,GC=F
2026-09-23T20:10:00Z,4323.2001953125,4323.39990234375,4322.2001953125,4322.2001953125,36.0,yahoo,GC=F
2026-09-23T20:11:00Z,4322.10009765625,4322.2998046875,4321.2001953125,4321.2001953125,30.0,yahoo,GC=F
2026-09-23T20:12:00Z,4321.5,4321.7001953125,4321.2001953125,4321.5,10.0,yahoo,GC=F
2026-09-23T20:13:00Z,4321.5,4321.89990234375,4321.39990234375,4321.89990234375,11.0,yahoo,GC=F
2026-09-23T20:14:00Z,4321.7001953125,4321.7001953125,4320.89990234375,4320.89990234375,12.0,yahoo,GC=F
2026-09-23T20:15:00Z,4321.10009765625,4321.7998046875,4320.5,4321.2001953125,91.0,yahoo,GC=F
2026-09-23T20:16:00Z,4321.2998046875,4321.7998046875,4321.2001953125,4321.7998046875,416.0,yahoo,GC=F
2026-09-23T20:17:00Z,4321.7998046875,4321.7998046875,4321.10009765625,4321.7998046875,14.0,yahoo,GC=F
2026-09-23T20:18:00Z,4321.7998046875,4321.89990234375,4321.10009765625,4321.10009765625,28.0,yahoo,GC=F
2026-09-23T20:19:00Z,4321.0,4321.0,4319.2998046875,4319.2998046875,263.0,yahoo,GC=F
2026-09-23T20:20:00Z,4319.60009765625,4320.2001953125,4319.0,4319.0,51.0,yahoo,GC=F
2026-09-23T20:21:00Z,4319.0,4319.39990234375,4318.39990234375,4319.2998046875,42.0,yahoo,GC=F
2026-09-23T20:22:00Z,4319.60009765625,4320.2001953125,4319.60009765625,4320.0,63.0,yahoo,GC=F
2026-09-23T20:23:00Z,4320.10009765625,4320.39990234375,4320.0,4320.39990234375,7.0,yahoo,GC=F
2026-09-23T20:24:00Z,4320.39990234375,4320.7001953125,4320.0,4320.2001953125,21.0,yahoo,GC=F
2026-09-23T20:25:00Z,4320.39990234375,4320.60009765625,4320.2001953125,4320.2001953125,40.0,yahoo,GC=F
2026-09-23T20:26:00Z,4320.39990234375,4320.7998046875,4320.2001953125,4320.5,22.0,yahoo,GC=F
2026-09-23T20:27:00Z,4320.2001953125,4320.5,4320.10009765625,4320.2998046875,17.0,yahoo,GC=F
2026-09-23T20:28:00Z,4320.39990234375,4320.7998046875,4320.39990234375,4320.7998046875,2.0,yahoo,GC=F
2026-09-23T20:29:00Z,4320.5,4321.2001953125,4320.5,4321.2001953125,13.0,yahoo,GC=F
2026-09-23T20:30:00Z,4321.7998046875,4322.0,4321.2001953125,4322.0,7.0,yahoo,GC=F
2026-09-23T20:31:00Z,4321.89990234375,4322.2998046875,4320.7998046875,4321.39990234375,50.0,yahoo,GC=F
2026-09-23T20:32:00Z,4321.89990234375,4321.89990234375,4320.5,4320.5,27.0,yahoo,GC=F
2026-09-23T20:33:00Z,4320.60009765625,4320.89990234375,4319.10009765625,4319.2001953125,67.0,yahoo,GC=F
2026-09-23T20:34:00Z,4319.2998046875,4319.7001953125,4318.60009765625,4318.89990234375,46.0,yahoo,GC=F
2026-09-23T20:35:00Z,4319.10009765625,4320.0,4319.0,4320.0,58.0,yahoo,GC=F
2026-09-23T20:36:00Z,4319.7001953125,4319.7001953125,4319.2998046875,4319.7001953125,10.0,yahoo,GC=F
2026-09-23T20:37:00Z,4319.60009765625,4319.7001953125,4319.2998046875,4319.60009765625,7.0,yahoo,GC=F
2026-09-23T20:38:00Z,4320.0,4320.0,4319.7001953125,4320.0,7.0,yahoo,GC=F
2026-09-23T20:39:00Z,4320.10009765625,4320.7998046875,4320.10009765625,4320.2998046875,25.0,yahoo,GC=F
2026-09-23T20:40:00Z,4320.7998046875,4321.39990234375,4320.7001953125,4321.39990234375,65.0,yahoo,GC=F
2026-09-23T20:41:00Z,4321.10009765625,4321.7001953125,4321.0,4321.5,16.0,yahoo,GC=F
2026-09-23T20:46:00Z,4321.39990234375,4321.39990234375,4321.2001953125,4321.2998046875,91.0,yahoo,GC=F
2026-09-23T20:47:00Z,4321.7998046875,4322.10009765625,4321.7001953125,4321.7001953125,7.0,yahoo,GC=F
2026-09-23T20:48:00Z,4321.60009765625,4322.2001953125,4321.5,4322.10009765625,17.0,yahoo,GC=F
2026-09-23T20:49:00Z,4322.10009765625,4322.10009765625,4321.7998046875,4322.10009765625,15.0,yahoo,GC=F
2026-09-23T20:50:00Z,4322.2998046875,4322.7998046875,4322.2001953125,4322.5,42.0,yahoo,GC=F
2026-09-23T20:51:00Z,4322.2998046875,4322.7001953125,4322.2998046875,4322.7001953125,2.0,yahoo,GC=F
2026-09-23T20:52:00Z,4323.0,4323.2001953125,4322.60009765625,4323.0,19.0,yahoo,GC=F
2026-09-23T20:53:00Z,4323.0,4323.7001953125,4323.0,4323.5,41.0,yahoo,GC=F
2026-09-23T20:54:00Z,4323.60009765625,4325.7998046875,4323.60009765625,4325.7998046875,52.0,yahoo,GC=F
2026-09-23T20:55:00Z,4325.7998046875,4326.5,4325.7001953125,4326.2001953125,109.0,yahoo,GC=F
2026-09-23T20:56:00Z,4325.89990234375,4325.89990234375,4323.2998046875,4323.2998046875,144.0,yahoo,GC=F
2026-09-23T20:57:00Z,4323.2998046875,4324.2998046875,4322.7001953125,4322.7998046875,87.0,yahoo,GC=F
2026-09-23T20:58:00Z,4322.7998046875,4323.60009765625,4322.39990234375,4323.60009765625,63.0,yahoo,GC=F
2026-09-23T20:59:00Z,4323.10009765625,4323.89990234375,4322.0,4322.7001953125,145.0,yahoo,GC=F
2026-09-23T21:00:00Z,4322.7001953125,4322.7001953125,4322.7001953125,4322.7001953125,1.0,yahoo,GC=F
2026-09-23T22:00:00Z,4324.39990234375,4325.7998046875,4324.0,4325.0,0.0,yahoo,GC=F
2026-09-23T22:01:00Z,4324.89990234375,4325.2998046875,4324.7001953125,4324.7001953125,9.0,yahoo,GC=F
2026-09-23T22:02:00Z,4325.2001953125,4326.0,4325.2001953125,4325.5,34.0,yahoo,GC=F
2026-09-23T22:03:00Z,4325.7998046875,4326.7998046875,4325.60009765625,4326.60009765625,46.0,yahoo,GC=F
2026-09-23T22:04:00Z,4326.89990234375,4328.10009765625,4326.2998046875,4327.2998046875,110.0,yahoo,GC=F
2026-09-23T22:05:00Z,4327.60009765625,4328.7001953125,4327.2998046875,4328.2001953125,39.0,yahoo,GC=F
2026-09-23T22:06:00Z,4328.2998046875,4328.7998046875,4328.10009765625,4328.2001953125,26.0,yahoo,GC=F
2026-09-23T22:07:00Z,4328.2001953125,4328.5,4327.7001953125,4328.2998046875,26.0,yahoo,GC=F
2026-09-23T22:08:00Z,4328.2998046875,4328.7998046875,4327.5,4327.7001953125,28.0,yahoo,GC=F
2026-09-23T22:09:00Z,4328.2001953125,4328.5,4326.2998046875,4326.89990234375,58.0,yahoo,GC=F
2026-09-23T22:10:00Z,4326.89990234375,4326.89990234375,4325.2001953125,4325.2001953125,114.0,yahoo,GC=F
2026-09-23T22:11:00Z,4325.2998046875,4325.5,4323.0,4323.7001953125,241.0,yahoo,GC=F
2026-09-23T22:12:00Z,4323.60009765625,4323.60009765625,4321.5,4322.10009765625,72.0,yahoo,GC=F
2026-09-23T22:13:00Z,4321.7001953125,4323.39990234375,4320.89990234375,4323.0,380.0,yahoo,GC=F
2026-09-23T22:14:00Z,4322.89990234375,4323.39990234375,4321.2998046875,4322.7998046875,114.0,yahoo,GC=F
2026-09-23T22:15:00Z,4323.0,4323.10009765625,4322.10009765625,4322.5,100.0,yahoo,GC=F
2026-09-23T22:16:00Z,4322.39990234375,4323.39990234375,4321.5,4321.89990234375,67.0,yahoo,GC=F
2026-09-23T22:17:00Z,4321.7998046875,4322.60009765625,4321.7998046875,4322.39990234375,20.0,yahoo,GC=F
2026-09-23T22:18:00Z,4322.2001953125,4322.2998046875,4321.7998046875,4322.2001953125,26.0,yahoo,GC=F
2026-09-23T22:19:00Z,4322.39990234375,4323.2001953125,4321.60009765625,4322.10009765625,35.0,yahoo,GC=F
2026-09-23T22:20:00Z,4322.10009765625,4322.7001953125,4322.0,4322.7001953125,19.0,yahoo,GC=F
2026-09-23T22:21:00Z,4322.7998046875,4323.5,4322.60009765625,4322.89990234375,38.0,yahoo,GC=F
2026-09-23T22:22:00Z,4323.0,4324.7001953125,4322.7001953125,4323.7998046875,164.0,yahoo,GC=F
2026-09-23T22:23:00Z,4324.2998046875,4327.39990234375,4324.2001953125,4325.2998046875,351.0,yahoo,GC=F
2026-09-23T22:24:00Z,4325.5,4327.39990234375,4324.89990234375,4326.7001953125,370.0,yahoo,GC=F
2026-09-23T22:25:00Z,4326.10009765625,4326.89990234375,4324.60009765625,4325.89990234375,197.0,yahoo,GC=F
2026-09-23T22:26:00Z,4326.10009765625,4326.7998046875,4324.2001953125,4324.2001953125,91.0,yahoo,GC=F
2026-09-23T22:27:00Z,4324.2001953125,4325.7001953125,4323.7998046875,4324.39990234375,121.0,yahoo,GC=F
2026-09-23T22:28:00Z,4324.7998046875,4325.39990234375,4323.2998046875,4323.39990234375,29.0,yahoo,GC=F
2026-09-23T22:29:00Z,4323.60009765625,4323.89990234375,4323.0,4323.7998046875,65.0,yahoo,GC=F
2026-09-23T22:30:00Z,4323.5,4323.89990234375,4322.7998046875,4323.10009765625,108.0,yahoo,GC=F
2026-09-23T22:31:00Z,4323.2998046875,4323.39990234375,4322.60009765625,4323.0,78.0,yahoo,GC=F
2026-09-23T22:32:00Z,4322.89990234375,4324.2001953125,4322.7001953125,4323.7998046875,167.0,yahoo,GC=F
2026-09-23T22:33:00Z,4323.5,4324.2001953125,4323.0,4323.89990234375,177.0,yahoo,GC=F
2026-09-23T22:34:00Z,4323.7998046875,4324.2998046875,4323.0,4323.5,187.0,yahoo,GC=F
2026-09-23T22:35:00Z,4323.60009765625,4324.5,4323.10009765625,4324.10009765625,195.0,yahoo,GC=F
2026-09-23T22:36:00Z,4323.60009765625,4325.39990234375,4323.2001953125,4324.7998046875,250.0,yahoo,GC=F
2026-09-23T22:37:00Z,4324.89990234375,4326.10009765625,4324.2998046875,4325.5,100.0,yahoo,GC=F
2026-09-23T22:38:00Z,4325.5,4325.5,4322.7998046875,4322.7998046875,100.0,yahoo,GC=F
2026-09-23T22:39:00Z,4322.7998046875,4325.0,4322.5,4324.39990234375,56.0,yahoo,GC=F
2026-09-23T22:40:00Z,4323.7998046875,4324.7001953125,4323.60009765625,4324.39990234375,32.0,yahoo,GC=F
2026-09-23T22:41:00Z,4324.0,4324.89990234375,4324.0,4324.2998046875,21.0,yahoo,GC=F
2026-09-23T22:42:00Z,4324.89990234375,4325.39990234375,4323.7998046875,4323.7998046875,29.0,yahoo,GC=F
2026-09-23T22:43:00Z,4323.39990234375,4323.7998046875,4323.10009765625,4323.5,26.0,yahoo,GC=F
2026-09-23T22:44:00Z,4323.2998046875,4324.0,4323.0,4324.0,15.0,yahoo,GC=F
2026-09-23T22:45:00Z,4323.7998046875,4323.89990234375,4323.0,4323.39990234375,16.0,yahoo,GC=F
2026-09-23T22:46:00Z,4322.89990234375,4324.89990234375,4322.60009765625,4324.5,52.0,yahoo,GC=F
2026-09-23T22:47:00Z,4324.7998046875,4325.60009765625,4324.60009765625,4325.60009765625,43.0,yahoo,GC=F
2026-09-23T22:48:00Z,4325.60009765625,4326.0,4325.2998046875,4326.0,24.0,yahoo,GC=F
2026-09-23T22:49:00Z,4325.89990234375,4325.89990234375,4324.5,4324.5,76.0,yahoo,GC=F
2026-09-23T22:50:00Z,4324.60009765625,4324.60009765625,4322.7001953125,4322.89990234375,50.0,yahoo,GC=F
2026-09-23T22:51:00Z,4323.5,4323.5,4322.60009765625,4323.2001953125,21.0,yahoo,GC=F
2026-09-23T22:52:00Z,4323.2998046875,4323.5,4322.39990234375,4322.39990234375,24.0,yahoo,GC=F
2026-09-23T22:53:00Z,4322.7001953125,4324.7001953125,4322.5,4324.7001953125,122.0,yahoo,GC=F
2026-09-23T22:54:00Z,4324.2998046875,4325.0,4322.89990234375,4323.10009765625,193.0,yahoo,GC=F
2026-09-23T22:55:00Z,4323.10009765625,4326.0,4322.5,4325.7001953125,116.0,yahoo,GC=F
2026-09-23T22:56:00Z,4325.7001953125,4326.2001953125,4325.39990234375,4325.39990234375,36.0,yahoo,GC=F
2026-09-23T22:57:00Z,4325.2001953125,4325.2001953125,4324.0,4324.0,24.0,yahoo,GC=F
2026-09-23T22:58:00Z,4324.2001953125,4324.89990234375,4324.2001953125,4324.7001953125,7.0,yahoo,GC=F
2026-09-23T22:59:00Z,4324.5,4324.5,4324.2001953125,4324.2001953125,8.0,yahoo,GC=F
2026-09-23T23:00:00Z,4324.0,4324.89990234375,4323.7998046875,4324.89990234375,78.0,yahoo,GC=F
2026-09-23T23:02:00Z,4324.10009765625,4324.89990234375,4323.89990234375,4324.60009765625,17.0,yahoo,GC=F
2026-09-23T23:03:00Z,4324.2001953125,4324.2998046875,4323.7998046875,4324.2998046875,13.0,yahoo,GC=F
2026-09-23T23:04:00Z,4324.7001953125,4325.60009765625,4324.7001953125,4325.2998046875,16.0,yahoo,GC=F
2026-09-23T23:05:00Z,4325.39990234375,4326.2001953125,4325.39990234375,4325.5,70.0,yahoo,GC=F
2026-09-23T23:06:00Z,4325.5,4326.2001953125,4325.0,4325.0,31.0,yahoo,GC=F
2026-09-23T23:07:00Z,4325.0,4325.5,4324.7998046875,4325.5,5.0,yahoo,GC=F
2026-09-23T23:08:00Z,4325.60009765625,4326.60009765625,4325.39990234375,4326.60009765625,31.0,yahoo,GC=F
2026-09-23T23:09:00Z,4325.89990234375,4325.89990234375,4325.2001953125,4325.60009765625,10.0,yahoo,GC=F
2026-09-23T23:10:00Z,4325.60009765625,4326.39990234375,4325.5,4325.7998046875,18.0,yahoo,GC=F
2026-09-23T23:12:00Z,4326.10009765625,4326.39990234375,4325.7998046875,4326.2998046875,18.0,yahoo,GC=F
2026-09-23T23:13:00Z,4325.7001953125,4326.10009765625,4325.7001953125,4326.10009765625,4.0,yahoo,GC=F
2026-09-23T23:14:00Z,4325.89990234375,4326.2998046875,4325.7998046875,4326.0,12.0,yahoo,GC=F
2026-09-23T23:15:00Z,4326.39990234375,4328.7998046875,4326.2998046875,4327.7998046875,197.0,yahoo,GC=F
2026-09-23T23:16:00Z,4328.0,4328.10009765625,4326.7001953125,4326.7001953125,40.0,yahoo,GC=F
2026-09-23T23:17:00Z,4326.60009765625,4327.2001953125,4325.7001953125,4325.7001953125,35.0,yahoo,GC=F
2026-09-23T23:18:00Z,4325.89990234375,4325.89990234375,4325.0,4325.39990234375,32.0,yahoo,GC=F
2026-09-23T23:19:00Z,4325.60009765625,4325.60009765625,4324.10009765625,4325.2001953125,52.0,yahoo,GC=F
2026-09-23T23:20:00Z,4325.10009765625,4326.2001953125,4324.39990234375,4326.2001953125,46.0,yahoo,GC=F
2026-09-23T23:21:00Z,4326.0,4326.0,4324.60009765625,4324.7998046875,36.0,yahoo,GC=F
2026-09-23T23:22:00Z,4324.60009765625,4325.2001953125,4324.0,4325.2001953125,22.0,yahoo,GC=F
2026-09-23T23:23:00Z,4325.39990234375,4325.7001953125,4325.2001953125,4325.39990234375,8.0,yahoo,GC=F
2026-09-23T23:24:00Z,4325.10009765625,4325.10009765625,4325.0,4325.0,4.0,yahoo,GC=F
2026-09-23T23:25:00Z,4324.7998046875,4324.7998046875,4324.60009765625,4324.7001953125,4.0,yahoo,GC=F
2026-09-23T23:26:00Z,4324.7001953125,4324.7001953125,4323.60009765625,4324.2001953125,15.0,yahoo,GC=F
2026-09-23T23:27:00Z,4324.5,4324.5,4324.10009765625,4324.10009765625,10.0,yahoo,GC=F
2026-09-23T23:28:00Z,4324.2998046875,4324.7998046875,4324.10009765625,4324.10009765625,32.0,yahoo,GC=F
2026-09-23T23:29:00Z,4324.0,4324.0,4323.0,4323.2001953125,33.0,yahoo,GC=F
2026-09-23T23:30:00Z,4323.60009765625,4324.2001953125,4323.2001953125,4324.0,57.0,yahoo,GC=F
2026-09-23T23:31:00Z,4323.7998046875,4323.7998046875,4321.60009765625,4321.7998046875,52.0,yahoo,GC=F
2026-09-23T23:32:00Z,4321.39990234375,4322.10009765625,4321.2001953125,4321.7001953125,25.0,yahoo,GC=F
2026-09-23T23:33:00Z,4321.5,4321.89990234375,4321.2001953125,4321.2998046875,35.0,yahoo,GC=F
2026-09-23T23:34:00Z,4321.10009765625,4321.2998046875,4320.7001953125,4321.10009765625,39.0,yahoo,GC=F
2026-09-23T23:35:00Z,4320.89990234375,4321.10009765625,4320.7998046875,4321.10009765625,9.0,yahoo,GC=F
2026-09-23T23:36:00Z,4320.89990234375,4321.5,4320.89990234375,4321.39990234375,20.0,yahoo,GC=F
2026-09-23T23:37:00Z,4321.7001953125,4322.2998046875,4321.10009765625,4322.0,62.0,yahoo,GC=F
2026-09-23T23:38:00Z,4322.0,4322.7001953125,4321.7001953125,4322.39990234375,20.0,yahoo,GC=F
2026-09-23T23:39:00Z,4322.39990234375,4322.39990234375,4321.39990234375,4321.7998046875,13.0,yahoo,GC=F
2026-09-23T23:40:00Z,4321.5,4322.39990234375,4321.5,4322.0,23.0,yahoo,GC=F
2026-09-23T23:41:00Z,4321.89990234375,4321.89990234375,4321.10009765625,4321.10009765625,7.0,yahoo,GC=F
2026-09-23T23:42:00Z,4320.60009765625,4320.7001953125,4320.2001953125,4320.7001953125,26.0,yahoo,GC=F
2026-09-23T23:43:00Z,4320.60009765625,4320.60009765625,4320.2001953125,4320.39990234375,10.0,yahoo,GC=F
2026-09-23T23:44:00Z,4320.60009765625,4320.7998046875,4320.2998046875,4320.39990234375,16.0,yahoo,GC=F
2026-09-23T23:45:00Z,4320.39990234375,4322.2001953125,4320.2998046875,4322.0,260.0,yahoo,GC=F
2026-09-23T23:46:00Z,4322.10009765625,4322.7001953125,4322.10009765625,4322.2998046875,18.0,yahoo,GC=F
2026-09-23T23:47:00Z,4322.60009765625,4324.10009765625,4322.60009765625,4323.7998046875,57.0,yahoo,GC=F
2026-09-23T23:48:00Z,4323.7001953125,4323.89990234375,4323.10009765625,4323.5,10.0,yahoo,GC=F
2026-09-23T23:49:00Z,4323.89990234375,4325.10009765625,4323.89990234375,4325.10009765625,27.0,yahoo,GC=F
2026-09-23T23:50:00Z,4324.7998046875,4325.2998046875,4324.2001953125,4325.2001953125,40.0,yahoo,GC=F
2026-09-23T23:51:00Z,4324.7001953125,4325.7998046875,4324.5,4325.7998046875,15.0,yahoo,GC=F
2026-09-23T23:52:00Z,4325.7998046875,4326.89990234375,4325.7998046875,4326.5,75.0,yahoo,GC=F
2026-09-23T23:53:00Z,4326.39990234375,4326.39990234375,4325.60009765625,4325.89990234375,28.0,yahoo,GC=F
2026-09-23T23:54:00Z,4325.60009765625,4326.60009765625,4325.60009765625,4326.0,28.0,yahoo,GC=F
2026-09-23T23:55:00Z,4326.0,4326.0,4325.2998046875,4325.5,25.0,yahoo,GC=F
2026-09-23T23:56:00Z,4325.7001953125,4327.10009765625,4325.7001953125,4326.2001953125,28.0,yahoo,GC=F
2026-09-23T23:57:00Z,4326.39990234375,4326.39990234375,4325.89990234375,4325.89990234375,29.0,yahoo,GC=F
2026-09-23T23:58:00Z,4325.89990234375,4326.10009765625,4324.2998046875,4324.5,55.0,yahoo,GC=F
2026-09-23T23:59:00Z,4324.2998046875,4325.7998046875,4323.7998046875,4323.7998046875,49.0,yahoo,GC=F
