timestamp_utc,open,high,low,close,volume,source,symbol
2026-09-09T00:00:00Z,4393.2998046875,4393.5,4390.0,4390.5,167.0,yahoo,GC=F
2026-09-09T00:01:00Z,4390.89990234375,4392.5,4390.5,4392.5,94.0,yahoo,GC=F
2026-09-09T00:02:00Z,4392.60009765625,4394.39990234375,4392.39990234375,4393.5,82.0,yahoo,GC=F
2026-09-09T00:03:00Z,4394.0,4396.60009765625,4393.2998046875,4394.7998046875,106.0,yahoo,GC=F
2026-09-09T00:04:00Z,4394.7001953125,4395.89990234375,4393.10009765625,4393.7001953125,76.0,yahoo,GC=F
2026-09-09T00:05:00Z,4393.5,4394.0,4391.10009765625,4391.39990234375,61.0,yahoo,GC=F
2026-09-09T00:06:00Z,4391.39990234375,4391.39990234375,4388.0,4388.89990234375,278.0,yahoo,GC=F
2026-09-09T00:07:00Z,4389.10009765625,4390.2998046875,4388.5,4390.0,131.0,yahoo,GC=F
2026-09-09T00:08:00Z,4390.39990234375,4392.7001953125,4388.2998046875,4392.2998046875,147.0,yahoo,GC=F
2026-09-09T00:09:00Z,4392.2001953125,4392.7998046875,4391.5,4392.60009765625,29.0,yahoo,GC=F
2026-09-09T00:10:00Z,4392.60009765625,4394.7001953125,4392.0,4393.7001953125,62.0,yahoo,GC=F
2026-09-09T00:11:00Z,4393.39990234375,4396.2998046875,4390.7998046875,4395.7998046875,76.0,yahoo,GC=F
2026-09-09T00:12:00Z,4395.60009765625,4396.10009765625,4393.7001953125,4395.39990234375,44.0,yahoo,GC=F
2026-09-09T00:13:00Z,4395.60009765625,4396.2001953125,4395.2001953125,4395.5,50.0,yahoo,GC=F
2026-09-09T00:14:00Z,4394.89990234375,4395.7998046875,4393.5,4393.5,62.0,yahoo,GC=F
2026-09-09T00:15:00Z,4393.60009765625,4393.7998046875,4393.0,4393.10009765625,25.0,yahoo,GC=F
2026-09-09T00:16:00Z,4393.7998046875,4393.7998046875,4390.7998046875,4390.7998046875,65.0,yahoo,GC=F
2026-09-09T00:17:00Z,4390.2998046875,4390.39990234375,4388.10009765625,4389.2001953125,69.0,yahoo,GC=F
2026-09-09T00:18:00Z,4389.7998046875,4391.5,4389.5,4390.89990234375,64.0,yahoo,GC=F
2026-09-09T00:19:00Z,4391.2001953125,4392.60009765625,4390.2998046875,4391.60009765625,61.0,yahoo,GC=F
2026-09-09T00:20:00Z,4391.39990234375,4392.2001953125,4390.2998046875,4390.2998046875,27.0,yahoo,GC=F
2026-09-09T00:21:00Z,4390.39990234375,4390.7998046875,4389.2001953125,4389.5,26.0,yahoo,GC=F
2026-09-09T00:22:00Z,4388.60009765625,4388.60009765625,4386.2998046875,4387.10009765625,81.0,yahoo,GC=F
2026-09-09T00:23:00Z,4387.5,4388.39990234375,4386.89990234375,4387.39990234375,53.0,yahoo,GC=F
2026-09-09T00:24:00Z,4386.89990234375,4388.2998046875,4386.5,4386.7998046875,52.0,yahoo,GC=F
2026-09-09T00:25:00Z,4386.5,4388.2001953125,4384.10009765625,4387.39990234375,220.0,yahoo,GC=F
2026-09-09T00:26:00Z,4387.60009765625,4388.39990234375,4386.5,4386.60009765625,54.0,yahoo,GC=F
2026-09-09T00:27:00Z,4386.5,4386.60009765625,4385.7998046875,4386.39990234375,33.0,yahoo,GC=F
2026-09-09T00:28:00Z,4386.7001953125,4390.5,4386.60009765625,4390.2998046875,98.0,yahoo,GC=F
2026-09-09T00:29:00Z,4390.5,4391.39990234375,4390.10009765625,4390.60009765625,81.0,yahoo,GC=F
2026-09-09T00:30:00Z,4390.2998046875,4391.2001953125,4389.60009765625,4389.60009765625,45.0,yahoo,GC=F
2026-09-09T00:31:00Z,4389.7998046875,4391.2998046875,4389.7998046875,4390.2998046875,124.0,yahoo,GC=F
2026-09-09T00:32:00Z,4390.2998046875,4391.39990234375,4390.10009765625,4390.10009765625,29.0,yahoo,GC=F
2026-09-09T00:33:00Z,4389.89990234375,4391.39990234375,4389.5,4389.60009765625,21.0,yahoo,GC=F
2026-09-09T00:34:00Z,4389.89990234375,4390.5,4389.39990234375,4390.5,11.0,yahoo,GC=F
2026-09-09T00:35:00Z,4390.39990234375,4391.60009765625,4389.10009765625,4389.2998046875,92.0,yahoo,GC=F
2026-09-09T00:36:00Z,4389.2998046875,4389.2998046875,4388.39990234375,4388.7001953125,12.0,yahoo,GC=F
2026-09-09T00:37:00Z,4388.39990234375,4390.89990234375,4387.89990234375,4387.89990234375,45.0,yahoo,GC=F
2026-09-09T00:38:00Z,4387.5,4390.2001953125,4387.5,4390.2001953125,24.0,yahoo,GC=F
2026-09-09T00:39:00Z,4390.2998046875,4393.10009765625,4390.2998046875,4393.0,37.0,yahoo,GC=F
2026-09-09T00:40:00Z,4393.0,4394.10009765625,4391.2001953125,4391.60009765625,51.0,yahoo,GC=F
2026-09-09T00:41:00Z,4391.7001953125,4392.7998046875,4391.5,4392.2998046875,22.0,yahoo,GC=F
2026-09-09T00:42:00Z,4392.39990234375,4393.0,4391.89990234375,4392.5,17.0,yahoo,GC=F
2026-09-09T00:43:00Z,4392.89990234375,4395.5,4392.89990234375,4395.0,148.0,yahoo,GC=F
2026-09-09T00:44:00Z,4395.39990234375,4398.5,4395.39990234375,4398.5,171.0,yahoo,GC=F
2026-09-09T00:45:00Z,4398.2998046875,4399.5,4398.10009765625,4399.2001953125,144.0,yahoo,GC=F
2026-09-09T00:46:00Z,4399.10009765625,4399.5,4396.60009765625,4396.7998046875,175.0,yahoo,GC=F
2026-09-09T00:47:00Z,4397.7001953125,4400.5,4397.7001953125,4399.2001953125,90.0,yahoo,GC=F
2026-09-09T00:48:00Z,4399.2001953125,4399.7001953125,4397.7998046875,4398.60009765625,92.0,yahoo,GC=F
2026-09-09T00:49:00Z,4398.89990234375,4399.5,4398.60009765625,4399.5,19.0,yahoo,GC=F
2026-09-09T00:50:00Z,4399.7998046875,4401.5,4399.39990234375,4399.39990234375,96.0,yahoo,GC=F
2026-09-09T00:51:00Z,4399.2001953125,4401.2001953125,4398.7001953125,4401.0,60.0,yahoo,GC=F
2026-09-09T00:52:00Z,4400.89990234375,4402.60009765625,4400.60009765625,4402.2998046875,116.0,yahoo,GC=F
2026-09-09T00:53:00Z,4402.60009765625,4404.89990234375,4402.60009765625,4404.60009765625,164.0,yahoo,GC=F
2026-09-09T00:54:00Z,4404.5,4404.89990234375,4402.60009765625,4403.7001953125,76.0,yahoo,GC=F
2026-09-09T00:55:00Z,4403.39990234375,4403.89990234375,4402.7998046875,4403.2001953125,36.0,yahoo,GC=F
2026-09-09T00:56:00Z,4403.5,4403.89990234375,4402.7998046875,4403.5,43.0,yahoo,GC=F
2026-09-09T00:57:00Z,4403.2001953125,4405.10009765625,4402.89990234375,4404.89990234375,65.0,yahoo,GC=F
2026-09-09T00:58:00Z,4405.10009765625,4406.0,4404.7001953125,4406.0,90.0,yahoo,GC=F
2026-09-09T00:59:00Z,4406.0,4409.5,4406.0,4408.7998046875,332.0,yahoo,GC=F
2026-09-09T01:00:00Z,4408.60009765625,4408.7998046875,4403.0,4403.5,395.0,yahoo,GC=F
2026-09-09T01:01:00Z,4403.89990234375,4403.89990234375,4397.7998046875,4400.10009765625,266.0,yahoo,GC=F
2026-09-09T01:02:00Z,4399.7998046875,4402.0,4399.7001953125,4400.7998046875,155.0,yahoo,GC=F
2026-09-09T01:03:00Z,4400.5,4402.5,4398.10009765625,4399.0,86.0,yahoo,GC=F
2026-09-09T01:04:00Z,4399.2998046875,4401.39990234375,4397.89990234375,4401.39990234375,81.0,yahoo,GC=F
2026-09-09T01:05:00Z,4401.39990234375,4403.0,4401.39990234375,4401.89990234375,84.0,yahoo,GC=F
2026-09-09T01:06:00Z,4401.89990234375,4407.89990234375,4401.89990234375,4406.89990234375,150.0,yahoo,GC=F
2026-09-09T01:07:00Z,4406.2998046875,4409.7998046875,4404.89990234375,4409.2998046875,123.0,yahoo,GC=F
2026-09-09T01:08:00Z,4409.2001953125,4411.0,4408.10009765625,4408.10009765625,157.0,yahoo,GC=F
2026-09-09T01:09:00Z,4408.60009765625,4411.2001953125,4407.60009765625,4411.2001953125,162.0,yahoo,GC=F
2026-09-09T01:10:00Z,4411.0,4411.60009765625,4410.39990234375,4410.60009765625,88.0,yahoo,GC=F
2026-09-09T01:11:00Z,4410.60009765625,4410.7001953125,4409.2001953125,4409.89990234375,120.0,yahoo,GC=F
2026-09-09T01:12:00Z,4409.89990234375,4412.10009765625,4409.89990234375,4411.10009765625,117.0,yahoo,GC=F
2026-09-09T01:13:00Z,4411.0,4411.10009765625,4410.2001953125,4410.89990234375,50.0,yahoo,GC=F
2026-09-09T01:14:00Z,4410.89990234375,4412.7001953125,4410.89990234375,4412.2998046875,70.0,yahoo,GC=F
2026-09-09T01:15:00Z,4411.7001953125,4413.10009765625,4410.10009765625,4410.39990234375,311.0,yahoo,GC=F
2026-09-09T01:16:00Z,4410.0,4412.0,4409.0,4409.2001953125,174.0,yahoo,GC=F
2026-09-09T01:17:00Z,4409.0,4409.60009765625,4406.60009765625,4408.2998046875,134.0,yahoo,GC=F
2026-09-09T01:18:00Z,4408.0,4410.5,4407.7001953125,4410.5,178.0,yahoo,GC=F
2026-09-09T01:19:00Z,4410.2001953125,4410.7001953125,4409.0,4410.2001953125,35.0,yahoo,GC=F
2026-09-09T01:20:00Z,4410.10009765625,4410.7001953125,4408.89990234375,4409.7001953125,68.0,yahoo,GC=F
2026-09-09T01:21:00Z,4409.60009765625,4410.60009765625,4409.2998046875,4410.2001953125,33.0,yahoo,GC=F
2026-09-09T01:22:00Z,4410.10009765625,4411.5,4409.0,4410.0,121.0,yahoo,GC=F
2026-09-09T01:23:00Z,4410.0,4411.7001953125,4410.0,4411.2998046875,79.0,yahoo,GC=F
2026-09-09T01:24:00Z,4410.7998046875,4413.60009765625,4410.7998046875,4413.39990234375,88.0,yahoo,GC=F
2026-09-09T01:25:00Z,4413.7001953125,4414.2001953125,4412.2998046875,4412.89990234375,227.0,yahoo,GC=F
2026-09-09T01:26:00Z,4412.7998046875,4413.39990234375,4412.2001953125,4412.60009765625,98.0,yahoo,GC=F
2026-09-09T01:27:00Z,4412.60009765625,4415.5,4412.10009765625,4415.2001953125,102.0,yahoo,GC=F
2026-09-09T01:28:00Z,4415.2001953125,4416.0,4414.7001953125,4414.7998046875,123.0,yahoo,GC=F
2026-09-09T01:29:00Z,4415.0,4417.0,4414.7001953125,4415.7998046875,145.0,yahoo,GC=F
2026-09-09T01:30:00Z,4415.7998046875,4417.2998046875,4414.60009765625,4416.7998046875,226.0,yahoo,GC=F
2026-09-09T01:31:00Z,4417.10009765625,4417.7998046875,4416.10009765625,4416.39990234375,105.0,yahoo,GC=F
2026-09-09T01:32:00Z,4416.10009765625,4417.5,4415.5,4417.5,160.0,yahoo,GC=F
2026-09-09T01:33:00Z,4417.7998046875,4419.60009765625,4417.5,4419.39990234375,129.0,yahoo,GC=F
2026-09-09T01:34:00Z,4419.2998046875,4420.7998046875,4419.0,4420.7998046875,142.0,yahoo,GC=F
2026-09-09T01:35:00Z,4420.7998046875,4421.10009765625,4419.89990234375,4420.5,87.0,yahoo,GC=F
2026-09-09T01:36:00Z,4420.5,4421.7998046875,4420.10009765625,4420.5,129.0,yahoo,GC=F
2026-09-09T01:37:00Z,4420.39990234375,4421.7998046875,4420.0,4421.5,131.0,yahoo,GC=F
2026-09-09T01:38:00Z,4420.7001953125,4421.2001953125,4417.89990234375,4418.5,148.0,yahoo,GC=F
2026-09-09T01:39:00Z,4418.89990234375,4419.7001953125,4418.39990234375,4418.7998046875,65.0,yahoo,GC=F
2026-09-09T01:40:00Z,4418.89990234375,4420.2001953125,4418.7001953125,4420.0,86.0,yahoo,GC=F
2026-09-09T01:41:00Z,4420.2001953125,4420.2998046875,4419.60009765625,4420.0,45.0,yahoo,GC=F
2026-09-09T01:42:00Z,4420.0,4420.5,4418.39990234375,4420.39990234375,129.0,yahoo,GC=F
2026-09-09T01:43:00Z,4420.7998046875,4421.2998046875,4419.7001953125,4421.0,50.0,yahoo,GC=F
2026-09-09T01:44:00Z,4421.2998046875,4422.0,4419.89990234375,4420.2001953125,64.0,yahoo,GC=F
2026-09-09T01:45:00Z,4420.2998046875,4421.7001953125,4420.2001953125,4421.60009765625,12.0,yahoo,GC=F
2026-09-09T01:46:00Z,4422.0,4422.0,4419.7998046875,4420.60009765625,107.0,yahoo,GC=F
2026-09-09T01:47:00Z,4420.2001953125,4420.39990234375,4418.60009765625,4419.7998046875,143.0,yahoo,GC=F
2026-09-09T01:48:00Z,4419.2001953125,4419.2001953125,4417.10009765625,4418.0,67.0,yahoo,GC=F
2026-09-09T01:49:00Z,4418.10009765625,4419.10009765625,4417.39990234375,4418.89990234375,32.0,yahoo,GC=F
2026-09-09T01:50:00Z,4419.2001953125,4419.89990234375,4418.2998046875,4418.7001953125,52.0,yahoo,GC=F
2026-09-09T01:51:00Z,4418.5,4418.7998046875,4416.5,4416.5,95.0,yahoo,GC=F
2026-09-09T01:52:00Z,4416.5,4416.89990234375,4415.89990234375,4416.0,95.0,yahoo,GC=F
2026-09-09T01:53:00Z,4415.7001953125,4417.7998046875,4415.7001953125,4417.5,23.0,yahoo,GC=F
2026-09-09T01:54:00Z,4417.2998046875,4418.0,4416.39990234375,4417.60009765625,55.0,yahoo,GC=F
2026-09-09T01:55:00Z,4417.89990234375,4418.10009765625,4417.0,4417.60009765625,43.0,yahoo,GC=F
2026-09-09T01:56:00Z,4417.2998046875,4419.89990234375,4417.2001953125,4419.89990234375,75.0,yahoo,GC=F
2026-09-09T01:57:00Z,4419.89990234375,4419.89990234375,4416.5,4416.7001953125,28.0,yahoo,GC=F
2026-09-09T01:58:00Z,4416.5,4417.10009765625,4414.7001953125,4414.7998046875,89.0,yahoo,GC=F
2026-09-09T01:59:00Z,4414.60009765625,4417.7001953125,4414.60009765625,4417.7001953125,48.0,yahoo,GC=F
2026-09-09T02:00:00Z,4417.2998046875,4417.60009765625,4415.89990234375,4416.5,32.0,yahoo,GC=F
2026-09-09T02:01:00Z,4415.89990234375,4416.2001953125,4415.5,4416.2001953125,14.0,yahoo,GC=F
2026-09-09T02:02:00Z,4415.7998046875,4416.2001953125,4414.89990234375,4415.10009765625,46.0,yahoo,GC=F
2026-09-09T02:03:00Z,4415.39990234375,4417.7001953125,4415.39990234375,4416.7001953125,39.0,yahoo,GC=F
2026-09-09T02:04:00Z,4416.39990234375,4417.2001953125,4416.10009765625,4417.2001953125,14.0,yahoo,GC=F
2026-09-09T02:05:00Z,4416.7998046875,4416.89990234375,4414.89990234375,4414.89990234375,30.0,yahoo,GC=F
2026-09-09T02:06:00Z,4414.89990234375,4417.2998046875,4414.39990234375,4417.0,92.0,yahoo,GC=F
2026-09-09T02:07:00Z,4416.7998046875,4417.89990234375,4416.60009765625,4416.7998046875,33.0,yahoo,GC=F
2026-09-09T02:08:00Z,4416.5,4416.60009765625,4416.10009765625,4416.10009765625,6.0,yahoo,GC=F
2026-09-09T02:09:00Z,4417.10009765625,4419.89990234375,4417.10009765625,4418.7001953125,66.0,yahoo,GC=F
2026-09-09T02:10:00Z,4418.7998046875,4419.39990234375,4418.7001953125,4418.7998046875,31.0,yahoo,GC=F
2026-09-09T02:11:00Z,4418.60009765625,4418.60009765625,4417.7001953125,4418.2001953125,21.0,yahoo,GC=F
2026-09-09T02:12:00Z,4418.7001953125,4418.89990234375,4417.89990234375,4418.5,17.0,yahoo,GC=F
2026-09-09T02:13:00Z,4418.7001953125,4418.7001953125,4416.2001953125,4416.5,25.0,yahoo,GC=F
2026-09-09T02:14:00Z,4416.5,4417.39990234375,4416.5,4417.39990234375,7.0,yahoo,GC=F
2026-09-09T02:15:00Z,4417.60009765625,4418.2001953125,4417.60009765625,4417.7998046875,14.0,yahoo,GC=F
2026-09-09T02:16:00Z,4417.5,4418.10009765625,4417.10009765625,4418.0,23.0,yahoo,GC=F
2026-09-09T02:17:00Z,4417.89990234375,4418.39990234375,4417.7001953125,4418.2998046875,38.0,yahoo,GC=F
2026-09-09T02:18:00Z,4418.2998046875,4420.89990234375,4418.2998046875,4419.39990234375,50.0,yahoo,GC=F
2026-09-09T02:19:00Z,4419.10009765625,4419.2001953125,4417.89990234375,4418.39990234375,41.0,yahoo,GC=F
2026-09-09T02:20:00Z,4418.7001953125,4418.7998046875,4417.7001953125,4417.89990234375,24.0,yahoo,GC=F
2026-09-09T02:21:00Z,4418.10009765625,4418.10009765625,4417.89990234375,4418.0,5.0,yahoo,GC=F
2026-09-09T02:22:00Z,4417.7001953125,4418.0,4416.7998046875,4416.7998046875,43.0,yahoo,GC=F
2026-09-09T02:23:00Z,4416.7998046875,4416.7998046875,4416.0,4416.0,23.0,yahoo,GC=F
2026-09-09T02:24:00Z,4416.2998046875,4416.60009765625,4415.60009765625,4415.60009765625,21.0,yahoo,GC=F
2026-09-09T02:25:00Z,4415.2998046875,4416.10009765625,4415.2998046875,4415.7001953125,19.0,yahoo,GC=F
2026-09-09T02:26:00Z,4415.89990234375,4416.60009765625,4415.89990234375,4416.60009765625,9.0,yahoo,GC=F
2026-09-09T02:27:00Z,4416.2001953125,4416.5,4415.60009765625,4416.10009765625,20.0,yahoo,GC=F
2026-09-09T02:28:00Z,4415.7998046875,4416.60009765625,4415.60009765625,4416.60009765625,13.0,yahoo,GC=F
2026-09-09T02:29:00Z,4416.2998046875,4417.0,4416.2998046875,4416.60009765625,7.0,yahoo,GC=F
2026-09-09T02:30:00Z,4416.60009765625,4417.60009765625,4415.7001953125,4417.2998046875,62.0,yahoo,GC=F
2026-09-09T02:31:00Z,4417.5,4417.60009765625,4415.39990234375,4415.39990234375,27.0,yahoo,GC=F
2026-09-09T02:32:00Z,4415.2998046875,4415.89990234375,4414.2998046875,4414.7001953125,76.0,yahoo,GC=F
2026-09-09T02:33:00Z,4414.2998046875,4414.60009765625,4413.10009765625,4413.5,67.0,yahoo,GC=F
2026-09-09T02:34:00Z,4413.5,4413.7001953125,4413.0,4413.10009765625,37.0,yahoo,GC=F
2026-09-09T02:35:00Z,4413.0,4413.2001953125,4411.2001953125,4411.5,122.0,yahoo,GC=F
2026-09-09T02:36:00Z,4411.5,4412.2998046875,4411.0,4412.10009765625,79.0,yahoo,GC=F
2026-09-09T02:37:00Z,4411.89990234375,4413.10009765625,4411.5,4412.5,38.0,yahoo,GC=F
2026-09-09T02:38:00Z,4412.7998046875,4414.7001953125,4412.7001953125,4414.39990234375,32.0,yahoo,GC=F
2026-09-09T02:39:00Z,4414.7001953125,4414.7001953125,4411.7001953125,4411.7001953125,61.0,yahoo,GC=F
2026-09-09T02:40:00Z,4412.2001953125,4413.0,4412.2001953125,4412.7998046875,8.0,yahoo,GC=F
2026-09-09T02:41:00Z,4412.60009765625,4414.2998046875,4412.60009765625,4414.2998046875,42.0,yahoo,GC=F
2026-09-09T02:42:00Z,4414.2998046875,4414.60009765625,4413.39990234375,4413.7998046875,30.0,yahoo,GC=F
2026-09-09T02:43:00Z,4413.39990234375,4415.0,4413.39990234375,4414.7001953125,46.0,yahoo,GC=F
2026-09-09T02:44:00Z,4414.7001953125,4418.2998046875,4414.5,4418.10009765625,53.0,yahoo,GC=F
2026-09-09T02:45:00Z,4417.7001953125,4419.39990234375,4416.7998046875,4417.39990234375,92.0,yahoo,GC=F
2026-09-09T02:46:00Z,4417.60009765625,4421.39990234375,4417.60009765625,4421.2998046875,87.0,yahoo,GC=F
2026-09-09T02:47:00Z,4421.2998046875,4421.7998046875,4420.10009765625,4420.7001953125,163.0,yahoo,GC=F
2026-09-09T02:48:00Z,4420.7001953125,4421.60009765625,4419.2001953125,4421.5,82.0,yahoo,GC=F
2026-09-09T02:49:00Z,4421.7998046875,4422.39990234375,4420.7001953125,4420.7001953125,45.0,yahoo,GC=F
2026-09-09T02:50:00Z,4421.0,4421.89990234375,4420.5,4420.7001953125,17.0,yahoo,GC=F
2026-09-09T02:51:00Z,4420.7001953125,4421.39990234375,4420.10009765625,4421.39990234375,32.0,yahoo,GC=F
2026-09-09T02:52:00Z,4421.5,4427.0,4421.5,4426.2998046875,257.0,yahoo,GC=F
2026-09-09T02:53:00Z,4426.60009765625,4428.39990234375,4425.2998046875,4425.5,172.0,yahoo,GC=F
2026-09-09T02:54:00Z,4425.7998046875,4425.89990234375,4424.2001953125,4424.2001953125,79.0,yahoo,GC=F
2026-09-09T02:55:00Z,4424.2998046875,4425.89990234375,4423.60009765625,4425.7001953125,66.0,yahoo,GC=F
2026-09-09T02:56:00Z,4425.60009765625,4426.5,4425.2001953125,4426.2998046875,75.0,yahoo,GC=F
2026-09-09T02:57:00Z,4426.39990234375,4426.60009765625,4424.2998046875,4424.60009765625,41.0,yahoo,GC=F
2026-09-09T02:58:00Z,4424.39990234375,4426.10009765625,4424.0,4425.89990234375,29.0,yahoo,GC=F
2026-09-09T02:59:00Z,4426.2998046875,4426.2998046875,4425.5,4426.0,22.0,yahoo,GC=F
2026-09-09T03:00:00Z,4426.2001953125,4426.60009765625,4425.0,4425.60009765625,50.0,yahoo,GC=F
2026-09-09T03:01:00Z,4425.2998046875,4425.39990234375,4423.89990234375,4423.89990234375,48.0,yahoo,GC=F
2026-09-09T03:02:00Z,4423.89990234375,4423.89990234375,4422.5,4423.7998046875,42.0,yahoo,GC=F
2026-09-09T03:03:00Z,4423.2001953125,4424.0,4422.89990234375,4423.7001953125,23.0,yahoo,GC=F
2026-09-09T03:04:00Z,4423.5,4424.2001953125,4423.10009765625,4423.2001953125,38.0,yahoo,GC=F
2026-09-09T03:05:00Z,4423.2998046875,4424.0,4423.2998046875,4423.5,38.0,yahoo,GC=F
2026-09-09T03:06:00Z,4424.10009765625,4426.0,4424.10009765625,4425.39990234375,42.0,yahoo,GC=F
2026-09-09T03:07:00Z,4425.2001953125,4425.5,4423.39990234375,4423.39990234375,27.0,yahoo,GC=F
2026-09-09T03:08:00Z,4423.2998046875,4423.5,4423.0,4423.0,22.0,yahoo,GC=F
2026-09-09T03:09:00Z,4423.0,4423.2001953125,4421.7998046875,4422.39990234375,31.0,yahoo,GC=F
2026-09-09T03:10:00Z,4422.5,4423.60009765625,4422.2998046875,4422.7998046875,34.0,yahoo,GC=F
2026-09-09T03:11:00Z,4423.2998046875,4424.2001953125,4423.2998046875,4423.7998046875,16.0,yahoo,GC=F
2026-09-09T03:12:00Z,4424.2998046875,4424.2998046875,4423.0,4423.10009765625,83.0,yahoo,GC=F
2026-09-09T03:13:00Z,4422.7998046875,4423.0,4422.2998046875,4422.2998046875,19.0,yahoo,GC=F
2026-09-09T03:14:00Z,4423.0,4423.2001953125,4423.0,4423.0,4.0,yahoo,GC=F
2026-09-09T03:15:00Z,4422.5,4422.5,4421.5,4421.5,35.0,yahoo,GC=F
2026-09-09T03:16:00Z,4421.5,4421.89990234375,4421.2998046875,4421.7001953125,47.0,yahoo,GC=F
2026-09-09T03:17:00Z,4421.5,4421.5,4419.2001953125,4420.60009765625,118.0,yahoo,GC=F
2026-09-09T03:18:00Z,4420.89990234375,4421.2001953125,4420.10009765625,4420.10009765625,12.0,yahoo,GC=F
2026-09-09T03:19:00Z,4420.2001953125,4420.89990234375,4420.2001953125,4420.89990234375,9.0,yahoo,GC=F
2026-09-09T03:20:00Z,4421.2998046875,4422.2998046875,4421.2998046875,4422.10009765625,28.0,yahoo,GC=F
2026-09-09T03:21:00Z,4422.10009765625,4422.2001953125,4421.10009765625,4422.2001953125,31.0,yahoo,GC=F
2026-09-09T03:22:00Z,4422.0,4422.5,4422.0,4422.10009765625,16.0,yahoo,GC=F
2026-09-09T03:23:00Z,4421.7001953125,4422.39990234375,4421.7001953125,4422.0,16.0,yahoo,GC=F
2026-09-09T03:24:00Z,4422.10009765625,4422.89990234375,4422.10009765625,4422.7998046875,8.0,yahoo,GC=F
2026-09-09T03:25:00Z,4422.60009765625,4423.0,4422.0,4422.0,25.0,yahoo,GC=F
2026-09-09T03:26:00Z,4420.60009765625,4421.10009765625,4419.2998046875,4420.39990234375,68.0,yahoo,GC=F
2026-09-09T03:27:00Z,4420.2001953125,4420.2001953125,4419.7001953125,4419.7001953125,22.0,yahoo,GC=F
2026-09-09T03:28:00Z,4420.2001953125,4420.60009765625,4420.2001953125,4420.60009765625,13.0,yahoo,GC=F
2026-09-09T03:29:00Z,4420.2001953125,4422.2998046875,4420.2001953125,4422.10009765625,27.0,yahoo,GC=F
2026-09-09T03:30:00Z,4421.89990234375,4422.2001953125,4420.7998046875,4421.10009765625,35.0,yahoo,GC=F
2026-09-09T03:31:00Z,4420.7998046875,4420.7998046875,4419.39990234375,4420.0,19.0,yahoo,GC=F
2026-09-09T03:32:00Z,4420.0,4420.2998046875,4420.0,4420.2001953125,5.0,yahoo,GC=F
2026-09-09T03:33:00Z,4420.7998046875,4420.7998046875,4419.5,4419.5,16.0,yahoo,GC=F
2026-09-09T03:34:00Z,4419.2001953125,4420.5,4419.2001953125,4420.5,16.0,yahoo,GC=F
2026-09-09T03:35:00Z,4420.2001953125,4420.5,4420.0,4420.2001953125,16.0,yahoo,GC=F
2026-09-09T03:36:00Z,4420.7998046875,4421.0,4420.5,4421.0,13.0,yahoo,GC=F
2026-09-09T03:37:00Z,4420.89990234375,4421.2998046875,4420.89990234375,4421.2998046875,2.0,yahoo,GC=F
2026-09-09T03:38:00Z,4421.5,4421.5,4420.7001953125,4420.7001953125,13.0,yahoo,GC=F
2026-09-09T03:39:00Z,4421.2001953125,4421.89990234375,4421.2001953125,4421.7998046875,6.0,yahoo,GC=F
2026-09-09T03:40:00Z,4422.0,4422.39990234375,4422.0,4422.2998046875,18.0,yahoo,GC=F
2026-09-09T03:41:00Z,4422.60009765625,4423.7998046875,4422.60009765625,4423.7998046875,29.0,yahoo,GC=F
2026-09-09T03:42:00Z,4423.7998046875,4423.89990234375,4421.2998046875,4422.7001953125,38.0,yahoo,GC=F
2026-09-09T03:43:00Z,4422.10009765625,4422.10009765625,4422.10009765625,4422.10009765625,1.0,yahoo,GC=F
2026-09-09T03:44:00Z,4422.2998046875,4422.89990234375,4422.2998046875,4422.7998046875,7.0,yahoo,GC=F
2026-09-09T03:45:00Z,4422.2998046875,4422.7001953125,4421.7998046875,4422.0,11.0,yahoo,GC=F
2026-09-09T03:46:00Z,4421.5,4422.10009765625,4421.2998046875,4421.89990234375,15.0,yahoo,GC=F
2026-09-09T03:47:00Z,4421.7001953125,4421.7998046875,4421.60009765625,4421.60009765625,11.0,yahoo,GC=F
2026-09-09T03:48:00Z,4421.39990234375,4421.7001953125,4420.89990234375,4421.7001953125,11.0,yahoo,GC=F
2026-09-09T03:49:00Z,4421.5,4422.0,4421.5,4421.7001953125,6.0,yahoo,GC=F
2026-09-09T03:50:00Z,4421.89990234375,4422.7998046875,4421.89990234375,4421.89990234375,21.0,yahoo,GC=F
2026-09-09T03:51:00Z,4421.39990234375,4421.39990234375,4420.60009765625,4421.2001953125,17.0,yahoo,GC=F
2026-09-09T03:52:00Z,4420.60009765625,4420.7001953125,4419.7998046875,4420.39990234375,80.0,yahoo,GC=F
2026-09-09T03:53:00Z,4420.7001953125,4421.39990234375,4420.10009765625,4421.2001953125,67.0,yahoo,GC=F
2026-09-09T03:54:00Z,4421.0,4422.2001953125,4420.39990234375,4421.10009765625,34.0,yahoo,GC=F
2026-09-09T03:55:00Z,4420.7001953125,4420.7001953125,4420.7001953125,4420.7001953125,1.0,yahoo,GC=F
2026-09-09T03:56:00Z,4420.5,4420.60009765625,4420.5,4420.60009765625,2.0,yahoo,GC=F
2026-09-09T03:57:00Z,4420.7998046875,4421.2001953125,4420.2001953125,4421.2001953125,17.0,yahoo,GC=F
2026-09-09T03:58:00Z,4420.7001953125,4420.89990234375,4420.2998046875,4420.39990234375,27.0,yahoo,GC=F
2026-09-09T04:00:00Z,4418.7001953125,4418.7001953125,4418.39990234375,4418.39990234375,19.0,yahoo,GC=F
2026-09-09T04:01:00Z,4418.7998046875,4418.89990234375,4418.2001953125,4418.5,27.0,yahoo,GC=F
2026-09-09T04:02:00Z,4418.89990234375,4419.7001953125,4418.89990234375,4419.0,15.0,yahoo,GC=F
2026-09-09T04:03:00Z,4418.89990234375,4418.89990234375,4418.2998046875,4418.2998046875,12.0,yahoo,GC=F
2026-09-09T04:04:00Z,4418.7001953125,4418.7001953125,4418.2001953125,4418.2998046875,11.0,yahoo,GC=F
2026-09-09T04:05:00Z,4418.2998046875,4418.2998046875,4417.2001953125,4417.60009765625,73.0,yahoo,GC=F
2026-09-09T04:06:00Z,4417.60009765625,4417.60009765625,4415.7001953125,4415.7001953125,84.0,yahoo,GC=F
2026-09-09T04:07:00Z,4415.7998046875,4416.2998046875,4415.39990234375,4416.2001953125,39.0,yahoo,GC=F
2026-09-09T04:08:00Z,4416.2998046875,4416.2998046875,4415.7001953125,4416.2001953125,8.0,yahoo,GC=F
2026-09-09T04:09:00Z,4416.2998046875,4416.7001953125,4415.60009765625,4416.10009765625,46.0,yahoo,GC=F
2026-09-09T04:10:00Z,4415.7001953125,4415.7001953125,4414.2998046875,4414.39990234375,40.0,yahoo,GC=F
2026-09-09T04:11:00Z,4414.5,4416.39990234375,4414.2001953125,4416.10009765625,42.0,yahoo,GC=F
2026-09-09T04:12:00Z,4416.39990234375,4416.7998046875,4415.89990234375,4416.7998046875,27.0,yahoo,GC=F
2026-09-09T04:13:00Z,4416.7001953125,4417.0,4416.5,4417.0,11.0,yahoo,GC=F
2026-09-09T04:14:00Z,4417.2001953125,4417.2001953125,4416.89990234375,4417.0,12.0,yahoo,GC=F
2026-09-09T04:15:00Z,4416.89990234375,4417.39990234375,4416.39990234375,4416.7998046875,26.0,yahoo,GC=F
2026-09-09T04:16:00Z,4417.10009765625,4418.0,4416.2998046875,4416.2998046875,38.0,yahoo,GC=F
2026-09-09T04:17:00Z,4416.0,4416.89990234375,4416.0,4416.89990234375,4.0,yahoo,GC=F
2026-09-09T04:18:00Z,4416.7001953125,4416.7001953125,4416.10009765625,4416.10009765625,26.0,yahoo,GC=F
2026-09-09T04:19:00Z,4416.2001953125,4417.2998046875,4416.2001953125,4417.2998046875,20.0,yahoo,GC=F
2026-09-09T04:20:00Z,4417.2998046875,4417.7998046875,4417.0,4417.0,24.0,yahoo,GC=F
2026-09-09T04:21:00Z,4416.7001953125,4418.2998046875,4416.39990234375,4418.0,38.0,yahoo,GC=F
2026-09-09T04:22:00Z,4417.5,4418.7998046875,4417.5,4418.39990234375,40.0,yahoo,GC=F
2026-09-09T04:23:00Z,4418.5,4419.2998046875,4418.5,4419.2998046875,16.0,yahoo,GC=F
2026-09-09T04:24:00Z,4419.89990234375,4421.0,4419.60009765625,4420.7998046875,68.0,yahoo,GC=F
2026-09-09T04:25:00Z,4420.7998046875,4421.7001953125,4420.5,4421.60009765625,91.0,yahoo,GC=F
2026-09-09T04:26:00Z,4421.2998046875,4421.2998046875,4420.7001953125,4421.2001953125,29.0,yahoo,GC=F
2026-09-09T04:27:00Z,4421.2001953125,4423.2001953125,4421.2001953125,4423.0,18.0,yahoo,GC=F
2026-09-09T04:28:00Z,4423.39990234375,4424.2001953125,4423.2998046875,4423.60009765625,130.0,yahoo,GC=F
2026-09-09T04:29:00Z,4423.39990234375,4424.2998046875,4423.10009765625,4423.7001953125,85.0,yahoo,GC=F
2026-09-09T04:30:00Z,4423.5,4423.5,4421.7001953125,4422.2001953125,131.0,yahoo,GC=F
2026-09-09T04:31:00Z,4422.10009765625,4423.10009765625,4422.10009765625,4422.89990234375,20.0,yahoo,GC=F
2026-09-09T04:32:00Z,4423.0,4423.60009765625,4423.0,4423.60009765625,26.0,yahoo,GC=F
2026-09-09T04:33:00Z,4423.60009765625,4423.7001953125,4423.0,4423.0,20.0,yahoo,GC=F
2026-09-09T04:34:00Z,4423.0,4423.0,4421.7001953125,4422.5,74.0,yahoo,GC=F
2026-09-09T04:35:00Z,4422.2998046875,4422.39990234375,4422.2998046875,4422.39990234375,3.0,yahoo,GC=F
2026-09-09T04:36:00Z,4422.7001953125,4423.2998046875,4422.60009765625,4423.2998046875,21.0,yahoo,GC=F
2026-09-09T04:37:00Z,4423.2001953125,4423.7001953125,4423.2001953125,4423.5,12.0,yahoo,GC=F
2026-09-09T04:38:00Z,4423.2998046875,4423.2998046875,4422.2998046875,4422.2998046875,62.0,yahoo,GC=F
2026-09-09T04:39:00Z,4422.60009765625,4422.89990234375,4421.60009765625,4422.10009765625,40.0,yahoo,GC=F
2026-09-09T04:40:00Z,4421.89990234375,4421.89990234375,4420.60009765625,4420.89990234375,42.0,yahoo,GC=F
2026-09-09T04:41:00Z,4421.0,4421.0,4419.89990234375,4419.89990234375,29.0,yahoo,GC=F
2026-09-09T04:42:00Z,4420.0,4421.39990234375,4420.0,4421.10009765625,14.0,yahoo,GC=F
2026-09-09T04:43:00Z,4421.2001953125,4422.10009765625,4421.2001953125,4422.10009765625,4.0,yahoo,GC=F
2026-09-09T04:44:00Z,4422.2998046875,4422.2998046875,4421.7001953125,4421.7998046875,9.0,yahoo,GC=F
2026-09-09T04:45:00Z,4421.89990234375,4422.39990234375,4421.89990234375,4422.2998046875,37.0,yahoo,GC=F
2026-09-09T04:46:00Z,4422.2998046875,4422.7001953125,4421.89990234375,4422.7001953125,8.0,yahoo,GC=F
2026-09-09T04:47:00Z,4422.7998046875,4423.39990234375,4422.7998046875,4423.10009765625,10.0,yahoo,GC=F
2026-09-09T04:48:00Z,4423.2001953125,4423.7998046875,4423.10009765625,4423.39990234375,27.0,yahoo,GC=F
2026-09-09T04:49:00Z,4423.39990234375,4423.39990234375,4422.2998046875,4422.7001953125,45.0,yahoo,GC=F
2026-09-09T04:50:00Z,4422.7998046875,4423.2998046875,4421.7998046875,4421.7998046875,22.0,yahoo,GC=F
2026-09-09T04:51:00Z,4421.5,4423.0,4421.2998046875,4422.89990234375,33.0,yahoo,GC=F
2026-09-09T04:52:00Z,4422.7001953125,4422.7998046875,4422.39990234375,4422.7998046875,12.0,yahoo,GC=F
2026-09-09T04:53:00Z,4422.89990234375,4424.7998046875,4422.89990234375,4424.7998046875,32.0,yahoo,GC=F
2026-09-09T04:54:00Z,4424.89990234375,4425.2998046875,4424.5,4424.7998046875,22.0,yahoo,GC=F
2026-09-09T04:55:00Z,4424.7998046875,4425.2001953125,4424.2998046875,4424.39990234375,31.0,yahoo,GC=F
2026-09-09T04:56:00Z,4424.60009765625,4425.7998046875,4423.89990234375,4425.7998046875,29.0,yahoo,GC=F
2026-09-09T04:57:00Z,4425.7998046875,4426.10009765625,4424.2001953125,4426.10009765625,89.0,yahoo,GC=F
2026-09-09T04:58:00Z,4425.89990234375,4426.2001953125,4425.5,4426.10009765625,69.0,yahoo,GC=F
2026-09-09T04:59:00Z,4425.89990234375,4425.89990234375,4424.7998046875,4425.2998046875,40.0,yahoo,GC=F
2026-09-09T05:00:00Z,4425.39990234375,4425.7001953125,4424.2998046875,4424.5,31.0,yahoo,GC=F
2026-09-09T05:01:00Z,4425.0,4427.2998046875,4424.89990234375,4427.2998046875,109.0,yahoo,GC=F
2026-09-09T05:02:00Z,4427.10009765625,4427.7998046875,4426.5,4426.5,183.0,yahoo,GC=F
2026-09-09T05:03:00Z,4426.5,4426.60009765625,4425.0,4425.5,126.0,yahoo,GC=F
2026-09-09T05:04:00Z,4426.0,4426.7998046875,4423.89990234375,4425.2001953125,134.0,yahoo,GC=F
2026-09-09T05:05:00Z,4425.39990234375,4426.39990234375,4425.2001953125,4425.5,39.0,yahoo,GC=F
2026-09-09T05:06:00Z,4426.2001953125,4427.7998046875,4425.89990234375,4426.7998046875,123.0,yahoo,GC=F
2026-09-09T05:07:00Z,4427.10009765625,4428.7998046875,4426.60009765625,4427.39990234375,234.0,yahoo,GC=F
2026-09-09T05:08:00Z,4427.10009765625,4428.5,4427.0,4428.2001953125,130.0,yahoo,GC=F
2026-09-09T05:09:00Z,4427.5,4428.39990234375,4427.5,4428.2001953125,88.0,yahoo,GC=F
2026-09-09T05:10:00Z,4428.39990234375,4429.89990234375,4427.89990234375,4429.39990234375,266.0,yahoo,GC=F
2026-09-09T05:11:00Z,4429.2998046875,4429.5,4428.7001953125,4429.39990234375,54.0,yahoo,GC=F
2026-09-09T05:12:00Z,4429.5,4430.60009765625,4428.7001953125,4430.2998046875,141.0,yahoo,GC=F
2026-09-09T05:13:00Z,4430.0,4431.2998046875,4430.0,4431.2998046875,138.0,yahoo,GC=F
2026-09-09T05:14:00Z,4431.2001953125,4431.2001953125,4430.39990234375,4431.10009765625,106.0,yahoo,GC=F
2026-09-09T05:15:00Z,4431.2001953125,4431.7998046875,4430.2998046875,4430.60009765625,115.0,yahoo,GC=F
2026-09-09T05:16:00Z,4430.7998046875,4431.2001953125,4430.39990234375,4431.10009765625,54.0,yahoo,GC=F
2026-09-09T05:17:00Z,4431.0,4431.7001953125,4430.39990234375,4431.10009765625,126.0,yahoo,GC=F
2026-09-09T05:18:00Z,4431.5,4432.2998046875,4431.2998046875,4432.2998046875,82.0,yahoo,GC=F
2026-09-09T05:19:00Z,4432.0,4432.0,4430.89990234375,4431.7998046875,111.0,yahoo,GC=F
2026-09-09T05:20:00Z,4431.5,4431.89990234375,4430.0,4430.39990234375,78.0,yahoo,GC=F
2026-09-09T05:21:00Z,4430.10009765625,4430.2001953125,4427.60009765625,4427.7001953125,237.0,yahoo,GC=F
2026-09-09T05:22:00Z,4427.5,4427.89990234375,4426.7998046875,4427.60009765625,59.0,yahoo,GC=F
2026-09-09T05:23:00Z,4427.5,4427.60009765625,4426.7001953125,4427.5,33.0,yahoo,GC=F
2026-09-09T05:24:00Z,4427.5,4430.10009765625,4427.5,4430.10009765625,65.0,yahoo,GC=F
2026-09-09T05:25:00Z,4430.2001953125,4430.2998046875,4429.7998046875,4430.2998046875,26.0,yahoo,GC=F
2026-09-09T05:26:00Z,4430.39990234375,4431.39990234375,4429.7998046875,4430.89990234375,114.0,yahoo,GC=F
2026-09-09T05:27:00Z,4431.10009765625,4431.89990234375,4430.5,4431.10009765625,117.0,yahoo,GC=F
2026-09-09T05:28:00Z,4431.2998046875,4431.89990234375,4429.89990234375,4430.10009765625,95.0,yahoo,GC=F
2026-09-09T05:29:00Z,4430.0,4430.10009765625,4428.7001953125,4428.7998046875,35.0,yahoo,GC=F
2026-09-09T05:30:00Z,4428.7001953125,4432.7001953125,4428.60009765625,4428.7001953125,287.0,yahoo,GC=F
2026-09-09T05:31:00Z,4428.60009765625,4430.2998046875,4428.10009765625,4429.5,152.0,yahoo,GC=F
2026-09-09T05:32:00Z,4429.7001953125,4431.2998046875,4428.89990234375,4429.89990234375,63.0,yahoo,GC=F
2026-09-09T05:33:00Z,4430.2001953125,4430.2001953125,4428.0,4428.89990234375,26.0,yahoo,GC=F
2026-09-09T05:34:00Z,4428.7001953125,4431.5,4428.60009765625,4431.5,91.0,yahoo,GC=F
2026-09-09T05:35:00Z,4430.7998046875,4432.0,4429.7001953125,4431.7998046875,36.0,yahoo,GC=F
2026-09-09T05:36:00Z,4431.7001953125,4433.7001953125,4431.5,4433.7001953125,59.0,yahoo,GC=F
2026-09-09T05:37:00Z,4433.7998046875,4436.0,4433.5,4434.89990234375,163.0,yahoo,GC=F
2026-09-09T05:38:00Z,4434.7998046875,4435.10009765625,4433.5,4434.89990234375,130.0,yahoo,GC=F
2026-09-09T05:39:00Z,4435.10009765625,4436.2001953125,4435.0,4435.89990234375,107.0,yahoo,GC=F
2026-09-09T05:40:00Z,4435.7001953125,4436.7001953125,4435.39990234375,4436.10009765625,96.0,yahoo,GC=F
2026-09-09T05:41:00Z,4435.89990234375,4437.2001953125,4435.60009765625,4436.7001953125,99.0,yahoo,GC=F
2026-09-09T05:42:00Z,4436.60009765625,4437.2001953125,4435.10009765625,4437.0,159.0,yahoo,GC=F
2026-09-09T05:43:00Z,4437.10009765625,4438.10009765625,4436.89990234375,4437.7001953125,148.0,yahoo,GC=F
2026-09-09T05:44:00Z,4437.7001953125,4439.0,4437.7001953125,4439.0,78.0,yahoo,GC=F
2026-09-09T05:45:00Z,4438.89990234375,4439.2998046875,4438.5,4439.0,86.0,yahoo,GC=F
2026-09-09T05:46:00Z,4438.60009765625,4438.60009765625,4435.7998046875,4436.2998046875,95.0,yahoo,GC=F
2026-09-09T05:47:00Z,4436.5,4439.2001953125,4436.5,4439.2001953125,49.0,yahoo,GC=F
2026-09-09T05:48:00Z,4439.2998046875,4440.7001953125,4439.0,4439.89990234375,145.0,yahoo,GC=F
2026-09-09T05:49:00Z,4439.89990234375,4440.10009765625,4439.2001953125,4439.2001953125,61.0,yahoo,GC=F
2026-09-09T05:50:00Z,4439.2998046875,4441.0,4439.2998046875,4440.89990234375,37.0,yahoo,GC=F
2026-09-09T05:51:00Z,4440.89990234375,4442.5,4440.39990234375,4441.39990234375,231.0,yahoo,GC=F
2026-09-09T05:52:00Z,4441.39990234375,4443.10009765625,4441.0,4442.7998046875,123.0,yahoo,GC=F
2026-09-09T05:53:00Z,4442.89990234375,4444.0,4441.5,4441.89990234375,201.0,yahoo,GC=F
2026-09-09T05:54:00Z,4441.7998046875,4443.7998046875,4441.7998046875,4443.2998046875,182.0,yahoo,GC=F
2026-09-09T05:55:00Z,4443.39990234375,4444.60009765625,4443.0,4443.2001953125,270.0,yahoo,GC=F
2026-09-09T05:56:00Z,4443.0,4444.10009765625,4442.60009765625,4443.39990234375,187.0,yahoo,GC=F
2026-09-09T05:57:00Z,4443.5,4444.0,4442.10009765625,4442.7998046875,318.0,yahoo,GC=F
2026-09-09T05:58:00Z,4442.60009765625,4443.60009765625,4442.39990234375,4442.7998046875,280.0,yahoo,GC=F
2026-09-09T05:59:00Z,4443.0,4443.0,4442.0,4442.2998046875,62.0,yahoo,GC=F
2026-09-09T06:00:00Z,4442.39990234375,4443.89990234375,4441.7001953125,4441.89990234375,256.0,yahoo,GC=F
2026-09-09T06:01:00Z,4441.89990234375,4443.10009765625,4441.89990234375,4442.2001953125,262.0,yahoo,GC=F
2026-09-09T06:02:00Z,4442.39990234375,4442.7998046875,4441.89990234375,4442.2001953125,108.0,yahoo,GC=F
2026-09-09T06:03:00Z,4442.2001953125,4445.89990234375,4441.7998046875,4445.89990234375,272.0,yahoo,GC=F
2026-09-09T06:04:00Z,4445.89990234375,4447.7998046875,4445.39990234375,4446.39990234375,210.0,yahoo,GC=F
2026-09-09T06:05:00Z,4446.60009765625,4448.7998046875,4446.60009765625,4448.39990234375,147.0,yahoo,GC=F
2026-09-09T06:06:00Z,4448.2001953125,4448.2998046875,4445.39990234375,4446.2998046875,114.0,yahoo,GC=F
2026-09-09T06:07:00Z,4446.60009765625,4446.7001953125,4443.60009765625,4443.89990234375,149.0,yahoo,GC=F
2026-09-09T06:08:00Z,4444.0,4445.0,4443.2001953125,4444.10009765625,83.0,yahoo,GC=F
2026-09-09T06:09:00Z,4443.7001953125,4444.39990234375,4443.7001953125,4443.89990234375,45.0,yahoo,GC=F
2026-09-09T06:10:00Z,4443.7001953125,4443.89990234375,4442.5,4442.89990234375,61.0,yahoo,GC=F
2026-09-09T06:11:00Z,4442.7998046875,4444.0,4442.0,4443.5,79.0,yahoo,GC=F
2026-09-09T06:12:00Z,4443.2998046875,4443.7998046875,4442.7998046875,4443.5,35.0,yahoo,GC=F
2026-09-09T06:13:00Z,4443.60009765625,4445.2998046875,4443.60009765625,4444.5,108.0,yahoo,GC=F
2026-09-09T06:14:00Z,4444.39990234375,4445.60009765625,4444.39990234375,4445.0,46.0,yahoo,GC=F
2026-09-09T06:15:00Z,4444.60009765625,4446.2998046875,4444.60009765625,4446.0,59.0,yahoo,GC=F
2026-09-09T06:16:00Z,4446.10009765625,4446.7001953125,4443.7998046875,4444.5,127.0,yahoo,GC=F
2026-09-09T06:17:00Z,4444.60009765625,4444.7001953125,4443.10009765625,4443.60009765625,100.0,yahoo,GC=F
2026-09-09T06:18:00Z,4443.2998046875,4444.2998046875,4443.10009765625,4444.2998046875,100.0,yahoo,GC=F
2026-09-09T06:19:00Z,4444.2001953125,4445.0,4443.2998046875,4443.2998046875,112.0,yahoo,GC=F
2026-09-09T06:20:00Z,4443.10009765625,4443.7998046875,4442.39990234375,4443.2001953125,122.0,yahoo,GC=F
2026-09-09T06:21:00Z,4443.2001953125,4443.2001953125,4440.7998046875,4441.0,142.0,yahoo,GC=F
2026-09-09T06:22:00Z,4441.0,4442.60009765625,4440.5,4442.0,80.0,yahoo,GC=F
2026-09-09T06:23:00Z,4441.7998046875,4444.0,4441.5,4443.5,92.0,yahoo,GC=F
2026-09-09T06:24:00Z,4443.89990234375,4443.89990234375,4442.2001953125,4442.2998046875,61.0,yahoo,GC=F
2026-09-09T06:25:00Z,4442.2998046875,4442.89990234375,4440.5,4442.2998046875,133.0,yahoo,GC=F
2026-09-09T06:26:00Z,4442.2001953125,4442.2001953125,4440.0,4440.10009765625,73.0,yahoo,GC=F
2026-09-09T06:27:00Z,4440.39990234375,4440.7001953125,4440.0,4440.7001953125,47.0,yahoo,GC=F
2026-09-09T06:28:00Z,4440.2001953125,4440.2001953125,4438.60009765625,4438.60009765625,117.0,yahoo,GC=F
2026-09-09T06:29:00Z,4438.7001953125,4442.39990234375,4438.7001953125,4441.60009765625,318.0,yahoo,GC=F
2026-09-09T06:30:00Z,4441.7001953125,4443.2001953125,4440.5,4441.60009765625,652.0,yahoo,GC=F
2026-09-09T06:31:00Z,4441.7001953125,4443.2001953125,4441.7001953125,4443.10009765625,221.0,yahoo,GC=F
2026-09-09T06:32:00Z,4443.39990234375,4444.7001953125,4443.2998046875,4443.60009765625,127.0,yahoo,GC=F
2026-09-09T06:33:00Z,4443.7998046875,4445.39990234375,4443.2001953125,4445.39990234375,76.0,yahoo,GC=F
2026-09-09T06:34:00Z,4445.60009765625,4447.0,4445.39990234375,4446.60009765625,107.0,yahoo,GC=F
2026-09-09T06:35:00Z,4446.7001953125,4447.10009765625,4445.5,4446.10009765625,60.0,yahoo,GC=F
2026-09-09T06:36:00Z,4446.2001953125,4447.5,4446.2001953125,4446.2998046875,47.0,yahoo,GC=F
2026-09-09T06:37:00Z,4446.2001953125,4449.2998046875,4446.2001953125,4448.7998046875,248.0,yahoo,GC=F
2026-09-09T06:38:00Z,4448.39990234375,4449.89990234375,4448.39990234375,4449.5,289.0,yahoo,GC=F
2026-09-09T06:39:00Z,4449.7001953125,4449.7001953125,4448.10009765625,4448.7001953125,67.0,yahoo,GC=F
2026-09-09T06:40:00Z,4448.7998046875,4448.7998046875,4446.10009765625,4446.2001953125,132.0,yahoo,GC=F
2026-09-09T06:41:00Z,4446.0,4446.89990234375,4445.7998046875,4446.2001953125,38.0,yahoo,GC=F
2026-09-09T06:42:00Z,4446.10009765625,4446.2998046875,4444.2001953125,4444.5,90.0,yahoo,GC=F
2026-09-09T06:43:00Z,4444.2998046875,4444.5,4443.5,4443.60009765625,56.0,yahoo,GC=F
2026-09-09T06:44:00Z,4443.7001953125,4444.2001953125,4443.2001953125,4444.10009765625,41.0,yahoo,GC=F
2026-09-09T06:45:00Z,4444.10009765625,4444.10009765625,4442.7001953125,4443.2998046875,66.0,yahoo,GC=F
2026-09-09T06:46:00Z,4443.39990234375,4443.39990234375,4442.39990234375,4442.7001953125,27.0,yahoo,GC=F
2026-09-09T06:47:00Z,4442.7998046875,4443.2998046875,4442.39990234375,4442.7998046875,57.0,yahoo,GC=F
2026-09-09T06:48:00Z,4442.89990234375,4443.5,4442.60009765625,4442.60009765625,45.0,yahoo,GC=F
2026-09-09T06:49:00Z,4442.5,4445.0,4442.5,4444.89990234375,41.0,yahoo,GC=F
2026-09-09T06:50:00Z,4445.0,4445.39990234375,4443.7998046875,4444.10009765625,116.0,yahoo,GC=F
2026-09-09T06:51:00Z,4443.89990234375,4444.7998046875,4443.7998046875,4444.5,36.0,yahoo,GC=F
2026-09-09T06:52:00Z,4444.7998046875,4445.10009765625,4443.7998046875,4443.89990234375,36.0,yahoo,GC=F
2026-09-09T06:53:00Z,4443.89990234375,4444.39990234375,4443.5,4443.7001953125,78.0,yahoo,GC=F
2026-09-09T06:54:00Z,4443.89990234375,4444.7001953125,4443.7998046875,4444.39990234375,27.0,yahoo,GC=F
2026-09-09T06:55:00Z,4444.2998046875,4445.2001953125,4443.60009765625,4444.89990234375,79.0,yahoo,GC=F
2026-09-09T06:56:00Z,4445.0,4445.10009765625,4444.2998046875,4444.89990234375,18.0,yahoo,GC=F
2026-09-09T06:57:00Z,4444.39990234375,4444.39990234375,4443.5,4443.5,29.0,yahoo,GC=F
2026-09-09T06:58:00Z,4444.0,4444.10009765625,4443.7998046875,4443.7998046875,8.0,yahoo,GC=F
2026-09-09T06:59:00Z,4443.7001953125,4444.7001953125,4443.2998046875,4444.7001953125,47.0,yahoo,GC=F
2026-09-09T07:00:00Z,4444.39990234375,4445.39990234375,4443.60009765625,4444.0,113.0,yahoo,GC=F
2026-09-09T07:01:00Z,4444.2001953125,4444.5,4443.0,4444.2001953125,30.0,yahoo,GC=F
2026-09-09T07:02:00Z,4443.89990234375,4445.5,4443.89990234375,4445.2001953125,40.0,yahoo,GC=F
2026-09-09T07:03:00Z,4445.2001953125,4445.5,4444.7998046875,4445.2998046875,22.0,yahoo,GC=F
2026-09-09T07:04:00Z,4445.2001953125,4446.2998046875,4445.10009765625,4445.39990234375,46.0,yahoo,GC=F
2026-09-09T07:05:00Z,4445.2001953125,4447.60009765625,4445.2001953125,4447.5,64.0,yahoo,GC=F
2026-09-09T07:06:00Z,4447.10009765625,4447.2998046875,4446.10009765625,4446.7998046875,53.0,yahoo,GC=F
2026-09-09T07:07:00Z,4446.60009765625,4447.89990234375,4446.39990234375,4447.7998046875,36.0,yahoo,GC=F
2026-09-09T07:08:00Z,4447.7001953125,4448.10009765625,4446.5,4447.2998046875,49.0,yahoo,GC=F
2026-09-09T07:09:00Z,4447.0,4447.5,4447.0,4447.2998046875,21.0,yahoo,GC=F
2026-09-09T07:10:00Z,4447.60009765625,4448.2998046875,4447.5,4447.7001953125,81.0,yahoo,GC=F
2026-09-09T07:11:00Z,4447.89990234375,4448.0,4447.0,4447.2998046875,94.0,yahoo,GC=F
2026-09-09T07:12:00Z,4447.2001953125,4449.7998046875,4447.10009765625,4449.60009765625,151.0,yahoo,GC=F
2026-09-09T07:13:00Z,4449.5,4450.5,4448.10009765625,4450.0,307.0,yahoo,GC=F
2026-09-09T07:14:00Z,4450.10009765625,4451.7001953125,4449.60009765625,4450.10009765625,220.0,yahoo,GC=F
2026-09-09T07:15:00Z,4450.10009765625,4450.5,4448.7001953125,4450.10009765625,165.0,yahoo,GC=F
2026-09-09T07:16:00Z,4449.7998046875,4450.2998046875,4448.5,4448.89990234375,82.0,yahoo,GC=F
2026-09-09T07:17:00Z,4448.7001953125,4449.10009765625,4448.0,4448.2001953125,80.0,yahoo,GC=F
2026-09-09T07:18:00Z,4448.2998046875,4449.10009765625,4447.7001953125,4447.89990234375,57.0,yahoo,GC=F
2026-09-09T07:19:00Z,4447.7001953125,4448.2998046875,4446.5,4447.5,63.0,yahoo,GC=F
2026-09-09T07:20:00Z,4447.39990234375,4449.0,4447.39990234375,4448.89990234375,30.0,yahoo,GC=F
2026-09-09T07:21:00Z,4449.0,4450.0,4448.7001953125,4450.0,47.0,yahoo,GC=F
2026-09-09T07:22:00Z,4449.89990234375,4451.2998046875,4449.5,4450.7001953125,130.0,yahoo,GC=F
2026-09-09T07:23:00Z,4450.7001953125,4451.5,4449.0,4449.5,80.0,yahoo,GC=F
2026-09-09T07:24:00Z,4449.5,4449.7001953125,4448.7998046875,4448.89990234375,39.0,yahoo,GC=F
2026-09-09T07:25:00Z,4448.7001953125,4449.5,4448.5,4449.39990234375,44.0,yahoo,GC=F
2026-09-09T07:26:00Z,4449.60009765625,4449.89990234375,4449.2001953125,4449.5,24.0,yahoo,GC=F
2026-09-09T07:27:00Z,4450.0,4451.7001953125,4449.89990234375,4451.0,128.0,yahoo,GC=F
2026-09-09T07:28:00Z,4451.2001953125,4451.5,4450.5,4450.7001953125,29.0,yahoo,GC=F
2026-09-09T07:29:00Z,4451.10009765625,4452.60009765625,4450.7001953125,4451.39990234375,181.0,yahoo,GC=F
2026-09-09T07:30:00Z,4451.5,4452.39990234375,4451.0,4451.7998046875,76.0,yahoo,GC=F
2026-09-09T07:31:00Z,4451.7998046875,4452.2001953125,4450.2998046875,4450.39990234375,74.0,yahoo,GC=F
2026-09-09T07:32:00Z,4450.7001953125,4451.2001953125,4450.0,4450.89990234375,45.0,yahoo,GC=F
2026-09-09T07:33:00Z,4450.7998046875,4450.89990234375,4449.89990234375,4450.2998046875,52.0,yahoo,GC=F
2026-09-09T07:34:00Z,4450.39990234375,4451.2001953125,4450.39990234375,4450.89990234375,32.0,yahoo,GC=F
2026-09-09T07:35:00Z,4451.10009765625,4451.5,4450.39990234375,4451.2001953125,41.0,yahoo,GC=F
2026-09-09T07:36:00Z,4451.60009765625,4453.2001953125,4451.60009765625,4453.2001953125,86.0,yahoo,GC=F
2026-09-09T07:37:00Z,4453.10009765625,4453.39990234375,4452.2998046875,4452.2998046875,72.0,yahoo,GC=F
2026-09-09T07:38:00Z,4452.2998046875,4452.60009765625,4451.7001953125,4452.0,51.0,yahoo,GC=F
2026-09-09T07:39:00Z,4452.0,4453.7998046875,4451.89990234375,4453.7001953125,58.0,yahoo,GC=F
2026-09-09T07:40:00Z,4453.60009765625,4453.7001953125,4451.7998046875,4452.60009765625,82.0,yahoo,GC=F
2026-09-09T07:41:00Z,4452.2001953125,4453.2001953125,4452.10009765625,4453.2001953125,43.0,yahoo,GC=F
2026-09-09T07:42:00Z,4453.2001953125,4454.2001953125,4452.2998046875,4452.2998046875,122.0,yahoo,GC=F
2026-09-09T07:43:00Z,4452.2998046875,4453.39990234375,4452.2998046875,4452.7998046875,103.0,yahoo,GC=F
2026-09-09T07:44:00Z,4453.0,4454.0,4452.7998046875,4454.0,45.0,yahoo,GC=F
2026-09-09T07:45:00Z,4454.0,4454.5,4453.10009765625,4454.39990234375,94.0,yahoo,GC=F
2026-09-09T07:46:00Z,4454.60009765625,4456.2998046875,4454.60009765625,4455.0,279.0,yahoo,GC=F
2026-09-09T07:47:00Z,4455.0,4455.2998046875,4454.2998046875,4454.89990234375,121.0,yahoo,GC=F
2026-09-09T07:48:00Z,4455.0,4455.60009765625,4454.89990234375,4455.39990234375,94.0,yahoo,GC=F
2026-09-09T07:49:00Z,4455.39990234375,4455.60009765625,4454.60009765625,4455.2001953125,197.0,yahoo,GC=F
2026-09-09T07:50:00Z,4455.10009765625,4455.10009765625,4452.89990234375,4452.89990234375,180.0,yahoo,GC=F
2026-09-09T07:51:00Z,4453.2998046875,4453.60009765625,4452.39990234375,4453.2001953125,403.0,yahoo,GC=F
2026-09-09T07:52:00Z,4452.89990234375,4455.0,4452.5,4454.89990234375,455.0,yahoo,GC=F
2026-09-09T07:53:00Z,4454.7001953125,4455.0,4453.10009765625,4453.10009765625,226.0,yahoo,GC=F
2026-09-09T07:54:00Z,4453.10009765625,4453.60009765625,4451.89990234375,4452.10009765625,171.0,yahoo,GC=F
2026-09-09T07:55:00Z,4452.7001953125,4453.60009765625,4452.5,4452.89990234375,59.0,yahoo,GC=F
2026-09-09T07:56:00Z,4452.7001953125,4453.60009765625,4452.60009765625,4453.39990234375,43.0,yahoo,GC=F
2026-09-09T07:57:00Z,4453.2001953125,4453.7001953125,4452.7998046875,4453.0,59.0,yahoo,GC=F
2026-09-09T07:58:00Z,4452.7998046875,4452.7998046875,4452.2998046875,4452.5,27.0,yahoo,GC=F
2026-09-09T07:59:00Z,4452.5,4453.2001953125,4452.39990234375,4452.89990234375,93.0,yahoo,GC=F
2026-09-09T08:00:00Z,4452.7998046875,4453.0,4451.2998046875,4451.89990234375,146.0,yahoo,GC=F
2026-09-09T08:01:00Z,4452.10009765625,4453.2001953125,4451.5,4452.5,81.0,yahoo,GC=F
2026-09-09T08:02:00Z,4452.2998046875,4452.60009765625,4451.2998046875,4451.60009765625,60.0,yahoo,GC=F
2026-09-09T08:03:00Z,4451.60009765625,4451.60009765625,4450.39990234375,4451.10009765625,151.0,yahoo,GC=F
2026-09-09T08:04:00Z,4451.2998046875,4452.2998046875,4450.39990234375,4452.0,102.0,yahoo,GC=F
2026-09-09T08:05:00Z,4451.89990234375,4454.7998046875,4451.7001953125,4454.10009765625,150.0,yahoo,GC=F
2026-09-09T08:06:00Z,4454.2001953125,4455.39990234375,4453.89990234375,4454.39990234375,266.0,yahoo,GC=F
2026-09-09T08:07:00Z,4454.2998046875,4454.89990234375,4452.89990234375,4453.7998046875,162.0,yahoo,GC=F
2026-09-09T08:08:00Z,4453.89990234375,4454.2998046875,4453.2001953125,4453.2001953125,62.0,yahoo,GC=F
2026-09-09T08:09:00Z,4453.10009765625,4453.10009765625,4450.2998046875,4450.2998046875,97.0,yahoo,GC=F
2026-09-09T08:10:00Z,4450.7001953125,4450.89990234375,4448.2998046875,4448.89990234375,327.0,yahoo,GC=F
2026-09-09T08:11:00Z,4449.10009765625,4450.10009765625,4447.89990234375,4450.10009765625,146.0,yahoo,GC=F
2026-09-09T08:12:00Z,4449.7998046875,4450.2001953125,4448.7001953125,4449.60009765625,112.0,yahoo,GC=F
2026-09-09T08:13:00Z,4449.7001953125,4450.0,4447.89990234375,4448.0,71.0,yahoo,GC=F
2026-09-09T08:14:00Z,4448.2001953125,4448.2998046875,4447.39990234375,4447.5,111.0,yahoo,GC=F
2026-09-09T08:15:00Z,4447.5,4448.5,4447.5,4448.0,62.0,yahoo,GC=F
2026-09-09T08:16:00Z,4447.89990234375,4448.10009765625,4446.7001953125,4447.0,74.0,yahoo,GC=F
2026-09-09T08:17:00Z,4447.10009765625,4447.7001953125,4445.7998046875,4446.2998046875,107.0,yahoo,GC=F
2026-09-09T08:18:00Z,4446.39990234375,4447.60009765625,4445.89990234375,4447.2001953125,84.0,yahoo,GC=F
2026-09-09T08:19:00Z,4447.2001953125,4447.89990234375,4447.2001953125,4447.60009765625,49.0,yahoo,GC=F
2026-09-09T08:20:00Z,4447.2998046875,4447.2998046875,4446.7998046875,4447.2001953125,65.0,yahoo,GC=F
2026-09-09T08:21:00Z,4447.0,4447.10009765625,4446.2001953125,4446.2001953125,40.0,yahoo,GC=F
2026-09-09T08:22:00Z,4446.2001953125,4447.2001953125,4445.89990234375,4446.2998046875,117.0,yahoo,GC=F
2026-09-09T08:23:00Z,4446.2998046875,4446.2998046875,4444.89990234375,4444.89990234375,90.0,yahoo,GC=F
2026-09-09T08:24:00Z,4445.0,4445.2998046875,4444.60009765625,4444.89990234375,69.0,yahoo,GC=F
2026-09-09T08:25:00Z,4445.0,4446.0,4444.5,4445.7001953125,58.0,yahoo,GC=F
2026-09-09T08:26:00Z,4445.7001953125,4446.10009765625,4445.2998046875,4445.5,43.0,yahoo,GC=F
2026-09-09T08:27:00Z,4445.5,4446.10009765625,4444.39990234375,4444.39990234375,86.0,yahoo,GC=F
2026-09-09T08:28:00Z,4444.2998046875,4444.60009765625,4442.60009765625,4443.60009765625,220.0,yahoo,GC=F
2026-09-09T08:29:00Z,4444.10009765625,4445.10009765625,4443.60009765625,4443.7001953125,131.0,yahoo,GC=F
2026-09-09T08:30:00Z,4443.60009765625,4445.0,4443.60009765625,4444.2998046875,110.0,yahoo,GC=F
2026-09-09T08:31:00Z,4444.5,4445.39990234375,4444.5,4445.2998046875,35.0,yahoo,GC=F
2026-09-09T08:32:00Z,4445.39990234375,4446.5,4445.0,4446.39990234375,74.0,yahoo,GC=F
2026-09-09T08:33:00Z,4446.2001953125,4447.0,4446.2001953125,4446.60009765625,48.0,yahoo,GC=F
2026-09-09T08:34:00Z,4446.7001953125,4447.60009765625,4446.0,4446.0,45.0,yahoo,GC=F
2026-09-09T08:35:00Z,4445.7998046875,4446.39990234375,4445.7998046875,4446.0,24.0,yahoo,GC=F
2026-09-09T08:36:00Z,4446.2001953125,4446.39990234375,4445.89990234375,4446.0,17.0,yahoo,GC=F
2026-09-09T08:37:00Z,4445.89990234375,4446.10009765625,4444.7998046875,4446.10009765625,27.0,yahoo,GC=F
2026-09-09T08:38:00Z,4446.10009765625,4446.2001953125,4444.5,4444.5,28.0,yahoo,GC=F
2026-09-09T08:39:00Z,4444.7001953125,4445.0,4443.60009765625,4443.60009765625,26.0,yahoo,GC=F
2026-09-09T08:40:00Z,4443.60009765625,4445.0,4442.89990234375,4445.0,64.0,yahoo,GC=F
2026-09-09T08:41:00Z,4445.2001953125,4445.7998046875,4445.0,4445.2998046875,44.0,yahoo,GC=F
2026-09-09T08:42:00Z,4445.2998046875,4445.7998046875,4444.2998046875,4444.60009765625,58.0,yahoo,GC=F
2026-09-09T08:43:00Z,4444.60009765625,4446.2998046875,4443.89990234375,4444.10009765625,138.0,yahoo,GC=F
2026-09-09T08:44:00Z,4444.10009765625,4444.60009765625,4443.89990234375,4443.89990234375,18.0,yahoo,GC=F
2026-09-09T08:45:00Z,4443.7998046875,4444.5,4442.7998046875,4444.2998046875,24.0,yahoo,GC=F
2026-09-09T08:46:00Z,4444.10009765625,4444.7001953125,4443.7001953125,4444.39990234375,30.0,yahoo,GC=F
2026-09-09T08:47:00Z,4444.39990234375,4446.0,4444.39990234375,4446.0,49.0,yahoo,GC=F
2026-09-09T08:48:00Z,4445.5,4446.10009765625,4445.2998046875,4445.89990234375,43.0,yahoo,GC=F
2026-09-09T08:49:00Z,4445.89990234375,4446.0,4444.2998046875,4444.2998046875,40.0,yahoo,GC=F
2026-09-09T08:50:00Z,4444.2001953125,4444.5,4443.7001953125,4443.7998046875,59.0,yahoo,GC=F
2026-09-09T08:51:00Z,4444.5,4444.7998046875,4443.7998046875,4444.60009765625,153.0,yahoo,GC=F
2026-09-09T08:52:00Z,4444.7001953125,4445.7001953125,4444.2001953125,4445.7001953125,158.0,yahoo,GC=F
2026-09-09T08:53:00Z,4445.5,4445.89990234375,4445.2001953125,4445.60009765625,38.0,yahoo,GC=F
2026-09-09T08:54:00Z,4445.7001953125,4446.2001953125,4445.39990234375,4446.2001953125,43.0,yahoo,GC=F
2026-09-09T08:55:00Z,4446.10009765625,4446.7998046875,4446.10009765625,4446.2001953125,34.0,yahoo,GC=F
2026-09-09T08:56:00Z,4446.39990234375,4447.39990234375,4446.39990234375,4446.89990234375,51.0,yahoo,GC=F
2026-09-09T08:57:00Z,4446.7001953125,4446.7998046875,4445.89990234375,4445.89990234375,21.0,yahoo,GC=F
2026-09-09T08:58:00Z,4445.0,4445.60009765625,4444.7998046875,4445.39990234375,14.0,yahoo,GC=F
2026-09-09T08:59:00Z,4445.10009765625,4445.10009765625,4444.39990234375,4444.60009765625,18.0,yahoo,GC=F
2026-09-09T09:00:00Z,4444.7998046875,4446.10009765625,4444.60009765625,4445.2998046875,36.0,yahoo,GC=F
2026-09-09T09:01:00Z,4445.10009765625,4445.60009765625,4444.2998046875,4444.39990234375,39.0,yahoo,GC=F
2026-09-09T09:02:00Z,4444.5,4445.2998046875,4444.2001953125,4445.2001953125,34.0,yahoo,GC=F
2026-09-09T09:03:00Z,4445.0,4446.2998046875,4444.7001953125,4446.2998046875,48.0,yahoo,GC=F
2026-09-09T09:04:00Z,4446.10009765625,4446.2998046875,4444.7001953125,4445.0,49.0,yahoo,GC=F
2026-09-09T09:05:00Z,4445.10009765625,4445.5,4443.7998046875,4444.2001953125,77.0,yahoo,GC=F
2026-09-09T09:06:00Z,4444.2998046875,4444.7001953125,4443.5,4444.7001953125,41.0,yahoo,GC=F
2026-09-09T09:07:00Z,4444.60009765625,4446.2001953125,4444.5,4445.60009765625,67.0,yahoo,GC=F
2026-09-09T09:08:00Z,4445.5,4445.7998046875,4444.2001953125,4444.7998046875,44.0,yahoo,GC=F
2026-09-09T09:09:00Z,4444.7998046875,4445.7998046875,4444.0,4445.7998046875,52.0,yahoo,GC=F
2026-09-09T09:10:00Z,4445.7998046875,4445.7998046875,4443.39990234375,4443.5,39.0,yahoo,GC=F
2026-09-09T09:11:00Z,4443.7001953125,4443.7998046875,4442.2998046875,4443.0,41.0,yahoo,GC=F
2026-09-09T09:12:00Z,4442.7998046875,4443.39990234375,4442.7001953125,4443.10009765625,40.0,yahoo,GC=F
2026-09-09T09:13:00Z,4442.7998046875,4442.89990234375,4442.10009765625,4442.39990234375,23.0,yahoo,GC=F
2026-09-09T09:14:00Z,4442.2001953125,4442.7998046875,4442.2001953125,4442.5,53.0,yahoo,GC=F
2026-09-09T09:15:00Z,4442.5,4443.0,4441.5,4441.7998046875,67.0,yahoo,GC=F
2026-09-09T09:16:00Z,4441.7998046875,4442.7001953125,4441.7998046875,4441.7998046875,47.0,yahoo,GC=F
2026-09-09T09:17:00Z,4441.7001953125,4442.5,4441.60009765625,4442.0,70.0,yahoo,GC=F
2026-09-09T09:18:00Z,4442.0,4443.0,4441.89990234375,4442.89990234375,46.0,yahoo,GC=F
2026-09-09T09:19:00Z,4442.7001953125,4444.2998046875,4442.7001953125,4443.89990234375,121.0,yahoo,GC=F
2026-09-09T09:20:00Z,4444.0,4444.0,4443.0,4443.0,69.0,yahoo,GC=F
2026-09-09T09:21:00Z,4443.2001953125,4444.2001953125,4443.10009765625,4443.60009765625,79.0,yahoo,GC=F
2026-09-09T09:22:00Z,4443.7001953125,4444.2998046875,4443.0,4443.0,37.0,yahoo,GC=F
2026-09-09T09:23:00Z,4443.10009765625,4443.39990234375,4442.2998046875,4442.60009765625,91.0,yahoo,GC=F
2026-09-09T09:24:00Z,4442.60009765625,4442.7001953125,4441.39990234375,4441.89990234375,65.0,yahoo,GC=F
2026-09-09T09:25:00Z,4442.10009765625,4442.2998046875,4441.39990234375,4442.2998046875,45.0,yahoo,GC=F
2026-09-09T09:26:00Z,4442.2998046875,4442.7001953125,4441.7998046875,4442.39990234375,77.0,yahoo,GC=F
2026-09-09T09:27:00Z,4442.5,4443.10009765625,4441.7998046875,4442.5,71.0,yahoo,GC=F
2026-09-09T09:28:00Z,4442.10009765625,4442.7001953125,4440.60009765625,4441.2001953125,66.0,yahoo,GC=F
2026-09-09T09:29:00Z,4441.39990234375,4442.5,4441.2998046875,4442.5,65.0,yahoo,GC=F
2026-09-09T09:30:00Z,4442.5,4443.0,4440.10009765625,4442.5,275.0,yahoo,GC=F
2026-09-09T09:31:00Z,4442.2998046875,4442.60009765625,4439.60009765625,4440.7998046875,279.0,yahoo,GC=F
2026-09-09T09:32:00Z,4440.60009765625,4442.2001953125,4440.39990234375,4441.89990234375,169.0,yahoo,GC=F
2026-09-09T09:33:00Z,4441.7998046875,4442.2998046875,4441.5,4442.0,32.0,yahoo,GC=F
2026-09-09T09:34:00Z,4441.89990234375,4442.60009765625,4441.60009765625,4442.10009765625,41.0,yahoo,GC=F
2026-09-09T09:35:00Z,4442.2998046875,4442.60009765625,4441.5,4442.0,27.0,yahoo,GC=F
2026-09-09T09:36:00Z,4441.7998046875,4442.89990234375,4441.7998046875,4442.2998046875,47.0,yahoo,GC=F
2026-09-09T09:37:00Z,4442.10009765625,4442.7998046875,4441.5,4442.0,67.0,yahoo,GC=F
2026-09-09T09:38:00Z,4442.2001953125,4442.60009765625,4442.2001953125,4442.5,8.0,yahoo,GC=F
2026-09-09T09:39:00Z,4442.39990234375,4442.39990234375,4441.5,4442.0,31.0,yahoo,GC=F
2026-09-09T09:40:00Z,4442.2998046875,4442.7001953125,4441.2001953125,4441.60009765625,38.0,yahoo,GC=F
2026-09-09T09:41:00Z,4442.10009765625,4442.10009765625,4440.5,4440.5,20.0,yahoo,GC=F
2026-09-09T09:42:00Z,4440.7998046875,4440.7998046875,4439.5,4439.89990234375,62.0,yahoo,GC=F
2026-09-09T09:43:00Z,4440.10009765625,4440.7998046875,4440.0,4440.60009765625,28.0,yahoo,GC=F
2026-09-09T09:44:00Z,4440.5,4440.60009765625,4439.7001953125,4440.60009765625,23.0,yahoo,GC=F
2026-09-09T09:45:00Z,4440.39990234375,4440.39990234375,4438.5,4438.7001953125,85.0,yahoo,GC=F
2026-09-09T09:46:00Z,4439.0,4439.2998046875,4438.2998046875,4439.0,89.0,yahoo,GC=F
2026-09-09T09:47:00Z,4438.7001953125,4440.39990234375,4438.39990234375,4439.39990234375,176.0,yahoo,GC=F
2026-09-09T09:48:00Z,4439.2998046875,4439.5,4438.39990234375,4439.0,53.0,yahoo,GC=F
2026-09-09T09:49:00Z,4439.2001953125,4439.7001953125,4438.60009765625,4439.2998046875,77.0,yahoo,GC=F
2026-09-09T09:50:00Z,4439.2001953125,4439.2001953125,4437.10009765625,4437.2998046875,57.0,yahoo,GC=F
2026-09-09T09:51:00Z,4437.2001953125,4437.2998046875,4436.5,4437.0,94.0,yahoo,GC=F
2026-09-09T09:52:00Z,4437.10009765625,4437.7998046875,4436.39990234375,4437.7998046875,138.0,yahoo,GC=F
2026-09-09T09:53:00Z,4437.60009765625,4438.39990234375,4436.7998046875,4437.2998046875,181.0,yahoo,GC=F
2026-09-09T09:54:00Z,4437.0,4437.0,4435.0,4435.2998046875,150.0,yahoo,GC=F
2026-09-09T09:55:00Z,4435.2001953125,4435.2998046875,4433.60009765625,4433.60009765625,158.0,yahoo,GC=F
2026-09-09T09:56:00Z,4433.89990234375,4434.2998046875,4433.0,4433.89990234375,158.0,yahoo,GC=F
2026-09-09T09:57:00Z,4433.89990234375,4434.60009765625,4432.60009765625,4433.0,94.0,yahoo,GC=F
2026-09-09T09:58:00Z,4432.7001953125,4433.60009765625,4432.5,4433.5,75.0,yahoo,GC=F
2026-09-09T09:59:00Z,4433.2001953125,4435.0,4433.2001953125,4434.60009765625,70.0,yahoo,GC=F
2026-09-09T10:00:00Z,4434.5,4435.7001953125,4434.39990234375,4435.10009765625,119.0,yahoo,GC=F
2026-09-09T10:01:00Z,4435.0,4435.2998046875,4430.2001953125,4430.39990234375,196.0,yahoo,GC=F
2026-09-09T10:02:00Z,4430.60009765625,4433.7001953125,4430.0,4432.5,191.0,yahoo,GC=F
2026-09-09T10:03:00Z,4432.7998046875,4434.7001953125,4432.7998046875,4434.5,75.0,yahoo,GC=F
2026-09-09T10:04:00Z,4434.60009765625,4435.2998046875,4433.2001953125,4433.7998046875,158.0,yahoo,GC=F
2026-09-09T10:05:00Z,4434.2001953125,4436.0,4434.2001953125,4435.2998046875,69.0,yahoo,GC=F
2026-09-09T10:06:00Z,4435.60009765625,4435.60009765625,4435.10009765625,4435.10009765625,18.0,yahoo,GC=F
2026-09-09T10:07:00Z,4436.0,4437.0,4436.0,4436.7001953125,81.0,yahoo,GC=F
2026-09-09T10:08:00Z,4436.7001953125,4437.10009765625,4435.89990234375,4436.7001953125,59.0,yahoo,GC=F
2026-09-09T10:09:00Z,4436.5,4436.60009765625,4435.7001953125,4436.10009765625,23.0,yahoo,GC=F
2026-09-09T10:10:00Z,4436.2998046875,4436.60009765625,4435.2998046875,4436.60009765625,79.0,yahoo,GC=F
2026-09-09T10:11:00Z,4436.39990234375,4436.7001953125,4435.39990234375,4436.2998046875,81.0,yahoo,GC=F
2026-09-09T10:12:00Z,4436.60009765625,4437.2001953125,4435.7998046875,4436.39990234375,67.0,yahoo,GC=F
2026-09-09T10:13:00Z,4436.5,4436.5,4434.5,4435.2998046875,106.0,yahoo,GC=F
2026-09-09T10:14:00Z,4434.7998046875,4435.60009765625,4433.5,4434.7998046875,196.0,yahoo,GC=F
2026-09-09T10:15:00Z,4434.7001953125,4435.39990234375,4433.89990234375,4433.89990234375,54.0,yahoo,GC=F
2026-09-09T10:16:00Z,4433.89990234375,4434.5,4432.7001953125,4433.89990234375,78.0,yahoo,GC=F
2026-09-09T10:17:00Z,4434.2001953125,4434.60009765625,4433.89990234375,4434.39990234375,12.0,yahoo,GC=F
2026-09-09T10:18:00Z,4434.39990234375,4436.10009765625,4434.2998046875,4435.39990234375,98.0,yahoo,GC=F
2026-09-09T10:19:00Z,4435.7998046875,4438.2998046875,4435.7001953125,4438.0,224.0,yahoo,GC=F
2026-09-09T10:20:00Z,4437.89990234375,4439.7001953125,4437.89990234375,4439.0,111.0,yahoo,GC=F
2026-09-09T10:21:00Z,4438.89990234375,4438.89990234375,4438.10009765625,4438.10009765625,39.0,yahoo,GC=F
2026-09-09T10:22:00Z,4438.5,4438.60009765625,4437.7998046875,4438.0,24.0,yahoo,GC=F
2026-09-09T10:23:00Z,4438.10009765625,4438.2001953125,4437.7998046875,4438.2001953125,20.0,yahoo,GC=F
2026-09-09T10:24:00Z,4437.7998046875,4438.5,4437.39990234375,4438.2998046875,69.0,yahoo,GC=F
2026-09-09T10:25:00Z,4438.10009765625,4438.60009765625,4438.10009765625,4438.5,35.0,yahoo,GC=F
2026-09-09T10:26:00Z,4438.39990234375,4439.10009765625,4438.10009765625,4439.10009765625,47.0,yahoo,GC=F
2026-09-09T10:27:00Z,4439.0,4439.10009765625,4436.89990234375,4436.89990234375,27.0,yahoo,GC=F
2026-09-09T10:28:00Z,4436.7998046875,4438.10009765625,4436.7998046875,4437.7998046875,90.0,yahoo,GC=F
2026-09-09T10:29:00Z,4437.89990234375,4438.2998046875,4437.39990234375,4438.2001953125,40.0,yahoo,GC=F
2026-09-09T10:30:00Z,4438.10009765625,4438.2998046875,4437.0,4437.89990234375,96.0,yahoo,GC=F
2026-09-09T10:31:00Z,4438.0,4439.10009765625,4437.7998046875,4439.10009765625,59.0,yahoo,GC=F
2026-09-09T10:32:00Z,4439.2001953125,4439.5,4438.2998046875,4438.7998046875,54.0,yahoo,GC=F
2026-09-09T10:33:00Z,4438.7998046875,4440.10009765625,4438.7998046875,4439.7998046875,70.0,yahoo,GC=F
2026-09-09T10:34:00Z,4440.0,4440.5,4438.89990234375,4439.7001953125,46.0,yahoo,GC=F
2026-09-09T10:35:00Z,4439.60009765625,4440.7998046875,4439.5,4440.39990234375,72.0,yahoo,GC=F
2026-09-09T10:36:00Z,4440.2001953125,4440.7001953125,4439.60009765625,4440.60009765625,54.0,yahoo,GC=F
2026-09-09T10:37:00Z,4440.7998046875,4442.5,4440.7998046875,4441.7001953125,76.0,yahoo,GC=F
2026-09-09T10:38:00Z,4441.7001953125,4442.5,4441.7001953125,4442.0,51.0,yahoo,GC=F
2026-09-09T10:39:00Z,4441.89990234375,4442.5,4441.60009765625,4441.7998046875,63.0,yahoo,GC=F
2026-09-09T10:40:00Z,4441.7998046875,4442.39990234375,4440.0,4440.10009765625,66.0,yahoo,GC=F
2026-09-09T10:41:00Z,4440.2001953125,4440.60009765625,4439.39990234375,4439.5,43.0,yahoo,GC=F
2026-09-09T10:42:00Z,4439.5,4439.60009765625,4438.2001953125,4438.5,62.0,yahoo,GC=F
2026-09-09T10:43:00Z,4438.7001953125,4438.89990234375,4437.89990234375,4438.2998046875,31.0,yahoo,GC=F
2026-09-09T10:44:00Z,4438.10009765625,4438.39990234375,4437.7001953125,4438.2001953125,33.0,yahoo,GC=F
2026-09-09T10:45:00Z,4438.39990234375,4438.89990234375,4438.10009765625,4438.2001953125,27.0,yahoo,GC=F
2026-09-09T10:46:00Z,4438.2998046875,4439.5,4438.10009765625,4439.2998046875,48.0,yahoo,GC=F
2026-09-09T10:47:00Z,4439.2998046875,4440.5,4438.7998046875,4440.5,159.0,yahoo,GC=F
2026-09-09T10:48:00Z,4440.2998046875,4442.5,4440.2998046875,4442.5,115.0,yahoo,GC=F
2026-09-09T10:49:00Z,4442.39990234375,4443.60009765625,4442.0,4442.2998046875,86.0,yahoo,GC=F
2026-09-09T10:50:00Z,4442.2001953125,4443.5,4441.7001953125,4443.10009765625,130.0,yahoo,GC=F
2026-09-09T10:51:00Z,4443.39990234375,4443.7998046875,4442.10009765625,4442.10009765625,144.0,yahoo,GC=F
2026-09-09T10:52:00Z,4441.89990234375,4443.10009765625,4441.89990234375,4442.60009765625,102.0,yahoo,GC=F
2026-09-09T10:53:00Z,4442.89990234375,4445.60009765625,4442.60009765625,4444.89990234375,138.0,yahoo,GC=F
2026-09-09T10:54:00Z,4444.89990234375,4446.0,4444.2001953125,4445.5,185.0,yahoo,GC=F
2026-09-09T10:55:00Z,4445.60009765625,4447.0,4444.7998046875,4446.39990234375,227.0,yahoo,GC=F
2026-09-09T10:56:00Z,4446.39990234375,4446.39990234375,4444.2001953125,4444.89990234375,159.0,yahoo,GC=F
2026-09-09T10:57:00Z,4445.0,4445.7001953125,4444.39990234375,4444.5,98.0,yahoo,GC=F
2026-09-09T10:58:00Z,4444.7001953125,4445.5,4444.2001953125,4444.2001953125,44.0,yahoo,GC=F
2026-09-09T10:59:00Z,4444.10009765625,4444.10009765625,4442.89990234375,4442.89990234375,54.0,yahoo,GC=F
2026-09-09T11:00:00Z,4443.2998046875,4446.39990234375,4443.2001953125,4446.10009765625,66.0,yahoo,GC=F
2026-09-09T11:01:00Z,4446.10009765625,4447.0,4445.2001953125,4446.60009765625,88.0,yahoo,GC=F
2026-09-09T11:02:00Z,4446.89990234375,4446.89990234375,4445.2001953125,4445.2998046875,46.0,yahoo,GC=F
2026-09-09T11:03:00Z,4445.2001953125,4446.39990234375,4444.89990234375,4446.2001953125,107.0,yahoo,GC=F
2026-09-09T11:04:00Z,4446.0,4447.0,4445.7998046875,4447.0,8.0,yahoo,GC=F
2026-09-09T11:05:00Z,4447.2001953125,4447.2998046875,4446.7001953125,4446.7998046875,53.0,yahoo,GC=F
2026-09-09T11:06:00Z,4446.7998046875,4447.2998046875,4446.5,4446.5,60.0,yahoo,GC=F
2026-09-09T11:07:00Z,4446.60009765625,4446.7998046875,4445.60009765625,4445.7998046875,56.0,yahoo,GC=F
2026-09-09T11:08:00Z,4446.2998046875,4446.5,4446.2001953125,4446.5,26.0,yahoo,GC=F
2026-09-09T11:09:00Z,4446.7001953125,4447.7998046875,4446.7001953125,4447.60009765625,68.0,yahoo,GC=F
2026-09-09T11:10:00Z,4447.60009765625,4448.10009765625,4447.39990234375,4447.7998046875,37.0,yahoo,GC=F
2026-09-09T11:11:00Z,4447.7001953125,4448.0,4447.2998046875,4447.60009765625,25.0,yahoo,GC=F
2026-09-09T11:12:00Z,4447.5,4448.10009765625,4447.0,4447.89990234375,58.0,yahoo,GC=F
2026-09-09T11:13:00Z,4447.7998046875,4447.89990234375,4446.60009765625,4446.60009765625,29.0,yahoo,GC=F
2026-09-09T11:14:00Z,4446.7001953125,4447.10009765625,4446.2001953125,4447.0,89.0,yahoo,GC=F
2026-09-09T11:15:00Z,4447.2998046875,4447.2998046875,4445.2998046875,4445.2998046875,59.0,yahoo,GC=F
2026-09-09T11:16:00Z,4445.2998046875,4446.89990234375,4445.0,4446.5,44.0,yahoo,GC=F
2026-09-09T11:17:00Z,4446.2998046875,4447.2001953125,4446.2998046875,4446.60009765625,81.0,yahoo,GC=F
2026-09-09T11:18:00Z,4446.5,4447.60009765625,4446.5,4447.39990234375,89.0,yahoo,GC=F
2026-09-09T11:19:00Z,4447.5,4448.39990234375,4447.5,4447.7001953125,152.0,yahoo,GC=F
2026-09-09T11:20:00Z,4447.7001953125,4448.2998046875,4446.89990234375,4446.89990234375,25.0,yahoo,GC=F
2026-09-09T11:21:00Z,4446.7998046875,4446.89990234375,4446.0,4446.60009765625,26.0,yahoo,GC=F
2026-09-09T11:22:00Z,4446.39990234375,4447.5,4446.2998046875,4447.39990234375,107.0,yahoo,GC=F
2026-09-09T11:23:00Z,4447.60009765625,4448.60009765625,4447.2998046875,4448.60009765625,52.0,yahoo,GC=F
2026-09-09T11:24:00Z,4448.60009765625,4450.2001953125,4448.60009765625,4450.0,142.0,yahoo,GC=F
2026-09-09T11:25:00Z,4450.10009765625,4450.89990234375,4449.7001953125,4450.7998046875,83.0,yahoo,GC=F
2026-09-09T11:26:00Z,4450.7001953125,4452.2001953125,4450.5,4452.10009765625,299.0,yahoo,GC=F
2026-09-09T11:27:00Z,4451.60009765625,4453.0,4451.60009765625,4452.89990234375,86.0,yahoo,GC=F
2026-09-09T11:28:00Z,4453.10009765625,4453.2001953125,4451.2001953125,4452.0,59.0,yahoo,GC=F
2026-09-09T11:29:00Z,4452.10009765625,4452.60009765625,4451.2998046875,4452.0,105.0,yahoo,GC=F
2026-09-09T11:30:00Z,4452.2998046875,4452.39990234375,4449.89990234375,4450.39990234375,192.0,yahoo,GC=F
2026-09-09T11:31:00Z,4450.0,4451.2001953125,4449.60009765625,4450.60009765625,96.0,yahoo,GC=F
2026-09-09T11:32:00Z,4450.39990234375,4451.0,4449.7998046875,4451.0,70.0,yahoo,GC=F
2026-09-09T11:33:00Z,4451.2001953125,4451.7001953125,4451.0,4451.0,32.0,yahoo,GC=F
2026-09-09T11:34:00Z,4450.89990234375,4450.89990234375,4448.2998046875,4448.5,72.0,yahoo,GC=F
2026-09-09T11:35:00Z,4448.5,4448.60009765625,4447.7001953125,4448.39990234375,246.0,yahoo,GC=F
2026-09-09T11:36:00Z,4448.39990234375,4448.5,4447.39990234375,4448.10009765625,57.0,yahoo,GC=F
2026-09-09T11:37:00Z,4448.0,4448.10009765625,4447.39990234375,4447.39990234375,28.0,yahoo,GC=F
2026-09-09T11:38:00Z,4447.7001953125,4449.5,4447.7001953125,4448.7001953125,157.0,yahoo,GC=F
2026-09-09T11:39:00Z,4448.7001953125,4448.89990234375,4447.7998046875,4448.89990234375,80.0,yahoo,GC=F
2026-09-09T11:40:00Z,4449.0,4450.10009765625,4448.89990234375,4449.7998046875,65.0,yahoo,GC=F
2026-09-09T11:41:00Z,4449.89990234375,4450.10009765625,4449.0,4449.5,62.0,yahoo,GC=F
2026-09-09T11:42:00Z,4449.2998046875,4451.2001953125,4449.0,4450.7998046875,147.0,yahoo,GC=F
2026-09-09T11:43:00Z,4451.0,4451.2001953125,4449.39990234375,4450.39990234375,77.0,yahoo,GC=F
2026-09-09T11:44:00Z,4450.2001953125,4450.39990234375,4449.5,4449.60009765625,55.0,yahoo,GC=F
2026-09-09T11:45:00Z,4450.0,4450.7998046875,4449.5,4449.5,107.0,yahoo,GC=F
2026-09-09T11:46:00Z,4449.2998046875,4449.5,4447.7998046875,4448.10009765625,69.0,yahoo,GC=F
2026-09-09T11:47:00Z,4447.7998046875,4448.5,4447.7001953125,4448.2998046875,35.0,yahoo,GC=F
2026-09-09T11:48:00Z,4448.2001953125,4449.39990234375,4448.2001953125,4449.2001953125,14.0,yahoo,GC=F
2026-09-09T11:49:00Z,4449.7998046875,4459.39990234375,4449.7998046875,4458.39990234375,1184.0,yahoo,GC=F
2026-09-09T11:50:00Z,4458.39990234375,4459.89990234375,4457.39990234375,4457.7001953125,494.0,yahoo,GC=F
2026-09-09T11:51:00Z,4457.60009765625,4457.7001953125,4453.60009765625,4453.60009765625,331.0,yahoo,GC=F
2026-09-09T11:52:00Z,4453.7998046875,4456.7998046875,4453.7001953125,4454.5,211.0,yahoo,GC=F
2026-09-09T11:53:00Z,4455.2998046875,4455.2998046875,4453.39990234375,4453.7001953125,68.0,yahoo,GC=F
2026-09-09T11:54:00Z,4453.7001953125,4453.7001953125,4451.2998046875,4451.5,80.0,yahoo,GC=F
2026-09-09T11:55:00Z,4451.5,4451.60009765625,4450.2001953125,4451.2001953125,70.0,yahoo,GC=F
2026-09-09T11:56:00Z,4451.5,4451.89990234375,4451.10009765625,4451.39990234375,33.0,yahoo,GC=F
2026-09-09T11:57:00Z,4451.7001953125,4452.7001953125,4451.60009765625,4451.7998046875,49.0,yahoo,GC=F
2026-09-09T11:58:00Z,4452.2998046875,4452.89990234375,4451.10009765625,4451.10009765625,93.0,yahoo,GC=F
2026-09-09T11:59:00Z,4450.89990234375,4452.0,4450.7998046875,4451.60009765625,113.0,yahoo,GC=F
2026-09-09T12:00:00Z,4451.5,4453.60009765625,4451.5,4453.10009765625,91.0,yahoo,GC=F
2026-09-09T12:01:00Z,4452.7998046875,4453.0,4450.7001953125,4450.89990234375,106.0,yahoo,GC=F
2026-09-09T12:02:00Z,4450.7998046875,4451.60009765625,4450.5,4450.60009765625,86.0,yahoo,GC=F
2026-09-09T12:03:00Z,4450.60009765625,4451.5,4449.5,4449.7001953125,87.0,yahoo,GC=F
2026-09-09T12:04:00Z,4449.39990234375,4449.39990234375,4447.60009765625,4448.60009765625,125.0,yahoo,GC=F
2026-09-09T12:05:00Z,4449.0,4450.0,4447.89990234375,4447.89990234375,79.0,yahoo,GC=F
2026-09-09T12:06:00Z,4448.2001953125,4449.10009765625,4445.5,4445.5,134.0,yahoo,GC=F
2026-09-09T12:07:00Z,4445.89990234375,4447.2001953125,4445.0,4447.2001953125,163.0,yahoo,GC=F
2026-09-09T12:08:00Z,4447.2001953125,4448.39990234375,4445.7998046875,4446.2001953125,88.0,yahoo,GC=F
2026-09-09T12:09:00Z,4446.10009765625,4447.60009765625,4445.2001953125,4447.60009765625,84.0,yahoo,GC=F
2026-09-09T12:10:00Z,4447.7001953125,4449.0,4447.7001953125,4448.2998046875,84.0,yahoo,GC=F
2026-09-09T12:11:00Z,4448.5,4448.89990234375,4447.2998046875,4447.39990234375,73.0,yahoo,GC=F
2026-09-09T12:12:00Z,4447.39990234375,4447.5,4445.0,4445.0,123.0,yahoo,GC=F
2026-09-09T12:13:00Z,4445.0,4445.39990234375,4444.10009765625,4444.10009765625,64.0,yahoo,GC=F
2026-09-09T12:14:00Z,4444.2998046875,4444.2998046875,4443.2998046875,4443.60009765625,95.0,yahoo,GC=F
2026-09-09T12:15:00Z,4443.7001953125,4443.7998046875,4442.39990234375,4442.7001953125,206.0,yahoo,GC=F
2026-09-09T12:16:00Z,4443.2001953125,4444.60009765625,4442.0,4442.39990234375,161.0,yahoo,GC=F
2026-09-09T12:17:00Z,4441.7998046875,4442.2998046875,4441.2001953125,4442.2001953125,70.0,yahoo,GC=F
2026-09-09T12:18:00Z,4442.2001953125,4443.2001953125,4441.2001953125,4441.7998046875,100.0,yahoo,GC=F
2026-09-09T12:19:00Z,4442.0,4442.0,4440.2998046875,4440.7998046875,104.0,yahoo,GC=F
2026-09-09T12:20:00Z,4440.7998046875,4444.7001953125,4439.10009765625,4444.60009765625,384.0,yahoo,GC=F
2026-09-09T12:21:00Z,4444.39990234375,4444.60009765625,4442.5,4444.0,153.0,yahoo,GC=F
2026-09-09T12:22:00Z,4443.89990234375,4444.0,4442.5,4442.5,103.0,yahoo,GC=F
2026-09-09T12:23:00Z,4442.39990234375,4442.7998046875,4440.2998046875,4440.89990234375,137.0,yahoo,GC=F
2026-09-09T12:24:00Z,4440.7998046875,4441.2001953125,4439.2998046875,4441.0,147.0,yahoo,GC=F
2026-09-09T12:25:00Z,4441.2001953125,4441.39990234375,4438.7001953125,4439.0,245.0,yahoo,GC=F
2026-09-09T12:26:00Z,4439.2001953125,4439.7001953125,4438.5,4439.39990234375,134.0,yahoo,GC=F
2026-09-09T12:27:00Z,4439.5,4441.39990234375,4439.0,4439.2998046875,124.0,yahoo,GC=F
2026-09-09T12:28:00Z,4439.5,4440.7998046875,4439.0,4439.0,44.0,yahoo,GC=F
2026-09-09T12:29:00Z,4439.0,4439.89990234375,4438.10009765625,4438.5,144.0,yahoo,GC=F
2026-09-09T12:30:00Z,4438.0,4438.2998046875,4436.2001953125,4436.89990234375,320.0,yahoo,GC=F
2026-09-09T12:31:00Z,4437.10009765625,4438.7001953125,4437.10009765625,4437.39990234375,120.0,yahoo,GC=F
2026-09-09T12:32:00Z,4437.5,4439.7001953125,4436.7998046875,4439.5,205.0,yahoo,GC=F
2026-09-09T12:33:00Z,4439.39990234375,4440.7001953125,4439.10009765625,4440.39990234375,150.0,yahoo,GC=F
2026-09-09T12:34:00Z,4440.39990234375,4441.89990234375,4439.89990234375,4440.60009765625,131.0,yahoo,GC=F
2026-09-09T12:35:00Z,4440.5,4441.7998046875,4440.10009765625,4440.10009765625,93.0,yahoo,GC=F
2026-09-09T12:36:00Z,4440.0,4442.0,4438.7998046875,4441.10009765625,144.0,yahoo,GC=F
2026-09-09T12:37:00Z,4441.2001953125,4441.2001953125,4438.2001953125,4439.10009765625,121.0,yahoo,GC=F
2026-09-09T12:38:00Z,4438.89990234375,4438.89990234375,4436.89990234375,4437.60009765625,175.0,yahoo,GC=F
2026-09-09T12:39:00Z,4437.7001953125,4437.7001953125,4435.2001953125,4435.39990234375,152.0,yahoo,GC=F
2026-09-09T12:40:00Z,4435.60009765625,4437.2001953125,4435.2001953125,4436.5,169.0,yahoo,GC=F
2026-09-09T12:41:00Z,4436.7998046875,4438.0,4436.0,4437.39990234375,191.0,yahoo,GC=F
2026-09-09T12:42:00Z,4437.10009765625,4437.7001953125,4435.2998046875,4436.5,168.0,yahoo,GC=F
2026-09-09T12:43:00Z,4436.5,4438.5,4436.10009765625,4438.0,109.0,yahoo,GC=F
2026-09-09T12:44:00Z,4438.10009765625,4439.89990234375,4437.60009765625,4439.10009765625,148.0,yahoo,GC=F
2026-09-09T12:45:00Z,4439.5,4444.0,4439.5,4443.0,458.0,yahoo,GC=F
2026-09-09T12:46:00Z,4443.5,4443.7998046875,4442.0,4442.7001953125,60.0,yahoo,GC=F
2026-09-09T12:47:00Z,4442.7998046875,4443.10009765625,4442.39990234375,4443.10009765625,35.0,yahoo,GC=F
2026-09-09T12:48:00Z,4442.89990234375,4443.60009765625,4442.39990234375,4443.0,45.0,yahoo,GC=F
2026-09-09T12:49:00Z,4442.5,4442.7998046875,4441.39990234375,4441.5,65.0,yahoo,GC=F
2026-09-09T12:50:00Z,4441.5,4441.5,4440.39990234375,4441.5,46.0,yahoo,GC=F
2026-09-09T12:51:00Z,4441.2998046875,4441.89990234375,4440.7998046875,4440.7998046875,42.0,yahoo,GC=F
2026-09-09T12:52:00Z,4440.5,4442.2998046875,4440.5,4442.2998046875,39.0,yahoo,GC=F
2026-09-09T12:53:00Z,4442.0,4443.0,4441.0,4441.2998046875,69.0,yahoo,GC=F
2026-09-09T12:54:00Z,4441.10009765625,4443.7001953125,4440.60009765625,4443.10009765625,80.0,yahoo,GC=F
2026-09-09T12:55:00Z,4443.10009765625,4443.2998046875,4442.60009765625,4443.2998046875,39.0,yahoo,GC=F
2026-09-09T12:56:00Z,4443.39990234375,4444.5,4443.39990234375,4444.2998046875,73.0,yahoo,GC=F
2026-09-09T12:57:00Z,4444.60009765625,4446.5,4444.60009765625,4446.2998046875,226.0,yahoo,GC=F
2026-09-09T12:58:00Z,4446.2001953125,4447.0,4445.7001953125,4445.7001953125,312.0,yahoo,GC=F
2026-09-09T12:59:00Z,4445.60009765625,4445.60009765625,4444.0,4444.39990234375,87.0,yahoo,GC=F
2026-09-09T13:00:00Z,4444.2001953125,4449.0,4442.7998046875,4449.0,295.0,yahoo,GC=F
2026-09-09T13:01:00Z,4449.0,4449.0,4447.2998046875,4448.2998046875,128.0,yahoo,GC=F
2026-09-09T13:02:00Z,4448.60009765625,4451.7001953125,4448.0,4451.7001953125,197.0,yahoo,GC=F
2026-09-09T13:03:00Z,4451.5,4452.7001953125,4448.5,4449.10009765625,556.0,yahoo,GC=F
2026-09-09T13:04:00Z,4449.39990234375,4452.10009765625,4449.0,4451.39990234375,144.0,yahoo,GC=F
2026-09-09T13:05:00Z,4451.39990234375,4453.10009765625,4451.2998046875,4452.60009765625,177.0,yahoo,GC=F
2026-09-09T13:06:00Z,4452.7998046875,4454.0,4452.7001953125,4453.89990234375,107.0,yahoo,GC=F
2026-09-09T13:07:00Z,4453.2998046875,4453.60009765625,4451.7001953125,4453.2001953125,128.0,yahoo,GC=F
2026-09-09T13:08:00Z,4453.2998046875,4454.89990234375,4452.60009765625,4452.7001953125,191.0,yahoo,GC=F
2026-09-09T13:09:00Z,4452.60009765625,4454.89990234375,4452.5,4454.2001953125,143.0,yahoo,GC=F
2026-09-09T13:10:00Z,4454.2998046875,4455.7001953125,4454.0,4455.7001953125,375.0,yahoo,GC=F
2026-09-09T13:11:00Z,4455.5,4458.0,4455.0,4455.5,232.0,yahoo,GC=F
2026-09-09T13:12:00Z,4455.2998046875,4456.5,4454.5,4456.2001953125,131.0,yahoo,GC=F
2026-09-09T13:13:00Z,4456.5,4457.2001953125,4455.2998046875,4456.39990234375,99.0,yahoo,GC=F
2026-09-09T13:14:00Z,4456.7998046875,4457.7998046875,4455.5,4457.7998046875,131.0,yahoo,GC=F
2026-09-09T13:15:00Z,4457.7998046875,4458.39990234375,4456.0,4457.10009765625,134.0,yahoo,GC=F
2026-09-09T13:16:00Z,4457.10009765625,4457.5,4455.10009765625,4455.2998046875,97.0,yahoo,GC=F
2026-09-09T13:17:00Z,4455.5,4457.2001953125,4455.5,4456.7998046875,114.0,yahoo,GC=F
2026-09-09T13:18:00Z,4456.7998046875,4457.89990234375,4456.5,4457.5,121.0,yahoo,GC=F
2026-09-09T13:19:00Z,4457.7001953125,4462.60009765625,4457.5,4461.5,852.0,yahoo,GC=F
2026-09-09T13:20:00Z,4461.60009765625,4462.39990234375,4458.89990234375,4461.89990234375,396.0,yahoo,GC=F
2026-09-09T13:21:00Z,4462.0,4463.89990234375,4460.60009765625,4462.2001953125,405.0,yahoo,GC=F
2026-09-09T13:22:00Z,4462.2998046875,4464.7998046875,4461.2001953125,4463.5,306.0,yahoo,GC=F
2026-09-09T13:23:00Z,4463.60009765625,4467.7998046875,4463.39990234375,4467.5,339.0,yahoo,GC=F
2026-09-09T13:24:00Z,4467.60009765625,4472.7001953125,4467.2998046875,4472.0,746.0,yahoo,GC=F
2026-09-09T13:25:00Z,4472.2001953125,4474.89990234375,4469.7998046875,4470.7998046875,861.0,yahoo,GC=F
2026-09-09T13:26:00Z,4471.0,4472.39990234375,4470.10009765625,4471.10009765625,339.0,yahoo,GC=F
2026-09-09T13:27:00Z,4471.39990234375,4474.0,4470.7998046875,4472.7998046875,211.0,yahoo,GC=F
2026-09-09T13:28:00Z,4472.7001953125,4474.7998046875,4472.5,4472.89990234375,324.0,yahoo,GC=F
2026-09-09T13:29:00Z,4472.7998046875,4475.10009765625,4472.2001953125,4474.2998046875,591.0,yahoo,GC=F
2026-09-09T13:30:00Z,4474.10009765625,4479.0,4473.60009765625,4476.60009765625,901.0,yahoo,GC=F
2026-09-09T13:31:00Z,4476.39990234375,4476.7998046875,4472.60009765625,4475.0,516.0,yahoo,GC=F
2026-09-09T13:32:00Z,4475.0,4478.7998046875,4474.0,4474.0,532.0,yahoo,GC=F
2026-09-09T13:33:00Z,4474.39990234375,4477.7001953125,4473.89990234375,4476.89990234375,302.0,yahoo,GC=F
2026-09-09T13:34:00Z,4477.2001953125,4477.60009765625,4474.7001953125,4475.5,276.0,yahoo,GC=F
2026-09-09T13:35:00Z,4475.10009765625,4475.2998046875,4471.89990234375,4472.2001953125,603.0,yahoo,GC=F
2026-09-09T13:36:00Z,4472.10009765625,4473.2001953125,4470.2998046875,4471.60009765625,311.0,yahoo,GC=F
2026-09-09T13:37:00Z,4471.89990234375,4472.7001953125,4468.5,4470.2998046875,261.0,yahoo,GC=F
2026-09-09T13:38:00Z,4470.39990234375,4471.0,4467.5,4470.7001953125,258.0,yahoo,GC=F
2026-09-09T13:39:00Z,4470.5,4470.7998046875,4464.2998046875,4465.7998046875,564.0,yahoo,GC=F
2026-09-09T13:40:00Z,4466.0,4466.5,4463.2001953125,4464.0,240.0,yahoo,GC=F
2026-09-09T13:41:00Z,4464.2001953125,4464.5,4462.2998046875,4462.60009765625,282.0,yahoo,GC=F
2026-09-09T13:42:00Z,4462.7001953125,4462.7001953125,4458.39990234375,4459.0,469.0,yahoo,GC=F
2026-09-09T13:43:00Z,4459.0,4460.5,4456.7001953125,4459.2998046875,585.0,yahoo,GC=F
2026-09-09T13:44:00Z,4458.89990234375,4463.10009765625,4458.7998046875,4461.39990234375,359.0,yahoo,GC=F
2026-09-09T13:45:00Z,4461.60009765625,4464.0,4460.7001953125,4461.10009765625,234.0,yahoo,GC=F
2026-09-09T13:46:00Z,4460.7001953125,4465.0,4460.2998046875,4464.7001953125,193.0,yahoo,GC=F
2026-09-09T13:47:00Z,4464.60009765625,4464.89990234375,4462.2998046875,4463.39990234375,214.0,yahoo,GC=F
2026-09-09T13:48:00Z,4463.7001953125,4464.0,4461.2001953125,4462.89990234375,134.0,yahoo,GC=F
2026-09-09T13:49:00Z,4463.2998046875,4465.7998046875,4462.89990234375,4465.7001953125,364.0,yahoo,GC=F
2026-09-09T13:50:00Z,4465.60009765625,4468.2001953125,4464.0,4466.0,305.0,yahoo,GC=F
2026-09-09T13:51:00Z,4466.10009765625,4467.5,4464.2001953125,4464.60009765625,182.0,yahoo,GC=F
2026-09-09T13:52:00Z,4465.10009765625,4465.2998046875,4462.2001953125,4462.39990234375,147.0,yahoo,GC=F
2026-09-09T13:53:00Z,4462.39990234375,4464.89990234375,4461.7998046875,4462.2998046875,133.0,yahoo,GC=F
2026-09-09T13:54:00Z,4462.5,4463.10009765625,4459.39990234375,4460.7001953125,243.0,yahoo,GC=F
2026-09-09T13:55:00Z,4460.89990234375,4461.2998046875,4455.7001953125,4457.60009765625,487.0,yahoo,GC=F
2026-09-09T13:56:00Z,4457.7998046875,4458.2998046875,4456.10009765625,4457.2998046875,254.0,yahoo,GC=F
2026-09-09T13:57:00Z,4456.7001953125,4457.5,4455.60009765625,4457.10009765625,140.0,yahoo,GC=F
2026-09-09T13:58:00Z,4457.2998046875,4457.5,4454.7001953125,4456.89990234375,596.0,yahoo,GC=F
2026-09-09T13:59:00Z,4457.0,4459.7001953125,4456.89990234375,4459.2998046875,155.0,yahoo,GC=F
2026-09-09T14:00:00Z,4459.2001953125,4461.2001953125,4458.60009765625,4460.89990234375,757.0,yahoo,GC=F
2026-09-09T14:01:00Z,4460.60009765625,4462.5,4458.60009765625,4462.2001953125,237.0,yahoo,GC=F
2026-09-09T14:02:00Z,4462.39990234375,4464.89990234375,4461.5,4464.89990234375,375.0,yahoo,GC=F
2026-09-09T14:03:00Z,4464.89990234375,4468.5,4463.89990234375,4468.2001953125,474.0,yahoo,GC=F
2026-09-09T14:04:00Z,4468.2001953125,4468.89990234375,4467.0,4468.10009765625,234.0,yahoo,GC=F
2026-09-09T14:05:00Z,4467.7998046875,4473.0,4467.7998046875,4470.5,462.0,yahoo,GC=F
2026-09-09T14:06:00Z,4470.2001953125,4470.2998046875,4467.10009765625,4468.60009765625,208.0,yahoo,GC=F
2026-09-09T14:07:00Z,4468.60009765625,4468.7001953125,4466.2001953125,4467.7001953125,129.0,yahoo,GC=F
2026-09-09T14:08:00Z,4467.7001953125,4468.2001953125,4466.0,4466.7998046875,117.0,yahoo,GC=F
2026-09-09T14:09:00Z,4467.0,4467.39990234375,4465.2001953125,4466.39990234375,124.0,yahoo,GC=F
2026-09-09T14:10:00Z,4466.39990234375,4467.10009765625,4465.0,4466.2998046875,167.0,yahoo,GC=F
2026-09-09T14:11:00Z,4466.7001953125,4466.7001953125,4464.39990234375,4465.2998046875,114.0,yahoo,GC=F
2026-09-09T14:12:00Z,4465.7001953125,4465.7001953125,4462.0,4462.5,228.0,yahoo,GC=F
2026-09-09T14:13:00Z,4462.5,4464.39990234375,4462.39990234375,4463.5,108.0,yahoo,GC=F
2026-09-09T14:14:00Z,4463.60009765625,4467.89990234375,4463.60009765625,4467.5,155.0,yahoo,GC=F
2026-09-09T14:15:00Z,4467.7001953125,4467.7001953125,4463.7001953125,4464.7001953125,222.0,yahoo,GC=F
2026-09-09T14:16:00Z,4464.39990234375,4464.5,4459.10009765625,4460.7998046875,463.0,yahoo,GC=F
2026-09-09T14:17:00Z,4460.60009765625,4463.7998046875,4460.0,4462.89990234375,149.0,yahoo,GC=F
2026-09-09T14:18:00Z,4463.0,4463.0,4460.5,4461.0,147.0,yahoo,GC=F
2026-09-09T14:19:00Z,4461.10009765625,4461.60009765625,4457.89990234375,4461.0,232.0,yahoo,GC=F
2026-09-09T14:20:00Z,4461.10009765625,4461.2998046875,4457.89990234375,4458.39990234375,208.0,yahoo,GC=F
2026-09-09T14:21:00Z,4458.39990234375,4459.5,4457.10009765625,4457.60009765625,165.0,yahoo,GC=F
2026-09-09T14:22:00Z,4457.2998046875,4458.2001953125,4456.5,4457.5,142.0,yahoo,GC=F
2026-09-09T14:23:00Z,4457.39990234375,4459.7001953125,4457.2998046875,4458.5,117.0,yahoo,GC=F
2026-09-09T14:24:00Z,4458.89990234375,4459.39990234375,4453.60009765625,4454.2001953125,389.0,yahoo,GC=F
2026-09-09T14:25:00Z,4454.39990234375,4460.7001953125,4453.89990234375,4460.39990234375,244.0,yahoo,GC=F
2026-09-09T14:26:00Z,4460.2998046875,4464.0,4460.2001953125,4463.7001953125,233.0,yahoo,GC=F
2026-09-09T14:27:00Z,4463.89990234375,4466.7998046875,4463.60009765625,4465.0,504.0,yahoo,GC=F
2026-09-09T14:28:00Z,4465.5,4468.39990234375,4465.2001953125,4468.10009765625,243.0,yahoo,GC=F
2026-09-09T14:29:00Z,4468.0,4470.2001953125,4467.39990234375,4470.0,364.0,yahoo,GC=F
2026-09-09T14:30:00Z,4470.2001953125,4470.2001953125,4468.0,4468.0,487.0,yahoo,GC=F
2026-09-09T14:31:00Z,4468.60009765625,4468.60009765625,4466.10009765625,4467.39990234375,204.0,yahoo,GC=F
2026-09-09T14:32:00Z,4467.5,4467.89990234375,4465.2998046875,4466.89990234375,101.0,yahoo,GC=F
2026-09-09T14:33:00Z,4466.60009765625,4467.10009765625,4464.7001953125,4466.7001953125,131.0,yahoo,GC=F
2026-09-09T14:34:00Z,4466.5,4467.2001953125,4465.2001953125,4467.2001953125,180.0,yahoo,GC=F
2026-09-09T14:35:00Z,4467.2001953125,4469.7998046875,4466.89990234375,4469.10009765625,297.0,yahoo,GC=F
2026-09-09T14:36:00Z,4468.7001953125,4469.60009765625,4468.7001953125,4469.39990234375,148.0,yahoo,GC=F
2026-09-09T14:37:00Z,4469.60009765625,4469.60009765625,4467.5,4467.5,106.0,yahoo,GC=F
2026-09-09T14:38:00Z,4467.39990234375,4469.60009765625,4467.2001953125,4468.2001953125,114.0,yahoo,GC=F
2026-09-09T14:39:00Z,4468.2998046875,4471.39990234375,4468.10009765625,4470.7001953125,280.0,yahoo,GC=F
2026-09-09T14:40:00Z,4470.10009765625,4471.10009765625,4467.7001953125,4468.5,227.0,yahoo,GC=F
2026-09-09T14:41:00Z,4468.7001953125,4469.60009765625,4467.89990234375,4468.60009765625,119.0,yahoo,GC=F
2026-09-09T14:42:00Z,4468.2001953125,4468.39990234375,4465.89990234375,4466.39990234375,109.0,yahoo,GC=F
2026-09-09T14:43:00Z,4466.39990234375,4466.39990234375,4464.2001953125,4464.7001953125,146.0,yahoo,GC=F
2026-09-09T14:44:00Z,4464.89990234375,4466.0,4463.0,4463.2001953125,115.0,yahoo,GC=F
2026-09-09T14:45:00Z,4463.39990234375,4465.0,4462.39990234375,4465.0,92.0,yahoo,GC=F
2026-09-09T14:46:00Z,4465.2001953125,4465.5,4463.10009765625,4464.89990234375,156.0,yahoo,GC=F
2026-09-09T14:47:00Z,4465.10009765625,4466.7001953125,4465.10009765625,4466.60009765625,71.0,yahoo,GC=F
2026-09-09T14:48:00Z,4466.5,4466.7001953125,4465.2001953125,4465.39990234375,109.0,yahoo,GC=F
2026-09-09T14:49:00Z,4465.5,4466.2001953125,4464.2998046875,4465.60009765625,35.0,yahoo,GC=F
2026-09-09T14:50:00Z,4464.89990234375,4467.2001953125,4464.2001953125,4466.2998046875,182.0,yahoo,GC=F
2026-09-09T14:51:00Z,4466.60009765625,4466.60009765625,4465.2998046875,4466.2998046875,89.0,yahoo,GC=F
2026-09-09T14:52:00Z,4466.10009765625,4468.10009765625,4464.39990234375,4464.5,242.0,yahoo,GC=F
2026-09-09T14:53:00Z,4464.5,4465.7998046875,4464.2001953125,4464.5,108.0,yahoo,GC=F
2026-09-09T14:54:00Z,4464.5,4466.10009765625,4463.5,4463.60009765625,250.0,yahoo,GC=F
2026-09-09T14:55:00Z,4464.0,4464.7001953125,4460.7001953125,4460.89990234375,293.0,yahoo,GC=F
2026-09-09T14:56:00Z,4460.89990234375,4462.39990234375,4460.0,4460.7998046875,329.0,yahoo,GC=F
2026-09-09T14:57:00Z,4460.7001953125,4462.60009765625,4460.5,4461.60009765625,65.0,yahoo,GC=F
2026-09-09T14:58:00Z,4461.7001953125,4462.39990234375,4459.2001953125,4461.7998046875,131.0,yahoo,GC=F
2026-09-09T14:59:00Z,4462.10009765625,4463.2998046875,4460.7998046875,4463.2001953125,135.0,yahoo,GC=F
2026-09-09T15:00:00Z,4463.39990234375,4477.0,4462.60009765625,4472.89990234375,1662.0,yahoo,GC=F
2026-09-09T15:01:00Z,4472.2001953125,4475.89990234375,4449.89990234375,4451.7001953125,3960.0,yahoo,GC=F
2026-09-09T15:02:00Z,4452.5,4459.2998046875,4444.89990234375,4445.2998046875,2268.0,yahoo,GC=F
2026-09-09T15:03:00Z,4445.5,4448.5,4442.5,4446.5,833.0,yahoo,GC=F
2026-09-09T15:04:00Z,4447.10009765625,4447.2001953125,4439.2001953125,4439.5,921.0,yahoo,GC=F
2026-09-09T15:05:00Z,4439.60009765625,4443.2001953125,4426.60009765625,4428.5,1455.0,yahoo,GC=F
2026-09-09T15:06:00Z,4428.2001953125,4435.2998046875,4424.60009765625,4430.7998046875,1318.0,yahoo,GC=F
2026-09-09T15:07:00Z,4430.7998046875,4439.5,4429.7001953125,4438.7998046875,1012.0,yahoo,GC=F
2026-09-09T15:08:00Z,4438.7998046875,4439.7998046875,4435.89990234375,4439.60009765625,494.0,yahoo,GC=F
2026-09-09T15:09:00Z,4439.39990234375,4439.7001953125,4432.10009765625,4436.0,651.0,yahoo,GC=F
2026-09-09T15:10:00Z,4435.39990234375,4436.89990234375,4431.10009765625,4434.5,595.0,yahoo,GC=F
2026-09-09T15:11:00Z,4434.5,4434.7001953125,4427.7001953125,4427.7001953125,874.0,yahoo,GC=F
2026-09-09T15:12:00Z,4427.60009765625,4433.60009765625,4426.10009765625,4427.2998046875,882.0,yahoo,GC=F
2026-09-09T15:13:00Z,4427.5,4434.5,4427.5,4430.39990234375,525.0,yahoo,GC=F
2026-09-09T15:14:00Z,4430.60009765625,4435.7998046875,4430.60009765625,4434.7998046875,448.0,yahoo,GC=F
2026-09-09T15:15:00Z,4434.5,4435.89990234375,4429.7998046875,4434.10009765625,600.0,yahoo,GC=F
2026-09-09T15:16:00Z,4434.10009765625,4438.0,4432.60009765625,4436.0,382.0,yahoo,GC=F
2026-09-09T15:17:00Z,4436.2998046875,4436.2998046875,4427.7001953125,4431.10009765625,406.0,yahoo,GC=F
2026-09-09T15:18:00Z,4431.7001953125,4433.39990234375,4428.2001953125,4428.5,217.0,yahoo,GC=F
2026-09-09T15:19:00Z,4428.60009765625,4429.60009765625,4423.89990234375,4429.10009765625,598.0,yahoo,GC=F
2026-09-09T15:20:00Z,4429.2001953125,4432.89990234375,4428.60009765625,4431.10009765625,408.0,yahoo,GC=F
2026-09-09T15:21:00Z,4431.5,4431.60009765625,4425.2998046875,4426.39990234375,455.0,yahoo,GC=F
2026-09-09T15:22:00Z,4426.39990234375,4428.10009765625,4419.39990234375,4420.39990234375,718.0,yahoo,GC=F
2026-09-09T15:23:00Z,4420.2001953125,4424.2001953125,4419.2998046875,4423.60009765625,492.0,yahoo,GC=F
2026-09-09T15:24:00Z,4423.60009765625,4427.7998046875,4421.7998046875,4427.7998046875,670.0,yahoo,GC=F
2026-09-09T15:25:00Z,4427.60009765625,4434.10009765625,4427.2001953125,4433.89990234375,595.0,yahoo,GC=F
2026-09-09T15:26:00Z,4433.7001953125,4434.60009765625,4431.10009765625,4434.2001953125,259.0,yahoo,GC=F
2026-09-09T15:27:00Z,4434.2001953125,4436.39990234375,4432.60009765625,4435.10009765625,322.0,yahoo,GC=F
2026-09-09T15:28:00Z,4435.2001953125,4437.7001953125,4434.89990234375,4437.39990234375,308.0,yahoo,GC=F
2026-09-09T15:29:00Z,4437.7998046875,4439.89990234375,4436.89990234375,4438.7001953125,513.0,yahoo,GC=F
2026-09-09T15:30:00Z,4439.10009765625,4442.0,4437.7001953125,4441.10009765625,446.0,yahoo,GC=F
2026-09-09T15:31:00Z,4441.2001953125,4441.2998046875,4437.10009765625,4437.10009765625,306.0,yahoo,GC=F
2026-09-09T15:32:00Z,4437.2001953125,4442.2998046875,4436.7998046875,4442.2998046875,160.0,yahoo,GC=F
2026-09-09T15:33:00Z,4441.7998046875,4442.7001953125,4440.89990234375,4442.39990234375,193.0,yahoo,GC=F
2026-09-09T15:34:00Z,4442.5,4445.7998046875,4442.10009765625,4445.39990234375,408.0,yahoo,GC=F
2026-09-09T15:35:00Z,4445.10009765625,4447.0,4444.7998046875,4446.89990234375,383.0,yahoo,GC=F
2026-09-09T15:36:00Z,4446.60009765625,4451.39990234375,4446.39990234375,4451.0,631.0,yahoo,GC=F
2026-09-09T15:37:00Z,4450.7998046875,4450.7998046875,4446.7998046875,4446.7998046875,282.0,yahoo,GC=F
2026-09-09T15:38:00Z,4446.7001953125,4446.7998046875,4444.60009765625,4445.89990234375,271.0,yahoo,GC=F
2026-09-09T15:39:00Z,4445.7001953125,4451.89990234375,4442.10009765625,4450.5,1168.0,yahoo,GC=F
2026-09-09T15:40:00Z,4450.7998046875,4451.60009765625,4443.5,4446.39990234375,343.0,yahoo,GC=F
2026-09-09T15:41:00Z,4446.39990234375,4448.5,4445.2001953125,4446.7001953125,165.0,yahoo,GC=F
2026-09-09T15:42:00Z,4446.7001953125,4446.89990234375,4445.2001953125,4445.60009765625,69.0,yahoo,GC=F
2026-09-09T15:43:00Z,4446.2001953125,4448.10009765625,4445.89990234375,4447.7001953125,49.0,yahoo,GC=F
2026-09-09T15:44:00Z,4447.2001953125,4448.7998046875,4447.10009765625,4447.5,64.0,yahoo,GC=F
2026-09-09T15:45:00Z,4447.5,4448.2001953125,4446.7001953125,4447.2998046875,95.0,yahoo,GC=F
2026-09-09T15:46:00Z,4447.2001953125,4448.7998046875,4446.89990234375,4448.7001953125,92.0,yahoo,GC=F
2026-09-09T15:47:00Z,4448.2998046875,4449.0,4445.89990234375,4445.89990234375,51.0,yahoo,GC=F
2026-09-09T15:48:00Z,4446.2998046875,4447.0,4444.7998046875,4445.10009765625,92.0,yahoo,GC=F
2026-09-09T15:49:00Z,4444.7001953125,4447.0,4443.2001953125,4446.60009765625,127.0,yahoo,GC=F
2026-09-09T15:50:00Z,4446.5,4451.5,4446.2001953125,4450.10009765625,261.0,yahoo,GC=F
2026-09-09T15:51:00Z,4450.10009765625,4450.7001953125,4449.2001953125,4449.2001953125,122.0,yahoo,GC=F
2026-09-09T15:52:00Z,4449.39990234375,4449.39990234375,4444.89990234375,4445.2998046875,143.0,yahoo,GC=F
2026-09-09T15:53:00Z,4445.2998046875,4446.2001953125,4444.5,4444.89990234375,96.0,yahoo,GC=F
2026-09-09T15:54:00Z,4445.2001953125,4445.7001953125,4443.7001953125,4445.7001953125,94.0,yahoo,GC=F
2026-09-09T15:55:00Z,4445.39990234375,4445.39990234375,4444.0,4444.0,62.0,yahoo,GC=F
2026-09-09T15:56:00Z,4444.10009765625,4444.7998046875,4443.60009765625,4444.2001953125,53.0,yahoo,GC=F
2026-09-09T15:57:00Z,4444.2001953125,4444.89990234375,4442.7001953125,4443.10009765625,80.0,yahoo,GC=F
2026-09-09T15:58:00Z,4443.2998046875,4444.7001953125,4442.2998046875,4443.7001953125,176.0,yahoo,GC=F
2026-09-09T15:59:00Z,4443.89990234375,4443.89990234375,4442.39990234375,4442.7001953125,146.0,yahoo,GC=F
2026-09-09T16:00:00Z,4442.89990234375,4443.0,4441.10009765625,4442.7001953125,183.0,yahoo,GC=F
2026-09-09T16:01:00Z,4442.5,4443.2998046875,4441.60009765625,4442.39990234375,128.0,yahoo,GC=F
2026-09-09T16:02:00Z,4442.39990234375,4445.10009765625,4441.7998046875,4444.2998046875,83.0,yahoo,GC=F
2026-09-09T16:03:00Z,4443.89990234375,4446.2998046875,4443.7998046875,4446.2998046875,104.0,yahoo,GC=F
2026-09-09T16:04:00Z,4445.89990234375,4447.2998046875,4445.7001953125,4447.2001953125,91.0,yahoo,GC=F
2026-09-09T16:05:00Z,4446.7998046875,4446.7998046875,4444.60009765625,4445.2001953125,72.0,yahoo,GC=F
2026-09-09T16:06:00Z,4445.0,4445.60009765625,4442.39990234375,4444.0,150.0,yahoo,GC=F
2026-09-09T16:07:00Z,4443.2998046875,4444.60009765625,4442.10009765625,4442.10009765625,43.0,yahoo,GC=F
2026-09-09T16:08:00Z,4442.39990234375,4444.5,4439.2001953125,4441.2001953125,484.0,yahoo,GC=F
2026-09-09T16:09:00Z,4440.89990234375,4442.0,4439.5,4440.2998046875,201.0,yahoo,GC=F
2026-09-09T16:10:00Z,4440.2001953125,4441.7001953125,4439.7001953125,4440.7001953125,68.0,yahoo,GC=F
2026-09-09T16:11:00Z,4440.2001953125,4441.39990234375,4439.5,4440.5,104.0,yahoo,GC=F
2026-09-09T16:12:00Z,4440.39990234375,4441.10009765625,4440.0,4440.39990234375,82.0,yahoo,GC=F
2026-09-09T16:13:00Z,4440.2998046875,4443.2001953125,4440.2998046875,4442.89990234375,99.0,yahoo,GC=F
2026-09-09T16:14:00Z,4442.7998046875,4443.10009765625,4442.2998046875,4442.39990234375,50.0,yahoo,GC=F
2026-09-09T16:15:00Z,4442.60009765625,4443.0,4438.7998046875,4440.2001953125,156.0,yahoo,GC=F
2026-09-09T16:16:00Z,4440.2001953125,4440.5,4438.5,4438.7001953125,129.0,yahoo,GC=F
2026-09-09T16:17:00Z,4438.60009765625,4439.2998046875,4436.89990234375,4437.2001953125,470.0,yahoo,GC=F
2026-09-09T16:18:00Z,4437.2001953125,4437.39990234375,4436.2001953125,4436.2998046875,122.0,yahoo,GC=F
2026-09-09T16:19:00Z,4436.2001953125,4439.5,4435.7998046875,4437.7001953125,141.0,yahoo,GC=F
2026-09-09T16:20:00Z,4438.0,4439.5,4438.0,4438.39990234375,65.0,yahoo,GC=F
2026-09-09T16:21:00Z,4438.2998046875,4440.0,4437.7998046875,4439.7998046875,33.0,yahoo,GC=F
2026-09-09T16:22:00Z,4439.89990234375,4439.89990234375,4438.89990234375,4438.89990234375,20.0,yahoo,GC=F
2026-09-09T16:23:00Z,4439.5,4441.10009765625,4438.60009765625,4440.7001953125,63.0,yahoo,GC=F
2026-09-09T16:24:00Z,4440.5,4443.0,4440.39990234375,4443.0,149.0,yahoo,GC=F
2026-09-09T16:25:00Z,4443.10009765625,4447.0,4443.10009765625,4446.2998046875,387.0,yahoo,GC=F
2026-09-09T16:26:00Z,4446.10009765625,4446.5,4444.7998046875,4445.2998046875,156.0,yahoo,GC=F
2026-09-09T16:27:00Z,4445.0,4446.89990234375,4445.0,4446.60009765625,78.0,yahoo,GC=F
2026-09-09T16:28:00Z,4446.60009765625,4446.7001953125,4445.10009765625,4445.10009765625,28.0,yahoo,GC=F
2026-09-09T16:29:00Z,4444.5,4446.2998046875,4444.5,4446.2001953125,48.0,yahoo,GC=F
2026-09-09T16:30:00Z,4446.0,4446.5,4443.2998046875,4444.5,126.0,yahoo,GC=F
2026-09-09T16:31:00Z,4444.89990234375,4446.0,4444.7001953125,4445.89990234375,54.0,yahoo,GC=F
2026-09-09T16:32:00Z,4446.2001953125,4447.7998046875,4444.7998046875,4447.7001953125,118.0,yahoo,GC=F
2026-09-09T16:33:00Z,4448.0,4448.2998046875,4446.89990234375,4447.5,67.0,yahoo,GC=F
2026-09-09T16:34:00Z,4447.5,4448.2998046875,4447.0,4447.10009765625,120.0,yahoo,GC=F
2026-09-09T16:35:00Z,4447.2001953125,4448.7998046875,4446.39990234375,4446.89990234375,73.0,yahoo,GC=F
2026-09-09T16:36:00Z,4446.60009765625,4446.60009765625,4445.10009765625,4445.89990234375,114.0,yahoo,GC=F
2026-09-09T16:37:00Z,4445.10009765625,4445.39990234375,4444.10009765625,4444.39990234375,55.0,yahoo,GC=F
2026-09-09T16:38:00Z,4444.2998046875,4446.39990234375,4443.7998046875,4445.2001953125,65.0,yahoo,GC=F
2026-09-09T16:39:00Z,4445.2998046875,4449.0,4445.2001953125,4448.7998046875,109.0,yahoo,GC=F
2026-09-09T16:40:00Z,4448.7998046875,4449.2001953125,4448.10009765625,4448.2001953125,90.0,yahoo,GC=F
2026-09-09T16:41:00Z,4448.2998046875,4449.7001953125,4448.2998046875,4448.89990234375,144.0,yahoo,GC=F
2026-09-09T16:42:00Z,4448.7998046875,4450.7001953125,4448.7998046875,4450.0,394.0,yahoo,GC=F
2026-09-09T16:43:00Z,4450.10009765625,4453.10009765625,4450.10009765625,4451.5,167.0,yahoo,GC=F
2026-09-09T16:44:00Z,4451.5,4452.7001953125,4451.10009765625,4452.2998046875,99.0,yahoo,GC=F
2026-09-09T16:45:00Z,4452.2998046875,4453.0,4451.60009765625,4452.2998046875,128.0,yahoo,GC=F
2026-09-09T16:46:00Z,4452.5,4452.89990234375,4452.39990234375,4452.89990234375,73.0,yahoo,GC=F
2026-09-09T16:47:00Z,4453.0,4453.60009765625,4451.60009765625,4453.0,147.0,yahoo,GC=F
2026-09-09T16:48:00Z,4453.2998046875,4454.10009765625,4450.7998046875,4451.7001953125,150.0,yahoo,GC=F
2026-09-09T16:49:00Z,4451.89990234375,4452.89990234375,4451.5,4452.10009765625,70.0,yahoo,GC=F
2026-09-09T16:50:00Z,4452.10009765625,4452.60009765625,4451.10009765625,4451.7998046875,76.0,yahoo,GC=F
2026-09-09T16:51:00Z,4451.89990234375,4452.39990234375,4450.60009765625,4451.2001953125,53.0,yahoo,GC=F
2026-09-09T16:52:00Z,4451.2998046875,4452.10009765625,4450.7998046875,4451.0,45.0,yahoo,GC=F
2026-09-09T16:53:00Z,4451.0,4451.2001953125,4450.39990234375,4451.2001953125,24.0,yahoo,GC=F
2026-09-09T16:54:00Z,4451.2998046875,4452.2001953125,4451.2998046875,4452.0,21.0,yahoo,GC=F
2026-09-09T16:55:00Z,4452.10009765625,4452.7001953125,4451.2001953125,4452.0,117.0,yahoo,GC=F
2026-09-09T16:56:00Z,4452.10009765625,4453.89990234375,4452.0,4453.2001953125,89.0,yahoo,GC=F
2026-09-09T16:57:00Z,4453.0,4453.7001953125,4452.7998046875,4453.5,75.0,yahoo,GC=F
2026-09-09T16:58:00Z,4453.7998046875,4454.60009765625,4453.2998046875,4454.0,118.0,yahoo,GC=F
2026-09-09T16:59:00Z,4453.89990234375,4455.39990234375,4453.2998046875,4454.39990234375,207.0,yahoo,GC=F
2026-09-09T17:00:00Z,4454.5,4456.10009765625,4453.7998046875,4455.2998046875,208.0,yahoo,GC=F
2026-09-09T17:01:00Z,4455.2998046875,4455.7998046875,4454.0,4455.10009765625,80.0,yahoo,GC=F
2026-09-09T17:02:00Z,4454.89990234375,4459.10009765625,4454.10009765625,4458.2998046875,617.0,yahoo,GC=F
2026-09-09T17:03:00Z,4458.39990234375,4458.39990234375,4455.89990234375,4456.89990234375,130.0,yahoo,GC=F
2026-09-09T17:04:00Z,4456.7001953125,4458.0,4456.7001953125,4458.0,75.0,yahoo,GC=F
2026-09-09T17:05:00Z,4457.89990234375,4460.5,4457.5,4460.2998046875,106.0,yahoo,GC=F
2026-09-09T17:06:00Z,4460.10009765625,4464.5,4460.0,4463.10009765625,505.0,yahoo,GC=F
2026-09-09T17:07:00Z,4462.89990234375,4463.2001953125,4461.2998046875,4462.7998046875,166.0,yahoo,GC=F
2026-09-09T17:08:00Z,4463.39990234375,4464.5,4463.2001953125,4463.7001953125,146.0,yahoo,GC=F
2026-09-09T17:09:00Z,4463.7001953125,4465.2998046875,4463.0,4463.7998046875,467.0,yahoo,GC=F
2026-09-09T17:10:00Z,4463.2001953125,4463.5,4461.7001953125,4462.7998046875,103.0,yahoo,GC=F
2026-09-09T17:11:00Z,4463.0,4464.0,4461.0,4462.2001953125,109.0,yahoo,GC=F
2026-09-09T17:12:00Z,4462.39990234375,4463.0,4460.7998046875,4461.0,101.0,yahoo,GC=F
2026-09-09T17:13:00Z,4461.0,4462.5,4460.39990234375,4462.39990234375,98.0,yahoo,GC=F
2026-09-09T17:14:00Z,4462.5,4464.2998046875,4461.39990234375,4461.60009765625,329.0,yahoo,GC=F
2026-09-09T17:15:00Z,4461.7998046875,4462.2998046875,4460.10009765625,4461.2998046875,211.0,yahoo,GC=F
2026-09-09T17:16:00Z,4461.39990234375,4462.2001953125,4460.2998046875,4461.39990234375,72.0,yahoo,GC=F
2026-09-09T17:17:00Z,4461.2998046875,4463.10009765625,4460.7001953125,4462.60009765625,90.0,yahoo,GC=F
2026-09-09T17:18:00Z,4462.2998046875,4463.5,4462.2001953125,4463.0,97.0,yahoo,GC=F
2026-09-09T17:19:00Z,4462.7998046875,4462.7998046875,4461.2001953125,4461.2998046875,118.0,yahoo,GC=F
2026-09-09T17:20:00Z,4461.39990234375,4462.60009765625,4460.89990234375,4462.2001953125,107.0,yahoo,GC=F
2026-09-09T17:21:00Z,4462.2001953125,4463.5,4462.10009765625,4463.2998046875,59.0,yahoo,GC=F
2026-09-09T17:22:00Z,4463.39990234375,4463.39990234375,4462.60009765625,4463.2001953125,40.0,yahoo,GC=F
2026-09-09T17:23:00Z,4463.39990234375,4463.39990234375,4462.7001953125,4462.89990234375,47.0,yahoo,GC=F
2026-09-09T17:24:00Z,4462.7998046875,4463.39990234375,4460.7998046875,4463.10009765625,158.0,yahoo,GC=F
2026-09-09T17:25:00Z,4463.2998046875,4464.7998046875,4462.89990234375,4464.60009765625,93.0,yahoo,GC=F
2026-09-09T17:26:00Z,4464.5,4465.39990234375,4464.0,4464.60009765625,110.0,yahoo,GC=F
2026-09-09T17:27:00Z,4464.7001953125,4465.60009765625,4463.2998046875,4464.60009765625,129.0,yahoo,GC=F
2026-09-09T17:28:00Z,4464.60009765625,4464.7001953125,4461.89990234375,4462.0,176.0,yahoo,GC=F
2026-09-09T17:29:00Z,4461.7998046875,4462.7998046875,4459.5,4459.7998046875,842.0,yahoo,GC=F
2026-09-09T17:30:00Z,4460.0,4460.2001953125,4458.5,4459.39990234375,311.0,yahoo,GC=F
2026-09-09T17:31:00Z,4459.2998046875,4459.7001953125,4458.10009765625,4458.7001953125,118.0,yahoo,GC=F
2026-09-09T17:32:00Z,4458.7998046875,4459.7001953125,4458.2998046875,4458.5,87.0,yahoo,GC=F
2026-09-09T17:33:00Z,4458.39990234375,4459.0,4458.2001953125,4458.7998046875,184.0,yahoo,GC=F
2026-09-09T17:34:00Z,4458.60009765625,4458.7998046875,4456.7998046875,4457.7001953125,149.0,yahoo,GC=F
2026-09-09T17:35:00Z,4457.7998046875,4458.10009765625,4457.10009765625,4458.10009765625,19.0,yahoo,GC=F
2026-09-09T17:36:00Z,4458.2001953125,4458.7998046875,4457.7998046875,4458.0,54.0,yahoo,GC=F
2026-09-09T17:37:00Z,4457.89990234375,4459.5,4457.7998046875,4458.0,73.0,yahoo,GC=F
2026-09-09T17:38:00Z,4457.89990234375,4458.0,4457.2001953125,4457.89990234375,58.0,yahoo,GC=F
2026-09-09T17:39:00Z,4458.0,4458.2001953125,4457.60009765625,4458.10009765625,38.0,yahoo,GC=F
2026-09-09T17:40:00Z,4458.5,4460.7998046875,4458.5,4460.7998046875,60.0,yahoo,GC=F
2026-09-09T17:41:00Z,4460.60009765625,4461.39990234375,4460.2001953125,4461.39990234375,166.0,yahoo,GC=F
2026-09-09T17:42:00Z,4461.5,4462.2001953125,4460.89990234375,4461.39990234375,91.0,yahoo,GC=F
2026-09-09T17:43:00Z,4461.10009765625,4461.10009765625,4458.60009765625,4458.7001953125,164.0,yahoo,GC=F
2026-09-09T17:44:00Z,4458.7001953125,4459.60009765625,4458.5,4458.5,62.0,yahoo,GC=F
2026-09-09T17:45:00Z,4458.7001953125,4459.10009765625,4458.39990234375,4458.5,33.0,yahoo,GC=F
2026-09-09T17:46:00Z,4458.39990234375,4459.7001953125,4458.39990234375,4459.7001953125,31.0,yahoo,GC=F
2026-09-09T17:47:00Z,4459.7998046875,4460.2001953125,4459.2001953125,4459.2001953125,47.0,yahoo,GC=F
2026-09-09T17:48:00Z,4459.0,4459.60009765625,4459.0,4459.60009765625,64.0,yahoo,GC=F
2026-09-09T17:49:00Z,4459.39990234375,4459.39990234375,4458.7998046875,4458.7998046875,11.0,yahoo,GC=F
2026-09-09T17:50:00Z,4459.0,4459.7001953125,4458.7001953125,4459.7001953125,50.0,yahoo,GC=F
2026-09-09T17:51:00Z,4459.7001953125,4460.0,4458.7998046875,4460.0,73.0,yahoo,GC=F
2026-09-09T17:52:00Z,4459.7998046875,4460.5,4459.7998046875,4460.2001953125,32.0,yahoo,GC=F
2026-09-09T17:53:00Z,4460.2998046875,4461.2001953125,4460.2001953125,4460.60009765625,90.0,yahoo,GC=F
2026-09-09T17:54:00Z,4460.60009765625,4461.5,4459.7001953125,4460.2998046875,107.0,yahoo,GC=F
2026-09-09T17:55:00Z,4460.5,4461.2001953125,4460.2998046875,4460.7001953125,51.0,yahoo,GC=F
2026-09-09T17:56:00Z,4461.10009765625,4461.2001953125,4460.5,4460.5,47.0,yahoo,GC=F
2026-09-09T17:57:00Z,4461.0,4461.7001953125,4461.0,4461.39990234375,40.0,yahoo,GC=F
2026-09-09T17:58:00Z,4461.39990234375,4462.10009765625,4461.39990234375,4461.89990234375,37.0,yahoo,GC=F
2026-09-09T17:59:00Z,4461.7998046875,4462.10009765625,4460.60009765625,4461.2001953125,93.0,yahoo,GC=F
2026-09-09T18:00:00Z,4461.39990234375,4463.7998046875,4461.10009765625,4462.89990234375,169.0,yahoo,GC=F
2026-09-09T18:01:00Z,4462.89990234375,4464.10009765625,4462.2998046875,4462.60009765625,121.0,yahoo,GC=F
2026-09-09T18:02:00Z,4462.7998046875,4463.2998046875,4462.0,4462.0,89.0,yahoo,GC=F
2026-09-09T18:03:00Z,4461.7998046875,4463.2001953125,4461.5,4462.7998046875,64.0,yahoo,GC=F
2026-09-09T18:04:00Z,4462.89990234375,4463.7001953125,4462.2998046875,4463.7001953125,55.0,yahoo,GC=F
2026-09-09T18:05:00Z,4463.60009765625,4464.2998046875,4462.7998046875,4462.89990234375,64.0,yahoo,GC=F
2026-09-09T18:06:00Z,4463.0,4463.5,4462.39990234375,4463.39990234375,70.0,yahoo,GC=F
2026-09-09T18:07:00Z,4463.5,4463.5,4461.2001953125,4461.5,135.0,yahoo,GC=F
2026-09-09T18:08:00Z,4461.5,4461.89990234375,4461.10009765625,4461.2001953125,51.0,yahoo,GC=F
2026-09-09T18:09:00Z,4461.5,4463.60009765625,4461.2998046875,4463.39990234375,70.0,yahoo,GC=F
2026-09-09T18:10:00Z,4463.5,4463.89990234375,4463.0,4463.10009765625,43.0,yahoo,GC=F
2026-09-09T18:11:00Z,4463.2001953125,4464.39990234375,4462.89990234375,4464.0,63.0,yahoo,GC=F
2026-09-09T18:12:00Z,4464.2001953125,4466.7001953125,4464.2001953125,4466.5,272.0,yahoo,GC=F
2026-09-09T18:13:00Z,4466.2001953125,4466.2001953125,4465.7001953125,4466.10009765625,70.0,yahoo,GC=F
2026-09-09T18:14:00Z,4466.0,4466.10009765625,4465.0,4465.60009765625,66.0,yahoo,GC=F
2026-09-09T18:15:00Z,4465.7001953125,4465.7001953125,4464.7001953125,4465.0,62.0,yahoo,GC=F
2026-09-09T18:16:00Z,4464.7998046875,4465.2001953125,4463.2001953125,4464.89990234375,183.0,yahoo,GC=F
2026-09-09T18:17:00Z,4464.60009765625,4465.89990234375,4464.5,4465.60009765625,75.0,yahoo,GC=F
2026-09-09T18:18:00Z,4465.39990234375,4465.39990234375,4464.89990234375,4465.0,56.0,yahoo,GC=F
2026-09-09T18:19:00Z,4465.0,4465.10009765625,4463.7001953125,4464.39990234375,148.0,yahoo,GC=F
2026-09-09T18:20:00Z,4464.2001953125,4464.60009765625,4463.7001953125,4463.89990234375,52.0,yahoo,GC=F
2026-09-09T18:21:00Z,4463.7998046875,4464.5,4463.7998046875,4464.39990234375,47.0,yahoo,GC=F
2026-09-09T18:22:00Z,4464.7998046875,4464.7998046875,4463.7998046875,4464.2998046875,64.0,yahoo,GC=F
2026-09-09T18:23:00Z,4464.2998046875,4464.39990234375,4462.2998046875,4462.2998046875,71.0,yahoo,GC=F
2026-09-09T18:24:00Z,4462.39990234375,4463.0,4462.39990234375,4462.39990234375,37.0,yahoo,GC=F
2026-09-09T18:25:00Z,4462.89990234375,4463.10009765625,4461.89990234375,4462.89990234375,58.0,yahoo,GC=F
2026-09-09T18:26:00Z,4463.10009765625,4463.10009765625,4462.0,4462.2001953125,107.0,yahoo,GC=F
2026-09-09T18:27:00Z,4462.39990234375,4463.0,4462.2998046875,4463.0,58.0,yahoo,GC=F
2026-09-09T18:28:00Z,4462.7001953125,4462.7001953125,4461.89990234375,4462.0,79.0,yahoo,GC=F
2026-09-09T18:29:00Z,4462.2998046875,4463.10009765625,4462.10009765625,4463.10009765625,92.0,yahoo,GC=F
2026-09-09T18:30:00Z,4463.2998046875,4463.5,4461.7998046875,4461.89990234375,79.0,yahoo,GC=F
2026-09-09T18:31:00Z,4461.7998046875,4461.7998046875,4459.39990234375,4460.0,268.0,yahoo,GC=F
2026-09-09T18:32:00Z,4460.10009765625,4460.7001953125,4458.7001953125,4460.5,200.0,yahoo,GC=F
2026-09-09T18:33:00Z,4460.5,4461.89990234375,4460.2998046875,4460.89990234375,213.0,yahoo,GC=F
2026-09-09T18:34:00Z,4461.10009765625,4461.10009765625,4460.0,4460.2998046875,63.0,yahoo,GC=F
2026-09-09T18:35:00Z,4460.10009765625,4460.7001953125,4459.60009765625,4460.0,103.0,yahoo,GC=F
2026-09-09T18:36:00Z,4460.10009765625,4460.60009765625,4459.10009765625,4459.7001953125,62.0,yahoo,GC=F
2026-09-09T18:37:00Z,4459.5,4459.60009765625,4458.7001953125,4459.2001953125,117.0,yahoo,GC=F
2026-09-09T18:38:00Z,4459.10009765625,4460.5,4459.10009765625,4460.10009765625,118.0,yahoo,GC=F
2026-09-09T18:39:00Z,4460.60009765625,4460.89990234375,4459.60009765625,4460.10009765625,228.0,yahoo,GC=F
2026-09-09T18:40:00Z,4460.2998046875,4461.7998046875,4460.0,4461.2001953125,122.0,yahoo,GC=F
2026-09-09T18:41:00Z,4461.2998046875,4461.60009765625,4457.39990234375,4457.60009765625,147.0,yahoo,GC=F
2026-09-09T18:42:00Z,4457.2998046875,4457.2998046875,4455.5,4455.5,78.0,yahoo,GC=F
2026-09-09T18:43:00Z,4455.2998046875,4456.10009765625,4455.2001953125,4455.89990234375,32.0,yahoo,GC=F
2026-09-09T18:44:00Z,4455.7001953125,4455.7001953125,4454.7001953125,4455.10009765625,48.0,yahoo,GC=F
2026-09-09T18:45:00Z,4455.10009765625,4455.2998046875,4454.2001953125,4454.5,50.0,yahoo,GC=F
2026-09-09T18:46:00Z,4454.60009765625,4454.89990234375,4453.7001953125,4454.2001953125,30.0,yahoo,GC=F
2026-09-09T18:47:00Z,4454.2001953125,4454.2001953125,4452.10009765625,4453.10009765625,85.0,yahoo,GC=F
2026-09-09T18:48:00Z,4453.10009765625,4453.10009765625,4451.7001953125,4452.2998046875,82.0,yahoo,GC=F
2026-09-09T18:49:00Z,4452.10009765625,4452.5,4451.5,4451.7998046875,52.0,yahoo,GC=F
2026-09-09T18:50:00Z,4451.7998046875,4452.7001953125,4450.60009765625,4452.5,73.0,yahoo,GC=F
2026-09-09T18:51:00Z,4452.60009765625,4453.0,4451.5,4451.7998046875,115.0,yahoo,GC=F
2026-09-09T18:52:00Z,4451.7998046875,4452.0,4450.5,4450.7001953125,41.0,yahoo,GC=F
2026-09-09T18:53:00Z,4450.7001953125,4451.60009765625,4450.7001953125,4451.10009765625,45.0,yahoo,GC=F
2026-09-09T18:54:00Z,4451.10009765625,4451.2001953125,4450.39990234375,4450.5,59.0,yahoo,GC=F
2026-09-09T18:55:00Z,4451.2001953125,4452.2001953125,4451.0,4451.2001953125,44.0,yahoo,GC=F
2026-09-09T18:56:00Z,4451.0,4451.5,4447.39990234375,4448.39990234375,396.0,yahoo,GC=F
2026-09-09T18:57:00Z,4448.2998046875,4448.7998046875,4446.5,4447.2998046875,102.0,yahoo,GC=F
2026-09-09T18:58:00Z,4447.39990234375,4447.89990234375,4447.0,4447.2998046875,60.0,yahoo,GC=F
2026-09-09T18:59:00Z,4447.2001953125,4448.5,4447.10009765625,4448.2001953125,102.0,yahoo,GC=F
2026-09-09T19:00:00Z,4448.2001953125,4449.2998046875,4447.89990234375,4448.2998046875,85.0,yahoo,GC=F
2026-09-09T19:01:00Z,4448.2998046875,4448.5,4444.39990234375,4444.60009765625,193.0,yahoo,GC=F
2026-09-09T19:02:00Z,4444.7998046875,4445.2001953125,4442.0,4442.7001953125,184.0,yahoo,GC=F
2026-09-09T19:03:00Z,4442.60009765625,4444.2001953125,4442.2001953125,4443.7998046875,140.0,yahoo,GC=F
2026-09-09T19:04:00Z,4443.7998046875,4444.2001953125,4442.60009765625,4443.89990234375,50.0,yahoo,GC=F
2026-09-09T19:05:00Z,4443.5,4445.0,4442.5,4443.2001953125,206.0,yahoo,GC=F
2026-09-09T19:06:00Z,4442.89990234375,4443.60009765625,4442.7998046875,4443.2001953125,28.0,yahoo,GC=F
2026-09-09T19:07:00Z,4443.60009765625,4445.60009765625,4443.39990234375,4444.7998046875,47.0,yahoo,GC=F
2026-09-09T19:08:00Z,4444.2998046875,4444.7001953125,4443.89990234375,4444.2001953125,42.0,yahoo,GC=F
2026-09-09T19:09:00Z,4444.10009765625,4445.0,4443.2998046875,4444.7998046875,36.0,yahoo,GC=F
2026-09-09T19:10:00Z,4444.7998046875,4444.7998046875,4443.89990234375,4443.89990234375,21.0,yahoo,GC=F
2026-09-09T19:11:00Z,4444.0,4444.7998046875,4443.2998046875,4444.39990234375,33.0,yahoo,GC=F
2026-09-09T19:12:00Z,4444.2998046875,4444.39990234375,4443.0,4443.2001953125,60.0,yahoo,GC=F
2026-09-09T19:13:00Z,4443.10009765625,4444.0,4442.7001953125,4444.0,16.0,yahoo,GC=F
2026-09-09T19:14:00Z,4444.10009765625,4446.2001953125,4443.39990234375,4445.7998046875,248.0,yahoo,GC=F
2026-09-09T19:15:00Z,4446.0,4447.10009765625,4444.60009765625,4445.7001953125,160.0,yahoo,GC=F
2026-09-09T19:16:00Z,4445.7001953125,4445.7998046875,4444.7001953125,4444.7001953125,154.0,yahoo,GC=F
2026-09-09T19:17:00Z,4444.60009765625,4445.89990234375,4444.10009765625,4445.10009765625,80.0,yahoo,GC=F
2026-09-09T19:18:00Z,4445.5,4446.89990234375,4445.39990234375,4446.89990234375,38.0,yahoo,GC=F
2026-09-09T19:19:00Z,4447.0,4447.7001953125,4446.7001953125,4447.5,41.0,yahoo,GC=F
2026-09-09T19:20:00Z,4447.2998046875,4448.0,4447.2001953125,4448.0,68.0,yahoo,GC=F
2026-09-09T19:21:00Z,4447.7001953125,4449.39990234375,4447.7001953125,4449.2998046875,61.0,yahoo,GC=F
2026-09-09T19:22:00Z,4449.0,4449.5,4447.5,4449.5,115.0,yahoo,GC=F
2026-09-09T19:23:00Z,4449.39990234375,4450.39990234375,4449.39990234375,4450.39990234375,34.0,yahoo,GC=F
2026-09-09T19:24:00Z,4450.39990234375,4450.39990234375,4449.7998046875,4450.2001953125,36.0,yahoo,GC=F
2026-09-09T19:25:00Z,4449.89990234375,4450.2001953125,4449.7001953125,4450.0,21.0,yahoo,GC=F
2026-09-09T19:26:00Z,4449.7001953125,4449.89990234375,4447.60009765625,4448.0,72.0,yahoo,GC=F
2026-09-09T19:27:00Z,4447.89990234375,4448.2001953125,4447.0,4447.2998046875,42.0,yahoo,GC=F
2026-09-09T19:28:00Z,4447.10009765625,4447.10009765625,4446.0,4446.0,72.0,yahoo,GC=F
2026-09-09T19:29:00Z,4446.10009765625,4446.60009765625,4445.10009765625,4445.10009765625,29.0,yahoo,GC=F
2026-09-09T19:30:00Z,4445.10009765625,4446.5,4444.0,4445.89990234375,65.0,yahoo,GC=F
2026-09-09T19:31:00Z,4445.7001953125,4446.2998046875,4445.2001953125,4446.2998046875,39.0,yahoo,GC=F
2026-09-09T19:32:00Z,4446.10009765625,4446.10009765625,4444.39990234375,4444.60009765625,38.0,yahoo,GC=F
2026-09-09T19:33:00Z,4445.10009765625,4445.2998046875,4444.2998046875,4444.2998046875,14.0,yahoo,GC=F
2026-09-09T19:34:00Z,4444.7001953125,4445.0,4444.2998046875,4444.39990234375,28.0,yahoo,GC=F
2026-09-09T19:35:00Z,4444.5,4444.7001953125,4443.2998046875,4443.39990234375,54.0,yahoo,GC=F
2026-09-09T19:36:00Z,4443.2001953125,4443.5,4441.89990234375,4442.0,59.0,yahoo,GC=F
2026-09-09T19:37:00Z,4442.0,4442.2001953125,4441.5,4441.5,80.0,yahoo,GC=F
2026-09-09T19:38:00Z,4441.5,4442.7001953125,4441.10009765625,4442.7001953125,21.0,yahoo,GC=F
2026-09-09T19:39:00Z,4442.5,4443.60009765625,4442.39990234375,4442.89990234375,48.0,yahoo,GC=F
2026-09-09T19:40:00Z,4442.7998046875,4443.2998046875,4441.89990234375,4442.5,171.0,yahoo,GC=F
2026-09-09T19:41:00Z,4442.10009765625,4443.5,4442.10009765625,4442.60009765625,44.0,yahoo,GC=F
2026-09-09T19:42:00Z,4442.39990234375,4443.5,4442.39990234375,4442.60009765625,14.0,yahoo,GC=F
2026-09-09T19:43:00Z,4442.60009765625,4444.89990234375,4442.60009765625,4444.60009765625,80.0,yahoo,GC=F
2026-09-09T19:44:00Z,4444.60009765625,4445.5,4444.2001953125,4445.2001953125,61.0,yahoo,GC=F
2026-09-09T19:45:00Z,4445.39990234375,4446.89990234375,4445.39990234375,4445.89990234375,119.0,yahoo,GC=F
2026-09-09T19:46:00Z,4445.89990234375,4446.10009765625,4445.0,4445.2001953125,83.0,yahoo,GC=F
2026-09-09T19:47:00Z,4445.2998046875,4446.5,4445.2998046875,4445.39990234375,63.0,yahoo,GC=F
2026-09-09T19:48:00Z,4445.10009765625,4446.5,4445.10009765625,4445.7001953125,51.0,yahoo,GC=F
2026-09-09T19:49:00Z,4446.0,4446.39990234375,4445.60009765625,4445.60009765625,19.0,yahoo,GC=F
2026-09-09T19:50:00Z,4445.5,4445.7998046875,4442.60009765625,4442.60009765625,82.0,yahoo,GC=F
2026-09-09T19:51:00Z,4442.5,4443.7998046875,4441.60009765625,4443.2001953125,40.0,yahoo,GC=F
2026-09-09T19:52:00Z,4443.7001953125,4445.10009765625,4443.7001953125,4444.2998046875,62.0,yahoo,GC=F
2026-09-09T19:53:00Z,4444.10009765625,4444.89990234375,4444.10009765625,4444.39990234375,38.0,yahoo,GC=F
2026-09-09T19:54:00Z,4444.39990234375,4446.2001953125,4444.10009765625,4444.10009765625,78.0,yahoo,GC=F
2026-09-09T19:55:00Z,4444.0,4444.89990234375,4443.5,4444.5,60.0,yahoo,GC=F
2026-09-09T19:56:00Z,4444.2998046875,4445.39990234375,4444.2001953125,4444.7001953125,32.0,yahoo,GC=F
2026-09-09T19:57:00Z,4444.39990234375,4445.10009765625,4443.2001953125,4443.2001953125,39.0,yahoo,GC=F
2026-09-09T19:58:00Z,4443.39990234375,4444.60009765625,4443.2998046875,4443.89990234375,69.0,yahoo,GC=F
2026-09-09T19:59:00Z,4443.7998046875,4444.7998046875,4443.5,4444.39990234375,120.0,yahoo,GC=F
2026-09-09T20:00:00Z,4444.2001953125,4444.60009765625,4443.10009765625,4443.7001953125,185.0,yahoo,GC=F
2026-09-09T20:01:00Z,4443.7998046875,4443.7998046875,4442.2998046875,4442.7001953125,36.0,yahoo,GC=F
2026-09-09T20:02:00Z,4443.2001953125,4443.2001953125,4443.2001953125,4443.2001953125,2.0,yahoo,GC=F
2026-09-09T20:03:00Z,4443.39990234375,4443.5,4442.5,4442.89990234375,13.0,yahoo,GC=F
2026-09-09T20:04:00Z,4442.39990234375,4442.39990234375,4441.60009765625,4442.2998046875,29.0,yahoo,GC=F
2026-09-09T20:05:00Z,4442.0,4442.2998046875,4441.7998046875,4442.2998046875,7.0,yahoo,GC=F
2026-09-09T20:06:00Z,4442.5,4442.5,4442.2001953125,4442.39990234375,8.0,yahoo,GC=F
2026-09-09T20:07:00Z,4442.39990234375,4442.39990234375,4442.10009765625,4442.10009765625,6.0,yahoo,GC=F
2026-09-09T20:08:00Z,4442.10009765625,4442.39990234375,4442.0,4442.2001953125,16.0,yahoo,GC=F
2026-09-09T20:09:00Z,4442.2998046875,4442.39990234375,4442.10009765625,4442.39990234375,17.0,yahoo,GC=F
2026-09-09T20:10:00Z,4442.39990234375,4443.10009765625,4442.2998046875,4442.7998046875,12.0,yahoo,GC=F
2026-09-09T20:11:00Z,4443.0,4443.2998046875,4442.89990234375,4443.10009765625,6.0,yahoo,GC=F
2026-09-09T20:12:00Z,4443.2001953125,4443.5,4443.2001953125,4443.39990234375,47.0,yahoo,GC=F
2026-09-09T20:13:00Z,4443.5,4443.7001953125,4442.60009765625,4442.7001953125,30.0,yahoo,GC=F
2026-09-09T20:14:00Z,4442.60009765625,4442.60009765625,4442.60009765625,4442.60009765625,1.0,yahoo,GC=F
2026-09-09T20:15:00Z,4442.5,4442.7001953125,4441.89990234375,4442.0,20.0,yahoo,GC=F
2026-09-09T20:16:00Z,4442.0,4442.0,4441.10009765625,4441.2001953125,31.0,yahoo,GC=F
2026-09-09T20:17:00Z,4441.2998046875,4441.5,4441.2001953125,4441.2998046875,14.0,yahoo,GC=F
2026-09-09T20:18:00Z,4441.2998046875,4441.60009765625,4441.2998046875,4441.39990234375,11.0,yahoo,GC=F
2026-09-09T20:19:00Z,4441.5,4441.5,4439.60009765625,4439.7001953125,308.0,yahoo,GC=F
2026-09-09T20:20:00Z,4439.60009765625,4439.89990234375,4438.89990234375,4439.60009765625,93.0,yahoo,GC=F
2026-09-09T20:21:00Z,4439.60009765625,4439.60009765625,4439.10009765625,4439.2001953125,12.0,yahoo,GC=F
2026-09-09T20:22:00Z,4439.2998046875,4440.2998046875,4439.2001953125,4440.2998046875,12.0,yahoo,GC=F
2026-09-09T20:23:00Z,4439.7998046875,4439.7998046875,4439.7998046875,4439.7998046875,1.0,yahoo,GC=F
2026-09-09T20:24:00Z,4440.2998046875,4440.39990234375,4440.2001953125,4440.2001953125,6.0,yahoo,GC=F
2026-09-09T20:25:00Z,4440.60009765625,4441.0,4440.2998046875,4441.0,14.0,yahoo,GC=F
2026-09-09T20:26:00Z,4441.5,4441.60009765625,4441.0,4441.2001953125,11.0,yahoo,GC=F
2026-09-09T20:27:00Z,4441.2998046875,4441.2998046875,4440.7001953125,4441.0,6.0,yahoo,GC=F
2026-09-09T20:28:00Z,4440.39990234375,4440.39990234375,4439.2001953125,4439.5,21.0,yahoo,GC=F
2026-09-09T20:29:00Z,4439.7001953125,4440.39990234375,4439.60009765625,4440.39990234375,16.0,yahoo,GC=F
2026-09-09T20:30:00Z,4440.2998046875,4441.2998046875,4440.2001953125,4441.0,17.0,yahoo,GC=F
2026-09-09T20:31:00Z,4441.0,4443.10009765625,4441.0,4443.10009765625,29.0,yahoo,GC=F
2026-09-09T20:32:00Z,4443.0,4443.0,4442.7001953125,4442.89990234375,6.0,yahoo,GC=F
2026-09-09T20:33:00Z,4442.89990234375,4442.89990234375,4442.5,4442.89990234375,8.0,yahoo,GC=F
2026-09-09T20:34:00Z,4442.5,4442.89990234375,4441.7001953125,4442.89990234375,11.0,yahoo,GC=F
2026-09-09T20:35:00Z,4442.60009765625,4445.2001953125,4442.60009765625,4445.0,117.0,yahoo,GC=F
2026-09-09T20:36:00Z,4445.2001953125,4446.39990234375,4445.2001953125,4446.10009765625,41.0,yahoo,GC=F
2026-09-09T20:37:00Z,4446.0,4446.0,4445.0,4445.0,37.0,yahoo,GC=F
2026-09-09T20:38:00Z,4445.10009765625,4445.2998046875,4444.7001953125,4445.10009765625,22.0,yahoo,GC=F
2026-09-09T20:39:00Z,4444.7001953125,4445.2998046875,4444.39990234375,4445.0,35.0,yahoo,GC=F
2026-09-09T20:40:00Z,4444.89990234375,4445.2001953125,4444.5,4444.7001953125,80.0,yahoo,GC=F
2026-09-09T20:41:00Z,4444.39990234375,4445.2001953125,4444.39990234375,4445.0,20.0,yahoo,GC=F
2026-09-09T20:42:00Z,4444.89990234375,4445.2001953125,4444.89990234375,4445.0,4.0,yahoo,GC=F
2026-09-09T20:43:00Z,4445.2001953125,4445.39990234375,4444.89990234375,4444.89990234375,23.0,yahoo,GC=F
2026-09-09T20:44:00Z,4445.10009765625,4445.7998046875,4445.0,4445.60009765625,24.0,yahoo,GC=F
2026-09-09T20:45:00Z,4445.7001953125,4446.60009765625,4445.39990234375,4445.39990234375,85.0,yahoo,GC=F
2026-09-09T20:46:00Z,4445.2998046875,4446.2001953125,4445.2998046875,4446.2001953125,18.0,yahoo,GC=F
2026-09-09T20:47:00Z,4445.7001953125,4445.7001953125,4445.39990234375,4445.60009765625,7.0,yahoo,GC=F
2026-09-09T20:48:00Z,4445.5,4445.5,4445.0,4445.0,39.0,yahoo,GC=F
2026-09-09T20:49:00Z,4445.10009765625,4445.7001953125,4445.10009765625,4445.60009765625,5.0,yahoo,GC=F
2026-09-09T20:50:00Z,4445.7001953125,4446.0,4445.2001953125,4445.39990234375,32.0,yahoo,GC=F
2026-09-09T20:51:00Z,4445.2001953125,4445.89990234375,4445.10009765625,4445.2001953125,9.0,yahoo,GC=F
2026-09-09T20:52:00Z,4445.5,4445.7001953125,4445.2001953125,4445.2001953125,7.0,yahoo,GC=F
2026-09-09T20:53:00Z,4445.39990234375,4446.10009765625,4445.39990234375,4445.89990234375,11.0,yahoo,GC=F
2026-09-09T20:54:00Z,4445.7998046875,4445.89990234375,4445.2001953125,4445.89990234375,18.0,yahoo,GC=F
2026-09-09T20:55:00Z,4446.0,4446.5,4445.7001953125,4445.7998046875,40.0,yahoo,GC=F
2026-09-09T20:56:00Z,4445.89990234375,4446.10009765625,4445.2998046875,4445.2998046875,16.0,yahoo,GC=F
2026-09-09T20:57:00Z,4445.60009765625,4446.2001953125,4445.60009765625,4446.2001953125,13.0,yahoo,GC=F
2026-09-09T20:58:00Z,4446.10009765625,4447.0,4445.89990234375,4446.89990234375,36.0,yahoo,GC=F
2026-09-09T20:59:00Z,4447.10009765625,4448.10009765625,4447.0,4447.2001953125,55.0,yahoo,GC=F
2026-09-09T22:00:00Z,4448.0,4448.5,4447.10009765625,4447.10009765625,0.0,yahoo,GC=F
2026-09-09T22:01:00Z,4448.0,4449.60009765625,4448.0,4448.7001953125,42.0,yahoo,GC=F
2026-09-09T22:02:00Z,4448.89990234375,4449.7998046875,4448.39990234375,4448.89990234375,41.0,yahoo,GC=F
2026-09-09T22:03:00Z,4449.10009765625,4450.2998046875,4449.0,4449.2001953125,44.0,yahoo,GC=F
2026-09-09T22:04:00Z,4449.0,4449.5,4448.7001953125,4449.2001953125,14.0,yahoo,GC=F
2026-09-09T22:05:00Z,4448.89990234375,4449.2998046875,4448.0,4448.0,23.0,yahoo,GC=F
2026-09-09T22:06:00Z,4448.39990234375,4448.39990234375,4447.10009765625,4447.7998046875,14.0,yahoo,GC=F
2026-09-09T22:07:00Z,4447.7998046875,4448.0,4447.60009765625,4447.7001953125,9.0,yahoo,GC=F
2026-09-09T22:08:00Z,4447.7001953125,4448.10009765625,4447.7001953125,4447.89990234375,5.0,yahoo,GC=F
2026-09-09T22:09:00Z,4448.2001953125,4449.10009765625,4448.2001953125,4449.10009765625,20.0,yahoo,GC=F
2026-09-09T22:10:00Z,4448.5,4448.5,4446.7001953125,4446.7998046875,70.0,yahoo,GC=F
2026-09-09T22:11:00Z,4446.89990234375,4450.39990234375,4446.7998046875,4449.7001953125,180.0,yahoo,GC=F
2026-09-09T22:12:00Z,4449.2001953125,4449.5,4448.5,4449.2001953125,22.0,yahoo,GC=F
2026-09-09T22:13:00Z,4448.7998046875,4448.89990234375,4447.5,4447.89990234375,34.0,yahoo,GC=F
2026-09-09T22:14:00Z,4447.60009765625,4447.60009765625,4446.60009765625,4446.7998046875,13.0,yahoo,GC=F
2026-09-09T22:15:00Z,4447.10009765625,4447.2998046875,4446.5,4446.7001953125,12.0,yahoo,GC=F
2026-09-09T22:16:00Z,4446.7001953125,4446.7998046875,4446.2001953125,4446.7998046875,4.0,yahoo,GC=F
2026-09-09T22:17:00Z,4446.39990234375,4447.2001953125,4446.2001953125,4446.89990234375,31.0,yahoo,GC=F
2026-09-09T22:18:00Z,4447.2998046875,4448.2001953125,4447.2998046875,4448.2001953125,6.0,yahoo,GC=F
2026-09-09T22:19:00Z,4448.5,4448.5,4446.60009765625,4447.2001953125,29.0,yahoo,GC=F
2026-09-09T22:20:00Z,4447.10009765625,4447.2998046875,4447.0,4447.2001953125,12.0,yahoo,GC=F
2026-09-09T22:21:00Z,4447.2001953125,4447.2998046875,4446.2001953125,4446.7998046875,20.0,yahoo,GC=F
2026-09-09T22:22:00Z,4446.5,4446.5,4445.5,4445.7998046875,21.0,yahoo,GC=F
2026-09-09T22:23:00Z,4445.7001953125,4446.0,4445.2998046875,4445.7001953125,19.0,yahoo,GC=F
2026-09-09T22:24:00Z,4445.60009765625,4446.0,4445.2001953125,4446.0,8.0,yahoo,GC=F
2026-09-09T22:25:00Z,4445.7998046875,4446.0,4445.39990234375,4446.0,14.0,yahoo,GC=F
2026-09-09T22:26:00Z,4446.39990234375,4447.2998046875,4446.0,4446.0,42.0,yahoo,GC=F
2026-09-09T22:27:00Z,4445.89990234375,4445.89990234375,4444.60009765625,4445.2998046875,60.0,yahoo,GC=F
2026-09-09T22:28:00Z,4445.2001953125,4445.2001953125,4444.39990234375,4445.2001953125,130.0,yahoo,GC=F
2026-09-09T22:29:00Z,4444.89990234375,4446.7998046875,4444.39990234375,4446.7001953125,63.0,yahoo,GC=F
2026-09-09T22:30:00Z,4446.7001953125,4447.2998046875,4446.7001953125,4446.89990234375,28.0,yahoo,GC=F
2026-09-09T22:31:00Z,4446.7001953125,4446.7001953125,4446.2998046875,4446.2998046875,5.0,yahoo,GC=F
2026-09-09T22:32:00Z,4446.39990234375,4448.2998046875,4445.60009765625,4448.2998046875,120.0,yahoo,GC=F
2026-09-09T22:33:00Z,4447.7998046875,4448.2998046875,4447.2001953125,4447.2001953125,142.0,yahoo,GC=F
2026-09-09T22:34:00Z,4446.89990234375,4448.2998046875,4446.7998046875,4446.7998046875,111.0,yahoo,GC=F
2026-09-09T22:35:00Z,4447.0,4447.60009765625,4445.2001953125,4445.39990234375,92.0,yahoo,GC=F
2026-09-09T22:36:00Z,4445.2001953125,4445.2001953125,4444.10009765625,4445.0,112.0,yahoo,GC=F
2026-09-09T22:37:00Z,4445.10009765625,4445.5,4444.7998046875,4444.7998046875,16.0,yahoo,GC=F
2026-09-09T22:38:00Z,4444.2998046875,4445.0,4444.2998046875,4444.5,6.0,yahoo,GC=F
2026-09-09T22:39:00Z,4445.10009765625,4445.10009765625,4444.39990234375,4444.7998046875,29.0,yahoo,GC=F
2026-09-09T22:40:00Z,4444.7998046875,4445.2001953125,4444.39990234375,4445.0,22.0,yahoo,GC=F
2026-09-09T22:41:00Z,4444.7998046875,4445.5,4444.5,4445.39990234375,8.0,yahoo,GC=F
2026-09-09T22:42:00Z,4445.39990234375,4446.0,4444.7001953125,4445.2998046875,70.0,yahoo,GC=F
2026-09-09T22:43:00Z,4445.60009765625,4447.39990234375,4445.2001953125,4445.7998046875,120.0,yahoo,GC=F
2026-09-09T22:44:00Z,4445.7998046875,4445.89990234375,4445.2998046875,4445.89990234375,8.0,yahoo,GC=F
2026-09-09T22:45:00Z,4446.2001953125,4446.2001953125,4445.10009765625,4445.10009765625,70.0,yahoo,GC=F
2026-09-09T22:46:00Z,4445.0,4445.2998046875,4444.60009765625,4445.10009765625,44.0,yahoo,GC=F
2026-09-09T22:47:00Z,4445.0,4445.2001953125,4444.2998046875,4444.39990234375,40.0,yahoo,GC=F
2026-09-09T22:48:00Z,4444.2998046875,4445.2998046875,4442.2001953125,4442.39990234375,304.0,yahoo,GC=F
2026-09-09T22:49:00Z,4442.60009765625,4444.39990234375,4442.60009765625,4444.2001953125,129.0,yahoo,GC=F
2026-09-09T22:50:00Z,4444.2001953125,4444.7001953125,4443.7001953125,4443.7001953125,30.0,yahoo,GC=F
2026-09-09T22:51:00Z,4443.7998046875,4444.2001953125,4443.60009765625,4443.7998046875,24.0,yahoo,GC=F
2026-09-09T22:52:00Z,4444.0,4444.39990234375,4443.10009765625,4443.10009765625,12.0,yahoo,GC=F
2026-09-09T22:53:00Z,4443.2001953125,4443.60009765625,4443.2001953125,4443.39990234375,10.0,yahoo,GC=F
2026-09-09T22:54:00Z,4443.39990234375,4443.7001953125,4442.7998046875,4443.0,11.0,yahoo,GC=F
2026-09-09T22:55:00Z,4443.10009765625,4443.2001953125,4442.39990234375,4442.7001953125,32.0,yahoo,GC=F
2026-09-09T22:56:00Z,4442.7001953125,4442.89990234375,4442.0,4442.2998046875,29.0,yahoo,GC=F
2026-09-09T22:57:00Z,4442.39990234375,4442.39990234375,4442.0,4442.10009765625,12.0,yahoo,GC=F
2026-09-09T22:58:00Z,4442.39990234375,4444.39990234375,4442.39990234375,4443.89990234375,53.0,yahoo,GC=F
2026-09-09T22:59:00Z,4444.2001953125,4445.5,4443.7998046875,4443.89990234375,148.0,yahoo,GC=F
2026-09-09T23:00:00Z,4444.0,4446.39990234375,4443.7001953125,4446.0,286.0,yahoo,GC=F
2026-09-09T23:01:00Z,4446.10009765625,4446.7001953125,4445.39990234375,4445.7001953125,65.0,yahoo,GC=F
2026-09-09T23:02:00Z,4445.89990234375,4446.2998046875,4445.2001953125,4445.89990234375,70.0,yahoo,GC=F
2026-09-09T23:03:00Z,4445.7001953125,4447.0,4445.7001953125,4447.0,27.0,yahoo,GC=F
2026-09-09T23:04:00Z,4447.2998046875,4447.5,4446.5,4447.2998046875,46.0,yahoo,GC=F
2026-09-09T23:05:00Z,4447.10009765625,4447.10009765625,4446.7001953125,4446.7001953125,3.0,yahoo,GC=F
2026-09-09T23:06:00Z,4446.89990234375,4447.10009765625,4445.10009765625,4445.2001953125,62.0,yahoo,GC=F
2026-09-09T23:07:00Z,4445.2001953125,4446.10009765625,4444.2998046875,4445.60009765625,84.0,yahoo,GC=F
2026-09-09T23:08:00Z,4445.2998046875,4445.2998046875,4443.2998046875,4444.5,200.0,yahoo,GC=F
2026-09-09T23:09:00Z,4444.0,4444.2998046875,4442.2001953125,4444.0,163.0,yahoo,GC=F
2026-09-09T23:10:00Z,4444.2998046875,4445.2998046875,4443.7001953125,4445.0,128.0,yahoo,GC=F
2026-09-09T23:11:00Z,4445.2998046875,4446.0,4444.2998046875,4445.39990234375,153.0,yahoo,GC=F
2026-09-09T23:12:00Z,4445.5,4446.39990234375,4445.5,4446.39990234375,43.0,yahoo,GC=F
2026-09-09T23:13:00Z,4446.5,4446.5,4445.10009765625,4445.10009765625,37.0,yahoo,GC=F
2026-09-09T23:14:00Z,4444.39990234375,4445.0,4444.39990234375,4444.7998046875,19.0,yahoo,GC=F
2026-09-09T23:15:00Z,4444.2998046875,4444.39990234375,4443.7001953125,4444.0,28.0,yahoo,GC=F
2026-09-09T23:16:00Z,4443.7998046875,4444.2001953125,4443.2001953125,4443.2001953125,39.0,yahoo,GC=F
2026-09-09T23:17:00Z,4443.2998046875,4443.39990234375,4442.0,4443.10009765625,130.0,yahoo,GC=F
2026-09-09T23:18:00Z,4443.5,4446.2998046875,4443.5,4445.7998046875,139.0,yahoo,GC=F
2026-09-09T23:19:00Z,4446.10009765625,4446.2001953125,4444.10009765625,4444.10009765625,58.0,yahoo,GC=F
2026-09-09T23:20:00Z,4443.7998046875,4444.7998046875,4443.7998046875,4444.7001953125,48.0,yahoo,GC=F
2026-09-09T23:21:00Z,4444.89990234375,4445.7001953125,4444.7001953125,4444.7001953125,26.0,yahoo,GC=F
2026-09-09T23:22:00Z,4444.89990234375,4444.89990234375,4444.0,4444.0,23.0,yahoo,GC=F
2026-09-09T23:23:00Z,4444.0,4444.39990234375,4441.89990234375,4442.0,67.0,yahoo,GC=F
2026-09-09T23:24:00Z,4442.0,4442.2998046875,4440.7001953125,4441.2998046875,67.0,yahoo,GC=F
2026-09-09T23:25:00Z,4441.2001953125,4442.5,4440.39990234375,4441.89990234375,86.0,yahoo,GC=F
2026-09-09T23:26:00Z,4441.7001953125,4444.10009765625,4441.60009765625,4443.0,221.0,yahoo,GC=F
2026-09-09T23:27:00Z,4442.7998046875,4443.2001953125,4440.89990234375,4441.2998046875,102.0,yahoo,GC=F
2026-09-09T23:28:00Z,4440.89990234375,4441.10009765625,4439.60009765625,4440.2001953125,255.0,yahoo,GC=F
2026-09-09T23:29:00Z,4440.2001953125,4441.60009765625,4440.2001953125,4441.2001953125,38.0,yahoo,GC=F
2026-09-09T23:30:00Z,4441.2001953125,4443.0,4440.7001953125,4442.2001953125,210.0,yahoo,GC=F
2026-09-09T23:31:00Z,4441.60009765625,4441.7001953125,4441.0,4441.0,21.0,yahoo,GC=F
2026-09-09T23:32:00Z,4440.5,4440.5,4438.60009765625,4438.89990234375,67.0,yahoo,GC=F
2026-09-09T23:33:00Z,4438.7998046875,4438.89990234375,4437.60009765625,4438.39990234375,137.0,yahoo,GC=F
2026-09-09T23:34:00Z,4438.39990234375,4438.89990234375,4437.7001953125,4437.7998046875,40.0,yahoo,GC=F
2026-09-09T23:35:00Z,4438.2001953125,4438.5,4437.7001953125,4437.7001953125,12.0,yahoo,GC=F
2026-09-09T23:36:00Z,4438.0,4438.7001953125,4438.0,4438.60009765625,16.0,yahoo,GC=F
2026-09-09T23:37:00Z,4438.2998046875,4438.39990234375,4437.5,4438.39990234375,44.0,yahoo,GC=F
2026-09-09T23:38:00Z,4437.7998046875,4437.7998046875,4437.0,4437.2998046875,21.0,yahoo,GC=F
2026-09-09T23:39:00Z,4437.60009765625,4438.2998046875,4437.60009765625,4437.89990234375,23.0,yahoo,GC=F
2026-09-09T23:40:00Z,4437.7001953125,4437.7001953125,4437.5,4437.7001953125,4.0,yahoo,GC=F
2026-09-09T23:41:00Z,4437.0,4437.10009765625,4437.0,4437.10009765625,2.0,yahoo,GC=F
2026-09-09T23:42:00Z,4437.2998046875,4437.60009765625,4437.2998046875,4437.60009765625,4.0,yahoo,GC=F
2026-09-09T23:43:00Z,4437.5,4437.5,4437.10009765625,4437.39990234375,4.0,yahoo,GC=F
2026-09-09T23:44:00Z,4437.5,4438.10009765625,4437.39990234375,4437.89990234375,13.0,yahoo,GC=F
2026-09-09T23:45:00Z,4438.2001953125,4438.5,4437.39990234375,4438.2998046875,31.0,yahoo,GC=F
2026-09-09T23:46:00Z,4437.89990234375,4438.60009765625,4437.5,4438.60009765625,66.0,yahoo,GC=F
2026-09-09T23:47:00Z,4438.7001953125,4438.89990234375,4437.7998046875,4438.39990234375,91.0,yahoo,GC=F
2026-09-09T23:48:00Z,4437.7998046875,4437.7998046875,4437.0,4437.2998046875,25.0,yahoo,GC=F
2026-09-09T23:49:00Z,4437.39990234375,4437.7998046875,4437.39990234375,4437.7998046875,18.0,yahoo,GC=F
2026-09-09T23:50:00Z,4437.10009765625,4437.5,4437.10009765625,4437.5,12.0,yahoo,GC=F
2026-09-09T23:51:00Z,4437.60009765625,4438.5,4437.60009765625,4438.5,10.0,yahoo,GC=F
2026-09-09T23:52:00Z,4438.0,4438.0,4437.10009765625,4437.39990234375,25.0,yahoo,GC=F
2026-09-09T23:53:00Z,4437.60009765625,4438.60009765625,4437.60009765625,4438.2998046875,39.0,yahoo,GC=F
2026-09-09T23:54:00Z,4438.39990234375,4438.60009765625,4437.7998046875,4437.7998046875,6.0,yahoo,GC=F
2026-09-09T23:55:00Z,4437.7998046875,4437.89990234375,4437.60009765625,4437.7998046875,8.0,yahoo,GC=F
2026-09-09T23:56:00Z,4437.89990234375,4438.2998046875,4437.89990234375,4438.0,6.0,yahoo,GC=F
2026-09-09T23:57:00Z,4437.89990234375,4438.0,4436.7001953125,4437.39990234375,28.0,yahoo,GC=F
2026-09-09T23:58:00Z,4437.10009765625,4437.2998046875,4436.7998046875,4437.10009765625,23.0,yahoo,GC=F
2026-09-09T23:59:00Z,4437.2998046875,4437.7001953125,4437.2998046875,4437.5,5.0,yahoo,GC=F
