timestamp_utc,open,high,low,close,volume,source,symbol
2026-09-14T00:00:00Z,4373.2998046875,4375.10009765625,4370.89990234375,4372.0,118.0,yahoo,GC=F
2026-09-14T00:01:00Z,4372.89990234375,4373.7001953125,4371.39990234375,4372.7001953125,130.0,yahoo,GC=F
2026-09-14T00:02:00Z,4373.10009765625,4375.7001953125,4372.39990234375,4375.2998046875,39.0,yahoo,GC=F
2026-09-14T00:03:00Z,4375.60009765625,4376.60009765625,4375.2001953125,4376.2001953125,31.0,yahoo,GC=F
2026-09-14T00:04:00Z,4376.10009765625,4376.10009765625,4374.0,4374.7998046875,32.0,yahoo,GC=F
2026-09-14T00:05:00Z,4375.5,4379.2001953125,4375.5,4379.10009765625,52.0,yahoo,GC=F
2026-09-14T00:06:00Z,4378.7998046875,4383.39990234375,4378.60009765625,4383.39990234375,132.0,yahoo,GC=F
2026-09-14T00:07:00Z,4382.89990234375,4385.5,4382.60009765625,4385.10009765625,188.0,yahoo,GC=F
2026-09-14T00:08:00Z,4385.5,4386.60009765625,4384.39990234375,4386.5,102.0,yahoo,GC=F
2026-09-14T00:09:00Z,4386.2001953125,4387.60009765625,4386.10009765625,4386.7998046875,88.0,yahoo,GC=F
2026-09-14T00:10:00Z,4386.89990234375,4387.39990234375,4385.7998046875,4387.2001953125,74.0,yahoo,GC=F
2026-09-14T00:11:00Z,4387.0,4387.7998046875,4385.2001953125,4385.89990234375,81.0,yahoo,GC=F
2026-09-14T00:12:00Z,4386.2998046875,4387.2998046875,4384.2998046875,4386.39990234375,79.0,yahoo,GC=F
2026-09-14T00:13:00Z,4386.7001953125,4388.7998046875,4386.0,4386.0,71.0,yahoo,GC=F
2026-09-14T00:14:00Z,4385.60009765625,4385.60009765625,4382.7998046875,4384.0,98.0,yahoo,GC=F
2026-09-14T00:15:00Z,4385.39990234375,4386.2998046875,4383.89990234375,4384.2998046875,58.0,yahoo,GC=F
2026-09-14T00:16:00Z,4384.2001953125,4384.2998046875,4381.10009765625,4382.2001953125,90.0,yahoo,GC=F
2026-09-14T00:17:00Z,4382.2001953125,4384.39990234375,4381.7998046875,4384.39990234375,31.0,yahoo,GC=F
2026-09-14T00:18:00Z,4384.7001953125,4384.7001953125,4382.7998046875,4382.7998046875,37.0,yahoo,GC=F
2026-09-14T00:19:00Z,4383.2001953125,4384.2001953125,4382.5,4382.7001953125,37.0,yahoo,GC=F
2026-09-14T00:20:00Z,4382.2998046875,4382.2998046875,4380.0,4380.89990234375,45.0,yahoo,GC=F
2026-09-14T00:21:00Z,4380.0,4380.39990234375,4378.2998046875,4379.2001953125,46.0,yahoo,GC=F
2026-09-14T00:22:00Z,4379.5,4381.2998046875,4378.2001953125,4380.7998046875,35.0,yahoo,GC=F
2026-09-14T00:23:00Z,4381.0,4381.0,4378.7001953125,4379.2001953125,15.0,yahoo,GC=F
2026-09-14T00:24:00Z,4379.2001953125,4379.7001953125,4378.89990234375,4379.5,6.0,yahoo,GC=F
2026-09-14T00:25:00Z,4380.39990234375,4381.60009765625,4377.89990234375,4378.0,44.0,yahoo,GC=F
2026-09-14T00:26:00Z,4377.39990234375,4377.39990234375,4374.2998046875,4375.2001953125,64.0,yahoo,GC=F
2026-09-14T00:27:00Z,4375.39990234375,4376.60009765625,4375.10009765625,4376.10009765625,16.0,yahoo,GC=F
2026-09-14T00:28:00Z,4376.10009765625,4376.89990234375,4375.7001953125,4376.60009765625,97.0,yahoo,GC=F
2026-09-14T00:29:00Z,4376.39990234375,4379.10009765625,4376.39990234375,4378.89990234375,42.0,yahoo,GC=F
2026-09-14T00:30:00Z,4379.2998046875,4381.2001953125,4378.5,4378.60009765625,54.0,yahoo,GC=F
2026-09-14T00:31:00Z,4378.39990234375,4380.60009765625,4377.60009765625,4380.5,64.0,yahoo,GC=F
2026-09-14T00:32:00Z,4380.39990234375,4381.2998046875,4379.89990234375,4381.0,14.0,yahoo,GC=F
2026-09-14T00:33:00Z,4380.7001953125,4380.7001953125,4378.7998046875,4380.0,25.0,yahoo,GC=F
2026-09-14T00:34:00Z,4380.10009765625,4381.7998046875,4380.10009765625,4380.39990234375,40.0,yahoo,GC=F
2026-09-14T00:35:00Z,4380.39990234375,4381.7998046875,4375.39990234375,4377.5,94.0,yahoo,GC=F
2026-09-14T00:36:00Z,4377.10009765625,4377.60009765625,4375.10009765625,4375.10009765625,23.0,yahoo,GC=F
2026-09-14T00:37:00Z,4375.39990234375,4375.5,4374.2001953125,4374.2001953125,37.0,yahoo,GC=F
2026-09-14T00:38:00Z,4374.7001953125,4375.7001953125,4374.2998046875,4374.7998046875,42.0,yahoo,GC=F
2026-09-14T00:39:00Z,4374.60009765625,4374.89990234375,4374.10009765625,4374.10009765625,11.0,yahoo,GC=F
2026-09-14T00:40:00Z,4374.0,4375.0,4373.39990234375,4374.2001953125,92.0,yahoo,GC=F
2026-09-14T00:41:00Z,4374.39990234375,4375.7998046875,4374.2998046875,4375.2998046875,63.0,yahoo,GC=F
2026-09-14T00:42:00Z,4375.2001953125,4375.89990234375,4374.89990234375,4374.89990234375,18.0,yahoo,GC=F
2026-09-14T00:43:00Z,4374.5,4378.5,4374.5,4378.2998046875,80.0,yahoo,GC=F
2026-09-14T00:44:00Z,4378.5,4379.7001953125,4377.7998046875,4379.10009765625,47.0,yahoo,GC=F
2026-09-14T00:45:00Z,4379.2998046875,4380.0,4378.5,4378.7001953125,23.0,yahoo,GC=F
2026-09-14T00:46:00Z,4378.60009765625,4380.89990234375,4378.60009765625,4380.0,28.0,yahoo,GC=F
2026-09-14T00:47:00Z,4380.2001953125,4383.7001953125,4380.2001953125,4381.7001953125,169.0,yahoo,GC=F
2026-09-14T00:48:00Z,4382.10009765625,4382.89990234375,4379.7001953125,4379.7001953125,40.0,yahoo,GC=F
2026-09-14T00:49:00Z,4379.7998046875,4381.39990234375,4379.60009765625,4380.7998046875,17.0,yahoo,GC=F
2026-09-14T00:50:00Z,4381.0,4382.2998046875,4380.7998046875,4381.7998046875,29.0,yahoo,GC=F
2026-09-14T00:51:00Z,4381.7001953125,4382.2001953125,4381.2001953125,4381.89990234375,15.0,yahoo,GC=F
2026-09-14T00:52:00Z,4381.7001953125,4382.7998046875,4381.60009765625,4382.39990234375,17.0,yahoo,GC=F
2026-09-14T00:53:00Z,4382.5,4383.60009765625,4381.0,4381.60009765625,114.0,yahoo,GC=F
2026-09-14T00:54:00Z,4381.60009765625,4383.7998046875,4381.60009765625,4383.7998046875,97.0,yahoo,GC=F
2026-09-14T00:55:00Z,4384.0,4384.39990234375,4381.2998046875,4381.7998046875,49.0,yahoo,GC=F
2026-09-14T00:56:00Z,4382.2001953125,4382.2998046875,4381.7001953125,4381.7998046875,14.0,yahoo,GC=F
2026-09-14T00:57:00Z,4381.89990234375,4382.7001953125,4381.89990234375,4382.0,23.0,yahoo,GC=F
2026-09-14T00:58:00Z,4381.7001953125,4382.39990234375,4379.2998046875,4379.2998046875,39.0,yahoo,GC=F
2026-09-14T00:59:00Z,4379.5,4381.2998046875,4379.2998046875,4379.60009765625,94.0,yahoo,GC=F
2026-09-14T01:00:00Z,4379.7001953125,4383.0,4374.5,4383.0,446.0,yahoo,GC=F
2026-09-14T01:01:00Z,4381.89990234375,4385.7001953125,4380.7998046875,4385.60009765625,210.0,yahoo,GC=F
2026-09-14T01:02:00Z,4385.0,4385.89990234375,4379.7998046875,4383.2001953125,134.0,yahoo,GC=F
2026-09-14T01:03:00Z,4383.39990234375,4383.39990234375,4373.7001953125,4376.10009765625,234.0,yahoo,GC=F
2026-09-14T01:04:00Z,4376.39990234375,4376.7001953125,4371.89990234375,4372.39990234375,262.0,yahoo,GC=F
2026-09-14T01:05:00Z,4371.89990234375,4375.7998046875,4371.89990234375,4375.0,94.0,yahoo,GC=F
2026-09-14T01:06:00Z,4374.2001953125,4376.0,4371.0,4371.2001953125,240.0,yahoo,GC=F
2026-09-14T01:07:00Z,4370.7998046875,4376.39990234375,4370.7001953125,4375.89990234375,154.0,yahoo,GC=F
2026-09-14T01:08:00Z,4376.2998046875,4376.89990234375,4374.7998046875,4376.39990234375,83.0,yahoo,GC=F
2026-09-14T01:09:00Z,4375.10009765625,4378.2001953125,4374.39990234375,4377.5,57.0,yahoo,GC=F
2026-09-14T01:10:00Z,4378.0,4378.0,4373.60009765625,4373.60009765625,67.0,yahoo,GC=F
2026-09-14T01:11:00Z,4373.39990234375,4376.10009765625,4372.2001953125,4373.10009765625,69.0,yahoo,GC=F
2026-09-14T01:12:00Z,4373.39990234375,4373.39990234375,4370.60009765625,4372.7001953125,84.0,yahoo,GC=F
2026-09-14T01:13:00Z,4372.0,4372.60009765625,4371.0,4371.2998046875,37.0,yahoo,GC=F
2026-09-14T01:14:00Z,4371.5,4373.39990234375,4370.89990234375,4373.0,43.0,yahoo,GC=F
2026-09-14T01:15:00Z,4372.39990234375,4374.89990234375,4372.0,4372.2001953125,83.0,yahoo,GC=F
2026-09-14T01:16:00Z,4372.2001953125,4373.10009765625,4370.0,4370.89990234375,85.0,yahoo,GC=F
2026-09-14T01:17:00Z,4370.5,4373.60009765625,4369.7001953125,4371.5,75.0,yahoo,GC=F
2026-09-14T01:18:00Z,4371.60009765625,4373.7001953125,4371.5,4372.2001953125,29.0,yahoo,GC=F
2026-09-14T01:19:00Z,4373.7001953125,4373.89990234375,4367.5,4368.10009765625,128.0,yahoo,GC=F
2026-09-14T01:20:00Z,4368.39990234375,4370.10009765625,4367.10009765625,4370.10009765625,92.0,yahoo,GC=F
2026-09-14T01:21:00Z,4370.10009765625,4374.39990234375,4370.10009765625,4372.7001953125,137.0,yahoo,GC=F
2026-09-14T01:22:00Z,4372.89990234375,4375.10009765625,4372.89990234375,4374.60009765625,43.0,yahoo,GC=F
2026-09-14T01:23:00Z,4375.39990234375,4376.7001953125,4373.0,4373.89990234375,57.0,yahoo,GC=F
2026-09-14T01:24:00Z,4376.5,4378.7998046875,4375.2001953125,4375.7998046875,237.0,yahoo,GC=F
2026-09-14T01:25:00Z,4376.2001953125,4376.2001953125,4373.7001953125,4374.39990234375,31.0,yahoo,GC=F
2026-09-14T01:26:00Z,4374.5,4376.2001953125,4371.89990234375,4376.10009765625,134.0,yahoo,GC=F
2026-09-14T01:27:00Z,4375.7001953125,4378.10009765625,4374.7001953125,4377.2998046875,76.0,yahoo,GC=F
2026-09-14T01:28:00Z,4377.89990234375,4379.10009765625,4377.10009765625,4378.2001953125,84.0,yahoo,GC=F
2026-09-14T01:29:00Z,4377.60009765625,4377.60009765625,4375.2998046875,4376.7001953125,18.0,yahoo,GC=F
2026-09-14T01:30:00Z,4376.2998046875,4377.0,4375.5,4375.5,15.0,yahoo,GC=F
2026-09-14T01:31:00Z,4375.39990234375,4376.60009765625,4373.2001953125,4374.39990234375,89.0,yahoo,GC=F
2026-09-14T01:32:00Z,4374.7001953125,4374.7001953125,4371.2998046875,4371.60009765625,46.0,yahoo,GC=F
2026-09-14T01:33:00Z,4372.0,4372.0,4369.2998046875,4371.5,65.0,yahoo,GC=F
2026-09-14T01:34:00Z,4371.2998046875,4373.5,4369.2998046875,4372.7998046875,47.0,yahoo,GC=F
2026-09-14T01:35:00Z,4372.7001953125,4378.2001953125,4372.7001953125,4377.10009765625,141.0,yahoo,GC=F
2026-09-14T01:36:00Z,4377.39990234375,4380.89990234375,4376.89990234375,4379.5,110.0,yahoo,GC=F
2026-09-14T01:37:00Z,4379.2998046875,4380.7998046875,4379.2001953125,4380.7001953125,143.0,yahoo,GC=F
2026-09-14T01:38:00Z,4380.89990234375,4382.39990234375,4380.5,4382.39990234375,102.0,yahoo,GC=F
2026-09-14T01:39:00Z,4383.0,4386.2998046875,4383.0,4385.39990234375,271.0,yahoo,GC=F
2026-09-14T01:40:00Z,4385.2998046875,4387.60009765625,4383.0,4384.10009765625,169.0,yahoo,GC=F
2026-09-14T01:41:00Z,4383.89990234375,4384.2001953125,4382.2998046875,4383.89990234375,83.0,yahoo,GC=F
2026-09-14T01:42:00Z,4383.7998046875,4383.7998046875,4379.10009765625,4379.10009765625,95.0,yahoo,GC=F
2026-09-14T01:43:00Z,4379.0,4382.39990234375,4378.2998046875,4382.39990234375,57.0,yahoo,GC=F
2026-09-14T01:44:00Z,4382.5,4383.89990234375,4381.39990234375,4383.2001953125,39.0,yahoo,GC=F
2026-09-14T01:45:00Z,4384.7001953125,4385.60009765625,4383.7998046875,4385.2998046875,92.0,yahoo,GC=F
2026-09-14T01:46:00Z,4385.5,4385.89990234375,4383.7998046875,4385.7001953125,44.0,yahoo,GC=F
2026-09-14T01:47:00Z,4386.0,4387.60009765625,4384.89990234375,4387.39990234375,61.0,yahoo,GC=F
2026-09-14T01:48:00Z,4387.60009765625,4390.10009765625,4387.0,4388.5,205.0,yahoo,GC=F
2026-09-14T01:49:00Z,4388.89990234375,4390.0,4387.0,4387.0,71.0,yahoo,GC=F
2026-09-14T01:50:00Z,4387.2998046875,4387.39990234375,4385.5,4385.89990234375,51.0,yahoo,GC=F
2026-09-14T01:51:00Z,4385.5,4389.10009765625,4383.89990234375,4388.39990234375,121.0,yahoo,GC=F
2026-09-14T01:52:00Z,4388.60009765625,4390.2998046875,4388.0,4390.2001953125,39.0,yahoo,GC=F
2026-09-14T01:53:00Z,4389.89990234375,4391.5,4388.39990234375,4389.5,69.0,yahoo,GC=F
2026-09-14T01:54:00Z,4389.7001953125,4390.5,4389.2998046875,4389.2998046875,63.0,yahoo,GC=F
2026-09-14T01:55:00Z,4389.60009765625,4389.60009765625,4387.7001953125,4389.2998046875,44.0,yahoo,GC=F
2026-09-14T01:56:00Z,4389.2998046875,4391.60009765625,4389.2998046875,4391.5,40.0,yahoo,GC=F
2026-09-14T01:57:00Z,4391.2998046875,4393.2998046875,4391.2001953125,4392.5,119.0,yahoo,GC=F
2026-09-14T01:58:00Z,4392.39990234375,4396.5,4392.10009765625,4395.10009765625,110.0,yahoo,GC=F
2026-09-14T01:59:00Z,4394.5,4395.89990234375,4393.89990234375,4394.5,237.0,yahoo,GC=F
2026-09-14T02:00:00Z,4394.39990234375,4394.7001953125,4391.89990234375,4393.39990234375,81.0,yahoo,GC=F
2026-09-14T02:01:00Z,4393.39990234375,4395.10009765625,4392.5,4394.5,46.0,yahoo,GC=F
2026-09-14T02:02:00Z,4394.7001953125,4395.7001953125,4391.89990234375,4392.10009765625,75.0,yahoo,GC=F
2026-09-14T02:03:00Z,4392.89990234375,4393.7998046875,4390.0,4390.0,230.0,yahoo,GC=F
2026-09-14T02:04:00Z,4390.0,4391.39990234375,4389.7998046875,4390.10009765625,86.0,yahoo,GC=F
2026-09-14T02:05:00Z,4390.7001953125,4392.2001953125,4390.60009765625,4391.7001953125,189.0,yahoo,GC=F
2026-09-14T02:06:00Z,4391.2001953125,4393.39990234375,4390.2998046875,4393.39990234375,45.0,yahoo,GC=F
2026-09-14T02:07:00Z,4393.39990234375,4394.60009765625,4392.0,4394.5,78.0,yahoo,GC=F
2026-09-14T02:08:00Z,4394.60009765625,4396.2001953125,4393.7998046875,4395.89990234375,57.0,yahoo,GC=F
2026-09-14T02:09:00Z,4395.7001953125,4395.7001953125,4393.7001953125,4393.7998046875,36.0,yahoo,GC=F
2026-09-14T02:10:00Z,4394.2001953125,4395.10009765625,4392.2998046875,4392.2998046875,31.0,yahoo,GC=F
2026-09-14T02:11:00Z,4392.2998046875,4392.7998046875,4391.7001953125,4391.7001953125,37.0,yahoo,GC=F
2026-09-14T02:12:00Z,4391.89990234375,4391.89990234375,4389.7001953125,4389.89990234375,70.0,yahoo,GC=F
2026-09-14T02:13:00Z,4390.0,4390.7998046875,4389.89990234375,4390.60009765625,46.0,yahoo,GC=F
2026-09-14T02:14:00Z,4390.39990234375,4390.5,4390.0,4390.5,56.0,yahoo,GC=F
2026-09-14T02:15:00Z,4390.5,4390.5,4390.0,4390.2998046875,11.0,yahoo,GC=F
2026-09-14T02:16:00Z,4390.0,4390.0,4389.2998046875,4390.0,16.0,yahoo,GC=F
2026-09-14T02:17:00Z,4390.2998046875,4390.39990234375,4390.2998046875,4390.39990234375,3.0,yahoo,GC=F
2026-09-14T02:18:00Z,4390.39990234375,4391.10009765625,4389.7998046875,4390.2998046875,42.0,yahoo,GC=F
2026-09-14T02:19:00Z,4391.10009765625,4391.10009765625,4390.5,4391.0,24.0,yahoo,GC=F
2026-09-14T02:20:00Z,4390.2001953125,4392.2001953125,4390.10009765625,4391.89990234375,25.0,yahoo,GC=F
2026-09-14T02:21:00Z,4391.10009765625,4391.2001953125,4390.89990234375,4391.0,5.0,yahoo,GC=F
2026-09-14T02:22:00Z,4390.7998046875,4391.5,4390.7998046875,4391.2998046875,19.0,yahoo,GC=F
2026-09-14T02:23:00Z,4391.7998046875,4394.7998046875,4391.7998046875,4393.7001953125,55.0,yahoo,GC=F
2026-09-14T02:24:00Z,4393.39990234375,4394.60009765625,4393.2001953125,4394.60009765625,18.0,yahoo,GC=F
2026-09-14T02:25:00Z,4394.60009765625,4395.0,4393.89990234375,4394.10009765625,28.0,yahoo,GC=F
2026-09-14T02:26:00Z,4394.2998046875,4395.2998046875,4394.2998046875,4395.10009765625,15.0,yahoo,GC=F
2026-09-14T02:27:00Z,4394.7001953125,4394.89990234375,4394.2001953125,4394.2998046875,12.0,yahoo,GC=F
2026-09-14T02:28:00Z,4394.5,4394.7998046875,4393.89990234375,4393.89990234375,44.0,yahoo,GC=F
2026-09-14T02:29:00Z,4393.89990234375,4394.39990234375,4393.10009765625,4393.2001953125,32.0,yahoo,GC=F
2026-09-14T02:30:00Z,4393.7001953125,4395.89990234375,4391.7998046875,4394.89990234375,223.0,yahoo,GC=F
2026-09-14T02:31:00Z,4394.7998046875,4396.7998046875,4394.5,4396.2001953125,53.0,yahoo,GC=F
2026-09-14T02:32:00Z,4396.5,4396.5,4393.89990234375,4394.39990234375,22.0,yahoo,GC=F
2026-09-14T02:33:00Z,4395.10009765625,4396.0,4393.89990234375,4393.89990234375,24.0,yahoo,GC=F
2026-09-14T02:34:00Z,4394.60009765625,4396.5,4394.60009765625,4396.5,35.0,yahoo,GC=F
2026-09-14T02:35:00Z,4395.7998046875,4395.89990234375,4392.7998046875,4393.2001953125,66.0,yahoo,GC=F
2026-09-14T02:36:00Z,4392.2001953125,4392.7001953125,4391.7998046875,4392.60009765625,38.0,yahoo,GC=F
2026-09-14T02:37:00Z,4392.2998046875,4392.2998046875,4391.2001953125,4391.5,35.0,yahoo,GC=F
2026-09-14T02:38:00Z,4391.89990234375,4392.0,4390.0,4391.10009765625,42.0,yahoo,GC=F
2026-09-14T02:39:00Z,4391.10009765625,4393.39990234375,4388.89990234375,4389.10009765625,112.0,yahoo,GC=F
2026-09-14T02:40:00Z,4389.0,4389.39990234375,4387.5,4387.5,70.0,yahoo,GC=F
2026-09-14T02:41:00Z,4387.60009765625,4387.89990234375,4386.2001953125,4386.60009765625,78.0,yahoo,GC=F
2026-09-14T02:42:00Z,4386.7001953125,4386.7998046875,4384.5,4386.7998046875,85.0,yahoo,GC=F
2026-09-14T02:43:00Z,4386.2001953125,4389.10009765625,4385.60009765625,4388.89990234375,154.0,yahoo,GC=F
2026-09-14T02:44:00Z,4388.2998046875,4388.7998046875,4386.2001953125,4386.60009765625,88.0,yahoo,GC=F
2026-09-14T02:45:00Z,4386.89990234375,4389.39990234375,4386.5,4388.7001953125,74.0,yahoo,GC=F
2026-09-14T02:46:00Z,4389.0,4389.39990234375,4387.89990234375,4387.89990234375,41.0,yahoo,GC=F
2026-09-14T02:47:00Z,4387.89990234375,4388.10009765625,4386.89990234375,4387.10009765625,51.0,yahoo,GC=F
2026-09-14T02:48:00Z,4386.89990234375,4388.5,4386.7001953125,4386.7998046875,50.0,yahoo,GC=F
2026-09-14T02:49:00Z,4386.7001953125,4387.10009765625,4385.89990234375,4385.89990234375,21.0,yahoo,GC=F
2026-09-14T02:50:00Z,4386.10009765625,4386.2998046875,4384.60009765625,4385.7001953125,49.0,yahoo,GC=F
2026-09-14T02:51:00Z,4385.39990234375,4385.39990234375,4382.39990234375,4382.7001953125,106.0,yahoo,GC=F
2026-09-14T02:52:00Z,4382.10009765625,4382.2001953125,4380.60009765625,4381.7998046875,118.0,yahoo,GC=F
2026-09-14T02:53:00Z,4381.2001953125,4382.0,4380.7001953125,4381.39990234375,56.0,yahoo,GC=F
2026-09-14T02:54:00Z,4381.7001953125,4381.7001953125,4378.7998046875,4379.39990234375,114.0,yahoo,GC=F
2026-09-14T02:55:00Z,4379.39990234375,4379.5,4376.60009765625,4377.0,87.0,yahoo,GC=F
2026-09-14T02:56:00Z,4377.0,4378.5,4375.89990234375,4376.5,96.0,yahoo,GC=F
2026-09-14T02:57:00Z,4376.2001953125,4376.2001953125,4373.5,4373.7998046875,185.0,yahoo,GC=F
2026-09-14T02:58:00Z,4373.60009765625,4374.5,4371.89990234375,4371.89990234375,125.0,yahoo,GC=F
2026-09-14T02:59:00Z,4371.7998046875,4373.0,4371.10009765625,4371.7998046875,133.0,yahoo,GC=F
2026-09-14T03:00:00Z,4371.5,4373.2998046875,4369.39990234375,4371.0,231.0,yahoo,GC=F
2026-09-14T03:01:00Z,4370.7998046875,4372.10009765625,4368.2998046875,4371.89990234375,143.0,yahoo,GC=F
2026-09-14T03:02:00Z,4371.7998046875,4373.0,4371.5,4371.5,104.0,yahoo,GC=F
2026-09-14T03:03:00Z,4371.60009765625,4373.89990234375,4371.60009765625,4373.7998046875,114.0,yahoo,GC=F
2026-09-14T03:04:00Z,4373.5,4374.0,4372.10009765625,4373.2001953125,84.0,yahoo,GC=F
2026-09-14T03:05:00Z,4373.2001953125,4374.2001953125,4372.7998046875,4374.0,57.0,yahoo,GC=F
2026-09-14T03:06:00Z,4373.60009765625,4375.10009765625,4372.7998046875,4374.2001953125,101.0,yahoo,GC=F
2026-09-14T03:07:00Z,4374.2001953125,4374.7998046875,4372.7001953125,4374.7998046875,65.0,yahoo,GC=F
2026-09-14T03:08:00Z,4375.0,4375.39990234375,4374.39990234375,4375.39990234375,43.0,yahoo,GC=F
2026-09-14T03:09:00Z,4375.5,4376.89990234375,4375.0,4376.60009765625,73.0,yahoo,GC=F
2026-09-14T03:10:00Z,4376.60009765625,4376.60009765625,4373.39990234375,4374.60009765625,90.0,yahoo,GC=F
2026-09-14T03:11:00Z,4374.10009765625,4375.10009765625,4374.0,4374.89990234375,57.0,yahoo,GC=F
2026-09-14T03:12:00Z,4375.2001953125,4376.7001953125,4375.0,4375.10009765625,69.0,yahoo,GC=F
2026-09-14T03:13:00Z,4374.7998046875,4376.7001953125,4374.7001953125,4376.2998046875,27.0,yahoo,GC=F
2026-09-14T03:14:00Z,4376.2001953125,4376.2001953125,4373.2998046875,4374.2001953125,40.0,yahoo,GC=F
2026-09-14T03:15:00Z,4374.2001953125,4374.5,4373.2001953125,4373.39990234375,21.0,yahoo,GC=F
2026-09-14T03:16:00Z,4373.10009765625,4373.7001953125,4372.5,4373.5,26.0,yahoo,GC=F
2026-09-14T03:17:00Z,4373.60009765625,4374.7001953125,4372.7998046875,4374.0,86.0,yahoo,GC=F
2026-09-14T03:18:00Z,4374.39990234375,4375.2998046875,4374.39990234375,4375.2998046875,26.0,yahoo,GC=F
2026-09-14T03:19:00Z,4375.0,4376.7001953125,4374.7001953125,4376.10009765625,42.0,yahoo,GC=F
2026-09-14T03:20:00Z,4376.7001953125,4377.10009765625,4375.7001953125,4376.0,43.0,yahoo,GC=F
2026-09-14T03:21:00Z,4375.89990234375,4376.2001953125,4374.89990234375,4375.0,11.0,yahoo,GC=F
2026-09-14T03:22:00Z,4375.2001953125,4377.10009765625,4374.7001953125,4376.2001953125,29.0,yahoo,GC=F
2026-09-14T03:23:00Z,4376.5,4376.5,4376.5,4376.5,2.0,yahoo,GC=F
2026-09-14T03:24:00Z,4376.39990234375,4376.39990234375,4375.39990234375,4375.39990234375,9.0,yahoo,GC=F
2026-09-14T03:25:00Z,4375.60009765625,4376.2001953125,4374.5,4374.5,19.0,yahoo,GC=F
2026-09-14T03:26:00Z,4374.2998046875,4375.0,4374.0,4374.10009765625,51.0,yahoo,GC=F
2026-09-14T03:27:00Z,4374.5,4374.5,4374.2001953125,4374.2998046875,8.0,yahoo,GC=F
2026-09-14T03:28:00Z,4374.60009765625,4375.39990234375,4374.60009765625,4374.89990234375,10.0,yahoo,GC=F
2026-09-14T03:29:00Z,4375.2001953125,4375.60009765625,4375.0,4375.10009765625,10.0,yahoo,GC=F
2026-09-14T03:30:00Z,4375.5,4375.7001953125,4373.10009765625,4373.10009765625,39.0,yahoo,GC=F
2026-09-14T03:31:00Z,4373.39990234375,4373.5,4372.2998046875,4373.2001953125,44.0,yahoo,GC=F
2026-09-14T03:32:00Z,4373.7998046875,4373.7998046875,4372.7001953125,4373.0,24.0,yahoo,GC=F
2026-09-14T03:33:00Z,4372.2001953125,4372.39990234375,4371.2001953125,4371.2998046875,41.0,yahoo,GC=F
2026-09-14T03:34:00Z,4371.7001953125,4371.7001953125,4370.5,4370.7998046875,35.0,yahoo,GC=F
2026-09-14T03:35:00Z,4370.2001953125,4370.7998046875,4369.5,4369.5,66.0,yahoo,GC=F
2026-09-14T03:36:00Z,4369.5,4370.0,4368.89990234375,4369.2998046875,60.0,yahoo,GC=F
2026-09-14T03:37:00Z,4369.2998046875,4372.2998046875,4369.2998046875,4372.0,87.0,yahoo,GC=F
2026-09-14T03:38:00Z,4372.10009765625,4372.60009765625,4371.39990234375,4371.7998046875,55.0,yahoo,GC=F
2026-09-14T03:39:00Z,4372.0,4373.39990234375,4372.0,4372.39990234375,47.0,yahoo,GC=F
2026-09-14T03:40:00Z,4372.10009765625,4372.10009765625,4369.2998046875,4369.60009765625,36.0,yahoo,GC=F
2026-09-14T03:41:00Z,4369.2998046875,4369.7001953125,4367.2001953125,4367.5,136.0,yahoo,GC=F
2026-09-14T03:42:00Z,4367.7998046875,4369.10009765625,4367.39990234375,4369.10009765625,94.0,yahoo,GC=F
2026-09-14T03:43:00Z,4368.7998046875,4369.7001953125,4368.2998046875,4369.2998046875,68.0,yahoo,GC=F
2026-09-14T03:44:00Z,4369.2998046875,4369.60009765625,4368.89990234375,4369.39990234375,23.0,yahoo,GC=F
2026-09-14T03:45:00Z,4369.39990234375,4370.5,4369.2998046875,4370.39990234375,24.0,yahoo,GC=F
2026-09-14T03:46:00Z,4370.60009765625,4371.2998046875,4369.7001953125,4370.2998046875,48.0,yahoo,GC=F
2026-09-14T03:47:00Z,4370.0,4370.0,4368.7998046875,4369.2998046875,54.0,yahoo,GC=F
2026-09-14T03:48:00Z,4369.7001953125,4371.2998046875,4369.7001953125,4371.2998046875,32.0,yahoo,GC=F
2026-09-14T03:49:00Z,4371.5,4373.60009765625,4371.2998046875,4373.10009765625,72.0,yahoo,GC=F
2026-09-14T03:50:00Z,4372.89990234375,4373.5,4372.2998046875,4373.2998046875,37.0,yahoo,GC=F
2026-09-14T03:51:00Z,4373.2001953125,4373.7998046875,4370.5,4371.2998046875,72.0,yahoo,GC=F
2026-09-14T03:52:00Z,4371.5,4371.89990234375,4370.5,4371.89990234375,78.0,yahoo,GC=F
2026-09-14T03:53:00Z,4371.89990234375,4373.10009765625,4371.89990234375,4373.10009765625,45.0,yahoo,GC=F
2026-09-14T03:54:00Z,4373.2998046875,4373.7001953125,4372.2998046875,4372.2998046875,51.0,yahoo,GC=F
2026-09-14T03:55:00Z,4372.60009765625,4373.39990234375,4371.5,4372.0,42.0,yahoo,GC=F
2026-09-14T03:56:00Z,4371.7001953125,4372.2998046875,4371.2001953125,4371.7001953125,39.0,yahoo,GC=F
2026-09-14T03:57:00Z,4371.7998046875,4372.0,4371.2998046875,4371.2998046875,5.0,yahoo,GC=F
2026-09-14T03:58:00Z,4370.7998046875,4370.7998046875,4369.89990234375,4370.60009765625,35.0,yahoo,GC=F
2026-09-14T04:00:00Z,4370.60009765625,4371.7998046875,4370.10009765625,4371.2001953125,0.0,yahoo,GC=F
2026-09-14T04:01:00Z,4371.10009765625,4371.89990234375,4370.5,4370.5,17.0,yahoo,GC=F
2026-09-14T04:02:00Z,4370.60009765625,4370.7001953125,4370.0,4370.0,16.0,yahoo,GC=F
2026-09-14T04:03:00Z,4370.5,4371.7998046875,4370.10009765625,4371.7998046875,13.0,yahoo,GC=F
2026-09-14T04:04:00Z,4371.5,4371.7001953125,4371.0,4371.2001953125,14.0,yahoo,GC=F
2026-09-14T04:05:00Z,4371.39990234375,4371.60009765625,4370.2001953125,4371.10009765625,17.0,yahoo,GC=F
2026-09-14T04:06:00Z,4371.0,4371.2998046875,4370.5,4370.5,15.0,yahoo,GC=F
2026-09-14T04:07:00Z,4370.89990234375,4371.2998046875,4370.10009765625,4370.60009765625,20.0,yahoo,GC=F
2026-09-14T04:08:00Z,4369.7001953125,4369.7998046875,4369.39990234375,4369.39990234375,8.0,yahoo,GC=F
2026-09-14T04:09:00Z,4369.39990234375,4370.7998046875,4369.39990234375,4370.7998046875,24.0,yahoo,GC=F
2026-09-14T04:10:00Z,4370.60009765625,4371.10009765625,4370.39990234375,4370.39990234375,16.0,yahoo,GC=F
2026-09-14T04:11:00Z,4370.2998046875,4370.89990234375,4370.0,4370.89990234375,15.0,yahoo,GC=F
2026-09-14T04:12:00Z,4370.7001953125,4370.7001953125,4369.7998046875,4369.7998046875,15.0,yahoo,GC=F
2026-09-14T04:13:00Z,4369.7998046875,4370.89990234375,4369.7998046875,4370.5,10.0,yahoo,GC=F
2026-09-14T04:14:00Z,4370.7001953125,4370.7001953125,4369.2998046875,4369.39990234375,16.0,yahoo,GC=F
2026-09-14T04:15:00Z,4369.39990234375,4370.2998046875,4369.0,4370.10009765625,15.0,yahoo,GC=F
2026-09-14T04:16:00Z,4370.0,4370.10009765625,4369.10009765625,4370.10009765625,21.0,yahoo,GC=F
2026-09-14T04:17:00Z,4370.2998046875,4370.2998046875,4370.0,4370.10009765625,10.0,yahoo,GC=F
2026-09-14T04:18:00Z,4369.2998046875,4369.7998046875,4369.0,4369.39990234375,17.0,yahoo,GC=F
2026-09-14T04:19:00Z,4369.5,4369.7998046875,4369.5,4369.5,10.0,yahoo,GC=F
2026-09-14T04:20:00Z,4369.5,4369.60009765625,4369.39990234375,4369.39990234375,10.0,yahoo,GC=F
2026-09-14T04:21:00Z,4369.5,4370.0,4369.5,4369.89990234375,13.0,yahoo,GC=F
2026-09-14T04:22:00Z,4369.2998046875,4370.60009765625,4369.2998046875,4370.60009765625,22.0,yahoo,GC=F
2026-09-14T04:23:00Z,4370.5,4370.5,4369.7001953125,4370.39990234375,6.0,yahoo,GC=F
2026-09-14T04:24:00Z,4370.10009765625,4370.10009765625,4370.10009765625,4370.10009765625,2.0,yahoo,GC=F
2026-09-14T04:25:00Z,4370.5,4371.10009765625,4370.5,4370.7998046875,33.0,yahoo,GC=F
2026-09-14T04:26:00Z,4370.7001953125,4371.0,4369.60009765625,4370.60009765625,35.0,yahoo,GC=F
2026-09-14T04:27:00Z,4371.0,4371.89990234375,4370.89990234375,4371.5,33.0,yahoo,GC=F
2026-09-14T04:28:00Z,4371.5,4371.7998046875,4371.2001953125,4371.2998046875,14.0,yahoo,GC=F
2026-09-14T04:29:00Z,4371.2001953125,4371.7998046875,4371.0,4371.7998046875,28.0,yahoo,GC=F
2026-09-14T04:30:00Z,4371.7998046875,4371.7998046875,4370.5,4370.7998046875,70.0,yahoo,GC=F
2026-09-14T04:31:00Z,4371.0,4371.5,4370.5,4370.5,13.0,yahoo,GC=F
2026-09-14T04:32:00Z,4370.10009765625,4370.5,4369.10009765625,4369.39990234375,22.0,yahoo,GC=F
2026-09-14T04:33:00Z,4369.0,4370.2001953125,4368.39990234375,4368.7001953125,52.0,yahoo,GC=F
2026-09-14T04:34:00Z,4369.10009765625,4369.10009765625,4367.89990234375,4368.0,67.0,yahoo,GC=F
2026-09-14T04:35:00Z,4367.7998046875,4370.0,4367.7998046875,4369.60009765625,62.0,yahoo,GC=F
2026-09-14T04:36:00Z,4369.7001953125,4370.0,4368.7001953125,4368.7001953125,38.0,yahoo,GC=F
2026-09-14T04:37:00Z,4368.7998046875,4369.2998046875,4367.2998046875,4367.89990234375,58.0,yahoo,GC=F
2026-09-14T04:38:00Z,4367.7001953125,4368.2001953125,4365.10009765625,4365.39990234375,420.0,yahoo,GC=F
2026-09-14T04:39:00Z,4365.39990234375,4367.0,4364.7998046875,4366.7998046875,97.0,yahoo,GC=F
2026-09-14T04:40:00Z,4366.5,4366.5,4365.2001953125,4365.7998046875,38.0,yahoo,GC=F
2026-09-14T04:41:00Z,4365.7998046875,4366.0,4364.2998046875,4365.10009765625,83.0,yahoo,GC=F
2026-09-14T04:42:00Z,4364.7998046875,4365.39990234375,4364.2998046875,4365.39990234375,37.0,yahoo,GC=F
2026-09-14T04:43:00Z,4365.5,4365.89990234375,4364.7001953125,4364.89990234375,24.0,yahoo,GC=F
2026-09-14T04:44:00Z,4364.2998046875,4364.5,4363.39990234375,4363.5,31.0,yahoo,GC=F
2026-09-14T04:45:00Z,4363.7998046875,4364.5,4363.2998046875,4364.5,49.0,yahoo,GC=F
2026-09-14T04:46:00Z,4364.0,4364.0,4363.0,4363.0,30.0,yahoo,GC=F
2026-09-14T04:47:00Z,4363.2001953125,4363.60009765625,4362.10009765625,4362.5,35.0,yahoo,GC=F
2026-09-14T04:48:00Z,4362.89990234375,4365.0,4362.10009765625,4364.5,113.0,yahoo,GC=F
2026-09-14T04:49:00Z,4364.7998046875,4366.0,4364.2998046875,4365.2998046875,58.0,yahoo,GC=F
2026-09-14T04:50:00Z,4365.2998046875,4365.7998046875,4364.60009765625,4365.10009765625,38.0,yahoo,GC=F
2026-09-14T04:51:00Z,4365.0,4365.0,4363.2998046875,4364.60009765625,69.0,yahoo,GC=F
2026-09-14T04:52:00Z,4364.39990234375,4365.7998046875,4363.7998046875,4364.60009765625,76.0,yahoo,GC=F
2026-09-14T04:53:00Z,4364.7001953125,4367.10009765625,4364.2001953125,4366.7998046875,127.0,yahoo,GC=F
2026-09-14T04:54:00Z,4366.60009765625,4368.39990234375,4366.0,4368.10009765625,82.0,yahoo,GC=F
2026-09-14T04:55:00Z,4368.39990234375,4370.89990234375,4368.39990234375,4370.7001953125,130.0,yahoo,GC=F
2026-09-14T04:56:00Z,4371.0,4371.7998046875,4369.7998046875,4369.7998046875,105.0,yahoo,GC=F
2026-09-14T04:57:00Z,4369.7998046875,4369.89990234375,4369.2001953125,4369.2998046875,25.0,yahoo,GC=F
2026-09-14T04:58:00Z,4368.89990234375,4369.7998046875,4368.7001953125,4369.7998046875,41.0,yahoo,GC=F
2026-09-14T04:59:00Z,4369.7001953125,4370.10009765625,4369.60009765625,4369.60009765625,40.0,yahoo,GC=F
2026-09-14T05:00:00Z,4369.7998046875,4370.39990234375,4369.5,4370.2001953125,25.0,yahoo,GC=F
2026-09-14T05:01:00Z,4370.2998046875,4370.2998046875,4368.89990234375,4369.0,39.0,yahoo,GC=F
2026-09-14T05:02:00Z,4369.0,4369.2001953125,4367.7001953125,4368.2001953125,42.0,yahoo,GC=F
2026-09-14T05:03:00Z,4367.89990234375,4370.0,4367.0,4370.0,114.0,yahoo,GC=F
2026-09-14T05:04:00Z,4370.2998046875,4372.7001953125,4370.2001953125,4372.2998046875,114.0,yahoo,GC=F
2026-09-14T05:05:00Z,4372.0,4372.2998046875,4370.89990234375,4372.10009765625,37.0,yahoo,GC=F
2026-09-14T05:06:00Z,4372.0,4372.39990234375,4370.39990234375,4370.60009765625,41.0,yahoo,GC=F
2026-09-14T05:07:00Z,4370.7001953125,4372.0,4370.2998046875,4371.2998046875,107.0,yahoo,GC=F
2026-09-14T05:08:00Z,4371.2998046875,4372.5,4370.2998046875,4370.60009765625,42.0,yahoo,GC=F
2026-09-14T05:09:00Z,4370.5,4370.89990234375,4369.10009765625,4369.10009765625,31.0,yahoo,GC=F
2026-09-14T05:10:00Z,4369.0,4369.0,4366.7001953125,4366.7998046875,69.0,yahoo,GC=F
2026-09-14T05:11:00Z,4366.89990234375,4367.7001953125,4366.7998046875,4367.0,46.0,yahoo,GC=F
2026-09-14T05:12:00Z,4367.0,4368.7998046875,4367.0,4368.5,21.0,yahoo,GC=F
2026-09-14T05:13:00Z,4368.0,4369.7001953125,4368.0,4369.7001953125,31.0,yahoo,GC=F
2026-09-14T05:14:00Z,4369.7998046875,4371.0,4369.7001953125,4371.0,41.0,yahoo,GC=F
2026-09-14T05:15:00Z,4370.7001953125,4371.89990234375,4370.7001953125,4371.7001953125,27.0,yahoo,GC=F
2026-09-14T05:16:00Z,4371.5,4372.39990234375,4371.2001953125,4371.5,35.0,yahoo,GC=F
2026-09-14T05:17:00Z,4371.5,4371.7998046875,4371.2001953125,4371.5,12.0,yahoo,GC=F
2026-09-14T05:18:00Z,4370.60009765625,4371.10009765625,4370.2001953125,4370.2998046875,25.0,yahoo,GC=F
2026-09-14T05:19:00Z,4369.7998046875,4370.60009765625,4369.7998046875,4370.2001953125,15.0,yahoo,GC=F
2026-09-14T05:20:00Z,4370.0,4370.39990234375,4369.89990234375,4370.0,16.0,yahoo,GC=F
2026-09-14T05:21:00Z,4369.7001953125,4370.2998046875,4369.2998046875,4369.89990234375,15.0,yahoo,GC=F
2026-09-14T05:22:00Z,4369.89990234375,4370.39990234375,4369.89990234375,4370.2001953125,10.0,yahoo,GC=F
2026-09-14T05:23:00Z,4369.7998046875,4370.0,4368.10009765625,4368.10009765625,42.0,yahoo,GC=F
2026-09-14T05:24:00Z,4367.7001953125,4367.7001953125,4366.5,4367.60009765625,48.0,yahoo,GC=F
2026-09-14T05:25:00Z,4367.39990234375,4368.2998046875,4367.2001953125,4368.2001953125,22.0,yahoo,GC=F
2026-09-14T05:26:00Z,4368.10009765625,4369.2001953125,4367.89990234375,4368.7001953125,26.0,yahoo,GC=F
2026-09-14T05:27:00Z,4368.7998046875,4369.2001953125,4367.89990234375,4369.2001953125,26.0,yahoo,GC=F
2026-09-14T05:28:00Z,4369.10009765625,4369.10009765625,4367.5,4367.89990234375,25.0,yahoo,GC=F
2026-09-14T05:29:00Z,4367.7998046875,4368.2001953125,4366.5,4366.5,48.0,yahoo,GC=F
2026-09-14T05:30:00Z,4366.89990234375,4374.2001953125,4365.39990234375,4373.0,480.0,yahoo,GC=F
2026-09-14T05:31:00Z,4372.7001953125,4373.60009765625,4372.2001953125,4372.5,118.0,yahoo,GC=F
2026-09-14T05:32:00Z,4372.5,4375.2001953125,4372.2001953125,4375.0,74.0,yahoo,GC=F
2026-09-14T05:33:00Z,4375.39990234375,4377.2001953125,4375.10009765625,4376.2998046875,71.0,yahoo,GC=F
2026-09-14T05:34:00Z,4376.2001953125,4376.39990234375,4373.0,4373.0,86.0,yahoo,GC=F
2026-09-14T05:35:00Z,4373.0,4376.2998046875,4372.60009765625,4375.39990234375,133.0,yahoo,GC=F
2026-09-14T05:36:00Z,4375.2998046875,4375.39990234375,4373.10009765625,4374.39990234375,64.0,yahoo,GC=F
2026-09-14T05:37:00Z,4374.60009765625,4375.0,4374.0,4374.5,14.0,yahoo,GC=F
2026-09-14T05:38:00Z,4374.60009765625,4376.60009765625,4374.60009765625,4375.7001953125,68.0,yahoo,GC=F
2026-09-14T05:39:00Z,4375.7998046875,4377.39990234375,4375.39990234375,4375.60009765625,43.0,yahoo,GC=F
2026-09-14T05:40:00Z,4375.7998046875,4375.7998046875,4372.7998046875,4373.5,138.0,yahoo,GC=F
2026-09-14T05:41:00Z,4372.7001953125,4372.7001953125,4370.5,4372.60009765625,53.0,yahoo,GC=F
2026-09-14T05:42:00Z,4372.5,4372.7001953125,4366.7998046875,4367.39990234375,236.0,yahoo,GC=F
2026-09-14T05:43:00Z,4367.10009765625,4370.2001953125,4366.5,4370.2001953125,53.0,yahoo,GC=F
2026-09-14T05:44:00Z,4370.0,4371.7001953125,4369.39990234375,4371.39990234375,100.0,yahoo,GC=F
2026-09-14T05:45:00Z,4371.2998046875,4372.5,4370.10009765625,4370.10009765625,68.0,yahoo,GC=F
2026-09-14T05:46:00Z,4370.2998046875,4374.2001953125,4370.2998046875,4371.0,177.0,yahoo,GC=F
2026-09-14T05:47:00Z,4371.0,4371.39990234375,4369.60009765625,4370.7001953125,83.0,yahoo,GC=F
2026-09-14T05:48:00Z,4371.10009765625,4371.5,4367.0,4367.7998046875,79.0,yahoo,GC=F
2026-09-14T05:49:00Z,4367.60009765625,4367.7001953125,4365.5,4366.39990234375,79.0,yahoo,GC=F
2026-09-14T05:50:00Z,4366.60009765625,4367.7998046875,4363.5,4367.2998046875,187.0,yahoo,GC=F
2026-09-14T05:51:00Z,4367.2998046875,4369.60009765625,4367.2998046875,4369.39990234375,58.0,yahoo,GC=F
2026-09-14T05:52:00Z,4369.39990234375,4370.0,4368.5,4369.0,91.0,yahoo,GC=F
2026-09-14T05:53:00Z,4369.5,4372.89990234375,4369.2001953125,4372.7998046875,82.0,yahoo,GC=F
2026-09-14T05:54:00Z,4373.0,4375.10009765625,4372.89990234375,4374.7998046875,92.0,yahoo,GC=F
2026-09-14T05:55:00Z,4374.7998046875,4374.89990234375,4373.2001953125,4373.89990234375,57.0,yahoo,GC=F
2026-09-14T05:56:00Z,4373.89990234375,4376.60009765625,4373.89990234375,4375.89990234375,120.0,yahoo,GC=F
2026-09-14T05:57:00Z,4375.60009765625,4376.7998046875,4374.7001953125,4376.0,137.0,yahoo,GC=F
2026-09-14T05:58:00Z,4376.2998046875,4377.2001953125,4375.2998046875,4376.7998046875,85.0,yahoo,GC=F
2026-09-14T05:59:00Z,4376.60009765625,4378.10009765625,4376.2001953125,4378.10009765625,85.0,yahoo,GC=F
2026-09-14T06:00:00Z,4377.89990234375,4379.0,4376.39990234375,4377.10009765625,187.0,yahoo,GC=F
2026-09-14T06:01:00Z,4376.7998046875,4379.2001953125,4375.89990234375,4378.89990234375,102.0,yahoo,GC=F
2026-09-14T06:02:00Z,4378.39990234375,4379.2998046875,4377.10009765625,4377.2998046875,81.0,yahoo,GC=F
2026-09-14T06:03:00Z,4377.39990234375,4377.39990234375,4376.2998046875,4376.60009765625,49.0,yahoo,GC=F
2026-09-14T06:04:00Z,4376.5,4377.0,4374.89990234375,4375.0,123.0,yahoo,GC=F
2026-09-14T06:05:00Z,4374.7998046875,4376.7001953125,4373.5,4374.2998046875,135.0,yahoo,GC=F
2026-09-14T06:06:00Z,4374.2001953125,4374.60009765625,4372.0,4372.2998046875,99.0,yahoo,GC=F
2026-09-14T06:07:00Z,4371.89990234375,4374.2001953125,4371.60009765625,4374.2001953125,37.0,yahoo,GC=F
2026-09-14T06:08:00Z,4374.2998046875,4374.7998046875,4373.5,4374.2998046875,33.0,yahoo,GC=F
2026-09-14T06:09:00Z,4372.7001953125,4372.7001953125,4371.5,4371.5,27.0,yahoo,GC=F
2026-09-14T06:10:00Z,4371.2998046875,4372.2998046875,4370.89990234375,4371.89990234375,21.0,yahoo,GC=F
2026-09-14T06:11:00Z,4372.0,4374.10009765625,4372.0,4372.7001953125,14.0,yahoo,GC=F
2026-09-14T06:12:00Z,4372.60009765625,4372.60009765625,4369.2998046875,4369.5,86.0,yahoo,GC=F
2026-09-14T06:13:00Z,4369.5,4370.0,4367.39990234375,4368.2998046875,72.0,yahoo,GC=F
2026-09-14T06:14:00Z,4368.60009765625,4370.5,4368.5,4370.5,58.0,yahoo,GC=F
2026-09-14T06:15:00Z,4370.2001953125,4370.2001953125,4368.89990234375,4369.10009765625,47.0,yahoo,GC=F
2026-09-14T06:16:00Z,4369.2001953125,4370.5,4368.2998046875,4370.2001953125,35.0,yahoo,GC=F
2026-09-14T06:17:00Z,4369.7998046875,4370.5,4369.5,4369.7001953125,21.0,yahoo,GC=F
2026-09-14T06:18:00Z,4369.5,4369.7998046875,4369.2998046875,4369.7998046875,25.0,yahoo,GC=F
2026-09-14T06:19:00Z,4370.10009765625,4371.2001953125,4369.10009765625,4370.7001953125,61.0,yahoo,GC=F
2026-09-14T06:20:00Z,4370.60009765625,4372.0,4369.7001953125,4369.7001953125,68.0,yahoo,GC=F
2026-09-14T06:21:00Z,4369.60009765625,4369.60009765625,4368.10009765625,4369.2001953125,32.0,yahoo,GC=F
2026-09-14T06:22:00Z,4369.39990234375,4369.7001953125,4367.39990234375,4368.2001953125,60.0,yahoo,GC=F
2026-09-14T06:23:00Z,4368.5,4369.60009765625,4368.5,4369.5,37.0,yahoo,GC=F
2026-09-14T06:24:00Z,4369.60009765625,4370.2998046875,4369.60009765625,4369.89990234375,38.0,yahoo,GC=F
2026-09-14T06:25:00Z,4369.7998046875,4371.2998046875,4369.5,4370.7998046875,29.0,yahoo,GC=F
2026-09-14T06:26:00Z,4370.89990234375,4371.89990234375,4370.2998046875,4371.89990234375,27.0,yahoo,GC=F
2026-09-14T06:27:00Z,4371.5,4373.0,4371.2998046875,4372.2998046875,43.0,yahoo,GC=F
2026-09-14T06:28:00Z,4372.39990234375,4372.5,4370.5,4370.5,37.0,yahoo,GC=F
2026-09-14T06:29:00Z,4370.89990234375,4371.89990234375,4370.5,4370.89990234375,16.0,yahoo,GC=F
2026-09-14T06:30:00Z,4370.39990234375,4371.2998046875,4370.2001953125,4371.10009765625,30.0,yahoo,GC=F
2026-09-14T06:31:00Z,4371.2001953125,4372.5,4371.2001953125,4371.7001953125,43.0,yahoo,GC=F
2026-09-14T06:32:00Z,4372.0,4372.0,4369.60009765625,4370.39990234375,28.0,yahoo,GC=F
2026-09-14T06:33:00Z,4370.5,4371.39990234375,4370.2998046875,4370.5,18.0,yahoo,GC=F
2026-09-14T06:34:00Z,4370.2001953125,4370.2998046875,4369.60009765625,4370.10009765625,18.0,yahoo,GC=F
2026-09-14T06:35:00Z,4370.7998046875,4371.2001953125,4369.2001953125,4369.39990234375,29.0,yahoo,GC=F
2026-09-14T06:36:00Z,4370.10009765625,4371.60009765625,4370.10009765625,4371.10009765625,60.0,yahoo,GC=F
2026-09-14T06:37:00Z,4371.89990234375,4372.89990234375,4371.2001953125,4371.7001953125,79.0,yahoo,GC=F
2026-09-14T06:38:00Z,4371.7998046875,4372.10009765625,4369.7998046875,4369.7998046875,65.0,yahoo,GC=F
2026-09-14T06:39:00Z,4369.60009765625,4369.7001953125,4368.2001953125,4368.2001953125,48.0,yahoo,GC=F
2026-09-14T06:40:00Z,4368.2001953125,4368.60009765625,4367.5,4367.5,47.0,yahoo,GC=F
2026-09-14T06:41:00Z,4367.89990234375,4368.2998046875,4367.2001953125,4367.60009765625,37.0,yahoo,GC=F
2026-09-14T06:42:00Z,4367.39990234375,4367.60009765625,4366.39990234375,4366.89990234375,51.0,yahoo,GC=F
2026-09-14T06:43:00Z,4366.60009765625,4367.10009765625,4365.7998046875,4366.10009765625,89.0,yahoo,GC=F
2026-09-14T06:44:00Z,4366.10009765625,4368.2001953125,4365.7001953125,4367.7998046875,144.0,yahoo,GC=F
2026-09-14T06:45:00Z,4368.0,4370.5,4367.89990234375,4369.39990234375,157.0,yahoo,GC=F
2026-09-14T06:46:00Z,4369.10009765625,4369.7001953125,4366.39990234375,4369.2001953125,141.0,yahoo,GC=F
2026-09-14T06:47:00Z,4368.89990234375,4369.60009765625,4368.0,4368.0,42.0,yahoo,GC=F
2026-09-14T06:48:00Z,4368.0,4368.89990234375,4367.7998046875,4368.2001953125,23.0,yahoo,GC=F
2026-09-14T06:49:00Z,4368.39990234375,4368.60009765625,4364.39990234375,4364.5,70.0,yahoo,GC=F
2026-09-14T06:50:00Z,4364.5,4365.7001953125,4362.7001953125,4363.2001953125,103.0,yahoo,GC=F
2026-09-14T06:51:00Z,4363.2998046875,4363.5,4362.60009765625,4363.5,61.0,yahoo,GC=F
2026-09-14T06:52:00Z,4363.5,4365.2001953125,4363.2998046875,4364.7001953125,84.0,yahoo,GC=F
2026-09-14T06:53:00Z,4364.60009765625,4364.7001953125,4363.0,4363.0,28.0,yahoo,GC=F
2026-09-14T06:54:00Z,4363.39990234375,4363.89990234375,4363.10009765625,4363.60009765625,12.0,yahoo,GC=F
2026-09-14T06:55:00Z,4363.5,4363.7001953125,4362.7998046875,4363.5,21.0,yahoo,GC=F
2026-09-14T06:56:00Z,4363.5,4363.5,4360.89990234375,4361.7001953125,99.0,yahoo,GC=F
2026-09-14T06:57:00Z,4361.60009765625,4362.89990234375,4361.2998046875,4362.39990234375,88.0,yahoo,GC=F
2026-09-14T06:58:00Z,4362.2998046875,4362.60009765625,4361.7001953125,4361.89990234375,79.0,yahoo,GC=F
2026-09-14T06:59:00Z,4362.10009765625,4362.7998046875,4362.10009765625,4362.5,12.0,yahoo,GC=F
2026-09-14T07:00:00Z,4362.39990234375,4362.60009765625,4359.7001953125,4361.39990234375,188.0,yahoo,GC=F
2026-09-14T07:01:00Z,4361.7998046875,4362.7001953125,4360.0,4360.0,54.0,yahoo,GC=F
2026-09-14T07:02:00Z,4359.7998046875,4362.0,4358.60009765625,4358.60009765625,116.0,yahoo,GC=F
2026-09-14T07:03:00Z,4358.60009765625,4359.89990234375,4357.89990234375,4359.2998046875,56.0,yahoo,GC=F
2026-09-14T07:04:00Z,4359.89990234375,4362.10009765625,4359.0,4361.7998046875,77.0,yahoo,GC=F
2026-09-14T07:05:00Z,4361.7001953125,4362.7998046875,4360.0,4362.2998046875,91.0,yahoo,GC=F
2026-09-14T07:06:00Z,4362.2998046875,4363.7001953125,4361.7001953125,4361.7001953125,162.0,yahoo,GC=F
2026-09-14T07:07:00Z,4361.60009765625,4362.10009765625,4360.2001953125,4360.7001953125,66.0,yahoo,GC=F
2026-09-14T07:08:00Z,4360.60009765625,4361.0,4359.60009765625,4360.89990234375,56.0,yahoo,GC=F
2026-09-14T07:09:00Z,4361.2998046875,4361.89990234375,4359.0,4359.0,43.0,yahoo,GC=F
2026-09-14T07:10:00Z,4358.89990234375,4361.60009765625,4358.89990234375,4361.39990234375,39.0,yahoo,GC=F
2026-09-14T07:11:00Z,4361.39990234375,4362.10009765625,4360.0,4362.0,76.0,yahoo,GC=F
2026-09-14T07:12:00Z,4362.2001953125,4363.39990234375,4361.89990234375,4362.39990234375,60.0,yahoo,GC=F
2026-09-14T07:13:00Z,4362.39990234375,4363.39990234375,4361.2998046875,4363.39990234375,54.0,yahoo,GC=F
2026-09-14T07:14:00Z,4363.60009765625,4364.5,4363.10009765625,4364.5,37.0,yahoo,GC=F
2026-09-14T07:15:00Z,4364.39990234375,4364.39990234375,4361.60009765625,4362.2001953125,27.0,yahoo,GC=F
2026-09-14T07:16:00Z,4362.60009765625,4364.10009765625,4362.5,4363.10009765625,29.0,yahoo,GC=F
2026-09-14T07:17:00Z,4363.0,4363.89990234375,4361.89990234375,4363.0,89.0,yahoo,GC=F
2026-09-14T07:18:00Z,4362.60009765625,4363.0,4362.2998046875,4363.0,8.0,yahoo,GC=F
2026-09-14T07:19:00Z,4363.5,4364.2998046875,4362.7998046875,4364.2998046875,40.0,yahoo,GC=F
2026-09-14T07:20:00Z,4363.39990234375,4363.7998046875,4360.7998046875,4361.0,62.0,yahoo,GC=F
2026-09-14T07:21:00Z,4361.10009765625,4362.10009765625,4360.2001953125,4362.0,30.0,yahoo,GC=F
2026-09-14T07:22:00Z,4361.7998046875,4362.2998046875,4360.89990234375,4362.10009765625,67.0,yahoo,GC=F
2026-09-14T07:23:00Z,4361.7001953125,4362.60009765625,4361.5,4362.0,23.0,yahoo,GC=F
2026-09-14T07:24:00Z,4361.7998046875,4362.0,4359.5,4359.7001953125,117.0,yahoo,GC=F
2026-09-14T07:25:00Z,4360.60009765625,4360.7998046875,4358.89990234375,4359.2001953125,59.0,yahoo,GC=F
2026-09-14T07:26:00Z,4359.60009765625,4361.5,4359.60009765625,4361.2998046875,45.0,yahoo,GC=F
2026-09-14T07:27:00Z,4361.39990234375,4362.0,4359.2001953125,4360.0,70.0,yahoo,GC=F
2026-09-14T07:28:00Z,4360.0,4360.39990234375,4358.60009765625,4358.7001953125,178.0,yahoo,GC=F
2026-09-14T07:29:00Z,4358.89990234375,4359.2001953125,4356.7001953125,4357.2998046875,142.0,yahoo,GC=F
2026-09-14T07:30:00Z,4357.2001953125,4358.60009765625,4356.39990234375,4358.5,88.0,yahoo,GC=F
2026-09-14T07:31:00Z,4358.7001953125,4359.60009765625,4357.89990234375,4359.2998046875,92.0,yahoo,GC=F
2026-09-14T07:32:00Z,4359.2998046875,4359.5,4357.89990234375,4358.2001953125,93.0,yahoo,GC=F
2026-09-14T07:33:00Z,4358.2001953125,4359.5,4357.10009765625,4357.2998046875,105.0,yahoo,GC=F
2026-09-14T07:34:00Z,4357.2001953125,4357.2001953125,4356.2998046875,4356.7998046875,69.0,yahoo,GC=F
2026-09-14T07:35:00Z,4357.5,4357.7998046875,4356.60009765625,4357.10009765625,64.0,yahoo,GC=F
2026-09-14T07:36:00Z,4356.7001953125,4358.10009765625,4355.89990234375,4357.0,127.0,yahoo,GC=F
2026-09-14T07:37:00Z,4356.7998046875,4357.7998046875,4356.60009765625,4357.10009765625,35.0,yahoo,GC=F
2026-09-14T07:38:00Z,4357.10009765625,4358.0,4357.0,4357.60009765625,30.0,yahoo,GC=F
2026-09-14T07:39:00Z,4357.60009765625,4358.10009765625,4355.7001953125,4357.10009765625,64.0,yahoo,GC=F
2026-09-14T07:40:00Z,4357.2001953125,4359.0,4357.2001953125,4357.7998046875,74.0,yahoo,GC=F
2026-09-14T07:41:00Z,4358.2001953125,4358.2998046875,4356.7998046875,4357.7998046875,36.0,yahoo,GC=F
2026-09-14T07:42:00Z,4357.89990234375,4359.2001953125,4357.39990234375,4359.2001953125,39.0,yahoo,GC=F
2026-09-14T07:43:00Z,4359.2998046875,4359.7998046875,4358.2998046875,4358.2998046875,74.0,yahoo,GC=F
2026-09-14T07:44:00Z,4358.5,4359.2998046875,4357.60009765625,4359.2998046875,75.0,yahoo,GC=F
2026-09-14T07:45:00Z,4359.2998046875,4362.2001953125,4358.89990234375,4360.2998046875,193.0,yahoo,GC=F
2026-09-14T07:46:00Z,4360.10009765625,4361.2001953125,4359.89990234375,4360.10009765625,44.0,yahoo,GC=F
2026-09-14T07:47:00Z,4360.2998046875,4360.2998046875,4358.2998046875,4358.7001953125,76.0,yahoo,GC=F
2026-09-14T07:48:00Z,4358.7998046875,4361.0,4357.10009765625,4357.10009765625,120.0,yahoo,GC=F
2026-09-14T07:49:00Z,4356.89990234375,4358.5,4355.7001953125,4358.10009765625,72.0,yahoo,GC=F
2026-09-14T07:50:00Z,4358.10009765625,4359.39990234375,4357.10009765625,4357.2001953125,56.0,yahoo,GC=F
2026-09-14T07:51:00Z,4356.39990234375,4356.39990234375,4351.60009765625,4351.7998046875,329.0,yahoo,GC=F
2026-09-14T07:52:00Z,4351.89990234375,4352.5,4350.5,4351.5,239.0,yahoo,GC=F
2026-09-14T07:53:00Z,4351.5,4352.89990234375,4351.0,4351.7998046875,154.0,yahoo,GC=F
2026-09-14T07:54:00Z,4351.60009765625,4352.5,4351.2001953125,4351.5,50.0,yahoo,GC=F
2026-09-14T07:55:00Z,4351.39990234375,4352.5,4349.89990234375,4350.2001953125,138.0,yahoo,GC=F
2026-09-14T07:56:00Z,4349.7001953125,4350.7001953125,4349.2001953125,4349.39990234375,101.0,yahoo,GC=F
2026-09-14T07:57:00Z,4349.2001953125,4350.10009765625,4348.60009765625,4348.60009765625,100.0,yahoo,GC=F
2026-09-14T07:58:00Z,4348.7001953125,4351.10009765625,4348.0,4350.89990234375,209.0,yahoo,GC=F
2026-09-14T07:59:00Z,4350.5,4351.39990234375,4350.0,4350.7001953125,48.0,yahoo,GC=F
2026-09-14T08:00:00Z,4350.89990234375,4352.5,4350.7998046875,4351.39990234375,118.0,yahoo,GC=F
2026-09-14T08:01:00Z,4351.10009765625,4354.2998046875,4351.10009765625,4353.39990234375,129.0,yahoo,GC=F
2026-09-14T08:02:00Z,4353.5,4354.39990234375,4351.89990234375,4353.10009765625,76.0,yahoo,GC=F
2026-09-14T08:03:00Z,4353.39990234375,4354.10009765625,4351.7001953125,4354.10009765625,55.0,yahoo,GC=F
2026-09-14T08:04:00Z,4354.2001953125,4357.0,4354.0,4354.89990234375,153.0,yahoo,GC=F
2026-09-14T08:05:00Z,4354.7998046875,4357.5,4353.5,4357.0,117.0,yahoo,GC=F
2026-09-14T08:06:00Z,4357.10009765625,4358.39990234375,4356.0,4357.7001953125,74.0,yahoo,GC=F
2026-09-14T08:07:00Z,4357.60009765625,4357.7998046875,4354.39990234375,4354.7998046875,79.0,yahoo,GC=F
2026-09-14T08:08:00Z,4354.39990234375,4355.89990234375,4354.10009765625,4355.7001953125,89.0,yahoo,GC=F
2026-09-14T08:09:00Z,4356.0,4356.5,4355.7001953125,4356.0,26.0,yahoo,GC=F
2026-09-14T08:10:00Z,4356.39990234375,4356.39990234375,4355.2998046875,4355.7001953125,29.0,yahoo,GC=F
2026-09-14T08:11:00Z,4355.60009765625,4355.60009765625,4354.7001953125,4355.0,22.0,yahoo,GC=F
2026-09-14T08:12:00Z,4354.7998046875,4354.7998046875,4353.2998046875,4354.0,57.0,yahoo,GC=F
2026-09-14T08:13:00Z,4353.89990234375,4355.39990234375,4353.5,4353.60009765625,24.0,yahoo,GC=F
2026-09-14T08:14:00Z,4353.10009765625,4353.7001953125,4352.5,4353.2998046875,41.0,yahoo,GC=F
2026-09-14T08:15:00Z,4353.0,4353.2001953125,4351.0,4351.0,55.0,yahoo,GC=F
2026-09-14T08:16:00Z,4350.60009765625,4352.10009765625,4350.5,4351.39990234375,43.0,yahoo,GC=F
2026-09-14T08:17:00Z,4351.5,4352.0,4351.0,4351.2998046875,34.0,yahoo,GC=F
2026-09-14T08:18:00Z,4351.2998046875,4351.7001953125,4351.0,4351.0,16.0,yahoo,GC=F
2026-09-14T08:19:00Z,4351.10009765625,4352.0,4350.2001953125,4351.0,61.0,yahoo,GC=F
2026-09-14T08:20:00Z,4351.10009765625,4353.2001953125,4351.10009765625,4352.2998046875,49.0,yahoo,GC=F
2026-09-14T08:21:00Z,4352.39990234375,4353.2001953125,4352.10009765625,4352.5,31.0,yahoo,GC=F
2026-09-14T08:22:00Z,4352.2998046875,4353.39990234375,4351.7998046875,4352.5,33.0,yahoo,GC=F
2026-09-14T08:23:00Z,4352.2001953125,4353.5,4351.0,4353.2998046875,165.0,yahoo,GC=F
2026-09-14T08:24:00Z,4353.5,4354.60009765625,4352.60009765625,4353.5,106.0,yahoo,GC=F
2026-09-14T08:25:00Z,4353.2998046875,4353.7998046875,4352.39990234375,4352.7998046875,43.0,yahoo,GC=F
2026-09-14T08:26:00Z,4352.7001953125,4353.2001953125,4352.2998046875,4353.2001953125,24.0,yahoo,GC=F
2026-09-14T08:27:00Z,4353.10009765625,4353.7001953125,4352.60009765625,4353.10009765625,41.0,yahoo,GC=F
2026-09-14T08:28:00Z,4353.10009765625,4353.39990234375,4352.2001953125,4352.60009765625,39.0,yahoo,GC=F
2026-09-14T08:29:00Z,4352.10009765625,4352.2998046875,4350.5,4350.7001953125,82.0,yahoo,GC=F
2026-09-14T08:30:00Z,4350.0,4350.2998046875,4349.5,4350.2001953125,74.0,yahoo,GC=F
2026-09-14T08:31:00Z,4350.10009765625,4352.7998046875,4350.10009765625,4352.39990234375,114.0,yahoo,GC=F
2026-09-14T08:32:00Z,4351.89990234375,4354.2001953125,4351.89990234375,4353.7998046875,36.0,yahoo,GC=F
2026-09-14T08:33:00Z,4353.7998046875,4354.0,4351.10009765625,4352.0,58.0,yahoo,GC=F
2026-09-14T08:34:00Z,4352.10009765625,4352.5,4352.0,4352.5,28.0,yahoo,GC=F
2026-09-14T08:35:00Z,4352.7001953125,4353.7001953125,4352.7001953125,4353.5,29.0,yahoo,GC=F
2026-09-14T08:36:00Z,4354.0,4354.2001953125,4353.2998046875,4353.7001953125,34.0,yahoo,GC=F
2026-09-14T08:37:00Z,4353.89990234375,4356.10009765625,4353.7998046875,4355.0,128.0,yahoo,GC=F
2026-09-14T08:38:00Z,4354.7001953125,4354.7998046875,4353.7998046875,4354.10009765625,40.0,yahoo,GC=F
2026-09-14T08:39:00Z,4354.2998046875,4355.10009765625,4351.89990234375,4353.39990234375,97.0,yahoo,GC=F
2026-09-14T08:40:00Z,4353.2998046875,4354.0,4352.39990234375,4352.60009765625,54.0,yahoo,GC=F
2026-09-14T08:41:00Z,4353.60009765625,4354.0,4352.7998046875,4352.7998046875,49.0,yahoo,GC=F
2026-09-14T08:42:00Z,4352.7001953125,4353.2998046875,4351.39990234375,4352.2998046875,92.0,yahoo,GC=F
2026-09-14T08:43:00Z,4352.7998046875,4353.2001953125,4349.60009765625,4349.60009765625,101.0,yahoo,GC=F
2026-09-14T08:44:00Z,4349.89990234375,4352.39990234375,4349.5,4351.89990234375,44.0,yahoo,GC=F
2026-09-14T08:45:00Z,4352.0,4353.5,4351.7001953125,4351.7001953125,43.0,yahoo,GC=F
2026-09-14T08:46:00Z,4351.39990234375,4351.39990234375,4351.39990234375,4351.39990234375,3.0,yahoo,GC=F
2026-09-14T08:47:00Z,4350.2998046875,4351.10009765625,4350.2998046875,4351.0,7.0,yahoo,GC=F
2026-09-14T08:48:00Z,4350.60009765625,4350.60009765625,4349.2998046875,4349.5,29.0,yahoo,GC=F
2026-09-14T08:49:00Z,4349.2998046875,4350.0,4346.7998046875,4349.2998046875,180.0,yahoo,GC=F
2026-09-14T08:50:00Z,4349.2001953125,4349.2001953125,4347.0,4348.10009765625,52.0,yahoo,GC=F
2026-09-14T08:51:00Z,4347.89990234375,4348.0,4346.89990234375,4347.10009765625,67.0,yahoo,GC=F
2026-09-14T08:52:00Z,4346.89990234375,4347.7001953125,4346.7001953125,4347.2998046875,64.0,yahoo,GC=F
2026-09-14T08:53:00Z,4347.39990234375,4347.39990234375,4345.60009765625,4345.7998046875,109.0,yahoo,GC=F
2026-09-14T08:54:00Z,4345.89990234375,4346.39990234375,4345.89990234375,4346.2998046875,31.0,yahoo,GC=F
2026-09-14T08:55:00Z,4346.5,4346.5,4345.60009765625,4345.7001953125,106.0,yahoo,GC=F
2026-09-14T08:56:00Z,4345.7998046875,4345.7998046875,4343.39990234375,4343.89990234375,151.0,yahoo,GC=F
2026-09-14T08:57:00Z,4343.60009765625,4344.89990234375,4343.2001953125,4344.7998046875,314.0,yahoo,GC=F
2026-09-14T08:58:00Z,4344.7998046875,4346.2998046875,4344.39990234375,4345.7998046875,101.0,yahoo,GC=F
2026-09-14T08:59:00Z,4346.10009765625,4347.2001953125,4346.10009765625,4346.60009765625,86.0,yahoo,GC=F
2026-09-14T09:00:00Z,4346.2998046875,4349.89990234375,4344.7998046875,4349.7001953125,233.0,yahoo,GC=F
2026-09-14T09:01:00Z,4349.60009765625,4351.7001953125,4349.39990234375,4351.7001953125,221.0,yahoo,GC=F
2026-09-14T09:02:00Z,4351.7001953125,4351.7001953125,4348.7001953125,4348.7001953125,241.0,yahoo,GC=F
2026-09-14T09:03:00Z,4348.7001953125,4350.7001953125,4347.7998046875,4350.7001953125,75.0,yahoo,GC=F
2026-09-14T09:04:00Z,4350.7001953125,4351.39990234375,4349.0,4349.2998046875,57.0,yahoo,GC=F
2026-09-14T09:05:00Z,4349.0,4350.39990234375,4349.0,4349.2001953125,110.0,yahoo,GC=F
2026-09-14T09:06:00Z,4349.5,4349.60009765625,4348.7001953125,4348.7998046875,21.0,yahoo,GC=F
2026-09-14T09:07:00Z,4348.60009765625,4349.5,4348.2001953125,4348.7001953125,35.0,yahoo,GC=F
2026-09-14T09:08:00Z,4348.7001953125,4349.5,4348.39990234375,4349.39990234375,20.0,yahoo,GC=F
2026-09-14T09:09:00Z,4349.2001953125,4351.7998046875,4348.2998046875,4350.2001953125,135.0,yahoo,GC=F
2026-09-14T09:10:00Z,4349.60009765625,4350.5,4347.89990234375,4349.2001953125,48.0,yahoo,GC=F
2026-09-14T09:11:00Z,4348.89990234375,4349.0,4346.10009765625,4346.10009765625,47.0,yahoo,GC=F
2026-09-14T09:12:00Z,4346.0,4346.7001953125,4345.60009765625,4346.2998046875,54.0,yahoo,GC=F
2026-09-14T09:13:00Z,4346.2001953125,4346.2998046875,4345.39990234375,4346.2998046875,58.0,yahoo,GC=F
2026-09-14T09:14:00Z,4345.7998046875,4346.2001953125,4344.89990234375,4345.60009765625,53.0,yahoo,GC=F
2026-09-14T09:15:00Z,4345.5,4345.89990234375,4342.7998046875,4343.2998046875,84.0,yahoo,GC=F
2026-09-14T09:16:00Z,4343.10009765625,4343.7998046875,4341.89990234375,4342.10009765625,296.0,yahoo,GC=F
2026-09-14T09:17:00Z,4342.0,4342.0,4339.2001953125,4340.60009765625,262.0,yahoo,GC=F
2026-09-14T09:18:00Z,4340.89990234375,4341.10009765625,4337.0,4337.10009765625,231.0,yahoo,GC=F
2026-09-14T09:19:00Z,4337.0,4337.60009765625,4326.39990234375,4332.60009765625,2094.0,yahoo,GC=F
2026-09-14T09:20:00Z,4332.39990234375,4333.2001953125,4329.10009765625,4332.2001953125,627.0,yahoo,GC=F
2026-09-14T09:21:00Z,4332.39990234375,4332.39990234375,4329.0,4329.60009765625,274.0,yahoo,GC=F
2026-09-14T09:22:00Z,4329.39990234375,4330.2998046875,4325.60009765625,4327.0,297.0,yahoo,GC=F
2026-09-14T09:23:00Z,4326.7998046875,4329.2001953125,4326.60009765625,4328.60009765625,198.0,yahoo,GC=F
2026-09-14T09:24:00Z,4328.2998046875,4328.5,4325.5,4327.5,286.0,yahoo,GC=F
2026-09-14T09:25:00Z,4327.39990234375,4327.7001953125,4324.2001953125,4324.7001953125,251.0,yahoo,GC=F
2026-09-14T09:26:00Z,4324.7998046875,4325.10009765625,4320.10009765625,4322.7998046875,767.0,yahoo,GC=F
2026-09-14T09:27:00Z,4322.7998046875,4323.5,4321.89990234375,4323.39990234375,222.0,yahoo,GC=F
2026-09-14T09:28:00Z,4323.39990234375,4324.89990234375,4323.0,4324.5,227.0,yahoo,GC=F
2026-09-14T09:29:00Z,4324.2998046875,4328.2998046875,4323.89990234375,4327.89990234375,383.0,yahoo,GC=F
2026-09-14T09:30:00Z,4327.39990234375,4328.2001953125,4325.60009765625,4328.2001953125,346.0,yahoo,GC=F
2026-09-14T09:31:00Z,4328.10009765625,4329.2001953125,4324.2998046875,4325.7001953125,384.0,yahoo,GC=F
2026-09-14T09:32:00Z,4325.7001953125,4327.0,4323.39990234375,4323.60009765625,269.0,yahoo,GC=F
2026-09-14T09:33:00Z,4323.60009765625,4326.39990234375,4323.2001953125,4326.0,130.0,yahoo,GC=F
2026-09-14T09:34:00Z,4325.60009765625,4328.0,4325.2001953125,4327.2998046875,201.0,yahoo,GC=F
2026-09-14T09:35:00Z,4327.5,4328.39990234375,4325.60009765625,4325.7998046875,120.0,yahoo,GC=F
2026-09-14T09:36:00Z,4326.10009765625,4327.2998046875,4324.7998046875,4327.0,148.0,yahoo,GC=F
2026-09-14T09:37:00Z,4326.7998046875,4328.10009765625,4325.0,4326.60009765625,126.0,yahoo,GC=F
2026-09-14T09:38:00Z,4326.60009765625,4327.2998046875,4323.7998046875,4324.2001953125,155.0,yahoo,GC=F
2026-09-14T09:39:00Z,4323.10009765625,4323.2001953125,4318.60009765625,4322.0,568.0,yahoo,GC=F
2026-09-14T09:40:00Z,4322.0,4328.0,4320.39990234375,4320.60009765625,726.0,yahoo,GC=F
2026-09-14T09:41:00Z,4320.2998046875,4323.89990234375,4320.2998046875,4323.60009765625,249.0,yahoo,GC=F
2026-09-14T09:42:00Z,4323.39990234375,4326.39990234375,4323.2998046875,4325.2998046875,146.0,yahoo,GC=F
2026-09-14T09:43:00Z,4325.2998046875,4325.7998046875,4323.7998046875,4325.2998046875,77.0,yahoo,GC=F
2026-09-14T09:44:00Z,4325.2001953125,4325.2001953125,4320.60009765625,4321.0,113.0,yahoo,GC=F
2026-09-14T09:45:00Z,4321.2998046875,4322.10009765625,4318.60009765625,4320.0,173.0,yahoo,GC=F
2026-09-14T09:46:00Z,4320.2001953125,4322.0,4319.89990234375,4321.2998046875,226.0,yahoo,GC=F
2026-09-14T09:47:00Z,4321.2998046875,4324.0,4320.2998046875,4321.39990234375,199.0,yahoo,GC=F
2026-09-14T09:48:00Z,4321.2998046875,4321.7998046875,4320.2001953125,4321.2001953125,88.0,yahoo,GC=F
2026-09-14T09:49:00Z,4320.60009765625,4321.39990234375,4319.0,4321.2998046875,81.0,yahoo,GC=F
2026-09-14T09:50:00Z,4321.60009765625,4323.60009765625,4320.39990234375,4320.60009765625,183.0,yahoo,GC=F
2026-09-14T09:51:00Z,4320.60009765625,4321.7001953125,4317.2998046875,4321.0,231.0,yahoo,GC=F
2026-09-14T09:52:00Z,4320.89990234375,4323.2001953125,4320.7001953125,4323.0,74.0,yahoo,GC=F
2026-09-14T09:53:00Z,4322.7001953125,4325.10009765625,4322.7001953125,4324.2998046875,137.0,yahoo,GC=F
2026-09-14T09:54:00Z,4324.39990234375,4327.60009765625,4323.60009765625,4327.39990234375,265.0,yahoo,GC=F
2026-09-14T09:55:00Z,4327.39990234375,4328.0,4326.2998046875,4326.39990234375,126.0,yahoo,GC=F
2026-09-14T09:56:00Z,4326.2998046875,4327.0,4324.7001953125,4326.89990234375,121.0,yahoo,GC=F
2026-09-14T09:57:00Z,4326.89990234375,4327.60009765625,4325.60009765625,4325.89990234375,112.0,yahoo,GC=F
2026-09-14T09:58:00Z,4325.7998046875,4327.2001953125,4324.89990234375,4324.89990234375,156.0,yahoo,GC=F
2026-09-14T09:59:00Z,4324.89990234375,4325.60009765625,4324.0,4325.2001953125,168.0,yahoo,GC=F
2026-09-14T10:00:00Z,4325.10009765625,4325.7001953125,4322.89990234375,4323.39990234375,167.0,yahoo,GC=F
2026-09-14T10:01:00Z,4322.7998046875,4323.7998046875,4321.0,4321.5,130.0,yahoo,GC=F
2026-09-14T10:02:00Z,4320.89990234375,4322.2998046875,4319.89990234375,4320.60009765625,156.0,yahoo,GC=F
2026-09-14T10:03:00Z,4321.0,4321.2001953125,4317.7998046875,4319.2001953125,162.0,yahoo,GC=F
2026-09-14T10:04:00Z,4319.39990234375,4322.0,4318.60009765625,4321.10009765625,231.0,yahoo,GC=F
2026-09-14T10:05:00Z,4321.39990234375,4324.39990234375,4321.39990234375,4323.2001953125,133.0,yahoo,GC=F
2026-09-14T10:06:00Z,4323.10009765625,4323.60009765625,4321.7998046875,4322.2001953125,111.0,yahoo,GC=F
2026-09-14T10:07:00Z,4322.2998046875,4325.2001953125,4322.2998046875,4324.2998046875,110.0,yahoo,GC=F
2026-09-14T10:08:00Z,4324.2001953125,4324.7001953125,4323.60009765625,4324.5,51.0,yahoo,GC=F
2026-09-14T10:09:00Z,4324.60009765625,4325.7998046875,4323.7998046875,4325.60009765625,55.0,yahoo,GC=F
2026-09-14T10:10:00Z,4325.60009765625,4326.5,4325.2001953125,4326.0,105.0,yahoo,GC=F
2026-09-14T10:11:00Z,4325.89990234375,4327.7001953125,4325.39990234375,4327.39990234375,97.0,yahoo,GC=F
2026-09-14T10:12:00Z,4327.2001953125,4328.10009765625,4326.60009765625,4327.5,73.0,yahoo,GC=F
2026-09-14T10:13:00Z,4327.10009765625,4328.39990234375,4327.10009765625,4328.2001953125,64.0,yahoo,GC=F
2026-09-14T10:14:00Z,4328.2998046875,4329.39990234375,4326.89990234375,4328.2001953125,184.0,yahoo,GC=F
2026-09-14T10:15:00Z,4327.7998046875,4328.7998046875,4327.2001953125,4327.2998046875,168.0,yahoo,GC=F
2026-09-14T10:16:00Z,4327.10009765625,4327.10009765625,4325.7001953125,4327.0,73.0,yahoo,GC=F
2026-09-14T10:17:00Z,4326.89990234375,4327.7998046875,4326.39990234375,4327.2001953125,57.0,yahoo,GC=F
2026-09-14T10:18:00Z,4328.10009765625,4330.10009765625,4328.10009765625,4330.0,145.0,yahoo,GC=F
2026-09-14T10:19:00Z,4329.7001953125,4330.89990234375,4327.39990234375,4329.7001953125,178.0,yahoo,GC=F
2026-09-14T10:20:00Z,4329.7001953125,4329.89990234375,4326.5,4326.7001953125,77.0,yahoo,GC=F
2026-09-14T10:21:00Z,4326.5,4327.0,4325.7998046875,4326.60009765625,59.0,yahoo,GC=F
2026-09-14T10:22:00Z,4327.10009765625,4328.10009765625,4326.10009765625,4326.7998046875,76.0,yahoo,GC=F
2026-09-14T10:23:00Z,4326.5,4328.7998046875,4326.2998046875,4328.5,66.0,yahoo,GC=F
2026-09-14T10:24:00Z,4328.39990234375,4329.2998046875,4327.7998046875,4328.7998046875,39.0,yahoo,GC=F
2026-09-14T10:25:00Z,4328.7998046875,4331.5,4328.7998046875,4331.2001953125,61.0,yahoo,GC=F
2026-09-14T10:26:00Z,4331.0,4332.39990234375,4331.0,4332.0,90.0,yahoo,GC=F
2026-09-14T10:27:00Z,4332.2998046875,4332.2998046875,4330.2001953125,4330.60009765625,59.0,yahoo,GC=F
2026-09-14T10:28:00Z,4330.7001953125,4331.7001953125,4330.5,4331.2001953125,160.0,yahoo,GC=F
2026-09-14T10:29:00Z,4330.7998046875,4331.2001953125,4330.2001953125,4330.89990234375,63.0,yahoo,GC=F
2026-09-14T10:30:00Z,4331.0,4331.2998046875,4330.2998046875,4330.89990234375,72.0,yahoo,GC=F
2026-09-14T10:31:00Z,4330.89990234375,4331.39990234375,4328.89990234375,4330.2001953125,51.0,yahoo,GC=F
2026-09-14T10:32:00Z,4330.60009765625,4331.7001953125,4330.10009765625,4331.2998046875,48.0,yahoo,GC=F
2026-09-14T10:33:00Z,4331.2001953125,4332.7001953125,4330.89990234375,4331.7001953125,131.0,yahoo,GC=F
2026-09-14T10:34:00Z,4331.60009765625,4332.5,4330.7001953125,4331.0,104.0,yahoo,GC=F
2026-09-14T10:35:00Z,4331.0,4332.2001953125,4330.7001953125,4332.2001953125,47.0,yahoo,GC=F
2026-09-14T10:36:00Z,4332.0,4332.7001953125,4331.89990234375,4332.2998046875,25.0,yahoo,GC=F
2026-09-14T10:37:00Z,4332.10009765625,4332.89990234375,4330.89990234375,4331.39990234375,170.0,yahoo,GC=F
2026-09-14T10:38:00Z,4331.7001953125,4333.2998046875,4331.60009765625,4333.0,39.0,yahoo,GC=F
2026-09-14T10:39:00Z,4333.2001953125,4333.7001953125,4332.89990234375,4333.2998046875,73.0,yahoo,GC=F
2026-09-14T10:40:00Z,4333.2001953125,4333.60009765625,4332.89990234375,4333.2001953125,55.0,yahoo,GC=F
2026-09-14T10:41:00Z,4333.0,4334.39990234375,4333.0,4334.2001953125,56.0,yahoo,GC=F
2026-09-14T10:42:00Z,4334.2998046875,4334.7998046875,4334.10009765625,4334.2001953125,46.0,yahoo,GC=F
2026-09-14T10:43:00Z,4333.89990234375,4334.2001953125,4333.39990234375,4333.39990234375,27.0,yahoo,GC=F
2026-09-14T10:44:00Z,4333.10009765625,4334.10009765625,4332.89990234375,4333.5,58.0,yahoo,GC=F
2026-09-14T10:45:00Z,4333.89990234375,4334.2998046875,4333.39990234375,4334.2001953125,81.0,yahoo,GC=F
2026-09-14T10:46:00Z,4334.5,4334.7001953125,4332.39990234375,4332.7998046875,89.0,yahoo,GC=F
2026-09-14T10:47:00Z,4333.2998046875,4333.7001953125,4332.2998046875,4332.2998046875,71.0,yahoo,GC=F
2026-09-14T10:48:00Z,4332.39990234375,4332.89990234375,4331.7001953125,4332.60009765625,76.0,yahoo,GC=F
2026-09-14T10:49:00Z,4332.5,4332.7001953125,4331.7001953125,4332.7001953125,26.0,yahoo,GC=F
2026-09-14T10:50:00Z,4332.7001953125,4332.7001953125,4330.89990234375,4331.7001953125,66.0,yahoo,GC=F
2026-09-14T10:51:00Z,4331.89990234375,4333.2001953125,4331.89990234375,4332.0,95.0,yahoo,GC=F
2026-09-14T10:52:00Z,4331.7998046875,4331.89990234375,4331.2001953125,4331.7998046875,90.0,yahoo,GC=F
2026-09-14T10:53:00Z,4332.10009765625,4332.7998046875,4332.10009765625,4332.39990234375,40.0,yahoo,GC=F
2026-09-14T10:54:00Z,4332.2001953125,4332.60009765625,4331.2998046875,4331.7998046875,37.0,yahoo,GC=F
2026-09-14T10:55:00Z,4331.39990234375,4331.60009765625,4329.7001953125,4331.39990234375,156.0,yahoo,GC=F
2026-09-14T10:56:00Z,4331.7001953125,4334.2001953125,4331.7001953125,4333.89990234375,75.0,yahoo,GC=F
2026-09-14T10:57:00Z,4334.0,4335.0,4333.89990234375,4334.60009765625,123.0,yahoo,GC=F
2026-09-14T10:58:00Z,4334.2001953125,4336.5,4333.7001953125,4335.89990234375,254.0,yahoo,GC=F
2026-09-14T10:59:00Z,4335.7998046875,4336.39990234375,4334.39990234375,4334.39990234375,62.0,yahoo,GC=F
2026-09-14T11:00:00Z,4334.39990234375,4334.89990234375,4333.2001953125,4334.10009765625,104.0,yahoo,GC=F
2026-09-14T11:01:00Z,4334.5,4335.7998046875,4334.10009765625,4335.10009765625,57.0,yahoo,GC=F
2026-09-14T11:02:00Z,4335.0,4336.0,4334.89990234375,4335.7998046875,71.0,yahoo,GC=F
2026-09-14T11:03:00Z,4335.7001953125,4336.60009765625,4333.89990234375,4336.10009765625,89.0,yahoo,GC=F
2026-09-14T11:04:00Z,4335.89990234375,4336.7998046875,4335.2001953125,4336.7998046875,41.0,yahoo,GC=F
2026-09-14T11:05:00Z,4336.60009765625,4336.7998046875,4335.0,4335.39990234375,52.0,yahoo,GC=F
2026-09-14T11:06:00Z,4335.2998046875,4336.5,4334.89990234375,4335.39990234375,72.0,yahoo,GC=F
2026-09-14T11:07:00Z,4335.2998046875,4335.2998046875,4333.0,4334.0,67.0,yahoo,GC=F
2026-09-14T11:08:00Z,4334.39990234375,4335.60009765625,4333.60009765625,4335.2001953125,101.0,yahoo,GC=F
2026-09-14T11:09:00Z,4335.2001953125,4335.7998046875,4334.2998046875,4335.0,161.0,yahoo,GC=F
2026-09-14T11:10:00Z,4334.7001953125,4334.89990234375,4332.2001953125,4332.39990234375,112.0,yahoo,GC=F
2026-09-14T11:11:00Z,4332.5,4333.7998046875,4331.7001953125,4332.89990234375,226.0,yahoo,GC=F
2026-09-14T11:12:00Z,4332.60009765625,4333.5,4332.10009765625,4332.2998046875,52.0,yahoo,GC=F
2026-09-14T11:13:00Z,4332.39990234375,4332.60009765625,4331.39990234375,4331.60009765625,57.0,yahoo,GC=F
2026-09-14T11:14:00Z,4332.0,4332.2998046875,4331.2001953125,4332.2998046875,63.0,yahoo,GC=F
2026-09-14T11:15:00Z,4332.10009765625,4333.60009765625,4331.10009765625,4333.39990234375,75.0,yahoo,GC=F
2026-09-14T11:16:00Z,4333.5,4334.10009765625,4332.2001953125,4332.5,92.0,yahoo,GC=F
2026-09-14T11:17:00Z,4332.89990234375,4335.60009765625,4332.89990234375,4335.0,122.0,yahoo,GC=F
2026-09-14T11:18:00Z,4334.5,4335.2998046875,4334.2001953125,4334.7001953125,36.0,yahoo,GC=F
2026-09-14T11:19:00Z,4335.0,4335.39990234375,4334.7998046875,4335.39990234375,17.0,yahoo,GC=F
2026-09-14T11:20:00Z,4335.7998046875,4336.5,4335.7998046875,4336.39990234375,41.0,yahoo,GC=F
2026-09-14T11:21:00Z,4336.2001953125,4336.2001953125,4334.2001953125,4335.2001953125,47.0,yahoo,GC=F
2026-09-14T11:22:00Z,4335.2998046875,4336.39990234375,4335.2001953125,4336.10009765625,22.0,yahoo,GC=F
2026-09-14T11:23:00Z,4336.2001953125,4336.7001953125,4336.10009765625,4336.7001953125,27.0,yahoo,GC=F
2026-09-14T11:24:00Z,4336.60009765625,4337.10009765625,4336.5,4336.89990234375,45.0,yahoo,GC=F
2026-09-14T11:25:00Z,4336.7001953125,4336.7998046875,4336.0,4336.7001953125,68.0,yahoo,GC=F
2026-09-14T11:26:00Z,4336.7998046875,4336.7998046875,4336.10009765625,4336.10009765625,14.0,yahoo,GC=F
2026-09-14T11:27:00Z,4336.2998046875,4336.7998046875,4336.0,4336.2001953125,25.0,yahoo,GC=F
2026-09-14T11:28:00Z,4336.10009765625,4336.7001953125,4335.7998046875,4336.39990234375,44.0,yahoo,GC=F
2026-09-14T11:29:00Z,4336.2001953125,4336.2998046875,4335.60009765625,4336.2998046875,29.0,yahoo,GC=F
2026-09-14T11:30:00Z,4336.10009765625,4336.60009765625,4335.89990234375,4336.2001953125,58.0,yahoo,GC=F
2026-09-14T11:31:00Z,4336.10009765625,4336.89990234375,4336.0,4336.5,49.0,yahoo,GC=F
2026-09-14T11:32:00Z,4336.39990234375,4337.10009765625,4335.60009765625,4335.60009765625,90.0,yahoo,GC=F
2026-09-14T11:33:00Z,4335.7001953125,4336.0,4334.2001953125,4335.10009765625,55.0,yahoo,GC=F
2026-09-14T11:34:00Z,4334.7998046875,4335.60009765625,4334.39990234375,4334.89990234375,69.0,yahoo,GC=F
2026-09-14T11:35:00Z,4334.89990234375,4335.10009765625,4333.7001953125,4333.7998046875,54.0,yahoo,GC=F
2026-09-14T11:36:00Z,4334.0,4334.2001953125,4333.10009765625,4333.7001953125,111.0,yahoo,GC=F
2026-09-14T11:37:00Z,4333.7001953125,4333.7998046875,4332.2001953125,4333.0,84.0,yahoo,GC=F
2026-09-14T11:38:00Z,4333.2001953125,4334.2998046875,4332.60009765625,4333.2001953125,62.0,yahoo,GC=F
2026-09-14T11:39:00Z,4333.39990234375,4333.7001953125,4332.7001953125,4333.0,46.0,yahoo,GC=F
2026-09-14T11:40:00Z,4333.2998046875,4334.0,4333.2998046875,4333.5,21.0,yahoo,GC=F
2026-09-14T11:41:00Z,4333.7001953125,4334.89990234375,4332.0,4332.60009765625,91.0,yahoo,GC=F
2026-09-14T11:42:00Z,4332.60009765625,4333.7998046875,4332.60009765625,4333.7998046875,10.0,yahoo,GC=F
2026-09-14T11:43:00Z,4334.0,4334.5,4333.0,4333.89990234375,52.0,yahoo,GC=F
2026-09-14T11:44:00Z,4333.7001953125,4333.7001953125,4332.2998046875,4332.5,15.0,yahoo,GC=F
2026-09-14T11:45:00Z,4332.7001953125,4333.2001953125,4332.10009765625,4333.2001953125,62.0,yahoo,GC=F
2026-09-14T11:46:00Z,4332.89990234375,4332.89990234375,4331.7001953125,4332.0,35.0,yahoo,GC=F
2026-09-14T11:47:00Z,4331.7998046875,4333.0,4331.39990234375,4333.0,51.0,yahoo,GC=F
2026-09-14T11:48:00Z,4333.0,4333.0,4331.5,4332.39990234375,33.0,yahoo,GC=F
2026-09-14T11:49:00Z,4332.7998046875,4333.60009765625,4332.7998046875,4333.39990234375,40.0,yahoo,GC=F
2026-09-14T11:50:00Z,4333.2001953125,4333.2998046875,4331.10009765625,4331.39990234375,84.0,yahoo,GC=F
2026-09-14T11:51:00Z,4331.10009765625,4331.5,4328.7001953125,4329.89990234375,270.0,yahoo,GC=F
2026-09-14T11:52:00Z,4330.0,4330.2001953125,4327.7001953125,4328.2998046875,142.0,yahoo,GC=F
2026-09-14T11:53:00Z,4328.10009765625,4328.10009765625,4326.39990234375,4327.10009765625,177.0,yahoo,GC=F
2026-09-14T11:54:00Z,4327.39990234375,4328.39990234375,4327.10009765625,4327.5,104.0,yahoo,GC=F
2026-09-14T11:55:00Z,4327.60009765625,4328.2998046875,4326.2001953125,4326.2001953125,131.0,yahoo,GC=F
2026-09-14T11:56:00Z,4326.7001953125,4326.7998046875,4324.2001953125,4324.60009765625,188.0,yahoo,GC=F
2026-09-14T11:57:00Z,4324.5,4325.89990234375,4324.5,4325.0,90.0,yahoo,GC=F
2026-09-14T11:58:00Z,4325.0,4325.39990234375,4324.10009765625,4324.7998046875,71.0,yahoo,GC=F
2026-09-14T11:59:00Z,4324.89990234375,4327.5,4324.89990234375,4326.89990234375,141.0,yahoo,GC=F
2026-09-14T12:00:00Z,4327.10009765625,4329.2998046875,4326.5,4329.2001953125,181.0,yahoo,GC=F
2026-09-14T12:01:00Z,4329.60009765625,4330.5,4329.0,4329.7998046875,183.0,yahoo,GC=F
2026-09-14T12:02:00Z,4329.89990234375,4329.89990234375,4328.10009765625,4328.2001953125,58.0,yahoo,GC=F
2026-09-14T12:03:00Z,4328.0,4328.0,4325.2998046875,4325.39990234375,79.0,yahoo,GC=F
2026-09-14T12:04:00Z,4325.39990234375,4327.10009765625,4325.10009765625,4327.10009765625,61.0,yahoo,GC=F
2026-09-14T12:05:00Z,4327.0,4327.60009765625,4326.10009765625,4327.2998046875,75.0,yahoo,GC=F
2026-09-14T12:06:00Z,4326.60009765625,4327.7998046875,4326.0,4327.60009765625,92.0,yahoo,GC=F
2026-09-14T12:07:00Z,4327.60009765625,4330.7998046875,4327.60009765625,4330.5,78.0,yahoo,GC=F
2026-09-14T12:08:00Z,4330.7998046875,4333.10009765625,4330.7998046875,4331.7998046875,105.0,yahoo,GC=F
2026-09-14T12:09:00Z,4332.10009765625,4334.2001953125,4332.10009765625,4333.7001953125,133.0,yahoo,GC=F
2026-09-14T12:10:00Z,4333.39990234375,4336.0,4332.0,4335.5,135.0,yahoo,GC=F
2026-09-14T12:11:00Z,4335.89990234375,4336.60009765625,4335.7001953125,4336.0,87.0,yahoo,GC=F
2026-09-14T12:12:00Z,4336.0,4336.7998046875,4335.60009765625,4336.0,80.0,yahoo,GC=F
2026-09-14T12:13:00Z,4335.89990234375,4336.0,4333.39990234375,4333.39990234375,97.0,yahoo,GC=F
2026-09-14T12:14:00Z,4333.10009765625,4334.60009765625,4332.39990234375,4334.60009765625,140.0,yahoo,GC=F
2026-09-14T12:15:00Z,4334.89990234375,4336.2001953125,4334.5,4335.89990234375,77.0,yahoo,GC=F
2026-09-14T12:16:00Z,4336.0,4337.7001953125,4331.0,4333.39990234375,1287.0,yahoo,GC=F
2026-09-14T12:17:00Z,4333.60009765625,4336.2998046875,4333.10009765625,4335.2998046875,209.0,yahoo,GC=F
2026-09-14T12:18:00Z,4335.2998046875,4335.89990234375,4331.2998046875,4331.39990234375,90.0,yahoo,GC=F
2026-09-14T12:19:00Z,4331.60009765625,4334.7998046875,4329.5,4330.10009765625,276.0,yahoo,GC=F
2026-09-14T12:20:00Z,4330.10009765625,4330.60009765625,4326.89990234375,4327.60009765625,217.0,yahoo,GC=F
2026-09-14T12:21:00Z,4328.0,4328.2998046875,4326.10009765625,4326.10009765625,139.0,yahoo,GC=F
2026-09-14T12:22:00Z,4326.0,4327.89990234375,4325.7998046875,4327.0,136.0,yahoo,GC=F
2026-09-14T12:23:00Z,4327.2001953125,4329.60009765625,4325.39990234375,4326.7001953125,363.0,yahoo,GC=F
2026-09-14T12:24:00Z,4326.7998046875,4327.10009765625,4324.5,4325.89990234375,112.0,yahoo,GC=F
2026-09-14T12:25:00Z,4325.89990234375,4326.2998046875,4322.89990234375,4324.2998046875,189.0,yahoo,GC=F
2026-09-14T12:26:00Z,4324.2998046875,4326.60009765625,4324.2001953125,4326.0,166.0,yahoo,GC=F
2026-09-14T12:27:00Z,4325.7998046875,4326.7998046875,4325.5,4325.60009765625,85.0,yahoo,GC=F
2026-09-14T12:28:00Z,4325.7001953125,4327.39990234375,4325.2998046875,4326.39990234375,139.0,yahoo,GC=F
2026-09-14T12:29:00Z,4326.10009765625,4328.10009765625,4326.0,4326.2998046875,61.0,yahoo,GC=F
2026-09-14T12:30:00Z,4326.2998046875,4328.0,4323.5,4325.7001953125,186.0,yahoo,GC=F
2026-09-14T12:31:00Z,4325.10009765625,4329.2998046875,4324.0,4328.7998046875,158.0,yahoo,GC=F
2026-09-14T12:32:00Z,4329.2998046875,4329.2998046875,4324.60009765625,4326.2998046875,107.0,yahoo,GC=F
2026-09-14T12:33:00Z,4326.10009765625,4326.89990234375,4325.2998046875,4325.7998046875,68.0,yahoo,GC=F
2026-09-14T12:34:00Z,4326.0,4328.2998046875,4325.5,4328.2001953125,120.0,yahoo,GC=F
2026-09-14T12:35:00Z,4328.39990234375,4329.89990234375,4320.2998046875,4321.0,742.0,yahoo,GC=F
2026-09-14T12:36:00Z,4320.5,4321.10009765625,4313.5,4318.2001953125,998.0,yahoo,GC=F
2026-09-14T12:37:00Z,4318.2001953125,4319.2001953125,4313.2001953125,4315.7001953125,394.0,yahoo,GC=F
2026-09-14T12:38:00Z,4316.0,4317.10009765625,4313.0,4316.39990234375,328.0,yahoo,GC=F
2026-09-14T12:39:00Z,4316.60009765625,4321.5,4316.60009765625,4318.10009765625,259.0,yahoo,GC=F
2026-09-14T12:40:00Z,4317.7998046875,4322.7998046875,4316.5,4322.39990234375,267.0,yahoo,GC=F
2026-09-14T12:41:00Z,4322.2998046875,4323.2998046875,4315.89990234375,4321.0,700.0,yahoo,GC=F
2026-09-14T12:42:00Z,4320.7001953125,4324.2998046875,4319.7998046875,4322.10009765625,178.0,yahoo,GC=F
2026-09-14T12:43:00Z,4322.60009765625,4326.7998046875,4322.5,4325.89990234375,302.0,yahoo,GC=F
2026-09-14T12:44:00Z,4326.10009765625,4326.5,4323.39990234375,4323.7998046875,70.0,yahoo,GC=F
2026-09-14T12:45:00Z,4323.60009765625,4323.60009765625,4321.2998046875,4321.39990234375,138.0,yahoo,GC=F
2026-09-14T12:46:00Z,4321.5,4321.7001953125,4318.7998046875,4319.89990234375,175.0,yahoo,GC=F
2026-09-14T12:47:00Z,4319.60009765625,4321.5,4319.60009765625,4320.89990234375,66.0,yahoo,GC=F
2026-09-14T12:48:00Z,4320.89990234375,4320.89990234375,4317.39990234375,4317.39990234375,110.0,yahoo,GC=F
2026-09-14T12:49:00Z,4317.10009765625,4319.2001953125,4316.2998046875,4318.39990234375,141.0,yahoo,GC=F
2026-09-14T12:50:00Z,4318.39990234375,4319.10009765625,4316.2001953125,4317.60009765625,111.0,yahoo,GC=F
2026-09-14T12:51:00Z,4317.5,4317.60009765625,4313.60009765625,4314.10009765625,155.0,yahoo,GC=F
2026-09-14T12:52:00Z,4314.0,4315.2001953125,4313.7998046875,4314.2998046875,103.0,yahoo,GC=F
2026-09-14T12:53:00Z,4314.2001953125,4314.60009765625,4308.60009765625,4309.0,645.0,yahoo,GC=F
2026-09-14T12:54:00Z,4309.2001953125,4310.2998046875,4307.7998046875,4309.7998046875,345.0,yahoo,GC=F
2026-09-14T12:55:00Z,4309.89990234375,4311.0,4306.10009765625,4306.7001953125,423.0,yahoo,GC=F
2026-09-14T12:56:00Z,4306.60009765625,4308.2998046875,4305.7001953125,4306.60009765625,272.0,yahoo,GC=F
2026-09-14T12:57:00Z,4306.5,4310.5,4306.2001953125,4310.10009765625,254.0,yahoo,GC=F
2026-09-14T12:58:00Z,4310.10009765625,4312.10009765625,4309.0,4311.10009765625,120.0,yahoo,GC=F
2026-09-14T12:59:00Z,4311.0,4311.60009765625,4308.5,4310.7998046875,178.0,yahoo,GC=F
2026-09-14T13:00:00Z,4311.2001953125,4312.89990234375,4306.7001953125,4310.39990234375,877.0,yahoo,GC=F
2026-09-14T13:01:00Z,4310.2001953125,4311.39990234375,4306.7998046875,4309.7998046875,371.0,yahoo,GC=F
2026-09-14T13:02:00Z,4309.7998046875,4312.39990234375,4309.2998046875,4309.7001953125,204.0,yahoo,GC=F
2026-09-14T13:03:00Z,4309.7998046875,4312.2998046875,4307.0,4307.0,265.0,yahoo,GC=F
2026-09-14T13:04:00Z,4307.5,4308.89990234375,4305.5,4307.5,236.0,yahoo,GC=F
2026-09-14T13:05:00Z,4307.39990234375,4310.39990234375,4307.0,4308.60009765625,198.0,yahoo,GC=F
2026-09-14T13:06:00Z,4308.2001953125,4310.39990234375,4305.89990234375,4305.89990234375,223.0,yahoo,GC=F
2026-09-14T13:07:00Z,4306.10009765625,4307.0,4302.2001953125,4302.2998046875,477.0,yahoo,GC=F
2026-09-14T13:08:00Z,4302.2998046875,4303.0,4294.2001953125,4294.5,1732.0,yahoo,GC=F
2026-09-14T13:09:00Z,4294.60009765625,4301.39990234375,4293.0,4300.0,885.0,yahoo,GC=F
2026-09-14T13:10:00Z,4300.2001953125,4302.10009765625,4299.5,4302.10009765625,270.0,yahoo,GC=F
2026-09-14T13:11:00Z,4302.0,4305.7001953125,4301.7001953125,4304.7998046875,637.0,yahoo,GC=F
2026-09-14T13:12:00Z,4305.2001953125,4305.2998046875,4301.7001953125,4303.60009765625,384.0,yahoo,GC=F
2026-09-14T13:13:00Z,4303.89990234375,4306.89990234375,4303.39990234375,4306.5,292.0,yahoo,GC=F
2026-09-14T13:14:00Z,4306.7001953125,4308.5,4306.10009765625,4306.10009765625,213.0,yahoo,GC=F
2026-09-14T13:15:00Z,4306.0,4306.2001953125,4303.7998046875,4305.5,237.0,yahoo,GC=F
2026-09-14T13:16:00Z,4305.60009765625,4308.0,4305.2998046875,4307.2001953125,327.0,yahoo,GC=F
2026-09-14T13:17:00Z,4308.0,4309.5,4307.7998046875,4309.2998046875,178.0,yahoo,GC=F
2026-09-14T13:18:00Z,4309.39990234375,4312.10009765625,4308.60009765625,4311.2998046875,316.0,yahoo,GC=F
2026-09-14T13:19:00Z,4311.2001953125,4313.0,4309.39990234375,4312.39990234375,194.0,yahoo,GC=F
2026-09-14T13:20:00Z,4312.89990234375,4314.60009765625,4312.39990234375,4313.5,217.0,yahoo,GC=F
2026-09-14T13:21:00Z,4313.39990234375,4314.0,4311.89990234375,4313.2998046875,160.0,yahoo,GC=F
2026-09-14T13:22:00Z,4313.39990234375,4315.89990234375,4313.0,4315.2001953125,301.0,yahoo,GC=F
2026-09-14T13:23:00Z,4315.2001953125,4315.39990234375,4314.2998046875,4315.0,116.0,yahoo,GC=F
2026-09-14T13:24:00Z,4315.0,4317.5,4315.0,4316.0,187.0,yahoo,GC=F
2026-09-14T13:25:00Z,4315.89990234375,4316.7998046875,4315.5,4315.7998046875,147.0,yahoo,GC=F
2026-09-14T13:26:00Z,4316.5,4317.5,4314.0,4315.60009765625,173.0,yahoo,GC=F
2026-09-14T13:27:00Z,4315.2001953125,4315.7001953125,4311.39990234375,4311.39990234375,228.0,yahoo,GC=F
2026-09-14T13:28:00Z,4311.60009765625,4313.2001953125,4311.0,4313.0,220.0,yahoo,GC=F
2026-09-14T13:29:00Z,4312.89990234375,4314.2001953125,4311.2998046875,4313.7001953125,216.0,yahoo,GC=F
2026-09-14T13:30:00Z,4313.7001953125,4316.39990234375,4311.7001953125,4315.7998046875,576.0,yahoo,GC=F
2026-09-14T13:31:00Z,4315.7001953125,4318.39990234375,4315.0,4315.0,376.0,yahoo,GC=F
2026-09-14T13:32:00Z,4314.7998046875,4318.2998046875,4313.2001953125,4317.60009765625,360.0,yahoo,GC=F
2026-09-14T13:33:00Z,4317.7001953125,4317.89990234375,4314.2001953125,4314.7998046875,318.0,yahoo,GC=F
2026-09-14T13:34:00Z,4314.5,4315.0,4311.89990234375,4312.0,107.0,yahoo,GC=F
2026-09-14T13:35:00Z,4312.2001953125,4314.39990234375,4310.7998046875,4312.60009765625,195.0,yahoo,GC=F
2026-09-14T13:36:00Z,4313.0,4313.0,4309.7998046875,4311.39990234375,174.0,yahoo,GC=F
2026-09-14T13:37:00Z,4311.7001953125,4315.0,4311.39990234375,4313.39990234375,167.0,yahoo,GC=F
2026-09-14T13:38:00Z,4313.60009765625,4313.7001953125,4309.0,4310.60009765625,226.0,yahoo,GC=F
2026-09-14T13:39:00Z,4310.89990234375,4312.10009765625,4308.39990234375,4308.5,81.0,yahoo,GC=F
2026-09-14T13:40:00Z,4308.5,4310.2001953125,4308.39990234375,4309.89990234375,111.0,yahoo,GC=F
2026-09-14T13:41:00Z,4309.89990234375,4310.0,4306.5,4309.60009765625,117.0,yahoo,GC=F
2026-09-14T13:42:00Z,4309.60009765625,4310.2001953125,4307.60009765625,4309.39990234375,163.0,yahoo,GC=F
2026-09-14T13:43:00Z,4309.10009765625,4312.5,4308.60009765625,4312.10009765625,196.0,yahoo,GC=F
2026-09-14T13:44:00Z,4312.10009765625,4315.0,4311.7001953125,4314.7998046875,220.0,yahoo,GC=F
2026-09-14T13:45:00Z,4314.7001953125,4317.39990234375,4314.2001953125,4315.2998046875,224.0,yahoo,GC=F
2026-09-14T13:46:00Z,4314.7998046875,4316.0,4311.60009765625,4315.60009765625,264.0,yahoo,GC=F
2026-09-14T13:47:00Z,4315.5,4321.0,4315.2998046875,4320.89990234375,411.0,yahoo,GC=F
2026-09-14T13:48:00Z,4320.5,4321.2001953125,4317.89990234375,4317.89990234375,193.0,yahoo,GC=F
2026-09-14T13:49:00Z,4318.2998046875,4320.0,4316.2001953125,4316.5,234.0,yahoo,GC=F
2026-09-14T13:50:00Z,4316.39990234375,4319.2998046875,4316.2001953125,4317.2001953125,112.0,yahoo,GC=F
2026-09-14T13:51:00Z,4316.89990234375,4318.10009765625,4315.0,4315.0,132.0,yahoo,GC=F
2026-09-14T13:52:00Z,4315.10009765625,4321.89990234375,4315.10009765625,4318.2998046875,552.0,yahoo,GC=F
2026-09-14T13:53:00Z,4318.2001953125,4319.60009765625,4316.10009765625,4316.39990234375,221.0,yahoo,GC=F
2026-09-14T13:54:00Z,4316.60009765625,4316.60009765625,4310.5,4312.89990234375,392.0,yahoo,GC=F
2026-09-14T13:55:00Z,4313.0,4314.89990234375,4312.10009765625,4313.7998046875,265.0,yahoo,GC=F
2026-09-14T13:56:00Z,4314.2998046875,4315.7001953125,4310.60009765625,4311.10009765625,188.0,yahoo,GC=F
2026-09-14T13:57:00Z,4311.2998046875,4312.2001953125,4310.2998046875,4311.5,104.0,yahoo,GC=F
2026-09-14T13:58:00Z,4311.10009765625,4314.39990234375,4309.5,4310.7998046875,216.0,yahoo,GC=F
2026-09-14T13:59:00Z,4311.2998046875,4313.0,4311.10009765625,4312.2001953125,64.0,yahoo,GC=F
2026-09-14T14:00:00Z,4312.10009765625,4315.60009765625,4310.60009765625,4311.10009765625,584.0,yahoo,GC=F
2026-09-14T14:01:00Z,4311.10009765625,4313.2998046875,4309.7998046875,4311.89990234375,295.0,yahoo,GC=F
2026-09-14T14:02:00Z,4312.10009765625,4312.2998046875,4309.0,4309.39990234375,127.0,yahoo,GC=F
2026-09-14T14:03:00Z,4309.5,4310.39990234375,4306.0,4306.10009765625,362.0,yahoo,GC=F
2026-09-14T14:04:00Z,4306.2998046875,4308.0,4306.10009765625,4307.7001953125,263.0,yahoo,GC=F
2026-09-14T14:05:00Z,4307.5,4307.7998046875,4304.7998046875,4305.2998046875,235.0,yahoo,GC=F
2026-09-14T14:06:00Z,4305.60009765625,4309.7998046875,4304.7001953125,4308.7001953125,237.0,yahoo,GC=F
2026-09-14T14:07:00Z,4308.39990234375,4310.7998046875,4307.2998046875,4308.7998046875,132.0,yahoo,GC=F
2026-09-14T14:08:00Z,4308.7001953125,4311.5,4308.60009765625,4309.39990234375,185.0,yahoo,GC=F
2026-09-14T14:09:00Z,4309.5,4311.2998046875,4308.7998046875,4311.2998046875,143.0,yahoo,GC=F
2026-09-14T14:10:00Z,4311.2998046875,4315.7998046875,4311.2998046875,4314.10009765625,530.0,yahoo,GC=F
2026-09-14T14:11:00Z,4314.0,4316.89990234375,4313.60009765625,4313.7998046875,130.0,yahoo,GC=F
2026-09-14T14:12:00Z,4314.0,4314.2001953125,4311.60009765625,4313.7001953125,166.0,yahoo,GC=F
2026-09-14T14:13:00Z,4313.39990234375,4319.39990234375,4313.10009765625,4318.5,257.0,yahoo,GC=F
2026-09-14T14:14:00Z,4318.5,4322.5,4317.7001953125,4322.10009765625,524.0,yahoo,GC=F
2026-09-14T14:15:00Z,4322.2001953125,4323.39990234375,4320.7001953125,4320.7001953125,504.0,yahoo,GC=F
2026-09-14T14:16:00Z,4321.0,4321.0,4316.89990234375,4317.5,188.0,yahoo,GC=F
2026-09-14T14:17:00Z,4318.0,4318.89990234375,4315.10009765625,4315.5,123.0,yahoo,GC=F
2026-09-14T14:18:00Z,4315.2998046875,4315.2998046875,4313.60009765625,4313.89990234375,123.0,yahoo,GC=F
2026-09-14T14:19:00Z,4313.7998046875,4316.60009765625,4313.2001953125,4316.39990234375,103.0,yahoo,GC=F
2026-09-14T14:20:00Z,4316.0,4316.2998046875,4312.7001953125,4312.7001953125,151.0,yahoo,GC=F
2026-09-14T14:21:00Z,4312.60009765625,4313.2998046875,4309.0,4309.5,254.0,yahoo,GC=F
2026-09-14T14:22:00Z,4309.39990234375,4310.89990234375,4308.60009765625,4308.89990234375,129.0,yahoo,GC=F
2026-09-14T14:23:00Z,4309.0,4309.0,4305.7998046875,4307.7001953125,323.0,yahoo,GC=F
2026-09-14T14:24:00Z,4307.89990234375,4308.7998046875,4303.7001953125,4305.10009765625,457.0,yahoo,GC=F
2026-09-14T14:25:00Z,4305.0,4307.5,4305.0,4305.7998046875,262.0,yahoo,GC=F
2026-09-14T14:26:00Z,4305.7001953125,4305.7998046875,4304.39990234375,4305.0,162.0,yahoo,GC=F
2026-09-14T14:27:00Z,4304.89990234375,4306.7001953125,4304.2998046875,4305.7001953125,150.0,yahoo,GC=F
2026-09-14T14:28:00Z,4306.2001953125,4309.7998046875,4305.7001953125,4308.2998046875,336.0,yahoo,GC=F
2026-09-14T14:29:00Z,4308.10009765625,4310.39990234375,4308.10009765625,4310.39990234375,114.0,yahoo,GC=F
2026-09-14T14:30:00Z,4310.39990234375,4311.2998046875,4308.10009765625,4308.10009765625,267.0,yahoo,GC=F
2026-09-14T14:31:00Z,4308.2998046875,4310.7001953125,4308.10009765625,4309.0,126.0,yahoo,GC=F
2026-09-14T14:32:00Z,4309.0,4309.60009765625,4306.0,4309.5,254.0,yahoo,GC=F
2026-09-14T14:33:00Z,4310.0,4310.60009765625,4309.60009765625,4309.89990234375,101.0,yahoo,GC=F
2026-09-14T14:34:00Z,4309.89990234375,4311.60009765625,4309.89990234375,4311.2998046875,174.0,yahoo,GC=F
2026-09-14T14:35:00Z,4311.60009765625,4312.0,4309.89990234375,4310.5,112.0,yahoo,GC=F
2026-09-14T14:36:00Z,4310.39990234375,4310.7998046875,4308.39990234375,4309.7998046875,134.0,yahoo,GC=F
2026-09-14T14:37:00Z,4309.5,4310.2001953125,4308.2001953125,4309.39990234375,120.0,yahoo,GC=F
2026-09-14T14:38:00Z,4309.5,4312.5,4309.5,4312.2998046875,98.0,yahoo,GC=F
2026-09-14T14:39:00Z,4311.7998046875,4312.39990234375,4310.10009765625,4311.89990234375,62.0,yahoo,GC=F
2026-09-14T14:40:00Z,4311.5,4311.60009765625,4309.89990234375,4310.7998046875,107.0,yahoo,GC=F
2026-09-14T14:41:00Z,4311.2001953125,4312.7998046875,4309.10009765625,4310.7998046875,92.0,yahoo,GC=F
2026-09-14T14:42:00Z,4310.89990234375,4312.10009765625,4310.7998046875,4311.89990234375,69.0,yahoo,GC=F
2026-09-14T14:43:00Z,4311.5,4313.2998046875,4311.5,4312.60009765625,82.0,yahoo,GC=F
2026-09-14T14:44:00Z,4312.89990234375,4317.39990234375,4312.89990234375,4317.0,336.0,yahoo,GC=F
2026-09-14T14:45:00Z,4317.5,4319.39990234375,4317.0,4318.89990234375,180.0,yahoo,GC=F
2026-09-14T14:46:00Z,4319.10009765625,4319.39990234375,4316.7001953125,4317.2001953125,265.0,yahoo,GC=F
2026-09-14T14:47:00Z,4317.39990234375,4317.89990234375,4316.5,4316.89990234375,120.0,yahoo,GC=F
2026-09-14T14:48:00Z,4317.2998046875,4319.60009765625,4317.2998046875,4318.2998046875,146.0,yahoo,GC=F
2026-09-14T14:49:00Z,4318.2998046875,4319.10009765625,4317.2998046875,4318.60009765625,121.0,yahoo,GC=F
2026-09-14T14:50:00Z,4318.7998046875,4319.60009765625,4317.2001953125,4317.7001953125,160.0,yahoo,GC=F
2026-09-14T14:51:00Z,4318.0,4319.2998046875,4315.89990234375,4318.89990234375,203.0,yahoo,GC=F
2026-09-14T14:52:00Z,4319.2001953125,4319.5,4315.89990234375,4315.89990234375,203.0,yahoo,GC=F
2026-09-14T14:53:00Z,4316.10009765625,4316.89990234375,4314.39990234375,4314.89990234375,122.0,yahoo,GC=F
2026-09-14T14:54:00Z,4314.7001953125,4317.5,4314.5,4317.0,315.0,yahoo,GC=F
2026-09-14T14:55:00Z,4316.7998046875,4318.0,4315.10009765625,4318.0,117.0,yahoo,GC=F
2026-09-14T14:56:00Z,4318.2001953125,4318.60009765625,4316.89990234375,4317.39990234375,138.0,yahoo,GC=F
2026-09-14T14:57:00Z,4317.39990234375,4318.60009765625,4315.5,4315.5,119.0,yahoo,GC=F
2026-09-14T14:58:00Z,4315.7998046875,4317.7998046875,4315.2001953125,4316.89990234375,106.0,yahoo,GC=F
2026-09-14T14:59:00Z,4317.0,4320.10009765625,4316.5,4320.10009765625,105.0,yahoo,GC=F
2026-09-14T15:00:00Z,4320.2001953125,4320.60009765625,4318.39990234375,4319.10009765625,153.0,yahoo,GC=F
2026-09-14T15:01:00Z,4319.2998046875,4319.89990234375,4317.2998046875,4318.89990234375,117.0,yahoo,GC=F
2026-09-14T15:02:00Z,4319.0,4320.5,4317.7001953125,4318.2001953125,243.0,yahoo,GC=F
2026-09-14T15:03:00Z,4318.2998046875,4318.60009765625,4316.5,4317.7998046875,236.0,yahoo,GC=F
2026-09-14T15:04:00Z,4318.0,4318.0,4313.10009765625,4313.2001953125,126.0,yahoo,GC=F
2026-09-14T15:05:00Z,4313.5,4325.60009765625,4313.39990234375,4321.0,1606.0,yahoo,GC=F
2026-09-14T15:06:00Z,4321.39990234375,4327.7998046875,4320.89990234375,4325.7998046875,1139.0,yahoo,GC=F
2026-09-14T15:07:00Z,4325.5,4327.10009765625,4323.2998046875,4324.39990234375,470.0,yahoo,GC=F
2026-09-14T15:08:00Z,4324.0,4324.7001953125,4321.0,4322.39990234375,281.0,yahoo,GC=F
2026-09-14T15:09:00Z,4322.60009765625,4323.5,4320.2998046875,4320.89990234375,166.0,yahoo,GC=F
2026-09-14T15:10:00Z,4321.2998046875,4323.7001953125,4321.2001953125,4323.0,108.0,yahoo,GC=F
2026-09-14T15:11:00Z,4323.2998046875,4323.39990234375,4320.60009765625,4321.2001953125,73.0,yahoo,GC=F
2026-09-14T15:12:00Z,4320.89990234375,4321.5,4319.39990234375,4320.0,171.0,yahoo,GC=F
2026-09-14T15:13:00Z,4320.10009765625,4320.39990234375,4319.2001953125,4319.7001953125,46.0,yahoo,GC=F
2026-09-14T15:14:00Z,4320.0,4321.5,4317.60009765625,4317.60009765625,183.0,yahoo,GC=F
2026-09-14T15:15:00Z,4317.5,4319.5,4315.39990234375,4319.2998046875,147.0,yahoo,GC=F
2026-09-14T15:16:00Z,4319.10009765625,4319.39990234375,4315.89990234375,4317.7001953125,101.0,yahoo,GC=F
2026-09-14T15:17:00Z,4317.7001953125,4318.5,4315.39990234375,4315.7998046875,113.0,yahoo,GC=F
2026-09-14T15:18:00Z,4316.2998046875,4316.60009765625,4313.2001953125,4314.2998046875,619.0,yahoo,GC=F
2026-09-14T15:19:00Z,4314.2001953125,4317.0,4314.2001953125,4316.89990234375,97.0,yahoo,GC=F
2026-09-14T15:20:00Z,4316.5,4317.0,4315.0,4316.0,91.0,yahoo,GC=F
2026-09-14T15:21:00Z,4316.0,4316.89990234375,4315.39990234375,4316.5,69.0,yahoo,GC=F
2026-09-14T15:22:00Z,4316.39990234375,4317.10009765625,4315.7001953125,4315.7998046875,70.0,yahoo,GC=F
2026-09-14T15:23:00Z,4316.2998046875,4317.60009765625,4315.0,4316.7001953125,77.0,yahoo,GC=F
2026-09-14T15:24:00Z,4316.0,4320.5,4316.0,4320.10009765625,317.0,yahoo,GC=F
2026-09-14T15:25:00Z,4319.89990234375,4321.39990234375,4318.89990234375,4319.60009765625,289.0,yahoo,GC=F
2026-09-14T15:26:00Z,4319.60009765625,4320.7998046875,4319.0,4320.7998046875,47.0,yahoo,GC=F
2026-09-14T15:27:00Z,4320.7998046875,4321.89990234375,4320.39990234375,4321.5,84.0,yahoo,GC=F
2026-09-14T15:28:00Z,4321.7001953125,4325.2001953125,4321.7001953125,4325.0,185.0,yahoo,GC=F
2026-09-14T15:29:00Z,4324.89990234375,4325.60009765625,4324.10009765625,4324.2998046875,171.0,yahoo,GC=F
2026-09-14T15:30:00Z,4324.2998046875,4327.2001953125,4324.10009765625,4327.10009765625,258.0,yahoo,GC=F
2026-09-14T15:31:00Z,4327.0,4327.0,4324.5,4325.5,200.0,yahoo,GC=F
2026-09-14T15:32:00Z,4325.5,4330.7001953125,4323.60009765625,4328.5,1463.0,yahoo,GC=F
2026-09-14T15:33:00Z,4328.7998046875,4333.10009765625,4327.89990234375,4332.60009765625,320.0,yahoo,GC=F
2026-09-14T15:34:00Z,4332.60009765625,4335.2001953125,4330.7998046875,4334.60009765625,439.0,yahoo,GC=F
2026-09-14T15:35:00Z,4334.5,4336.7998046875,4334.10009765625,4334.10009765625,464.0,yahoo,GC=F
2026-09-14T15:36:00Z,4334.2998046875,4335.10009765625,4330.5,4330.7001953125,410.0,yahoo,GC=F
2026-09-14T15:37:00Z,4331.5,4337.2998046875,4331.5,4336.7998046875,186.0,yahoo,GC=F
2026-09-14T15:38:00Z,4337.2998046875,4338.5,4334.5,4337.7001953125,390.0,yahoo,GC=F
2026-09-14T15:39:00Z,4337.7998046875,4338.60009765625,4337.2001953125,4338.39990234375,343.0,yahoo,GC=F
2026-09-14T15:40:00Z,4338.5,4338.7001953125,4333.5,4336.0,586.0,yahoo,GC=F
2026-09-14T15:41:00Z,4335.5,4338.60009765625,4334.7998046875,4338.2998046875,257.0,yahoo,GC=F
2026-09-14T15:42:00Z,4338.5,4338.7998046875,4335.7001953125,4335.7001953125,290.0,yahoo,GC=F
2026-09-14T15:43:00Z,4336.10009765625,4338.10009765625,4334.2998046875,4337.7998046875,210.0,yahoo,GC=F
2026-09-14T15:44:00Z,4337.7998046875,4339.39990234375,4334.7998046875,4334.89990234375,320.0,yahoo,GC=F
2026-09-14T15:45:00Z,4335.39990234375,4335.7001953125,4332.39990234375,4334.7998046875,275.0,yahoo,GC=F
2026-09-14T15:46:00Z,4334.5,4336.2001953125,4334.0,4334.2001953125,174.0,yahoo,GC=F
2026-09-14T15:47:00Z,4334.39990234375,4334.7001953125,4331.60009765625,4331.89990234375,184.0,yahoo,GC=F
2026-09-14T15:48:00Z,4332.39990234375,4333.7998046875,4330.7001953125,4331.39990234375,183.0,yahoo,GC=F
2026-09-14T15:49:00Z,4331.10009765625,4331.2001953125,4328.7998046875,4328.89990234375,376.0,yahoo,GC=F
2026-09-14T15:50:00Z,4329.39990234375,4329.60009765625,4327.2001953125,4328.0,368.0,yahoo,GC=F
2026-09-14T15:51:00Z,4328.5,4329.2001953125,4328.0,4328.5,109.0,yahoo,GC=F
2026-09-14T15:52:00Z,4328.7998046875,4330.39990234375,4328.2001953125,4329.7001953125,197.0,yahoo,GC=F
2026-09-14T15:53:00Z,4329.60009765625,4330.7998046875,4329.2001953125,4330.5,132.0,yahoo,GC=F
2026-09-14T15:54:00Z,4330.60009765625,4331.39990234375,4328.89990234375,4330.10009765625,117.0,yahoo,GC=F
2026-09-14T15:55:00Z,4330.5,4331.60009765625,4328.89990234375,4331.39990234375,118.0,yahoo,GC=F
2026-09-14T15:56:00Z,4331.2998046875,4331.7998046875,4330.10009765625,4331.5,66.0,yahoo,GC=F
2026-09-14T15:57:00Z,4331.5,4332.2001953125,4330.7998046875,4331.7998046875,95.0,yahoo,GC=F
2026-09-14T15:58:00Z,4331.89990234375,4332.2998046875,4328.89990234375,4329.7998046875,280.0,yahoo,GC=F
2026-09-14T15:59:00Z,4329.89990234375,4330.0,4328.89990234375,4329.10009765625,84.0,yahoo,GC=F
2026-09-14T16:00:00Z,4329.2998046875,4331.2001953125,4329.0,4329.5,109.0,yahoo,GC=F
2026-09-14T16:01:00Z,4329.60009765625,4329.7998046875,4327.7001953125,4328.0,106.0,yahoo,GC=F
2026-09-14T16:02:00Z,4328.10009765625,4329.2001953125,4328.10009765625,4329.2001953125,48.0,yahoo,GC=F
2026-09-14T16:03:00Z,4328.89990234375,4329.7001953125,4328.2998046875,4328.60009765625,71.0,yahoo,GC=F
2026-09-14T16:04:00Z,4328.60009765625,4328.60009765625,4327.2998046875,4327.5,110.0,yahoo,GC=F
2026-09-14T16:05:00Z,4327.39990234375,4330.0,4327.39990234375,4329.39990234375,156.0,yahoo,GC=F
2026-09-14T16:06:00Z,4329.7001953125,4331.10009765625,4329.60009765625,4331.0,135.0,yahoo,GC=F
2026-09-14T16:07:00Z,4331.10009765625,4334.10009765625,4330.2001953125,4332.7998046875,242.0,yahoo,GC=F
2026-09-14T16:08:00Z,4332.2998046875,4333.10009765625,4331.2001953125,4332.89990234375,189.0,yahoo,GC=F
2026-09-14T16:09:00Z,4332.60009765625,4335.60009765625,4332.2001953125,4335.60009765625,152.0,yahoo,GC=F
2026-09-14T16:10:00Z,4335.7998046875,4338.89990234375,4335.2001953125,4336.60009765625,203.0,yahoo,GC=F
2026-09-14T16:11:00Z,4336.89990234375,4338.5,4336.2998046875,4337.60009765625,217.0,yahoo,GC=F
2026-09-14T16:12:00Z,4337.60009765625,4338.39990234375,4336.2998046875,4337.0,123.0,yahoo,GC=F
2026-09-14T16:13:00Z,4337.10009765625,4337.2998046875,4335.89990234375,4336.39990234375,66.0,yahoo,GC=F
2026-09-14T16:14:00Z,4336.39990234375,4336.7001953125,4334.89990234375,4334.89990234375,73.0,yahoo,GC=F
2026-09-14T16:15:00Z,4335.10009765625,4338.5,4334.89990234375,4338.0,163.0,yahoo,GC=F
2026-09-14T16:16:00Z,4337.7998046875,4338.7998046875,4336.7001953125,4336.89990234375,226.0,yahoo,GC=F
2026-09-14T16:17:00Z,4336.7998046875,4337.7001953125,4336.0,4337.39990234375,52.0,yahoo,GC=F
2026-09-14T16:18:00Z,4337.7998046875,4339.2998046875,4337.7998046875,4339.0,164.0,yahoo,GC=F
2026-09-14T16:19:00Z,4339.10009765625,4340.0,4338.39990234375,4339.5,204.0,yahoo,GC=F
2026-09-14T16:20:00Z,4339.60009765625,4339.89990234375,4338.39990234375,4339.10009765625,160.0,yahoo,GC=F
2026-09-14T16:21:00Z,4339.0,4339.60009765625,4338.0,4339.39990234375,125.0,yahoo,GC=F
2026-09-14T16:22:00Z,4339.39990234375,4342.60009765625,4339.2998046875,4341.7001953125,338.0,yahoo,GC=F
2026-09-14T16:23:00Z,4341.7001953125,4345.2001953125,4341.7001953125,4345.0,255.0,yahoo,GC=F
2026-09-14T16:24:00Z,4345.10009765625,4346.2998046875,4344.7998046875,4345.2998046875,265.0,yahoo,GC=F
2026-09-14T16:25:00Z,4345.39990234375,4346.39990234375,4344.2998046875,4344.2998046875,341.0,yahoo,GC=F
2026-09-14T16:26:00Z,4344.5,4344.5,4342.5,4343.60009765625,177.0,yahoo,GC=F
2026-09-14T16:27:00Z,4343.60009765625,4344.7998046875,4342.5,4344.7998046875,102.0,yahoo,GC=F
2026-09-14T16:28:00Z,4344.89990234375,4345.10009765625,4341.0,4341.2001953125,180.0,yahoo,GC=F
2026-09-14T16:29:00Z,4341.5,4341.89990234375,4340.7001953125,4340.89990234375,81.0,yahoo,GC=F
2026-09-14T16:30:00Z,4340.7998046875,4342.5,4340.2001953125,4340.60009765625,171.0,yahoo,GC=F
2026-09-14T16:31:00Z,4341.0,4346.7001953125,4341.0,4343.39990234375,323.0,yahoo,GC=F
2026-09-14T16:32:00Z,4343.2001953125,4344.7998046875,4342.0,4342.5,139.0,yahoo,GC=F
2026-09-14T16:33:00Z,4342.7001953125,4344.0,4342.10009765625,4343.5,83.0,yahoo,GC=F
2026-09-14T16:34:00Z,4343.60009765625,4344.10009765625,4341.7001953125,4341.7001953125,43.0,yahoo,GC=F
2026-09-14T16:35:00Z,4341.7001953125,4342.39990234375,4340.7001953125,4342.39990234375,66.0,yahoo,GC=F
2026-09-14T16:36:00Z,4342.39990234375,4343.2998046875,4341.39990234375,4341.5,48.0,yahoo,GC=F
2026-09-14T16:37:00Z,4341.39990234375,4343.5,4341.39990234375,4342.7998046875,44.0,yahoo,GC=F
2026-09-14T16:38:00Z,4342.5,4344.0,4342.2998046875,4343.2998046875,47.0,yahoo,GC=F
2026-09-14T16:39:00Z,4343.10009765625,4343.89990234375,4341.7001953125,4343.60009765625,57.0,yahoo,GC=F
2026-09-14T16:40:00Z,4343.60009765625,4345.2998046875,4343.2001953125,4345.2998046875,81.0,yahoo,GC=F
2026-09-14T16:41:00Z,4345.2998046875,4346.39990234375,4344.89990234375,4346.0,129.0,yahoo,GC=F
2026-09-14T16:42:00Z,4345.7998046875,4345.7998046875,4344.7998046875,4345.60009765625,67.0,yahoo,GC=F
2026-09-14T16:43:00Z,4345.7001953125,4348.89990234375,4345.60009765625,4348.10009765625,247.0,yahoo,GC=F
2026-09-14T16:44:00Z,4347.89990234375,4348.39990234375,4346.7001953125,4346.89990234375,144.0,yahoo,GC=F
2026-09-14T16:45:00Z,4347.0,4347.0,4345.60009765625,4346.89990234375,85.0,yahoo,GC=F
2026-09-14T16:46:00Z,4347.0,4348.7998046875,4346.10009765625,4346.5,131.0,yahoo,GC=F
2026-09-14T16:47:00Z,4346.60009765625,4353.7998046875,4346.39990234375,4352.2001953125,1400.0,yahoo,GC=F
2026-09-14T16:48:00Z,4352.2001953125,4356.5,4350.5,4354.0,539.0,yahoo,GC=F
2026-09-14T16:49:00Z,4354.2001953125,4356.7998046875,4352.2001953125,4354.5,562.0,yahoo,GC=F
2026-09-14T16:50:00Z,4354.7998046875,4355.2998046875,4353.10009765625,4354.10009765625,209.0,yahoo,GC=F
2026-09-14T16:51:00Z,4354.7001953125,4357.2998046875,4353.5,4357.2998046875,326.0,yahoo,GC=F
2026-09-14T16:52:00Z,4356.7998046875,4358.5,4356.60009765625,4357.0,492.0,yahoo,GC=F
2026-09-14T16:53:00Z,4357.2001953125,4358.5,4356.39990234375,4356.7998046875,225.0,yahoo,GC=F
2026-09-14T16:54:00Z,4356.60009765625,4358.2001953125,4355.5,4357.7001953125,149.0,yahoo,GC=F
2026-09-14T16:55:00Z,4357.89990234375,4358.89990234375,4356.60009765625,4357.7001953125,195.0,yahoo,GC=F
2026-09-14T16:56:00Z,4357.7998046875,4358.39990234375,4357.10009765625,4357.39990234375,174.0,yahoo,GC=F
2026-09-14T16:57:00Z,4357.0,4358.39990234375,4355.7998046875,4355.89990234375,206.0,yahoo,GC=F
2026-09-14T16:58:00Z,4355.89990234375,4356.5,4355.39990234375,4355.7998046875,214.0,yahoo,GC=F
2026-09-14T16:59:00Z,4355.89990234375,4356.7998046875,4355.7998046875,4356.5,58.0,yahoo,GC=F
2026-09-14T17:00:00Z,4356.5,4357.39990234375,4354.7998046875,4357.0,147.0,yahoo,GC=F
2026-09-14T17:01:00Z,4357.0,4357.0,4353.5,4354.2001953125,203.0,yahoo,GC=F
2026-09-14T17:02:00Z,4354.7001953125,4355.7998046875,4354.39990234375,4354.5,65.0,yahoo,GC=F
2026-09-14T17:03:00Z,4354.7001953125,4354.7998046875,4353.0,4354.0,175.0,yahoo,GC=F
2026-09-14T17:04:00Z,4353.89990234375,4355.60009765625,4353.89990234375,4355.60009765625,109.0,yahoo,GC=F
2026-09-14T17:05:00Z,4355.2998046875,4355.2998046875,4353.2001953125,4353.60009765625,147.0,yahoo,GC=F
2026-09-14T17:06:00Z,4353.5,4354.7001953125,4353.5,4353.5,131.0,yahoo,GC=F
2026-09-14T17:07:00Z,4353.7001953125,4354.2001953125,4352.60009765625,4353.5,108.0,yahoo,GC=F
2026-09-14T17:08:00Z,4353.60009765625,4354.2001953125,4353.0,4354.2001953125,108.0,yahoo,GC=F
2026-09-14T17:09:00Z,4354.2998046875,4354.89990234375,4352.7001953125,4354.7001953125,111.0,yahoo,GC=F
2026-09-14T17:10:00Z,4354.10009765625,4355.39990234375,4353.89990234375,4354.39990234375,117.0,yahoo,GC=F
2026-09-14T17:11:00Z,4354.89990234375,4355.60009765625,4353.0,4353.7001953125,197.0,yahoo,GC=F
2026-09-14T17:12:00Z,4353.89990234375,4356.10009765625,4353.7998046875,4356.10009765625,66.0,yahoo,GC=F
2026-09-14T17:13:00Z,4356.0,4356.2998046875,4353.60009765625,4353.89990234375,68.0,yahoo,GC=F
2026-09-14T17:14:00Z,4353.89990234375,4354.10009765625,4351.60009765625,4351.89990234375,234.0,yahoo,GC=F
2026-09-14T17:15:00Z,4351.5,4351.89990234375,4350.7998046875,4351.60009765625,154.0,yahoo,GC=F
2026-09-14T17:16:00Z,4351.5,4352.10009765625,4351.0,4351.39990234375,103.0,yahoo,GC=F
2026-09-14T17:17:00Z,4351.60009765625,4353.60009765625,4351.39990234375,4352.0,112.0,yahoo,GC=F
2026-09-14T17:18:00Z,4352.0,4352.0,4349.7001953125,4350.60009765625,173.0,yahoo,GC=F
2026-09-14T17:19:00Z,4350.60009765625,4350.89990234375,4350.2998046875,4350.39990234375,61.0,yahoo,GC=F
2026-09-14T17:20:00Z,4350.5,4351.39990234375,4350.2998046875,4350.2998046875,116.0,yahoo,GC=F
2026-09-14T17:21:00Z,4350.39990234375,4351.2001953125,4350.39990234375,4351.10009765625,67.0,yahoo,GC=F
2026-09-14T17:22:00Z,4351.0,4351.89990234375,4350.7998046875,4351.7998046875,48.0,yahoo,GC=F
2026-09-14T17:23:00Z,4351.89990234375,4352.60009765625,4351.60009765625,4352.5,101.0,yahoo,GC=F
2026-09-14T17:24:00Z,4352.0,4352.60009765625,4351.10009765625,4351.60009765625,71.0,yahoo,GC=F
2026-09-14T17:25:00Z,4351.7998046875,4352.60009765625,4351.39990234375,4351.7998046875,107.0,yahoo,GC=F
2026-09-14T17:26:00Z,4352.0,4353.7998046875,4351.5,4353.2998046875,273.0,yahoo,GC=F
2026-09-14T17:27:00Z,4353.2998046875,4354.10009765625,4353.2001953125,4353.2998046875,106.0,yahoo,GC=F
2026-09-14T17:28:00Z,4353.7001953125,4354.7001953125,4352.0,4352.60009765625,246.0,yahoo,GC=F
2026-09-14T17:29:00Z,4352.5,4352.60009765625,4350.2998046875,4352.2998046875,1563.0,yahoo,GC=F
2026-09-14T17:30:00Z,4352.2998046875,4353.7998046875,4351.7001953125,4353.7001953125,224.0,yahoo,GC=F
2026-09-14T17:31:00Z,4353.7001953125,4354.10009765625,4350.89990234375,4351.7998046875,131.0,yahoo,GC=F
2026-09-14T17:32:00Z,4351.5,4352.2001953125,4351.0,4351.7001953125,84.0,yahoo,GC=F
2026-09-14T17:33:00Z,4351.7001953125,4352.39990234375,4350.0,4351.2001953125,222.0,yahoo,GC=F
2026-09-14T17:34:00Z,4351.0,4351.10009765625,4349.5,4349.7001953125,69.0,yahoo,GC=F
2026-09-14T17:35:00Z,4349.5,4349.7001953125,4348.2001953125,4348.5,81.0,yahoo,GC=F
2026-09-14T17:36:00Z,4348.7001953125,4350.5,4348.7001953125,4350.39990234375,67.0,yahoo,GC=F
2026-09-14T17:37:00Z,4350.39990234375,4350.7001953125,4349.7998046875,4350.0,65.0,yahoo,GC=F
2026-09-14T17:38:00Z,4350.60009765625,4352.0,4350.60009765625,4351.60009765625,94.0,yahoo,GC=F
2026-09-14T17:39:00Z,4352.0,4352.2001953125,4351.60009765625,4351.60009765625,71.0,yahoo,GC=F
2026-09-14T17:40:00Z,4351.7998046875,4352.7001953125,4350.39990234375,4350.7998046875,104.0,yahoo,GC=F
2026-09-14T17:41:00Z,4350.60009765625,4350.7001953125,4349.7998046875,4350.10009765625,59.0,yahoo,GC=F
2026-09-14T17:42:00Z,4350.60009765625,4351.2001953125,4350.10009765625,4350.5,39.0,yahoo,GC=F
2026-09-14T17:43:00Z,4350.5,4351.60009765625,4350.5,4351.39990234375,22.0,yahoo,GC=F
2026-09-14T17:44:00Z,4351.5,4351.7001953125,4350.2998046875,4350.39990234375,79.0,yahoo,GC=F
2026-09-14T17:45:00Z,4350.2001953125,4350.60009765625,4349.7998046875,4350.60009765625,48.0,yahoo,GC=F
2026-09-14T17:46:00Z,4350.7001953125,4351.89990234375,4350.7001953125,4350.7001953125,46.0,yahoo,GC=F
2026-09-14T17:47:00Z,4350.7998046875,4350.7998046875,4349.10009765625,4349.60009765625,66.0,yahoo,GC=F
2026-09-14T17:48:00Z,4349.7001953125,4350.89990234375,4349.5,4350.7001953125,48.0,yahoo,GC=F
2026-09-14T17:49:00Z,4350.60009765625,4351.2001953125,4349.39990234375,4349.5,174.0,yahoo,GC=F
2026-09-14T17:50:00Z,4349.5,4349.7998046875,4348.89990234375,4349.2001953125,109.0,yahoo,GC=F
2026-09-14T17:51:00Z,4349.2998046875,4350.10009765625,4349.0,4350.0,42.0,yahoo,GC=F
2026-09-14T17:52:00Z,4349.7001953125,4351.89990234375,4349.60009765625,4351.7998046875,91.0,yahoo,GC=F
2026-09-14T17:53:00Z,4351.60009765625,4352.5,4350.7998046875,4352.39990234375,88.0,yahoo,GC=F
2026-09-14T17:54:00Z,4352.60009765625,4354.0,4352.10009765625,4352.60009765625,64.0,yahoo,GC=F
2026-09-14T17:55:00Z,4352.60009765625,4352.7001953125,4351.89990234375,4352.5,31.0,yahoo,GC=F
2026-09-14T17:56:00Z,4352.2998046875,4354.2998046875,4352.2998046875,4353.7998046875,52.0,yahoo,GC=F
2026-09-14T17:57:00Z,4353.89990234375,4353.89990234375,4352.39990234375,4352.5,111.0,yahoo,GC=F
2026-09-14T17:58:00Z,4352.7998046875,4353.39990234375,4351.89990234375,4352.10009765625,253.0,yahoo,GC=F
2026-09-14T17:59:00Z,4351.89990234375,4352.2001953125,4351.10009765625,4351.60009765625,74.0,yahoo,GC=F
2026-09-14T18:00:00Z,4351.7001953125,4356.7001953125,4351.7001953125,4353.5,506.0,yahoo,GC=F
2026-09-14T18:01:00Z,4353.39990234375,4355.5,4353.39990234375,4354.7001953125,68.0,yahoo,GC=F
2026-09-14T18:02:00Z,4355.0,4355.2001953125,4354.0,4354.0,107.0,yahoo,GC=F
2026-09-14T18:03:00Z,4354.0,4354.0,4351.7998046875,4352.7001953125,80.0,yahoo,GC=F
2026-09-14T18:04:00Z,4352.5,4352.5,4350.2001953125,4350.5,353.0,yahoo,GC=F
2026-09-14T18:05:00Z,4350.60009765625,4351.0,4348.7001953125,4349.10009765625,272.0,yahoo,GC=F
2026-09-14T18:06:00Z,4349.2001953125,4350.7001953125,4348.7998046875,4350.0,258.0,yahoo,GC=F
2026-09-14T18:07:00Z,4349.7998046875,4351.10009765625,4349.7001953125,4351.0,90.0,yahoo,GC=F
2026-09-14T18:08:00Z,4351.2998046875,4351.7998046875,4350.5,4351.7998046875,35.0,yahoo,GC=F
2026-09-14T18:09:00Z,4351.7001953125,4351.7001953125,4350.2998046875,4350.7998046875,31.0,yahoo,GC=F
2026-09-14T18:10:00Z,4350.7998046875,4352.5,4350.60009765625,4352.5,55.0,yahoo,GC=F
2026-09-14T18:11:00Z,4352.7001953125,4353.0,4351.5,4351.60009765625,31.0,yahoo,GC=F
2026-09-14T18:12:00Z,4351.7001953125,4351.7001953125,4351.0,4351.60009765625,46.0,yahoo,GC=F
2026-09-14T18:13:00Z,4351.5,4351.89990234375,4351.2998046875,4351.89990234375,25.0,yahoo,GC=F
2026-09-14T18:14:00Z,4352.2001953125,4353.2001953125,4351.89990234375,4353.2001953125,23.0,yahoo,GC=F
2026-09-14T18:15:00Z,4352.7001953125,4353.0,4352.0,4352.7998046875,27.0,yahoo,GC=F
2026-09-14T18:16:00Z,4352.7001953125,4352.7998046875,4352.2001953125,4352.5,82.0,yahoo,GC=F
2026-09-14T18:17:00Z,4352.2001953125,4352.2998046875,4351.7001953125,4351.7998046875,50.0,yahoo,GC=F
2026-09-14T18:18:00Z,4352.2001953125,4352.60009765625,4351.7998046875,4352.0,32.0,yahoo,GC=F
2026-09-14T18:19:00Z,4351.7998046875,4352.0,4351.5,4352.0,22.0,yahoo,GC=F
2026-09-14T18:20:00Z,4351.7998046875,4352.10009765625,4351.7001953125,4351.7001953125,19.0,yahoo,GC=F
2026-09-14T18:21:00Z,4351.89990234375,4352.39990234375,4350.89990234375,4351.10009765625,65.0,yahoo,GC=F
2026-09-14T18:22:00Z,4351.0,4351.0,4349.60009765625,4349.7998046875,42.0,yahoo,GC=F
2026-09-14T18:23:00Z,4349.7998046875,4349.7998046875,4348.2998046875,4348.5,65.0,yahoo,GC=F
2026-09-14T18:24:00Z,4348.5,4349.2001953125,4348.39990234375,4348.5,52.0,yahoo,GC=F
2026-09-14T18:25:00Z,4348.39990234375,4349.0,4348.2001953125,4348.39990234375,83.0,yahoo,GC=F
2026-09-14T18:26:00Z,4348.39990234375,4348.60009765625,4347.10009765625,4347.7001953125,218.0,yahoo,GC=F
2026-09-14T18:27:00Z,4347.5,4348.0,4346.7998046875,4347.2001953125,65.0,yahoo,GC=F
2026-09-14T18:28:00Z,4347.10009765625,4348.10009765625,4346.60009765625,4348.10009765625,104.0,yahoo,GC=F
2026-09-14T18:29:00Z,4348.2001953125,4350.2001953125,4347.89990234375,4350.2001953125,95.0,yahoo,GC=F
2026-09-14T18:30:00Z,4349.89990234375,4350.2001953125,4348.7001953125,4349.5,85.0,yahoo,GC=F
2026-09-14T18:31:00Z,4349.60009765625,4350.0,4349.2001953125,4349.2001953125,52.0,yahoo,GC=F
2026-09-14T18:32:00Z,4349.2998046875,4350.5,4349.2998046875,4350.5,36.0,yahoo,GC=F
2026-09-14T18:33:00Z,4350.5,4352.7001953125,4350.2001953125,4352.60009765625,148.0,yahoo,GC=F
2026-09-14T18:34:00Z,4352.89990234375,4353.60009765625,4351.7001953125,4351.7001953125,118.0,yahoo,GC=F
2026-09-14T18:35:00Z,4352.2998046875,4352.5,4351.60009765625,4352.5,34.0,yahoo,GC=F
2026-09-14T18:36:00Z,4352.60009765625,4353.39990234375,4351.60009765625,4352.60009765625,70.0,yahoo,GC=F
2026-09-14T18:37:00Z,4352.2998046875,4352.7001953125,4352.0,4352.5,16.0,yahoo,GC=F
2026-09-14T18:38:00Z,4352.39990234375,4353.10009765625,4352.39990234375,4352.89990234375,42.0,yahoo,GC=F
2026-09-14T18:39:00Z,4353.0,4353.10009765625,4351.2001953125,4351.2001953125,25.0,yahoo,GC=F
2026-09-14T18:40:00Z,4351.2001953125,4351.39990234375,4350.2998046875,4350.5,86.0,yahoo,GC=F
2026-09-14T18:41:00Z,4350.7998046875,4351.5,4350.0,4350.0,47.0,yahoo,GC=F
2026-09-14T18:42:00Z,4350.2998046875,4350.5,4349.60009765625,4350.10009765625,59.0,yahoo,GC=F
2026-09-14T18:43:00Z,4349.7998046875,4350.2998046875,4349.60009765625,4349.7001953125,13.0,yahoo,GC=F
2026-09-14T18:44:00Z,4349.60009765625,4349.89990234375,4349.5,4349.89990234375,12.0,yahoo,GC=F
2026-09-14T18:45:00Z,4349.5,4349.7998046875,4349.2001953125,4349.2001953125,31.0,yahoo,GC=F
2026-09-14T18:46:00Z,4349.39990234375,4350.10009765625,4347.7998046875,4347.7998046875,132.0,yahoo,GC=F
2026-09-14T18:47:00Z,4347.89990234375,4348.60009765625,4347.2998046875,4347.89990234375,101.0,yahoo,GC=F
2026-09-14T18:48:00Z,4347.89990234375,4348.39990234375,4347.60009765625,4348.0,30.0,yahoo,GC=F
2026-09-14T18:49:00Z,4348.2001953125,4349.0,4347.7001953125,4347.7001953125,61.0,yahoo,GC=F
2026-09-14T18:50:00Z,4347.60009765625,4347.7998046875,4345.0,4345.7998046875,342.0,yahoo,GC=F
2026-09-14T18:51:00Z,4345.89990234375,4346.2001953125,4345.10009765625,4345.39990234375,70.0,yahoo,GC=F
2026-09-14T18:52:00Z,4345.5,4346.10009765625,4345.2001953125,4346.0,65.0,yahoo,GC=F
2026-09-14T18:53:00Z,4346.0,4346.2998046875,4345.39990234375,4346.10009765625,31.0,yahoo,GC=F
2026-09-14T18:54:00Z,4346.10009765625,4347.7001953125,4346.0,4347.0,64.0,yahoo,GC=F
2026-09-14T18:55:00Z,4346.7001953125,4347.0,4345.7001953125,4346.89990234375,63.0,yahoo,GC=F
2026-09-14T18:56:00Z,4347.10009765625,4347.7998046875,4346.2001953125,4346.2001953125,32.0,yahoo,GC=F
2026-09-14T18:57:00Z,4346.60009765625,4346.89990234375,4346.2001953125,4346.39990234375,22.0,yahoo,GC=F
2026-09-14T18:58:00Z,4346.2998046875,4347.39990234375,4346.2001953125,4347.2001953125,33.0,yahoo,GC=F
2026-09-14T18:59:00Z,4347.0,4348.2001953125,4347.0,4347.7998046875,56.0,yahoo,GC=F
2026-09-14T19:00:00Z,4347.89990234375,4348.2998046875,4347.0,4347.60009765625,127.0,yahoo,GC=F
2026-09-14T19:01:00Z,4347.7998046875,4347.7998046875,4345.7998046875,4346.0,52.0,yahoo,GC=F
2026-09-14T19:02:00Z,4346.2001953125,4346.39990234375,4345.5,4346.2001953125,79.0,yahoo,GC=F
2026-09-14T19:03:00Z,4345.89990234375,4346.2001953125,4345.60009765625,4345.7998046875,52.0,yahoo,GC=F
2026-09-14T19:04:00Z,4345.7998046875,4346.7998046875,4344.5,4346.7001953125,284.0,yahoo,GC=F
2026-09-14T19:05:00Z,4346.7998046875,4346.7998046875,4346.2998046875,4346.7001953125,29.0,yahoo,GC=F
2026-09-14T19:06:00Z,4346.60009765625,4346.60009765625,4345.0,4345.2001953125,33.0,yahoo,GC=F
2026-09-14T19:07:00Z,4345.2001953125,4345.39990234375,4343.89990234375,4343.89990234375,32.0,yahoo,GC=F
2026-09-14T19:08:00Z,4344.0,4344.7001953125,4343.10009765625,4344.7001953125,152.0,yahoo,GC=F
2026-09-14T19:09:00Z,4344.60009765625,4345.10009765625,4344.10009765625,4344.10009765625,45.0,yahoo,GC=F
2026-09-14T19:10:00Z,4344.2998046875,4344.60009765625,4343.89990234375,4344.39990234375,56.0,yahoo,GC=F
2026-09-14T19:11:00Z,4344.5,4345.7998046875,4344.5,4345.60009765625,52.0,yahoo,GC=F
2026-09-14T19:12:00Z,4345.60009765625,4346.0,4345.2998046875,4345.60009765625,22.0,yahoo,GC=F
2026-09-14T19:13:00Z,4346.0,4347.2001953125,4346.0,4346.2998046875,82.0,yahoo,GC=F
2026-09-14T19:14:00Z,4346.2998046875,4347.0,4346.2998046875,4346.39990234375,26.0,yahoo,GC=F
2026-09-14T19:15:00Z,4346.2998046875,4346.2998046875,4344.39990234375,4344.5,44.0,yahoo,GC=F
2026-09-14T19:16:00Z,4344.7001953125,4344.7001953125,4343.2998046875,4343.7998046875,45.0,yahoo,GC=F
2026-09-14T19:17:00Z,4343.2998046875,4343.89990234375,4342.7001953125,4343.5,167.0,yahoo,GC=F
2026-09-14T19:18:00Z,4343.2001953125,4343.7998046875,4343.0,4343.2001953125,34.0,yahoo,GC=F
2026-09-14T19:19:00Z,4343.2998046875,4343.2998046875,4340.7001953125,4342.2998046875,160.0,yahoo,GC=F
2026-09-14T19:20:00Z,4342.2998046875,4342.7998046875,4342.0,4342.2998046875,48.0,yahoo,GC=F
2026-09-14T19:21:00Z,4342.2998046875,4342.7998046875,4341.10009765625,4341.10009765625,48.0,yahoo,GC=F
2026-09-14T19:22:00Z,4341.2001953125,4341.39990234375,4338.0,4338.0,152.0,yahoo,GC=F
2026-09-14T19:23:00Z,4338.0,4338.7001953125,4337.7001953125,4338.2001953125,107.0,yahoo,GC=F
2026-09-14T19:24:00Z,4338.2998046875,4338.2998046875,4336.5,4338.0,92.0,yahoo,GC=F
2026-09-14T19:25:00Z,4337.89990234375,4338.5,4337.7001953125,4337.89990234375,482.0,yahoo,GC=F
2026-09-14T19:26:00Z,4338.10009765625,4338.60009765625,4337.89990234375,4338.0,48.0,yahoo,GC=F
2026-09-14T19:27:00Z,4337.7998046875,4339.39990234375,4337.5,4338.10009765625,65.0,yahoo,GC=F
2026-09-14T19:28:00Z,4338.0,4338.39990234375,4337.60009765625,4338.10009765625,27.0,yahoo,GC=F
2026-09-14T19:29:00Z,4337.89990234375,4338.10009765625,4337.0,4337.10009765625,45.0,yahoo,GC=F
2026-09-14T19:30:00Z,4337.10009765625,4337.60009765625,4336.7001953125,4336.7001953125,79.0,yahoo,GC=F
2026-09-14T19:31:00Z,4336.7998046875,4338.0,4336.60009765625,4337.39990234375,103.0,yahoo,GC=F
2026-09-14T19:32:00Z,4337.2998046875,4337.39990234375,4336.2001953125,4336.2998046875,58.0,yahoo,GC=F
2026-09-14T19:33:00Z,4336.39990234375,4336.60009765625,4335.2998046875,4335.5,140.0,yahoo,GC=F
2026-09-14T19:34:00Z,4335.5,4335.7001953125,4333.39990234375,4333.7998046875,184.0,yahoo,GC=F
2026-09-14T19:35:00Z,4333.89990234375,4334.5,4332.7001953125,4334.0,180.0,yahoo,GC=F
2026-09-14T19:36:00Z,4334.10009765625,4335.7001953125,4333.89990234375,4334.5,104.0,yahoo,GC=F
2026-09-14T19:37:00Z,4334.39990234375,4334.89990234375,4333.7998046875,4334.10009765625,84.0,yahoo,GC=F
2026-09-14T19:38:00Z,4334.2998046875,4335.10009765625,4333.60009765625,4333.7998046875,79.0,yahoo,GC=F
2026-09-14T19:39:00Z,4333.60009765625,4333.60009765625,4332.60009765625,4332.7001953125,61.0,yahoo,GC=F
2026-09-14T19:40:00Z,4332.7001953125,4333.0,4331.7001953125,4332.0,74.0,yahoo,GC=F
2026-09-14T19:41:00Z,4332.0,4332.2001953125,4331.2001953125,4331.7998046875,64.0,yahoo,GC=F
2026-09-14T19:42:00Z,4331.7998046875,4332.89990234375,4331.7001953125,4332.10009765625,97.0,yahoo,GC=F
2026-09-14T19:43:00Z,4332.2998046875,4332.5,4331.60009765625,4331.7998046875,51.0,yahoo,GC=F
2026-09-14T19:44:00Z,4332.0,4332.89990234375,4331.5,4332.39990234375,85.0,yahoo,GC=F
2026-09-14T19:45:00Z,4332.39990234375,4332.39990234375,4331.39990234375,4332.10009765625,44.0,yahoo,GC=F
2026-09-14T19:46:00Z,4332.0,4332.2001953125,4330.60009765625,4331.2001953125,118.0,yahoo,GC=F
2026-09-14T19:47:00Z,4331.0,4331.2998046875,4330.2998046875,4330.2998046875,55.0,yahoo,GC=F
2026-09-14T19:48:00Z,4330.2001953125,4330.2001953125,4328.5,4329.5,187.0,yahoo,GC=F
2026-09-14T19:49:00Z,4329.5,4329.60009765625,4328.5,4328.5,43.0,yahoo,GC=F
2026-09-14T19:50:00Z,4328.2998046875,4328.7998046875,4326.0,4327.5,321.0,yahoo,GC=F
2026-09-14T19:51:00Z,4327.2001953125,4327.7998046875,4326.2998046875,4327.7998046875,54.0,yahoo,GC=F
2026-09-14T19:52:00Z,4327.7001953125,4328.2001953125,4326.60009765625,4326.89990234375,114.0,yahoo,GC=F
2026-09-14T19:53:00Z,4326.89990234375,4327.10009765625,4325.7998046875,4327.0,72.0,yahoo,GC=F
2026-09-14T19:54:00Z,4327.2001953125,4327.7001953125,4324.89990234375,4327.0,193.0,yahoo,GC=F
2026-09-14T19:55:00Z,4326.7001953125,4326.89990234375,4324.89990234375,4325.7998046875,205.0,yahoo,GC=F
2026-09-14T19:56:00Z,4325.7001953125,4325.89990234375,4323.2001953125,4323.5,319.0,yahoo,GC=F
2026-09-14T19:57:00Z,4323.89990234375,4325.60009765625,4323.60009765625,4325.60009765625,90.0,yahoo,GC=F
2026-09-14T19:58:00Z,4325.2998046875,4325.89990234375,4324.0,4324.2001953125,142.0,yahoo,GC=F
2026-09-14T19:59:00Z,4324.2998046875,4325.0,4323.2998046875,4324.10009765625,214.0,yahoo,GC=F
2026-09-14T20:00:00Z,4324.10009765625,4325.39990234375,4323.60009765625,4324.2998046875,227.0,yahoo,GC=F
2026-09-14T20:01:00Z,4323.89990234375,4324.7998046875,4322.7998046875,4323.0,77.0,yahoo,GC=F
2026-09-14T20:02:00Z,4323.10009765625,4323.60009765625,4323.10009765625,4323.60009765625,22.0,yahoo,GC=F
2026-09-14T20:03:00Z,4323.60009765625,4324.39990234375,4323.10009765625,4324.2998046875,38.0,yahoo,GC=F
2026-09-14T20:04:00Z,4324.2998046875,4325.2998046875,4324.2998046875,4325.2998046875,52.0,yahoo,GC=F
2026-09-14T20:05:00Z,4325.2998046875,4326.89990234375,4325.2998046875,4326.7001953125,131.0,yahoo,GC=F
2026-09-14T20:06:00Z,4326.5,4326.7001953125,4325.7001953125,4326.10009765625,107.0,yahoo,GC=F
2026-09-14T20:07:00Z,4326.10009765625,4327.39990234375,4326.0,4326.2998046875,124.0,yahoo,GC=F
2026-09-14T20:08:00Z,4326.2001953125,4326.60009765625,4325.5,4326.60009765625,27.0,yahoo,GC=F
2026-09-14T20:09:00Z,4326.5,4326.5,4326.0,4326.5,25.0,yahoo,GC=F
2026-09-14T20:10:00Z,4326.2998046875,4327.39990234375,4326.2998046875,4327.39990234375,41.0,yahoo,GC=F
2026-09-14T20:11:00Z,4327.2001953125,4328.89990234375,4327.10009765625,4328.60009765625,171.0,yahoo,GC=F
2026-09-14T20:12:00Z,4328.5,4329.2001953125,4328.2001953125,4329.2001953125,24.0,yahoo,GC=F
2026-09-14T20:13:00Z,4329.10009765625,4329.10009765625,4328.2998046875,4328.5,35.0,yahoo,GC=F
2026-09-14T20:14:00Z,4328.7001953125,4329.10009765625,4328.0,4328.39990234375,30.0,yahoo,GC=F
2026-09-14T20:15:00Z,4328.5,4330.7998046875,4328.39990234375,4330.39990234375,172.0,yahoo,GC=F
2026-09-14T20:16:00Z,4330.7001953125,4331.0,4330.10009765625,4330.5,58.0,yahoo,GC=F
2026-09-14T20:17:00Z,4330.60009765625,4331.2998046875,4330.5,4331.2998046875,46.0,yahoo,GC=F
2026-09-14T20:18:00Z,4331.0,4331.7998046875,4330.89990234375,4331.7998046875,82.0,yahoo,GC=F
2026-09-14T20:19:00Z,4331.7001953125,4334.2998046875,4331.5,4334.0,64.0,yahoo,GC=F
2026-09-14T20:20:00Z,4334.10009765625,4336.2998046875,4334.10009765625,4335.2998046875,168.0,yahoo,GC=F
2026-09-14T20:21:00Z,4335.2001953125,4336.89990234375,4334.7001953125,4334.89990234375,115.0,yahoo,GC=F
2026-09-14T20:22:00Z,4335.2001953125,4336.5,4335.2001953125,4335.7001953125,53.0,yahoo,GC=F
2026-09-14T20:23:00Z,4335.7001953125,4336.0,4335.0,4335.89990234375,30.0,yahoo,GC=F
2026-09-14T20:24:00Z,4336.39990234375,4336.60009765625,4335.89990234375,4336.5,32.0,yahoo,GC=F
2026-09-14T20:25:00Z,4336.7001953125,4338.2001953125,4336.7001953125,4337.7998046875,46.0,yahoo,GC=F
2026-09-14T20:26:00Z,4337.7001953125,4338.2001953125,4337.0,4338.10009765625,57.0,yahoo,GC=F
2026-09-14T20:27:00Z,4338.10009765625,4338.39990234375,4337.60009765625,4338.10009765625,42.0,yahoo,GC=F
2026-09-14T20:28:00Z,4338.39990234375,4339.2001953125,4338.2001953125,4338.60009765625,117.0,yahoo,GC=F
2026-09-14T20:29:00Z,4338.7001953125,4338.7001953125,4337.5,4337.5,75.0,yahoo,GC=F
2026-09-14T20:30:00Z,4337.60009765625,4338.89990234375,4337.60009765625,4338.7998046875,51.0,yahoo,GC=F
2026-09-14T20:31:00Z,4339.0,4339.39990234375,4338.5,4338.7001953125,29.0,yahoo,GC=F
2026-09-14T20:32:00Z,4338.7998046875,4340.39990234375,4338.7998046875,4340.10009765625,64.0,yahoo,GC=F
2026-09-14T20:33:00Z,4340.10009765625,4340.39990234375,4340.10009765625,4340.2001953125,29.0,yahoo,GC=F
2026-09-14T20:34:00Z,4340.10009765625,4340.2998046875,4340.0,4340.0,5.0,yahoo,GC=F
2026-09-14T20:35:00Z,4339.89990234375,4339.89990234375,4337.89990234375,4337.89990234375,26.0,yahoo,GC=F
2026-09-14T20:36:00Z,4337.7998046875,4338.2001953125,4336.7001953125,4336.89990234375,46.0,yahoo,GC=F
2026-09-14T20:37:00Z,4337.2001953125,4337.2998046875,4336.2001953125,4336.60009765625,52.0,yahoo,GC=F
2026-09-14T20:38:00Z,4336.60009765625,4336.7001953125,4335.5,4336.0,34.0,yahoo,GC=F
2026-09-14T20:39:00Z,4336.39990234375,4337.0,4336.2998046875,4336.89990234375,18.0,yahoo,GC=F
2026-09-14T20:40:00Z,4336.89990234375,4337.5,4336.39990234375,4336.89990234375,21.0,yahoo,GC=F
2026-09-14T20:41:00Z,4336.7998046875,4336.7998046875,4335.60009765625,4336.0,15.0,yahoo,GC=F
2026-09-14T20:42:00Z,4336.7001953125,4336.7001953125,4336.5,4336.5,4.0,yahoo,GC=F
2026-09-14T20:43:00Z,4336.0,4336.2001953125,4336.0,4336.10009765625,6.0,yahoo,GC=F
2026-09-14T20:44:00Z,4336.10009765625,4336.10009765625,4335.2998046875,4335.7001953125,10.0,yahoo,GC=F
2026-09-14T20:45:00Z,4335.60009765625,4336.7001953125,4335.60009765625,4336.7001953125,55.0,yahoo,GC=F
2026-09-14T20:46:00Z,4336.2998046875,4336.39990234375,4336.0,4336.0,12.0,yahoo,GC=F
2026-09-14T20:47:00Z,4335.89990234375,4336.5,4335.89990234375,4336.5,7.0,yahoo,GC=F
2026-09-14T20:48:00Z,4336.7001953125,4338.0,4336.60009765625,4337.60009765625,45.0,yahoo,GC=F
2026-09-14T20:49:00Z,4337.2998046875,4337.60009765625,4337.0,4337.60009765625,13.0,yahoo,GC=F
2026-09-14T20:50:00Z,4337.39990234375,4338.10009765625,4337.39990234375,4338.10009765625,14.0,yahoo,GC=F
2026-09-14T20:51:00Z,4337.89990234375,4338.0,4337.2998046875,4337.2998046875,12.0,yahoo,GC=F
2026-09-14T20:52:00Z,4337.60009765625,4338.0,4337.60009765625,4338.0,14.0,yahoo,GC=F
2026-09-14T20:53:00Z,4338.2998046875,4338.5,4338.10009765625,4338.39990234375,13.0,yahoo,GC=F
2026-09-14T20:54:00Z,4338.2001953125,4338.5,4338.0,4338.5,24.0,yahoo,GC=F
2026-09-14T20:55:00Z,4338.2998046875,4340.2998046875,4338.2998046875,4339.60009765625,45.0,yahoo,GC=F
2026-09-14T20:56:00Z,4339.60009765625,4339.60009765625,4338.5,4338.5,19.0,yahoo,GC=F
2026-09-14T20:57:00Z,4338.89990234375,4339.5,4338.89990234375,4339.5,19.0,yahoo,GC=F
2026-09-14T20:58:00Z,4339.2998046875,4339.39990234375,4338.7001953125,4339.39990234375,27.0,yahoo,GC=F
2026-09-14T20:59:00Z,4339.60009765625,4340.39990234375,4339.60009765625,4340.0,67.0,yahoo,GC=F
2026-09-14T22:00:00Z,4340.2998046875,4343.60009765625,4339.39990234375,4340.60009765625,0.0,yahoo,GC=F
2026-09-14T22:01:00Z,4340.0,4340.60009765625,4340.0,4340.5,4.0,yahoo,GC=F
2026-09-14T22:02:00Z,4340.2001953125,4340.5,4339.89990234375,4339.89990234375,35.0,yahoo,GC=F
2026-09-14T22:03:00Z,4339.89990234375,4339.89990234375,4339.0,4339.7998046875,52.0,yahoo,GC=F
2026-09-14T22:04:00Z,4339.7001953125,4340.10009765625,4339.60009765625,4340.0,13.0,yahoo,GC=F
2026-09-14T22:05:00Z,4340.2001953125,4340.2001953125,4339.2001953125,4339.5,25.0,yahoo,GC=F
2026-09-14T22:06:00Z,4339.2001953125,4339.39990234375,4338.2001953125,4338.5,47.0,yahoo,GC=F
2026-09-14T22:07:00Z,4338.2001953125,4338.7001953125,4337.39990234375,4338.2001953125,39.0,yahoo,GC=F
2026-09-14T22:08:00Z,4338.0,4338.2998046875,4337.39990234375,4337.39990234375,28.0,yahoo,GC=F
2026-09-14T22:09:00Z,4337.2998046875,4338.10009765625,4337.2001953125,4337.7998046875,20.0,yahoo,GC=F
2026-09-14T22:10:00Z,4337.39990234375,4337.7998046875,4336.89990234375,4337.5,55.0,yahoo,GC=F
2026-09-14T22:11:00Z,4337.5,4337.7001953125,4337.2001953125,4337.60009765625,26.0,yahoo,GC=F
2026-09-14T22:12:00Z,4337.7001953125,4337.89990234375,4337.39990234375,4337.89990234375,7.0,yahoo,GC=F
2026-09-14T22:13:00Z,4338.0,4338.2001953125,4337.39990234375,4337.60009765625,8.0,yahoo,GC=F
2026-09-14T22:14:00Z,4337.2001953125,4337.2001953125,4337.2001953125,4337.2001953125,1.0,yahoo,GC=F
2026-09-14T22:15:00Z,4337.60009765625,4338.0,4336.89990234375,4336.89990234375,28.0,yahoo,GC=F
2026-09-14T22:16:00Z,4337.10009765625,4337.60009765625,4336.7001953125,4337.60009765625,19.0,yahoo,GC=F
2026-09-14T22:17:00Z,4337.2998046875,4338.0,4337.10009765625,4337.60009765625,38.0,yahoo,GC=F
2026-09-14T22:18:00Z,4337.7998046875,4337.7998046875,4337.2001953125,4337.39990234375,26.0,yahoo,GC=F
2026-09-14T22:19:00Z,4337.7001953125,4337.7998046875,4336.39990234375,4336.60009765625,79.0,yahoo,GC=F
2026-09-14T22:20:00Z,4336.89990234375,4337.10009765625,4336.0,4336.2001953125,21.0,yahoo,GC=F
2026-09-14T22:21:00Z,4336.5,4337.2998046875,4336.2998046875,4336.7998046875,102.0,yahoo,GC=F
2026-09-14T22:22:00Z,4336.7998046875,4338.39990234375,4336.7001953125,4337.7998046875,138.0,yahoo,GC=F
2026-09-14T22:23:00Z,4338.10009765625,4338.39990234375,4337.7001953125,4337.7001953125,100.0,yahoo,GC=F
2026-09-14T22:24:00Z,4337.5,4337.5,4336.39990234375,4336.5,79.0,yahoo,GC=F
2026-09-14T22:25:00Z,4336.7001953125,4336.7998046875,4332.60009765625,4334.7998046875,254.0,yahoo,GC=F
2026-09-14T22:26:00Z,4334.7001953125,4335.2001953125,4334.2998046875,4335.0,28.0,yahoo,GC=F
2026-09-14T22:27:00Z,4335.10009765625,4335.5,4334.89990234375,4335.5,9.0,yahoo,GC=F
2026-09-14T22:28:00Z,4335.5,4336.39990234375,4335.5,4336.39990234375,31.0,yahoo,GC=F
2026-09-14T22:29:00Z,4336.0,4336.2998046875,4335.7001953125,4336.2001953125,28.0,yahoo,GC=F
2026-09-14T22:30:00Z,4336.10009765625,4336.2001953125,4335.7998046875,4336.2001953125,12.0,yahoo,GC=F
2026-09-14T22:31:00Z,4336.10009765625,4336.60009765625,4336.0,4336.60009765625,33.0,yahoo,GC=F
2026-09-14T22:32:00Z,4337.0,4338.2998046875,4337.0,4338.10009765625,56.0,yahoo,GC=F
2026-09-14T22:33:00Z,4338.0,4338.2001953125,4337.5,4337.7001953125,11.0,yahoo,GC=F
2026-09-14T22:34:00Z,4337.39990234375,4337.7001953125,4337.39990234375,4337.39990234375,7.0,yahoo,GC=F
2026-09-14T22:35:00Z,4337.5,4337.60009765625,4337.2001953125,4337.39990234375,34.0,yahoo,GC=F
2026-09-14T22:36:00Z,4337.60009765625,4338.7998046875,4337.60009765625,4338.60009765625,38.0,yahoo,GC=F
2026-09-14T22:37:00Z,4338.7001953125,4339.2001953125,4336.39990234375,4336.60009765625,126.0,yahoo,GC=F
2026-09-14T22:38:00Z,4336.5,4336.7001953125,4334.10009765625,4336.39990234375,209.0,yahoo,GC=F
2026-09-14T22:39:00Z,4336.7001953125,4337.0,4336.39990234375,4336.39990234375,32.0,yahoo,GC=F
2026-09-14T22:40:00Z,4336.39990234375,4337.60009765625,4335.2001953125,4336.2998046875,162.0,yahoo,GC=F
2026-09-14T22:41:00Z,4336.2998046875,4337.39990234375,4336.2998046875,4336.7001953125,65.0,yahoo,GC=F
2026-09-14T22:42:00Z,4337.10009765625,4338.7001953125,4336.39990234375,4336.60009765625,204.0,yahoo,GC=F
2026-09-14T22:43:00Z,4336.7998046875,4337.60009765625,4335.60009765625,4335.89990234375,181.0,yahoo,GC=F
2026-09-14T22:44:00Z,4335.89990234375,4336.60009765625,4334.0,4336.2001953125,292.0,yahoo,GC=F
2026-09-14T22:45:00Z,4336.2998046875,4336.7998046875,4335.7998046875,4336.39990234375,32.0,yahoo,GC=F
2026-09-14T22:46:00Z,4336.39990234375,4336.39990234375,4335.7001953125,4336.2998046875,29.0,yahoo,GC=F
2026-09-14T22:47:00Z,4336.60009765625,4336.60009765625,4335.60009765625,4335.60009765625,19.0,yahoo,GC=F
2026-09-14T22:48:00Z,4335.7998046875,4335.7998046875,4335.10009765625,4335.39990234375,12.0,yahoo,GC=F
2026-09-14T22:49:00Z,4335.10009765625,4335.7998046875,4335.10009765625,4335.7998046875,6.0,yahoo,GC=F
2026-09-14T22:50:00Z,4335.89990234375,4336.7998046875,4335.89990234375,4336.7998046875,46.0,yahoo,GC=F
2026-09-14T22:51:00Z,4336.89990234375,4338.89990234375,4336.60009765625,4336.7001953125,199.0,yahoo,GC=F
2026-09-14T22:52:00Z,4337.0,4337.2998046875,4336.2998046875,4336.39990234375,31.0,yahoo,GC=F
2026-09-14T22:53:00Z,4336.2998046875,4336.39990234375,4334.5,4336.39990234375,157.0,yahoo,GC=F
2026-09-14T22:54:00Z,4336.2001953125,4336.89990234375,4335.7998046875,4336.7998046875,47.0,yahoo,GC=F
2026-09-14T22:55:00Z,4336.7998046875,4337.7001953125,4336.7001953125,4337.2998046875,37.0,yahoo,GC=F
2026-09-14T22:56:00Z,4337.5,4337.89990234375,4336.2001953125,4336.7998046875,265.0,yahoo,GC=F
2026-09-14T22:57:00Z,4336.7998046875,4337.10009765625,4335.89990234375,4336.5,65.0,yahoo,GC=F
2026-09-14T22:58:00Z,4336.5,4336.7001953125,4333.7998046875,4335.89990234375,321.0,yahoo,GC=F
2026-09-14T22:59:00Z,4336.0,4337.0,4335.89990234375,4335.89990234375,51.0,yahoo,GC=F
2026-09-14T23:00:00Z,4335.7998046875,4337.0,4335.7001953125,4337.0,59.0,yahoo,GC=F
2026-09-14T23:01:00Z,4336.89990234375,4338.10009765625,4335.7001953125,4335.7001953125,157.0,yahoo,GC=F
2026-09-14T23:02:00Z,4336.0,4336.7001953125,4335.10009765625,4335.7001953125,90.0,yahoo,GC=F
2026-09-14T23:03:00Z,4335.60009765625,4335.7998046875,4335.39990234375,4335.39990234375,5.0,yahoo,GC=F
2026-09-14T23:04:00Z,4335.2998046875,4335.5,4333.60009765625,4334.7998046875,135.0,yahoo,GC=F
2026-09-14T23:05:00Z,4334.2001953125,4335.5,4334.2001953125,4335.5,13.0,yahoo,GC=F
2026-09-14T23:06:00Z,4335.2001953125,4335.2001953125,4333.10009765625,4333.7001953125,83.0,yahoo,GC=F
2026-09-14T23:07:00Z,4333.5,4334.5,4332.7998046875,4334.0,72.0,yahoo,GC=F
2026-09-14T23:08:00Z,4334.2998046875,4335.7001953125,4333.5,4333.7998046875,219.0,yahoo,GC=F
2026-09-14T23:09:00Z,4333.7998046875,4334.2998046875,4333.5,4333.7998046875,40.0,yahoo,GC=F
2026-09-14T23:10:00Z,4333.89990234375,4333.89990234375,4330.7998046875,4332.7998046875,358.0,yahoo,GC=F
2026-09-14T23:11:00Z,4333.0,4333.2001953125,4332.39990234375,4332.39990234375,27.0,yahoo,GC=F
2026-09-14T23:12:00Z,4332.2001953125,4334.0,4332.2001953125,4333.39990234375,72.0,yahoo,GC=F
2026-09-14T23:13:00Z,4333.5,4334.7998046875,4332.39990234375,4332.89990234375,166.0,yahoo,GC=F
2026-09-14T23:14:00Z,4332.7998046875,4333.0,4332.5,4332.5,15.0,yahoo,GC=F
2026-09-14T23:15:00Z,4332.89990234375,4332.89990234375,4331.7998046875,4331.89990234375,39.0,yahoo,GC=F
2026-09-14T23:16:00Z,4331.89990234375,4332.2001953125,4330.7998046875,4330.7998046875,132.0,yahoo,GC=F
2026-09-14T23:17:00Z,4331.2001953125,4332.0,4330.89990234375,4331.2001953125,46.0,yahoo,GC=F
2026-09-14T23:18:00Z,4331.10009765625,4331.7001953125,4330.89990234375,4331.0,85.0,yahoo,GC=F
2026-09-14T23:19:00Z,4330.89990234375,4330.89990234375,4329.2998046875,4330.0,51.0,yahoo,GC=F
2026-09-14T23:20:00Z,4330.10009765625,4330.10009765625,4328.2001953125,4328.5,62.0,yahoo,GC=F
2026-09-14T23:21:00Z,4328.7998046875,4328.89990234375,4327.5,4327.5,24.0,yahoo,GC=F
2026-09-14T23:22:00Z,4327.89990234375,4330.2998046875,4327.7998046875,4329.7998046875,140.0,yahoo,GC=F
2026-09-14T23:23:00Z,4330.0,4331.0,4329.39990234375,4330.7001953125,58.0,yahoo,GC=F
2026-09-14T23:24:00Z,4330.5,4331.2001953125,4329.2001953125,4330.7001953125,88.0,yahoo,GC=F
2026-09-14T23:25:00Z,4330.89990234375,4331.2001953125,4330.2001953125,4330.7001953125,33.0,yahoo,GC=F
2026-09-14T23:26:00Z,4330.89990234375,4331.2001953125,4329.2998046875,4330.5,113.0,yahoo,GC=F
2026-09-14T23:27:00Z,4330.10009765625,4330.10009765625,4327.5,4328.7998046875,187.0,yahoo,GC=F
2026-09-14T23:28:00Z,4329.10009765625,4330.39990234375,4329.10009765625,4330.2998046875,139.0,yahoo,GC=F
2026-09-14T23:29:00Z,4330.39990234375,4330.60009765625,4329.7001953125,4330.5,45.0,yahoo,GC=F
2026-09-14T23:30:00Z,4330.2998046875,4331.39990234375,4329.60009765625,4331.2998046875,97.0,yahoo,GC=F
2026-09-14T23:31:00Z,4331.0,4332.2998046875,4331.0,4332.2998046875,62.0,yahoo,GC=F
2026-09-14T23:32:00Z,4331.89990234375,4331.89990234375,4329.10009765625,4329.10009765625,48.0,yahoo,GC=F
2026-09-14T23:33:00Z,4329.10009765625,4329.89990234375,4328.2001953125,4329.89990234375,92.0,yahoo,GC=F
2026-09-14T23:34:00Z,4329.89990234375,4331.39990234375,4329.5,4331.2998046875,41.0,yahoo,GC=F
2026-09-14T23:35:00Z,4331.10009765625,4331.7998046875,4330.7998046875,4331.10009765625,41.0,yahoo,GC=F
2026-09-14T23:36:00Z,4330.89990234375,4331.39990234375,4330.60009765625,4330.60009765625,11.0,yahoo,GC=F
2026-09-14T23:37:00Z,4330.39990234375,4330.39990234375,4328.60009765625,4329.60009765625,127.0,yahoo,GC=F
2026-09-14T23:38:00Z,4329.7998046875,4330.39990234375,4329.2998046875,4330.39990234375,45.0,yahoo,GC=F
2026-09-14T23:39:00Z,4330.39990234375,4330.39990234375,4330.0,4330.0,11.0,yahoo,GC=F
2026-09-14T23:40:00Z,4329.7998046875,4332.39990234375,4329.7998046875,4331.0,140.0,yahoo,GC=F
2026-09-14T23:41:00Z,4330.89990234375,4331.0,4329.0,4329.5,149.0,yahoo,GC=F
2026-09-14T23:42:00Z,4329.60009765625,4329.89990234375,4329.60009765625,4329.7998046875,9.0,yahoo,GC=F
2026-09-14T23:43:00Z,4329.39990234375,4330.10009765625,4329.2998046875,4330.10009765625,11.0,yahoo,GC=F
2026-09-14T23:44:00Z,4330.10009765625,4330.39990234375,4329.89990234375,4329.89990234375,11.0,yahoo,GC=F
2026-09-14T23:45:00Z,4330.0,4330.0,4328.2998046875,4328.89990234375,54.0,yahoo,GC=F
2026-09-14T23:46:00Z,4329.0,4329.0,4328.5,4328.7998046875,33.0,yahoo,GC=F
2026-09-14T23:47:00Z,4328.39990234375,4328.89990234375,4327.7998046875,4328.89990234375,58.0,yahoo,GC=F
2026-09-14T23:48:00Z,4328.7001953125,4328.7998046875,4328.39990234375,4328.39990234375,19.0,yahoo,GC=F
2026-09-14T23:49:00Z,4328.7001953125,4328.7998046875,4328.7001953125,4328.7998046875,3.0,yahoo,GC=F
2026-09-14T23:50:00Z,4329.5,4329.7001953125,4329.10009765625,4329.2998046875,31.0,yahoo,GC=F
2026-09-14T23:51:00Z,4329.10009765625,4329.2998046875,4329.10009765625,4329.10009765625,3.0,yahoo,GC=F
2026-09-14T23:52:00Z,4329.2998046875,4329.2998046875,4328.5,4328.5,26.0,yahoo,GC=F
2026-09-14T23:53:00Z,4328.60009765625,4328.7001953125,4327.7998046875,4328.10009765625,31.0,yahoo,GC=F
2026-09-14T23:54:00Z,4328.2001953125,4328.7998046875,4327.7001953125,4328.39990234375,56.0,yahoo,GC=F
2026-09-14T23:55:00Z,4328.39990234375,4328.7998046875,4328.2001953125,4328.5,16.0,yahoo,GC=F
2026-09-14T23:56:00Z,4328.89990234375,4329.10009765625,4328.5,4328.5,12.0,yahoo,GC=F
2026-09-14T23:57:00Z,4328.39990234375,4329.60009765625,4328.10009765625,4329.60009765625,8.0,yahoo,GC=F
2026-09-14T23:58:00Z,4329.0,4329.2998046875,4328.7001953125,4328.89990234375,5.0,yahoo,GC=F
2026-09-14T23:59:00Z,4328.89990234375,4329.10009765625,4328.89990234375,4329.0,6.0,yahoo,GC=F
