timestamp_utc,open,high,low,close,volume,source,symbol
2026-09-08T04:00:00Z,4483.5,4487.2001953125,4483.39990234375,4486.39990234375,0.0,yahoo,GC=F
2026-09-08T04:01:00Z,4486.2998046875,4486.2998046875,4483.2998046875,4484.0,63.0,yahoo,GC=F
2026-09-08T04:02:00Z,4484.39990234375,4485.7998046875,4483.89990234375,4484.7001953125,37.0,yahoo,GC=F
2026-09-08T04:03:00Z,4484.89990234375,4487.60009765625,4484.89990234375,4487.10009765625,55.0,yahoo,GC=F
2026-09-08T04:04:00Z,4487.10009765625,4487.7998046875,4487.10009765625,4487.2001953125,240.0,yahoo,GC=F
2026-09-08T04:05:00Z,4487.10009765625,4488.7998046875,4487.10009765625,4488.2001953125,108.0,yahoo,GC=F
2026-09-08T04:06:00Z,4488.2001953125,4488.39990234375,4486.7998046875,4487.2998046875,63.0,yahoo,GC=F
2026-09-08T04:07:00Z,4487.2998046875,4487.7001953125,4486.5,4487.7001953125,56.0,yahoo,GC=F
2026-09-08T04:08:00Z,4487.10009765625,4487.10009765625,4485.39990234375,4485.5,30.0,yahoo,GC=F
2026-09-08T04:09:00Z,4485.7001953125,4486.39990234375,4484.60009765625,4486.10009765625,106.0,yahoo,GC=F
2026-09-08T04:10:00Z,4486.10009765625,4488.2998046875,4485.89990234375,4486.7998046875,92.0,yahoo,GC=F
2026-09-08T04:11:00Z,4486.7998046875,4486.7998046875,4486.0,4486.39990234375,8.0,yahoo,GC=F
2026-09-08T04:12:00Z,4486.7001953125,4487.60009765625,4486.10009765625,4486.5,31.0,yahoo,GC=F
2026-09-08T04:13:00Z,4486.10009765625,4486.39990234375,4484.7998046875,4484.89990234375,57.0,yahoo,GC=F
2026-09-08T04:14:00Z,4484.89990234375,4485.89990234375,4484.5,4484.7001953125,34.0,yahoo,GC=F
2026-09-08T04:15:00Z,4484.89990234375,4484.89990234375,4483.60009765625,4484.7998046875,30.0,yahoo,GC=F
2026-09-08T04:16:00Z,4484.7001953125,4486.39990234375,4484.7001953125,4485.39990234375,48.0,yahoo,GC=F
2026-09-08T04:17:00Z,4485.39990234375,4485.39990234375,4484.89990234375,4485.0,13.0,yahoo,GC=F
2026-09-08T04:18:00Z,4485.0,4485.10009765625,4484.60009765625,4484.60009765625,8.0,yahoo,GC=F
2026-09-08T04:19:00Z,4484.5,4484.60009765625,4483.60009765625,4484.2001953125,32.0,yahoo,GC=F
2026-09-08T04:20:00Z,4484.2001953125,4484.60009765625,4482.0,4482.7001953125,53.0,yahoo,GC=F
2026-09-08T04:21:00Z,4483.2001953125,4483.89990234375,4481.2998046875,4481.39990234375,70.0,yahoo,GC=F
2026-09-08T04:22:00Z,4481.60009765625,4481.7998046875,4479.7998046875,4479.7998046875,112.0,yahoo,GC=F
2026-09-08T04:23:00Z,4479.7998046875,4480.5,4479.0,4479.0,81.0,yahoo,GC=F
2026-09-08T04:24:00Z,4479.2001953125,4479.5,4478.39990234375,4479.0,41.0,yahoo,GC=F
2026-09-08T04:25:00Z,4478.89990234375,4479.60009765625,4478.5,4478.7998046875,19.0,yahoo,GC=F
2026-09-08T04:26:00Z,4478.60009765625,4479.39990234375,4478.39990234375,4478.89990234375,21.0,yahoo,GC=F
2026-09-08T04:27:00Z,4478.5,4478.7001953125,4477.0,4478.2998046875,68.0,yahoo,GC=F
2026-09-08T04:28:00Z,4477.7998046875,4478.2001953125,4477.7998046875,4477.7998046875,12.0,yahoo,GC=F
2026-09-08T04:29:00Z,4477.5,4478.60009765625,4477.39990234375,4477.89990234375,31.0,yahoo,GC=F
2026-09-08T04:30:00Z,4478.2998046875,4478.60009765625,4478.0,4478.60009765625,14.0,yahoo,GC=F
2026-09-08T04:31:00Z,4478.7001953125,4478.7998046875,4478.10009765625,4478.39990234375,31.0,yahoo,GC=F
2026-09-08T04:32:00Z,4478.7998046875,4479.0,4477.89990234375,4479.0,20.0,yahoo,GC=F
2026-09-08T04:33:00Z,4479.10009765625,4479.2998046875,4478.60009765625,4478.7998046875,32.0,yahoo,GC=F
2026-09-08T04:34:00Z,4479.10009765625,4480.10009765625,4479.10009765625,4479.39990234375,19.0,yahoo,GC=F
2026-09-08T04:35:00Z,4479.2998046875,4479.89990234375,4479.2001953125,4479.2001953125,19.0,yahoo,GC=F
2026-09-08T04:36:00Z,4479.5,4480.39990234375,4479.39990234375,4480.2998046875,21.0,yahoo,GC=F
2026-09-08T04:37:00Z,4480.2998046875,4480.2998046875,4478.7001953125,4479.2998046875,42.0,yahoo,GC=F
2026-09-08T04:38:00Z,4479.5,4479.5,4478.60009765625,4478.60009765625,63.0,yahoo,GC=F
2026-09-08T04:39:00Z,4478.7998046875,4480.2001953125,4478.7998046875,4479.89990234375,33.0,yahoo,GC=F
2026-09-08T04:40:00Z,4480.0,4480.89990234375,4479.7998046875,4480.89990234375,50.0,yahoo,GC=F
2026-09-08T04:41:00Z,4480.5,4481.39990234375,4480.2998046875,4480.60009765625,55.0,yahoo,GC=F
2026-09-08T04:42:00Z,4480.2998046875,4480.7998046875,4479.89990234375,4480.2998046875,16.0,yahoo,GC=F
2026-09-08T04:43:00Z,4480.2998046875,4482.10009765625,4480.2998046875,4481.2998046875,34.0,yahoo,GC=F
2026-09-08T04:44:00Z,4481.2001953125,4481.89990234375,4480.89990234375,4481.89990234375,19.0,yahoo,GC=F
2026-09-08T04:45:00Z,4481.7001953125,4481.7001953125,4480.7998046875,4480.89990234375,11.0,yahoo,GC=F
2026-09-08T04:46:00Z,4481.0,4481.2998046875,4480.7001953125,4480.7001953125,14.0,yahoo,GC=F
2026-09-08T04:47:00Z,4481.0,4481.2001953125,4480.39990234375,4480.7998046875,22.0,yahoo,GC=F
2026-09-08T04:48:00Z,4480.60009765625,4480.89990234375,4480.2998046875,4480.60009765625,20.0,yahoo,GC=F
2026-09-08T04:49:00Z,4480.7001953125,4480.7001953125,4480.0,4480.2001953125,18.0,yahoo,GC=F
2026-09-08T04:50:00Z,4480.2998046875,4481.39990234375,4480.10009765625,4480.5,23.0,yahoo,GC=F
2026-09-08T04:51:00Z,4480.39990234375,4480.89990234375,4480.2001953125,4480.89990234375,8.0,yahoo,GC=F
2026-09-08T04:52:00Z,4480.7998046875,4480.7998046875,4480.10009765625,4480.10009765625,17.0,yahoo,GC=F
2026-09-08T04:53:00Z,4479.89990234375,4480.0,4479.7001953125,4479.89990234375,9.0,yahoo,GC=F
2026-09-08T04:54:00Z,4480.2001953125,4480.39990234375,4480.2001953125,4480.39990234375,2.0,yahoo,GC=F
2026-09-08T04:55:00Z,4480.7001953125,4480.7001953125,4479.60009765625,4480.0,11.0,yahoo,GC=F
2026-09-08T04:56:00Z,4480.10009765625,4480.60009765625,4480.10009765625,4480.60009765625,2.0,yahoo,GC=F
2026-09-08T04:57:00Z,4480.5,4482.7998046875,4480.39990234375,4482.7001953125,32.0,yahoo,GC=F
2026-09-08T04:58:00Z,4482.89990234375,4485.5,4482.89990234375,4485.0,60.0,yahoo,GC=F
2026-09-08T04:59:00Z,4484.7998046875,4485.10009765625,4480.2001953125,4481.60009765625,167.0,yahoo,GC=F
2026-09-08T05:00:00Z,4481.7001953125,4482.5,4481.39990234375,4482.5,28.0,yahoo,GC=F
2026-09-08T05:01:00Z,4482.5,4482.7998046875,4482.10009765625,4482.7998046875,20.0,yahoo,GC=F
2026-09-08T05:02:00Z,4482.7001953125,4483.39990234375,4482.7001953125,4483.10009765625,23.0,yahoo,GC=F
2026-09-08T05:03:00Z,4483.0,4483.0,4481.5,4481.5,18.0,yahoo,GC=F
2026-09-08T05:04:00Z,4480.7001953125,4480.7998046875,4479.7998046875,4480.0,24.0,yahoo,GC=F
2026-09-08T05:05:00Z,4479.7998046875,4479.7998046875,4478.60009765625,4479.5,68.0,yahoo,GC=F
2026-09-08T05:06:00Z,4479.39990234375,4480.0,4478.39990234375,4479.10009765625,36.0,yahoo,GC=F
2026-09-08T05:07:00Z,4479.0,4479.0,4477.7998046875,4477.7998046875,68.0,yahoo,GC=F
2026-09-08T05:08:00Z,4478.10009765625,4478.39990234375,4476.7001953125,4477.2998046875,78.0,yahoo,GC=F
2026-09-08T05:09:00Z,4477.2998046875,4477.2998046875,4475.60009765625,4476.39990234375,103.0,yahoo,GC=F
2026-09-08T05:10:00Z,4476.7001953125,4476.89990234375,4476.0,4476.0,22.0,yahoo,GC=F
2026-09-08T05:11:00Z,4476.0,4476.10009765625,4474.10009765625,4474.7998046875,59.0,yahoo,GC=F
2026-09-08T05:12:00Z,4474.60009765625,4474.7998046875,4472.89990234375,4474.2998046875,134.0,yahoo,GC=F
2026-09-08T05:13:00Z,4474.0,4474.5,4473.2998046875,4473.5,37.0,yahoo,GC=F
2026-09-08T05:14:00Z,4474.0,4474.7001953125,4472.39990234375,4472.89990234375,52.0,yahoo,GC=F
2026-09-08T05:15:00Z,4472.60009765625,4473.2998046875,4471.60009765625,4473.10009765625,118.0,yahoo,GC=F
2026-09-08T05:16:00Z,4473.0,4474.10009765625,4472.5,4474.10009765625,52.0,yahoo,GC=F
2026-09-08T05:17:00Z,4473.5,4474.89990234375,4473.39990234375,4473.89990234375,74.0,yahoo,GC=F
2026-09-08T05:18:00Z,4474.2001953125,4474.39990234375,4473.39990234375,4474.0,29.0,yahoo,GC=F
2026-09-08T05:19:00Z,4474.2001953125,4474.7001953125,4474.10009765625,4474.5,11.0,yahoo,GC=F
2026-09-08T05:20:00Z,4474.7001953125,4476.0,4474.2998046875,4476.0,44.0,yahoo,GC=F
2026-09-08T05:21:00Z,4475.7998046875,4476.2001953125,4475.10009765625,4476.2001953125,49.0,yahoo,GC=F
2026-09-08T05:22:00Z,4476.39990234375,4477.2001953125,4474.2998046875,4474.39990234375,72.0,yahoo,GC=F
2026-09-08T05:23:00Z,4474.2998046875,4475.10009765625,4471.89990234375,4471.89990234375,77.0,yahoo,GC=F
2026-09-08T05:24:00Z,4471.39990234375,4472.2001953125,4470.2001953125,4470.2001953125,150.0,yahoo,GC=F
2026-09-08T05:25:00Z,4470.2998046875,4470.7998046875,4469.39990234375,4469.7001953125,91.0,yahoo,GC=F
2026-09-08T05:26:00Z,4469.2998046875,4469.89990234375,4468.10009765625,4468.39990234375,84.0,yahoo,GC=F
2026-09-08T05:27:00Z,4468.7001953125,4469.2001953125,4467.7001953125,4467.89990234375,113.0,yahoo,GC=F
2026-09-08T05:28:00Z,4467.7998046875,4468.10009765625,4466.5,4466.7001953125,66.0,yahoo,GC=F
2026-09-08T05:29:00Z,4466.7998046875,4467.60009765625,4465.2998046875,4465.5,71.0,yahoo,GC=F
2026-09-08T05:30:00Z,4465.60009765625,4470.7998046875,4462.89990234375,4469.5,494.0,yahoo,GC=F
2026-09-08T05:31:00Z,4469.39990234375,4469.39990234375,4466.2998046875,4466.60009765625,97.0,yahoo,GC=F
2026-09-08T05:32:00Z,4466.10009765625,4466.7001953125,4464.89990234375,4466.0,39.0,yahoo,GC=F
2026-09-08T05:33:00Z,4466.10009765625,4466.2998046875,4464.60009765625,4465.7001953125,44.0,yahoo,GC=F
2026-09-08T05:34:00Z,4465.60009765625,4468.5,4465.10009765625,4467.7001953125,96.0,yahoo,GC=F
2026-09-08T05:35:00Z,4467.7001953125,4468.7001953125,4466.60009765625,4467.7998046875,55.0,yahoo,GC=F
2026-09-08T05:36:00Z,4467.60009765625,4468.2001953125,4466.7998046875,4467.7998046875,52.0,yahoo,GC=F
2026-09-08T05:37:00Z,4468.0,4469.2001953125,4467.7998046875,4468.10009765625,77.0,yahoo,GC=F
2026-09-08T05:38:00Z,4468.10009765625,4470.39990234375,4467.7001953125,4470.39990234375,40.0,yahoo,GC=F
2026-09-08T05:39:00Z,4470.60009765625,4472.10009765625,4470.10009765625,4472.10009765625,108.0,yahoo,GC=F
2026-09-08T05:40:00Z,4472.0,4472.10009765625,4470.60009765625,4471.2998046875,31.0,yahoo,GC=F
2026-09-08T05:41:00Z,4471.10009765625,4471.7998046875,4470.7001953125,4471.2998046875,23.0,yahoo,GC=F
2026-09-08T05:42:00Z,4471.2998046875,4472.10009765625,4470.7998046875,4471.60009765625,38.0,yahoo,GC=F
2026-09-08T05:43:00Z,4471.39990234375,4471.39990234375,4470.39990234375,4470.7001953125,15.0,yahoo,GC=F
2026-09-08T05:44:00Z,4470.2998046875,4471.0,4470.0,4471.0,13.0,yahoo,GC=F
2026-09-08T05:45:00Z,4470.7001953125,4473.2998046875,4470.5,4473.0,38.0,yahoo,GC=F
2026-09-08T05:46:00Z,4473.60009765625,4473.89990234375,4470.5,4470.7998046875,85.0,yahoo,GC=F
2026-09-08T05:47:00Z,4470.7998046875,4471.39990234375,4469.60009765625,4469.89990234375,63.0,yahoo,GC=F
2026-09-08T05:48:00Z,4469.60009765625,4471.5,4468.2001953125,4468.2001953125,91.0,yahoo,GC=F
2026-09-08T05:49:00Z,4468.5,4470.5,4468.5,4470.10009765625,65.0,yahoo,GC=F
2026-09-08T05:50:00Z,4469.89990234375,4469.89990234375,4466.7998046875,4466.89990234375,98.0,yahoo,GC=F
2026-09-08T05:51:00Z,4467.2998046875,4468.0,4467.0,4467.7001953125,31.0,yahoo,GC=F
2026-09-08T05:52:00Z,4467.5,4468.2998046875,4467.0,4467.89990234375,42.0,yahoo,GC=F
2026-09-08T05:53:00Z,4467.10009765625,4467.5,4464.7001953125,4465.2001953125,82.0,yahoo,GC=F
2026-09-08T05:54:00Z,4465.7001953125,4467.39990234375,4464.2001953125,4464.2998046875,73.0,yahoo,GC=F
2026-09-08T05:55:00Z,4464.89990234375,4465.0,4462.60009765625,4462.7998046875,105.0,yahoo,GC=F
2026-09-08T05:56:00Z,4462.7998046875,4464.7998046875,4462.10009765625,4464.5,90.0,yahoo,GC=F
2026-09-08T05:57:00Z,4464.60009765625,4465.5,4463.5,4464.5,77.0,yahoo,GC=F
2026-09-08T05:58:00Z,4464.2001953125,4464.89990234375,4463.7998046875,4464.89990234375,36.0,yahoo,GC=F
2026-09-08T05:59:00Z,4465.10009765625,4465.7001953125,4463.60009765625,4464.39990234375,91.0,yahoo,GC=F
2026-09-08T06:00:00Z,4464.39990234375,4465.10009765625,4462.39990234375,4463.7001953125,169.0,yahoo,GC=F
2026-09-08T06:01:00Z,4463.5,4463.5,4459.60009765625,4459.60009765625,183.0,yahoo,GC=F
2026-09-08T06:02:00Z,4459.60009765625,4460.39990234375,4457.7998046875,4459.60009765625,113.0,yahoo,GC=F
2026-09-08T06:03:00Z,4460.0,4460.2998046875,4458.60009765625,4458.60009765625,60.0,yahoo,GC=F
2026-09-08T06:04:00Z,4459.39990234375,4460.2998046875,4457.89990234375,4460.2998046875,80.0,yahoo,GC=F
2026-09-08T06:05:00Z,4459.39990234375,4459.39990234375,4455.89990234375,4458.2998046875,186.0,yahoo,GC=F
2026-09-08T06:06:00Z,4458.39990234375,4460.60009765625,4458.0,4459.0,110.0,yahoo,GC=F
2026-09-08T06:07:00Z,4458.60009765625,4459.7998046875,4458.10009765625,4459.10009765625,33.0,yahoo,GC=F
2026-09-08T06:08:00Z,4459.39990234375,4460.60009765625,4458.60009765625,4458.60009765625,83.0,yahoo,GC=F
2026-09-08T06:09:00Z,4458.60009765625,4458.7001953125,4457.60009765625,4458.39990234375,87.0,yahoo,GC=F
2026-09-08T06:10:00Z,4457.89990234375,4458.0,4456.0,4457.2998046875,69.0,yahoo,GC=F
2026-09-08T06:11:00Z,4457.39990234375,4457.39990234375,4455.2998046875,4456.2001953125,57.0,yahoo,GC=F
2026-09-08T06:12:00Z,4456.5,4456.89990234375,4453.10009765625,4453.7001953125,354.0,yahoo,GC=F
2026-09-08T06:13:00Z,4453.7001953125,4456.89990234375,4453.60009765625,4456.7001953125,172.0,yahoo,GC=F
2026-09-08T06:14:00Z,4456.7001953125,4457.2998046875,4456.10009765625,4456.39990234375,82.0,yahoo,GC=F
2026-09-08T06:15:00Z,4456.10009765625,4456.2001953125,4453.0,4453.10009765625,170.0,yahoo,GC=F
2026-09-08T06:16:00Z,4453.2001953125,4454.2001953125,4452.0,4452.39990234375,106.0,yahoo,GC=F
2026-09-08T06:17:00Z,4452.7998046875,4453.7001953125,4452.0,4453.2998046875,118.0,yahoo,GC=F
2026-09-08T06:18:00Z,4453.0,4453.0,4450.2001953125,4450.2001953125,88.0,yahoo,GC=F
2026-09-08T06:19:00Z,4450.10009765625,4450.10009765625,4446.2001953125,4446.2998046875,482.0,yahoo,GC=F
2026-09-08T06:20:00Z,4446.2001953125,4450.10009765625,4445.2001953125,4450.0,252.0,yahoo,GC=F
2026-09-08T06:21:00Z,4449.7998046875,4450.7998046875,4448.60009765625,4450.2001953125,99.0,yahoo,GC=F
2026-09-08T06:22:00Z,4450.39990234375,4450.39990234375,4447.7998046875,4449.89990234375,124.0,yahoo,GC=F
2026-09-08T06:23:00Z,4450.2001953125,4450.7001953125,4446.7998046875,4447.60009765625,124.0,yahoo,GC=F
2026-09-08T06:24:00Z,4447.2998046875,4448.5,4446.10009765625,4448.5,127.0,yahoo,GC=F
2026-09-08T06:25:00Z,4447.60009765625,4448.5,4446.60009765625,4447.39990234375,96.0,yahoo,GC=F
2026-09-08T06:26:00Z,4447.2998046875,4448.2001953125,4446.0,4446.0,78.0,yahoo,GC=F
2026-09-08T06:27:00Z,4446.0,4446.89990234375,4444.7998046875,4445.10009765625,100.0,yahoo,GC=F
2026-09-08T06:28:00Z,4444.7001953125,4446.39990234375,4443.7001953125,4445.89990234375,89.0,yahoo,GC=F
2026-09-08T06:29:00Z,4445.2998046875,4447.2001953125,4444.7998046875,4444.7998046875,48.0,yahoo,GC=F
2026-09-08T06:30:00Z,4444.7998046875,4446.39990234375,4444.39990234375,4444.89990234375,59.0,yahoo,GC=F
2026-09-08T06:31:00Z,4444.5,4446.5,4443.10009765625,4446.10009765625,138.0,yahoo,GC=F
2026-09-08T06:32:00Z,4446.2998046875,4447.7998046875,4445.7998046875,4446.89990234375,79.0,yahoo,GC=F
2026-09-08T06:33:00Z,4446.5,4447.2001953125,4445.60009765625,4446.2001953125,41.0,yahoo,GC=F
2026-09-08T06:34:00Z,4446.39990234375,4447.39990234375,4445.7001953125,4446.7998046875,92.0,yahoo,GC=F
2026-09-08T06:35:00Z,4447.0,4447.39990234375,4444.2001953125,4445.2001953125,190.0,yahoo,GC=F
2026-09-08T06:36:00Z,4445.10009765625,4446.2998046875,4443.10009765625,4443.89990234375,104.0,yahoo,GC=F
2026-09-08T06:37:00Z,4443.89990234375,4445.60009765625,4442.60009765625,4445.2998046875,133.0,yahoo,GC=F
2026-09-08T06:38:00Z,4445.39990234375,4448.60009765625,4445.39990234375,4448.0,226.0,yahoo,GC=F
2026-09-08T06:39:00Z,4447.7001953125,4448.7998046875,4447.5,4448.60009765625,103.0,yahoo,GC=F
2026-09-08T06:40:00Z,4448.60009765625,4451.0,4448.60009765625,4450.5,235.0,yahoo,GC=F
2026-09-08T06:41:00Z,4450.39990234375,4450.7001953125,4449.39990234375,4450.2001953125,118.0,yahoo,GC=F
2026-09-08T06:42:00Z,4450.2998046875,4451.0,4449.89990234375,4450.2998046875,74.0,yahoo,GC=F
2026-09-08T06:43:00Z,4450.60009765625,4451.89990234375,4450.10009765625,4451.89990234375,60.0,yahoo,GC=F
2026-09-08T06:44:00Z,4451.7001953125,4453.5,4451.39990234375,4451.89990234375,168.0,yahoo,GC=F
2026-09-08T06:45:00Z,4452.10009765625,4452.7998046875,4450.60009765625,4451.0,101.0,yahoo,GC=F
2026-09-08T06:46:00Z,4450.7998046875,4452.5,4450.7001953125,4452.5,60.0,yahoo,GC=F
2026-09-08T06:47:00Z,4453.0,4453.2998046875,4450.7998046875,4451.60009765625,71.0,yahoo,GC=F
2026-09-08T06:48:00Z,4451.5,4452.5,4451.5,4451.89990234375,28.0,yahoo,GC=F
2026-09-08T06:49:00Z,4452.10009765625,4453.0,4451.7998046875,4452.7001953125,30.0,yahoo,GC=F
2026-09-08T06:50:00Z,4452.89990234375,4453.60009765625,4451.89990234375,4453.39990234375,37.0,yahoo,GC=F
2026-09-08T06:51:00Z,4453.7998046875,4454.0,4451.2998046875,4451.5,72.0,yahoo,GC=F
2026-09-08T06:52:00Z,4451.39990234375,4451.7998046875,4451.0,4451.7998046875,36.0,yahoo,GC=F
2026-09-08T06:53:00Z,4451.7001953125,4451.7001953125,4448.39990234375,4448.7998046875,133.0,yahoo,GC=F
2026-09-08T06:54:00Z,4448.60009765625,4450.5,4448.60009765625,4449.5,117.0,yahoo,GC=F
2026-09-08T06:55:00Z,4449.60009765625,4450.0,4449.10009765625,4449.5,49.0,yahoo,GC=F
2026-09-08T06:56:00Z,4449.5,4449.5,4448.2001953125,4448.2998046875,41.0,yahoo,GC=F
2026-09-08T06:57:00Z,4448.2998046875,4449.2001953125,4448.10009765625,4449.0,55.0,yahoo,GC=F
2026-09-08T06:58:00Z,4448.89990234375,4449.5,4448.10009765625,4448.60009765625,51.0,yahoo,GC=F
2026-09-08T06:59:00Z,4448.7998046875,4449.5,4448.0,4448.2998046875,90.0,yahoo,GC=F
2026-09-08T07:00:00Z,4448.60009765625,4448.7001953125,4447.10009765625,4447.39990234375,117.0,yahoo,GC=F
2026-09-08T07:01:00Z,4447.2998046875,4450.0,4447.10009765625,4450.0,58.0,yahoo,GC=F
2026-09-08T07:02:00Z,4450.0,4451.0,4449.2998046875,4449.2998046875,75.0,yahoo,GC=F
2026-09-08T07:03:00Z,4449.0,4451.0,4449.0,4451.0,82.0,yahoo,GC=F
2026-09-08T07:04:00Z,4450.89990234375,4453.0,4450.60009765625,4452.60009765625,75.0,yahoo,GC=F
2026-09-08T07:05:00Z,4452.7001953125,4453.60009765625,4452.39990234375,4453.5,58.0,yahoo,GC=F
2026-09-08T07:06:00Z,4453.5,4454.0,4452.60009765625,4453.10009765625,73.0,yahoo,GC=F
2026-09-08T07:07:00Z,4453.0,4453.39990234375,4451.2998046875,4452.5,57.0,yahoo,GC=F
2026-09-08T07:08:00Z,4452.39990234375,4452.7001953125,4451.2001953125,4452.7001953125,43.0,yahoo,GC=F
2026-09-08T07:09:00Z,4452.2998046875,4453.0,4451.60009765625,4451.60009765625,57.0,yahoo,GC=F
2026-09-08T07:10:00Z,4451.7998046875,4452.39990234375,4450.89990234375,4451.2001953125,18.0,yahoo,GC=F
2026-09-08T07:11:00Z,4451.2998046875,4451.60009765625,4451.2001953125,4451.2001953125,22.0,yahoo,GC=F
2026-09-08T07:12:00Z,4451.2001953125,4451.2001953125,4449.60009765625,4450.2998046875,74.0,yahoo,GC=F
2026-09-08T07:13:00Z,4450.39990234375,4451.2001953125,4449.2998046875,4449.5,118.0,yahoo,GC=F
2026-09-08T07:14:00Z,4449.39990234375,4449.7001953125,4447.10009765625,4447.89990234375,109.0,yahoo,GC=F
2026-09-08T07:15:00Z,4447.89990234375,4448.10009765625,4446.2998046875,4446.7998046875,88.0,yahoo,GC=F
2026-09-08T07:16:00Z,4447.0,4447.2001953125,4446.0,4447.10009765625,97.0,yahoo,GC=F
2026-09-08T07:17:00Z,4446.7998046875,4447.89990234375,4446.2001953125,4446.7998046875,45.0,yahoo,GC=F
2026-09-08T07:18:00Z,4446.5,4447.0,4446.0,4446.10009765625,51.0,yahoo,GC=F
2026-09-08T07:19:00Z,4446.0,4448.39990234375,4445.7001953125,4448.39990234375,88.0,yahoo,GC=F
2026-09-08T07:20:00Z,4448.2998046875,4448.7001953125,4447.39990234375,4448.60009765625,90.0,yahoo,GC=F
2026-09-08T07:21:00Z,4448.7998046875,4448.7998046875,4446.7998046875,4447.0,47.0,yahoo,GC=F
2026-09-08T07:22:00Z,4447.2001953125,4448.5,4446.5,4447.0,81.0,yahoo,GC=F
2026-09-08T07:23:00Z,4446.60009765625,4446.60009765625,4445.0,4446.39990234375,74.0,yahoo,GC=F
2026-09-08T07:24:00Z,4446.0,4447.7001953125,4445.89990234375,4447.0,73.0,yahoo,GC=F
2026-09-08T07:25:00Z,4447.2001953125,4447.2001953125,4445.60009765625,4446.60009765625,77.0,yahoo,GC=F
2026-09-08T07:26:00Z,4446.2998046875,4447.10009765625,4446.0,4447.10009765625,52.0,yahoo,GC=F
2026-09-08T07:27:00Z,4447.10009765625,4449.2001953125,4447.10009765625,4448.2998046875,66.0,yahoo,GC=F
2026-09-08T07:28:00Z,4447.89990234375,4447.89990234375,4446.89990234375,4447.10009765625,32.0,yahoo,GC=F
2026-09-08T07:29:00Z,4447.5,4447.7001953125,4446.39990234375,4446.5,48.0,yahoo,GC=F
2026-09-08T07:30:00Z,4446.60009765625,4447.7998046875,4446.2001953125,4447.2001953125,86.0,yahoo,GC=F
2026-09-08T07:31:00Z,4447.2001953125,4449.2998046875,4447.2001953125,4449.2998046875,84.0,yahoo,GC=F
2026-09-08T07:32:00Z,4448.7998046875,4450.2001953125,4448.60009765625,4449.39990234375,78.0,yahoo,GC=F
2026-09-08T07:33:00Z,4449.5,4449.5,4445.0,4445.2998046875,57.0,yahoo,GC=F
2026-09-08T07:34:00Z,4445.5,4445.5,4442.5,4442.5,196.0,yahoo,GC=F
2026-09-08T07:35:00Z,4443.0,4443.7001953125,4441.7998046875,4443.10009765625,139.0,yahoo,GC=F
2026-09-08T07:36:00Z,4442.89990234375,4443.5,4442.5,4443.0,53.0,yahoo,GC=F
2026-09-08T07:37:00Z,4442.60009765625,4443.5,4440.10009765625,4441.2001953125,152.0,yahoo,GC=F
2026-09-08T07:38:00Z,4441.60009765625,4442.10009765625,4438.7998046875,4439.2998046875,156.0,yahoo,GC=F
2026-09-08T07:39:00Z,4439.39990234375,4439.7001953125,4436.39990234375,4438.10009765625,360.0,yahoo,GC=F
2026-09-08T07:40:00Z,4438.5,4441.0,4438.0,4440.5,171.0,yahoo,GC=F
2026-09-08T07:41:00Z,4440.7001953125,4441.7998046875,4439.0,4439.0,56.0,yahoo,GC=F
2026-09-08T07:42:00Z,4438.7001953125,4439.0,4435.5,4437.2001953125,138.0,yahoo,GC=F
2026-09-08T07:43:00Z,4436.7001953125,4439.89990234375,4436.7001953125,4439.5,50.0,yahoo,GC=F
2026-09-08T07:44:00Z,4439.10009765625,4440.60009765625,4438.7001953125,4440.2001953125,75.0,yahoo,GC=F
2026-09-08T07:45:00Z,4440.10009765625,4441.0,4439.2001953125,4441.0,92.0,yahoo,GC=F
2026-09-08T07:46:00Z,4441.10009765625,4441.7998046875,4440.0,4440.60009765625,166.0,yahoo,GC=F
2026-09-08T07:47:00Z,4440.7001953125,4441.10009765625,4439.39990234375,4440.39990234375,96.0,yahoo,GC=F
2026-09-08T07:48:00Z,4440.2998046875,4440.7001953125,4439.2001953125,4440.2001953125,49.0,yahoo,GC=F
2026-09-08T07:49:00Z,4440.10009765625,4440.39990234375,4437.89990234375,4438.5,84.0,yahoo,GC=F
2026-09-08T07:50:00Z,4437.7001953125,4438.0,4436.10009765625,4436.7998046875,102.0,yahoo,GC=F
2026-09-08T07:51:00Z,4436.60009765625,4437.0,4435.2998046875,4435.89990234375,176.0,yahoo,GC=F
2026-09-08T07:52:00Z,4435.89990234375,4437.0,4435.5,4437.0,157.0,yahoo,GC=F
2026-09-08T07:53:00Z,4437.0,4437.39990234375,4436.39990234375,4436.89990234375,102.0,yahoo,GC=F
2026-09-08T07:54:00Z,4436.89990234375,4437.39990234375,4434.60009765625,4435.5,111.0,yahoo,GC=F
2026-09-08T07:55:00Z,4435.7998046875,4438.5,4435.60009765625,4438.2998046875,161.0,yahoo,GC=F
2026-09-08T07:56:00Z,4438.2001953125,4438.2998046875,4437.0,4437.10009765625,52.0,yahoo,GC=F
2026-09-08T07:57:00Z,4437.39990234375,4437.7001953125,4434.2998046875,4435.2001953125,138.0,yahoo,GC=F
2026-09-08T07:58:00Z,4435.2001953125,4436.2001953125,4434.89990234375,4436.2001953125,41.0,yahoo,GC=F
2026-09-08T07:59:00Z,4436.5,4436.89990234375,4436.2001953125,4436.7001953125,58.0,yahoo,GC=F
2026-09-08T08:00:00Z,4436.60009765625,4437.2001953125,4434.7998046875,4436.10009765625,118.0,yahoo,GC=F
2026-09-08T08:01:00Z,4435.7998046875,4435.7998046875,4434.0,4434.5,144.0,yahoo,GC=F
2026-09-08T08:02:00Z,4434.89990234375,4435.10009765625,4433.2001953125,4434.0,145.0,yahoo,GC=F
2026-09-08T08:03:00Z,4433.7998046875,4436.0,4433.7001953125,4434.89990234375,128.0,yahoo,GC=F
2026-09-08T08:04:00Z,4434.7998046875,4436.2001953125,4433.2998046875,4435.89990234375,51.0,yahoo,GC=F
2026-09-08T08:05:00Z,4435.5,4437.39990234375,4434.60009765625,4437.39990234375,57.0,yahoo,GC=F
2026-09-08T08:06:00Z,4437.10009765625,4439.2001953125,4436.7998046875,4439.0,78.0,yahoo,GC=F
2026-09-08T08:07:00Z,4439.7998046875,4440.2001953125,4437.5,4438.2998046875,134.0,yahoo,GC=F
2026-09-08T08:08:00Z,4438.2001953125,4438.60009765625,4434.10009765625,4435.2998046875,110.0,yahoo,GC=F
2026-09-08T08:09:00Z,4435.2001953125,4435.2998046875,4432.0,4432.2998046875,119.0,yahoo,GC=F
2026-09-08T08:10:00Z,4432.60009765625,4434.0,4432.5,4433.7001953125,71.0,yahoo,GC=F
2026-09-08T08:11:00Z,4433.5,4434.7998046875,4433.10009765625,4433.89990234375,27.0,yahoo,GC=F
2026-09-08T08:12:00Z,4434.2001953125,4437.10009765625,4433.89990234375,4436.2998046875,122.0,yahoo,GC=F
2026-09-08T08:13:00Z,4436.2998046875,4437.2998046875,4434.39990234375,4434.5,57.0,yahoo,GC=F
2026-09-08T08:14:00Z,4434.5,4434.89990234375,4434.0,4434.7001953125,40.0,yahoo,GC=F
2026-09-08T08:15:00Z,4434.89990234375,4436.10009765625,4434.7998046875,4436.0,31.0,yahoo,GC=F
2026-09-08T08:16:00Z,4435.60009765625,4436.60009765625,4434.60009765625,4434.7001953125,56.0,yahoo,GC=F
2026-09-08T08:17:00Z,4434.5,4436.5,4434.2998046875,4436.39990234375,70.0,yahoo,GC=F
2026-09-08T08:18:00Z,4436.7001953125,4437.0,4435.0,4435.5,58.0,yahoo,GC=F
2026-09-08T08:19:00Z,4435.39990234375,4438.2998046875,4435.39990234375,4438.2001953125,131.0,yahoo,GC=F
2026-09-08T08:20:00Z,4437.89990234375,4437.89990234375,4435.60009765625,4435.89990234375,49.0,yahoo,GC=F
2026-09-08T08:21:00Z,4435.7998046875,4436.2001953125,4434.0,4434.7001953125,79.0,yahoo,GC=F
2026-09-08T08:22:00Z,4434.89990234375,4435.7998046875,4434.7998046875,4435.7001953125,31.0,yahoo,GC=F
2026-09-08T08:23:00Z,4436.10009765625,4436.10009765625,4435.2001953125,4436.10009765625,15.0,yahoo,GC=F
2026-09-08T08:24:00Z,4436.5,4438.89990234375,4436.2998046875,4438.89990234375,98.0,yahoo,GC=F
2026-09-08T08:25:00Z,4438.7998046875,4440.89990234375,4438.7998046875,4440.2001953125,98.0,yahoo,GC=F
2026-09-08T08:26:00Z,4440.5,4440.7001953125,4439.10009765625,4440.10009765625,46.0,yahoo,GC=F
2026-09-08T08:27:00Z,4439.89990234375,4440.2998046875,4439.5,4440.10009765625,79.0,yahoo,GC=F
2026-09-08T08:28:00Z,4439.2001953125,4440.2998046875,4438.7998046875,4439.7001953125,47.0,yahoo,GC=F
2026-09-08T08:29:00Z,4440.0,4440.0,4438.5,4438.89990234375,84.0,yahoo,GC=F
2026-09-08T08:30:00Z,4439.0,4439.5,4437.5,4438.60009765625,116.0,yahoo,GC=F
2026-09-08T08:31:00Z,4439.0,4440.2998046875,4437.2998046875,4440.2001953125,113.0,yahoo,GC=F
2026-09-08T08:32:00Z,4439.60009765625,4440.7998046875,4439.10009765625,4440.60009765625,65.0,yahoo,GC=F
2026-09-08T08:33:00Z,4440.2998046875,4442.0,4439.7001953125,4440.89990234375,159.0,yahoo,GC=F
2026-09-08T08:34:00Z,4440.7998046875,4442.5,4440.60009765625,4442.2998046875,64.0,yahoo,GC=F
2026-09-08T08:35:00Z,4442.60009765625,4443.0,4440.2001953125,4440.2001953125,52.0,yahoo,GC=F
2026-09-08T08:36:00Z,4440.39990234375,4440.7001953125,4438.7998046875,4440.0,105.0,yahoo,GC=F
2026-09-08T08:37:00Z,4440.39990234375,4440.5,4438.10009765625,4439.2998046875,88.0,yahoo,GC=F
2026-09-08T08:38:00Z,4439.5,4440.5,4439.2998046875,4440.10009765625,21.0,yahoo,GC=F
2026-09-08T08:39:00Z,4440.0,4440.39990234375,4439.89990234375,4440.0,16.0,yahoo,GC=F
2026-09-08T08:40:00Z,4439.60009765625,4439.60009765625,4439.10009765625,4439.2998046875,6.0,yahoo,GC=F
2026-09-08T08:41:00Z,4439.10009765625,4439.2001953125,4438.10009765625,4438.39990234375,11.0,yahoo,GC=F
2026-09-08T08:42:00Z,4438.39990234375,4439.2998046875,4438.10009765625,4438.10009765625,43.0,yahoo,GC=F
2026-09-08T08:43:00Z,4437.89990234375,4438.89990234375,4436.5,4436.7001953125,239.0,yahoo,GC=F
2026-09-08T08:44:00Z,4436.89990234375,4437.5,4436.5,4437.2998046875,50.0,yahoo,GC=F
2026-09-08T08:45:00Z,4436.7998046875,4442.60009765625,4435.5,4440.60009765625,461.0,yahoo,GC=F
2026-09-08T08:46:00Z,4440.60009765625,4442.2998046875,4440.10009765625,4440.5,112.0,yahoo,GC=F
2026-09-08T08:47:00Z,4440.5,4440.5,4437.60009765625,4438.7998046875,47.0,yahoo,GC=F
2026-09-08T08:48:00Z,4438.60009765625,4438.60009765625,4436.0,4436.0,53.0,yahoo,GC=F
2026-09-08T08:49:00Z,4435.7998046875,4438.2001953125,4435.5,4438.2001953125,46.0,yahoo,GC=F
2026-09-08T08:50:00Z,4438.2998046875,4439.2998046875,4437.0,4437.0,35.0,yahoo,GC=F
2026-09-08T08:51:00Z,4437.2998046875,4437.5,4436.2001953125,4437.10009765625,20.0,yahoo,GC=F
2026-09-08T08:52:00Z,4437.2001953125,4437.2001953125,4435.89990234375,4436.7998046875,50.0,yahoo,GC=F
2026-09-08T08:53:00Z,4436.7998046875,4436.89990234375,4436.2998046875,4436.89990234375,10.0,yahoo,GC=F
2026-09-08T08:54:00Z,4436.5,4437.7998046875,4435.7998046875,4437.2001953125,83.0,yahoo,GC=F
2026-09-08T08:55:00Z,4437.2998046875,4437.2998046875,4436.0,4436.2998046875,15.0,yahoo,GC=F
2026-09-08T08:56:00Z,4436.39990234375,4438.10009765625,4436.39990234375,4437.89990234375,35.0,yahoo,GC=F
2026-09-08T08:57:00Z,4438.2001953125,4438.7998046875,4437.2998046875,4438.2998046875,59.0,yahoo,GC=F
2026-09-08T08:58:00Z,4438.10009765625,4438.60009765625,4437.5,4437.89990234375,28.0,yahoo,GC=F
2026-09-08T08:59:00Z,4437.60009765625,4438.5,4437.39990234375,4438.5,21.0,yahoo,GC=F
2026-09-08T09:00:00Z,4438.0,4438.0,4435.5,4436.7998046875,50.0,yahoo,GC=F
2026-09-08T09:01:00Z,4437.0,4438.2998046875,4436.7998046875,4437.89990234375,54.0,yahoo,GC=F
2026-09-08T09:02:00Z,4437.7001953125,4438.89990234375,4436.89990234375,4438.89990234375,55.0,yahoo,GC=F
2026-09-08T09:03:00Z,4438.7001953125,4439.60009765625,4437.5,4439.60009765625,71.0,yahoo,GC=F
2026-09-08T09:04:00Z,4439.2998046875,4440.5,4438.7998046875,4440.5,47.0,yahoo,GC=F
2026-09-08T09:05:00Z,4440.2001953125,4440.89990234375,4440.0,4440.7001953125,33.0,yahoo,GC=F
2026-09-08T09:06:00Z,4441.5,4442.39990234375,4440.60009765625,4440.7001953125,50.0,yahoo,GC=F
2026-09-08T09:07:00Z,4440.39990234375,4440.39990234375,4438.7998046875,4440.39990234375,43.0,yahoo,GC=F
2026-09-08T09:08:00Z,4440.2001953125,4440.60009765625,4439.2001953125,4439.60009765625,21.0,yahoo,GC=F
2026-09-08T09:09:00Z,4439.39990234375,4439.60009765625,4438.7001953125,4438.89990234375,21.0,yahoo,GC=F
2026-09-08T09:10:00Z,4439.60009765625,4440.5,4439.60009765625,4440.5,22.0,yahoo,GC=F
2026-09-08T09:11:00Z,4440.5,4441.2998046875,4440.5,4440.89990234375,20.0,yahoo,GC=F
2026-09-08T09:12:00Z,4441.10009765625,4442.2001953125,4441.10009765625,4442.0,42.0,yahoo,GC=F
2026-09-08T09:13:00Z,4441.89990234375,4441.89990234375,4440.5,4440.89990234375,39.0,yahoo,GC=F
2026-09-08T09:14:00Z,4440.7998046875,4441.89990234375,4440.7001953125,4441.89990234375,34.0,yahoo,GC=F
2026-09-08T09:15:00Z,4441.5,4442.0,4441.2001953125,4441.7998046875,34.0,yahoo,GC=F
2026-09-08T09:16:00Z,4441.7001953125,4442.7001953125,4441.5,4442.2001953125,36.0,yahoo,GC=F
2026-09-08T09:17:00Z,4442.7001953125,4443.60009765625,4442.60009765625,4443.2998046875,70.0,yahoo,GC=F
2026-09-08T09:18:00Z,4443.10009765625,4443.10009765625,4441.5,4441.5,80.0,yahoo,GC=F
2026-09-08T09:19:00Z,4441.5,4442.2998046875,4441.0,4441.0,73.0,yahoo,GC=F
2026-09-08T09:20:00Z,4440.7998046875,4441.2001953125,4440.39990234375,4440.39990234375,24.0,yahoo,GC=F
2026-09-08T09:21:00Z,4440.2998046875,4440.2998046875,4438.7001953125,4439.7001953125,73.0,yahoo,GC=F
2026-09-08T09:22:00Z,4440.0,4440.2998046875,4439.60009765625,4440.10009765625,50.0,yahoo,GC=F
2026-09-08T09:23:00Z,4439.89990234375,4439.89990234375,4437.89990234375,4438.60009765625,81.0,yahoo,GC=F
2026-09-08T09:24:00Z,4438.39990234375,4439.10009765625,4438.2998046875,4439.0,61.0,yahoo,GC=F
2026-09-08T09:25:00Z,4438.7998046875,4439.7998046875,4438.2001953125,4439.60009765625,128.0,yahoo,GC=F
2026-09-08T09:26:00Z,4439.7998046875,4440.7001953125,4437.60009765625,4437.60009765625,90.0,yahoo,GC=F
2026-09-08T09:27:00Z,4437.60009765625,4438.89990234375,4437.39990234375,4438.7001953125,105.0,yahoo,GC=F
2026-09-08T09:28:00Z,4438.7001953125,4439.39990234375,4438.0,4438.7001953125,77.0,yahoo,GC=F
2026-09-08T09:29:00Z,4438.2998046875,4438.39990234375,4436.7001953125,4437.2998046875,100.0,yahoo,GC=F
2026-09-08T09:30:00Z,4437.2001953125,4437.7001953125,4435.0,4436.7001953125,194.0,yahoo,GC=F
2026-09-08T09:31:00Z,4436.7001953125,4439.89990234375,4436.2001953125,4439.2998046875,178.0,yahoo,GC=F
2026-09-08T09:32:00Z,4439.7001953125,4442.0,4439.5,4440.10009765625,171.0,yahoo,GC=F
2026-09-08T09:33:00Z,4439.7998046875,4441.2998046875,4439.2998046875,4439.60009765625,92.0,yahoo,GC=F
2026-09-08T09:34:00Z,4439.60009765625,4440.5,4439.5,4440.0,40.0,yahoo,GC=F
2026-09-08T09:35:00Z,4440.10009765625,4441.0,4440.0,4440.7998046875,56.0,yahoo,GC=F
2026-09-08T09:36:00Z,4440.5,4440.7998046875,4439.89990234375,4440.5,41.0,yahoo,GC=F
2026-09-08T09:37:00Z,4440.7001953125,4441.10009765625,4440.2001953125,4440.5,28.0,yahoo,GC=F
2026-09-08T09:38:00Z,4440.60009765625,4441.0,4440.5,4440.89990234375,29.0,yahoo,GC=F
2026-09-08T09:39:00Z,4440.2001953125,4441.89990234375,4440.2001953125,4441.60009765625,49.0,yahoo,GC=F
2026-09-08T09:40:00Z,4441.7001953125,4446.0,4441.60009765625,4444.10009765625,397.0,yahoo,GC=F
2026-09-08T09:41:00Z,4443.89990234375,4448.0,4443.2001953125,4446.89990234375,286.0,yahoo,GC=F
2026-09-08T09:42:00Z,4446.7001953125,4448.0,4446.2001953125,4446.60009765625,135.0,yahoo,GC=F
2026-09-08T09:43:00Z,4446.10009765625,4447.2001953125,4445.2998046875,4445.2998046875,121.0,yahoo,GC=F
2026-09-08T09:44:00Z,4445.60009765625,4445.60009765625,4443.89990234375,4445.60009765625,62.0,yahoo,GC=F
2026-09-08T09:45:00Z,4446.0,4446.5,4445.60009765625,4446.2998046875,22.0,yahoo,GC=F
2026-09-08T09:46:00Z,4446.5,4447.60009765625,4446.39990234375,4446.7001953125,43.0,yahoo,GC=F
2026-09-08T09:47:00Z,4446.7001953125,4447.39990234375,4446.60009765625,4447.10009765625,35.0,yahoo,GC=F
2026-09-08T09:48:00Z,4446.39990234375,4446.7001953125,4445.7001953125,4446.7001953125,25.0,yahoo,GC=F
2026-09-08T09:49:00Z,4446.60009765625,4447.7998046875,4446.2998046875,4447.60009765625,46.0,yahoo,GC=F
2026-09-08T09:50:00Z,4448.0,4448.7998046875,4447.39990234375,4448.7001953125,50.0,yahoo,GC=F
2026-09-08T09:51:00Z,4448.7001953125,4449.7001953125,4448.60009765625,4449.5,127.0,yahoo,GC=F
2026-09-08T09:52:00Z,4449.5,4450.10009765625,4448.7001953125,4448.7001953125,142.0,yahoo,GC=F
2026-09-08T09:53:00Z,4448.60009765625,4449.2998046875,4448.2998046875,4448.60009765625,68.0,yahoo,GC=F
2026-09-08T09:54:00Z,4448.5,4449.10009765625,4448.0,4448.89990234375,49.0,yahoo,GC=F
2026-09-08T09:55:00Z,4449.0,4449.60009765625,4448.2998046875,4449.5,53.0,yahoo,GC=F
2026-09-08T09:56:00Z,4449.2001953125,4449.2001953125,4448.39990234375,4448.60009765625,51.0,yahoo,GC=F
2026-09-08T09:57:00Z,4448.5,4448.60009765625,4447.0,4447.39990234375,79.0,yahoo,GC=F
2026-09-08T09:58:00Z,4447.7001953125,4448.7001953125,4447.2001953125,4448.7001953125,101.0,yahoo,GC=F
2026-09-08T09:59:00Z,4448.7998046875,4449.2001953125,4447.10009765625,4447.2001953125,59.0,yahoo,GC=F
2026-09-08T10:00:00Z,4447.2998046875,4447.2998046875,4446.0,4446.2998046875,79.0,yahoo,GC=F
2026-09-08T10:01:00Z,4446.7998046875,4447.0,4445.7998046875,4445.7998046875,34.0,yahoo,GC=F
2026-09-08T10:02:00Z,4446.0,4446.2001953125,4443.7998046875,4443.7998046875,72.0,yahoo,GC=F
2026-09-08T10:03:00Z,4444.2001953125,4445.2001953125,4443.89990234375,4444.39990234375,78.0,yahoo,GC=F
2026-09-08T10:04:00Z,4444.39990234375,4444.89990234375,4442.5,4442.7001953125,101.0,yahoo,GC=F
2026-09-08T10:05:00Z,4443.0,4443.2001953125,4441.39990234375,4441.60009765625,45.0,yahoo,GC=F
2026-09-08T10:06:00Z,4441.7001953125,4442.7998046875,4441.2998046875,4441.60009765625,53.0,yahoo,GC=F
2026-09-08T10:07:00Z,4441.2998046875,4442.10009765625,4440.39990234375,4441.7998046875,93.0,yahoo,GC=F
2026-09-08T10:08:00Z,4441.60009765625,4442.0,4440.7001953125,4441.39990234375,55.0,yahoo,GC=F
2026-09-08T10:09:00Z,4441.2001953125,4441.2998046875,4440.7998046875,4440.89990234375,10.0,yahoo,GC=F
2026-09-08T10:10:00Z,4440.89990234375,4440.89990234375,4439.0,4439.89990234375,87.0,yahoo,GC=F
2026-09-08T10:11:00Z,4439.60009765625,4440.0,4438.39990234375,4438.39990234375,84.0,yahoo,GC=F
2026-09-08T10:12:00Z,4438.60009765625,4439.7001953125,4438.0,4439.0,103.0,yahoo,GC=F
2026-09-08T10:13:00Z,4439.10009765625,4440.2001953125,4438.2998046875,4439.7998046875,48.0,yahoo,GC=F
2026-09-08T10:14:00Z,4439.7998046875,4441.2001953125,4439.7998046875,4440.7998046875,129.0,yahoo,GC=F
2026-09-08T10:15:00Z,4440.60009765625,4442.2001953125,4440.39990234375,4442.2001953125,48.0,yahoo,GC=F
2026-09-08T10:16:00Z,4442.2998046875,4442.5,4441.7001953125,4442.0,14.0,yahoo,GC=F
2026-09-08T10:17:00Z,4441.60009765625,4442.60009765625,4441.60009765625,4442.39990234375,15.0,yahoo,GC=F
2026-09-08T10:18:00Z,4442.10009765625,4442.89990234375,4442.0,4442.5,37.0,yahoo,GC=F
2026-09-08T10:19:00Z,4442.39990234375,4443.10009765625,4442.39990234375,4442.5,28.0,yahoo,GC=F
2026-09-08T10:20:00Z,4442.5,4451.60009765625,4441.7001953125,4449.60009765625,965.0,yahoo,GC=F
2026-09-08T10:21:00Z,4449.7001953125,4450.2001953125,4446.5,4448.39990234375,123.0,yahoo,GC=F
2026-09-08T10:22:00Z,4448.2001953125,4448.7998046875,4445.5,4445.7998046875,68.0,yahoo,GC=F
2026-09-08T10:23:00Z,4445.60009765625,4446.7998046875,4445.5,4446.2998046875,29.0,yahoo,GC=F
2026-09-08T10:24:00Z,4446.39990234375,4446.39990234375,4444.10009765625,4444.89990234375,98.0,yahoo,GC=F
2026-09-08T10:25:00Z,4445.2998046875,4445.60009765625,4444.5,4444.5,24.0,yahoo,GC=F
2026-09-08T10:26:00Z,4444.7001953125,4445.7001953125,4444.10009765625,4444.2001953125,88.0,yahoo,GC=F
2026-09-08T10:27:00Z,4444.60009765625,4445.0,4444.2998046875,4444.39990234375,39.0,yahoo,GC=F
2026-09-08T10:28:00Z,4444.39990234375,4445.5,4444.39990234375,4444.39990234375,26.0,yahoo,GC=F
2026-09-08T10:29:00Z,4444.2001953125,4444.2001953125,4442.89990234375,4443.7998046875,65.0,yahoo,GC=F
2026-09-08T10:30:00Z,4443.7001953125,4443.89990234375,4442.7998046875,4442.89990234375,36.0,yahoo,GC=F
2026-09-08T10:31:00Z,4443.0,4443.60009765625,4442.89990234375,4443.0,39.0,yahoo,GC=F
2026-09-08T10:32:00Z,4442.7001953125,4442.89990234375,4442.2001953125,4442.89990234375,32.0,yahoo,GC=F
2026-09-08T10:33:00Z,4442.7001953125,4442.89990234375,4441.7001953125,4442.10009765625,112.0,yahoo,GC=F
2026-09-08T10:34:00Z,4442.10009765625,4442.5,4441.10009765625,4441.2998046875,46.0,yahoo,GC=F
2026-09-08T10:35:00Z,4441.2998046875,4441.7001953125,4440.7998046875,4441.39990234375,64.0,yahoo,GC=F
2026-09-08T10:36:00Z,4441.5,4441.60009765625,4440.10009765625,4440.5,31.0,yahoo,GC=F
2026-09-08T10:37:00Z,4440.2998046875,4440.60009765625,4439.89990234375,4439.89990234375,20.0,yahoo,GC=F
2026-09-08T10:38:00Z,4440.0,4440.39990234375,4439.7001953125,4439.7001953125,15.0,yahoo,GC=F
2026-09-08T10:39:00Z,4439.5,4439.5,4438.2998046875,4439.10009765625,47.0,yahoo,GC=F
2026-09-08T10:40:00Z,4439.10009765625,4439.60009765625,4438.2998046875,4438.7998046875,98.0,yahoo,GC=F
2026-09-08T10:41:00Z,4438.89990234375,4440.60009765625,4438.7998046875,4440.60009765625,65.0,yahoo,GC=F
2026-09-08T10:42:00Z,4440.60009765625,4442.39990234375,4440.2001953125,4442.10009765625,146.0,yahoo,GC=F
2026-09-08T10:43:00Z,4442.10009765625,4442.2998046875,4441.0,4441.2001953125,48.0,yahoo,GC=F
2026-09-08T10:44:00Z,4441.0,4442.5,4441.0,4441.2998046875,39.0,yahoo,GC=F
2026-09-08T10:45:00Z,4441.2998046875,4442.2001953125,4441.10009765625,4442.10009765625,40.0,yahoo,GC=F
2026-09-08T10:46:00Z,4442.0,4442.60009765625,4441.7998046875,4442.60009765625,10.0,yahoo,GC=F
2026-09-08T10:47:00Z,4442.7001953125,4443.10009765625,4442.10009765625,4442.89990234375,33.0,yahoo,GC=F
2026-09-08T10:48:00Z,4443.2001953125,4444.7001953125,4442.7998046875,4444.39990234375,132.0,yahoo,GC=F
2026-09-08T10:49:00Z,4444.7001953125,4444.89990234375,4443.0,4443.10009765625,54.0,yahoo,GC=F
2026-09-08T10:50:00Z,4443.2001953125,4444.39990234375,4443.0,4444.2001953125,65.0,yahoo,GC=F
2026-09-08T10:51:00Z,4444.39990234375,4444.60009765625,4443.0,4443.0,47.0,yahoo,GC=F
2026-09-08T10:52:00Z,4443.2001953125,4443.2001953125,4442.10009765625,4442.2001953125,32.0,yahoo,GC=F
2026-09-08T10:53:00Z,4441.89990234375,4443.2998046875,4441.10009765625,4443.2998046875,93.0,yahoo,GC=F
2026-09-08T10:54:00Z,4443.5,4443.7998046875,4443.2001953125,4443.2001953125,53.0,yahoo,GC=F
2026-09-08T10:55:00Z,4443.2998046875,4443.2998046875,4441.39990234375,4441.7998046875,82.0,yahoo,GC=F
2026-09-08T10:56:00Z,4441.7001953125,4443.89990234375,4441.5,4443.7998046875,83.0,yahoo,GC=F
2026-09-08T10:57:00Z,4443.2998046875,4444.2001953125,4443.2998046875,4444.10009765625,23.0,yahoo,GC=F
2026-09-08T10:58:00Z,4443.89990234375,4443.89990234375,4441.60009765625,4441.60009765625,49.0,yahoo,GC=F
2026-09-08T10:59:00Z,4441.60009765625,4441.7001953125,4439.60009765625,4439.89990234375,64.0,yahoo,GC=F
2026-09-08T11:00:00Z,4440.2001953125,4441.0,4439.5,4439.60009765625,71.0,yahoo,GC=F
2026-09-08T11:01:00Z,4440.0,4441.89990234375,4440.0,4441.10009765625,40.0,yahoo,GC=F
2026-09-08T11:02:00Z,4441.2998046875,4441.5,4441.2001953125,4441.5,3.0,yahoo,GC=F
2026-09-08T11:03:00Z,4441.60009765625,4441.60009765625,4440.7998046875,4441.0,14.0,yahoo,GC=F
2026-09-08T11:04:00Z,4441.2001953125,4441.2001953125,4439.7001953125,4440.2998046875,52.0,yahoo,GC=F
2026-09-08T11:05:00Z,4440.5,4441.7001953125,4440.5,4441.10009765625,43.0,yahoo,GC=F
2026-09-08T11:06:00Z,4441.2001953125,4441.2001953125,4439.39990234375,4439.5,28.0,yahoo,GC=F
2026-09-08T11:07:00Z,4439.39990234375,4440.0,4438.7998046875,4439.39990234375,55.0,yahoo,GC=F
2026-09-08T11:08:00Z,4439.10009765625,4439.39990234375,4437.5,4438.0,105.0,yahoo,GC=F
2026-09-08T11:09:00Z,4438.10009765625,4444.2998046875,4437.7998046875,4440.89990234375,432.0,yahoo,GC=F
2026-09-08T11:10:00Z,4440.7998046875,4441.39990234375,4437.89990234375,4438.2001953125,58.0,yahoo,GC=F
2026-09-08T11:11:00Z,4438.39990234375,4438.7998046875,4437.5,4437.60009765625,95.0,yahoo,GC=F
2026-09-08T11:12:00Z,4437.39990234375,4437.60009765625,4435.7998046875,4435.89990234375,121.0,yahoo,GC=F
2026-09-08T11:13:00Z,4435.89990234375,4437.2998046875,4435.5,4437.2998046875,75.0,yahoo,GC=F
2026-09-08T11:14:00Z,4437.2998046875,4439.60009765625,4437.2001953125,4439.5,39.0,yahoo,GC=F
2026-09-08T11:15:00Z,4439.39990234375,4441.0,4439.2998046875,4440.89990234375,101.0,yahoo,GC=F
2026-09-08T11:16:00Z,4441.10009765625,4445.0,4441.10009765625,4445.0,201.0,yahoo,GC=F
2026-09-08T11:17:00Z,4445.0,4445.2998046875,4443.5,4444.0,76.0,yahoo,GC=F
2026-09-08T11:18:00Z,4444.7001953125,4445.2998046875,4443.7998046875,4445.0,27.0,yahoo,GC=F
2026-09-08T11:19:00Z,4445.39990234375,4446.10009765625,4445.2998046875,4446.0,33.0,yahoo,GC=F
2026-09-08T11:20:00Z,4445.7998046875,4445.89990234375,4444.2001953125,4444.89990234375,39.0,yahoo,GC=F
2026-09-08T11:21:00Z,4444.7998046875,4444.7998046875,4442.7998046875,4443.7001953125,90.0,yahoo,GC=F
2026-09-08T11:22:00Z,4444.0,4444.2998046875,4444.0,4444.2001953125,16.0,yahoo,GC=F
2026-09-08T11:23:00Z,4444.0,4444.60009765625,4443.5,4444.10009765625,17.0,yahoo,GC=F
2026-09-08T11:24:00Z,4444.39990234375,4445.7001953125,4444.2001953125,4445.7001953125,19.0,yahoo,GC=F
2026-09-08T11:25:00Z,4445.39990234375,4446.7998046875,4444.89990234375,4446.5,76.0,yahoo,GC=F
2026-09-08T11:26:00Z,4446.39990234375,4446.39990234375,4445.60009765625,4446.2001953125,28.0,yahoo,GC=F
2026-09-08T11:27:00Z,4446.0,4446.60009765625,4445.7998046875,4445.7998046875,26.0,yahoo,GC=F
2026-09-08T11:28:00Z,4446.10009765625,4447.2001953125,4446.10009765625,4447.0,65.0,yahoo,GC=F
2026-09-08T11:29:00Z,4446.60009765625,4446.60009765625,4445.60009765625,4446.0,15.0,yahoo,GC=F
2026-09-08T11:30:00Z,4446.5,4446.5,4445.2001953125,4445.2998046875,60.0,yahoo,GC=F
2026-09-08T11:31:00Z,4445.7998046875,4446.2001953125,4445.60009765625,4446.0,14.0,yahoo,GC=F
2026-09-08T11:32:00Z,4445.7001953125,4446.60009765625,4445.0,4446.39990234375,45.0,yahoo,GC=F
2026-09-08T11:33:00Z,4446.60009765625,4449.60009765625,4446.60009765625,4449.2998046875,168.0,yahoo,GC=F
2026-09-08T11:34:00Z,4449.0,4449.39990234375,4448.39990234375,4449.39990234375,20.0,yahoo,GC=F
2026-09-08T11:35:00Z,4449.2998046875,4450.10009765625,4449.0,4449.2998046875,95.0,yahoo,GC=F
2026-09-08T11:36:00Z,4449.60009765625,4451.0,4448.60009765625,4450.39990234375,185.0,yahoo,GC=F
2026-09-08T11:37:00Z,4450.39990234375,4452.39990234375,4450.39990234375,4452.39990234375,175.0,yahoo,GC=F
2026-09-08T11:38:00Z,4451.89990234375,4452.2001953125,4450.2998046875,4450.39990234375,61.0,yahoo,GC=F
2026-09-08T11:39:00Z,4450.60009765625,4450.60009765625,4449.2998046875,4449.2998046875,67.0,yahoo,GC=F
2026-09-08T11:40:00Z,4449.7001953125,4450.7998046875,4449.10009765625,4450.7001953125,26.0,yahoo,GC=F
2026-09-08T11:41:00Z,4450.7998046875,4451.0,4449.7001953125,4449.89990234375,27.0,yahoo,GC=F
2026-09-08T11:42:00Z,4449.7998046875,4450.2998046875,4449.0,4449.2001953125,51.0,yahoo,GC=F
2026-09-08T11:43:00Z,4449.39990234375,4451.2998046875,4449.2001953125,4451.0,49.0,yahoo,GC=F
2026-09-08T11:44:00Z,4450.60009765625,4451.2998046875,4447.7998046875,4447.7998046875,71.0,yahoo,GC=F
2026-09-08T11:45:00Z,4448.2001953125,4448.89990234375,4448.10009765625,4448.2998046875,30.0,yahoo,GC=F
2026-09-08T11:46:00Z,4448.60009765625,4448.89990234375,4446.7998046875,4447.5,99.0,yahoo,GC=F
2026-09-08T11:47:00Z,4447.5,4447.7001953125,4445.0,4445.2001953125,77.0,yahoo,GC=F
2026-09-08T11:48:00Z,4445.39990234375,4445.39990234375,4443.39990234375,4444.10009765625,140.0,yahoo,GC=F
2026-09-08T11:49:00Z,4443.89990234375,4445.2001953125,4443.7998046875,4444.5,31.0,yahoo,GC=F
2026-09-08T11:50:00Z,4444.2998046875,4446.89990234375,4444.2001953125,4446.7998046875,153.0,yahoo,GC=F
2026-09-08T11:51:00Z,4447.10009765625,4447.2998046875,4443.89990234375,4443.89990234375,64.0,yahoo,GC=F
2026-09-08T11:52:00Z,4443.2998046875,4443.60009765625,4442.2998046875,4443.2998046875,67.0,yahoo,GC=F
2026-09-08T11:53:00Z,4444.0,4444.2001953125,4442.5,4444.2001953125,28.0,yahoo,GC=F
2026-09-08T11:54:00Z,4443.89990234375,4445.10009765625,4443.7998046875,4445.10009765625,36.0,yahoo,GC=F
2026-09-08T11:55:00Z,4445.2998046875,4447.2998046875,4445.0,4446.7998046875,93.0,yahoo,GC=F
2026-09-08T11:56:00Z,4446.7998046875,4447.7001953125,4446.7998046875,4446.89990234375,66.0,yahoo,GC=F
2026-09-08T11:57:00Z,4446.89990234375,4447.5,4446.89990234375,4447.2998046875,12.0,yahoo,GC=F
2026-09-08T11:58:00Z,4447.2001953125,4450.0,4447.10009765625,4449.7998046875,48.0,yahoo,GC=F
2026-09-08T11:59:00Z,4449.7998046875,4451.60009765625,4449.5,4450.89990234375,102.0,yahoo,GC=F
2026-09-08T12:00:00Z,4450.89990234375,4451.39990234375,4447.7998046875,4448.7001953125,104.0,yahoo,GC=F
2026-09-08T12:01:00Z,4448.7001953125,4450.2998046875,4448.5,4449.5,62.0,yahoo,GC=F
2026-09-08T12:02:00Z,4449.10009765625,4449.5,4447.2001953125,4448.39990234375,83.0,yahoo,GC=F
2026-09-08T12:03:00Z,4448.2001953125,4448.2998046875,4447.10009765625,4447.2998046875,26.0,yahoo,GC=F
2026-09-08T12:04:00Z,4447.60009765625,4448.0,4447.2001953125,4447.5,41.0,yahoo,GC=F
2026-09-08T12:05:00Z,4447.5,4448.60009765625,4446.10009765625,4448.2001953125,297.0,yahoo,GC=F
2026-09-08T12:06:00Z,4448.2001953125,4448.2001953125,4446.7998046875,4447.39990234375,73.0,yahoo,GC=F
2026-09-08T12:07:00Z,4448.39990234375,4448.7998046875,4447.39990234375,4448.60009765625,98.0,yahoo,GC=F
2026-09-08T12:08:00Z,4448.60009765625,4448.7998046875,4447.2001953125,4447.89990234375,51.0,yahoo,GC=F
2026-09-08T12:09:00Z,4447.5,4448.7001953125,4447.10009765625,4448.7001953125,24.0,yahoo,GC=F
2026-09-08T12:10:00Z,4447.89990234375,4448.39990234375,4445.2001953125,4445.2998046875,419.0,yahoo,GC=F
2026-09-08T12:11:00Z,4445.2998046875,4445.2998046875,4442.60009765625,4443.0,276.0,yahoo,GC=F
2026-09-08T12:12:00Z,4443.39990234375,4444.0,4438.0,4438.0,328.0,yahoo,GC=F
2026-09-08T12:13:00Z,4437.89990234375,4439.60009765625,4436.2998046875,4436.7998046875,390.0,yahoo,GC=F
2026-09-08T12:14:00Z,4436.2998046875,4437.60009765625,4434.7998046875,4436.0,358.0,yahoo,GC=F
2026-09-08T12:15:00Z,4435.89990234375,4436.2001953125,4429.5,4432.10009765625,1217.0,yahoo,GC=F
2026-09-08T12:16:00Z,4432.2998046875,4434.7001953125,4432.10009765625,4433.7001953125,288.0,yahoo,GC=F
2026-09-08T12:17:00Z,4433.7998046875,4435.10009765625,4431.60009765625,4432.39990234375,293.0,yahoo,GC=F
2026-09-08T12:18:00Z,4432.10009765625,4435.2998046875,4431.2998046875,4433.7998046875,345.0,yahoo,GC=F
2026-09-08T12:19:00Z,4433.7998046875,4435.89990234375,4431.60009765625,4435.7998046875,215.0,yahoo,GC=F
2026-09-08T12:20:00Z,4435.7001953125,4438.7998046875,4431.5,4438.60009765625,598.0,yahoo,GC=F
2026-09-08T12:21:00Z,4438.7001953125,4440.89990234375,4437.7998046875,4438.2998046875,394.0,yahoo,GC=F
2026-09-08T12:22:00Z,4438.0,4438.5,4435.2001953125,4435.89990234375,180.0,yahoo,GC=F
2026-09-08T12:23:00Z,4435.7001953125,4438.39990234375,4434.60009765625,4438.10009765625,106.0,yahoo,GC=F
2026-09-08T12:24:00Z,4438.2001953125,4439.89990234375,4437.0,4439.5,84.0,yahoo,GC=F
2026-09-08T12:25:00Z,4439.2998046875,4441.2998046875,4438.39990234375,4440.89990234375,294.0,yahoo,GC=F
2026-09-08T12:26:00Z,4440.7001953125,4442.7001953125,4440.60009765625,4441.89990234375,620.0,yahoo,GC=F
2026-09-08T12:27:00Z,4441.89990234375,4443.60009765625,4440.7001953125,4442.89990234375,294.0,yahoo,GC=F
2026-09-08T12:28:00Z,4442.7001953125,4442.7001953125,4441.2001953125,4441.89990234375,92.0,yahoo,GC=F
2026-09-08T12:29:00Z,4442.0,4446.2001953125,4442.0,4446.2001953125,454.0,yahoo,GC=F
2026-09-08T12:30:00Z,4446.2998046875,4448.39990234375,4445.2998046875,4446.89990234375,262.0,yahoo,GC=F
2026-09-08T12:31:00Z,4446.5,4447.0,4445.10009765625,4445.2998046875,143.0,yahoo,GC=F
2026-09-08T12:32:00Z,4445.7998046875,4451.2998046875,4445.7998046875,4451.10009765625,213.0,yahoo,GC=F
2026-09-08T12:33:00Z,4451.0,4452.60009765625,4448.7001953125,4452.5,448.0,yahoo,GC=F
2026-09-08T12:34:00Z,4452.60009765625,4452.7001953125,4448.60009765625,4449.60009765625,158.0,yahoo,GC=F
2026-09-08T12:35:00Z,4449.7998046875,4449.89990234375,4445.7001953125,4446.7001953125,173.0,yahoo,GC=F
2026-09-08T12:36:00Z,4446.89990234375,4447.60009765625,4446.2001953125,4447.2998046875,100.0,yahoo,GC=F
2026-09-08T12:37:00Z,4447.7001953125,4448.10009765625,4445.2998046875,4446.0,82.0,yahoo,GC=F
2026-09-08T12:38:00Z,4446.0,4446.0,4442.60009765625,4444.0,73.0,yahoo,GC=F
2026-09-08T12:39:00Z,4443.7998046875,4446.39990234375,4443.7001953125,4445.39990234375,84.0,yahoo,GC=F
2026-09-08T12:40:00Z,4445.7998046875,4446.39990234375,4442.2001953125,4442.60009765625,154.0,yahoo,GC=F
2026-09-08T12:41:00Z,4442.5,4444.2001953125,4442.0,4444.0,84.0,yahoo,GC=F
2026-09-08T12:42:00Z,4443.7001953125,4443.89990234375,4442.5,4442.5,48.0,yahoo,GC=F
2026-09-08T12:43:00Z,4442.5,4442.7998046875,4439.7998046875,4440.39990234375,153.0,yahoo,GC=F
2026-09-08T12:44:00Z,4440.7001953125,4441.2998046875,4439.7001953125,4441.0,109.0,yahoo,GC=F
2026-09-08T12:45:00Z,4440.7998046875,4441.60009765625,4440.0,4441.5,72.0,yahoo,GC=F
2026-09-08T12:46:00Z,4441.10009765625,4443.39990234375,4440.7001953125,4441.39990234375,126.0,yahoo,GC=F
2026-09-08T12:47:00Z,4441.7001953125,4445.10009765625,4441.7001953125,4444.60009765625,137.0,yahoo,GC=F
2026-09-08T12:48:00Z,4444.5,4445.10009765625,4442.7998046875,4443.7998046875,49.0,yahoo,GC=F
2026-09-08T12:49:00Z,4443.2001953125,4446.89990234375,4443.2001953125,4446.7001953125,147.0,yahoo,GC=F
2026-09-08T12:50:00Z,4446.60009765625,4447.2998046875,4445.89990234375,4446.7001953125,113.0,yahoo,GC=F
2026-09-08T12:51:00Z,4446.89990234375,4447.5,4445.60009765625,4446.89990234375,85.0,yahoo,GC=F
2026-09-08T12:52:00Z,4446.89990234375,4448.0,4446.2998046875,4448.0,58.0,yahoo,GC=F
2026-09-08T12:53:00Z,4447.5,4447.5,4444.89990234375,4446.10009765625,73.0,yahoo,GC=F
2026-09-08T12:54:00Z,4446.0,4448.2001953125,4445.7998046875,4448.0,51.0,yahoo,GC=F
2026-09-08T12:55:00Z,4447.7998046875,4449.89990234375,4447.2998046875,4449.89990234375,67.0,yahoo,GC=F
2026-09-08T12:56:00Z,4449.89990234375,4451.10009765625,4448.5,4448.89990234375,477.0,yahoo,GC=F
2026-09-08T12:57:00Z,4449.2998046875,4451.60009765625,4449.10009765625,4451.2001953125,99.0,yahoo,GC=F
2026-09-08T12:58:00Z,4451.10009765625,4452.5,4450.39990234375,4452.5,201.0,yahoo,GC=F
2026-09-08T12:59:00Z,4452.5,4456.2998046875,4452.5,4456.10009765625,480.0,yahoo,GC=F
2026-09-08T13:00:00Z,4456.2998046875,4457.89990234375,4450.5,4452.10009765625,682.0,yahoo,GC=F
2026-09-08T13:01:00Z,4451.60009765625,4452.60009765625,4448.7001953125,4449.0,400.0,yahoo,GC=F
2026-09-08T13:02:00Z,4449.2001953125,4449.5,4447.2998046875,4448.10009765625,272.0,yahoo,GC=F
2026-09-08T13:03:00Z,4447.89990234375,4450.0,4447.5,4448.2998046875,206.0,yahoo,GC=F
2026-09-08T13:04:00Z,4447.60009765625,4450.7001953125,4446.60009765625,4450.7001953125,188.0,yahoo,GC=F
2026-09-08T13:05:00Z,4450.60009765625,4451.2998046875,4449.2001953125,4451.10009765625,186.0,yahoo,GC=F
2026-09-08T13:06:00Z,4450.7001953125,4450.7998046875,4448.39990234375,4448.39990234375,114.0,yahoo,GC=F
2026-09-08T13:07:00Z,4448.5,4450.7998046875,4447.60009765625,4450.2001953125,221.0,yahoo,GC=F
2026-09-08T13:08:00Z,4449.89990234375,4450.7998046875,4447.5,4447.5,130.0,yahoo,GC=F
2026-09-08T13:09:00Z,4447.2998046875,4449.2001953125,4447.0,4449.2001953125,94.0,yahoo,GC=F
2026-09-08T13:10:00Z,4448.39990234375,4450.5,4448.2998046875,4450.2001953125,40.0,yahoo,GC=F
2026-09-08T13:11:00Z,4450.5,4451.0,4449.5,4449.5,60.0,yahoo,GC=F
2026-09-08T13:12:00Z,4449.89990234375,4452.2001953125,4449.89990234375,4451.0,101.0,yahoo,GC=F
2026-09-08T13:13:00Z,4450.7001953125,4451.89990234375,4450.60009765625,4451.2001953125,55.0,yahoo,GC=F
2026-09-08T13:14:00Z,4451.60009765625,4453.2998046875,4450.89990234375,4453.0,109.0,yahoo,GC=F
2026-09-08T13:15:00Z,4453.10009765625,4453.10009765625,4450.7001953125,4451.7001953125,69.0,yahoo,GC=F
2026-09-08T13:16:00Z,4451.7001953125,4453.2998046875,4450.0,4451.0,94.0,yahoo,GC=F
2026-09-08T13:17:00Z,4451.0,4454.10009765625,4451.0,4453.2001953125,85.0,yahoo,GC=F
2026-09-08T13:18:00Z,4452.60009765625,4454.39990234375,4452.60009765625,4454.10009765625,70.0,yahoo,GC=F
2026-09-08T13:19:00Z,4454.5,4455.5,4451.89990234375,4452.39990234375,90.0,yahoo,GC=F
2026-09-08T13:20:00Z,4452.2998046875,4453.2998046875,4450.2998046875,4451.10009765625,148.0,yahoo,GC=F
2026-09-08T13:21:00Z,4451.0,4451.0,4448.60009765625,4449.5,89.0,yahoo,GC=F
2026-09-08T13:22:00Z,4449.89990234375,4450.39990234375,4448.89990234375,4449.5,73.0,yahoo,GC=F
2026-09-08T13:23:00Z,4449.7998046875,4452.10009765625,4449.7998046875,4451.89990234375,78.0,yahoo,GC=F
2026-09-08T13:24:00Z,4451.89990234375,4452.60009765625,4447.60009765625,4447.60009765625,68.0,yahoo,GC=F
2026-09-08T13:25:00Z,4447.7998046875,4448.89990234375,4446.7998046875,4447.2001953125,93.0,yahoo,GC=F
2026-09-08T13:26:00Z,4447.2998046875,4447.5,4445.0,4447.5,156.0,yahoo,GC=F
2026-09-08T13:27:00Z,4447.39990234375,4448.0,4444.5,4444.89990234375,95.0,yahoo,GC=F
2026-09-08T13:28:00Z,4444.89990234375,4445.2998046875,4444.10009765625,4444.7001953125,72.0,yahoo,GC=F
2026-09-08T13:29:00Z,4444.39990234375,4445.7001953125,4443.5,4444.7998046875,110.0,yahoo,GC=F
2026-09-08T13:30:00Z,4444.89990234375,4450.2998046875,4444.2998046875,4449.7001953125,316.0,yahoo,GC=F
2026-09-08T13:31:00Z,4449.60009765625,4450.0,4447.5,4447.5,121.0,yahoo,GC=F
2026-09-08T13:32:00Z,4447.5,4447.5,4442.7998046875,4444.60009765625,212.0,yahoo,GC=F
2026-09-08T13:33:00Z,4444.39990234375,4448.7998046875,4443.5,4447.7998046875,82.0,yahoo,GC=F
2026-09-08T13:34:00Z,4447.10009765625,4447.60009765625,4442.39990234375,4442.89990234375,160.0,yahoo,GC=F
2026-09-08T13:35:00Z,4442.5,4443.0,4440.39990234375,4442.0,340.0,yahoo,GC=F
2026-09-08T13:36:00Z,4442.39990234375,4444.0,4441.10009765625,4441.7998046875,224.0,yahoo,GC=F
2026-09-08T13:37:00Z,4442.10009765625,4445.0,4441.10009765625,4445.0,104.0,yahoo,GC=F
2026-09-08T13:38:00Z,4445.10009765625,4447.2998046875,4443.5,4444.10009765625,152.0,yahoo,GC=F
2026-09-08T13:39:00Z,4445.0,4446.5,4443.2998046875,4444.89990234375,64.0,yahoo,GC=F
2026-09-08T13:40:00Z,4444.2998046875,4444.2998046875,4440.0,4440.10009765625,395.0,yahoo,GC=F
2026-09-08T13:41:00Z,4440.39990234375,4441.2998046875,4438.7001953125,4440.39990234375,203.0,yahoo,GC=F
2026-09-08T13:42:00Z,4440.0,4440.0,4434.7001953125,4437.0,781.0,yahoo,GC=F
2026-09-08T13:43:00Z,4437.0,4439.60009765625,4436.2001953125,4439.2998046875,185.0,yahoo,GC=F
2026-09-08T13:44:00Z,4439.5,4442.5,4439.5,4441.10009765625,146.0,yahoo,GC=F
2026-09-08T13:45:00Z,4440.89990234375,4444.39990234375,4438.89990234375,4439.2001953125,181.0,yahoo,GC=F
2026-09-08T13:46:00Z,4439.10009765625,4443.5,4439.10009765625,4443.39990234375,130.0,yahoo,GC=F
2026-09-08T13:47:00Z,4443.60009765625,4445.5,4442.0,4442.2998046875,239.0,yahoo,GC=F
2026-09-08T13:48:00Z,4442.7001953125,4446.7998046875,4442.60009765625,4443.7998046875,140.0,yahoo,GC=F
2026-09-08T13:49:00Z,4443.7998046875,4447.5,4443.0,4447.2998046875,142.0,yahoo,GC=F
2026-09-08T13:50:00Z,4447.2998046875,4447.7998046875,4445.60009765625,4446.89990234375,130.0,yahoo,GC=F
2026-09-08T13:51:00Z,4446.89990234375,4446.89990234375,4443.2001953125,4444.89990234375,111.0,yahoo,GC=F
2026-09-08T13:52:00Z,4444.89990234375,4444.89990234375,4441.89990234375,4442.7998046875,206.0,yahoo,GC=F
2026-09-08T13:53:00Z,4442.89990234375,4443.7001953125,4442.0,4443.0,94.0,yahoo,GC=F
2026-09-08T13:54:00Z,4442.89990234375,4449.2998046875,4442.89990234375,4449.2998046875,195.0,yahoo,GC=F
2026-09-08T13:55:00Z,4448.7001953125,4451.7001953125,4448.2998046875,4451.39990234375,514.0,yahoo,GC=F
2026-09-08T13:56:00Z,4451.60009765625,4452.0,4448.0,4449.7001953125,242.0,yahoo,GC=F
2026-09-08T13:57:00Z,4449.60009765625,4450.7001953125,4448.5,4448.89990234375,141.0,yahoo,GC=F
2026-09-08T13:58:00Z,4448.7998046875,4449.2001953125,4445.39990234375,4445.7001953125,151.0,yahoo,GC=F
2026-09-08T13:59:00Z,4445.7998046875,4446.10009765625,4440.10009765625,4440.2998046875,651.0,yahoo,GC=F
2026-09-08T14:00:00Z,4440.2998046875,4444.2001953125,4439.2998046875,4443.60009765625,241.0,yahoo,GC=F
2026-09-08T14:01:00Z,4443.5,4446.39990234375,4443.2998046875,4445.0,301.0,yahoo,GC=F
2026-09-08T14:02:00Z,4445.10009765625,4445.89990234375,4441.39990234375,4443.2001953125,282.0,yahoo,GC=F
2026-09-08T14:03:00Z,4442.7998046875,4444.60009765625,4441.39990234375,4444.39990234375,131.0,yahoo,GC=F
2026-09-08T14:04:00Z,4444.39990234375,4447.0,4442.60009765625,4446.7001953125,211.0,yahoo,GC=F
2026-09-08T14:05:00Z,4446.7998046875,4447.7001953125,4444.5,4445.2998046875,168.0,yahoo,GC=F
2026-09-08T14:06:00Z,4445.39990234375,4445.60009765625,4443.10009765625,4445.2001953125,298.0,yahoo,GC=F
2026-09-08T14:07:00Z,4445.5,4447.60009765625,4444.2001953125,4444.2001953125,112.0,yahoo,GC=F
2026-09-08T14:08:00Z,4444.2998046875,4446.2998046875,4443.2998046875,4446.0,80.0,yahoo,GC=F
2026-09-08T14:09:00Z,4445.89990234375,4447.39990234375,4444.0,4444.0,110.0,yahoo,GC=F
2026-09-08T14:10:00Z,4443.60009765625,4443.7001953125,4441.0,4443.0,116.0,yahoo,GC=F
2026-09-08T14:11:00Z,4442.2998046875,4443.5,4441.0,4442.2001953125,105.0,yahoo,GC=F
2026-09-08T14:12:00Z,4442.10009765625,4443.7001953125,4441.7998046875,4443.60009765625,56.0,yahoo,GC=F
2026-09-08T14:13:00Z,4443.60009765625,4443.60009765625,4440.0,4440.39990234375,209.0,yahoo,GC=F
2026-09-08T14:14:00Z,4440.60009765625,4441.5,4436.2001953125,4439.2998046875,211.0,yahoo,GC=F
2026-09-08T14:15:00Z,4439.2001953125,4440.89990234375,4438.89990234375,4440.5,111.0,yahoo,GC=F
2026-09-08T14:16:00Z,4440.7998046875,4441.39990234375,4438.7998046875,4441.10009765625,216.0,yahoo,GC=F
2026-09-08T14:17:00Z,4441.2998046875,4443.2001953125,4440.5,4441.60009765625,133.0,yahoo,GC=F
2026-09-08T14:18:00Z,4442.0,4445.2001953125,4441.60009765625,4445.10009765625,174.0,yahoo,GC=F
2026-09-08T14:19:00Z,4444.89990234375,4445.2998046875,4443.7001953125,4444.60009765625,136.0,yahoo,GC=F
2026-09-08T14:20:00Z,4444.7998046875,4445.5,4440.60009765625,4442.2998046875,201.0,yahoo,GC=F
2026-09-08T14:21:00Z,4442.7001953125,4443.7998046875,4442.0,4442.7998046875,64.0,yahoo,GC=F
2026-09-08T14:22:00Z,4442.39990234375,4443.7001953125,4442.39990234375,4442.39990234375,79.0,yahoo,GC=F
2026-09-08T14:23:00Z,4442.2998046875,4445.5,4441.7001953125,4445.2998046875,109.0,yahoo,GC=F
2026-09-08T14:24:00Z,4445.7998046875,4447.2001953125,4445.2001953125,4447.0,195.0,yahoo,GC=F
2026-09-08T14:25:00Z,4447.0,4448.39990234375,4446.60009765625,4448.39990234375,178.0,yahoo,GC=F
2026-09-08T14:26:00Z,4448.2998046875,4448.7998046875,4447.2001953125,4447.5,139.0,yahoo,GC=F
2026-09-08T14:27:00Z,4447.2998046875,4448.39990234375,4446.5,4448.0,129.0,yahoo,GC=F
2026-09-08T14:28:00Z,4448.10009765625,4449.0,4444.0,4444.39990234375,140.0,yahoo,GC=F
2026-09-08T14:29:00Z,4444.5,4445.2998046875,4441.2998046875,4441.5,171.0,yahoo,GC=F
2026-09-08T14:30:00Z,4442.0,4442.60009765625,4440.2001953125,4442.60009765625,155.0,yahoo,GC=F
2026-09-08T14:31:00Z,4442.2998046875,4442.60009765625,4440.89990234375,4441.10009765625,99.0,yahoo,GC=F
2026-09-08T14:32:00Z,4441.2001953125,4443.89990234375,4440.7001953125,4442.89990234375,118.0,yahoo,GC=F
2026-09-08T14:33:00Z,4442.7998046875,4444.60009765625,4441.39990234375,4441.5,161.0,yahoo,GC=F
2026-09-08T14:34:00Z,4441.5,4443.7001953125,4441.2001953125,4443.7001953125,63.0,yahoo,GC=F
2026-09-08T14:35:00Z,4443.39990234375,4444.10009765625,4442.7998046875,4444.0,100.0,yahoo,GC=F
2026-09-08T14:36:00Z,4443.7998046875,4444.5,4442.60009765625,4443.39990234375,143.0,yahoo,GC=F
2026-09-08T14:37:00Z,4443.10009765625,4446.0,4442.2998046875,4445.5,205.0,yahoo,GC=F
2026-09-08T14:38:00Z,4445.2998046875,4445.7998046875,4443.2998046875,4445.2998046875,107.0,yahoo,GC=F
2026-09-08T14:39:00Z,4445.2001953125,4445.7998046875,4440.5,4440.7998046875,150.0,yahoo,GC=F
2026-09-08T14:40:00Z,4440.5,4441.0,4438.60009765625,4438.7998046875,194.0,yahoo,GC=F
2026-09-08T14:41:00Z,4439.2998046875,4440.10009765625,4437.7001953125,4438.10009765625,129.0,yahoo,GC=F
2026-09-08T14:42:00Z,4438.2998046875,4439.2998046875,4437.7001953125,4438.39990234375,219.0,yahoo,GC=F
2026-09-08T14:43:00Z,4438.2001953125,4439.39990234375,4438.2001953125,4438.5,113.0,yahoo,GC=F
2026-09-08T14:44:00Z,4438.7001953125,4442.89990234375,4438.7001953125,4442.10009765625,223.0,yahoo,GC=F
2026-09-08T14:45:00Z,4442.60009765625,4442.60009765625,4440.60009765625,4440.60009765625,97.0,yahoo,GC=F
2026-09-08T14:46:00Z,4440.7001953125,4444.10009765625,4440.60009765625,4443.5,223.0,yahoo,GC=F
2026-09-08T14:47:00Z,4443.7001953125,4443.7998046875,4440.2001953125,4442.0,440.0,yahoo,GC=F
2026-09-08T14:48:00Z,4442.10009765625,4442.2001953125,4436.89990234375,4438.0,177.0,yahoo,GC=F
2026-09-08T14:49:00Z,4438.0,4438.7001953125,4437.7998046875,4438.39990234375,180.0,yahoo,GC=F
2026-09-08T14:50:00Z,4438.2998046875,4439.5,4435.7998046875,4438.0,330.0,yahoo,GC=F
2026-09-08T14:51:00Z,4438.0,4439.39990234375,4435.5,4436.0,370.0,yahoo,GC=F
2026-09-08T14:52:00Z,4435.89990234375,4436.7001953125,4433.7001953125,4436.10009765625,425.0,yahoo,GC=F
2026-09-08T14:53:00Z,4436.0,4438.7001953125,4435.5,4438.7001953125,242.0,yahoo,GC=F
2026-09-08T14:54:00Z,4438.7001953125,4440.7001953125,4438.2998046875,4438.60009765625,183.0,yahoo,GC=F
2026-09-08T14:55:00Z,4438.39990234375,4440.60009765625,4437.2001953125,4439.7998046875,247.0,yahoo,GC=F
2026-09-08T14:56:00Z,4439.89990234375,4440.10009765625,4438.5,4439.89990234375,63.0,yahoo,GC=F
2026-09-08T14:57:00Z,4440.0,4440.60009765625,4439.7001953125,4440.39990234375,84.0,yahoo,GC=F
2026-09-08T14:58:00Z,4440.2001953125,4440.5,4438.2001953125,4438.5,103.0,yahoo,GC=F
2026-09-08T14:59:00Z,4438.60009765625,4443.5,4438.39990234375,4443.39990234375,181.0,yahoo,GC=F
2026-09-08T15:00:00Z,4443.7998046875,4444.89990234375,4442.5,4444.39990234375,249.0,yahoo,GC=F
2026-09-08T15:01:00Z,4444.5,4446.7001953125,4444.5,4446.2001953125,376.0,yahoo,GC=F
2026-09-08T15:02:00Z,4446.0,4448.5,4445.2998046875,4448.2001953125,198.0,yahoo,GC=F
2026-09-08T15:03:00Z,4448.2998046875,4452.10009765625,4447.5,4451.2001953125,387.0,yahoo,GC=F
2026-09-08T15:04:00Z,4451.2001953125,4451.39990234375,4447.7001953125,4448.2998046875,232.0,yahoo,GC=F
2026-09-08T15:05:00Z,4448.39990234375,4448.7001953125,4446.89990234375,4448.2998046875,156.0,yahoo,GC=F
2026-09-08T15:06:00Z,4448.39990234375,4448.60009765625,4447.5,4447.60009765625,50.0,yahoo,GC=F
2026-09-08T15:07:00Z,4447.39990234375,4447.39990234375,4445.7998046875,4446.2001953125,106.0,yahoo,GC=F
2026-09-08T15:08:00Z,4446.39990234375,4448.0,4446.10009765625,4447.7998046875,101.0,yahoo,GC=F
2026-09-08T15:09:00Z,4448.0,4449.2001953125,4447.2998046875,4448.7001953125,108.0,yahoo,GC=F
2026-09-08T15:10:00Z,4448.7998046875,4451.60009765625,4448.7998046875,4450.39990234375,139.0,yahoo,GC=F
2026-09-08T15:11:00Z,4450.5,4453.2001953125,4450.39990234375,4453.10009765625,262.0,yahoo,GC=F
2026-09-08T15:12:00Z,4453.0,4453.7001953125,4450.10009765625,4451.0,185.0,yahoo,GC=F
2026-09-08T15:13:00Z,4451.10009765625,4451.7001953125,4450.0,4450.60009765625,72.0,yahoo,GC=F
2026-09-08T15:14:00Z,4451.10009765625,4451.10009765625,4449.0,4450.0,109.0,yahoo,GC=F
2026-09-08T15:15:00Z,4450.0,4453.60009765625,4449.7998046875,4452.89990234375,85.0,yahoo,GC=F
2026-09-08T15:16:00Z,4453.10009765625,4453.5,4452.10009765625,4453.2998046875,107.0,yahoo,GC=F
2026-09-08T15:17:00Z,4453.39990234375,4454.5,4452.2001953125,4454.5,82.0,yahoo,GC=F
2026-09-08T15:18:00Z,4454.2001953125,4454.39990234375,4451.39990234375,4452.5,143.0,yahoo,GC=F
2026-09-08T15:19:00Z,4452.5,4452.60009765625,4450.7001953125,4450.89990234375,140.0,yahoo,GC=F
2026-09-08T15:20:00Z,4450.7001953125,4451.10009765625,4448.2998046875,4448.60009765625,198.0,yahoo,GC=F
2026-09-08T15:21:00Z,4448.39990234375,4448.39990234375,4445.39990234375,4445.39990234375,200.0,yahoo,GC=F
2026-09-08T15:22:00Z,4445.60009765625,4445.60009765625,4442.0,4443.10009765625,422.0,yahoo,GC=F
2026-09-08T15:23:00Z,4442.5,4443.10009765625,4441.60009765625,4442.2998046875,126.0,yahoo,GC=F
2026-09-08T15:24:00Z,4442.2001953125,4444.0,4442.10009765625,4443.39990234375,77.0,yahoo,GC=F
2026-09-08T15:25:00Z,4443.5,4450.5,4443.2001953125,4447.2001953125,1000.0,yahoo,GC=F
2026-09-08T15:26:00Z,4447.39990234375,4448.89990234375,4445.7001953125,4448.89990234375,158.0,yahoo,GC=F
2026-09-08T15:27:00Z,4448.5,4448.5,4444.10009765625,4444.2998046875,268.0,yahoo,GC=F
2026-09-08T15:28:00Z,4444.39990234375,4446.2001953125,4444.39990234375,4445.2001953125,68.0,yahoo,GC=F
2026-09-08T15:29:00Z,4445.2001953125,4445.2998046875,4443.60009765625,4444.39990234375,44.0,yahoo,GC=F
2026-09-08T15:30:00Z,4444.39990234375,4446.60009765625,4444.2998046875,4445.5,79.0,yahoo,GC=F
2026-09-08T15:31:00Z,4445.60009765625,4447.7001953125,4445.5,4447.39990234375,145.0,yahoo,GC=F
2026-09-08T15:32:00Z,4447.39990234375,4448.7998046875,4446.7998046875,4448.10009765625,97.0,yahoo,GC=F
2026-09-08T15:33:00Z,4448.2001953125,4448.5,4447.2998046875,4447.7998046875,54.0,yahoo,GC=F
2026-09-08T15:34:00Z,4447.7001953125,4449.2998046875,4446.89990234375,4449.2001953125,171.0,yahoo,GC=F
2026-09-08T15:35:00Z,4449.2001953125,4449.2998046875,4447.39990234375,4447.7998046875,133.0,yahoo,GC=F
2026-09-08T15:36:00Z,4447.60009765625,4447.7001953125,4444.10009765625,4444.39990234375,125.0,yahoo,GC=F
2026-09-08T15:37:00Z,4444.39990234375,4445.10009765625,4443.60009765625,4444.5,44.0,yahoo,GC=F
2026-09-08T15:38:00Z,4444.60009765625,4446.0,4444.39990234375,4445.7998046875,63.0,yahoo,GC=F
2026-09-08T15:39:00Z,4445.2998046875,4445.60009765625,4444.2001953125,4445.0,47.0,yahoo,GC=F
2026-09-08T15:40:00Z,4444.2998046875,4444.2998046875,4443.0,4443.0,35.0,yahoo,GC=F
2026-09-08T15:41:00Z,4443.2001953125,4444.2998046875,4443.10009765625,4443.60009765625,44.0,yahoo,GC=F
2026-09-08T15:42:00Z,4443.7998046875,4444.7001953125,4443.60009765625,4443.7001953125,61.0,yahoo,GC=F
2026-09-08T15:43:00Z,4443.7001953125,4444.7001953125,4442.39990234375,4444.60009765625,84.0,yahoo,GC=F
2026-09-08T15:44:00Z,4444.7001953125,4446.2001953125,4444.7001953125,4445.2001953125,110.0,yahoo,GC=F
2026-09-08T15:45:00Z,4445.5,4445.5,4442.7998046875,4443.89990234375,137.0,yahoo,GC=F
2026-09-08T15:46:00Z,4443.7998046875,4443.7998046875,4442.5,4442.7998046875,63.0,yahoo,GC=F
2026-09-08T15:47:00Z,4442.89990234375,4442.89990234375,4440.89990234375,4441.7998046875,245.0,yahoo,GC=F
2026-09-08T15:48:00Z,4442.0,4444.10009765625,4441.5,4441.7998046875,83.0,yahoo,GC=F
2026-09-08T15:49:00Z,4441.5,4442.7998046875,4441.5,4442.0,30.0,yahoo,GC=F
2026-09-08T15:50:00Z,4441.5,4445.7998046875,4441.5,4443.2998046875,341.0,yahoo,GC=F
2026-09-08T15:51:00Z,4443.39990234375,4443.89990234375,4442.5,4443.7998046875,41.0,yahoo,GC=F
2026-09-08T15:52:00Z,4444.10009765625,4444.2001953125,4443.2998046875,4443.39990234375,22.0,yahoo,GC=F
2026-09-08T15:53:00Z,4443.7001953125,4445.39990234375,4443.60009765625,4443.89990234375,86.0,yahoo,GC=F
2026-09-08T15:54:00Z,4444.10009765625,4444.7001953125,4442.2001953125,4442.7998046875,127.0,yahoo,GC=F
2026-09-08T15:55:00Z,4442.7001953125,4444.10009765625,4442.5,4444.0,66.0,yahoo,GC=F
2026-09-08T15:56:00Z,4443.89990234375,4444.0,4443.2998046875,4443.5,57.0,yahoo,GC=F
2026-09-08T15:57:00Z,4443.0,4443.39990234375,4441.60009765625,4441.60009765625,60.0,yahoo,GC=F
2026-09-08T15:58:00Z,4441.60009765625,4442.5,4441.60009765625,4441.89990234375,77.0,yahoo,GC=F
2026-09-08T15:59:00Z,4441.7998046875,4442.39990234375,4439.7998046875,4439.7998046875,152.0,yahoo,GC=F
2026-09-08T16:00:00Z,4440.0,4440.39990234375,4438.60009765625,4439.2998046875,200.0,yahoo,GC=F
2026-09-08T16:01:00Z,4439.0,4439.10009765625,4437.2998046875,4437.89990234375,294.0,yahoo,GC=F
2026-09-08T16:02:00Z,4438.0,4438.2001953125,4436.39990234375,4437.60009765625,161.0,yahoo,GC=F
2026-09-08T16:03:00Z,4437.60009765625,4438.2998046875,4436.89990234375,4437.0,96.0,yahoo,GC=F
2026-09-08T16:04:00Z,4436.7998046875,4440.0,4436.60009765625,4439.89990234375,64.0,yahoo,GC=F
2026-09-08T16:05:00Z,4439.7001953125,4439.7998046875,4438.7998046875,4439.7998046875,41.0,yahoo,GC=F
2026-09-08T16:06:00Z,4440.0,4440.0,4438.60009765625,4438.7998046875,48.0,yahoo,GC=F
2026-09-08T16:07:00Z,4438.60009765625,4438.7001953125,4436.60009765625,4437.2001953125,89.0,yahoo,GC=F
2026-09-08T16:08:00Z,4437.10009765625,4437.60009765625,4434.89990234375,4435.2001953125,160.0,yahoo,GC=F
2026-09-08T16:09:00Z,4435.10009765625,4435.7001953125,4425.10009765625,4426.10009765625,1571.0,yahoo,GC=F
2026-09-08T16:10:00Z,4426.2001953125,4430.7998046875,4426.0,4428.2998046875,1225.0,yahoo,GC=F
2026-09-08T16:11:00Z,4427.89990234375,4429.60009765625,4425.60009765625,4427.7998046875,407.0,yahoo,GC=F
2026-09-08T16:12:00Z,4427.89990234375,4428.89990234375,4426.10009765625,4426.2001953125,277.0,yahoo,GC=F
2026-09-08T16:13:00Z,4425.89990234375,4430.39990234375,4425.89990234375,4430.39990234375,192.0,yahoo,GC=F
2026-09-08T16:14:00Z,4430.60009765625,4431.5,4430.2998046875,4431.5,157.0,yahoo,GC=F
2026-09-08T16:15:00Z,4431.39990234375,4432.60009765625,4429.5,4431.2001953125,216.0,yahoo,GC=F
2026-09-08T16:16:00Z,4431.10009765625,4431.7998046875,4429.89990234375,4431.7998046875,151.0,yahoo,GC=F
2026-09-08T16:17:00Z,4431.7998046875,4432.2001953125,4430.2001953125,4430.60009765625,90.0,yahoo,GC=F
2026-09-08T16:18:00Z,4430.5,4431.39990234375,4429.7998046875,4429.7998046875,100.0,yahoo,GC=F
2026-09-08T16:19:00Z,4430.10009765625,4430.7998046875,4428.7998046875,4430.2998046875,144.0,yahoo,GC=F
2026-09-08T16:20:00Z,4430.5,4434.10009765625,4430.2001953125,4433.5,177.0,yahoo,GC=F
2026-09-08T16:21:00Z,4433.60009765625,4435.0,4431.89990234375,4434.89990234375,119.0,yahoo,GC=F
2026-09-08T16:22:00Z,4435.0,4437.39990234375,4434.5,4437.10009765625,272.0,yahoo,GC=F
2026-09-08T16:23:00Z,4437.10009765625,4437.5,4436.5,4436.60009765625,89.0,yahoo,GC=F
2026-09-08T16:24:00Z,4436.7998046875,4437.89990234375,4436.0,4437.7001953125,77.0,yahoo,GC=F
2026-09-08T16:25:00Z,4437.5,4440.5,4435.7998046875,4438.2998046875,511.0,yahoo,GC=F
2026-09-08T16:26:00Z,4438.2998046875,4439.0,4437.10009765625,4437.5,107.0,yahoo,GC=F
2026-09-08T16:27:00Z,4437.5,4437.89990234375,4436.5,4436.89990234375,125.0,yahoo,GC=F
2026-09-08T16:28:00Z,4436.7998046875,4438.60009765625,4436.7998046875,4438.39990234375,46.0,yahoo,GC=F
2026-09-08T16:29:00Z,4438.2998046875,4439.2998046875,4438.0,4438.89990234375,94.0,yahoo,GC=F
2026-09-08T16:30:00Z,4438.89990234375,4440.89990234375,4437.60009765625,4440.2998046875,207.0,yahoo,GC=F
2026-09-08T16:31:00Z,4440.39990234375,4441.39990234375,4439.60009765625,4440.0,122.0,yahoo,GC=F
2026-09-08T16:32:00Z,4440.10009765625,4440.2001953125,4439.60009765625,4439.89990234375,51.0,yahoo,GC=F
2026-09-08T16:33:00Z,4439.7001953125,4439.7001953125,4438.10009765625,4439.60009765625,114.0,yahoo,GC=F
2026-09-08T16:34:00Z,4439.7001953125,4440.39990234375,4439.39990234375,4439.7998046875,35.0,yahoo,GC=F
2026-09-08T16:35:00Z,4439.60009765625,4441.10009765625,4439.5,4440.2001953125,81.0,yahoo,GC=F
2026-09-08T16:36:00Z,4440.0,4440.89990234375,4439.5,4439.7001953125,57.0,yahoo,GC=F
2026-09-08T16:37:00Z,4439.7998046875,4440.0,4438.7998046875,4439.2998046875,54.0,yahoo,GC=F
2026-09-08T16:38:00Z,4439.10009765625,4439.7001953125,4438.5,4439.7001953125,46.0,yahoo,GC=F
2026-09-08T16:39:00Z,4439.60009765625,4439.7001953125,4439.0,4439.2998046875,60.0,yahoo,GC=F
2026-09-08T16:40:00Z,4439.5,4440.2998046875,4438.39990234375,4438.89990234375,84.0,yahoo,GC=F
2026-09-08T16:41:00Z,4438.7998046875,4440.0,4438.2998046875,4440.0,53.0,yahoo,GC=F
2026-09-08T16:42:00Z,4440.0,4440.2998046875,4439.39990234375,4440.10009765625,80.0,yahoo,GC=F
2026-09-08T16:43:00Z,4440.2001953125,4440.39990234375,4438.2998046875,4438.7001953125,92.0,yahoo,GC=F
2026-09-08T16:44:00Z,4438.5,4439.0,4438.2998046875,4438.7998046875,24.0,yahoo,GC=F
2026-09-08T16:45:00Z,4438.89990234375,4439.39990234375,4437.39990234375,4437.7001953125,189.0,yahoo,GC=F
2026-09-08T16:46:00Z,4437.60009765625,4438.39990234375,4437.5,4437.7998046875,38.0,yahoo,GC=F
2026-09-08T16:47:00Z,4438.0,4438.39990234375,4437.39990234375,4437.39990234375,60.0,yahoo,GC=F
2026-09-08T16:48:00Z,4437.2998046875,4438.60009765625,4436.7001953125,4437.7001953125,62.0,yahoo,GC=F
2026-09-08T16:49:00Z,4437.7001953125,4438.89990234375,4437.39990234375,4438.60009765625,40.0,yahoo,GC=F
2026-09-08T16:50:00Z,4438.7001953125,4443.39990234375,4438.10009765625,4441.10009765625,619.0,yahoo,GC=F
2026-09-08T16:51:00Z,4440.7998046875,4440.7998046875,4437.60009765625,4437.60009765625,130.0,yahoo,GC=F
2026-09-08T16:52:00Z,4437.89990234375,4439.5,4437.7998046875,4438.7001953125,62.0,yahoo,GC=F
2026-09-08T16:53:00Z,4438.39990234375,4439.60009765625,4437.7998046875,4439.2998046875,75.0,yahoo,GC=F
2026-09-08T16:54:00Z,4439.10009765625,4439.5,4438.60009765625,4439.10009765625,29.0,yahoo,GC=F
2026-09-08T16:55:00Z,4438.7998046875,4440.2001953125,4438.7998046875,4439.7998046875,55.0,yahoo,GC=F
2026-09-08T16:56:00Z,4439.5,4439.5,4434.89990234375,4437.39990234375,374.0,yahoo,GC=F
2026-09-08T16:57:00Z,4437.60009765625,4439.7998046875,4437.2001953125,4439.7998046875,187.0,yahoo,GC=F
2026-09-08T16:58:00Z,4439.89990234375,4440.0,4439.0,4439.10009765625,47.0,yahoo,GC=F
2026-09-08T16:59:00Z,4439.10009765625,4439.2998046875,4435.39990234375,4438.2998046875,385.0,yahoo,GC=F
2026-09-08T17:00:00Z,4438.39990234375,4440.7001953125,4438.39990234375,4440.60009765625,169.0,yahoo,GC=F
2026-09-08T17:01:00Z,4440.5,4441.7001953125,4440.10009765625,4441.7001953125,110.0,yahoo,GC=F
2026-09-08T17:02:00Z,4441.5,4443.89990234375,4441.2998046875,4443.39990234375,224.0,yahoo,GC=F
2026-09-08T17:03:00Z,4443.39990234375,4444.60009765625,4443.0,4444.60009765625,105.0,yahoo,GC=F
2026-09-08T17:04:00Z,4444.60009765625,4446.60009765625,4444.2001953125,4446.10009765625,376.0,yahoo,GC=F
2026-09-08T17:05:00Z,4446.60009765625,4448.60009765625,4445.7001953125,4445.7998046875,311.0,yahoo,GC=F
2026-09-08T17:06:00Z,4445.7998046875,4446.2001953125,4444.7998046875,4445.7001953125,160.0,yahoo,GC=F
2026-09-08T17:07:00Z,4445.7001953125,4445.7998046875,4444.0,4444.0,74.0,yahoo,GC=F
2026-09-08T17:08:00Z,4443.7998046875,4443.89990234375,4442.60009765625,4443.39990234375,93.0,yahoo,GC=F
2026-09-08T17:09:00Z,4443.5,4443.89990234375,4442.2998046875,4442.7001953125,68.0,yahoo,GC=F
2026-09-08T17:10:00Z,4443.0,4444.10009765625,4442.60009765625,4443.10009765625,74.0,yahoo,GC=F
2026-09-08T17:11:00Z,4442.89990234375,4442.89990234375,4441.5,4441.89990234375,67.0,yahoo,GC=F
2026-09-08T17:12:00Z,4441.60009765625,4441.7001953125,4440.2998046875,4440.39990234375,88.0,yahoo,GC=F
2026-09-08T17:13:00Z,4440.2998046875,4441.0,4440.0,4440.0,68.0,yahoo,GC=F
2026-09-08T17:14:00Z,4440.2001953125,4440.89990234375,4439.39990234375,4440.2998046875,56.0,yahoo,GC=F
2026-09-08T17:15:00Z,4440.39990234375,4441.2998046875,4440.39990234375,4441.2998046875,75.0,yahoo,GC=F
2026-09-08T17:16:00Z,4441.5,4442.0,4441.2001953125,4441.60009765625,53.0,yahoo,GC=F
2026-09-08T17:17:00Z,4441.2998046875,4442.2998046875,4440.89990234375,4440.89990234375,93.0,yahoo,GC=F
2026-09-08T17:18:00Z,4440.7001953125,4441.7001953125,4440.7001953125,4441.2001953125,31.0,yahoo,GC=F
2026-09-08T17:19:00Z,4441.7998046875,4442.2998046875,4441.2998046875,4441.2998046875,42.0,yahoo,GC=F
2026-09-08T17:20:00Z,4441.39990234375,4441.39990234375,4439.2001953125,4439.2998046875,307.0,yahoo,GC=F
2026-09-08T17:21:00Z,4439.2001953125,4439.89990234375,4438.5,4439.5,81.0,yahoo,GC=F
2026-09-08T17:22:00Z,4439.5,4439.5,4437.89990234375,4438.5,184.0,yahoo,GC=F
2026-09-08T17:23:00Z,4438.5,4439.0,4438.2001953125,4438.2001953125,63.0,yahoo,GC=F
2026-09-08T17:24:00Z,4438.0,4439.7001953125,4437.89990234375,4439.39990234375,71.0,yahoo,GC=F
2026-09-08T17:25:00Z,4439.10009765625,4439.2001953125,4437.10009765625,4437.7001953125,94.0,yahoo,GC=F
2026-09-08T17:26:00Z,4437.5,4438.2001953125,4436.7998046875,4437.7001953125,75.0,yahoo,GC=F
2026-09-08T17:27:00Z,4437.60009765625,4437.89990234375,4437.2001953125,4437.2001953125,96.0,yahoo,GC=F
2026-09-08T17:28:00Z,4437.39990234375,4439.7001953125,4437.39990234375,4439.7001953125,198.0,yahoo,GC=F
2026-09-08T17:29:00Z,4439.7998046875,4439.89990234375,4438.5,4438.89990234375,1124.0,yahoo,GC=F
2026-09-08T17:30:00Z,4438.89990234375,4439.7001953125,4438.5,4439.60009765625,126.0,yahoo,GC=F
2026-09-08T17:31:00Z,4439.5,4439.7998046875,4438.2001953125,4439.2998046875,59.0,yahoo,GC=F
2026-09-08T17:32:00Z,4439.2001953125,4439.60009765625,4438.7001953125,4439.60009765625,46.0,yahoo,GC=F
2026-09-08T17:33:00Z,4439.7001953125,4439.7998046875,4438.2998046875,4438.2998046875,75.0,yahoo,GC=F
2026-09-08T17:34:00Z,4438.2998046875,4438.7001953125,4436.10009765625,4436.10009765625,134.0,yahoo,GC=F
2026-09-08T17:35:00Z,4436.0,4436.60009765625,4435.60009765625,4436.2998046875,150.0,yahoo,GC=F
2026-09-08T17:36:00Z,4436.10009765625,4436.7001953125,4434.89990234375,4435.60009765625,113.0,yahoo,GC=F
2026-09-08T17:37:00Z,4435.2998046875,4436.5,4434.2001953125,4436.5,142.0,yahoo,GC=F
2026-09-08T17:38:00Z,4436.39990234375,4437.5,4436.2998046875,4436.2998046875,88.0,yahoo,GC=F
2026-09-08T17:39:00Z,4436.39990234375,4436.7001953125,4433.89990234375,4433.89990234375,92.0,yahoo,GC=F
2026-09-08T17:40:00Z,4433.89990234375,4434.0,4432.0,4432.10009765625,312.0,yahoo,GC=F
2026-09-08T17:41:00Z,4432.0,4432.0,4430.89990234375,4431.2001953125,142.0,yahoo,GC=F
2026-09-08T17:42:00Z,4431.2001953125,4432.60009765625,4431.2001953125,4432.2001953125,78.0,yahoo,GC=F
2026-09-08T17:43:00Z,4432.2001953125,4432.2001953125,4430.60009765625,4431.2001953125,54.0,yahoo,GC=F
2026-09-08T17:44:00Z,4431.2001953125,4431.2998046875,4429.7001953125,4429.7001953125,121.0,yahoo,GC=F
2026-09-08T17:45:00Z,4429.89990234375,4430.7001953125,4429.5,4430.0,151.0,yahoo,GC=F
2026-09-08T17:46:00Z,4430.10009765625,4431.7998046875,4429.60009765625,4431.2998046875,189.0,yahoo,GC=F
2026-09-08T17:47:00Z,4431.2998046875,4432.0,4430.89990234375,4431.5,70.0,yahoo,GC=F
2026-09-08T17:48:00Z,4431.7001953125,4432.5,4431.7001953125,4432.2001953125,54.0,yahoo,GC=F
2026-09-08T17:49:00Z,4432.2998046875,4432.2998046875,4431.2998046875,4431.39990234375,51.0,yahoo,GC=F
2026-09-08T17:50:00Z,4431.89990234375,4433.5,4431.7001953125,4432.7998046875,54.0,yahoo,GC=F
2026-09-08T17:51:00Z,4432.7998046875,4432.7998046875,4431.39990234375,4432.10009765625,52.0,yahoo,GC=F
2026-09-08T17:52:00Z,4432.2998046875,4433.89990234375,4432.2998046875,4433.60009765625,25.0,yahoo,GC=F
2026-09-08T17:53:00Z,4433.2998046875,4433.7998046875,4433.0,4433.7998046875,27.0,yahoo,GC=F
2026-09-08T17:54:00Z,4433.60009765625,4433.7998046875,4433.2001953125,4433.39990234375,51.0,yahoo,GC=F
2026-09-08T17:55:00Z,4433.2998046875,4433.5,4432.2998046875,4433.0,78.0,yahoo,GC=F
2026-09-08T17:56:00Z,4433.2998046875,4433.5,4432.39990234375,4433.0,38.0,yahoo,GC=F
2026-09-08T17:57:00Z,4433.0,4433.7001953125,4432.7998046875,4433.7001953125,29.0,yahoo,GC=F
2026-09-08T17:58:00Z,4433.7998046875,4434.7001953125,4433.5,4434.10009765625,140.0,yahoo,GC=F
2026-09-08T17:59:00Z,4434.10009765625,4434.60009765625,4433.7001953125,4434.2998046875,42.0,yahoo,GC=F
2026-09-08T18:00:00Z,4434.5,4434.7001953125,4432.5,4432.5,95.0,yahoo,GC=F
2026-09-08T18:01:00Z,4432.39990234375,4433.7001953125,4432.2001953125,4433.2001953125,104.0,yahoo,GC=F
2026-09-08T18:02:00Z,4433.0,4433.2001953125,4431.7001953125,4431.7001953125,70.0,yahoo,GC=F
2026-09-08T18:03:00Z,4431.7998046875,4432.89990234375,4431.7001953125,4432.89990234375,105.0,yahoo,GC=F
2026-09-08T18:04:00Z,4433.10009765625,4433.2001953125,4431.60009765625,4431.60009765625,104.0,yahoo,GC=F
2026-09-08T18:05:00Z,4431.39990234375,4431.89990234375,4430.60009765625,4431.89990234375,122.0,yahoo,GC=F
2026-09-08T18:06:00Z,4431.89990234375,4432.7998046875,4430.60009765625,4430.60009765625,100.0,yahoo,GC=F
2026-09-08T18:07:00Z,4430.7001953125,4431.2998046875,4430.2001953125,4430.60009765625,204.0,yahoo,GC=F
2026-09-08T18:08:00Z,4430.7001953125,4430.7001953125,4429.2998046875,4429.89990234375,144.0,yahoo,GC=F
2026-09-08T18:09:00Z,4430.0,4430.10009765625,4429.2001953125,4429.2998046875,52.0,yahoo,GC=F
2026-09-08T18:10:00Z,4429.2998046875,4430.7998046875,4428.39990234375,4430.60009765625,169.0,yahoo,GC=F
2026-09-08T18:11:00Z,4430.7001953125,4431.2998046875,4430.39990234375,4430.5,49.0,yahoo,GC=F
2026-09-08T18:12:00Z,4430.39990234375,4431.10009765625,4430.2001953125,4430.39990234375,34.0,yahoo,GC=F
2026-09-08T18:13:00Z,4430.39990234375,4431.2001953125,4429.39990234375,4431.0,107.0,yahoo,GC=F
2026-09-08T18:14:00Z,4431.2001953125,4432.10009765625,4431.2001953125,4432.10009765625,31.0,yahoo,GC=F
2026-09-08T18:15:00Z,4432.0,4432.10009765625,4430.0,4430.89990234375,154.0,yahoo,GC=F
2026-09-08T18:16:00Z,4430.5,4431.10009765625,4430.39990234375,4430.89990234375,50.0,yahoo,GC=F
2026-09-08T18:17:00Z,4431.0,4431.7001953125,4430.89990234375,4430.89990234375,66.0,yahoo,GC=F
2026-09-08T18:18:00Z,4430.7001953125,4430.7001953125,4429.10009765625,4429.2998046875,72.0,yahoo,GC=F
2026-09-08T18:19:00Z,4429.2998046875,4431.2998046875,4429.2998046875,4430.10009765625,196.0,yahoo,GC=F
2026-09-08T18:20:00Z,4430.39990234375,4430.7998046875,4430.2001953125,4430.2001953125,50.0,yahoo,GC=F
2026-09-08T18:21:00Z,4430.10009765625,4430.2998046875,4429.10009765625,4429.10009765625,38.0,yahoo,GC=F
2026-09-08T18:22:00Z,4429.5,4430.39990234375,4429.5,4429.89990234375,46.0,yahoo,GC=F
2026-09-08T18:23:00Z,4430.0,4430.5,4429.39990234375,4429.7998046875,87.0,yahoo,GC=F
2026-09-08T18:24:00Z,4429.89990234375,4431.39990234375,4429.7998046875,4429.7998046875,123.0,yahoo,GC=F
2026-09-08T18:25:00Z,4429.89990234375,4430.7001953125,4429.10009765625,4429.7001953125,167.0,yahoo,GC=F
2026-09-08T18:26:00Z,4430.0,4430.2001953125,4428.89990234375,4429.60009765625,98.0,yahoo,GC=F
2026-09-08T18:27:00Z,4429.39990234375,4430.0,4428.60009765625,4428.60009765625,97.0,yahoo,GC=F
2026-09-08T18:28:00Z,4429.0,4429.60009765625,4428.7001953125,4429.39990234375,67.0,yahoo,GC=F
2026-09-08T18:29:00Z,4429.5,4430.2998046875,4429.2998046875,4430.10009765625,56.0,yahoo,GC=F
2026-09-08T18:30:00Z,4430.10009765625,4430.10009765625,4427.2998046875,4427.7001953125,90.0,yahoo,GC=F
2026-09-08T18:31:00Z,4427.5,4427.7001953125,4425.89990234375,4426.5,213.0,yahoo,GC=F
2026-09-08T18:32:00Z,4426.7001953125,4428.0,4425.7998046875,4427.7001953125,79.0,yahoo,GC=F
2026-09-08T18:33:00Z,4427.89990234375,4428.2001953125,4426.89990234375,4427.60009765625,48.0,yahoo,GC=F
2026-09-08T18:34:00Z,4427.5,4429.2001953125,4427.5,4428.60009765625,45.0,yahoo,GC=F
2026-09-08T18:35:00Z,4428.5,4428.5,4427.7998046875,4428.2001953125,33.0,yahoo,GC=F
2026-09-08T18:36:00Z,4427.89990234375,4427.89990234375,4427.10009765625,4427.7998046875,52.0,yahoo,GC=F
2026-09-08T18:37:00Z,4427.60009765625,4429.0,4427.60009765625,4429.0,60.0,yahoo,GC=F
2026-09-08T18:38:00Z,4428.89990234375,4429.2001953125,4428.7001953125,4428.7001953125,26.0,yahoo,GC=F
2026-09-08T18:39:00Z,4429.10009765625,4429.39990234375,4428.0,4428.7001953125,68.0,yahoo,GC=F
2026-09-08T18:40:00Z,4428.7998046875,4429.0,4428.39990234375,4428.89990234375,17.0,yahoo,GC=F
2026-09-08T18:41:00Z,4428.7001953125,4429.0,4428.10009765625,4428.2998046875,60.0,yahoo,GC=F
2026-09-08T18:42:00Z,4428.2001953125,4429.0,4428.10009765625,4428.7001953125,12.0,yahoo,GC=F
2026-09-08T18:43:00Z,4428.7998046875,4428.89990234375,4428.5,4428.5,46.0,yahoo,GC=F
2026-09-08T18:44:00Z,4428.5,4430.39990234375,4428.0,4430.2001953125,53.0,yahoo,GC=F
2026-09-08T18:45:00Z,4430.10009765625,4430.2001953125,4429.0,4429.0,76.0,yahoo,GC=F
2026-09-08T18:46:00Z,4429.0,4429.7998046875,4428.89990234375,4429.7998046875,50.0,yahoo,GC=F
2026-09-08T18:47:00Z,4429.89990234375,4431.2998046875,4426.5,4427.2998046875,500.0,yahoo,GC=F
2026-09-08T18:48:00Z,4427.60009765625,4427.7001953125,4408.0,4414.7998046875,2196.0,yahoo,GC=F
2026-09-08T18:49:00Z,4414.7998046875,4415.7001953125,4406.5,4408.10009765625,1591.0,yahoo,GC=F
2026-09-08T18:50:00Z,4407.89990234375,4414.2998046875,4407.89990234375,4411.0,371.0,yahoo,GC=F
2026-09-08T18:51:00Z,4411.39990234375,4414.7998046875,4404.60009765625,4405.5,710.0,yahoo,GC=F
2026-09-08T18:52:00Z,4405.39990234375,4407.0,4402.39990234375,4404.7001953125,482.0,yahoo,GC=F
2026-09-08T18:53:00Z,4404.7998046875,4416.5,4404.7998046875,4416.10009765625,416.0,yahoo,GC=F
2026-09-08T18:54:00Z,4416.5,4420.2001953125,4416.2998046875,4420.2001953125,398.0,yahoo,GC=F
2026-09-08T18:55:00Z,4420.0,4422.5,4419.39990234375,4421.60009765625,445.0,yahoo,GC=F
2026-09-08T18:56:00Z,4421.7998046875,4422.60009765625,4417.39990234375,4419.7998046875,256.0,yahoo,GC=F
2026-09-08T18:57:00Z,4419.7998046875,4419.7998046875,4417.7998046875,4418.7998046875,235.0,yahoo,GC=F
2026-09-08T18:58:00Z,4418.5,4418.5,4417.2001953125,4418.2998046875,147.0,yahoo,GC=F
2026-09-08T18:59:00Z,4419.5,4421.2001953125,4417.0,4420.10009765625,262.0,yahoo,GC=F
2026-09-08T19:00:00Z,4420.2001953125,4420.2998046875,4416.39990234375,4416.7998046875,207.0,yahoo,GC=F
2026-09-08T19:01:00Z,4417.7001953125,4417.89990234375,4415.7998046875,4417.2998046875,88.0,yahoo,GC=F
2026-09-08T19:02:00Z,4417.10009765625,4419.7001953125,4416.39990234375,4419.7001953125,125.0,yahoo,GC=F
2026-09-08T19:03:00Z,4419.89990234375,4420.7998046875,4418.7998046875,4419.89990234375,122.0,yahoo,GC=F
2026-09-08T19:04:00Z,4420.0,4421.7998046875,4418.5,4419.2001953125,105.0,yahoo,GC=F
2026-09-08T19:05:00Z,4419.39990234375,4420.0,4416.2001953125,4416.89990234375,256.0,yahoo,GC=F
2026-09-08T19:06:00Z,4416.7001953125,4419.39990234375,4416.2998046875,4417.2001953125,230.0,yahoo,GC=F
2026-09-08T19:07:00Z,4417.39990234375,4417.60009765625,4413.89990234375,4416.39990234375,206.0,yahoo,GC=F
2026-09-08T19:08:00Z,4416.0,4417.10009765625,4415.5,4416.7001953125,58.0,yahoo,GC=F
2026-09-08T19:09:00Z,4416.39990234375,4417.7001953125,4415.7001953125,4416.2001953125,34.0,yahoo,GC=F
2026-09-08T19:10:00Z,4416.0,4417.60009765625,4415.2998046875,4417.2998046875,57.0,yahoo,GC=F
2026-09-08T19:11:00Z,4417.2001953125,4418.7998046875,4416.60009765625,4418.60009765625,90.0,yahoo,GC=F
2026-09-08T19:12:00Z,4418.7001953125,4418.7998046875,4417.39990234375,4418.39990234375,28.0,yahoo,GC=F
2026-09-08T19:13:00Z,4418.89990234375,4419.10009765625,4416.60009765625,4416.60009765625,62.0,yahoo,GC=F
2026-09-08T19:14:00Z,4416.5,4416.60009765625,4415.0,4415.0,67.0,yahoo,GC=F
2026-09-08T19:15:00Z,4415.2998046875,4417.89990234375,4414.2001953125,4414.2001953125,167.0,yahoo,GC=F
2026-09-08T19:16:00Z,4414.0,4415.60009765625,4413.39990234375,4415.39990234375,153.0,yahoo,GC=F
2026-09-08T19:17:00Z,4415.39990234375,4415.60009765625,4412.7998046875,4413.10009765625,51.0,yahoo,GC=F
2026-09-08T19:18:00Z,4413.10009765625,4413.89990234375,4412.60009765625,4413.2001953125,64.0,yahoo,GC=F
2026-09-08T19:19:00Z,4413.2001953125,4413.2998046875,4412.39990234375,4412.5,65.0,yahoo,GC=F
2026-09-08T19:20:00Z,4412.2998046875,4414.2001953125,4412.0,4413.5,121.0,yahoo,GC=F
2026-09-08T19:21:00Z,4413.60009765625,4415.2998046875,4413.2001953125,4413.60009765625,118.0,yahoo,GC=F
2026-09-08T19:22:00Z,4413.60009765625,4413.89990234375,4412.2001953125,4412.89990234375,90.0,yahoo,GC=F
2026-09-08T19:23:00Z,4413.10009765625,4414.0,4412.0,4414.0,119.0,yahoo,GC=F
2026-09-08T19:24:00Z,4414.10009765625,4414.5,4411.10009765625,4411.5,65.0,yahoo,GC=F
2026-09-08T19:25:00Z,4411.89990234375,4413.2998046875,4411.7001953125,4413.0,46.0,yahoo,GC=F
2026-09-08T19:26:00Z,4412.7998046875,4413.10009765625,4411.0,4412.7001953125,34.0,yahoo,GC=F
2026-09-08T19:27:00Z,4412.39990234375,4414.2998046875,4412.2998046875,4414.2001953125,41.0,yahoo,GC=F
2026-09-08T19:28:00Z,4414.0,4414.0,4412.7998046875,4413.5,53.0,yahoo,GC=F
2026-09-08T19:29:00Z,4413.2001953125,4415.0,4413.2001953125,4413.60009765625,52.0,yahoo,GC=F
2026-09-08T19:30:00Z,4413.39990234375,4413.89990234375,4410.7001953125,4411.2998046875,109.0,yahoo,GC=F
2026-09-08T19:31:00Z,4411.10009765625,4411.2001953125,4410.5,4410.7001953125,50.0,yahoo,GC=F
2026-09-08T19:32:00Z,4410.7001953125,4411.2001953125,4409.2001953125,4409.39990234375,120.0,yahoo,GC=F
2026-09-08T19:33:00Z,4409.10009765625,4409.2998046875,4406.39990234375,4406.39990234375,138.0,yahoo,GC=F
2026-09-08T19:34:00Z,4406.5,4409.39990234375,4406.2998046875,4409.2998046875,162.0,yahoo,GC=F
2026-09-08T19:35:00Z,4409.2998046875,4411.5,4409.2001953125,4411.0,108.0,yahoo,GC=F
2026-09-08T19:36:00Z,4411.2001953125,4413.0,4411.0,4411.5,60.0,yahoo,GC=F
2026-09-08T19:37:00Z,4411.5,4412.89990234375,4411.0,4412.2998046875,74.0,yahoo,GC=F
2026-09-08T19:38:00Z,4412.2998046875,4414.7998046875,4412.0,4414.39990234375,216.0,yahoo,GC=F
2026-09-08T19:39:00Z,4414.5,4414.5,4412.2001953125,4412.2998046875,133.0,yahoo,GC=F
2026-09-08T19:40:00Z,4412.39990234375,4413.39990234375,4411.5,4413.2998046875,40.0,yahoo,GC=F
2026-09-08T19:41:00Z,4412.5,4412.89990234375,4412.2998046875,4412.60009765625,42.0,yahoo,GC=F
2026-09-08T19:42:00Z,4412.7001953125,4414.2001953125,4411.2998046875,4414.2001953125,172.0,yahoo,GC=F
2026-09-08T19:43:00Z,4414.0,4414.2001953125,4412.7001953125,4413.0,69.0,yahoo,GC=F
2026-09-08T19:44:00Z,4413.0,4413.7001953125,4412.7001953125,4413.7001953125,31.0,yahoo,GC=F
2026-09-08T19:45:00Z,4413.7001953125,4413.89990234375,4411.2998046875,4411.89990234375,96.0,yahoo,GC=F
2026-09-08T19:46:00Z,4411.7998046875,4411.7998046875,4410.2998046875,4410.2998046875,56.0,yahoo,GC=F
2026-09-08T19:47:00Z,4410.2998046875,4411.60009765625,4410.2001953125,4411.60009765625,55.0,yahoo,GC=F
2026-09-08T19:48:00Z,4411.39990234375,4411.5,4409.89990234375,4410.39990234375,80.0,yahoo,GC=F
2026-09-08T19:49:00Z,4410.5,4411.2001953125,4410.0,4410.7001953125,35.0,yahoo,GC=F
2026-09-08T19:50:00Z,4411.2998046875,4411.2998046875,4406.2001953125,4407.39990234375,741.0,yahoo,GC=F
2026-09-08T19:51:00Z,4407.7001953125,4409.39990234375,4407.5,4408.39990234375,319.0,yahoo,GC=F
2026-09-08T19:52:00Z,4408.2001953125,4408.7001953125,4406.10009765625,4407.10009765625,100.0,yahoo,GC=F
2026-09-08T19:53:00Z,4406.89990234375,4408.2001953125,4406.39990234375,4406.7001953125,93.0,yahoo,GC=F
2026-09-08T19:54:00Z,4406.60009765625,4409.0,4406.10009765625,4408.5,156.0,yahoo,GC=F
2026-09-08T19:55:00Z,4408.7998046875,4409.5,4406.10009765625,4406.39990234375,173.0,yahoo,GC=F
2026-09-08T19:56:00Z,4406.5,4408.10009765625,4405.10009765625,4405.60009765625,150.0,yahoo,GC=F
2026-09-08T19:57:00Z,4405.7998046875,4408.10009765625,4405.60009765625,4407.39990234375,135.0,yahoo,GC=F
2026-09-08T19:58:00Z,4407.5,4408.10009765625,4402.7001953125,4403.2998046875,480.0,yahoo,GC=F
2026-09-08T19:59:00Z,4403.5,4404.7998046875,4401.10009765625,4404.5,623.0,yahoo,GC=F
2026-09-08T20:00:00Z,4404.10009765625,4407.5,4403.0,4407.2998046875,338.0,yahoo,GC=F
2026-09-08T20:01:00Z,4407.10009765625,4409.5,4405.60009765625,4405.60009765625,471.0,yahoo,GC=F
2026-09-08T20:02:00Z,4405.2998046875,4407.10009765625,4405.2001953125,4405.7998046875,125.0,yahoo,GC=F
2026-09-08T20:03:00Z,4406.0,4406.60009765625,4404.2001953125,4404.39990234375,58.0,yahoo,GC=F
2026-09-08T20:04:00Z,4403.89990234375,4404.10009765625,4402.2998046875,4402.2998046875,84.0,yahoo,GC=F
2026-09-08T20:05:00Z,4402.2998046875,4403.2001953125,4402.2998046875,4403.0,102.0,yahoo,GC=F
2026-09-08T20:06:00Z,4402.60009765625,4403.39990234375,4401.0,4402.2001953125,142.0,yahoo,GC=F
2026-09-08T20:07:00Z,4402.7001953125,4403.7998046875,4402.5,4402.7998046875,223.0,yahoo,GC=F
2026-09-08T20:08:00Z,4403.10009765625,4403.2998046875,4401.2001953125,4401.39990234375,142.0,yahoo,GC=F
2026-09-08T20:09:00Z,4401.39990234375,4403.0,4400.7001953125,4403.0,74.0,yahoo,GC=F
2026-09-08T20:10:00Z,4402.7998046875,4403.60009765625,4401.7998046875,4403.2998046875,49.0,yahoo,GC=F
2026-09-08T20:11:00Z,4403.2998046875,4404.5,4403.2998046875,4404.5,94.0,yahoo,GC=F
2026-09-08T20:12:00Z,4404.7998046875,4405.10009765625,4403.7001953125,4405.10009765625,100.0,yahoo,GC=F
2026-09-08T20:13:00Z,4405.2998046875,4406.2998046875,4405.0,4406.0,54.0,yahoo,GC=F
2026-09-08T20:14:00Z,4405.7998046875,4406.7001953125,4404.5,4405.0,80.0,yahoo,GC=F
2026-09-08T20:15:00Z,4405.2998046875,4405.2998046875,4404.7001953125,4404.7001953125,11.0,yahoo,GC=F
2026-09-08T20:16:00Z,4404.60009765625,4404.7001953125,4404.10009765625,4404.7001953125,28.0,yahoo,GC=F
2026-09-08T20:17:00Z,4404.89990234375,4405.5,4404.7001953125,4405.5,21.0,yahoo,GC=F
2026-09-08T20:18:00Z,4405.2998046875,4405.2998046875,4404.60009765625,4405.0,58.0,yahoo,GC=F
2026-09-08T20:19:00Z,4405.2001953125,4405.7998046875,4405.10009765625,4405.7998046875,12.0,yahoo,GC=F
2026-09-08T20:20:00Z,4405.89990234375,4406.0,4405.39990234375,4405.60009765625,21.0,yahoo,GC=F
2026-09-08T20:21:00Z,4405.0,4405.0,4404.2001953125,4404.39990234375,37.0,yahoo,GC=F
2026-09-08T20:22:00Z,4404.89990234375,4405.7998046875,4404.89990234375,4405.7001953125,44.0,yahoo,GC=F
2026-09-08T20:23:00Z,4405.7001953125,4405.7001953125,4404.5,4404.7001953125,18.0,yahoo,GC=F
2026-09-08T20:24:00Z,4404.89990234375,4405.10009765625,4403.60009765625,4403.7998046875,61.0,yahoo,GC=F
2026-09-08T20:25:00Z,4404.2001953125,4404.39990234375,4403.10009765625,4403.2998046875,84.0,yahoo,GC=F
2026-09-08T20:26:00Z,4403.2998046875,4403.7001953125,4402.39990234375,4402.39990234375,73.0,yahoo,GC=F
2026-09-08T20:27:00Z,4402.5,4403.39990234375,4402.5,4403.39990234375,46.0,yahoo,GC=F
2026-09-08T20:28:00Z,4403.39990234375,4403.7998046875,4400.2001953125,4401.5,370.0,yahoo,GC=F
2026-09-08T20:29:00Z,4401.7001953125,4401.7001953125,4400.10009765625,4401.0,36.0,yahoo,GC=F
2026-09-08T20:30:00Z,4401.60009765625,4402.7998046875,4401.39990234375,4402.5,29.0,yahoo,GC=F
2026-09-08T20:31:00Z,4402.2998046875,4402.2998046875,4400.89990234375,4400.89990234375,44.0,yahoo,GC=F
2026-09-08T20:32:00Z,4401.10009765625,4401.89990234375,4401.10009765625,4401.7001953125,12.0,yahoo,GC=F
2026-09-08T20:33:00Z,4401.5,4402.7998046875,4401.0,4402.2998046875,40.0,yahoo,GC=F
2026-09-08T20:34:00Z,4402.39990234375,4402.89990234375,4402.39990234375,4402.7001953125,17.0,yahoo,GC=F
2026-09-08T20:35:00Z,4402.7998046875,4403.39990234375,4402.2998046875,4403.2001953125,55.0,yahoo,GC=F
2026-09-08T20:36:00Z,4403.2998046875,4403.2998046875,4402.2998046875,4402.2998046875,15.0,yahoo,GC=F
2026-09-08T20:37:00Z,4402.2001953125,4403.0,4402.2001953125,4402.2998046875,12.0,yahoo,GC=F
2026-09-08T20:38:00Z,4402.10009765625,4402.2001953125,4401.7001953125,4401.89990234375,17.0,yahoo,GC=F
2026-09-08T20:39:00Z,4402.0,4402.60009765625,4402.0,4402.60009765625,36.0,yahoo,GC=F
2026-09-08T20:40:00Z,4402.39990234375,4403.10009765625,4402.0,4402.0,30.0,yahoo,GC=F
2026-09-08T20:41:00Z,4402.10009765625,4402.2998046875,4401.60009765625,4402.10009765625,15.0,yahoo,GC=F
2026-09-08T20:42:00Z,4402.10009765625,4402.2001953125,4401.7998046875,4402.0,11.0,yahoo,GC=F
2026-09-08T20:43:00Z,4402.0,4403.0,4402.0,4403.0,9.0,yahoo,GC=F
2026-09-08T20:44:00Z,4402.7998046875,4403.10009765625,4401.7998046875,4402.5,28.0,yahoo,GC=F
2026-09-08T20:45:00Z,4402.7001953125,4402.7001953125,4401.89990234375,4401.89990234375,10.0,yahoo,GC=F
2026-09-08T20:46:00Z,4401.89990234375,4401.89990234375,4400.39990234375,4400.89990234375,52.0,yahoo,GC=F
2026-09-08T20:47:00Z,4401.2998046875,4401.60009765625,4400.60009765625,4400.89990234375,32.0,yahoo,GC=F
2026-09-08T20:48:00Z,4400.89990234375,4401.0,4400.2001953125,4400.39990234375,21.0,yahoo,GC=F
2026-09-08T20:49:00Z,4400.2998046875,4400.60009765625,4381.0,4392.2998046875,789.0,yahoo,GC=F
2026-09-08T20:50:00Z,4392.5,4396.10009765625,4392.5,4395.2998046875,352.0,yahoo,GC=F
2026-09-08T20:51:00Z,4395.7998046875,4397.5,4395.7001953125,4397.10009765625,197.0,yahoo,GC=F
2026-09-08T20:52:00Z,4396.7998046875,4398.10009765625,4396.2001953125,4397.89990234375,77.0,yahoo,GC=F
2026-09-08T20:53:00Z,4398.0,4400.2001953125,4398.0,4399.7998046875,137.0,yahoo,GC=F
2026-09-08T20:54:00Z,4399.7001953125,4399.7001953125,4397.2998046875,4398.0,70.0,yahoo,GC=F
2026-09-08T20:55:00Z,4398.2998046875,4399.5,4397.7001953125,4399.10009765625,53.0,yahoo,GC=F
2026-09-08T20:56:00Z,4398.89990234375,4400.10009765625,4398.2001953125,4399.89990234375,31.0,yahoo,GC=F
2026-09-08T20:57:00Z,4399.60009765625,4400.0,4398.7998046875,4400.0,66.0,yahoo,GC=F
2026-09-08T20:58:00Z,4399.89990234375,4401.0,4399.89990234375,4400.10009765625,60.0,yahoo,GC=F
2026-09-08T20:59:00Z,4400.10009765625,4400.5,4399.7998046875,4400.0,31.0,yahoo,GC=F
2026-09-08T22:00:00Z,4399.0,4401.0,4396.60009765625,4398.5,0.0,yahoo,GC=F
2026-09-08T22:01:00Z,4398.7001953125,4402.0,4398.7001953125,4401.2001953125,74.0,yahoo,GC=F
2026-09-08T22:02:00Z,4402.10009765625,4403.0,4401.60009765625,4401.7998046875,53.0,yahoo,GC=F
2026-09-08T22:03:00Z,4401.7001953125,4402.2998046875,4401.10009765625,4401.39990234375,34.0,yahoo,GC=F
2026-09-08T22:04:00Z,4401.5,4401.60009765625,4400.89990234375,4401.2998046875,31.0,yahoo,GC=F
2026-09-08T22:05:00Z,4401.2001953125,4401.60009765625,4400.7001953125,4401.10009765625,28.0,yahoo,GC=F
2026-09-08T22:06:00Z,4401.10009765625,4401.89990234375,4400.7001953125,4401.5,22.0,yahoo,GC=F
2026-09-08T22:07:00Z,4401.2998046875,4401.39990234375,4399.10009765625,4399.60009765625,36.0,yahoo,GC=F
2026-09-08T22:08:00Z,4399.7001953125,4399.7001953125,4396.89990234375,4396.89990234375,46.0,yahoo,GC=F
2026-09-08T22:09:00Z,4397.0,4398.89990234375,4397.0,4398.0,74.0,yahoo,GC=F
2026-09-08T22:10:00Z,4398.10009765625,4399.10009765625,4398.0,4398.2001953125,47.0,yahoo,GC=F
2026-09-08T22:11:00Z,4398.2001953125,4399.2998046875,4397.60009765625,4399.2998046875,65.0,yahoo,GC=F
2026-09-08T22:12:00Z,4399.0,4400.5,4398.7001953125,4400.39990234375,56.0,yahoo,GC=F
2026-09-08T22:13:00Z,4400.5,4400.7001953125,4400.39990234375,4400.7001953125,9.0,yahoo,GC=F
2026-09-08T22:14:00Z,4400.7001953125,4401.10009765625,4399.7001953125,4399.7998046875,52.0,yahoo,GC=F
2026-09-08T22:15:00Z,4399.7001953125,4401.2001953125,4399.2998046875,4400.89990234375,63.0,yahoo,GC=F
2026-09-08T22:16:00Z,4401.2001953125,4401.39990234375,4400.7001953125,4401.0,11.0,yahoo,GC=F
2026-09-08T22:17:00Z,4401.0,4401.0,4399.60009765625,4399.60009765625,22.0,yahoo,GC=F
2026-09-08T22:18:00Z,4399.5,4399.60009765625,4398.39990234375,4399.60009765625,58.0,yahoo,GC=F
2026-09-08T22:19:00Z,4399.2001953125,4399.5,4399.2001953125,4399.5,4.0,yahoo,GC=F
2026-09-08T22:20:00Z,4399.39990234375,4399.39990234375,4398.39990234375,4398.39990234375,5.0,yahoo,GC=F
2026-09-08T22:21:00Z,4398.39990234375,4398.39990234375,4397.2001953125,4397.7001953125,25.0,yahoo,GC=F
2026-09-08T22:22:00Z,4397.5,4397.5,4397.2001953125,4397.2001953125,7.0,yahoo,GC=F
2026-09-08T22:23:00Z,4397.10009765625,4397.7998046875,4397.0,4397.39990234375,20.0,yahoo,GC=F
2026-09-08T22:24:00Z,4397.89990234375,4397.89990234375,4397.5,4397.7998046875,12.0,yahoo,GC=F
2026-09-08T22:25:00Z,4397.5,4397.7001953125,4396.7998046875,4397.7001953125,14.0,yahoo,GC=F
2026-09-08T22:26:00Z,4397.89990234375,4398.2001953125,4397.89990234375,4398.2001953125,5.0,yahoo,GC=F
2026-09-08T22:27:00Z,4398.10009765625,4399.2001953125,4397.89990234375,4398.7998046875,50.0,yahoo,GC=F
2026-09-08T22:28:00Z,4399.0,4399.0,4397.89990234375,4398.10009765625,26.0,yahoo,GC=F
2026-09-08T22:29:00Z,4398.39990234375,4398.60009765625,4398.0,4398.2998046875,13.0,yahoo,GC=F
2026-09-08T22:30:00Z,4398.2998046875,4398.89990234375,4397.89990234375,4398.7998046875,39.0,yahoo,GC=F
2026-09-08T22:31:00Z,4398.2998046875,4399.7001953125,4398.0,4399.7001953125,19.0,yahoo,GC=F
2026-09-08T22:32:00Z,4399.2001953125,4399.2001953125,4398.60009765625,4398.89990234375,9.0,yahoo,GC=F
2026-09-08T22:33:00Z,4399.10009765625,4399.2001953125,4397.7998046875,4398.2001953125,32.0,yahoo,GC=F
2026-09-08T22:34:00Z,4398.10009765625,4398.60009765625,4398.10009765625,4398.60009765625,12.0,yahoo,GC=F
2026-09-08T22:35:00Z,4398.10009765625,4398.89990234375,4397.7998046875,4398.5,18.0,yahoo,GC=F
2026-09-08T22:36:00Z,4398.5,4399.0,4397.89990234375,4398.39990234375,21.0,yahoo,GC=F
2026-09-08T22:37:00Z,4398.39990234375,4399.39990234375,4398.10009765625,4398.60009765625,30.0,yahoo,GC=F
2026-09-08T22:38:00Z,4398.10009765625,4398.2001953125,4396.60009765625,4396.60009765625,32.0,yahoo,GC=F
2026-09-08T22:39:00Z,4396.89990234375,4396.89990234375,4396.0,4396.10009765625,13.0,yahoo,GC=F
2026-09-08T22:40:00Z,4396.2998046875,4397.60009765625,4396.10009765625,4397.2001953125,38.0,yahoo,GC=F
2026-09-08T22:41:00Z,4396.7998046875,4397.0,4395.0,4395.2998046875,71.0,yahoo,GC=F
2026-09-08T22:42:00Z,4395.39990234375,4396.0,4394.7998046875,4396.0,51.0,yahoo,GC=F
2026-09-08T22:43:00Z,4396.10009765625,4396.10009765625,4395.60009765625,4395.7001953125,14.0,yahoo,GC=F
2026-09-08T22:44:00Z,4395.5,4395.5,4393.7001953125,4395.2998046875,71.0,yahoo,GC=F
2026-09-08T22:45:00Z,4395.5,4395.7001953125,4394.5,4395.0,54.0,yahoo,GC=F
2026-09-08T22:46:00Z,4395.5,4395.7998046875,4394.39990234375,4394.39990234375,22.0,yahoo,GC=F
2026-09-08T22:47:00Z,4394.7001953125,4395.39990234375,4394.60009765625,4395.2998046875,17.0,yahoo,GC=F
2026-09-08T22:48:00Z,4395.10009765625,4395.2001953125,4394.2001953125,4395.0,50.0,yahoo,GC=F
2026-09-08T22:49:00Z,4394.89990234375,4396.0,4394.89990234375,4395.89990234375,9.0,yahoo,GC=F
2026-09-08T22:50:00Z,4395.89990234375,4396.5,4395.89990234375,4396.5,10.0,yahoo,GC=F
2026-09-08T22:51:00Z,4396.7001953125,4397.0,4396.39990234375,4396.60009765625,11.0,yahoo,GC=F
2026-09-08T22:52:00Z,4396.39990234375,4396.89990234375,4396.2001953125,4396.89990234375,19.0,yahoo,GC=F
2026-09-08T22:53:00Z,4397.0,4397.0,4396.7001953125,4396.89990234375,31.0,yahoo,GC=F
2026-09-08T22:54:00Z,4396.89990234375,4397.0,4396.60009765625,4396.7998046875,9.0,yahoo,GC=F
2026-09-08T22:55:00Z,4396.7001953125,4397.2998046875,4396.60009765625,4396.7001953125,14.0,yahoo,GC=F
2026-09-08T22:56:00Z,4396.39990234375,4396.7998046875,4396.39990234375,4396.7998046875,2.0,yahoo,GC=F
2026-09-08T22:57:00Z,4396.7001953125,4397.10009765625,4396.2998046875,4396.39990234375,13.0,yahoo,GC=F
2026-09-08T22:58:00Z,4396.39990234375,4396.60009765625,4395.89990234375,4396.60009765625,19.0,yahoo,GC=F
2026-09-08T22:59:00Z,4397.0,4397.7998046875,4396.89990234375,4397.39990234375,16.0,yahoo,GC=F
2026-09-08T23:00:00Z,4397.39990234375,4397.5,4396.2001953125,4397.5,37.0,yahoo,GC=F
2026-09-08T23:01:00Z,4397.5,4398.39990234375,4397.39990234375,4398.2001953125,31.0,yahoo,GC=F
2026-09-08T23:02:00Z,4398.39990234375,4398.39990234375,4397.2998046875,4397.39990234375,11.0,yahoo,GC=F
2026-09-08T23:03:00Z,4397.2998046875,4397.7998046875,4396.7001953125,4396.7998046875,33.0,yahoo,GC=F
2026-09-08T23:04:00Z,4396.39990234375,4396.89990234375,4396.39990234375,4396.5,22.0,yahoo,GC=F
2026-09-08T23:05:00Z,4396.2001953125,4397.10009765625,4396.0,4396.39990234375,28.0,yahoo,GC=F
2026-09-08T23:06:00Z,4396.7001953125,4397.60009765625,4396.7001953125,4397.0,27.0,yahoo,GC=F
2026-09-08T23:07:00Z,4396.7998046875,4397.2998046875,4396.39990234375,4397.2998046875,7.0,yahoo,GC=F
2026-09-08T23:08:00Z,4397.10009765625,4397.39990234375,4396.39990234375,4397.2001953125,42.0,yahoo,GC=F
2026-09-08T23:09:00Z,4397.0,4398.0,4396.5,4397.5,48.0,yahoo,GC=F
2026-09-08T23:10:00Z,4397.39990234375,4397.39990234375,4397.39990234375,4397.39990234375,1.0,yahoo,GC=F
2026-09-08T23:11:00Z,4397.10009765625,4397.10009765625,4395.7998046875,4396.0,30.0,yahoo,GC=F
2026-09-08T23:12:00Z,4396.39990234375,4396.39990234375,4395.10009765625,4396.10009765625,25.0,yahoo,GC=F
2026-09-08T23:13:00Z,4395.10009765625,4396.7998046875,4395.0,4396.39990234375,44.0,yahoo,GC=F
2026-09-08T23:14:00Z,4396.39990234375,4396.5,4395.60009765625,4395.60009765625,16.0,yahoo,GC=F
2026-09-08T23:15:00Z,4395.89990234375,4396.5,4395.10009765625,4395.5,68.0,yahoo,GC=F
2026-09-08T23:16:00Z,4395.60009765625,4396.2998046875,4395.39990234375,4396.2998046875,27.0,yahoo,GC=F
2026-09-08T23:17:00Z,4396.39990234375,4396.7001953125,4396.10009765625,4396.7001953125,13.0,yahoo,GC=F
2026-09-08T23:18:00Z,4397.0,4397.10009765625,4395.7998046875,4396.0,31.0,yahoo,GC=F
2026-09-08T23:19:00Z,4396.2998046875,4396.7001953125,4396.2001953125,4396.7001953125,13.0,yahoo,GC=F
2026-09-08T23:20:00Z,4396.2998046875,4396.7998046875,4396.2998046875,4396.7998046875,12.0,yahoo,GC=F
2026-09-08T23:21:00Z,4397.0,4397.2998046875,4396.60009765625,4397.2001953125,8.0,yahoo,GC=F
2026-09-08T23:22:00Z,4396.7001953125,4397.89990234375,4396.7001953125,4397.60009765625,59.0,yahoo,GC=F
2026-09-08T23:23:00Z,4397.10009765625,4397.5,4396.10009765625,4397.39990234375,33.0,yahoo,GC=F
2026-09-08T23:24:00Z,4397.39990234375,4397.7998046875,4397.2001953125,4397.7998046875,8.0,yahoo,GC=F
2026-09-08T23:25:00Z,4397.2001953125,4398.0,4397.2001953125,4398.0,10.0,yahoo,GC=F
2026-09-08T23:26:00Z,4397.5,4399.5,4397.5,4399.2001953125,93.0,yahoo,GC=F
2026-09-08T23:27:00Z,4399.2001953125,4400.2001953125,4399.2001953125,4399.7998046875,88.0,yahoo,GC=F
2026-09-08T23:28:00Z,4399.7998046875,4401.0,4399.7001953125,4400.7998046875,51.0,yahoo,GC=F
2026-09-08T23:29:00Z,4401.0,4401.2998046875,4400.39990234375,4401.0,79.0,yahoo,GC=F
2026-09-08T23:30:00Z,4401.10009765625,4401.5,4400.39990234375,4401.5,48.0,yahoo,GC=F
2026-09-08T23:31:00Z,4401.60009765625,4403.2001953125,4400.60009765625,4403.10009765625,78.0,yahoo,GC=F
2026-09-08T23:32:00Z,4403.10009765625,4403.39990234375,4402.60009765625,4403.2001953125,45.0,yahoo,GC=F
2026-09-08T23:33:00Z,4403.10009765625,4403.2998046875,4402.89990234375,4403.10009765625,42.0,yahoo,GC=F
2026-09-08T23:34:00Z,4403.0,4403.0,4402.2998046875,4402.60009765625,16.0,yahoo,GC=F
2026-09-08T23:35:00Z,4401.89990234375,4402.39990234375,4401.5,4401.5,41.0,yahoo,GC=F
2026-09-08T23:36:00Z,4401.39990234375,4401.39990234375,4400.7001953125,4400.7998046875,16.0,yahoo,GC=F
2026-09-08T23:37:00Z,4400.7001953125,4400.7001953125,4400.39990234375,4400.5,13.0,yahoo,GC=F
2026-09-08T23:38:00Z,4400.7998046875,4400.89990234375,4400.39990234375,4400.5,10.0,yahoo,GC=F
2026-09-08T23:39:00Z,4400.7001953125,4400.89990234375,4400.2001953125,4400.5,17.0,yahoo,GC=F
2026-09-08T23:40:00Z,4400.60009765625,4401.60009765625,4400.39990234375,4401.60009765625,23.0,yahoo,GC=F
2026-09-08T23:41:00Z,4401.7001953125,4402.39990234375,4401.7001953125,4402.10009765625,25.0,yahoo,GC=F
2026-09-08T23:42:00Z,4401.7998046875,4402.5,4401.7001953125,4402.2001953125,18.0,yahoo,GC=F
2026-09-08T23:43:00Z,4401.89990234375,4402.7001953125,4401.7998046875,4401.7998046875,23.0,yahoo,GC=F
2026-09-08T23:44:00Z,4402.10009765625,4402.7001953125,4402.10009765625,4402.5,11.0,yahoo,GC=F
2026-09-08T23:45:00Z,4401.7001953125,4402.0,4400.89990234375,4400.89990234375,22.0,yahoo,GC=F
2026-09-08T23:46:00Z,4400.7998046875,4400.7998046875,4398.7001953125,4399.0,56.0,yahoo,GC=F
2026-09-08T23:47:00Z,4399.60009765625,4401.10009765625,4399.39990234375,4400.2001953125,17.0,yahoo,GC=F
2026-09-08T23:48:00Z,4400.10009765625,4400.7001953125,4399.89990234375,4400.10009765625,47.0,yahoo,GC=F
2026-09-08T23:49:00Z,4400.39990234375,4400.5,4396.5,4397.2998046875,153.0,yahoo,GC=F
2026-09-08T23:50:00Z,4397.39990234375,4397.39990234375,4395.89990234375,4395.89990234375,44.0,yahoo,GC=F
2026-09-08T23:51:00Z,4396.2998046875,4396.39990234375,4395.5,4395.89990234375,24.0,yahoo,GC=F
2026-09-08T23:52:00Z,4395.7998046875,4396.60009765625,4393.7998046875,4395.7001953125,159.0,yahoo,GC=F
2026-09-08T23:53:00Z,4395.60009765625,4396.2998046875,4393.5,4394.2001953125,109.0,yahoo,GC=F
2026-09-08T23:54:00Z,4394.10009765625,4394.89990234375,4393.89990234375,4393.89990234375,25.0,yahoo,GC=F
2026-09-08T23:55:00Z,4393.89990234375,4395.7001953125,4393.60009765625,4395.39990234375,60.0,yahoo,GC=F
2026-09-08T23:56:00Z,4395.5,4396.39990234375,4394.5,4394.7998046875,37.0,yahoo,GC=F
2026-09-08T23:57:00Z,4395.0,4395.10009765625,4393.89990234375,4394.39990234375,31.0,yahoo,GC=F
2026-09-08T23:58:00Z,4394.2001953125,4394.5,4392.39990234375,4393.10009765625,78.0,yahoo,GC=F
2026-09-08T23:59:00Z,4393.0,4393.7998046875,4393.0,4393.10009765625,16.0,yahoo,GC=F
