timestamp_utc,open,high,low,close,volume,source,symbol
2026-09-25T00:00:00Z,4299.89990234375,4301.7998046875,4299.2998046875,4301.60009765625,109.0,yahoo,GC=F
2026-09-25T00:01:00Z,4301.7998046875,4304.10009765625,4301.7998046875,4303.7001953125,160.0,yahoo,GC=F
2026-09-25T00:02:00Z,4304.0,4304.7998046875,4303.7001953125,4304.2998046875,45.0,yahoo,GC=F
2026-09-25T00:03:00Z,4304.2001953125,4304.2998046875,4302.7001953125,4303.89990234375,56.0,yahoo,GC=F
2026-09-25T00:04:00Z,4303.89990234375,4305.5,4303.89990234375,4304.89990234375,55.0,yahoo,GC=F
2026-09-25T00:05:00Z,4305.0,4305.0,4303.39990234375,4304.39990234375,30.0,yahoo,GC=F
2026-09-25T00:06:00Z,4304.5,4304.5,4303.2001953125,4303.2001953125,17.0,yahoo,GC=F
2026-09-25T00:07:00Z,4303.0,4303.2998046875,4302.2001953125,4302.7001953125,16.0,yahoo,GC=F
2026-09-25T00:08:00Z,4302.7998046875,4303.89990234375,4302.2998046875,4303.7001953125,21.0,yahoo,GC=F
2026-09-25T00:09:00Z,4304.5,4305.0,4304.2998046875,4304.2998046875,7.0,yahoo,GC=F
2026-09-25T00:10:00Z,4303.5,4304.39990234375,4303.2001953125,4303.7998046875,312.0,yahoo,GC=F
2026-09-25T00:11:00Z,4303.5,4303.7001953125,4302.5,4302.5,19.0,yahoo,GC=F
2026-09-25T00:12:00Z,4301.7998046875,4301.7998046875,4301.0,4301.0,9.0,yahoo,GC=F
2026-09-25T00:13:00Z,4300.7998046875,4302.7998046875,4300.5,4302.7998046875,24.0,yahoo,GC=F
2026-09-25T00:14:00Z,4301.7001953125,4301.7001953125,4300.7998046875,4301.2001953125,25.0,yahoo,GC=F
2026-09-25T00:15:00Z,4301.10009765625,4301.10009765625,4299.89990234375,4301.10009765625,33.0,yahoo,GC=F
2026-09-25T00:16:00Z,4301.7001953125,4302.89990234375,4301.2001953125,4302.7998046875,34.0,yahoo,GC=F
2026-09-25T00:17:00Z,4303.2998046875,4303.5,4302.5,4302.7001953125,22.0,yahoo,GC=F
2026-09-25T00:18:00Z,4302.60009765625,4303.5,4302.2998046875,4302.2998046875,16.0,yahoo,GC=F
2026-09-25T00:19:00Z,4302.39990234375,4302.7001953125,4302.2998046875,4302.60009765625,128.0,yahoo,GC=F
2026-09-25T00:20:00Z,4302.39990234375,4302.39990234375,4301.2998046875,4301.2998046875,21.0,yahoo,GC=F
2026-09-25T00:21:00Z,4301.7998046875,4302.0,4301.60009765625,4301.89990234375,6.0,yahoo,GC=F
2026-09-25T00:22:00Z,4301.7998046875,4304.39990234375,4301.39990234375,4304.2998046875,51.0,yahoo,GC=F
2026-09-25T00:23:00Z,4304.5,4305.39990234375,4304.39990234375,4304.7998046875,29.0,yahoo,GC=F
2026-09-25T00:24:00Z,4304.5,4305.10009765625,4304.2001953125,4304.2001953125,14.0,yahoo,GC=F
2026-09-25T00:25:00Z,4304.10009765625,4305.10009765625,4303.60009765625,4305.10009765625,23.0,yahoo,GC=F
2026-09-25T00:26:00Z,4305.0,4305.2001953125,4304.0,4304.7998046875,23.0,yahoo,GC=F
2026-09-25T00:27:00Z,4305.0,4305.2001953125,4304.5,4304.5,6.0,yahoo,GC=F
2026-09-25T00:28:00Z,4304.5,4304.5,4303.2001953125,4304.2998046875,13.0,yahoo,GC=F
2026-09-25T00:29:00Z,4304.10009765625,4305.5,4304.0,4305.10009765625,35.0,yahoo,GC=F
2026-09-25T00:30:00Z,4305.10009765625,4305.10009765625,4303.5,4303.7001953125,12.0,yahoo,GC=F
2026-09-25T00:31:00Z,4303.5,4303.5,4302.2001953125,4303.2001953125,26.0,yahoo,GC=F
2026-09-25T00:32:00Z,4303.0,4304.2001953125,4302.5,4304.10009765625,38.0,yahoo,GC=F
2026-09-25T00:33:00Z,4304.10009765625,4305.0,4303.89990234375,4304.2998046875,47.0,yahoo,GC=F
2026-09-25T00:34:00Z,4304.2998046875,4304.5,4303.39990234375,4304.10009765625,10.0,yahoo,GC=F
2026-09-25T00:35:00Z,4304.7998046875,4305.39990234375,4304.7998046875,4304.7998046875,8.0,yahoo,GC=F
2026-09-25T00:36:00Z,4304.60009765625,4304.60009765625,4304.10009765625,4304.2001953125,16.0,yahoo,GC=F
2026-09-25T00:37:00Z,4304.5,4305.0,4304.10009765625,4304.2998046875,10.0,yahoo,GC=F
2026-09-25T00:38:00Z,4304.10009765625,4304.2998046875,4303.7001953125,4303.7001953125,8.0,yahoo,GC=F
2026-09-25T00:39:00Z,4303.7998046875,4304.39990234375,4303.7998046875,4304.39990234375,11.0,yahoo,GC=F
2026-09-25T00:40:00Z,4304.7998046875,4307.39990234375,4304.7998046875,4306.2998046875,49.0,yahoo,GC=F
2026-09-25T00:41:00Z,4306.2001953125,4306.89990234375,4305.7998046875,4306.5,17.0,yahoo,GC=F
2026-09-25T00:42:00Z,4306.2998046875,4306.2998046875,4305.60009765625,4306.2001953125,15.0,yahoo,GC=F
2026-09-25T00:43:00Z,4306.39990234375,4306.39990234375,4305.7998046875,4306.0,8.0,yahoo,GC=F
2026-09-25T00:44:00Z,4305.60009765625,4306.0,4305.60009765625,4305.89990234375,4.0,yahoo,GC=F
2026-09-25T00:45:00Z,4306.10009765625,4306.7998046875,4305.5,4305.5,50.0,yahoo,GC=F
2026-09-25T00:46:00Z,4306.39990234375,4306.5,4306.0,4306.10009765625,13.0,yahoo,GC=F
2026-09-25T00:47:00Z,4306.10009765625,4306.5,4305.0,4305.10009765625,25.0,yahoo,GC=F
2026-09-25T00:48:00Z,4305.2998046875,4307.7001953125,4305.2998046875,4307.60009765625,31.0,yahoo,GC=F
2026-09-25T00:49:00Z,4307.2001953125,4308.39990234375,4307.10009765625,4307.89990234375,50.0,yahoo,GC=F
2026-09-25T00:50:00Z,4307.89990234375,4309.0,4307.5,4307.5,36.0,yahoo,GC=F
2026-09-25T00:51:00Z,4307.60009765625,4308.89990234375,4307.10009765625,4308.10009765625,29.0,yahoo,GC=F
2026-09-25T00:52:00Z,4307.7001953125,4308.10009765625,4307.2998046875,4307.7998046875,33.0,yahoo,GC=F
2026-09-25T00:53:00Z,4308.0,4308.39990234375,4306.89990234375,4308.2998046875,22.0,yahoo,GC=F
2026-09-25T00:54:00Z,4308.39990234375,4308.39990234375,4307.60009765625,4308.0,10.0,yahoo,GC=F
2026-09-25T00:55:00Z,4307.7998046875,4309.0,4307.60009765625,4308.7001953125,21.0,yahoo,GC=F
2026-09-25T00:56:00Z,4308.7998046875,4311.0,4308.7001953125,4311.0,51.0,yahoo,GC=F
2026-09-25T00:57:00Z,4310.89990234375,4314.60009765625,4310.89990234375,4314.5,248.0,yahoo,GC=F
2026-09-25T00:58:00Z,4314.2998046875,4315.2998046875,4313.60009765625,4315.0,97.0,yahoo,GC=F
2026-09-25T00:59:00Z,4314.7001953125,4315.5,4313.0,4313.0,80.0,yahoo,GC=F
2026-09-25T01:00:00Z,4313.2001953125,4317.60009765625,4311.7001953125,4317.0,202.0,yahoo,GC=F
2026-09-25T01:01:00Z,4316.89990234375,4318.0,4316.2998046875,4317.5,65.0,yahoo,GC=F
2026-09-25T01:02:00Z,4317.5,4318.0,4316.60009765625,4317.2001953125,56.0,yahoo,GC=F
2026-09-25T01:03:00Z,4317.5,4318.2001953125,4317.2998046875,4318.2001953125,46.0,yahoo,GC=F
2026-09-25T01:04:00Z,4318.5,4318.5,4315.7001953125,4316.2001953125,114.0,yahoo,GC=F
2026-09-25T01:05:00Z,4316.0,4318.5,4315.2001953125,4317.10009765625,163.0,yahoo,GC=F
2026-09-25T01:06:00Z,4317.2001953125,4318.2001953125,4317.0,4318.10009765625,23.0,yahoo,GC=F
2026-09-25T01:07:00Z,4317.39990234375,4318.60009765625,4317.39990234375,4318.10009765625,42.0,yahoo,GC=F
2026-09-25T01:08:00Z,4318.2998046875,4320.0,4318.2998046875,4319.0,128.0,yahoo,GC=F
2026-09-25T01:09:00Z,4319.0,4319.39990234375,4318.7001953125,4318.89990234375,33.0,yahoo,GC=F
2026-09-25T01:10:00Z,4319.2998046875,4320.60009765625,4318.89990234375,4320.5,81.0,yahoo,GC=F
2026-09-25T01:11:00Z,4320.2998046875,4322.7998046875,4320.2001953125,4322.2998046875,161.0,yahoo,GC=F
2026-09-25T01:12:00Z,4322.2998046875,4323.2998046875,4320.2998046875,4320.5,221.0,yahoo,GC=F
2026-09-25T01:13:00Z,4320.2001953125,4323.7998046875,4320.2001953125,4323.39990234375,49.0,yahoo,GC=F
2026-09-25T01:14:00Z,4323.60009765625,4325.39990234375,4322.7001953125,4324.7001953125,194.0,yahoo,GC=F
2026-09-25T01:15:00Z,4324.89990234375,4325.7001953125,4324.60009765625,4325.5,72.0,yahoo,GC=F
2026-09-25T01:16:00Z,4325.5,4325.89990234375,4324.39990234375,4325.60009765625,104.0,yahoo,GC=F
2026-09-25T01:17:00Z,4325.5,4326.5,4324.39990234375,4325.7001953125,115.0,yahoo,GC=F
2026-09-25T01:18:00Z,4325.60009765625,4326.0,4324.7001953125,4325.2001953125,64.0,yahoo,GC=F
2026-09-25T01:19:00Z,4324.89990234375,4324.89990234375,4323.5,4324.7001953125,106.0,yahoo,GC=F
2026-09-25T01:20:00Z,4324.89990234375,4327.0,4324.89990234375,4326.5,128.0,yahoo,GC=F
2026-09-25T01:21:00Z,4326.7001953125,4328.60009765625,4325.60009765625,4328.2998046875,132.0,yahoo,GC=F
2026-09-25T01:22:00Z,4328.60009765625,4328.7001953125,4327.5,4328.10009765625,79.0,yahoo,GC=F
2026-09-25T01:23:00Z,4327.89990234375,4328.0,4326.5,4327.39990234375,76.0,yahoo,GC=F
2026-09-25T01:24:00Z,4327.39990234375,4328.2001953125,4327.10009765625,4328.0,32.0,yahoo,GC=F
2026-09-25T01:25:00Z,4328.0,4328.60009765625,4327.7001953125,4327.7998046875,56.0,yahoo,GC=F
2026-09-25T01:26:00Z,4327.7001953125,4328.5,4327.7001953125,4328.10009765625,20.0,yahoo,GC=F
2026-09-25T01:27:00Z,4327.60009765625,4328.89990234375,4327.2998046875,4327.2998046875,47.0,yahoo,GC=F
2026-09-25T01:28:00Z,4327.2998046875,4329.5,4327.2001953125,4329.0,99.0,yahoo,GC=F
2026-09-25T01:29:00Z,4328.39990234375,4329.39990234375,4328.39990234375,4328.89990234375,44.0,yahoo,GC=F
2026-09-25T01:30:00Z,4328.89990234375,4329.10009765625,4326.60009765625,4327.60009765625,72.0,yahoo,GC=F
2026-09-25T01:31:00Z,4327.2998046875,4328.89990234375,4326.7001953125,4328.2001953125,120.0,yahoo,GC=F
2026-09-25T01:32:00Z,4328.2001953125,4330.2998046875,4328.2001953125,4328.89990234375,119.0,yahoo,GC=F
2026-09-25T01:33:00Z,4328.7001953125,4329.39990234375,4328.5,4328.7001953125,38.0,yahoo,GC=F
2026-09-25T01:34:00Z,4328.2001953125,4328.2998046875,4327.39990234375,4327.7998046875,59.0,yahoo,GC=F
2026-09-25T01:35:00Z,4327.5,4328.7001953125,4326.7001953125,4328.7001953125,43.0,yahoo,GC=F
2026-09-25T01:36:00Z,4329.2001953125,4330.39990234375,4328.7998046875,4329.10009765625,44.0,yahoo,GC=F
2026-09-25T01:37:00Z,4329.2001953125,4330.5,4329.2001953125,4329.60009765625,68.0,yahoo,GC=F
2026-09-25T01:38:00Z,4330.0,4330.7998046875,4329.5,4330.10009765625,69.0,yahoo,GC=F
2026-09-25T01:39:00Z,4330.10009765625,4330.89990234375,4329.5,4329.7998046875,53.0,yahoo,GC=F
2026-09-25T01:40:00Z,4329.89990234375,4330.0,4328.89990234375,4329.89990234375,19.0,yahoo,GC=F
2026-09-25T01:41:00Z,4330.2001953125,4331.0,4329.5,4329.89990234375,59.0,yahoo,GC=F
2026-09-25T01:42:00Z,4330.2998046875,4330.7998046875,4329.60009765625,4330.0,67.0,yahoo,GC=F
2026-09-25T01:43:00Z,4329.60009765625,4330.7001953125,4329.39990234375,4330.39990234375,37.0,yahoo,GC=F
2026-09-25T01:44:00Z,4330.2001953125,4330.39990234375,4327.89990234375,4327.89990234375,37.0,yahoo,GC=F
2026-09-25T01:45:00Z,4327.89990234375,4327.89990234375,4326.10009765625,4326.5,114.0,yahoo,GC=F
2026-09-25T01:46:00Z,4326.7001953125,4326.89990234375,4325.2998046875,4325.39990234375,121.0,yahoo,GC=F
2026-09-25T01:47:00Z,4325.60009765625,4325.7001953125,4323.89990234375,4324.60009765625,109.0,yahoo,GC=F
2026-09-25T01:48:00Z,4324.7001953125,4325.0,4322.89990234375,4322.89990234375,75.0,yahoo,GC=F
2026-09-25T01:49:00Z,4323.2001953125,4324.0,4322.7998046875,4323.7001953125,23.0,yahoo,GC=F
2026-09-25T01:50:00Z,4323.5,4323.5,4322.5,4322.89990234375,59.0,yahoo,GC=F
2026-09-25T01:51:00Z,4322.7998046875,4322.7998046875,4321.60009765625,4321.7001953125,43.0,yahoo,GC=F
2026-09-25T01:52:00Z,4322.0,4323.5,4322.0,4322.7001953125,39.0,yahoo,GC=F
2026-09-25T01:53:00Z,4322.7998046875,4322.7998046875,4321.7001953125,4322.5,33.0,yahoo,GC=F
2026-09-25T01:54:00Z,4323.0,4323.10009765625,4322.60009765625,4322.7998046875,12.0,yahoo,GC=F
2026-09-25T01:55:00Z,4322.89990234375,4323.39990234375,4322.2998046875,4323.2001953125,80.0,yahoo,GC=F
2026-09-25T01:56:00Z,4323.0,4323.5,4322.7998046875,4323.10009765625,69.0,yahoo,GC=F
2026-09-25T01:57:00Z,4323.0,4323.5,4322.2998046875,4323.2001953125,17.0,yahoo,GC=F
2026-09-25T01:58:00Z,4323.60009765625,4324.0,4322.7001953125,4323.89990234375,45.0,yahoo,GC=F
2026-09-25T01:59:00Z,4324.2001953125,4324.5,4322.89990234375,4323.2001953125,37.0,yahoo,GC=F
2026-09-25T02:00:00Z,4323.2001953125,4324.2998046875,4323.2001953125,4324.0,55.0,yahoo,GC=F
2026-09-25T02:01:00Z,4324.2001953125,4324.39990234375,4324.2001953125,4324.39990234375,7.0,yahoo,GC=F
2026-09-25T02:02:00Z,4324.2001953125,4327.39990234375,4324.2001953125,4326.89990234375,117.0,yahoo,GC=F
2026-09-25T02:03:00Z,4326.2998046875,4327.60009765625,4325.7998046875,4326.60009765625,31.0,yahoo,GC=F
2026-09-25T02:04:00Z,4326.2998046875,4327.0,4326.2998046875,4326.5,21.0,yahoo,GC=F
2026-09-25T02:05:00Z,4326.2998046875,4328.0,4326.10009765625,4327.2998046875,79.0,yahoo,GC=F
2026-09-25T02:06:00Z,4327.0,4328.7001953125,4326.60009765625,4328.2998046875,28.0,yahoo,GC=F
2026-09-25T02:07:00Z,4328.5,4329.7998046875,4328.2001953125,4328.7998046875,91.0,yahoo,GC=F
2026-09-25T02:08:00Z,4329.10009765625,4329.2001953125,4328.10009765625,4328.7998046875,47.0,yahoo,GC=F
2026-09-25T02:09:00Z,4329.0,4330.5,4329.0,4330.0,20.0,yahoo,GC=F
2026-09-25T02:10:00Z,4329.7001953125,4330.0,4328.7998046875,4328.7998046875,21.0,yahoo,GC=F
2026-09-25T02:11:00Z,4328.7001953125,4328.7001953125,4327.89990234375,4327.89990234375,35.0,yahoo,GC=F
2026-09-25T02:12:00Z,4328.10009765625,4328.5,4326.2998046875,4326.2998046875,36.0,yahoo,GC=F
2026-09-25T02:13:00Z,4326.39990234375,4326.7001953125,4325.2998046875,4326.2998046875,42.0,yahoo,GC=F
2026-09-25T02:14:00Z,4326.5,4326.5,4325.2998046875,4325.2998046875,28.0,yahoo,GC=F
2026-09-25T02:15:00Z,4325.2998046875,4325.39990234375,4324.0,4324.7001953125,146.0,yahoo,GC=F
2026-09-25T02:16:00Z,4324.10009765625,4324.7001953125,4323.60009765625,4324.39990234375,36.0,yahoo,GC=F
2026-09-25T02:17:00Z,4324.7998046875,4324.89990234375,4324.39990234375,4324.39990234375,8.0,yahoo,GC=F
2026-09-25T02:18:00Z,4324.89990234375,4326.10009765625,4324.89990234375,4326.10009765625,9.0,yahoo,GC=F
2026-09-25T02:19:00Z,4325.89990234375,4326.10009765625,4325.5,4326.10009765625,18.0,yahoo,GC=F
2026-09-25T02:20:00Z,4325.7001953125,4327.60009765625,4325.60009765625,4327.60009765625,19.0,yahoo,GC=F
2026-09-25T02:21:00Z,4327.39990234375,4327.60009765625,4326.7001953125,4327.10009765625,22.0,yahoo,GC=F
2026-09-25T02:22:00Z,4327.0,4327.60009765625,4326.39990234375,4327.5,13.0,yahoo,GC=F
2026-09-25T02:23:00Z,4327.2998046875,4327.7001953125,4325.7001953125,4325.89990234375,19.0,yahoo,GC=F
2026-09-25T02:24:00Z,4325.7001953125,4326.60009765625,4325.7001953125,4325.7998046875,15.0,yahoo,GC=F
2026-09-25T02:25:00Z,4325.5,4325.60009765625,4324.7001953125,4325.0,16.0,yahoo,GC=F
2026-09-25T02:26:00Z,4325.0,4325.39990234375,4324.7998046875,4325.39990234375,8.0,yahoo,GC=F
2026-09-25T02:27:00Z,4325.10009765625,4325.10009765625,4324.0,4324.0,36.0,yahoo,GC=F
2026-09-25T02:28:00Z,4325.0,4325.0,4324.10009765625,4324.2001953125,20.0,yahoo,GC=F
2026-09-25T02:29:00Z,4324.0,4324.2001953125,4323.0,4323.2998046875,32.0,yahoo,GC=F
2026-09-25T02:30:00Z,4323.0,4323.5,4322.7001953125,4323.10009765625,19.0,yahoo,GC=F
2026-09-25T02:31:00Z,4323.10009765625,4323.39990234375,4322.7001953125,4322.7001953125,16.0,yahoo,GC=F
2026-09-25T02:32:00Z,4322.5,4322.7001953125,4322.10009765625,4322.7001953125,28.0,yahoo,GC=F
2026-09-25T02:33:00Z,4322.89990234375,4323.60009765625,4322.7998046875,4323.39990234375,20.0,yahoo,GC=F
2026-09-25T02:34:00Z,4323.10009765625,4323.10009765625,4322.7001953125,4322.7001953125,14.0,yahoo,GC=F
2026-09-25T02:35:00Z,4322.89990234375,4322.89990234375,4321.39990234375,4321.7998046875,53.0,yahoo,GC=F
2026-09-25T02:36:00Z,4322.0,4323.2998046875,4321.7998046875,4323.2998046875,61.0,yahoo,GC=F
2026-09-25T02:37:00Z,4323.10009765625,4323.10009765625,4319.5,4319.5,130.0,yahoo,GC=F
2026-09-25T02:38:00Z,4319.7998046875,4321.10009765625,4319.39990234375,4320.89990234375,51.0,yahoo,GC=F
2026-09-25T02:39:00Z,4320.7998046875,4321.5,4320.39990234375,4320.39990234375,17.0,yahoo,GC=F
2026-09-25T02:40:00Z,4320.39990234375,4320.60009765625,4319.39990234375,4319.39990234375,26.0,yahoo,GC=F
2026-09-25T02:41:00Z,4319.2998046875,4319.2998046875,4318.0,4318.2001953125,69.0,yahoo,GC=F
2026-09-25T02:42:00Z,4318.2998046875,4318.5,4317.2001953125,4318.2998046875,61.0,yahoo,GC=F
2026-09-25T02:43:00Z,4318.39990234375,4320.5,4318.39990234375,4320.5,62.0,yahoo,GC=F
2026-09-25T02:44:00Z,4320.60009765625,4322.7001953125,4320.60009765625,4321.2998046875,80.0,yahoo,GC=F
2026-09-25T02:45:00Z,4321.2001953125,4321.60009765625,4319.7001953125,4319.7998046875,49.0,yahoo,GC=F
2026-09-25T02:46:00Z,4319.89990234375,4320.39990234375,4317.89990234375,4318.2998046875,46.0,yahoo,GC=F
2026-09-25T02:47:00Z,4318.2001953125,4319.89990234375,4318.0,4318.2998046875,41.0,yahoo,GC=F
2026-09-25T02:48:00Z,4318.10009765625,4318.10009765625,4317.10009765625,4317.10009765625,45.0,yahoo,GC=F
2026-09-25T02:49:00Z,4317.39990234375,4317.5,4316.2998046875,4316.2998046875,172.0,yahoo,GC=F
2026-09-25T02:50:00Z,4316.2001953125,4316.39990234375,4314.7001953125,4315.7001953125,104.0,yahoo,GC=F
2026-09-25T02:51:00Z,4315.39990234375,4315.39990234375,4313.0,4315.0,174.0,yahoo,GC=F
2026-09-25T02:52:00Z,4314.7998046875,4315.2001953125,4313.60009765625,4314.60009765625,61.0,yahoo,GC=F
2026-09-25T02:53:00Z,4314.89990234375,4316.39990234375,4314.2001953125,4315.7998046875,72.0,yahoo,GC=F
2026-09-25T02:54:00Z,4316.10009765625,4317.60009765625,4315.39990234375,4317.60009765625,58.0,yahoo,GC=F
2026-09-25T02:55:00Z,4317.5,4318.10009765625,4316.60009765625,4317.7001953125,43.0,yahoo,GC=F
2026-09-25T02:56:00Z,4317.7998046875,4319.10009765625,4317.7998046875,4318.2001953125,35.0,yahoo,GC=F
2026-09-25T02:57:00Z,4318.2001953125,4318.7998046875,4317.7001953125,4318.39990234375,11.0,yahoo,GC=F
2026-09-25T02:58:00Z,4318.60009765625,4318.89990234375,4318.10009765625,4318.39990234375,18.0,yahoo,GC=F
2026-09-25T02:59:00Z,4318.5,4319.0,4318.5,4318.89990234375,9.0,yahoo,GC=F
2026-09-25T03:00:00Z,4319.0,4319.7998046875,4318.7001953125,4318.89990234375,38.0,yahoo,GC=F
2026-09-25T03:01:00Z,4318.60009765625,4319.5,4317.7001953125,4317.7998046875,30.0,yahoo,GC=F
2026-09-25T03:02:00Z,4318.10009765625,4318.5,4317.7001953125,4318.5,13.0,yahoo,GC=F
2026-09-25T03:03:00Z,4318.10009765625,4318.2998046875,4317.60009765625,4317.7998046875,35.0,yahoo,GC=F
2026-09-25T03:04:00Z,4317.60009765625,4318.7001953125,4317.5,4318.5,41.0,yahoo,GC=F
2026-09-25T03:05:00Z,4318.7998046875,4320.7998046875,4318.60009765625,4319.7001953125,63.0,yahoo,GC=F
2026-09-25T03:06:00Z,4319.7001953125,4321.60009765625,4319.2001953125,4320.5,41.0,yahoo,GC=F
2026-09-25T03:07:00Z,4320.5,4320.5,4319.60009765625,4320.39990234375,48.0,yahoo,GC=F
2026-09-25T03:08:00Z,4321.2001953125,4321.2998046875,4319.5,4320.0,39.0,yahoo,GC=F
2026-09-25T03:09:00Z,4319.2998046875,4319.60009765625,4319.10009765625,4319.60009765625,25.0,yahoo,GC=F
2026-09-25T03:10:00Z,4319.39990234375,4319.39990234375,4318.2001953125,4319.39990234375,46.0,yahoo,GC=F
2026-09-25T03:11:00Z,4319.2998046875,4319.7001953125,4319.0,4319.0,8.0,yahoo,GC=F
2026-09-25T03:12:00Z,4319.0,4319.39990234375,4318.7001953125,4319.10009765625,10.0,yahoo,GC=F
2026-09-25T03:13:00Z,4318.89990234375,4318.89990234375,4317.89990234375,4318.5,25.0,yahoo,GC=F
2026-09-25T03:14:00Z,4318.5,4318.7998046875,4317.60009765625,4318.0,30.0,yahoo,GC=F
2026-09-25T03:15:00Z,4318.0,4319.7001953125,4317.89990234375,4319.2001953125,22.0,yahoo,GC=F
2026-09-25T03:16:00Z,4319.10009765625,4319.89990234375,4319.0,4319.0,8.0,yahoo,GC=F
2026-09-25T03:17:00Z,4319.0,4319.10009765625,4317.7998046875,4317.7998046875,24.0,yahoo,GC=F
2026-09-25T03:18:00Z,4318.2001953125,4318.7001953125,4318.10009765625,4318.7001953125,14.0,yahoo,GC=F
2026-09-25T03:19:00Z,4318.60009765625,4319.10009765625,4318.39990234375,4318.89990234375,8.0,yahoo,GC=F
2026-09-25T03:20:00Z,4319.39990234375,4319.39990234375,4318.60009765625,4318.60009765625,19.0,yahoo,GC=F
2026-09-25T03:21:00Z,4319.0,4319.7998046875,4319.0,4319.2998046875,17.0,yahoo,GC=F
2026-09-25T03:22:00Z,4319.5,4319.60009765625,4319.2001953125,4319.39990234375,7.0,yahoo,GC=F
2026-09-25T03:23:00Z,4319.0,4319.10009765625,4318.0,4318.0,5.0,yahoo,GC=F
2026-09-25T03:24:00Z,4317.7998046875,4317.7998046875,4317.5,4317.7998046875,7.0,yahoo,GC=F
2026-09-25T03:25:00Z,4317.7998046875,4318.10009765625,4316.5,4317.0,43.0,yahoo,GC=F
2026-09-25T03:26:00Z,4316.7998046875,4316.89990234375,4314.39990234375,4314.5,69.0,yahoo,GC=F
2026-09-25T03:27:00Z,4314.60009765625,4315.10009765625,4313.5,4314.39990234375,47.0,yahoo,GC=F
2026-09-25T03:28:00Z,4314.39990234375,4314.89990234375,4313.7998046875,4313.7998046875,16.0,yahoo,GC=F
2026-09-25T03:29:00Z,4313.7998046875,4313.89990234375,4313.10009765625,4313.10009765625,36.0,yahoo,GC=F
2026-09-25T03:30:00Z,4313.2998046875,4313.2998046875,4311.7001953125,4312.7001953125,81.0,yahoo,GC=F
2026-09-25T03:31:00Z,4312.5,4312.7998046875,4311.5,4312.5,37.0,yahoo,GC=F
2026-09-25T03:32:00Z,4312.2998046875,4312.7998046875,4312.2001953125,4312.60009765625,19.0,yahoo,GC=F
2026-09-25T03:33:00Z,4312.2998046875,4313.2001953125,4312.0,4312.89990234375,71.0,yahoo,GC=F
2026-09-25T03:34:00Z,4312.60009765625,4312.60009765625,4310.7998046875,4311.2001953125,118.0,yahoo,GC=F
2026-09-25T03:35:00Z,4311.60009765625,4311.89990234375,4310.89990234375,4311.10009765625,46.0,yahoo,GC=F
2026-09-25T03:36:00Z,4311.0,4311.0,4308.7001953125,4308.89990234375,118.0,yahoo,GC=F
2026-09-25T03:37:00Z,4308.7001953125,4309.7998046875,4308.60009765625,4309.60009765625,67.0,yahoo,GC=F
2026-09-25T03:38:00Z,4309.5,4310.7001953125,4309.10009765625,4309.7998046875,95.0,yahoo,GC=F
2026-09-25T03:39:00Z,4310.10009765625,4310.5,4309.5,4309.7998046875,38.0,yahoo,GC=F
2026-09-25T03:40:00Z,4309.5,4310.10009765625,4309.2001953125,4309.89990234375,13.0,yahoo,GC=F
2026-09-25T03:41:00Z,4309.7998046875,4310.10009765625,4309.0,4309.2001953125,16.0,yahoo,GC=F
2026-09-25T03:42:00Z,4309.7001953125,4311.0,4309.7001953125,4310.39990234375,12.0,yahoo,GC=F
2026-09-25T03:43:00Z,4310.2998046875,4310.60009765625,4309.2998046875,4310.5,36.0,yahoo,GC=F
2026-09-25T03:44:00Z,4310.2001953125,4310.2001953125,4308.2998046875,4308.2998046875,40.0,yahoo,GC=F
2026-09-25T03:45:00Z,4308.60009765625,4309.10009765625,4307.7001953125,4307.7001953125,40.0,yahoo,GC=F
2026-09-25T03:46:00Z,4307.5,4308.0,4306.39990234375,4307.2001953125,71.0,yahoo,GC=F
2026-09-25T03:47:00Z,4307.2998046875,4307.2998046875,4306.7998046875,4306.7998046875,12.0,yahoo,GC=F
2026-09-25T03:48:00Z,4307.0,4307.2998046875,4306.2998046875,4306.89990234375,40.0,yahoo,GC=F
2026-09-25T03:49:00Z,4306.89990234375,4307.2001953125,4306.0,4306.60009765625,62.0,yahoo,GC=F
2026-09-25T03:50:00Z,4306.2001953125,4308.0,4306.10009765625,4307.2001953125,44.0,yahoo,GC=F
2026-09-25T03:51:00Z,4307.10009765625,4307.7001953125,4306.89990234375,4307.7001953125,19.0,yahoo,GC=F
2026-09-25T03:52:00Z,4307.60009765625,4307.60009765625,4307.0,4307.0,16.0,yahoo,GC=F
2026-09-25T03:53:00Z,4307.2001953125,4307.2998046875,4306.60009765625,4306.60009765625,12.0,yahoo,GC=F
2026-09-25T03:54:00Z,4306.60009765625,4307.2001953125,4306.2001953125,4306.7998046875,15.0,yahoo,GC=F
2026-09-25T03:55:00Z,4306.7001953125,4306.7998046875,4305.7001953125,4306.7998046875,29.0,yahoo,GC=F
2026-09-25T03:56:00Z,4306.5,4306.7001953125,4305.89990234375,4306.60009765625,18.0,yahoo,GC=F
2026-09-25T03:57:00Z,4306.39990234375,4306.39990234375,4305.60009765625,4306.0,17.0,yahoo,GC=F
2026-09-25T03:58:00Z,4305.89990234375,4306.0,4305.39990234375,4305.7001953125,38.0,yahoo,GC=F
2026-09-25T04:00:00Z,4304.7998046875,4305.2998046875,4304.5,4304.7998046875,36.0,yahoo,GC=F
2026-09-25T04:01:00Z,4305.0,4305.5,4304.7001953125,4305.2001953125,32.0,yahoo,GC=F
2026-09-25T04:02:00Z,4305.5,4305.89990234375,4304.89990234375,4305.39990234375,38.0,yahoo,GC=F
2026-09-25T04:03:00Z,4305.10009765625,4305.2998046875,4303.2001953125,4304.7001953125,154.0,yahoo,GC=F
2026-09-25T04:04:00Z,4305.2998046875,4305.7998046875,4305.2001953125,4305.60009765625,20.0,yahoo,GC=F
2026-09-25T04:05:00Z,4305.89990234375,4306.60009765625,4305.7001953125,4306.2998046875,42.0,yahoo,GC=F
2026-09-25T04:06:00Z,4306.10009765625,4306.7001953125,4304.0,4304.2998046875,50.0,yahoo,GC=F
2026-09-25T04:07:00Z,4304.2998046875,4305.5,4303.89990234375,4304.7001953125,91.0,yahoo,GC=F
2026-09-25T04:08:00Z,4304.89990234375,4305.39990234375,4304.60009765625,4304.7998046875,35.0,yahoo,GC=F
2026-09-25T04:09:00Z,4304.60009765625,4306.0,4303.89990234375,4305.5,32.0,yahoo,GC=F
2026-09-25T04:10:00Z,4305.2001953125,4305.39990234375,4304.7001953125,4304.7001953125,15.0,yahoo,GC=F
2026-09-25T04:11:00Z,4304.7998046875,4304.7998046875,4304.0,4304.7001953125,11.0,yahoo,GC=F
2026-09-25T04:12:00Z,4305.0,4305.0,4304.5,4304.7998046875,9.0,yahoo,GC=F
2026-09-25T04:13:00Z,4304.89990234375,4305.0,4303.7998046875,4303.89990234375,15.0,yahoo,GC=F
2026-09-25T04:14:00Z,4303.7001953125,4303.7998046875,4302.7001953125,4303.10009765625,55.0,yahoo,GC=F
2026-09-25T04:15:00Z,4303.0,4303.39990234375,4302.39990234375,4303.2998046875,37.0,yahoo,GC=F
2026-09-25T04:16:00Z,4303.10009765625,4303.5,4303.0,4303.2001953125,26.0,yahoo,GC=F
2026-09-25T04:17:00Z,4303.60009765625,4303.89990234375,4303.5,4303.60009765625,21.0,yahoo,GC=F
2026-09-25T04:18:00Z,4304.0,4304.5,4302.39990234375,4302.7001953125,42.0,yahoo,GC=F
2026-09-25T04:19:00Z,4302.5,4303.2998046875,4302.2998046875,4303.2001953125,41.0,yahoo,GC=F
2026-09-25T04:20:00Z,4303.10009765625,4303.7001953125,4303.10009765625,4303.7001953125,8.0,yahoo,GC=F
2026-09-25T04:21:00Z,4303.60009765625,4303.7001953125,4303.5,4303.5,7.0,yahoo,GC=F
2026-09-25T04:22:00Z,4303.39990234375,4304.5,4303.39990234375,4304.5,19.0,yahoo,GC=F
2026-09-25T04:23:00Z,4304.0,4304.2998046875,4304.0,4304.10009765625,4.0,yahoo,GC=F
2026-09-25T04:24:00Z,4304.2998046875,4305.39990234375,4304.2998046875,4305.2998046875,54.0,yahoo,GC=F
2026-09-25T04:25:00Z,4305.2998046875,4305.5,4304.7998046875,4305.2001953125,36.0,yahoo,GC=F
2026-09-25T04:26:00Z,4305.2001953125,4305.7001953125,4304.5,4305.0,27.0,yahoo,GC=F
2026-09-25T04:27:00Z,4304.7998046875,4305.7998046875,4304.7998046875,4305.60009765625,27.0,yahoo,GC=F
2026-09-25T04:28:00Z,4305.7001953125,4305.89990234375,4305.7001953125,4305.89990234375,90.0,yahoo,GC=F
2026-09-25T04:29:00Z,4305.89990234375,4306.5,4305.89990234375,4306.0,23.0,yahoo,GC=F
2026-09-25T04:30:00Z,4306.0,4306.7001953125,4305.60009765625,4306.2998046875,30.0,yahoo,GC=F
2026-09-25T04:31:00Z,4306.2001953125,4306.60009765625,4305.7998046875,4305.7998046875,17.0,yahoo,GC=F
2026-09-25T04:32:00Z,4306.2001953125,4306.60009765625,4305.7998046875,4306.10009765625,12.0,yahoo,GC=F
2026-09-25T04:33:00Z,4305.5,4305.89990234375,4305.0,4305.7998046875,25.0,yahoo,GC=F
2026-09-25T04:34:00Z,4306.0,4306.2998046875,4305.7001953125,4306.2998046875,10.0,yahoo,GC=F
2026-09-25T04:35:00Z,4306.2998046875,4306.7001953125,4305.7001953125,4306.2001953125,21.0,yahoo,GC=F
2026-09-25T04:36:00Z,4305.89990234375,4306.10009765625,4305.2998046875,4305.60009765625,15.0,yahoo,GC=F
2026-09-25T04:37:00Z,4305.2998046875,4305.7998046875,4305.2001953125,4305.60009765625,12.0,yahoo,GC=F
2026-09-25T04:38:00Z,4305.89990234375,4307.10009765625,4305.89990234375,4306.0,11.0,yahoo,GC=F
2026-09-25T04:39:00Z,4305.7998046875,4305.7998046875,4305.0,4305.39990234375,25.0,yahoo,GC=F
2026-09-25T04:40:00Z,4305.7998046875,4307.2001953125,4305.7001953125,4307.2001953125,13.0,yahoo,GC=F
2026-09-25T04:41:00Z,4307.2001953125,4307.7998046875,4306.7001953125,4307.10009765625,31.0,yahoo,GC=F
2026-09-25T04:42:00Z,4307.10009765625,4307.60009765625,4306.7998046875,4307.60009765625,18.0,yahoo,GC=F
2026-09-25T04:43:00Z,4307.39990234375,4308.39990234375,4307.2001953125,4307.39990234375,32.0,yahoo,GC=F
2026-09-25T04:44:00Z,4307.2998046875,4307.2998046875,4306.7001953125,4306.7001953125,105.0,yahoo,GC=F
2026-09-25T04:45:00Z,4306.89990234375,4308.0,4306.89990234375,4307.5,16.0,yahoo,GC=F
2026-09-25T04:46:00Z,4307.7998046875,4308.2001953125,4306.7001953125,4306.7001953125,22.0,yahoo,GC=F
2026-09-25T04:47:00Z,4306.89990234375,4307.2001953125,4306.10009765625,4306.10009765625,19.0,yahoo,GC=F
2026-09-25T04:48:00Z,4306.2001953125,4306.7001953125,4305.5,4306.7001953125,53.0,yahoo,GC=F
2026-09-25T04:49:00Z,4306.5,4306.5,4304.60009765625,4304.60009765625,30.0,yahoo,GC=F
2026-09-25T04:50:00Z,4304.5,4304.5,4302.89990234375,4303.10009765625,34.0,yahoo,GC=F
2026-09-25T04:51:00Z,4303.60009765625,4304.0,4303.60009765625,4303.7998046875,16.0,yahoo,GC=F
2026-09-25T04:52:00Z,4303.60009765625,4304.39990234375,4302.0,4302.2998046875,153.0,yahoo,GC=F
2026-09-25T04:53:00Z,4302.2001953125,4303.0,4301.39990234375,4302.39990234375,97.0,yahoo,GC=F
2026-09-25T04:54:00Z,4302.0,4302.7998046875,4301.89990234375,4302.7998046875,22.0,yahoo,GC=F
2026-09-25T04:55:00Z,4302.60009765625,4302.60009765625,4301.7998046875,4301.7998046875,7.0,yahoo,GC=F
2026-09-25T04:56:00Z,4301.7998046875,4301.7998046875,4298.10009765625,4298.89990234375,409.0,yahoo,GC=F
2026-09-25T04:57:00Z,4298.89990234375,4299.7998046875,4297.5,4298.0,128.0,yahoo,GC=F
2026-09-25T04:58:00Z,4297.7998046875,4298.2998046875,4297.0,4297.2001953125,108.0,yahoo,GC=F
2026-09-25T04:59:00Z,4297.2001953125,4297.89990234375,4297.10009765625,4297.39990234375,149.0,yahoo,GC=F
2026-09-25T05:00:00Z,4297.0,4298.2001953125,4294.7998046875,4298.2001953125,253.0,yahoo,GC=F
2026-09-25T05:01:00Z,4297.89990234375,4298.60009765625,4296.7001953125,4297.0,95.0,yahoo,GC=F
2026-09-25T05:02:00Z,4296.60009765625,4296.7001953125,4295.0,4296.0,59.0,yahoo,GC=F
2026-09-25T05:03:00Z,4295.39990234375,4296.10009765625,4295.10009765625,4295.39990234375,32.0,yahoo,GC=F
2026-09-25T05:04:00Z,4295.2001953125,4295.39990234375,4293.2998046875,4294.39990234375,96.0,yahoo,GC=F
2026-09-25T05:05:00Z,4294.7998046875,4297.2001953125,4294.7998046875,4296.39990234375,51.0,yahoo,GC=F
2026-09-25T05:06:00Z,4296.39990234375,4296.39990234375,4295.0,4295.0,25.0,yahoo,GC=F
2026-09-25T05:07:00Z,4295.0,4295.2998046875,4294.0,4294.2998046875,30.0,yahoo,GC=F
2026-09-25T05:08:00Z,4293.5,4295.60009765625,4293.2998046875,4295.60009765625,34.0,yahoo,GC=F
2026-09-25T05:09:00Z,4295.89990234375,4296.2998046875,4293.5,4294.2001953125,119.0,yahoo,GC=F
2026-09-25T05:10:00Z,4294.2001953125,4294.7998046875,4291.0,4291.39990234375,150.0,yahoo,GC=F
2026-09-25T05:11:00Z,4291.7001953125,4293.2001953125,4291.7001953125,4293.10009765625,53.0,yahoo,GC=F
2026-09-25T05:12:00Z,4293.89990234375,4294.0,4291.5,4292.7001953125,59.0,yahoo,GC=F
2026-09-25T05:13:00Z,4292.7001953125,4292.7001953125,4291.39990234375,4291.89990234375,30.0,yahoo,GC=F
2026-09-25T05:14:00Z,4292.10009765625,4292.5,4290.2998046875,4291.2998046875,223.0,yahoo,GC=F
2026-09-25T05:15:00Z,4291.2001953125,4293.5,4291.10009765625,4293.39990234375,104.0,yahoo,GC=F
2026-09-25T05:16:00Z,4293.39990234375,4294.2998046875,4292.60009765625,4293.7001953125,56.0,yahoo,GC=F
2026-09-25T05:17:00Z,4293.7998046875,4294.7001953125,4293.7998046875,4294.10009765625,37.0,yahoo,GC=F
2026-09-25T05:18:00Z,4294.0,4295.39990234375,4294.0,4294.5,43.0,yahoo,GC=F
2026-09-25T05:19:00Z,4294.2001953125,4295.0,4293.89990234375,4294.89990234375,23.0,yahoo,GC=F
2026-09-25T05:20:00Z,4295.0,4295.7998046875,4295.0,4295.39990234375,53.0,yahoo,GC=F
2026-09-25T05:21:00Z,4295.5,4296.10009765625,4295.0,4296.10009765625,75.0,yahoo,GC=F
2026-09-25T05:22:00Z,4295.7998046875,4296.0,4295.2001953125,4295.60009765625,32.0,yahoo,GC=F
2026-09-25T05:23:00Z,4295.7001953125,4295.89990234375,4295.10009765625,4295.10009765625,15.0,yahoo,GC=F
2026-09-25T05:24:00Z,4295.0,4295.7001953125,4293.89990234375,4294.0,84.0,yahoo,GC=F
2026-09-25T05:25:00Z,4294.0,4295.89990234375,4294.0,4295.7998046875,29.0,yahoo,GC=F
2026-09-25T05:26:00Z,4296.0,4296.2001953125,4295.2998046875,4296.2001953125,15.0,yahoo,GC=F
2026-09-25T05:27:00Z,4296.2001953125,4297.5,4296.2001953125,4297.5,42.0,yahoo,GC=F
2026-09-25T05:28:00Z,4297.39990234375,4299.2998046875,4297.39990234375,4298.7998046875,74.0,yahoo,GC=F
2026-09-25T05:29:00Z,4298.7998046875,4298.89990234375,4298.10009765625,4298.7001953125,22.0,yahoo,GC=F
2026-09-25T05:30:00Z,4298.5,4300.0,4297.5,4300.0,55.0,yahoo,GC=F
2026-09-25T05:31:00Z,4300.39990234375,4302.39990234375,4300.2998046875,4302.39990234375,114.0,yahoo,GC=F
2026-09-25T05:32:00Z,4302.60009765625,4304.60009765625,4302.2998046875,4303.2998046875,91.0,yahoo,GC=F
2026-09-25T05:33:00Z,4303.39990234375,4307.7001953125,4303.39990234375,4306.39990234375,146.0,yahoo,GC=F
2026-09-25T05:34:00Z,4306.5,4307.2001953125,4302.7998046875,4303.39990234375,101.0,yahoo,GC=F
2026-09-25T05:35:00Z,4303.7001953125,4304.39990234375,4301.7001953125,4302.10009765625,55.0,yahoo,GC=F
2026-09-25T05:36:00Z,4302.10009765625,4303.2001953125,4300.0,4302.0,227.0,yahoo,GC=F
2026-09-25T05:37:00Z,4302.10009765625,4304.5,4301.89990234375,4302.7001953125,165.0,yahoo,GC=F
2026-09-25T05:38:00Z,4302.7001953125,4306.39990234375,4302.7001953125,4305.10009765625,159.0,yahoo,GC=F
2026-09-25T05:39:00Z,4305.10009765625,4311.89990234375,4304.2998046875,4307.7998046875,512.0,yahoo,GC=F
2026-09-25T05:40:00Z,4308.39990234375,4309.2998046875,4307.7998046875,4309.0,54.0,yahoo,GC=F
2026-09-25T05:41:00Z,4309.10009765625,4310.0,4307.39990234375,4308.39990234375,76.0,yahoo,GC=F
2026-09-25T05:42:00Z,4308.7001953125,4308.7998046875,4307.39990234375,4307.39990234375,33.0,yahoo,GC=F
2026-09-25T05:43:00Z,4307.39990234375,4308.2998046875,4306.60009765625,4307.89990234375,52.0,yahoo,GC=F
2026-09-25T05:44:00Z,4307.7998046875,4309.0,4307.7998046875,4309.0,38.0,yahoo,GC=F
2026-09-25T05:45:00Z,4309.0,4310.0,4308.5,4309.0,35.0,yahoo,GC=F
2026-09-25T05:46:00Z,4308.7001953125,4309.2998046875,4308.5,4309.2001953125,23.0,yahoo,GC=F
2026-09-25T05:47:00Z,4309.5,4310.5,4307.5,4307.60009765625,57.0,yahoo,GC=F
2026-09-25T05:48:00Z,4307.0,4307.5,4306.2998046875,4306.2998046875,46.0,yahoo,GC=F
2026-09-25T05:49:00Z,4306.2998046875,4306.39990234375,4305.5,4305.5,25.0,yahoo,GC=F
2026-09-25T05:50:00Z,4305.2001953125,4306.10009765625,4304.7998046875,4306.10009765625,44.0,yahoo,GC=F
2026-09-25T05:51:00Z,4306.0,4306.0,4305.60009765625,4306.0,3.0,yahoo,GC=F
2026-09-25T05:52:00Z,4306.5,4306.89990234375,4304.89990234375,4305.39990234375,36.0,yahoo,GC=F
2026-09-25T05:53:00Z,4304.60009765625,4304.7998046875,4303.0,4303.10009765625,34.0,yahoo,GC=F
2026-09-25T05:54:00Z,4303.2001953125,4304.0,4303.10009765625,4303.2001953125,41.0,yahoo,GC=F
2026-09-25T05:55:00Z,4302.89990234375,4303.2998046875,4302.7001953125,4302.89990234375,13.0,yahoo,GC=F
2026-09-25T05:56:00Z,4302.89990234375,4303.10009765625,4301.0,4301.0,75.0,yahoo,GC=F
2026-09-25T05:57:00Z,4301.0,4301.2001953125,4300.39990234375,4300.7998046875,53.0,yahoo,GC=F
2026-09-25T05:58:00Z,4301.10009765625,4302.10009765625,4301.10009765625,4301.7998046875,27.0,yahoo,GC=F
2026-09-25T05:59:00Z,4302.0,4302.2001953125,4301.2001953125,4301.2998046875,27.0,yahoo,GC=F
2026-09-25T06:00:00Z,4301.10009765625,4305.60009765625,4300.7998046875,4302.7998046875,236.0,yahoo,GC=F
2026-09-25T06:01:00Z,4302.7998046875,4306.5,4302.2001953125,4305.7998046875,111.0,yahoo,GC=F
2026-09-25T06:02:00Z,4306.2998046875,4306.2998046875,4305.39990234375,4305.39990234375,43.0,yahoo,GC=F
2026-09-25T06:03:00Z,4305.2998046875,4305.5,4304.60009765625,4304.7001953125,23.0,yahoo,GC=F
2026-09-25T06:04:00Z,4304.7998046875,4306.5,4304.5,4306.5,69.0,yahoo,GC=F
2026-09-25T06:05:00Z,4306.7998046875,4306.89990234375,4303.2998046875,4303.5,88.0,yahoo,GC=F
2026-09-25T06:06:00Z,4303.89990234375,4304.10009765625,4302.5,4302.5,32.0,yahoo,GC=F
2026-09-25T06:07:00Z,4302.60009765625,4303.39990234375,4302.10009765625,4303.10009765625,15.0,yahoo,GC=F
2026-09-25T06:08:00Z,4302.7001953125,4303.0,4302.7001953125,4302.7998046875,6.0,yahoo,GC=F
2026-09-25T06:09:00Z,4302.89990234375,4303.0,4302.5,4302.7001953125,13.0,yahoo,GC=F
2026-09-25T06:10:00Z,4303.2001953125,4305.5,4303.0,4305.5,16.0,yahoo,GC=F
2026-09-25T06:11:00Z,4305.7998046875,4308.89990234375,4305.7998046875,4308.7001953125,54.0,yahoo,GC=F
2026-09-25T06:12:00Z,4308.89990234375,4310.10009765625,4308.7001953125,4309.7001953125,89.0,yahoo,GC=F
2026-09-25T06:13:00Z,4309.5,4309.7001953125,4308.60009765625,4309.2998046875,81.0,yahoo,GC=F
2026-09-25T06:14:00Z,4308.89990234375,4310.39990234375,4308.60009765625,4308.89990234375,65.0,yahoo,GC=F
2026-09-25T06:15:00Z,4309.2001953125,4312.5,4309.10009765625,4311.5,168.0,yahoo,GC=F
2026-09-25T06:16:00Z,4311.39990234375,4316.0,4311.2998046875,4315.0,255.0,yahoo,GC=F
2026-09-25T06:17:00Z,4315.10009765625,4316.39990234375,4313.5,4314.60009765625,297.0,yahoo,GC=F
2026-09-25T06:18:00Z,4314.60009765625,4314.60009765625,4313.2998046875,4314.10009765625,75.0,yahoo,GC=F
2026-09-25T06:19:00Z,4313.89990234375,4313.89990234375,4312.2998046875,4312.89990234375,43.0,yahoo,GC=F
2026-09-25T06:20:00Z,4312.89990234375,4314.7998046875,4312.89990234375,4314.7998046875,86.0,yahoo,GC=F
2026-09-25T06:21:00Z,4314.5,4316.2998046875,4314.5,4314.60009765625,133.0,yahoo,GC=F
2026-09-25T06:22:00Z,4314.39990234375,4316.2001953125,4312.39990234375,4312.5,163.0,yahoo,GC=F
2026-09-25T06:23:00Z,4312.39990234375,4313.10009765625,4310.89990234375,4311.2001953125,108.0,yahoo,GC=F
2026-09-25T06:24:00Z,4311.0,4314.2001953125,4310.7001953125,4313.39990234375,51.0,yahoo,GC=F
2026-09-25T06:25:00Z,4313.60009765625,4314.10009765625,4312.0,4312.2001953125,35.0,yahoo,GC=F
2026-09-25T06:26:00Z,4312.2001953125,4312.89990234375,4311.2998046875,4312.10009765625,42.0,yahoo,GC=F
2026-09-25T06:27:00Z,4311.60009765625,4312.89990234375,4311.10009765625,4312.7001953125,59.0,yahoo,GC=F
2026-09-25T06:28:00Z,4312.5,4313.2001953125,4309.7001953125,4310.2998046875,142.0,yahoo,GC=F
2026-09-25T06:29:00Z,4310.2001953125,4310.7998046875,4309.60009765625,4310.0,81.0,yahoo,GC=F
2026-09-25T06:30:00Z,4310.2001953125,4310.7998046875,4309.7998046875,4310.5,32.0,yahoo,GC=F
2026-09-25T06:31:00Z,4310.2998046875,4311.0,4310.2001953125,4310.39990234375,27.0,yahoo,GC=F
2026-09-25T06:32:00Z,4310.2998046875,4310.5,4310.0,4310.2998046875,14.0,yahoo,GC=F
2026-09-25T06:33:00Z,4310.7998046875,4311.0,4309.89990234375,4310.2998046875,18.0,yahoo,GC=F
2026-09-25T06:34:00Z,4310.7998046875,4311.7998046875,4310.7998046875,4311.7001953125,24.0,yahoo,GC=F
2026-09-25T06:35:00Z,4312.0,4312.60009765625,4311.0,4312.2001953125,24.0,yahoo,GC=F
2026-09-25T06:36:00Z,4312.10009765625,4312.39990234375,4310.2001953125,4310.2001953125,27.0,yahoo,GC=F
2026-09-25T06:37:00Z,4310.2001953125,4311.60009765625,4309.7998046875,4310.7001953125,35.0,yahoo,GC=F
2026-09-25T06:38:00Z,4311.10009765625,4312.5,4311.10009765625,4312.2998046875,48.0,yahoo,GC=F
2026-09-25T06:39:00Z,4311.5,4312.0,4311.0,4311.7001953125,84.0,yahoo,GC=F
2026-09-25T06:40:00Z,4312.2998046875,4312.2998046875,4311.89990234375,4312.10009765625,147.0,yahoo,GC=F
2026-09-25T06:41:00Z,4311.89990234375,4312.7001953125,4311.89990234375,4312.2001953125,66.0,yahoo,GC=F
2026-09-25T06:42:00Z,4312.10009765625,4313.0,4311.5,4313.0,88.0,yahoo,GC=F
2026-09-25T06:43:00Z,4313.2998046875,4313.2998046875,4311.7998046875,4311.7998046875,22.0,yahoo,GC=F
2026-09-25T06:44:00Z,4311.5,4312.7998046875,4311.2998046875,4312.2998046875,267.0,yahoo,GC=F
2026-09-25T06:45:00Z,4312.0,4312.0,4311.2001953125,4311.39990234375,201.0,yahoo,GC=F
2026-09-25T06:46:00Z,4311.7998046875,4313.10009765625,4311.7998046875,4313.10009765625,16.0,yahoo,GC=F
2026-09-25T06:47:00Z,4312.89990234375,4312.89990234375,4310.89990234375,4310.89990234375,30.0,yahoo,GC=F
2026-09-25T06:48:00Z,4310.5,4312.10009765625,4310.5,4312.10009765625,14.0,yahoo,GC=F
2026-09-25T06:49:00Z,4312.2998046875,4312.2998046875,4311.5,4311.5,4.0,yahoo,GC=F
2026-09-25T06:50:00Z,4311.89990234375,4311.89990234375,4310.7998046875,4310.7998046875,114.0,yahoo,GC=F
2026-09-25T06:51:00Z,4310.60009765625,4311.2001953125,4310.2001953125,4311.0,45.0,yahoo,GC=F
2026-09-25T06:52:00Z,4311.39990234375,4312.0,4310.0,4310.7998046875,61.0,yahoo,GC=F
2026-09-25T06:53:00Z,4311.2001953125,4311.2001953125,4309.60009765625,4310.7001953125,132.0,yahoo,GC=F
2026-09-25T06:54:00Z,4310.7001953125,4311.7001953125,4310.39990234375,4311.60009765625,28.0,yahoo,GC=F
2026-09-25T06:55:00Z,4311.2998046875,4312.39990234375,4309.7998046875,4312.2001953125,36.0,yahoo,GC=F
2026-09-25T06:56:00Z,4312.10009765625,4312.89990234375,4311.39990234375,4312.7001953125,16.0,yahoo,GC=F
2026-09-25T06:57:00Z,4312.89990234375,4313.2001953125,4312.0,4313.10009765625,117.0,yahoo,GC=F
2026-09-25T06:58:00Z,4313.0,4313.0,4311.39990234375,4311.7998046875,30.0,yahoo,GC=F
2026-09-25T06:59:00Z,4311.39990234375,4311.7998046875,4310.39990234375,4311.0,39.0,yahoo,GC=F
2026-09-25T07:00:00Z,4310.89990234375,4315.60009765625,4310.89990234375,4314.7001953125,199.0,yahoo,GC=F
2026-09-25T07:01:00Z,4315.10009765625,4315.10009765625,4312.5,4312.89990234375,54.0,yahoo,GC=F
2026-09-25T07:02:00Z,4313.2001953125,4313.2998046875,4311.0,4311.2998046875,23.0,yahoo,GC=F
2026-09-25T07:03:00Z,4311.39990234375,4311.89990234375,4309.7998046875,4311.60009765625,58.0,yahoo,GC=F
2026-09-25T07:04:00Z,4311.7001953125,4311.7001953125,4308.60009765625,4309.39990234375,53.0,yahoo,GC=F
2026-09-25T07:05:00Z,4309.5,4313.10009765625,4309.2001953125,4312.10009765625,58.0,yahoo,GC=F
2026-09-25T07:06:00Z,4312.5,4312.7001953125,4311.39990234375,4312.2998046875,27.0,yahoo,GC=F
2026-09-25T07:07:00Z,4312.39990234375,4314.2998046875,4312.39990234375,4313.10009765625,71.0,yahoo,GC=F
2026-09-25T07:08:00Z,4313.2998046875,4313.7998046875,4311.39990234375,4311.7998046875,38.0,yahoo,GC=F
2026-09-25T07:09:00Z,4312.10009765625,4312.2001953125,4310.89990234375,4312.10009765625,11.0,yahoo,GC=F
2026-09-25T07:10:00Z,4312.60009765625,4312.89990234375,4310.2001953125,4310.39990234375,37.0,yahoo,GC=F
2026-09-25T07:11:00Z,4310.2001953125,4312.60009765625,4310.10009765625,4312.39990234375,42.0,yahoo,GC=F
2026-09-25T07:12:00Z,4311.89990234375,4311.89990234375,4309.60009765625,4310.39990234375,41.0,yahoo,GC=F
2026-09-25T07:13:00Z,4311.2998046875,4312.2001953125,4310.7998046875,4311.60009765625,30.0,yahoo,GC=F
2026-09-25T07:14:00Z,4311.5,4311.5,4309.7998046875,4311.0,25.0,yahoo,GC=F
2026-09-25T07:15:00Z,4310.7001953125,4311.7998046875,4310.7001953125,4311.5,38.0,yahoo,GC=F
2026-09-25T07:16:00Z,4311.7998046875,4312.7998046875,4310.89990234375,4310.89990234375,33.0,yahoo,GC=F
2026-09-25T07:17:00Z,4311.0,4311.39990234375,4309.5,4310.7998046875,111.0,yahoo,GC=F
2026-09-25T07:18:00Z,4310.7001953125,4310.7001953125,4309.0,4309.2001953125,29.0,yahoo,GC=F
2026-09-25T07:19:00Z,4309.7001953125,4310.5,4307.7998046875,4308.0,69.0,yahoo,GC=F
2026-09-25T07:20:00Z,4308.2001953125,4310.0,4307.2998046875,4309.60009765625,53.0,yahoo,GC=F
2026-09-25T07:21:00Z,4309.89990234375,4310.5,4309.2001953125,4309.5,39.0,yahoo,GC=F
2026-09-25T07:22:00Z,4309.60009765625,4310.2998046875,4309.39990234375,4309.5,19.0,yahoo,GC=F
2026-09-25T07:23:00Z,4309.7998046875,4311.0,4309.10009765625,4311.0,47.0,yahoo,GC=F
2026-09-25T07:24:00Z,4310.7998046875,4310.7998046875,4309.2998046875,4309.5,65.0,yahoo,GC=F
2026-09-25T07:25:00Z,4309.7001953125,4310.89990234375,4309.39990234375,4309.39990234375,53.0,yahoo,GC=F
2026-09-25T07:26:00Z,4309.0,4309.7998046875,4307.5,4307.5,37.0,yahoo,GC=F
2026-09-25T07:27:00Z,4307.5,4309.2001953125,4306.7998046875,4309.2001953125,60.0,yahoo,GC=F
2026-09-25T07:28:00Z,4309.5,4309.5,4308.39990234375,4308.7001953125,9.0,yahoo,GC=F
2026-09-25T07:29:00Z,4308.5,4309.2998046875,4307.60009765625,4309.2998046875,71.0,yahoo,GC=F
2026-09-25T07:30:00Z,4309.2998046875,4310.60009765625,4309.10009765625,4310.5,31.0,yahoo,GC=F
2026-09-25T07:31:00Z,4310.60009765625,4313.60009765625,4310.60009765625,4312.0,88.0,yahoo,GC=F
2026-09-25T07:32:00Z,4311.89990234375,4312.10009765625,4308.5,4308.5,46.0,yahoo,GC=F
2026-09-25T07:33:00Z,4308.39990234375,4309.7001953125,4307.60009765625,4307.60009765625,47.0,yahoo,GC=F
2026-09-25T07:34:00Z,4307.39990234375,4310.7998046875,4306.2001953125,4310.39990234375,119.0,yahoo,GC=F
2026-09-25T07:35:00Z,4311.10009765625,4315.2001953125,4310.7998046875,4313.7001953125,136.0,yahoo,GC=F
2026-09-25T07:36:00Z,4313.2998046875,4313.7001953125,4312.89990234375,4313.5,59.0,yahoo,GC=F
2026-09-25T07:37:00Z,4313.39990234375,4314.5,4312.89990234375,4314.2001953125,55.0,yahoo,GC=F
2026-09-25T07:38:00Z,4314.5,4315.2001953125,4313.0,4313.7001953125,75.0,yahoo,GC=F
2026-09-25T07:39:00Z,4313.10009765625,4313.7001953125,4311.10009765625,4311.5,61.0,yahoo,GC=F
2026-09-25T07:40:00Z,4311.39990234375,4311.7001953125,4310.0,4310.0,50.0,yahoo,GC=F
2026-09-25T07:41:00Z,4309.89990234375,4311.5,4309.7001953125,4311.5,36.0,yahoo,GC=F
2026-09-25T07:42:00Z,4311.10009765625,4312.2001953125,4311.10009765625,4312.2001953125,21.0,yahoo,GC=F
2026-09-25T07:43:00Z,4312.10009765625,4312.7998046875,4311.39990234375,4312.0,48.0,yahoo,GC=F
2026-09-25T07:44:00Z,4311.39990234375,4311.89990234375,4310.7998046875,4311.89990234375,43.0,yahoo,GC=F
2026-09-25T07:45:00Z,4312.10009765625,4313.7998046875,4312.10009765625,4313.5,46.0,yahoo,GC=F
2026-09-25T07:46:00Z,4313.2001953125,4315.7998046875,4313.2001953125,4315.10009765625,87.0,yahoo,GC=F
2026-09-25T07:47:00Z,4315.10009765625,4315.7001953125,4314.2998046875,4314.5,48.0,yahoo,GC=F
2026-09-25T07:48:00Z,4314.39990234375,4314.39990234375,4312.2001953125,4312.2998046875,52.0,yahoo,GC=F
2026-09-25T07:49:00Z,4312.2998046875,4314.5,4312.2998046875,4314.2001953125,206.0,yahoo,GC=F
2026-09-25T07:50:00Z,4314.0,4314.0,4313.10009765625,4313.39990234375,117.0,yahoo,GC=F
2026-09-25T07:51:00Z,4313.2998046875,4313.5,4312.7998046875,4313.5,240.0,yahoo,GC=F
2026-09-25T07:52:00Z,4313.10009765625,4314.7001953125,4312.89990234375,4314.7001953125,27.0,yahoo,GC=F
2026-09-25T07:53:00Z,4314.60009765625,4315.39990234375,4314.39990234375,4314.7001953125,58.0,yahoo,GC=F
2026-09-25T07:54:00Z,4314.7998046875,4314.7998046875,4312.7998046875,4313.2001953125,351.0,yahoo,GC=F
2026-09-25T07:55:00Z,4313.7001953125,4315.0,4313.7001953125,4315.0,35.0,yahoo,GC=F
2026-09-25T07:56:00Z,4315.0,4315.60009765625,4314.2998046875,4315.5,37.0,yahoo,GC=F
2026-09-25T07:57:00Z,4315.2998046875,4317.0,4315.10009765625,4315.39990234375,76.0,yahoo,GC=F
2026-09-25T07:58:00Z,4314.7001953125,4315.2001953125,4314.5,4314.60009765625,29.0,yahoo,GC=F
2026-09-25T07:59:00Z,4314.7998046875,4315.60009765625,4314.7001953125,4314.7998046875,33.0,yahoo,GC=F
2026-09-25T08:00:00Z,4314.5,4316.7001953125,4314.2998046875,4315.7998046875,104.0,yahoo,GC=F
2026-09-25T08:01:00Z,4315.7001953125,4315.7001953125,4313.7001953125,4313.7998046875,51.0,yahoo,GC=F
2026-09-25T08:02:00Z,4313.60009765625,4313.7998046875,4311.10009765625,4311.10009765625,84.0,yahoo,GC=F
2026-09-25T08:03:00Z,4311.5,4311.7001953125,4310.0,4310.2998046875,63.0,yahoo,GC=F
2026-09-25T08:04:00Z,4310.60009765625,4311.39990234375,4310.2998046875,4310.2998046875,52.0,yahoo,GC=F
2026-09-25T08:05:00Z,4310.7001953125,4312.2998046875,4310.39990234375,4311.5,95.0,yahoo,GC=F
2026-09-25T08:06:00Z,4311.0,4313.0,4310.89990234375,4312.39990234375,64.0,yahoo,GC=F
2026-09-25T08:07:00Z,4312.0,4313.0,4311.7001953125,4313.0,46.0,yahoo,GC=F
2026-09-25T08:08:00Z,4312.7001953125,4313.7001953125,4312.60009765625,4312.7998046875,54.0,yahoo,GC=F
2026-09-25T08:09:00Z,4312.89990234375,4314.2001953125,4312.7998046875,4313.2001953125,48.0,yahoo,GC=F
2026-09-25T08:10:00Z,4313.2001953125,4314.89990234375,4313.2001953125,4313.7001953125,37.0,yahoo,GC=F
2026-09-25T08:11:00Z,4314.39990234375,4315.0,4314.2998046875,4314.89990234375,28.0,yahoo,GC=F
2026-09-25T08:12:00Z,4315.2998046875,4316.5,4314.39990234375,4316.10009765625,104.0,yahoo,GC=F
2026-09-25T08:13:00Z,4316.2001953125,4317.39990234375,4315.60009765625,4316.0,70.0,yahoo,GC=F
2026-09-25T08:14:00Z,4316.10009765625,4317.39990234375,4316.10009765625,4317.10009765625,37.0,yahoo,GC=F
2026-09-25T08:15:00Z,4316.89990234375,4319.0,4316.7998046875,4318.89990234375,115.0,yahoo,GC=F
2026-09-25T08:16:00Z,4318.7998046875,4319.39990234375,4317.60009765625,4318.2001953125,55.0,yahoo,GC=F
2026-09-25T08:17:00Z,4317.89990234375,4318.10009765625,4316.2001953125,4316.2001953125,50.0,yahoo,GC=F
2026-09-25T08:18:00Z,4316.39990234375,4316.60009765625,4315.89990234375,4316.10009765625,33.0,yahoo,GC=F
2026-09-25T08:19:00Z,4316.2001953125,4316.60009765625,4315.7998046875,4316.2998046875,35.0,yahoo,GC=F
2026-09-25T08:20:00Z,4316.2998046875,4316.7998046875,4315.2998046875,4315.2998046875,71.0,yahoo,GC=F
2026-09-25T08:21:00Z,4315.2001953125,4315.5,4314.7001953125,4315.39990234375,22.0,yahoo,GC=F
2026-09-25T08:22:00Z,4315.60009765625,4316.10009765625,4314.2998046875,4316.0,36.0,yahoo,GC=F
2026-09-25T08:23:00Z,4315.89990234375,4315.89990234375,4314.5,4315.2998046875,23.0,yahoo,GC=F
2026-09-25T08:24:00Z,4315.2001953125,4316.7001953125,4314.7998046875,4316.39990234375,38.0,yahoo,GC=F
2026-09-25T08:25:00Z,4316.5,4316.5,4313.89990234375,4314.60009765625,53.0,yahoo,GC=F
2026-09-25T08:26:00Z,4314.89990234375,4315.2001953125,4313.89990234375,4315.10009765625,17.0,yahoo,GC=F
2026-09-25T08:27:00Z,4315.0,4315.2001953125,4314.5,4315.0,18.0,yahoo,GC=F
2026-09-25T08:28:00Z,4315.2998046875,4318.7998046875,4315.2998046875,4318.5,112.0,yahoo,GC=F
2026-09-25T08:29:00Z,4319.0,4319.60009765625,4318.60009765625,4318.89990234375,43.0,yahoo,GC=F
2026-09-25T08:30:00Z,4319.0,4319.5,4318.7001953125,4319.0,46.0,yahoo,GC=F
2026-09-25T08:31:00Z,4319.2001953125,4321.89990234375,4319.10009765625,4321.0,121.0,yahoo,GC=F
2026-09-25T08:32:00Z,4320.89990234375,4321.7001953125,4320.60009765625,4321.39990234375,66.0,yahoo,GC=F
2026-09-25T08:33:00Z,4321.7001953125,4324.2998046875,4321.7001953125,4324.10009765625,78.0,yahoo,GC=F
2026-09-25T08:34:00Z,4324.10009765625,4324.2998046875,4322.10009765625,4323.0,105.0,yahoo,GC=F
2026-09-25T08:35:00Z,4322.7001953125,4324.2998046875,4322.7001953125,4323.2001953125,84.0,yahoo,GC=F
2026-09-25T08:36:00Z,4323.0,4324.2998046875,4321.2998046875,4321.5,72.0,yahoo,GC=F
2026-09-25T08:37:00Z,4321.60009765625,4322.5,4321.0,4321.39990234375,47.0,yahoo,GC=F
2026-09-25T08:38:00Z,4321.39990234375,4322.2001953125,4320.5,4321.89990234375,63.0,yahoo,GC=F
2026-09-25T08:39:00Z,4321.2998046875,4322.2998046875,4320.89990234375,4322.2001953125,40.0,yahoo,GC=F
2026-09-25T08:40:00Z,4322.0,4323.10009765625,4321.5,4323.0,57.0,yahoo,GC=F
2026-09-25T08:41:00Z,4322.89990234375,4323.5,4322.2001953125,4323.39990234375,42.0,yahoo,GC=F
2026-09-25T08:42:00Z,4323.2001953125,4325.10009765625,4323.2001953125,4324.2998046875,97.0,yahoo,GC=F
2026-09-25T08:43:00Z,4324.39990234375,4325.2998046875,4323.7001953125,4325.2998046875,64.0,yahoo,GC=F
2026-09-25T08:44:00Z,4325.39990234375,4327.7998046875,4325.2001953125,4327.5,186.0,yahoo,GC=F
2026-09-25T08:45:00Z,4327.60009765625,4329.0,4326.7998046875,4328.7001953125,153.0,yahoo,GC=F
2026-09-25T08:46:00Z,4328.60009765625,4332.7001953125,4328.2998046875,4330.39990234375,491.0,yahoo,GC=F
2026-09-25T08:47:00Z,4330.7998046875,4331.10009765625,4327.39990234375,4327.39990234375,236.0,yahoo,GC=F
2026-09-25T08:48:00Z,4327.5,4327.60009765625,4325.39990234375,4326.2998046875,151.0,yahoo,GC=F
2026-09-25T08:49:00Z,4326.5,4327.2001953125,4326.2998046875,4326.7998046875,41.0,yahoo,GC=F
2026-09-25T08:50:00Z,4326.5,4326.89990234375,4325.7001953125,4326.0,57.0,yahoo,GC=F
2026-09-25T08:51:00Z,4326.2998046875,4327.60009765625,4325.7998046875,4327.60009765625,91.0,yahoo,GC=F
2026-09-25T08:52:00Z,4327.39990234375,4328.89990234375,4327.2998046875,4328.2998046875,173.0,yahoo,GC=F
2026-09-25T08:53:00Z,4327.89990234375,4328.2998046875,4327.2998046875,4327.7998046875,45.0,yahoo,GC=F
2026-09-25T08:54:00Z,4327.7001953125,4327.89990234375,4326.60009765625,4327.89990234375,51.0,yahoo,GC=F
2026-09-25T08:55:00Z,4327.7001953125,4328.89990234375,4327.5,4328.5,87.0,yahoo,GC=F
2026-09-25T08:56:00Z,4328.60009765625,4329.5,4328.10009765625,4329.2998046875,141.0,yahoo,GC=F
2026-09-25T08:57:00Z,4329.10009765625,4329.2001953125,4328.5,4329.2001953125,31.0,yahoo,GC=F
2026-09-25T08:58:00Z,4329.0,4330.10009765625,4328.89990234375,4329.7998046875,93.0,yahoo,GC=F
2026-09-25T08:59:00Z,4329.89990234375,4330.0,4328.60009765625,4328.89990234375,53.0,yahoo,GC=F
2026-09-25T09:00:00Z,4329.0,4332.10009765625,4328.39990234375,4332.10009765625,105.0,yahoo,GC=F
2026-09-25T09:01:00Z,4332.2001953125,4332.89990234375,4330.0,4330.5,169.0,yahoo,GC=F
2026-09-25T09:02:00Z,4331.10009765625,4332.2998046875,4331.10009765625,4331.7001953125,34.0,yahoo,GC=F
2026-09-25T09:03:00Z,4331.7001953125,4333.2998046875,4330.89990234375,4332.60009765625,122.0,yahoo,GC=F
2026-09-25T09:04:00Z,4332.7001953125,4333.2998046875,4330.7001953125,4331.10009765625,124.0,yahoo,GC=F
2026-09-25T09:05:00Z,4331.0,4331.0,4329.39990234375,4330.5,56.0,yahoo,GC=F
2026-09-25T09:06:00Z,4330.39990234375,4330.39990234375,4329.39990234375,4330.0,49.0,yahoo,GC=F
2026-09-25T09:07:00Z,4329.89990234375,4332.2001953125,4329.7998046875,4331.7998046875,88.0,yahoo,GC=F
2026-09-25T09:08:00Z,4331.39990234375,4332.7001953125,4330.60009765625,4332.7001953125,57.0,yahoo,GC=F
2026-09-25T09:09:00Z,4332.7998046875,4333.5,4332.2001953125,4332.7001953125,98.0,yahoo,GC=F
2026-09-25T09:10:00Z,4332.89990234375,4333.0,4331.39990234375,4332.10009765625,117.0,yahoo,GC=F
2026-09-25T09:11:00Z,4332.2001953125,4332.7001953125,4330.89990234375,4331.0,64.0,yahoo,GC=F
2026-09-25T09:12:00Z,4331.0,4332.0,4330.2998046875,4332.0,53.0,yahoo,GC=F
2026-09-25T09:13:00Z,4332.2001953125,4332.2001953125,4330.7998046875,4330.7998046875,52.0,yahoo,GC=F
2026-09-25T09:14:00Z,4330.7001953125,4331.0,4329.2998046875,4329.7001953125,72.0,yahoo,GC=F
2026-09-25T09:15:00Z,4329.60009765625,4331.0,4328.7001953125,4329.2001953125,148.0,yahoo,GC=F
2026-09-25T09:16:00Z,4329.0,4329.2001953125,4328.0,4328.5,69.0,yahoo,GC=F
2026-09-25T09:17:00Z,4328.10009765625,4328.60009765625,4327.7001953125,4328.0,55.0,yahoo,GC=F
2026-09-25T09:18:00Z,4328.0,4330.2001953125,4326.5,4328.5,214.0,yahoo,GC=F
2026-09-25T09:19:00Z,4328.2001953125,4330.0,4328.0,4328.7001953125,104.0,yahoo,GC=F
2026-09-25T09:20:00Z,4328.89990234375,4329.2001953125,4328.10009765625,4328.5,98.0,yahoo,GC=F
2026-09-25T09:21:00Z,4328.2998046875,4330.10009765625,4327.7001953125,4328.5,138.0,yahoo,GC=F
2026-09-25T09:22:00Z,4328.5,4332.10009765625,4328.5,4330.89990234375,149.0,yahoo,GC=F
2026-09-25T09:23:00Z,4331.5,4332.2001953125,4329.39990234375,4330.2998046875,102.0,yahoo,GC=F
2026-09-25T09:24:00Z,4330.10009765625,4332.39990234375,4330.10009765625,4331.39990234375,46.0,yahoo,GC=F
2026-09-25T09:25:00Z,4331.89990234375,4331.89990234375,4327.2001953125,4327.39990234375,86.0,yahoo,GC=F
2026-09-25T09:26:00Z,4327.39990234375,4327.7001953125,4326.2998046875,4326.5,110.0,yahoo,GC=F
2026-09-25T09:27:00Z,4326.7001953125,4327.0,4325.7001953125,4326.60009765625,149.0,yahoo,GC=F
2026-09-25T09:28:00Z,4326.60009765625,4326.7998046875,4325.39990234375,4325.39990234375,119.0,yahoo,GC=F
2026-09-25T09:29:00Z,4325.39990234375,4326.7998046875,4325.39990234375,4326.2001953125,56.0,yahoo,GC=F
2026-09-25T09:30:00Z,4326.39990234375,4329.89990234375,4325.7998046875,4328.89990234375,272.0,yahoo,GC=F
2026-09-25T09:31:00Z,4329.2001953125,4330.39990234375,4327.10009765625,4329.60009765625,162.0,yahoo,GC=F
2026-09-25T09:32:00Z,4329.7001953125,4331.60009765625,4329.60009765625,4331.60009765625,75.0,yahoo,GC=F
2026-09-25T09:33:00Z,4331.60009765625,4332.2001953125,4330.2998046875,4330.7998046875,49.0,yahoo,GC=F
2026-09-25T09:34:00Z,4331.2001953125,4333.2998046875,4331.2001953125,4332.2998046875,190.0,yahoo,GC=F
2026-09-25T09:35:00Z,4332.5,4332.7001953125,4331.2001953125,4332.7001953125,68.0,yahoo,GC=F
2026-09-25T09:36:00Z,4332.7998046875,4332.7998046875,4330.10009765625,4330.60009765625,60.0,yahoo,GC=F
2026-09-25T09:37:00Z,4330.7001953125,4331.2001953125,4330.0,4330.7001953125,32.0,yahoo,GC=F
2026-09-25T09:38:00Z,4330.7001953125,4330.89990234375,4329.5,4329.5,34.0,yahoo,GC=F
2026-09-25T09:39:00Z,4329.0,4329.7998046875,4328.10009765625,4329.60009765625,78.0,yahoo,GC=F
2026-09-25T09:40:00Z,4329.7998046875,4330.89990234375,4329.0,4329.5,102.0,yahoo,GC=F
2026-09-25T09:41:00Z,4329.5,4330.5,4329.10009765625,4329.10009765625,65.0,yahoo,GC=F
2026-09-25T09:42:00Z,4329.89990234375,4329.89990234375,4328.0,4328.2998046875,78.0,yahoo,GC=F
2026-09-25T09:43:00Z,4328.2001953125,4330.89990234375,4328.0,4330.60009765625,143.0,yahoo,GC=F
2026-09-25T09:44:00Z,4330.7001953125,4331.2001953125,4329.5,4330.39990234375,79.0,yahoo,GC=F
2026-09-25T09:45:00Z,4330.60009765625,4330.7998046875,4329.0,4330.0,55.0,yahoo,GC=F
2026-09-25T09:46:00Z,4329.7001953125,4330.5,4328.89990234375,4329.10009765625,79.0,yahoo,GC=F
2026-09-25T09:47:00Z,4329.39990234375,4329.39990234375,4327.7998046875,4327.7998046875,40.0,yahoo,GC=F
2026-09-25T09:48:00Z,4327.60009765625,4328.5,4327.2998046875,4327.89990234375,39.0,yahoo,GC=F
2026-09-25T09:49:00Z,4328.2001953125,4328.89990234375,4327.39990234375,4328.10009765625,35.0,yahoo,GC=F
2026-09-25T09:50:00Z,4328.39990234375,4328.39990234375,4327.39990234375,4327.7001953125,28.0,yahoo,GC=F
2026-09-25T09:51:00Z,4327.5,4328.2001953125,4327.0,4328.10009765625,129.0,yahoo,GC=F
2026-09-25T09:52:00Z,4327.5,4329.2998046875,4327.5,4328.10009765625,76.0,yahoo,GC=F
2026-09-25T09:53:00Z,4328.0,4329.5,4327.5,4328.7001953125,51.0,yahoo,GC=F
2026-09-25T09:54:00Z,4328.89990234375,4328.89990234375,4328.2998046875,4328.39990234375,26.0,yahoo,GC=F
2026-09-25T09:55:00Z,4328.7998046875,4328.7998046875,4327.89990234375,4328.0,41.0,yahoo,GC=F
2026-09-25T09:56:00Z,4327.5,4329.2001953125,4326.7998046875,4328.10009765625,130.0,yahoo,GC=F
2026-09-25T09:57:00Z,4328.2001953125,4328.7998046875,4328.10009765625,4328.60009765625,17.0,yahoo,GC=F
2026-09-25T09:58:00Z,4328.7001953125,4331.0,4328.5,4329.89990234375,123.0,yahoo,GC=F
2026-09-25T09:59:00Z,4329.7998046875,4330.89990234375,4329.60009765625,4330.7998046875,61.0,yahoo,GC=F
2026-09-25T10:00:00Z,4330.7001953125,4332.10009765625,4330.7001953125,4331.7001953125,90.0,yahoo,GC=F
2026-09-25T10:01:00Z,4331.5,4331.5,4330.2001953125,4330.7998046875,18.0,yahoo,GC=F
2026-09-25T10:02:00Z,4330.7998046875,4331.10009765625,4329.60009765625,4331.10009765625,81.0,yahoo,GC=F
2026-09-25T10:03:00Z,4331.2998046875,4331.2998046875,4329.7001953125,4329.89990234375,23.0,yahoo,GC=F
2026-09-25T10:04:00Z,4330.10009765625,4331.2998046875,4330.10009765625,4330.7998046875,24.0,yahoo,GC=F
2026-09-25T10:05:00Z,4330.7001953125,4334.5,4330.7001953125,4334.10009765625,142.0,yahoo,GC=F
2026-09-25T10:06:00Z,4334.2001953125,4334.2001953125,4332.39990234375,4333.89990234375,80.0,yahoo,GC=F
2026-09-25T10:07:00Z,4333.5,4334.39990234375,4332.7001953125,4333.2998046875,185.0,yahoo,GC=F
2026-09-25T10:08:00Z,4333.2998046875,4339.39990234375,4333.2998046875,4337.7998046875,360.0,yahoo,GC=F
2026-09-25T10:09:00Z,4338.10009765625,4339.10009765625,4336.7001953125,4337.0,193.0,yahoo,GC=F
2026-09-25T10:10:00Z,4337.10009765625,4337.10009765625,4335.5,4335.7998046875,87.0,yahoo,GC=F
2026-09-25T10:11:00Z,4335.60009765625,4336.7998046875,4335.0,4336.7001953125,204.0,yahoo,GC=F
2026-09-25T10:12:00Z,4337.0,4337.89990234375,4335.89990234375,4337.2998046875,83.0,yahoo,GC=F
2026-09-25T10:13:00Z,4337.39990234375,4341.5,4337.2998046875,4341.2998046875,336.0,yahoo,GC=F
2026-09-25T10:14:00Z,4341.10009765625,4344.0,4340.7998046875,4342.89990234375,362.0,yahoo,GC=F
2026-09-25T10:15:00Z,4342.89990234375,4343.2998046875,4341.2998046875,4341.7001953125,89.0,yahoo,GC=F
2026-09-25T10:16:00Z,4341.7001953125,4342.39990234375,4339.89990234375,4339.89990234375,106.0,yahoo,GC=F
2026-09-25T10:17:00Z,4340.10009765625,4341.0,4339.89990234375,4340.10009765625,39.0,yahoo,GC=F
2026-09-25T10:18:00Z,4340.10009765625,4341.0,4339.89990234375,4340.2998046875,55.0,yahoo,GC=F
2026-09-25T10:19:00Z,4340.2001953125,4341.0,4339.2001953125,4340.7001953125,140.0,yahoo,GC=F
2026-09-25T10:20:00Z,4340.7001953125,4341.0,4340.2998046875,4340.7998046875,61.0,yahoo,GC=F
2026-09-25T10:21:00Z,4340.7998046875,4342.89990234375,4340.7998046875,4342.5,83.0,yahoo,GC=F
2026-09-25T10:22:00Z,4342.5,4344.10009765625,4341.60009765625,4343.39990234375,139.0,yahoo,GC=F
2026-09-25T10:23:00Z,4343.60009765625,4344.5,4342.60009765625,4343.39990234375,118.0,yahoo,GC=F
2026-09-25T10:24:00Z,4343.5,4343.89990234375,4341.89990234375,4341.89990234375,82.0,yahoo,GC=F
2026-09-25T10:25:00Z,4341.7001953125,4344.2001953125,4341.5,4343.2998046875,121.0,yahoo,GC=F
2026-09-25T10:26:00Z,4343.5,4345.2998046875,4343.2998046875,4344.7998046875,130.0,yahoo,GC=F
2026-09-25T10:27:00Z,4345.0,4345.2001953125,4344.0,4344.2998046875,60.0,yahoo,GC=F
2026-09-25T10:28:00Z,4344.2001953125,4344.2001953125,4343.39990234375,4344.0,62.0,yahoo,GC=F
2026-09-25T10:29:00Z,4343.7998046875,4344.2001953125,4343.5,4344.2001953125,33.0,yahoo,GC=F
2026-09-25T10:30:00Z,4344.2001953125,4344.39990234375,4343.39990234375,4344.0,94.0,yahoo,GC=F
2026-09-25T10:31:00Z,4344.2001953125,4344.60009765625,4343.60009765625,4343.89990234375,34.0,yahoo,GC=F
2026-09-25T10:32:00Z,4343.60009765625,4343.60009765625,4341.89990234375,4341.89990234375,67.0,yahoo,GC=F
2026-09-25T10:33:00Z,4341.7998046875,4342.2001953125,4341.0,4342.0,57.0,yahoo,GC=F
2026-09-25T10:34:00Z,4341.7998046875,4342.2998046875,4340.89990234375,4341.2001953125,75.0,yahoo,GC=F
2026-09-25T10:35:00Z,4341.2001953125,4342.7998046875,4341.2001953125,4341.7001953125,54.0,yahoo,GC=F
2026-09-25T10:36:00Z,4342.0,4342.10009765625,4341.7998046875,4342.10009765625,8.0,yahoo,GC=F
2026-09-25T10:37:00Z,4342.39990234375,4342.7001953125,4341.2998046875,4341.2998046875,38.0,yahoo,GC=F
2026-09-25T10:38:00Z,4341.2001953125,4341.39990234375,4339.2001953125,4339.2001953125,79.0,yahoo,GC=F
2026-09-25T10:39:00Z,4339.10009765625,4339.5,4338.7001953125,4339.5,72.0,yahoo,GC=F
2026-09-25T10:40:00Z,4339.2998046875,4339.2998046875,4338.0,4338.60009765625,62.0,yahoo,GC=F
2026-09-25T10:41:00Z,4338.5,4338.60009765625,4338.10009765625,4338.60009765625,52.0,yahoo,GC=F
2026-09-25T10:42:00Z,4338.7998046875,4339.60009765625,4338.7001953125,4339.0,31.0,yahoo,GC=F
2026-09-25T10:43:00Z,4338.89990234375,4340.5,4338.89990234375,4340.5,55.0,yahoo,GC=F
2026-09-25T10:44:00Z,4340.60009765625,4341.7998046875,4340.2998046875,4341.2001953125,74.0,yahoo,GC=F
2026-09-25T10:45:00Z,4341.2998046875,4342.0,4341.0,4341.0,37.0,yahoo,GC=F
2026-09-25T10:46:00Z,4341.0,4341.10009765625,4339.60009765625,4340.2998046875,53.0,yahoo,GC=F
2026-09-25T10:47:00Z,4340.5,4341.60009765625,4340.5,4341.5,26.0,yahoo,GC=F
2026-09-25T10:48:00Z,4341.7001953125,4341.7998046875,4341.2001953125,4341.2001953125,9.0,yahoo,GC=F
2026-09-25T10:49:00Z,4341.39990234375,4341.89990234375,4340.0,4341.2998046875,78.0,yahoo,GC=F
2026-09-25T10:50:00Z,4341.2001953125,4341.5,4340.7001953125,4341.2998046875,29.0,yahoo,GC=F
2026-09-25T10:51:00Z,4341.39990234375,4342.39990234375,4341.10009765625,4341.7001953125,25.0,yahoo,GC=F
2026-09-25T10:52:00Z,4341.7998046875,4342.2001953125,4341.7001953125,4341.7001953125,27.0,yahoo,GC=F
2026-09-25T10:53:00Z,4341.7001953125,4342.5,4339.89990234375,4342.10009765625,58.0,yahoo,GC=F
2026-09-25T10:54:00Z,4342.0,4345.0,4342.0,4345.0,67.0,yahoo,GC=F
2026-09-25T10:55:00Z,4345.0,4346.89990234375,4344.60009765625,4346.89990234375,182.0,yahoo,GC=F
2026-09-25T10:56:00Z,4346.7998046875,4347.10009765625,4346.0,4347.0,85.0,yahoo,GC=F
2026-09-25T10:57:00Z,4347.0,4347.5,4346.10009765625,4346.2998046875,54.0,yahoo,GC=F
2026-09-25T10:58:00Z,4346.0,4346.7001953125,4345.7998046875,4346.7001953125,18.0,yahoo,GC=F
2026-09-25T10:59:00Z,4346.60009765625,4347.0,4345.7001953125,4346.7998046875,78.0,yahoo,GC=F
2026-09-25T11:00:00Z,4346.89990234375,4348.2001953125,4346.2001953125,4347.39990234375,119.0,yahoo,GC=F
2026-09-25T11:01:00Z,4347.60009765625,4347.60009765625,4346.39990234375,4346.39990234375,59.0,yahoo,GC=F
2026-09-25T11:02:00Z,4346.2998046875,4346.39990234375,4345.39990234375,4345.7001953125,49.0,yahoo,GC=F
2026-09-25T11:03:00Z,4345.7001953125,4346.2001953125,4345.60009765625,4345.7001953125,46.0,yahoo,GC=F
2026-09-25T11:04:00Z,4346.0,4346.2998046875,4345.39990234375,4346.10009765625,37.0,yahoo,GC=F
2026-09-25T11:05:00Z,4346.10009765625,4347.10009765625,4345.7998046875,4346.60009765625,84.0,yahoo,GC=F
2026-09-25T11:06:00Z,4346.89990234375,4348.5,4346.7998046875,4348.10009765625,128.0,yahoo,GC=F
2026-09-25T11:07:00Z,4348.2998046875,4350.10009765625,4347.89990234375,4350.0,162.0,yahoo,GC=F
2026-09-25T11:08:00Z,4349.7998046875,4350.5,4348.89990234375,4350.2001953125,230.0,yahoo,GC=F
2026-09-25T11:09:00Z,4350.39990234375,4350.7001953125,4349.5,4350.39990234375,60.0,yahoo,GC=F
2026-09-25T11:10:00Z,4350.10009765625,4351.60009765625,4349.89990234375,4350.7998046875,164.0,yahoo,GC=F
2026-09-25T11:11:00Z,4350.89990234375,4351.0,4349.7998046875,4350.7001953125,74.0,yahoo,GC=F
2026-09-25T11:12:00Z,4350.7001953125,4350.7998046875,4348.89990234375,4349.89990234375,89.0,yahoo,GC=F
2026-09-25T11:13:00Z,4349.89990234375,4349.89990234375,4348.89990234375,4349.60009765625,67.0,yahoo,GC=F
2026-09-25T11:14:00Z,4349.5,4349.5,4347.0,4348.2998046875,92.0,yahoo,GC=F
2026-09-25T11:15:00Z,4348.39990234375,4349.7998046875,4348.2001953125,4348.39990234375,96.0,yahoo,GC=F
2026-09-25T11:16:00Z,4348.5,4350.2998046875,4348.2998046875,4348.39990234375,94.0,yahoo,GC=F
2026-09-25T11:17:00Z,4348.5,4348.5,4346.7001953125,4347.39990234375,90.0,yahoo,GC=F
2026-09-25T11:18:00Z,4347.10009765625,4347.89990234375,4347.0,4347.5,77.0,yahoo,GC=F
2026-09-25T11:19:00Z,4347.2001953125,4347.2998046875,4346.39990234375,4347.0,66.0,yahoo,GC=F
2026-09-25T11:20:00Z,4347.0,4347.2001953125,4345.2001953125,4345.39990234375,92.0,yahoo,GC=F
2026-09-25T11:21:00Z,4345.7001953125,4346.7001953125,4345.39990234375,4345.7998046875,74.0,yahoo,GC=F
2026-09-25T11:22:00Z,4345.89990234375,4346.0,4345.60009765625,4346.0,35.0,yahoo,GC=F
2026-09-25T11:23:00Z,4346.2001953125,4346.60009765625,4344.7001953125,4345.10009765625,118.0,yahoo,GC=F
2026-09-25T11:24:00Z,4345.2998046875,4347.39990234375,4345.10009765625,4346.0,118.0,yahoo,GC=F
2026-09-25T11:25:00Z,4346.10009765625,4346.39990234375,4344.89990234375,4344.89990234375,60.0,yahoo,GC=F
2026-09-25T11:26:00Z,4345.10009765625,4345.2998046875,4344.39990234375,4344.60009765625,85.0,yahoo,GC=F
2026-09-25T11:27:00Z,4344.39990234375,4345.2001953125,4344.0,4344.7998046875,71.0,yahoo,GC=F
2026-09-25T11:28:00Z,4344.7001953125,4344.7998046875,4341.2001953125,4341.60009765625,195.0,yahoo,GC=F
2026-09-25T11:29:00Z,4341.7001953125,4341.89990234375,4340.7001953125,4341.0,395.0,yahoo,GC=F
2026-09-25T11:30:00Z,4341.10009765625,4342.7998046875,4340.2001953125,4341.7001953125,210.0,yahoo,GC=F
2026-09-25T11:31:00Z,4341.89990234375,4342.2998046875,4341.2998046875,4342.10009765625,216.0,yahoo,GC=F
2026-09-25T11:32:00Z,4342.0,4342.0,4340.89990234375,4340.89990234375,62.0,yahoo,GC=F
2026-09-25T11:33:00Z,4341.0,4341.2998046875,4339.2998046875,4340.2001953125,125.0,yahoo,GC=F
2026-09-25T11:34:00Z,4340.2998046875,4340.89990234375,4340.10009765625,4340.39990234375,34.0,yahoo,GC=F
2026-09-25T11:35:00Z,4340.39990234375,4345.2001953125,4340.0,4342.39990234375,538.0,yahoo,GC=F
2026-09-25T11:36:00Z,4342.2001953125,4342.5,4339.2998046875,4339.7001953125,269.0,yahoo,GC=F
2026-09-25T11:37:00Z,4339.7001953125,4339.7998046875,4338.39990234375,4338.89990234375,331.0,yahoo,GC=F
2026-09-25T11:38:00Z,4339.10009765625,4339.89990234375,4338.7001953125,4338.89990234375,57.0,yahoo,GC=F
2026-09-25T11:39:00Z,4338.7001953125,4338.89990234375,4335.89990234375,4336.10009765625,168.0,yahoo,GC=F
2026-09-25T11:40:00Z,4336.39990234375,4337.2001953125,4336.10009765625,4337.0,50.0,yahoo,GC=F
2026-09-25T11:41:00Z,4337.0,4337.60009765625,4336.60009765625,4337.10009765625,36.0,yahoo,GC=F
2026-09-25T11:42:00Z,4337.60009765625,4338.0,4336.5,4336.5,45.0,yahoo,GC=F
2026-09-25T11:43:00Z,4336.5,4337.39990234375,4336.0,4337.39990234375,149.0,yahoo,GC=F
2026-09-25T11:44:00Z,4337.2998046875,4337.89990234375,4336.7001953125,4337.7998046875,282.0,yahoo,GC=F
2026-09-25T11:45:00Z,4337.7001953125,4338.0,4336.7998046875,4337.39990234375,352.0,yahoo,GC=F
2026-09-25T11:46:00Z,4337.2998046875,4338.60009765625,4336.2998046875,4338.60009765625,73.0,yahoo,GC=F
2026-09-25T11:47:00Z,4338.7001953125,4340.10009765625,4338.7001953125,4340.10009765625,117.0,yahoo,GC=F
2026-09-25T11:48:00Z,4339.5,4339.7998046875,4338.7998046875,4339.5,45.0,yahoo,GC=F
2026-09-25T11:49:00Z,4339.5,4340.39990234375,4338.7001953125,4339.0,60.0,yahoo,GC=F
2026-09-25T11:50:00Z,4338.89990234375,4340.39990234375,4338.7001953125,4339.5,67.0,yahoo,GC=F
2026-09-25T11:51:00Z,4339.60009765625,4340.2998046875,4338.7998046875,4339.5,57.0,yahoo,GC=F
2026-09-25T11:52:00Z,4339.5,4340.7001953125,4339.5,4339.89990234375,59.0,yahoo,GC=F
2026-09-25T11:53:00Z,4339.89990234375,4340.5,4339.7998046875,4340.0,26.0,yahoo,GC=F
2026-09-25T11:54:00Z,4340.2998046875,4340.2998046875,4339.10009765625,4339.5,31.0,yahoo,GC=F
2026-09-25T11:55:00Z,4340.0,4340.89990234375,4339.7001953125,4340.5,49.0,yahoo,GC=F
2026-09-25T11:56:00Z,4340.60009765625,4340.89990234375,4339.7001953125,4339.7998046875,59.0,yahoo,GC=F
2026-09-25T11:57:00Z,4340.10009765625,4341.2998046875,4339.7998046875,4340.39990234375,123.0,yahoo,GC=F
2026-09-25T11:58:00Z,4340.2001953125,4341.0,4339.7001953125,4340.60009765625,94.0,yahoo,GC=F
2026-09-25T11:59:00Z,4340.7998046875,4341.2001953125,4338.5,4338.60009765625,121.0,yahoo,GC=F
2026-09-25T12:00:00Z,4339.10009765625,4339.7998046875,4337.7998046875,4339.0,216.0,yahoo,GC=F
2026-09-25T12:01:00Z,4338.7998046875,4340.5,4338.5,4340.0,73.0,yahoo,GC=F
2026-09-25T12:02:00Z,4340.0,4340.39990234375,4339.2998046875,4339.60009765625,73.0,yahoo,GC=F
2026-09-25T12:03:00Z,4339.5,4340.2001953125,4338.7001953125,4340.0,234.0,yahoo,GC=F
2026-09-25T12:04:00Z,4339.60009765625,4340.2001953125,4339.2001953125,4340.2001953125,21.0,yahoo,GC=F
2026-09-25T12:05:00Z,4340.0,4340.0,4338.0,4338.2998046875,56.0,yahoo,GC=F
2026-09-25T12:06:00Z,4337.89990234375,4340.2001953125,4337.39990234375,4340.2001953125,96.0,yahoo,GC=F
2026-09-25T12:07:00Z,4339.89990234375,4340.7001953125,4339.39990234375,4339.39990234375,41.0,yahoo,GC=F
2026-09-25T12:08:00Z,4339.39990234375,4339.39990234375,4338.2998046875,4338.7001953125,41.0,yahoo,GC=F
2026-09-25T12:09:00Z,4338.7998046875,4339.5,4338.2998046875,4339.5,30.0,yahoo,GC=F
2026-09-25T12:10:00Z,4339.5,4340.0,4336.2001953125,4336.7001953125,154.0,yahoo,GC=F
2026-09-25T12:11:00Z,4337.5,4339.7998046875,4337.2001953125,4339.7001953125,94.0,yahoo,GC=F
2026-09-25T12:12:00Z,4339.5,4340.0,4338.10009765625,4338.10009765625,72.0,yahoo,GC=F
2026-09-25T12:13:00Z,4338.0,4338.0,4335.39990234375,4335.89990234375,167.0,yahoo,GC=F
2026-09-25T12:14:00Z,4335.2998046875,4336.0,4333.89990234375,4336.0,151.0,yahoo,GC=F
2026-09-25T12:15:00Z,4335.89990234375,4337.60009765625,4335.7998046875,4337.2998046875,73.0,yahoo,GC=F
2026-09-25T12:16:00Z,4337.2998046875,4337.39990234375,4334.5,4334.60009765625,73.0,yahoo,GC=F
2026-09-25T12:17:00Z,4334.60009765625,4336.0,4334.0,4334.10009765625,98.0,yahoo,GC=F
2026-09-25T12:18:00Z,4334.10009765625,4335.2001953125,4333.60009765625,4334.2001953125,61.0,yahoo,GC=F
2026-09-25T12:19:00Z,4334.2998046875,4335.7998046875,4333.5,4335.7998046875,75.0,yahoo,GC=F
2026-09-25T12:20:00Z,4335.60009765625,4337.7998046875,4333.2998046875,4337.39990234375,291.0,yahoo,GC=F
2026-09-25T12:21:00Z,4337.5,4342.2001953125,4337.5,4341.39990234375,261.0,yahoo,GC=F
2026-09-25T12:22:00Z,4341.39990234375,4343.0,4341.39990234375,4342.10009765625,238.0,yahoo,GC=F
2026-09-25T12:23:00Z,4342.0,4342.0,4339.10009765625,4340.5,202.0,yahoo,GC=F
2026-09-25T12:24:00Z,4340.7998046875,4341.60009765625,4339.2998046875,4339.5,125.0,yahoo,GC=F
2026-09-25T12:25:00Z,4339.10009765625,4343.10009765625,4338.39990234375,4343.0,358.0,yahoo,GC=F
2026-09-25T12:26:00Z,4343.0,4344.10009765625,4342.7001953125,4343.2998046875,146.0,yahoo,GC=F
2026-09-25T12:27:00Z,4343.5,4345.0,4343.0,4344.0,159.0,yahoo,GC=F
2026-09-25T12:28:00Z,4343.89990234375,4345.2998046875,4343.39990234375,4344.39990234375,103.0,yahoo,GC=F
2026-09-25T12:29:00Z,4344.39990234375,4344.39990234375,4341.7998046875,4342.7001953125,97.0,yahoo,GC=F
2026-09-25T12:30:00Z,4342.7998046875,4343.2998046875,4337.7998046875,4339.2998046875,287.0,yahoo,GC=F
2026-09-25T12:31:00Z,4339.39990234375,4339.89990234375,4337.2998046875,4337.60009765625,143.0,yahoo,GC=F
2026-09-25T12:32:00Z,4337.39990234375,4337.7001953125,4335.10009765625,4336.7998046875,180.0,yahoo,GC=F
2026-09-25T12:33:00Z,4336.60009765625,4337.7001953125,4336.10009765625,4337.2998046875,476.0,yahoo,GC=F
2026-09-25T12:34:00Z,4337.5,4338.5,4337.10009765625,4338.2001953125,109.0,yahoo,GC=F
2026-09-25T12:35:00Z,4337.7001953125,4338.60009765625,4335.39990234375,4335.7001953125,85.0,yahoo,GC=F
2026-09-25T12:36:00Z,4335.39990234375,4336.10009765625,4334.5,4334.89990234375,119.0,yahoo,GC=F
2026-09-25T12:37:00Z,4334.7001953125,4336.7001953125,4334.7001953125,4336.2001953125,65.0,yahoo,GC=F
2026-09-25T12:38:00Z,4336.39990234375,4337.39990234375,4336.10009765625,4337.0,50.0,yahoo,GC=F
2026-09-25T12:39:00Z,4337.10009765625,4338.7998046875,4337.0,4338.39990234375,81.0,yahoo,GC=F
2026-09-25T12:40:00Z,4338.5,4338.5,4334.89990234375,4335.60009765625,121.0,yahoo,GC=F
2026-09-25T12:41:00Z,4335.7998046875,4337.2001953125,4335.7998046875,4337.0,65.0,yahoo,GC=F
2026-09-25T12:42:00Z,4336.7998046875,4336.7998046875,4335.0,4335.0,210.0,yahoo,GC=F
2026-09-25T12:43:00Z,4335.10009765625,4335.10009765625,4332.7998046875,4334.10009765625,131.0,yahoo,GC=F
2026-09-25T12:44:00Z,4334.10009765625,4339.10009765625,4334.10009765625,4337.2998046875,389.0,yahoo,GC=F
2026-09-25T12:45:00Z,4337.60009765625,4338.2998046875,4335.10009765625,4338.0,213.0,yahoo,GC=F
2026-09-25T12:46:00Z,4338.10009765625,4343.39990234375,4337.39990234375,4341.60009765625,409.0,yahoo,GC=F
2026-09-25T12:47:00Z,4341.5,4344.7001953125,4337.89990234375,4343.89990234375,406.0,yahoo,GC=F
2026-09-25T12:48:00Z,4343.39990234375,4343.39990234375,4338.7001953125,4339.0,133.0,yahoo,GC=F
2026-09-25T12:49:00Z,4338.7998046875,4339.2998046875,4336.7998046875,4337.5,82.0,yahoo,GC=F
2026-09-25T12:50:00Z,4337.7998046875,4338.39990234375,4337.2001953125,4337.7001953125,48.0,yahoo,GC=F
2026-09-25T12:51:00Z,4337.7998046875,4338.39990234375,4335.2998046875,4335.89990234375,123.0,yahoo,GC=F
2026-09-25T12:52:00Z,4335.60009765625,4335.7001953125,4332.2998046875,4332.2998046875,640.0,yahoo,GC=F
2026-09-25T12:53:00Z,4332.5,4336.7998046875,4332.5,4336.39990234375,235.0,yahoo,GC=F
2026-09-25T12:54:00Z,4336.7001953125,4337.10009765625,4334.7001953125,4334.7001953125,122.0,yahoo,GC=F
2026-09-25T12:55:00Z,4334.89990234375,4335.10009765625,4333.89990234375,4334.2001953125,94.0,yahoo,GC=F
2026-09-25T12:56:00Z,4334.89990234375,4335.7001953125,4334.7998046875,4335.10009765625,23.0,yahoo,GC=F
2026-09-25T12:57:00Z,4335.2998046875,4335.2998046875,4334.2001953125,4334.60009765625,57.0,yahoo,GC=F
2026-09-25T12:58:00Z,4334.0,4335.5,4334.0,4335.2998046875,85.0,yahoo,GC=F
2026-09-25T12:59:00Z,4335.2001953125,4335.2001953125,4332.89990234375,4333.89990234375,110.0,yahoo,GC=F
2026-09-25T13:00:00Z,4333.89990234375,4335.2998046875,4331.2001953125,4331.89990234375,328.0,yahoo,GC=F
2026-09-25T13:01:00Z,4332.0,4332.2001953125,4330.0,4331.2001953125,204.0,yahoo,GC=F
2026-09-25T13:02:00Z,4330.60009765625,4330.60009765625,4326.5,4329.10009765625,388.0,yahoo,GC=F
2026-09-25T13:03:00Z,4329.0,4329.7998046875,4328.2998046875,4328.7998046875,133.0,yahoo,GC=F
2026-09-25T13:04:00Z,4328.7998046875,4330.39990234375,4327.0,4327.10009765625,130.0,yahoo,GC=F
2026-09-25T13:05:00Z,4327.39990234375,4330.10009765625,4327.2998046875,4329.39990234375,189.0,yahoo,GC=F
2026-09-25T13:06:00Z,4329.2001953125,4331.7998046875,4329.2001953125,4331.7001953125,163.0,yahoo,GC=F
2026-09-25T13:07:00Z,4332.10009765625,4332.7998046875,4330.7998046875,4332.10009765625,142.0,yahoo,GC=F
2026-09-25T13:08:00Z,4331.89990234375,4333.7998046875,4331.2998046875,4331.39990234375,156.0,yahoo,GC=F
2026-09-25T13:09:00Z,4331.39990234375,4333.2001953125,4331.39990234375,4333.2001953125,40.0,yahoo,GC=F
2026-09-25T13:10:00Z,4332.89990234375,4333.2998046875,4331.39990234375,4331.7001953125,95.0,yahoo,GC=F
2026-09-25T13:11:00Z,4331.60009765625,4332.2998046875,4330.7998046875,4332.10009765625,80.0,yahoo,GC=F
2026-09-25T13:12:00Z,4331.7001953125,4332.89990234375,4330.89990234375,4331.89990234375,103.0,yahoo,GC=F
2026-09-25T13:13:00Z,4332.0,4332.2001953125,4330.2001953125,4331.10009765625,79.0,yahoo,GC=F
2026-09-25T13:14:00Z,4330.7001953125,4330.7001953125,4327.60009765625,4328.10009765625,89.0,yahoo,GC=F
2026-09-25T13:15:00Z,4327.7998046875,4328.39990234375,4326.5,4328.2001953125,172.0,yahoo,GC=F
2026-09-25T13:16:00Z,4328.0,4328.5,4327.60009765625,4327.7998046875,95.0,yahoo,GC=F
2026-09-25T13:17:00Z,4327.7001953125,4329.2001953125,4327.7001953125,4328.5,78.0,yahoo,GC=F
2026-09-25T13:18:00Z,4328.39990234375,4328.39990234375,4326.60009765625,4326.89990234375,97.0,yahoo,GC=F
2026-09-25T13:19:00Z,4327.5,4327.7998046875,4324.0,4325.60009765625,304.0,yahoo,GC=F
2026-09-25T13:20:00Z,4325.5,4326.0,4323.7998046875,4324.7998046875,140.0,yahoo,GC=F
2026-09-25T13:21:00Z,4324.60009765625,4326.0,4323.0,4323.5,158.0,yahoo,GC=F
2026-09-25T13:22:00Z,4323.5,4324.60009765625,4323.39990234375,4324.5,82.0,yahoo,GC=F
2026-09-25T13:23:00Z,4324.5,4324.7001953125,4321.2001953125,4321.39990234375,212.0,yahoo,GC=F
2026-09-25T13:24:00Z,4321.39990234375,4322.10009765625,4320.7998046875,4321.2001953125,162.0,yahoo,GC=F
2026-09-25T13:25:00Z,4321.2001953125,4321.60009765625,4317.39990234375,4317.39990234375,341.0,yahoo,GC=F
2026-09-25T13:26:00Z,4317.2001953125,4317.7001953125,4315.10009765625,4317.2001953125,325.0,yahoo,GC=F
2026-09-25T13:27:00Z,4317.10009765625,4317.10009765625,4315.10009765625,4316.5,206.0,yahoo,GC=F
2026-09-25T13:28:00Z,4316.2001953125,4316.5,4315.2998046875,4315.5,277.0,yahoo,GC=F
2026-09-25T13:29:00Z,4315.2001953125,4316.2998046875,4312.7998046875,4313.5,294.0,yahoo,GC=F
2026-09-25T13:30:00Z,4313.7001953125,4314.10009765625,4308.60009765625,4311.2998046875,885.0,yahoo,GC=F
2026-09-25T13:31:00Z,4311.0,4312.7998046875,4309.39990234375,4312.39990234375,370.0,yahoo,GC=F
2026-09-25T13:32:00Z,4312.39990234375,4315.39990234375,4310.7998046875,4315.39990234375,281.0,yahoo,GC=F
2026-09-25T13:33:00Z,4315.0,4316.0,4312.89990234375,4316.0,241.0,yahoo,GC=F
2026-09-25T13:34:00Z,4315.89990234375,4317.2998046875,4313.2998046875,4315.2001953125,475.0,yahoo,GC=F
2026-09-25T13:35:00Z,4315.0,4315.2998046875,4313.5,4315.0,216.0,yahoo,GC=F
2026-09-25T13:36:00Z,4314.89990234375,4319.7001953125,4313.5,4317.60009765625,256.0,yahoo,GC=F
2026-09-25T13:37:00Z,4317.7001953125,4319.7001953125,4316.39990234375,4319.7001953125,225.0,yahoo,GC=F
2026-09-25T13:38:00Z,4319.60009765625,4319.7998046875,4317.39990234375,4317.89990234375,246.0,yahoo,GC=F
2026-09-25T13:39:00Z,4318.10009765625,4318.10009765625,4314.2998046875,4316.5,340.0,yahoo,GC=F
2026-09-25T13:40:00Z,4316.5,4317.39990234375,4315.0,4315.39990234375,161.0,yahoo,GC=F
2026-09-25T13:41:00Z,4315.60009765625,4318.2001953125,4315.2001953125,4316.60009765625,436.0,yahoo,GC=F
2026-09-25T13:42:00Z,4316.7001953125,4317.89990234375,4314.7998046875,4315.60009765625,129.0,yahoo,GC=F
2026-09-25T13:43:00Z,4315.7001953125,4315.89990234375,4312.0,4313.7998046875,222.0,yahoo,GC=F
2026-09-25T13:44:00Z,4313.7998046875,4316.10009765625,4313.7998046875,4314.2998046875,132.0,yahoo,GC=F
2026-09-25T13:45:00Z,4314.10009765625,4315.89990234375,4313.2001953125,4315.2998046875,133.0,yahoo,GC=F
2026-09-25T13:46:00Z,4315.2998046875,4315.2998046875,4310.7998046875,4312.0,249.0,yahoo,GC=F
2026-09-25T13:47:00Z,4312.0,4312.2001953125,4309.39990234375,4311.39990234375,220.0,yahoo,GC=F
2026-09-25T13:48:00Z,4311.2001953125,4312.10009765625,4310.10009765625,4311.89990234375,164.0,yahoo,GC=F
2026-09-25T13:49:00Z,4311.89990234375,4313.7001953125,4311.5,4313.10009765625,158.0,yahoo,GC=F
2026-09-25T13:50:00Z,4313.0,4316.10009765625,4312.60009765625,4314.89990234375,183.0,yahoo,GC=F
2026-09-25T13:51:00Z,4315.0,4318.7998046875,4313.60009765625,4317.39990234375,339.0,yahoo,GC=F
2026-09-25T13:52:00Z,4317.2998046875,4318.60009765625,4316.7001953125,4318.2001953125,246.0,yahoo,GC=F
2026-09-25T13:53:00Z,4317.7998046875,4318.0,4316.10009765625,4316.7998046875,135.0,yahoo,GC=F
2026-09-25T13:54:00Z,4316.7001953125,4317.2001953125,4315.5,4315.7998046875,64.0,yahoo,GC=F
2026-09-25T13:55:00Z,4315.5,4316.10009765625,4314.60009765625,4315.10009765625,107.0,yahoo,GC=F
2026-09-25T13:56:00Z,4315.10009765625,4315.39990234375,4312.2998046875,4313.10009765625,133.0,yahoo,GC=F
2026-09-25T13:57:00Z,4313.2001953125,4313.2001953125,4310.39990234375,4312.39990234375,162.0,yahoo,GC=F
2026-09-25T13:58:00Z,4312.10009765625,4313.2001953125,4311.89990234375,4312.10009765625,121.0,yahoo,GC=F
2026-09-25T13:59:00Z,4312.5,4313.10009765625,4310.2001953125,4310.89990234375,102.0,yahoo,GC=F
2026-09-25T14:00:00Z,4310.7001953125,4313.0,4307.7001953125,4308.7998046875,332.0,yahoo,GC=F
2026-09-25T14:01:00Z,4308.39990234375,4308.39990234375,4302.39990234375,4304.0,1117.0,yahoo,GC=F
2026-09-25T14:02:00Z,4304.10009765625,4304.7998046875,4302.5,4303.0,286.0,yahoo,GC=F
2026-09-25T14:03:00Z,4303.0,4303.0,4298.7998046875,4300.39990234375,680.0,yahoo,GC=F
2026-09-25T14:04:00Z,4300.7001953125,4301.60009765625,4292.5,4293.2998046875,1177.0,yahoo,GC=F
2026-09-25T14:05:00Z,4293.10009765625,4293.7998046875,4289.2001953125,4290.5,1189.0,yahoo,GC=F
2026-09-25T14:06:00Z,4290.7001953125,4295.10009765625,4289.39990234375,4294.2001953125,825.0,yahoo,GC=F
2026-09-25T14:07:00Z,4294.0,4299.10009765625,4293.39990234375,4297.7998046875,629.0,yahoo,GC=F
2026-09-25T14:08:00Z,4297.7001953125,4301.7001953125,4296.89990234375,4300.7001953125,502.0,yahoo,GC=F
2026-09-25T14:09:00Z,4300.60009765625,4302.39990234375,4299.7998046875,4301.0,217.0,yahoo,GC=F
2026-09-25T14:10:00Z,4301.5,4302.0,4300.0,4300.5,183.0,yahoo,GC=F
2026-09-25T14:11:00Z,4300.7998046875,4301.2001953125,4298.60009765625,4300.39990234375,151.0,yahoo,GC=F
2026-09-25T14:12:00Z,4300.2998046875,4302.0,4299.2001953125,4300.2001953125,184.0,yahoo,GC=F
2026-09-25T14:13:00Z,4300.5,4302.60009765625,4299.10009765625,4299.5,263.0,yahoo,GC=F
2026-09-25T14:14:00Z,4299.2001953125,4302.7001953125,4299.2001953125,4302.60009765625,168.0,yahoo,GC=F
2026-09-25T14:15:00Z,4302.2998046875,4302.7001953125,4299.7001953125,4299.7001953125,353.0,yahoo,GC=F
2026-09-25T14:16:00Z,4299.60009765625,4299.7998046875,4296.2001953125,4297.0,280.0,yahoo,GC=F
2026-09-25T14:17:00Z,4296.7001953125,4298.10009765625,4294.89990234375,4297.2998046875,160.0,yahoo,GC=F
2026-09-25T14:18:00Z,4297.0,4299.0,4296.5,4299.0,121.0,yahoo,GC=F
2026-09-25T14:19:00Z,4299.0,4301.89990234375,4298.39990234375,4301.89990234375,159.0,yahoo,GC=F
2026-09-25T14:20:00Z,4301.60009765625,4303.60009765625,4300.5,4303.39990234375,212.0,yahoo,GC=F
2026-09-25T14:21:00Z,4303.2001953125,4304.2998046875,4301.39990234375,4302.2001953125,170.0,yahoo,GC=F
2026-09-25T14:22:00Z,4302.10009765625,4304.0,4301.7001953125,4302.7001953125,126.0,yahoo,GC=F
2026-09-25T14:23:00Z,4302.7001953125,4304.10009765625,4300.89990234375,4303.60009765625,277.0,yahoo,GC=F
2026-09-25T14:24:00Z,4303.7998046875,4305.60009765625,4302.2998046875,4303.5,164.0,yahoo,GC=F
2026-09-25T14:25:00Z,4303.60009765625,4305.5,4303.0,4304.5,126.0,yahoo,GC=F
2026-09-25T14:26:00Z,4304.60009765625,4305.39990234375,4303.2998046875,4304.5,94.0,yahoo,GC=F
2026-09-25T14:27:00Z,4304.60009765625,4306.2001953125,4303.2001953125,4303.2998046875,74.0,yahoo,GC=F
2026-09-25T14:28:00Z,4303.0,4304.2998046875,4302.39990234375,4302.7001953125,76.0,yahoo,GC=F
2026-09-25T14:29:00Z,4302.5,4304.7001953125,4300.89990234375,4300.89990234375,191.0,yahoo,GC=F
2026-09-25T14:30:00Z,4300.7998046875,4301.10009765625,4298.0,4299.7001953125,367.0,yahoo,GC=F
2026-09-25T14:31:00Z,4300.10009765625,4300.10009765625,4297.89990234375,4299.2998046875,223.0,yahoo,GC=F
2026-09-25T14:32:00Z,4299.10009765625,4299.89990234375,4297.5,4299.7001953125,113.0,yahoo,GC=F
2026-09-25T14:33:00Z,4299.7998046875,4300.5,4299.0,4300.10009765625,118.0,yahoo,GC=F
2026-09-25T14:34:00Z,4300.2001953125,4301.7998046875,4299.60009765625,4300.0,104.0,yahoo,GC=F
2026-09-25T14:35:00Z,4300.10009765625,4302.2998046875,4298.5,4301.5,284.0,yahoo,GC=F
2026-09-25T14:36:00Z,4301.2998046875,4302.2998046875,4300.39990234375,4301.39990234375,59.0,yahoo,GC=F
2026-09-25T14:37:00Z,4301.5,4304.10009765625,4301.0,4303.7001953125,169.0,yahoo,GC=F
2026-09-25T14:38:00Z,4303.89990234375,4307.60009765625,4303.2998046875,4306.89990234375,339.0,yahoo,GC=F
2026-09-25T14:39:00Z,4306.89990234375,4307.39990234375,4306.10009765625,4306.7001953125,87.0,yahoo,GC=F
2026-09-25T14:40:00Z,4306.5,4307.10009765625,4303.7998046875,4304.10009765625,149.0,yahoo,GC=F
2026-09-25T14:41:00Z,4304.0,4305.5,4303.39990234375,4304.39990234375,125.0,yahoo,GC=F
2026-09-25T14:42:00Z,4304.39990234375,4306.5,4303.39990234375,4306.5,84.0,yahoo,GC=F
2026-09-25T14:43:00Z,4306.60009765625,4307.10009765625,4303.60009765625,4303.60009765625,125.0,yahoo,GC=F
2026-09-25T14:44:00Z,4303.7001953125,4308.10009765625,4303.60009765625,4307.89990234375,128.0,yahoo,GC=F
2026-09-25T14:45:00Z,4308.2001953125,4308.2998046875,4306.2998046875,4306.5,265.0,yahoo,GC=F
2026-09-25T14:46:00Z,4306.39990234375,4312.39990234375,4304.7001953125,4310.2998046875,942.0,yahoo,GC=F
2026-09-25T14:47:00Z,4310.2001953125,4310.89990234375,4309.10009765625,4309.5,258.0,yahoo,GC=F
2026-09-25T14:48:00Z,4309.2998046875,4311.2998046875,4309.10009765625,4309.7001953125,105.0,yahoo,GC=F
2026-09-25T14:49:00Z,4309.60009765625,4314.60009765625,4309.5,4312.5,249.0,yahoo,GC=F
2026-09-25T14:50:00Z,4312.2001953125,4312.7001953125,4311.0,4311.2001953125,69.0,yahoo,GC=F
2026-09-25T14:51:00Z,4311.39990234375,4313.89990234375,4308.7001953125,4308.7001953125,209.0,yahoo,GC=F
2026-09-25T14:52:00Z,4308.89990234375,4309.7001953125,4308.10009765625,4309.7001953125,165.0,yahoo,GC=F
2026-09-25T14:53:00Z,4309.39990234375,4312.0,4309.39990234375,4310.39990234375,151.0,yahoo,GC=F
2026-09-25T14:54:00Z,4310.7001953125,4312.39990234375,4310.7001953125,4311.7998046875,56.0,yahoo,GC=F
2026-09-25T14:55:00Z,4311.7001953125,4313.5,4311.10009765625,4312.2998046875,157.0,yahoo,GC=F
2026-09-25T14:56:00Z,4312.5,4315.89990234375,4312.39990234375,4313.0,320.0,yahoo,GC=F
2026-09-25T14:57:00Z,4313.2998046875,4315.7001953125,4313.0,4313.39990234375,167.0,yahoo,GC=F
2026-09-25T14:58:00Z,4313.2001953125,4313.2998046875,4311.2998046875,4313.0,117.0,yahoo,GC=F
2026-09-25T14:59:00Z,4312.89990234375,4314.2001953125,4312.0,4314.10009765625,77.0,yahoo,GC=F
2026-09-25T15:00:00Z,4314.10009765625,4316.10009765625,4313.2001953125,4315.60009765625,163.0,yahoo,GC=F
2026-09-25T15:01:00Z,4315.5,4316.60009765625,4314.39990234375,4315.2001953125,160.0,yahoo,GC=F
2026-09-25T15:02:00Z,4315.2001953125,4316.2998046875,4314.10009765625,4314.2001953125,133.0,yahoo,GC=F
2026-09-25T15:03:00Z,4314.5,4315.60009765625,4313.2001953125,4315.0,238.0,yahoo,GC=F
2026-09-25T15:04:00Z,4314.7998046875,4317.5,4314.7998046875,4317.0,191.0,yahoo,GC=F
2026-09-25T15:05:00Z,4317.10009765625,4317.7001953125,4314.5,4314.89990234375,167.0,yahoo,GC=F
2026-09-25T15:06:00Z,4314.89990234375,4316.7998046875,4314.60009765625,4314.7998046875,144.0,yahoo,GC=F
2026-09-25T15:07:00Z,4314.89990234375,4314.89990234375,4313.0,4314.2998046875,112.0,yahoo,GC=F
2026-09-25T15:08:00Z,4314.2998046875,4314.2998046875,4311.60009765625,4311.7998046875,135.0,yahoo,GC=F
2026-09-25T15:09:00Z,4311.5,4312.2998046875,4310.2998046875,4310.5,90.0,yahoo,GC=F
2026-09-25T15:10:00Z,4310.60009765625,4311.2001953125,4309.10009765625,4309.5,190.0,yahoo,GC=F
2026-09-25T15:11:00Z,4309.60009765625,4311.0,4309.60009765625,4310.7998046875,81.0,yahoo,GC=F
2026-09-25T15:12:00Z,4310.7998046875,4311.2998046875,4310.10009765625,4311.2998046875,90.0,yahoo,GC=F
2026-09-25T15:13:00Z,4311.7001953125,4312.7998046875,4311.5,4312.60009765625,120.0,yahoo,GC=F
2026-09-25T15:14:00Z,4312.7998046875,4315.2998046875,4312.60009765625,4315.10009765625,110.0,yahoo,GC=F
2026-09-25T15:15:00Z,4315.2998046875,4315.39990234375,4313.60009765625,4314.7001953125,110.0,yahoo,GC=F
2026-09-25T15:16:00Z,4314.60009765625,4316.2001953125,4314.60009765625,4315.7001953125,86.0,yahoo,GC=F
2026-09-25T15:17:00Z,4315.60009765625,4316.0,4314.7001953125,4315.2998046875,55.0,yahoo,GC=F
2026-09-25T15:18:00Z,4315.2998046875,4315.60009765625,4314.2001953125,4314.2001953125,60.0,yahoo,GC=F
2026-09-25T15:19:00Z,4314.0,4314.10009765625,4309.5,4309.60009765625,263.0,yahoo,GC=F
2026-09-25T15:20:00Z,4309.7001953125,4309.7001953125,4307.0,4309.60009765625,220.0,yahoo,GC=F
2026-09-25T15:21:00Z,4309.60009765625,4315.0,4309.0,4311.7001953125,523.0,yahoo,GC=F
2026-09-25T15:22:00Z,4311.7001953125,4313.10009765625,4310.7001953125,4312.7001953125,98.0,yahoo,GC=F
2026-09-25T15:23:00Z,4312.5,4314.39990234375,4311.7998046875,4312.89990234375,157.0,yahoo,GC=F
2026-09-25T15:24:00Z,4312.60009765625,4312.89990234375,4310.60009765625,4310.60009765625,56.0,yahoo,GC=F
2026-09-25T15:25:00Z,4310.7001953125,4311.89990234375,4310.2998046875,4310.7001953125,79.0,yahoo,GC=F
2026-09-25T15:26:00Z,4310.60009765625,4314.39990234375,4310.39990234375,4314.39990234375,95.0,yahoo,GC=F
2026-09-25T15:27:00Z,4314.5,4316.5,4314.5,4315.2001953125,165.0,yahoo,GC=F
2026-09-25T15:28:00Z,4315.2001953125,4315.60009765625,4314.2001953125,4314.60009765625,65.0,yahoo,GC=F
2026-09-25T15:29:00Z,4315.0,4315.7001953125,4314.5,4314.5,57.0,yahoo,GC=F
2026-09-25T15:30:00Z,4315.0,4320.7998046875,4314.0,4317.0,1406.0,yahoo,GC=F
2026-09-25T15:31:00Z,4317.2001953125,4319.2998046875,4316.5,4319.0,214.0,yahoo,GC=F
2026-09-25T15:32:00Z,4318.60009765625,4319.7998046875,4317.89990234375,4318.39990234375,490.0,yahoo,GC=F
2026-09-25T15:33:00Z,4318.7998046875,4320.39990234375,4318.0,4319.60009765625,112.0,yahoo,GC=F
2026-09-25T15:34:00Z,4319.7998046875,4321.0,4317.7001953125,4317.7998046875,342.0,yahoo,GC=F
2026-09-25T15:35:00Z,4317.7998046875,4318.2998046875,4317.2001953125,4317.89990234375,93.0,yahoo,GC=F
2026-09-25T15:36:00Z,4317.7998046875,4318.0,4315.39990234375,4315.60009765625,91.0,yahoo,GC=F
2026-09-25T15:37:00Z,4315.7001953125,4316.2998046875,4314.10009765625,4314.60009765625,390.0,yahoo,GC=F
2026-09-25T15:38:00Z,4315.0,4315.2001953125,4312.10009765625,4312.2001953125,172.0,yahoo,GC=F
2026-09-25T15:39:00Z,4312.2001953125,4312.7998046875,4311.5,4311.60009765625,147.0,yahoo,GC=F
2026-09-25T15:40:00Z,4311.7001953125,4313.7998046875,4311.2998046875,4313.60009765625,134.0,yahoo,GC=F
2026-09-25T15:41:00Z,4313.5,4314.0,4312.7001953125,4313.2998046875,52.0,yahoo,GC=F
2026-09-25T15:42:00Z,4313.2998046875,4313.60009765625,4312.5,4312.60009765625,66.0,yahoo,GC=F
2026-09-25T15:43:00Z,4312.89990234375,4312.89990234375,4311.2001953125,4311.5,44.0,yahoo,GC=F
2026-09-25T15:44:00Z,4311.7001953125,4311.7998046875,4309.7998046875,4310.10009765625,89.0,yahoo,GC=F
2026-09-25T15:45:00Z,4310.2998046875,4310.7001953125,4309.89990234375,4310.5,90.0,yahoo,GC=F
2026-09-25T15:46:00Z,4310.2001953125,4310.2001953125,4306.7001953125,4309.5,365.0,yahoo,GC=F
2026-09-25T15:47:00Z,4309.5,4310.0,4308.60009765625,4308.89990234375,108.0,yahoo,GC=F
2026-09-25T15:48:00Z,4308.7998046875,4309.7998046875,4308.2001953125,4308.89990234375,105.0,yahoo,GC=F
2026-09-25T15:49:00Z,4308.7001953125,4310.0,4306.10009765625,4306.39990234375,265.0,yahoo,GC=F
2026-09-25T15:50:00Z,4306.7998046875,4308.10009765625,4306.39990234375,4306.7998046875,97.0,yahoo,GC=F
2026-09-25T15:51:00Z,4306.60009765625,4307.0,4304.89990234375,4305.2998046875,137.0,yahoo,GC=F
2026-09-25T15:52:00Z,4305.0,4308.0,4304.89990234375,4307.60009765625,131.0,yahoo,GC=F
2026-09-25T15:53:00Z,4307.7001953125,4308.39990234375,4306.7001953125,4307.39990234375,60.0,yahoo,GC=F
2026-09-25T15:54:00Z,4307.7001953125,4314.89990234375,4307.5,4312.60009765625,930.0,yahoo,GC=F
2026-09-25T15:55:00Z,4312.2998046875,4314.39990234375,4312.2998046875,4313.39990234375,126.0,yahoo,GC=F
2026-09-25T15:56:00Z,4312.89990234375,4313.10009765625,4311.10009765625,4313.10009765625,102.0,yahoo,GC=F
2026-09-25T15:57:00Z,4312.7001953125,4315.39990234375,4312.5,4315.39990234375,186.0,yahoo,GC=F
2026-09-25T15:58:00Z,4315.60009765625,4322.0,4315.60009765625,4321.2001953125,573.0,yahoo,GC=F
2026-09-25T15:59:00Z,4321.39990234375,4326.60009765625,4319.89990234375,4326.39990234375,573.0,yahoo,GC=F
2026-09-25T16:00:00Z,4326.5,4329.60009765625,4324.39990234375,4329.5,560.0,yahoo,GC=F
2026-09-25T16:01:00Z,4329.5,4331.2001953125,4325.60009765625,4325.60009765625,604.0,yahoo,GC=F
2026-09-25T16:02:00Z,4325.5,4330.2998046875,4325.5,4329.0,330.0,yahoo,GC=F
2026-09-25T16:03:00Z,4329.0,4334.7001953125,4327.60009765625,4334.2001953125,571.0,yahoo,GC=F
2026-09-25T16:04:00Z,4334.2001953125,4334.2001953125,4326.7001953125,4330.2001953125,521.0,yahoo,GC=F
2026-09-25T16:05:00Z,4330.2001953125,4331.7998046875,4328.39990234375,4329.5,328.0,yahoo,GC=F
2026-09-25T16:06:00Z,4329.2998046875,4335.7001953125,4326.5,4335.2998046875,636.0,yahoo,GC=F
2026-09-25T16:07:00Z,4335.7998046875,4336.0,4328.60009765625,4329.39990234375,635.0,yahoo,GC=F
2026-09-25T16:08:00Z,4329.2998046875,4331.60009765625,4327.10009765625,4328.89990234375,478.0,yahoo,GC=F
2026-09-25T16:09:00Z,4329.0,4330.10009765625,4327.10009765625,4329.2001953125,186.0,yahoo,GC=F
2026-09-25T16:10:00Z,4329.39990234375,4331.7998046875,4328.60009765625,4329.2001953125,211.0,yahoo,GC=F
2026-09-25T16:11:00Z,4328.7001953125,4329.10009765625,4327.0,4328.2001953125,142.0,yahoo,GC=F
2026-09-25T16:12:00Z,4328.2001953125,4329.2998046875,4326.10009765625,4327.7001953125,256.0,yahoo,GC=F
2026-09-25T16:13:00Z,4327.7998046875,4328.10009765625,4325.7001953125,4326.10009765625,218.0,yahoo,GC=F
2026-09-25T16:14:00Z,4326.10009765625,4326.2001953125,4322.39990234375,4325.39990234375,464.0,yahoo,GC=F
2026-09-25T16:15:00Z,4325.7001953125,4326.10009765625,4323.7998046875,4325.7998046875,169.0,yahoo,GC=F
2026-09-25T16:16:00Z,4325.7001953125,4327.10009765625,4323.2001953125,4327.10009765625,291.0,yahoo,GC=F
2026-09-25T16:17:00Z,4326.60009765625,4327.7001953125,4324.7001953125,4325.0,180.0,yahoo,GC=F
2026-09-25T16:18:00Z,4325.2001953125,4326.2998046875,4323.89990234375,4324.2001953125,238.0,yahoo,GC=F
2026-09-25T16:19:00Z,4324.5,4324.5,4322.89990234375,4324.0,216.0,yahoo,GC=F
2026-09-25T16:20:00Z,4324.0,4325.60009765625,4323.10009765625,4323.2001953125,313.0,yahoo,GC=F
2026-09-25T16:21:00Z,4323.60009765625,4324.7001953125,4322.7998046875,4323.60009765625,106.0,yahoo,GC=F
2026-09-25T16:22:00Z,4323.5,4324.10009765625,4322.60009765625,4323.10009765625,134.0,yahoo,GC=F
2026-09-25T16:23:00Z,4323.0,4323.39990234375,4319.7998046875,4322.2998046875,449.0,yahoo,GC=F
2026-09-25T16:24:00Z,4322.2001953125,4323.7001953125,4321.2001953125,4323.5,150.0,yahoo,GC=F
2026-09-25T16:25:00Z,4324.0,4324.89990234375,4323.2001953125,4324.2998046875,98.0,yahoo,GC=F
2026-09-25T16:26:00Z,4323.89990234375,4327.5,4323.89990234375,4327.2998046875,165.0,yahoo,GC=F
2026-09-25T16:27:00Z,4327.5,4328.2001953125,4326.60009765625,4327.0,116.0,yahoo,GC=F
2026-09-25T16:28:00Z,4327.10009765625,4327.39990234375,4325.7998046875,4327.0,74.0,yahoo,GC=F
2026-09-25T16:29:00Z,4327.10009765625,4328.10009765625,4327.0,4327.39990234375,78.0,yahoo,GC=F
2026-09-25T16:30:00Z,4327.89990234375,4328.39990234375,4326.7001953125,4327.7998046875,100.0,yahoo,GC=F
2026-09-25T16:31:00Z,4327.60009765625,4328.0,4326.60009765625,4327.10009765625,62.0,yahoo,GC=F
2026-09-25T16:32:00Z,4327.7998046875,4328.2001953125,4325.39990234375,4325.89990234375,52.0,yahoo,GC=F
2026-09-25T16:33:00Z,4326.10009765625,4326.60009765625,4323.2998046875,4323.5,126.0,yahoo,GC=F
2026-09-25T16:34:00Z,4323.89990234375,4323.89990234375,4314.5,4319.10009765625,1459.0,yahoo,GC=F
2026-09-25T16:35:00Z,4319.5,4322.0,4319.10009765625,4321.60009765625,203.0,yahoo,GC=F
2026-09-25T16:36:00Z,4321.10009765625,4322.39990234375,4318.39990234375,4321.5,165.0,yahoo,GC=F
2026-09-25T16:37:00Z,4321.39990234375,4323.5,4321.39990234375,4323.2001953125,188.0,yahoo,GC=F
2026-09-25T16:38:00Z,4322.89990234375,4322.89990234375,4320.5,4322.7001953125,194.0,yahoo,GC=F
2026-09-25T16:39:00Z,4323.0,4324.10009765625,4322.39990234375,4322.7998046875,125.0,yahoo,GC=F
2026-09-25T16:40:00Z,4323.0,4323.0,4319.89990234375,4320.2998046875,73.0,yahoo,GC=F
2026-09-25T16:41:00Z,4320.5,4321.2998046875,4320.2001953125,4320.89990234375,60.0,yahoo,GC=F
2026-09-25T16:42:00Z,4321.2998046875,4324.2001953125,4321.2001953125,4322.39990234375,273.0,yahoo,GC=F
2026-09-25T16:43:00Z,4322.39990234375,4323.89990234375,4322.39990234375,4323.10009765625,44.0,yahoo,GC=F
2026-09-25T16:44:00Z,4323.2998046875,4324.60009765625,4322.2998046875,4322.5,51.0,yahoo,GC=F
2026-09-25T16:45:00Z,4322.5,4322.7001953125,4319.7001953125,4320.10009765625,62.0,yahoo,GC=F
2026-09-25T16:46:00Z,4320.10009765625,4320.7998046875,4319.7998046875,4320.39990234375,39.0,yahoo,GC=F
2026-09-25T16:47:00Z,4320.39990234375,4320.60009765625,4320.0,4320.10009765625,19.0,yahoo,GC=F
2026-09-25T16:48:00Z,4319.89990234375,4321.2001953125,4318.10009765625,4318.60009765625,97.0,yahoo,GC=F
2026-09-25T16:49:00Z,4318.0,4318.7001953125,4317.2998046875,4318.39990234375,94.0,yahoo,GC=F
2026-09-25T16:50:00Z,4318.60009765625,4319.60009765625,4318.0,4319.39990234375,65.0,yahoo,GC=F
2026-09-25T16:51:00Z,4319.2001953125,4320.0,4318.89990234375,4319.39990234375,73.0,yahoo,GC=F
2026-09-25T16:52:00Z,4319.2998046875,4321.39990234375,4319.2998046875,4321.2001953125,148.0,yahoo,GC=F
2026-09-25T16:53:00Z,4321.0,4321.2998046875,4319.7001953125,4320.0,56.0,yahoo,GC=F
2026-09-25T16:54:00Z,4319.60009765625,4320.7001953125,4319.5,4320.2001953125,89.0,yahoo,GC=F
2026-09-25T16:55:00Z,4320.0,4322.60009765625,4320.0,4321.60009765625,114.0,yahoo,GC=F
2026-09-25T16:56:00Z,4321.7001953125,4322.60009765625,4321.5,4321.5,59.0,yahoo,GC=F
2026-09-25T16:57:00Z,4321.2998046875,4322.5,4320.39990234375,4321.7001953125,77.0,yahoo,GC=F
2026-09-25T16:58:00Z,4321.7001953125,4321.7001953125,4320.60009765625,4320.60009765625,43.0,yahoo,GC=F
2026-09-25T16:59:00Z,4320.5,4323.2001953125,4319.0,4321.5,638.0,yahoo,GC=F
2026-09-25T17:00:00Z,4321.60009765625,4323.60009765625,4320.39990234375,4323.60009765625,93.0,yahoo,GC=F
2026-09-25T17:01:00Z,4323.2998046875,4326.2998046875,4323.2998046875,4325.2001953125,434.0,yahoo,GC=F
2026-09-25T17:02:00Z,4325.39990234375,4325.7001953125,4324.60009765625,4325.5,98.0,yahoo,GC=F
2026-09-25T17:03:00Z,4325.60009765625,4327.10009765625,4325.60009765625,4326.2998046875,82.0,yahoo,GC=F
2026-09-25T17:04:00Z,4326.2001953125,4327.60009765625,4325.5,4326.0,66.0,yahoo,GC=F
2026-09-25T17:05:00Z,4326.10009765625,4326.89990234375,4325.7001953125,4325.89990234375,32.0,yahoo,GC=F
2026-09-25T17:06:00Z,4326.0,4327.0,4325.0,4325.60009765625,48.0,yahoo,GC=F
2026-09-25T17:07:00Z,4325.5,4327.7001953125,4324.89990234375,4327.2001953125,206.0,yahoo,GC=F
2026-09-25T17:08:00Z,4327.2998046875,4327.39990234375,4324.89990234375,4325.0,132.0,yahoo,GC=F
2026-09-25T17:09:00Z,4325.0,4328.10009765625,4324.89990234375,4328.10009765625,214.0,yahoo,GC=F
2026-09-25T17:10:00Z,4327.7998046875,4327.7998046875,4326.7001953125,4327.10009765625,137.0,yahoo,GC=F
2026-09-25T17:11:00Z,4327.0,4327.5,4326.2998046875,4326.7998046875,65.0,yahoo,GC=F
2026-09-25T17:12:00Z,4326.7998046875,4328.2998046875,4326.2998046875,4327.39990234375,88.0,yahoo,GC=F
2026-09-25T17:13:00Z,4327.2998046875,4327.60009765625,4327.10009765625,4327.10009765625,42.0,yahoo,GC=F
2026-09-25T17:14:00Z,4327.0,4327.2998046875,4326.10009765625,4326.7001953125,43.0,yahoo,GC=F
2026-09-25T17:15:00Z,4326.60009765625,4326.60009765625,4324.89990234375,4325.60009765625,87.0,yahoo,GC=F
2026-09-25T17:16:00Z,4325.5,4326.60009765625,4325.2998046875,4326.60009765625,72.0,yahoo,GC=F
2026-09-25T17:17:00Z,4326.39990234375,4327.2001953125,4325.89990234375,4325.89990234375,91.0,yahoo,GC=F
2026-09-25T17:18:00Z,4326.2001953125,4326.5,4324.10009765625,4324.5,93.0,yahoo,GC=F
2026-09-25T17:19:00Z,4324.5,4325.89990234375,4324.10009765625,4325.89990234375,53.0,yahoo,GC=F
2026-09-25T17:20:00Z,4326.10009765625,4327.0,4326.10009765625,4326.5,44.0,yahoo,GC=F
2026-09-25T17:21:00Z,4326.39990234375,4326.7998046875,4324.7001953125,4324.89990234375,99.0,yahoo,GC=F
2026-09-25T17:22:00Z,4324.7001953125,4325.60009765625,4324.60009765625,4325.2001953125,58.0,yahoo,GC=F
2026-09-25T17:23:00Z,4325.60009765625,4326.10009765625,4325.10009765625,4325.7001953125,76.0,yahoo,GC=F
2026-09-25T17:24:00Z,4325.5,4327.2001953125,4325.5,4327.2001953125,67.0,yahoo,GC=F
2026-09-25T17:25:00Z,4327.5,4328.39990234375,4326.7001953125,4327.39990234375,140.0,yahoo,GC=F
2026-09-25T17:26:00Z,4327.5,4327.7001953125,4326.2998046875,4326.39990234375,63.0,yahoo,GC=F
2026-09-25T17:27:00Z,4326.5,4326.5,4323.7998046875,4323.7998046875,163.0,yahoo,GC=F
2026-09-25T17:28:00Z,4323.89990234375,4324.7001953125,4321.7998046875,4321.7998046875,146.0,yahoo,GC=F
2026-09-25T17:29:00Z,4321.7998046875,4322.10009765625,4320.10009765625,4321.2998046875,634.0,yahoo,GC=F
2026-09-25T17:30:00Z,4321.5,4321.60009765625,4320.5,4320.5,123.0,yahoo,GC=F
2026-09-25T17:31:00Z,4320.7998046875,4321.5,4320.0,4320.60009765625,67.0,yahoo,GC=F
2026-09-25T17:32:00Z,4320.60009765625,4321.2001953125,4320.39990234375,4320.7998046875,24.0,yahoo,GC=F
2026-09-25T17:33:00Z,4321.0,4322.7998046875,4320.2998046875,4320.7998046875,94.0,yahoo,GC=F
2026-09-25T17:34:00Z,4320.7001953125,4320.7001953125,4319.10009765625,4320.10009765625,90.0,yahoo,GC=F
2026-09-25T17:35:00Z,4319.7998046875,4319.7998046875,4318.2001953125,4318.5,97.0,yahoo,GC=F
2026-09-25T17:36:00Z,4318.60009765625,4318.60009765625,4317.2998046875,4317.39990234375,42.0,yahoo,GC=F
2026-09-25T17:37:00Z,4317.39990234375,4317.39990234375,4314.5,4316.2998046875,196.0,yahoo,GC=F
2026-09-25T17:38:00Z,4316.39990234375,4317.2998046875,4316.2001953125,4316.7998046875,32.0,yahoo,GC=F
2026-09-25T17:39:00Z,4317.0,4320.60009765625,4316.39990234375,4319.2001953125,373.0,yahoo,GC=F
2026-09-25T17:40:00Z,4319.0,4321.39990234375,4318.89990234375,4320.0,152.0,yahoo,GC=F
2026-09-25T17:41:00Z,4319.89990234375,4322.7998046875,4319.7001953125,4322.2001953125,172.0,yahoo,GC=F
2026-09-25T17:42:00Z,4321.7998046875,4323.2001953125,4321.2001953125,4322.7001953125,85.0,yahoo,GC=F
2026-09-25T17:43:00Z,4322.7001953125,4322.7001953125,4320.89990234375,4321.0,23.0,yahoo,GC=F
2026-09-25T17:44:00Z,4320.7998046875,4322.2001953125,4320.2998046875,4320.7001953125,38.0,yahoo,GC=F
2026-09-25T17:45:00Z,4320.60009765625,4321.7001953125,4320.60009765625,4320.7998046875,73.0,yahoo,GC=F
2026-09-25T17:46:00Z,4320.5,4320.7998046875,4317.7998046875,4318.10009765625,105.0,yahoo,GC=F
2026-09-25T17:47:00Z,4317.7001953125,4318.10009765625,4317.0,4317.7001953125,60.0,yahoo,GC=F
2026-09-25T17:48:00Z,4317.60009765625,4318.5,4317.39990234375,4318.5,31.0,yahoo,GC=F
2026-09-25T17:49:00Z,4318.5,4320.2001953125,4318.39990234375,4319.2998046875,230.0,yahoo,GC=F
2026-09-25T17:50:00Z,4319.0,4319.5,4318.2001953125,4319.2998046875,80.0,yahoo,GC=F
2026-09-25T17:51:00Z,4319.39990234375,4319.39990234375,4318.60009765625,4318.7998046875,23.0,yahoo,GC=F
2026-09-25T17:52:00Z,4319.0,4319.2001953125,4318.2998046875,4319.10009765625,41.0,yahoo,GC=F
2026-09-25T17:53:00Z,4319.0,4319.39990234375,4318.7998046875,4319.39990234375,21.0,yahoo,GC=F
2026-09-25T17:54:00Z,4319.0,4319.10009765625,4318.2001953125,4318.89990234375,41.0,yahoo,GC=F
2026-09-25T17:55:00Z,4319.2001953125,4319.89990234375,4319.2001953125,4319.89990234375,19.0,yahoo,GC=F
2026-09-25T17:56:00Z,4319.89990234375,4320.2001953125,4319.10009765625,4319.10009765625,103.0,yahoo,GC=F
2026-09-25T17:57:00Z,4319.0,4319.0,4317.60009765625,4317.7001953125,27.0,yahoo,GC=F
2026-09-25T17:58:00Z,4317.7998046875,4317.89990234375,4317.2998046875,4317.60009765625,20.0,yahoo,GC=F
2026-09-25T17:59:00Z,4317.60009765625,4318.2998046875,4317.5,4318.10009765625,33.0,yahoo,GC=F
2026-09-25T18:00:00Z,4318.2998046875,4319.2001953125,4318.2998046875,4318.7998046875,34.0,yahoo,GC=F
2026-09-25T18:01:00Z,4319.0,4319.2001953125,4318.5,4318.5,16.0,yahoo,GC=F
2026-09-25T18:02:00Z,4318.39990234375,4318.7998046875,4318.10009765625,4318.60009765625,75.0,yahoo,GC=F
2026-09-25T18:03:00Z,4318.39990234375,4318.39990234375,4318.10009765625,4318.39990234375,15.0,yahoo,GC=F
2026-09-25T18:04:00Z,4318.2998046875,4318.7998046875,4317.7001953125,4318.10009765625,26.0,yahoo,GC=F
2026-09-25T18:05:00Z,4318.39990234375,4319.0,4317.7998046875,4318.0,14.0,yahoo,GC=F
2026-09-25T18:06:00Z,4318.5,4318.7998046875,4318.2001953125,4318.60009765625,17.0,yahoo,GC=F
2026-09-25T18:07:00Z,4318.60009765625,4319.10009765625,4318.2001953125,4319.10009765625,28.0,yahoo,GC=F
2026-09-25T18:08:00Z,4319.2001953125,4319.7001953125,4319.0,4319.5,39.0,yahoo,GC=F
2026-09-25T18:09:00Z,4319.89990234375,4321.0,4319.7998046875,4320.60009765625,39.0,yahoo,GC=F
2026-09-25T18:10:00Z,4320.60009765625,4320.89990234375,4320.0,4320.0,26.0,yahoo,GC=F
2026-09-25T18:11:00Z,4319.7001953125,4319.7001953125,4318.60009765625,4318.7001953125,33.0,yahoo,GC=F
2026-09-25T18:12:00Z,4319.0,4319.0,4318.2001953125,4318.60009765625,31.0,yahoo,GC=F
2026-09-25T18:13:00Z,4318.7998046875,4319.60009765625,4318.60009765625,4319.39990234375,57.0,yahoo,GC=F
2026-09-25T18:14:00Z,4319.2001953125,4319.7998046875,4319.0,4319.7998046875,35.0,yahoo,GC=F
2026-09-25T18:15:00Z,4319.60009765625,4320.60009765625,4319.2001953125,4320.2998046875,36.0,yahoo,GC=F
2026-09-25T18:16:00Z,4320.2998046875,4321.7001953125,4320.2998046875,4321.2001953125,74.0,yahoo,GC=F
2026-09-25T18:17:00Z,4321.0,4321.2001953125,4320.10009765625,4320.2001953125,21.0,yahoo,GC=F
2026-09-25T18:18:00Z,4320.39990234375,4322.2001953125,4320.2998046875,4322.0,323.0,yahoo,GC=F
2026-09-25T18:19:00Z,4321.7998046875,4323.7998046875,4321.60009765625,4323.2001953125,48.0,yahoo,GC=F
2026-09-25T18:20:00Z,4323.10009765625,4323.2998046875,4322.39990234375,4322.5,61.0,yahoo,GC=F
2026-09-25T18:21:00Z,4322.5,4322.60009765625,4321.5,4321.7001953125,10.0,yahoo,GC=F
2026-09-25T18:22:00Z,4321.7001953125,4321.7998046875,4321.10009765625,4321.2001953125,18.0,yahoo,GC=F
2026-09-25T18:23:00Z,4321.5,4323.2998046875,4321.39990234375,4323.2998046875,52.0,yahoo,GC=F
2026-09-25T18:24:00Z,4323.39990234375,4324.2998046875,4323.39990234375,4323.7998046875,71.0,yahoo,GC=F
2026-09-25T18:25:00Z,4323.7998046875,4324.89990234375,4323.7998046875,4324.5,45.0,yahoo,GC=F
2026-09-25T18:26:00Z,4324.7998046875,4325.2001953125,4321.5,4322.2001953125,408.0,yahoo,GC=F
2026-09-25T18:27:00Z,4322.10009765625,4323.2001953125,4319.7001953125,4319.89990234375,83.0,yahoo,GC=F
2026-09-25T18:28:00Z,4320.0,4321.7998046875,4319.2001953125,4321.5,107.0,yahoo,GC=F
2026-09-25T18:29:00Z,4321.39990234375,4322.5,4321.39990234375,4322.2001953125,40.0,yahoo,GC=F
2026-09-25T18:30:00Z,4322.2998046875,4323.7001953125,4322.10009765625,4323.0,66.0,yahoo,GC=F
2026-09-25T18:31:00Z,4323.60009765625,4325.39990234375,4323.60009765625,4325.10009765625,93.0,yahoo,GC=F
2026-09-25T18:32:00Z,4325.0,4325.7998046875,4324.7998046875,4325.0,81.0,yahoo,GC=F
2026-09-25T18:33:00Z,4325.39990234375,4326.39990234375,4325.10009765625,4325.89990234375,63.0,yahoo,GC=F
2026-09-25T18:34:00Z,4326.0,4327.39990234375,4325.2998046875,4327.2998046875,54.0,yahoo,GC=F
2026-09-25T18:35:00Z,4327.10009765625,4329.2998046875,4326.89990234375,4327.89990234375,171.0,yahoo,GC=F
2026-09-25T18:36:00Z,4327.7001953125,4328.2001953125,4327.5,4328.2001953125,79.0,yahoo,GC=F
2026-09-25T18:37:00Z,4328.0,4328.2998046875,4323.39990234375,4324.10009765625,103.0,yahoo,GC=F
2026-09-25T18:38:00Z,4324.10009765625,4325.60009765625,4324.10009765625,4325.60009765625,56.0,yahoo,GC=F
2026-09-25T18:39:00Z,4325.60009765625,4325.7998046875,4322.60009765625,4322.60009765625,103.0,yahoo,GC=F
2026-09-25T18:40:00Z,4323.0,4324.0,4322.7001953125,4323.89990234375,44.0,yahoo,GC=F
2026-09-25T18:41:00Z,4324.0,4325.2001953125,4322.60009765625,4324.89990234375,166.0,yahoo,GC=F
2026-09-25T18:42:00Z,4325.2001953125,4325.5,4324.10009765625,4324.89990234375,73.0,yahoo,GC=F
2026-09-25T18:43:00Z,4325.2998046875,4325.7001953125,4325.2001953125,4325.39990234375,19.0,yahoo,GC=F
2026-09-25T18:44:00Z,4325.2998046875,4326.89990234375,4325.2998046875,4326.7998046875,31.0,yahoo,GC=F
2026-09-25T18:45:00Z,4326.7001953125,4327.60009765625,4326.39990234375,4326.5,27.0,yahoo,GC=F
2026-09-25T18:46:00Z,4326.10009765625,4327.0,4325.89990234375,4326.5,35.0,yahoo,GC=F
2026-09-25T18:47:00Z,4326.2998046875,4326.60009765625,4325.89990234375,4326.2001953125,20.0,yahoo,GC=F
2026-09-25T18:48:00Z,4326.5,4328.60009765625,4326.2998046875,4327.89990234375,84.0,yahoo,GC=F
2026-09-25T18:49:00Z,4328.0,4330.10009765625,4328.0,4329.7001953125,105.0,yahoo,GC=F
2026-09-25T18:50:00Z,4329.60009765625,4330.2998046875,4329.60009765625,4330.0,34.0,yahoo,GC=F
2026-09-25T18:51:00Z,4329.7998046875,4330.5,4329.2001953125,4329.60009765625,70.0,yahoo,GC=F
2026-09-25T18:52:00Z,4329.7001953125,4330.2998046875,4329.7001953125,4330.10009765625,21.0,yahoo,GC=F
2026-09-25T18:53:00Z,4330.2998046875,4331.10009765625,4329.89990234375,4330.10009765625,66.0,yahoo,GC=F
2026-09-25T18:54:00Z,4329.7998046875,4330.5,4328.7998046875,4329.60009765625,138.0,yahoo,GC=F
2026-09-25T18:55:00Z,4329.39990234375,4329.7998046875,4328.7998046875,4328.7998046875,29.0,yahoo,GC=F
2026-09-25T18:56:00Z,4328.89990234375,4330.10009765625,4328.89990234375,4329.60009765625,30.0,yahoo,GC=F
2026-09-25T18:57:00Z,4329.89990234375,4329.89990234375,4329.0,4329.2001953125,36.0,yahoo,GC=F
2026-09-25T18:58:00Z,4329.2001953125,4329.60009765625,4329.10009765625,4329.2998046875,13.0,yahoo,GC=F
2026-09-25T18:59:00Z,4329.2998046875,4329.7998046875,4328.2001953125,4329.7998046875,108.0,yahoo,GC=F
2026-09-25T19:00:00Z,4329.7998046875,4330.5,4328.0,4328.60009765625,222.0,yahoo,GC=F
2026-09-25T19:01:00Z,4328.7001953125,4330.5,4327.60009765625,4328.5,585.0,yahoo,GC=F
2026-09-25T19:02:00Z,4328.60009765625,4328.7001953125,4326.7001953125,4326.7001953125,82.0,yahoo,GC=F
2026-09-25T19:03:00Z,4326.7998046875,4327.10009765625,4325.89990234375,4327.10009765625,48.0,yahoo,GC=F
2026-09-25T19:04:00Z,4327.10009765625,4327.2998046875,4324.2998046875,4324.60009765625,255.0,yahoo,GC=F
2026-09-25T19:05:00Z,4324.60009765625,4325.89990234375,4323.39990234375,4325.5,124.0,yahoo,GC=F
2026-09-25T19:06:00Z,4325.60009765625,4327.10009765625,4325.5,4326.7998046875,49.0,yahoo,GC=F
2026-09-25T19:07:00Z,4326.89990234375,4329.2001953125,4326.89990234375,4328.7998046875,53.0,yahoo,GC=F
2026-09-25T19:08:00Z,4329.0,4329.39990234375,4327.2998046875,4327.7998046875,213.0,yahoo,GC=F
2026-09-25T19:09:00Z,4327.7998046875,4329.10009765625,4327.7998046875,4328.7001953125,86.0,yahoo,GC=F
2026-09-25T19:10:00Z,4328.39990234375,4329.2001953125,4328.0,4328.7001953125,54.0,yahoo,GC=F
2026-09-25T19:11:00Z,4328.89990234375,4329.0,4327.7998046875,4327.7998046875,40.0,yahoo,GC=F
2026-09-25T19:12:00Z,4327.7001953125,4328.60009765625,4327.5,4328.39990234375,28.0,yahoo,GC=F
2026-09-25T19:13:00Z,4328.60009765625,4328.7001953125,4328.0,4328.5,37.0,yahoo,GC=F
2026-09-25T19:14:00Z,4328.7001953125,4332.39990234375,4328.7001953125,4331.7001953125,176.0,yahoo,GC=F
2026-09-25T19:15:00Z,4331.7998046875,4331.7998046875,4329.89990234375,4330.60009765625,70.0,yahoo,GC=F
2026-09-25T19:16:00Z,4330.7001953125,4330.7001953125,4329.10009765625,4329.2998046875,47.0,yahoo,GC=F
2026-09-25T19:17:00Z,4329.39990234375,4329.60009765625,4328.89990234375,4328.89990234375,16.0,yahoo,GC=F
2026-09-25T19:18:00Z,4329.2001953125,4329.2998046875,4328.89990234375,4329.2998046875,19.0,yahoo,GC=F
2026-09-25T19:19:00Z,4329.0,4329.0,4327.7001953125,4327.7998046875,301.0,yahoo,GC=F
2026-09-25T19:20:00Z,4327.7998046875,4327.7998046875,4326.7001953125,4327.2998046875,65.0,yahoo,GC=F
2026-09-25T19:21:00Z,4327.10009765625,4327.5,4326.10009765625,4327.0,50.0,yahoo,GC=F
2026-09-25T19:22:00Z,4326.60009765625,4326.89990234375,4325.0,4325.2001953125,57.0,yahoo,GC=F
2026-09-25T19:23:00Z,4325.0,4325.2998046875,4324.5,4325.10009765625,26.0,yahoo,GC=F
2026-09-25T19:24:00Z,4325.5,4326.0,4325.0,4325.10009765625,31.0,yahoo,GC=F
2026-09-25T19:25:00Z,4325.2998046875,4325.2998046875,4324.10009765625,4324.39990234375,49.0,yahoo,GC=F
2026-09-25T19:26:00Z,4324.7998046875,4324.7998046875,4323.60009765625,4324.2998046875,73.0,yahoo,GC=F
2026-09-25T19:27:00Z,4324.2001953125,4324.89990234375,4323.39990234375,4323.60009765625,35.0,yahoo,GC=F
2026-09-25T19:28:00Z,4323.60009765625,4324.10009765625,4323.5,4324.10009765625,26.0,yahoo,GC=F
2026-09-25T19:29:00Z,4324.10009765625,4324.10009765625,4323.2998046875,4324.10009765625,30.0,yahoo,GC=F
2026-09-25T19:30:00Z,4324.0,4325.10009765625,4324.0,4325.10009765625,170.0,yahoo,GC=F
2026-09-25T19:31:00Z,4325.10009765625,4325.5,4322.7001953125,4323.60009765625,161.0,yahoo,GC=F
2026-09-25T19:32:00Z,4324.0,4324.2001953125,4323.5,4323.5,25.0,yahoo,GC=F
2026-09-25T19:33:00Z,4323.7001953125,4324.2998046875,4323.0,4324.10009765625,47.0,yahoo,GC=F
2026-09-25T19:34:00Z,4323.60009765625,4324.2001953125,4323.5,4324.2001953125,23.0,yahoo,GC=F
2026-09-25T19:35:00Z,4324.2998046875,4326.0,4324.2998046875,4325.7001953125,136.0,yahoo,GC=F
2026-09-25T19:36:00Z,4325.89990234375,4326.10009765625,4325.39990234375,4326.10009765625,54.0,yahoo,GC=F
2026-09-25T19:37:00Z,4326.10009765625,4329.10009765625,4326.10009765625,4328.39990234375,271.0,yahoo,GC=F
2026-09-25T19:38:00Z,4328.0,4329.60009765625,4327.7001953125,4328.2001953125,145.0,yahoo,GC=F
2026-09-25T19:39:00Z,4328.39990234375,4329.0,4328.2998046875,4328.60009765625,28.0,yahoo,GC=F
2026-09-25T19:40:00Z,4328.5,4328.60009765625,4327.39990234375,4328.10009765625,117.0,yahoo,GC=F
2026-09-25T19:41:00Z,4328.2001953125,4328.89990234375,4327.7998046875,4327.89990234375,48.0,yahoo,GC=F
2026-09-25T19:42:00Z,4328.0,4328.10009765625,4327.5,4328.0,41.0,yahoo,GC=F
2026-09-25T19:43:00Z,4327.7998046875,4329.10009765625,4327.7998046875,4328.2998046875,41.0,yahoo,GC=F
2026-09-25T19:44:00Z,4328.5,4328.5,4327.2998046875,4327.7001953125,82.0,yahoo,GC=F
2026-09-25T19:45:00Z,4328.0,4329.60009765625,4328.0,4329.0,58.0,yahoo,GC=F
2026-09-25T19:46:00Z,4329.10009765625,4329.39990234375,4328.5,4329.10009765625,43.0,yahoo,GC=F
2026-09-25T19:47:00Z,4329.10009765625,4329.60009765625,4328.7998046875,4329.0,99.0,yahoo,GC=F
2026-09-25T19:48:00Z,4329.10009765625,4329.2998046875,4328.2998046875,4328.2998046875,34.0,yahoo,GC=F
2026-09-25T19:49:00Z,4328.0,4328.2998046875,4327.7001953125,4328.0,17.0,yahoo,GC=F
2026-09-25T19:50:00Z,4328.2001953125,4329.10009765625,4328.2001953125,4328.7001953125,64.0,yahoo,GC=F
2026-09-25T19:51:00Z,4328.89990234375,4329.0,4327.60009765625,4327.60009765625,66.0,yahoo,GC=F
2026-09-25T19:52:00Z,4327.5,4327.5,4326.2001953125,4327.0,93.0,yahoo,GC=F
2026-09-25T19:53:00Z,4326.60009765625,4326.60009765625,4325.7998046875,4326.2001953125,46.0,yahoo,GC=F
2026-09-25T19:54:00Z,4326.2998046875,4326.7998046875,4326.0,4326.5,27.0,yahoo,GC=F
2026-09-25T19:55:00Z,4326.5,4326.60009765625,4325.10009765625,4326.0,82.0,yahoo,GC=F
2026-09-25T19:56:00Z,4325.7998046875,4326.0,4325.39990234375,4325.7998046875,19.0,yahoo,GC=F
2026-09-25T19:57:00Z,4326.0,4326.5,4325.39990234375,4325.7001953125,93.0,yahoo,GC=F
2026-09-25T19:58:00Z,4325.39990234375,4326.5,4325.39990234375,4326.39990234375,73.0,yahoo,GC=F
2026-09-25T19:59:00Z,4326.5,4327.0,4326.2998046875,4326.60009765625,107.0,yahoo,GC=F
2026-09-25T20:00:00Z,4326.5,4327.60009765625,4326.5,4327.2001953125,82.0,yahoo,GC=F
2026-09-25T20:01:00Z,4327.10009765625,4327.5,4326.60009765625,4327.2998046875,33.0,yahoo,GC=F
2026-09-25T20:02:00Z,4326.89990234375,4327.39990234375,4326.5,4327.10009765625,24.0,yahoo,GC=F
2026-09-25T20:03:00Z,4326.89990234375,4327.0,4326.7998046875,4327.0,46.0,yahoo,GC=F
2026-09-25T20:04:00Z,4327.39990234375,4327.60009765625,4326.89990234375,4326.89990234375,25.0,yahoo,GC=F
2026-09-25T20:05:00Z,4326.7001953125,4326.7001953125,4325.5,4325.5,22.0,yahoo,GC=F
2026-09-25T20:06:00Z,4325.5,4326.2998046875,4325.5,4326.2998046875,11.0,yahoo,GC=F
2026-09-25T20:07:00Z,4326.60009765625,4326.7998046875,4326.5,4326.7998046875,13.0,yahoo,GC=F
2026-09-25T20:08:00Z,4326.7001953125,4326.7001953125,4326.39990234375,4326.60009765625,5.0,yahoo,GC=F
2026-09-25T20:09:00Z,4326.89990234375,4327.2998046875,4326.7998046875,4327.10009765625,15.0,yahoo,GC=F
2026-09-25T20:10:00Z,4327.2001953125,4327.5,4327.0,4327.0,5.0,yahoo,GC=F
2026-09-25T20:11:00Z,4327.0,4327.10009765625,4326.89990234375,4327.10009765625,15.0,yahoo,GC=F
2026-09-25T20:12:00Z,4326.5,4326.7001953125,4326.2001953125,4326.5,26.0,yahoo,GC=F
2026-09-25T20:13:00Z,4326.39990234375,4326.60009765625,4326.2001953125,4326.2998046875,19.0,yahoo,GC=F
2026-09-25T20:14:00Z,4326.39990234375,4327.0,4325.7998046875,4326.5,27.0,yahoo,GC=F
2026-09-25T20:15:00Z,4326.10009765625,4326.2998046875,4326.10009765625,4326.2001953125,6.0,yahoo,GC=F
2026-09-25T20:16:00Z,4326.2998046875,4326.2998046875,4325.60009765625,4325.60009765625,14.0,yahoo,GC=F
2026-09-25T20:17:00Z,4325.7998046875,4325.7998046875,4325.5,4325.5,6.0,yahoo,GC=F
2026-09-25T20:18:00Z,4325.5,4325.60009765625,4325.10009765625,4325.10009765625,11.0,yahoo,GC=F
2026-09-25T20:19:00Z,4325.60009765625,4325.7001953125,4325.5,4325.60009765625,9.0,yahoo,GC=F
2026-09-25T20:20:00Z,4325.39990234375,4325.60009765625,4324.7001953125,4324.7001953125,87.0,yahoo,GC=F
2026-09-25T20:21:00Z,4324.5,4324.60009765625,4323.7001953125,4324.10009765625,42.0,yahoo,GC=F
2026-09-25T20:22:00Z,4324.39990234375,4324.39990234375,4323.7001953125,4324.0,14.0,yahoo,GC=F
2026-09-25T20:23:00Z,4324.60009765625,4324.7001953125,4324.2001953125,4324.2001953125,17.0,yahoo,GC=F
2026-09-25T20:24:00Z,4324.5,4324.89990234375,4324.39990234375,4324.39990234375,14.0,yahoo,GC=F
2026-09-25T20:25:00Z,4324.2998046875,4324.2998046875,4323.7001953125,4323.7001953125,12.0,yahoo,GC=F
2026-09-25T20:26:00Z,4324.0,4324.39990234375,4323.7998046875,4323.7998046875,9.0,yahoo,GC=F
2026-09-25T20:27:00Z,4324.2001953125,4324.2001953125,4322.89990234375,4323.60009765625,45.0,yahoo,GC=F
2026-09-25T20:28:00Z,4323.5,4324.0,4323.10009765625,4324.0,13.0,yahoo,GC=F
2026-09-25T20:29:00Z,4323.5,4323.5,4322.39990234375,4323.10009765625,23.0,yahoo,GC=F
2026-09-25T20:30:00Z,4323.10009765625,4323.2001953125,4322.60009765625,4322.60009765625,17.0,yahoo,GC=F
2026-09-25T20:31:00Z,4322.5,4322.7001953125,4322.0,4322.39990234375,29.0,yahoo,GC=F
2026-09-25T20:32:00Z,4322.60009765625,4322.89990234375,4322.2998046875,4322.2998046875,9.0,yahoo,GC=F
2026-09-25T20:33:00Z,4322.5,4322.89990234375,4322.2001953125,4322.2998046875,18.0,yahoo,GC=F
2026-09-25T20:34:00Z,4322.39990234375,4322.7001953125,4321.89990234375,4322.2001953125,34.0,yahoo,GC=F
2026-09-25T20:35:00Z,4322.10009765625,4322.5,4321.5,4321.5,28.0,yahoo,GC=F
2026-09-25T20:36:00Z,4321.60009765625,4322.10009765625,4321.5,4322.10009765625,14.0,yahoo,GC=F
2026-09-25T20:37:00Z,4322.0,4322.10009765625,4321.89990234375,4322.0,7.0,yahoo,GC=F
2026-09-25T20:38:00Z,4321.39990234375,4321.89990234375,4321.0,4321.0,262.0,yahoo,GC=F
2026-09-25T20:39:00Z,4321.39990234375,4321.7998046875,4321.39990234375,4321.7001953125,96.0,yahoo,GC=F
2026-09-25T20:40:00Z,4321.5,4321.89990234375,4321.10009765625,4321.39990234375,32.0,yahoo,GC=F
2026-09-25T20:41:00Z,4321.10009765625,4321.39990234375,4321.10009765625,4321.39990234375,13.0,yahoo,GC=F
2026-09-25T20:42:00Z,4321.2998046875,4322.10009765625,4320.89990234375,4320.89990234375,24.0,yahoo,GC=F
2026-09-25T20:43:00Z,4321.0,4321.39990234375,4321.0,4321.2001953125,17.0,yahoo,GC=F
2026-09-25T20:44:00Z,4321.0,4321.10009765625,4320.60009765625,4320.60009765625,30.0,yahoo,GC=F
2026-09-25T20:45:00Z,4320.5,4320.89990234375,4320.0,4320.7001953125,53.0,yahoo,GC=F
2026-09-25T20:46:00Z,4320.7998046875,4321.10009765625,4320.39990234375,4320.7998046875,15.0,yahoo,GC=F
2026-09-25T20:47:00Z,4320.7998046875,4320.7998046875,4320.2001953125,4320.60009765625,12.0,yahoo,GC=F
2026-09-25T20:48:00Z,4320.7001953125,4321.10009765625,4320.60009765625,4321.0,34.0,yahoo,GC=F
2026-09-25T20:49:00Z,4321.10009765625,4322.39990234375,4320.89990234375,4321.39990234375,60.0,yahoo,GC=F
2026-09-25T20:50:00Z,4321.10009765625,4321.2998046875,4320.60009765625,4321.10009765625,21.0,yahoo,GC=F
2026-09-25T20:51:00Z,4321.10009765625,4322.10009765625,4321.10009765625,4322.10009765625,29.0,yahoo,GC=F
2026-09-25T20:52:00Z,4322.2998046875,4323.0,4322.10009765625,4323.0,35.0,yahoo,GC=F
2026-09-25T20:53:00Z,4322.7001953125,4322.7001953125,4321.7998046875,4322.2001953125,31.0,yahoo,GC=F
2026-09-25T20:54:00Z,4321.89990234375,4322.0,4321.0,4321.2001953125,45.0,yahoo,GC=F
2026-09-25T20:55:00Z,4321.10009765625,4322.5,4320.7998046875,4322.39990234375,90.0,yahoo,GC=F
2026-09-25T20:56:00Z,4322.39990234375,4322.39990234375,4321.39990234375,4321.7998046875,30.0,yahoo,GC=F
2026-09-25T20:57:00Z,4322.0,4322.0,4320.7001953125,4322.0,27.0,yahoo,GC=F
2026-09-25T20:58:00Z,4322.0,4322.0,4320.7001953125,4320.89990234375,28.0,yahoo,GC=F
2026-09-25T20:59:00Z,4320.5,4320.5,4320.5,4320.5,0.0,yahoo,GC=F
