timestamp_utc,open,high,low,close,volume,source,symbol
2026-09-18T00:00:00Z,4384.39990234375,4385.2998046875,4380.7001953125,4381.0,122.0,yahoo,GC=F
2026-09-18T00:01:00Z,4381.2001953125,4383.7998046875,4380.7998046875,4381.2998046875,91.0,yahoo,GC=F
2026-09-18T00:02:00Z,4382.0,4382.2001953125,4381.7001953125,4382.10009765625,18.0,yahoo,GC=F
2026-09-18T00:03:00Z,4382.2001953125,4382.39990234375,4381.60009765625,4382.0,12.0,yahoo,GC=F
2026-09-18T00:04:00Z,4382.60009765625,4384.0,4382.60009765625,4383.5,22.0,yahoo,GC=F
2026-09-18T00:05:00Z,4383.7998046875,4384.2998046875,4383.5,4383.5,27.0,yahoo,GC=F
2026-09-18T00:06:00Z,4382.60009765625,4384.7998046875,4382.5,4384.5,17.0,yahoo,GC=F
2026-09-18T00:07:00Z,4384.10009765625,4384.10009765625,4382.7998046875,4383.60009765625,25.0,yahoo,GC=F
2026-09-18T00:08:00Z,4383.60009765625,4385.2998046875,4383.60009765625,4384.7998046875,10.0,yahoo,GC=F
2026-09-18T00:09:00Z,4384.89990234375,4385.7998046875,4384.60009765625,4385.7998046875,33.0,yahoo,GC=F
2026-09-18T00:10:00Z,4385.89990234375,4388.2001953125,4385.2998046875,4388.2001953125,91.0,yahoo,GC=F
2026-09-18T00:11:00Z,4388.0,4390.2001953125,4387.89990234375,4390.2001953125,58.0,yahoo,GC=F
2026-09-18T00:12:00Z,4390.10009765625,4391.7998046875,4389.0,4391.7001953125,159.0,yahoo,GC=F
2026-09-18T00:13:00Z,4392.60009765625,4393.60009765625,4392.0,4392.39990234375,115.0,yahoo,GC=F
2026-09-18T00:14:00Z,4392.2998046875,4393.5,4391.60009765625,4393.2998046875,99.0,yahoo,GC=F
2026-09-18T00:15:00Z,4393.0,4394.0,4391.39990234375,4393.2998046875,91.0,yahoo,GC=F
2026-09-18T00:16:00Z,4393.60009765625,4393.60009765625,4392.5,4393.39990234375,30.0,yahoo,GC=F
2026-09-18T00:17:00Z,4392.60009765625,4393.2998046875,4391.7001953125,4391.7001953125,38.0,yahoo,GC=F
2026-09-18T00:18:00Z,4392.0,4392.5,4391.7001953125,4392.2001953125,73.0,yahoo,GC=F
2026-09-18T00:19:00Z,4392.39990234375,4392.60009765625,4391.60009765625,4391.60009765625,43.0,yahoo,GC=F
2026-09-18T00:20:00Z,4391.7001953125,4393.0,4391.7001953125,4392.2998046875,70.0,yahoo,GC=F
2026-09-18T00:21:00Z,4392.2998046875,4392.2998046875,4390.0,4390.7998046875,99.0,yahoo,GC=F
2026-09-18T00:22:00Z,4390.60009765625,4394.2001953125,4389.60009765625,4394.2001953125,99.0,yahoo,GC=F
2026-09-18T00:23:00Z,4394.2001953125,4396.2998046875,4393.7998046875,4396.0,80.0,yahoo,GC=F
2026-09-18T00:24:00Z,4395.7001953125,4395.7998046875,4394.39990234375,4395.0,51.0,yahoo,GC=F
2026-09-18T00:25:00Z,4394.39990234375,4394.5,4392.2001953125,4392.7998046875,106.0,yahoo,GC=F
2026-09-18T00:26:00Z,4392.7998046875,4393.5,4391.89990234375,4393.2998046875,49.0,yahoo,GC=F
2026-09-18T00:27:00Z,4393.2998046875,4393.7998046875,4392.89990234375,4393.5,43.0,yahoo,GC=F
2026-09-18T00:28:00Z,4393.0,4393.0,4391.2001953125,4391.7001953125,21.0,yahoo,GC=F
2026-09-18T00:29:00Z,4391.5,4392.5,4389.89990234375,4392.5,75.0,yahoo,GC=F
2026-09-18T00:30:00Z,4392.0,4396.2998046875,4391.89990234375,4396.0,148.0,yahoo,GC=F
2026-09-18T00:31:00Z,4395.89990234375,4397.2998046875,4395.5,4397.2998046875,64.0,yahoo,GC=F
2026-09-18T00:32:00Z,4397.2001953125,4397.7998046875,4396.39990234375,4397.7998046875,55.0,yahoo,GC=F
2026-09-18T00:33:00Z,4398.0,4399.5,4397.39990234375,4397.39990234375,110.0,yahoo,GC=F
2026-09-18T00:34:00Z,4397.2998046875,4397.7001953125,4396.7001953125,4397.10009765625,45.0,yahoo,GC=F
2026-09-18T00:35:00Z,4396.89990234375,4397.7998046875,4396.89990234375,4397.7998046875,22.0,yahoo,GC=F
2026-09-18T00:36:00Z,4397.5,4398.10009765625,4397.2998046875,4397.7998046875,32.0,yahoo,GC=F
2026-09-18T00:37:00Z,4397.60009765625,4398.60009765625,4397.2001953125,4398.2001953125,50.0,yahoo,GC=F
2026-09-18T00:38:00Z,4398.10009765625,4398.89990234375,4397.5,4398.0,27.0,yahoo,GC=F
2026-09-18T00:39:00Z,4398.2001953125,4398.2001953125,4396.39990234375,4397.39990234375,46.0,yahoo,GC=F
2026-09-18T00:40:00Z,4396.7001953125,4396.7998046875,4396.5,4396.5,10.0,yahoo,GC=F
2026-09-18T00:41:00Z,4396.7001953125,4397.2998046875,4396.5,4397.2998046875,20.0,yahoo,GC=F
2026-09-18T00:42:00Z,4396.7001953125,4397.2998046875,4396.39990234375,4396.60009765625,39.0,yahoo,GC=F
2026-09-18T00:43:00Z,4396.7998046875,4397.0,4396.5,4397.0,16.0,yahoo,GC=F
2026-09-18T00:44:00Z,4397.10009765625,4398.39990234375,4396.89990234375,4397.7001953125,39.0,yahoo,GC=F
2026-09-18T00:45:00Z,4397.7998046875,4398.39990234375,4396.0,4396.39990234375,26.0,yahoo,GC=F
2026-09-18T00:46:00Z,4396.60009765625,4396.60009765625,4394.2001953125,4395.5,81.0,yahoo,GC=F
2026-09-18T00:47:00Z,4395.39990234375,4395.89990234375,4392.7001953125,4393.0,104.0,yahoo,GC=F
2026-09-18T00:48:00Z,4392.7998046875,4393.0,4391.39990234375,4392.89990234375,56.0,yahoo,GC=F
2026-09-18T00:49:00Z,4392.89990234375,4393.10009765625,4392.5,4392.7001953125,18.0,yahoo,GC=F
2026-09-18T00:50:00Z,4392.2998046875,4393.60009765625,4391.2998046875,4392.7998046875,91.0,yahoo,GC=F
2026-09-18T00:51:00Z,4393.0,4394.2998046875,4392.7001953125,4393.89990234375,34.0,yahoo,GC=F
2026-09-18T00:52:00Z,4393.89990234375,4393.89990234375,4392.39990234375,4392.89990234375,41.0,yahoo,GC=F
2026-09-18T00:53:00Z,4393.10009765625,4393.2998046875,4392.0,4392.7001953125,12.0,yahoo,GC=F
2026-09-18T00:54:00Z,4392.7001953125,4393.10009765625,4392.0,4392.39990234375,33.0,yahoo,GC=F
2026-09-18T00:55:00Z,4392.2998046875,4393.0,4391.5,4393.0,28.0,yahoo,GC=F
2026-09-18T00:56:00Z,4393.2001953125,4394.89990234375,4392.89990234375,4394.89990234375,40.0,yahoo,GC=F
2026-09-18T00:57:00Z,4395.60009765625,4396.10009765625,4394.5,4394.89990234375,41.0,yahoo,GC=F
2026-09-18T00:58:00Z,4394.7998046875,4394.7998046875,4393.39990234375,4393.39990234375,18.0,yahoo,GC=F
2026-09-18T00:59:00Z,4393.7998046875,4396.60009765625,4393.2998046875,4394.89990234375,131.0,yahoo,GC=F
2026-09-18T01:00:00Z,4395.5,4400.10009765625,4395.5,4399.0,506.0,yahoo,GC=F
2026-09-18T01:01:00Z,4399.10009765625,4402.7998046875,4398.7001953125,4401.0,207.0,yahoo,GC=F
2026-09-18T01:02:00Z,4400.60009765625,4402.10009765625,4399.0,4400.7998046875,176.0,yahoo,GC=F
2026-09-18T01:03:00Z,4400.2001953125,4401.7001953125,4399.2998046875,4400.2998046875,81.0,yahoo,GC=F
2026-09-18T01:04:00Z,4400.5,4402.10009765625,4400.2001953125,4401.2001953125,75.0,yahoo,GC=F
2026-09-18T01:05:00Z,4401.39990234375,4403.39990234375,4401.39990234375,4402.7001953125,118.0,yahoo,GC=F
2026-09-18T01:06:00Z,4402.60009765625,4404.60009765625,4402.60009765625,4404.60009765625,108.0,yahoo,GC=F
2026-09-18T01:07:00Z,4404.10009765625,4404.5,4402.60009765625,4402.7998046875,83.0,yahoo,GC=F
2026-09-18T01:08:00Z,4402.60009765625,4403.2001953125,4400.60009765625,4400.7998046875,82.0,yahoo,GC=F
2026-09-18T01:09:00Z,4400.7001953125,4401.2998046875,4400.0,4400.2001953125,66.0,yahoo,GC=F
2026-09-18T01:10:00Z,4400.2001953125,4400.89990234375,4398.7001953125,4399.7001953125,110.0,yahoo,GC=F
2026-09-18T01:11:00Z,4399.2001953125,4400.89990234375,4398.89990234375,4400.60009765625,31.0,yahoo,GC=F
2026-09-18T01:12:00Z,4400.7998046875,4401.0,4399.2998046875,4400.0,40.0,yahoo,GC=F
2026-09-18T01:13:00Z,4399.89990234375,4399.89990234375,4396.0,4396.39990234375,84.0,yahoo,GC=F
2026-09-18T01:14:00Z,4396.2001953125,4397.60009765625,4396.10009765625,4397.0,58.0,yahoo,GC=F
2026-09-18T01:15:00Z,4396.7998046875,4397.10009765625,4395.2998046875,4395.5,113.0,yahoo,GC=F
2026-09-18T01:16:00Z,4395.60009765625,4396.10009765625,4393.60009765625,4395.39990234375,170.0,yahoo,GC=F
2026-09-18T01:17:00Z,4395.2998046875,4395.60009765625,4394.7001953125,4395.60009765625,33.0,yahoo,GC=F
2026-09-18T01:18:00Z,4395.7001953125,4396.89990234375,4394.7998046875,4395.7998046875,81.0,yahoo,GC=F
2026-09-18T01:19:00Z,4395.89990234375,4401.0,4395.89990234375,4399.2998046875,141.0,yahoo,GC=F
2026-09-18T01:20:00Z,4399.10009765625,4401.0,4399.0,4400.7001953125,79.0,yahoo,GC=F
2026-09-18T01:21:00Z,4400.7001953125,4403.2998046875,4400.60009765625,4403.0,131.0,yahoo,GC=F
2026-09-18T01:22:00Z,4402.89990234375,4402.89990234375,4400.7001953125,4401.0,73.0,yahoo,GC=F
2026-09-18T01:23:00Z,4400.89990234375,4402.7001953125,4399.7998046875,4400.7001953125,153.0,yahoo,GC=F
2026-09-18T01:24:00Z,4400.7001953125,4402.5,4400.39990234375,4400.89990234375,88.0,yahoo,GC=F
2026-09-18T01:25:00Z,4400.7998046875,4402.0,4400.2001953125,4400.2001953125,21.0,yahoo,GC=F
2026-09-18T01:26:00Z,4400.0,4400.39990234375,4398.7001953125,4399.5,42.0,yahoo,GC=F
2026-09-18T01:27:00Z,4399.0,4399.89990234375,4398.7998046875,4399.89990234375,18.0,yahoo,GC=F
2026-09-18T01:28:00Z,4399.5,4399.5,4397.5,4397.89990234375,53.0,yahoo,GC=F
2026-09-18T01:29:00Z,4398.0,4398.5,4397.10009765625,4398.5,46.0,yahoo,GC=F
2026-09-18T01:30:00Z,4398.60009765625,4398.7001953125,4397.60009765625,4398.7001953125,34.0,yahoo,GC=F
2026-09-18T01:31:00Z,4397.5,4397.89990234375,4396.10009765625,4396.2001953125,55.0,yahoo,GC=F
2026-09-18T01:32:00Z,4395.89990234375,4396.2001953125,4392.39990234375,4393.2001953125,93.0,yahoo,GC=F
2026-09-18T01:33:00Z,4393.0,4393.0,4390.5,4391.2998046875,89.0,yahoo,GC=F
2026-09-18T01:34:00Z,4391.2001953125,4393.10009765625,4390.7001953125,4390.7001953125,116.0,yahoo,GC=F
2026-09-18T01:35:00Z,4390.2998046875,4391.2001953125,4389.10009765625,4390.7001953125,78.0,yahoo,GC=F
2026-09-18T01:36:00Z,4390.89990234375,4393.60009765625,4390.60009765625,4393.2998046875,85.0,yahoo,GC=F
2026-09-18T01:37:00Z,4393.2001953125,4393.7998046875,4392.10009765625,4392.5,50.0,yahoo,GC=F
2026-09-18T01:38:00Z,4392.7998046875,4393.60009765625,4391.39990234375,4391.7998046875,59.0,yahoo,GC=F
2026-09-18T01:39:00Z,4391.39990234375,4392.0,4389.2001953125,4389.89990234375,188.0,yahoo,GC=F
2026-09-18T01:40:00Z,4389.2998046875,4389.7001953125,4387.60009765625,4388.7001953125,102.0,yahoo,GC=F
2026-09-18T01:41:00Z,4388.39990234375,4389.2001953125,4387.89990234375,4388.39990234375,74.0,yahoo,GC=F
2026-09-18T01:42:00Z,4388.89990234375,4389.39990234375,4388.2998046875,4388.5,44.0,yahoo,GC=F
2026-09-18T01:43:00Z,4389.0,4389.0,4387.2001953125,4388.39990234375,73.0,yahoo,GC=F
2026-09-18T01:44:00Z,4388.10009765625,4388.60009765625,4385.89990234375,4386.0,70.0,yahoo,GC=F
2026-09-18T01:45:00Z,4386.0,4387.39990234375,4385.2998046875,4387.0,160.0,yahoo,GC=F
2026-09-18T01:46:00Z,4386.7001953125,4386.7998046875,4384.10009765625,4385.89990234375,77.0,yahoo,GC=F
2026-09-18T01:47:00Z,4386.2998046875,4389.2998046875,4386.2998046875,4388.60009765625,67.0,yahoo,GC=F
2026-09-18T01:48:00Z,4388.5,4389.10009765625,4387.2998046875,4387.2998046875,71.0,yahoo,GC=F
2026-09-18T01:49:00Z,4387.0,4387.60009765625,4386.2998046875,4387.0,41.0,yahoo,GC=F
2026-09-18T01:50:00Z,4387.10009765625,4387.2998046875,4384.39990234375,4384.39990234375,63.0,yahoo,GC=F
2026-09-18T01:51:00Z,4384.7001953125,4384.7998046875,4382.60009765625,4384.2998046875,147.0,yahoo,GC=F
2026-09-18T01:52:00Z,4384.2001953125,4387.10009765625,4384.2001953125,4387.10009765625,51.0,yahoo,GC=F
2026-09-18T01:53:00Z,4386.7998046875,4389.2001953125,4386.5,4388.89990234375,68.0,yahoo,GC=F
2026-09-18T01:54:00Z,4388.7998046875,4389.10009765625,4387.10009765625,4388.2001953125,49.0,yahoo,GC=F
2026-09-18T01:55:00Z,4388.10009765625,4388.89990234375,4387.5,4387.89990234375,24.0,yahoo,GC=F
2026-09-18T01:56:00Z,4388.2001953125,4389.0,4387.5,4387.5,46.0,yahoo,GC=F
2026-09-18T01:57:00Z,4388.2001953125,4388.7001953125,4387.7001953125,4388.2001953125,31.0,yahoo,GC=F
2026-09-18T01:58:00Z,4388.39990234375,4388.7998046875,4388.2001953125,4388.60009765625,25.0,yahoo,GC=F
2026-09-18T01:59:00Z,4388.5,4388.7998046875,4386.89990234375,4387.0,72.0,yahoo,GC=F
2026-09-18T02:00:00Z,4387.0,4388.0,4385.60009765625,4385.7001953125,83.0,yahoo,GC=F
2026-09-18T02:01:00Z,4385.7001953125,4387.39990234375,4385.2001953125,4385.60009765625,59.0,yahoo,GC=F
2026-09-18T02:02:00Z,4385.39990234375,4387.7001953125,4384.89990234375,4387.5,74.0,yahoo,GC=F
2026-09-18T02:03:00Z,4387.0,4387.39990234375,4387.0,4387.10009765625,15.0,yahoo,GC=F
2026-09-18T02:04:00Z,4386.89990234375,4387.7998046875,4386.7001953125,4387.2998046875,36.0,yahoo,GC=F
2026-09-18T02:05:00Z,4387.10009765625,4388.7001953125,4387.0,4388.2001953125,42.0,yahoo,GC=F
2026-09-18T02:06:00Z,4388.2998046875,4389.10009765625,4387.89990234375,4387.89990234375,71.0,yahoo,GC=F
2026-09-18T02:07:00Z,4387.7998046875,4389.7001953125,4387.5,4389.2001953125,57.0,yahoo,GC=F
2026-09-18T02:08:00Z,4389.2001953125,4390.7001953125,4389.2001953125,4390.2001953125,47.0,yahoo,GC=F
2026-09-18T02:09:00Z,4390.2998046875,4390.2998046875,4388.10009765625,4388.10009765625,62.0,yahoo,GC=F
2026-09-18T02:10:00Z,4387.7998046875,4388.10009765625,4385.89990234375,4386.0,94.0,yahoo,GC=F
2026-09-18T02:11:00Z,4385.89990234375,4388.7001953125,4385.7001953125,4388.39990234375,56.0,yahoo,GC=F
2026-09-18T02:12:00Z,4388.2998046875,4389.0,4387.10009765625,4389.0,45.0,yahoo,GC=F
2026-09-18T02:13:00Z,4388.7998046875,4390.0,4388.2998046875,4389.7001953125,59.0,yahoo,GC=F
2026-09-18T02:14:00Z,4389.89990234375,4390.0,4388.7998046875,4389.2001953125,49.0,yahoo,GC=F
2026-09-18T02:15:00Z,4389.10009765625,4390.5,4388.2998046875,4390.2998046875,81.0,yahoo,GC=F
2026-09-18T02:16:00Z,4390.5,4391.5,4390.5,4391.2998046875,93.0,yahoo,GC=F
2026-09-18T02:17:00Z,4391.60009765625,4391.60009765625,4388.2998046875,4388.5,57.0,yahoo,GC=F
2026-09-18T02:18:00Z,4388.7998046875,4389.5,4388.60009765625,4388.60009765625,28.0,yahoo,GC=F
2026-09-18T02:19:00Z,4388.60009765625,4388.60009765625,4387.2998046875,4387.5,57.0,yahoo,GC=F
2026-09-18T02:20:00Z,4387.7998046875,4388.2001953125,4387.2998046875,4387.89990234375,28.0,yahoo,GC=F
2026-09-18T02:21:00Z,4387.5,4389.7998046875,4386.7001953125,4388.89990234375,67.0,yahoo,GC=F
2026-09-18T02:22:00Z,4389.10009765625,4389.2001953125,4387.60009765625,4388.2001953125,39.0,yahoo,GC=F
2026-09-18T02:23:00Z,4388.2998046875,4389.5,4388.2998046875,4389.5,14.0,yahoo,GC=F
2026-09-18T02:24:00Z,4389.60009765625,4391.10009765625,4389.5,4390.5,22.0,yahoo,GC=F
2026-09-18T02:25:00Z,4390.7998046875,4391.10009765625,4390.60009765625,4390.7001953125,9.0,yahoo,GC=F
2026-09-18T02:26:00Z,4390.89990234375,4392.2998046875,4390.7998046875,4392.2001953125,62.0,yahoo,GC=F
2026-09-18T02:27:00Z,4391.7998046875,4392.0,4391.0,4392.0,25.0,yahoo,GC=F
2026-09-18T02:28:00Z,4392.10009765625,4392.2001953125,4390.7001953125,4391.0,57.0,yahoo,GC=F
2026-09-18T02:29:00Z,4391.2998046875,4392.5,4391.2998046875,4391.5,32.0,yahoo,GC=F
2026-09-18T02:30:00Z,4392.10009765625,4394.2001953125,4389.7998046875,4393.7001953125,133.0,yahoo,GC=F
2026-09-18T02:31:00Z,4393.5,4394.89990234375,4392.7998046875,4393.39990234375,95.0,yahoo,GC=F
2026-09-18T02:32:00Z,4393.7001953125,4394.2001953125,4393.0,4393.89990234375,64.0,yahoo,GC=F
2026-09-18T02:33:00Z,4394.0,4395.10009765625,4393.7001953125,4395.0,51.0,yahoo,GC=F
2026-09-18T02:34:00Z,4395.0,4395.0,4392.39990234375,4394.2998046875,61.0,yahoo,GC=F
2026-09-18T02:35:00Z,4394.60009765625,4395.10009765625,4393.10009765625,4393.7001953125,53.0,yahoo,GC=F
2026-09-18T02:36:00Z,4393.7998046875,4394.5,4393.7998046875,4393.89990234375,20.0,yahoo,GC=F
2026-09-18T02:37:00Z,4393.5,4393.5,4391.2001953125,4391.89990234375,83.0,yahoo,GC=F
2026-09-18T02:38:00Z,4391.60009765625,4391.60009765625,4389.2001953125,4389.7001953125,45.0,yahoo,GC=F
2026-09-18T02:39:00Z,4389.2001953125,4390.7998046875,4389.0,4390.60009765625,46.0,yahoo,GC=F
2026-09-18T02:40:00Z,4390.7001953125,4391.5,4390.5,4390.7998046875,56.0,yahoo,GC=F
2026-09-18T02:41:00Z,4391.39990234375,4391.89990234375,4390.7998046875,4391.60009765625,34.0,yahoo,GC=F
2026-09-18T02:42:00Z,4391.10009765625,4391.2998046875,4390.7998046875,4391.10009765625,20.0,yahoo,GC=F
2026-09-18T02:43:00Z,4390.89990234375,4390.89990234375,4388.7998046875,4389.5,93.0,yahoo,GC=F
2026-09-18T02:44:00Z,4389.7001953125,4390.7001953125,4389.5,4390.2998046875,40.0,yahoo,GC=F
2026-09-18T02:45:00Z,4390.2998046875,4391.0,4388.60009765625,4390.39990234375,44.0,yahoo,GC=F
2026-09-18T02:46:00Z,4390.2998046875,4393.7998046875,4390.2998046875,4393.10009765625,51.0,yahoo,GC=F
2026-09-18T02:47:00Z,4393.2001953125,4394.39990234375,4392.7998046875,4393.2001953125,47.0,yahoo,GC=F
2026-09-18T02:48:00Z,4393.10009765625,4393.89990234375,4393.10009765625,4393.7001953125,23.0,yahoo,GC=F
2026-09-18T02:49:00Z,4394.0,4394.2001953125,4392.7001953125,4393.10009765625,21.0,yahoo,GC=F
2026-09-18T02:50:00Z,4392.89990234375,4394.0,4392.60009765625,4394.0,26.0,yahoo,GC=F
2026-09-18T02:51:00Z,4394.10009765625,4394.10009765625,4393.0,4393.0,24.0,yahoo,GC=F
2026-09-18T02:52:00Z,4392.89990234375,4393.2001953125,4391.2998046875,4391.7001953125,62.0,yahoo,GC=F
2026-09-18T02:53:00Z,4391.5,4392.10009765625,4390.60009765625,4390.7998046875,30.0,yahoo,GC=F
2026-09-18T02:54:00Z,4390.89990234375,4392.39990234375,4387.10009765625,4387.10009765625,251.0,yahoo,GC=F
2026-09-18T02:55:00Z,4387.2001953125,4387.2998046875,4384.7001953125,4385.89990234375,220.0,yahoo,GC=F
2026-09-18T02:56:00Z,4385.39990234375,4387.2001953125,4383.7998046875,4384.39990234375,80.0,yahoo,GC=F
2026-09-18T02:57:00Z,4384.89990234375,4386.2998046875,4384.7001953125,4385.89990234375,49.0,yahoo,GC=F
2026-09-18T02:58:00Z,4385.60009765625,4385.60009765625,4381.7998046875,4384.0,109.0,yahoo,GC=F
2026-09-18T02:59:00Z,4383.2001953125,4385.89990234375,4383.2001953125,4385.39990234375,55.0,yahoo,GC=F
2026-09-18T03:00:00Z,4384.7998046875,4385.2001953125,4383.39990234375,4384.60009765625,101.0,yahoo,GC=F
2026-09-18T03:01:00Z,4385.2998046875,4386.5,4385.0,4386.0,82.0,yahoo,GC=F
2026-09-18T03:02:00Z,4385.5,4386.60009765625,4384.39990234375,4384.39990234375,67.0,yahoo,GC=F
2026-09-18T03:03:00Z,4384.7998046875,4387.5,4384.7998046875,4386.39990234375,114.0,yahoo,GC=F
2026-09-18T03:04:00Z,4386.7001953125,4388.0,4386.39990234375,4387.60009765625,106.0,yahoo,GC=F
2026-09-18T03:05:00Z,4387.89990234375,4390.39990234375,4387.89990234375,4388.5,143.0,yahoo,GC=F
2026-09-18T03:06:00Z,4388.2001953125,4389.2001953125,4387.39990234375,4387.60009765625,98.0,yahoo,GC=F
2026-09-18T03:07:00Z,4386.7998046875,4388.89990234375,4386.0,4387.7001953125,73.0,yahoo,GC=F
2026-09-18T03:08:00Z,4387.5,4388.2998046875,4385.89990234375,4385.89990234375,36.0,yahoo,GC=F
2026-09-18T03:09:00Z,4385.89990234375,4386.2001953125,4383.7998046875,4384.2998046875,125.0,yahoo,GC=F
2026-09-18T03:10:00Z,4384.2998046875,4384.89990234375,4384.10009765625,4384.10009765625,30.0,yahoo,GC=F
2026-09-18T03:11:00Z,4384.2001953125,4385.2998046875,4384.0,4384.7998046875,35.0,yahoo,GC=F
2026-09-18T03:12:00Z,4385.2001953125,4386.60009765625,4384.7001953125,4386.2998046875,59.0,yahoo,GC=F
2026-09-18T03:13:00Z,4386.0,4386.0,4384.5,4385.10009765625,64.0,yahoo,GC=F
2026-09-18T03:14:00Z,4385.2998046875,4385.2998046875,4382.7001953125,4383.2001953125,53.0,yahoo,GC=F
2026-09-18T03:15:00Z,4383.2998046875,4383.2998046875,4381.7001953125,4382.39990234375,103.0,yahoo,GC=F
2026-09-18T03:16:00Z,4382.2998046875,4383.10009765625,4378.89990234375,4379.7998046875,306.0,yahoo,GC=F
2026-09-18T03:17:00Z,4379.89990234375,4380.7001953125,4376.39990234375,4377.10009765625,360.0,yahoo,GC=F
2026-09-18T03:18:00Z,4377.2001953125,4378.5,4375.2998046875,4378.2998046875,281.0,yahoo,GC=F
2026-09-18T03:19:00Z,4378.10009765625,4378.89990234375,4375.10009765625,4375.89990234375,187.0,yahoo,GC=F
2026-09-18T03:20:00Z,4375.60009765625,4379.2998046875,4375.2001953125,4378.2998046875,128.0,yahoo,GC=F
2026-09-18T03:21:00Z,4378.2998046875,4378.2998046875,4375.2998046875,4376.2001953125,53.0,yahoo,GC=F
2026-09-18T03:22:00Z,4376.2998046875,4377.0,4372.60009765625,4374.39990234375,300.0,yahoo,GC=F
2026-09-18T03:23:00Z,4374.2998046875,4375.0,4372.7001953125,4373.60009765625,267.0,yahoo,GC=F
2026-09-18T03:24:00Z,4373.5,4374.5,4373.5,4374.2001953125,45.0,yahoo,GC=F
2026-09-18T03:25:00Z,4374.0,4374.60009765625,4373.7001953125,4374.0,50.0,yahoo,GC=F
2026-09-18T03:26:00Z,4373.2998046875,4376.2998046875,4372.2001953125,4376.2001953125,437.0,yahoo,GC=F
2026-09-18T03:27:00Z,4376.2001953125,4377.60009765625,4376.10009765625,4377.60009765625,110.0,yahoo,GC=F
2026-09-18T03:28:00Z,4377.5,4378.5,4377.5,4378.2998046875,95.0,yahoo,GC=F
2026-09-18T03:29:00Z,4378.39990234375,4379.39990234375,4378.2998046875,4379.2998046875,82.0,yahoo,GC=F
2026-09-18T03:30:00Z,4379.0,4380.39990234375,4378.7998046875,4380.2998046875,94.0,yahoo,GC=F
2026-09-18T03:31:00Z,4380.39990234375,4381.7998046875,4380.2001953125,4381.7001953125,87.0,yahoo,GC=F
2026-09-18T03:32:00Z,4381.7998046875,4382.7998046875,4381.7998046875,4382.7998046875,98.0,yahoo,GC=F
2026-09-18T03:33:00Z,4382.89990234375,4384.0,4382.89990234375,4384.0,145.0,yahoo,GC=F
2026-09-18T03:34:00Z,4384.0,4389.2001953125,4384.0,4388.5,232.0,yahoo,GC=F
2026-09-18T03:35:00Z,4388.7001953125,4390.0,4387.89990234375,4389.39990234375,168.0,yahoo,GC=F
2026-09-18T03:36:00Z,4389.39990234375,4390.7998046875,4389.10009765625,4390.7001953125,80.0,yahoo,GC=F
2026-09-18T03:37:00Z,4390.5,4391.7001953125,4389.89990234375,4391.2001953125,121.0,yahoo,GC=F
2026-09-18T03:38:00Z,4391.5,4391.89990234375,4390.2001953125,4390.2001953125,71.0,yahoo,GC=F
2026-09-18T03:39:00Z,4390.39990234375,4391.2998046875,4389.2998046875,4391.10009765625,148.0,yahoo,GC=F
2026-09-18T03:40:00Z,4391.2998046875,4391.7001953125,4390.2998046875,4391.7001953125,75.0,yahoo,GC=F
2026-09-18T03:41:00Z,4391.7001953125,4393.10009765625,4391.10009765625,4393.10009765625,76.0,yahoo,GC=F
2026-09-18T03:42:00Z,4393.2001953125,4395.7001953125,4393.2001953125,4395.2001953125,198.0,yahoo,GC=F
2026-09-18T03:43:00Z,4395.39990234375,4397.10009765625,4395.10009765625,4396.10009765625,209.0,yahoo,GC=F
2026-09-18T03:44:00Z,4396.0,4396.10009765625,4395.0,4395.7001953125,70.0,yahoo,GC=F
2026-09-18T03:45:00Z,4395.60009765625,4398.89990234375,4395.60009765625,4397.89990234375,172.0,yahoo,GC=F
2026-09-18T03:46:00Z,4397.89990234375,4398.39990234375,4396.0,4396.2001953125,106.0,yahoo,GC=F
2026-09-18T03:47:00Z,4396.2998046875,4398.39990234375,4396.2001953125,4397.60009765625,87.0,yahoo,GC=F
2026-09-18T03:48:00Z,4397.89990234375,4399.10009765625,4397.5,4397.7998046875,72.0,yahoo,GC=F
2026-09-18T03:49:00Z,4397.7001953125,4398.7001953125,4397.10009765625,4397.10009765625,101.0,yahoo,GC=F
2026-09-18T03:50:00Z,4397.2998046875,4397.2998046875,4395.60009765625,4397.2001953125,98.0,yahoo,GC=F
2026-09-18T03:51:00Z,4397.39990234375,4397.5,4396.2001953125,4396.2001953125,32.0,yahoo,GC=F
2026-09-18T03:52:00Z,4396.5,4396.7001953125,4395.2998046875,4396.7001953125,118.0,yahoo,GC=F
2026-09-18T03:53:00Z,4396.7001953125,4398.0,4395.39990234375,4397.7998046875,137.0,yahoo,GC=F
2026-09-18T03:54:00Z,4397.7001953125,4397.7998046875,4396.0,4397.5,100.0,yahoo,GC=F
2026-09-18T03:55:00Z,4397.2998046875,4398.2998046875,4396.2001953125,4398.10009765625,76.0,yahoo,GC=F
2026-09-18T03:56:00Z,4397.89990234375,4398.7998046875,4397.7001953125,4398.7998046875,68.0,yahoo,GC=F
2026-09-18T03:57:00Z,4398.89990234375,4399.5,4397.2998046875,4397.60009765625,49.0,yahoo,GC=F
2026-09-18T03:58:00Z,4397.2001953125,4397.2001953125,4396.5,4396.60009765625,29.0,yahoo,GC=F
2026-09-18T04:00:00Z,4397.60009765625,4398.7001953125,4397.60009765625,4398.0,37.0,yahoo,GC=F
2026-09-18T04:01:00Z,4397.7998046875,4397.7998046875,4396.7998046875,4397.5,17.0,yahoo,GC=F
2026-09-18T04:02:00Z,4396.60009765625,4397.7001953125,4396.60009765625,4397.2001953125,36.0,yahoo,GC=F
2026-09-18T04:03:00Z,4397.0,4397.2998046875,4396.5,4397.2001953125,18.0,yahoo,GC=F
2026-09-18T04:04:00Z,4397.7998046875,4400.60009765625,4397.7998046875,4399.7998046875,119.0,yahoo,GC=F
2026-09-18T04:05:00Z,4399.89990234375,4400.2001953125,4398.7001953125,4399.2998046875,69.0,yahoo,GC=F
2026-09-18T04:06:00Z,4399.2001953125,4399.7001953125,4398.7001953125,4399.10009765625,23.0,yahoo,GC=F
2026-09-18T04:07:00Z,4398.7998046875,4400.0,4398.7001953125,4400.0,23.0,yahoo,GC=F
2026-09-18T04:08:00Z,4399.7001953125,4400.0,4398.7001953125,4398.7001953125,42.0,yahoo,GC=F
2026-09-18T04:09:00Z,4398.89990234375,4399.10009765625,4398.2998046875,4398.2998046875,23.0,yahoo,GC=F
2026-09-18T04:10:00Z,4398.39990234375,4398.89990234375,4398.2998046875,4398.7001953125,20.0,yahoo,GC=F
2026-09-18T04:11:00Z,4398.60009765625,4399.2001953125,4398.60009765625,4398.60009765625,25.0,yahoo,GC=F
2026-09-18T04:12:00Z,4398.5,4399.39990234375,4398.5,4398.7998046875,26.0,yahoo,GC=F
2026-09-18T04:13:00Z,4398.89990234375,4398.89990234375,4397.0,4397.7001953125,62.0,yahoo,GC=F
2026-09-18T04:14:00Z,4397.7001953125,4397.7998046875,4395.5,4395.5,135.0,yahoo,GC=F
2026-09-18T04:15:00Z,4396.0,4396.2001953125,4394.0,4394.0,100.0,yahoo,GC=F
2026-09-18T04:16:00Z,4394.39990234375,4394.7001953125,4392.5,4394.7001953125,130.0,yahoo,GC=F
2026-09-18T04:17:00Z,4394.2001953125,4394.39990234375,4393.5,4393.7001953125,24.0,yahoo,GC=F
2026-09-18T04:18:00Z,4393.7998046875,4393.7998046875,4393.39990234375,4393.5,11.0,yahoo,GC=F
2026-09-18T04:19:00Z,4393.5,4393.5,4392.39990234375,4392.89990234375,56.0,yahoo,GC=F
2026-09-18T04:20:00Z,4392.2998046875,4393.2001953125,4391.7998046875,4392.2998046875,43.0,yahoo,GC=F
2026-09-18T04:21:00Z,4391.7998046875,4392.7998046875,4391.7998046875,4392.7998046875,18.0,yahoo,GC=F
2026-09-18T04:22:00Z,4392.7001953125,4395.10009765625,4392.7001953125,4394.89990234375,52.0,yahoo,GC=F
2026-09-18T04:23:00Z,4394.60009765625,4394.60009765625,4393.7001953125,4394.39990234375,28.0,yahoo,GC=F
2026-09-18T04:24:00Z,4394.2998046875,4395.5,4394.2001953125,4394.7001953125,36.0,yahoo,GC=F
2026-09-18T04:25:00Z,4394.60009765625,4395.7001953125,4394.10009765625,4395.7001953125,13.0,yahoo,GC=F
2026-09-18T04:26:00Z,4395.60009765625,4396.39990234375,4395.60009765625,4396.0,38.0,yahoo,GC=F
2026-09-18T04:27:00Z,4395.7998046875,4396.0,4395.2001953125,4395.89990234375,14.0,yahoo,GC=F
2026-09-18T04:28:00Z,4396.10009765625,4396.2998046875,4395.7001953125,4396.10009765625,26.0,yahoo,GC=F
2026-09-18T04:29:00Z,4396.2001953125,4397.5,4396.2001953125,4397.5,29.0,yahoo,GC=F
2026-09-18T04:30:00Z,4397.2001953125,4398.5,4396.60009765625,4398.5,62.0,yahoo,GC=F
2026-09-18T04:31:00Z,4398.60009765625,4400.0,4398.2998046875,4399.7001953125,70.0,yahoo,GC=F
2026-09-18T04:32:00Z,4399.7001953125,4400.2998046875,4399.2998046875,4399.7001953125,47.0,yahoo,GC=F
2026-09-18T04:33:00Z,4399.60009765625,4399.60009765625,4398.5,4398.5,39.0,yahoo,GC=F
2026-09-18T04:34:00Z,4398.60009765625,4398.60009765625,4396.10009765625,4397.60009765625,101.0,yahoo,GC=F
2026-09-18T04:35:00Z,4397.39990234375,4398.7998046875,4397.39990234375,4398.7001953125,25.0,yahoo,GC=F
2026-09-18T04:36:00Z,4398.89990234375,4399.0,4397.39990234375,4398.2001953125,17.0,yahoo,GC=F
2026-09-18T04:37:00Z,4398.2998046875,4398.5,4397.7998046875,4398.0,16.0,yahoo,GC=F
2026-09-18T04:38:00Z,4397.89990234375,4398.60009765625,4397.7998046875,4398.60009765625,13.0,yahoo,GC=F
2026-09-18T04:39:00Z,4398.7001953125,4399.5,4398.5,4398.7001953125,34.0,yahoo,GC=F
2026-09-18T04:40:00Z,4399.10009765625,4399.7998046875,4398.5,4398.89990234375,54.0,yahoo,GC=F
2026-09-18T04:41:00Z,4398.89990234375,4399.10009765625,4398.7998046875,4399.0,20.0,yahoo,GC=F
2026-09-18T04:42:00Z,4399.10009765625,4401.89990234375,4399.10009765625,4401.10009765625,114.0,yahoo,GC=F
2026-09-18T04:43:00Z,4401.39990234375,4402.89990234375,4400.60009765625,4402.60009765625,63.0,yahoo,GC=F
2026-09-18T04:44:00Z,4402.10009765625,4405.0,4402.10009765625,4403.7998046875,172.0,yahoo,GC=F
2026-09-18T04:45:00Z,4404.10009765625,4405.89990234375,4403.60009765625,4404.5,145.0,yahoo,GC=F
2026-09-18T04:46:00Z,4404.39990234375,4405.60009765625,4404.10009765625,4405.0,59.0,yahoo,GC=F
2026-09-18T04:47:00Z,4405.0,4405.2998046875,4403.2998046875,4404.0,99.0,yahoo,GC=F
2026-09-18T04:48:00Z,4403.89990234375,4405.0,4403.7001953125,4404.5,79.0,yahoo,GC=F
2026-09-18T04:49:00Z,4404.7998046875,4405.89990234375,4404.39990234375,4404.89990234375,124.0,yahoo,GC=F
2026-09-18T04:50:00Z,4404.7998046875,4406.2998046875,4404.7998046875,4405.5,112.0,yahoo,GC=F
2026-09-18T04:51:00Z,4405.60009765625,4406.7001953125,4404.0,4404.60009765625,94.0,yahoo,GC=F
2026-09-18T04:52:00Z,4404.2001953125,4404.39990234375,4402.5,4402.5,104.0,yahoo,GC=F
2026-09-18T04:53:00Z,4402.89990234375,4402.89990234375,4401.39990234375,4401.39990234375,37.0,yahoo,GC=F
2026-09-18T04:54:00Z,4401.0,4401.89990234375,4400.5,4401.0,31.0,yahoo,GC=F
2026-09-18T04:55:00Z,4401.39990234375,4401.7001953125,4400.5,4401.0,16.0,yahoo,GC=F
2026-09-18T04:56:00Z,4401.5,4403.39990234375,4401.2998046875,4403.39990234375,68.0,yahoo,GC=F
2026-09-18T04:57:00Z,4403.5,4406.89990234375,4403.5,4406.10009765625,251.0,yahoo,GC=F
2026-09-18T04:58:00Z,4405.7998046875,4406.2001953125,4405.7001953125,4405.7998046875,17.0,yahoo,GC=F
2026-09-18T04:59:00Z,4405.7001953125,4406.39990234375,4405.2998046875,4406.39990234375,40.0,yahoo,GC=F
2026-09-18T05:00:00Z,4406.7001953125,4407.39990234375,4405.10009765625,4405.2998046875,127.0,yahoo,GC=F
2026-09-18T05:01:00Z,4405.5,4406.89990234375,4405.10009765625,4405.5,91.0,yahoo,GC=F
2026-09-18T05:02:00Z,4405.2998046875,4405.60009765625,4403.7998046875,4404.89990234375,101.0,yahoo,GC=F
2026-09-18T05:03:00Z,4405.0,4406.0,4404.5,4405.10009765625,49.0,yahoo,GC=F
2026-09-18T05:04:00Z,4405.10009765625,4406.0,4404.7001953125,4406.0,19.0,yahoo,GC=F
2026-09-18T05:05:00Z,4405.60009765625,4406.0,4405.10009765625,4406.0,12.0,yahoo,GC=F
2026-09-18T05:06:00Z,4405.39990234375,4405.7998046875,4403.60009765625,4405.2998046875,73.0,yahoo,GC=F
2026-09-18T05:07:00Z,4405.2998046875,4409.2001953125,4404.89990234375,4408.5,243.0,yahoo,GC=F
2026-09-18T05:08:00Z,4408.7998046875,4408.7998046875,4406.89990234375,4407.2998046875,82.0,yahoo,GC=F
2026-09-18T05:09:00Z,4407.5,4408.5,4407.0,4407.7001953125,39.0,yahoo,GC=F
2026-09-18T05:10:00Z,4407.7998046875,4408.0,4406.39990234375,4406.39990234375,49.0,yahoo,GC=F
2026-09-18T05:11:00Z,4406.7001953125,4406.89990234375,4406.0,4406.7001953125,23.0,yahoo,GC=F
2026-09-18T05:12:00Z,4406.2998046875,4407.5,4405.10009765625,4406.89990234375,69.0,yahoo,GC=F
2026-09-18T05:13:00Z,4407.2998046875,4407.39990234375,4405.5,4405.7001953125,52.0,yahoo,GC=F
2026-09-18T05:14:00Z,4405.89990234375,4405.89990234375,4405.10009765625,4405.39990234375,43.0,yahoo,GC=F
2026-09-18T05:15:00Z,4405.2998046875,4406.7998046875,4404.89990234375,4405.10009765625,60.0,yahoo,GC=F
2026-09-18T05:16:00Z,4405.2001953125,4406.5,4405.2001953125,4406.5,7.0,yahoo,GC=F
2026-09-18T05:17:00Z,4406.7001953125,4408.2998046875,4406.7001953125,4407.39990234375,43.0,yahoo,GC=F
2026-09-18T05:18:00Z,4407.89990234375,4408.39990234375,4407.5,4408.39990234375,31.0,yahoo,GC=F
2026-09-18T05:19:00Z,4408.5,4409.2998046875,4408.2998046875,4408.39990234375,83.0,yahoo,GC=F
2026-09-18T05:20:00Z,4408.39990234375,4408.89990234375,4407.0,4407.5,37.0,yahoo,GC=F
2026-09-18T05:21:00Z,4407.7001953125,4407.7001953125,4407.10009765625,4407.39990234375,11.0,yahoo,GC=F
2026-09-18T05:22:00Z,4407.39990234375,4407.7001953125,4406.2998046875,4406.89990234375,27.0,yahoo,GC=F
2026-09-18T05:23:00Z,4407.10009765625,4407.2998046875,4405.89990234375,4406.2001953125,26.0,yahoo,GC=F
2026-09-18T05:24:00Z,4405.7998046875,4407.0,4405.7998046875,4406.5,20.0,yahoo,GC=F
2026-09-18T05:25:00Z,4406.5,4406.7001953125,4405.7001953125,4405.89990234375,33.0,yahoo,GC=F
2026-09-18T05:26:00Z,4406.10009765625,4406.2001953125,4405.2001953125,4405.2001953125,38.0,yahoo,GC=F
2026-09-18T05:27:00Z,4405.2001953125,4405.2998046875,4404.2998046875,4404.7998046875,50.0,yahoo,GC=F
2026-09-18T05:28:00Z,4404.5,4404.60009765625,4403.7001953125,4403.7001953125,72.0,yahoo,GC=F
2026-09-18T05:29:00Z,4403.7998046875,4405.89990234375,4403.60009765625,4404.2001953125,89.0,yahoo,GC=F
2026-09-18T05:30:00Z,4404.39990234375,4406.0,4399.7998046875,4403.2998046875,638.0,yahoo,GC=F
2026-09-18T05:31:00Z,4403.7998046875,4404.39990234375,4400.7001953125,4402.2001953125,104.0,yahoo,GC=F
2026-09-18T05:32:00Z,4402.0,4404.7998046875,4401.7001953125,4403.2001953125,74.0,yahoo,GC=F
2026-09-18T05:33:00Z,4403.2998046875,4405.10009765625,4402.10009765625,4402.10009765625,83.0,yahoo,GC=F
2026-09-18T05:34:00Z,4403.5,4404.2998046875,4402.39990234375,4402.39990234375,65.0,yahoo,GC=F
2026-09-18T05:35:00Z,4402.60009765625,4404.0,4402.60009765625,4403.39990234375,33.0,yahoo,GC=F
2026-09-18T05:36:00Z,4403.7998046875,4407.89990234375,4403.2998046875,4407.2998046875,102.0,yahoo,GC=F
2026-09-18T05:37:00Z,4408.10009765625,4409.5,4403.7998046875,4405.7001953125,255.0,yahoo,GC=F
2026-09-18T05:38:00Z,4405.5,4412.5,4404.10009765625,4410.60009765625,385.0,yahoo,GC=F
2026-09-18T05:39:00Z,4410.5,4413.0,4410.0,4412.2998046875,130.0,yahoo,GC=F
2026-09-18T05:40:00Z,4412.0,4412.60009765625,4410.0,4412.2001953125,75.0,yahoo,GC=F
2026-09-18T05:41:00Z,4412.0,4412.5,4411.10009765625,4412.5,111.0,yahoo,GC=F
2026-09-18T05:42:00Z,4412.39990234375,4414.0,4412.2998046875,4413.7998046875,165.0,yahoo,GC=F
2026-09-18T05:43:00Z,4413.60009765625,4415.60009765625,4413.0,4414.0,216.0,yahoo,GC=F
2026-09-18T05:44:00Z,4413.5,4418.10009765625,4412.89990234375,4416.7001953125,309.0,yahoo,GC=F
2026-09-18T05:45:00Z,4416.60009765625,4417.7001953125,4414.2998046875,4414.2998046875,136.0,yahoo,GC=F
2026-09-18T05:46:00Z,4414.2998046875,4416.2998046875,4413.7001953125,4414.60009765625,181.0,yahoo,GC=F
2026-09-18T05:47:00Z,4414.10009765625,4416.0,4413.7001953125,4414.60009765625,77.0,yahoo,GC=F
2026-09-18T05:48:00Z,4414.2998046875,4415.10009765625,4413.7998046875,4413.7998046875,90.0,yahoo,GC=F
2026-09-18T05:49:00Z,4413.60009765625,4413.7001953125,4410.60009765625,4410.60009765625,258.0,yahoo,GC=F
2026-09-18T05:50:00Z,4410.2998046875,4414.0,4410.10009765625,4414.0,299.0,yahoo,GC=F
2026-09-18T05:51:00Z,4413.7001953125,4414.60009765625,4412.39990234375,4412.39990234375,86.0,yahoo,GC=F
2026-09-18T05:52:00Z,4412.10009765625,4413.39990234375,4411.60009765625,4412.2998046875,29.0,yahoo,GC=F
2026-09-18T05:53:00Z,4412.2998046875,4413.39990234375,4411.5,4412.7998046875,62.0,yahoo,GC=F
2026-09-18T05:54:00Z,4413.2001953125,4413.7998046875,4412.60009765625,4413.2001953125,39.0,yahoo,GC=F
2026-09-18T05:55:00Z,4413.2001953125,4414.0,4412.7998046875,4412.89990234375,39.0,yahoo,GC=F
2026-09-18T05:56:00Z,4412.60009765625,4412.7998046875,4410.5,4411.10009765625,62.0,yahoo,GC=F
2026-09-18T05:57:00Z,4410.7998046875,4414.39990234375,4410.7998046875,4414.2001953125,124.0,yahoo,GC=F
2026-09-18T05:58:00Z,4414.2998046875,4416.89990234375,4414.0,4416.5,111.0,yahoo,GC=F
2026-09-18T05:59:00Z,4416.60009765625,4417.60009765625,4415.89990234375,4416.89990234375,97.0,yahoo,GC=F
2026-09-18T06:00:00Z,4417.0,4424.0,4416.7001953125,4422.60009765625,809.0,yahoo,GC=F
2026-09-18T06:01:00Z,4423.0,4427.0,4422.7998046875,4424.60009765625,536.0,yahoo,GC=F
2026-09-18T06:02:00Z,4424.60009765625,4425.39990234375,4421.7001953125,4424.7998046875,337.0,yahoo,GC=F
2026-09-18T06:03:00Z,4424.7001953125,4424.7001953125,4422.2998046875,4422.7998046875,170.0,yahoo,GC=F
2026-09-18T06:04:00Z,4422.7998046875,4422.89990234375,4421.2001953125,4421.7998046875,119.0,yahoo,GC=F
2026-09-18T06:05:00Z,4421.60009765625,4424.2001953125,4418.89990234375,4423.39990234375,402.0,yahoo,GC=F
2026-09-18T06:06:00Z,4423.2001953125,4426.7001953125,4423.2001953125,4426.10009765625,132.0,yahoo,GC=F
2026-09-18T06:07:00Z,4426.0,4426.10009765625,4424.60009765625,4425.39990234375,46.0,yahoo,GC=F
2026-09-18T06:08:00Z,4425.5,4426.89990234375,4425.39990234375,4426.39990234375,83.0,yahoo,GC=F
2026-09-18T06:09:00Z,4426.5,4427.89990234375,4425.5,4426.7998046875,166.0,yahoo,GC=F
2026-09-18T06:10:00Z,4427.0,4428.89990234375,4426.2998046875,4426.2998046875,123.0,yahoo,GC=F
2026-09-18T06:11:00Z,4426.2001953125,4427.60009765625,4426.0,4427.60009765625,55.0,yahoo,GC=F
2026-09-18T06:12:00Z,4427.0,4428.7001953125,4426.89990234375,4428.7001953125,62.0,yahoo,GC=F
2026-09-18T06:13:00Z,4428.7001953125,4430.2001953125,4428.0,4429.2998046875,226.0,yahoo,GC=F
2026-09-18T06:14:00Z,4429.2998046875,4429.7001953125,4428.39990234375,4428.39990234375,88.0,yahoo,GC=F
2026-09-18T06:15:00Z,4428.5,4428.60009765625,4424.7001953125,4424.89990234375,166.0,yahoo,GC=F
2026-09-18T06:16:00Z,4424.60009765625,4426.2001953125,4424.39990234375,4424.89990234375,102.0,yahoo,GC=F
2026-09-18T06:17:00Z,4424.0,4424.10009765625,4422.39990234375,4422.60009765625,126.0,yahoo,GC=F
2026-09-18T06:18:00Z,4422.39990234375,4423.7001953125,4421.5,4423.7001953125,72.0,yahoo,GC=F
2026-09-18T06:19:00Z,4424.2998046875,4425.39990234375,4423.7998046875,4424.2998046875,64.0,yahoo,GC=F
2026-09-18T06:20:00Z,4424.60009765625,4425.60009765625,4424.10009765625,4425.0,49.0,yahoo,GC=F
2026-09-18T06:21:00Z,4424.7001953125,4425.89990234375,4424.2001953125,4425.89990234375,42.0,yahoo,GC=F
2026-09-18T06:22:00Z,4426.2001953125,4428.60009765625,4425.7998046875,4428.5,90.0,yahoo,GC=F
2026-09-18T06:23:00Z,4428.2001953125,4429.60009765625,4427.7998046875,4428.5,155.0,yahoo,GC=F
2026-09-18T06:24:00Z,4428.2001953125,4431.60009765625,4428.2001953125,4431.0,101.0,yahoo,GC=F
2026-09-18T06:25:00Z,4431.2001953125,4432.7998046875,4430.7001953125,4432.2998046875,117.0,yahoo,GC=F
2026-09-18T06:26:00Z,4432.2998046875,4433.0,4431.39990234375,4432.39990234375,166.0,yahoo,GC=F
2026-09-18T06:27:00Z,4432.0,4433.2998046875,4431.2998046875,4433.0,124.0,yahoo,GC=F
2026-09-18T06:28:00Z,4433.2001953125,4433.7001953125,4432.60009765625,4433.39990234375,63.0,yahoo,GC=F
2026-09-18T06:29:00Z,4432.7998046875,4433.0,4430.7001953125,4432.10009765625,104.0,yahoo,GC=F
2026-09-18T06:30:00Z,4432.0,4433.2998046875,4430.2998046875,4432.2998046875,123.0,yahoo,GC=F
2026-09-18T06:31:00Z,4432.10009765625,4432.2998046875,4430.5,4430.5,61.0,yahoo,GC=F
2026-09-18T06:32:00Z,4431.10009765625,4433.60009765625,4431.10009765625,4433.0,92.0,yahoo,GC=F
2026-09-18T06:33:00Z,4432.89990234375,4433.2998046875,4431.5,4431.5,59.0,yahoo,GC=F
2026-09-18T06:34:00Z,4431.2998046875,4432.60009765625,4430.89990234375,4432.2998046875,47.0,yahoo,GC=F
2026-09-18T06:35:00Z,4432.60009765625,4433.60009765625,4432.2001953125,4432.60009765625,65.0,yahoo,GC=F
2026-09-18T06:36:00Z,4432.2998046875,4433.2998046875,4431.60009765625,4432.2998046875,34.0,yahoo,GC=F
2026-09-18T06:37:00Z,4432.2001953125,4433.5,4432.10009765625,4433.5,44.0,yahoo,GC=F
2026-09-18T06:38:00Z,4433.60009765625,4434.0,4431.7998046875,4432.89990234375,110.0,yahoo,GC=F
2026-09-18T06:39:00Z,4433.10009765625,4434.2998046875,4432.89990234375,4434.2998046875,66.0,yahoo,GC=F
2026-09-18T06:40:00Z,4433.7998046875,4435.2998046875,4433.2001953125,4435.2998046875,177.0,yahoo,GC=F
2026-09-18T06:41:00Z,4435.5,4436.39990234375,4434.5,4435.7001953125,110.0,yahoo,GC=F
2026-09-18T06:42:00Z,4436.2001953125,4436.2001953125,4434.0,4435.7001953125,62.0,yahoo,GC=F
2026-09-18T06:43:00Z,4435.2998046875,4436.0,4434.5,4435.60009765625,54.0,yahoo,GC=F
2026-09-18T06:44:00Z,4435.39990234375,4436.60009765625,4434.89990234375,4436.0,80.0,yahoo,GC=F
2026-09-18T06:45:00Z,4435.5,4436.7001953125,4435.0,4436.2998046875,118.0,yahoo,GC=F
2026-09-18T06:46:00Z,4436.2998046875,4436.89990234375,4436.10009765625,4436.7998046875,64.0,yahoo,GC=F
2026-09-18T06:47:00Z,4436.39990234375,4437.10009765625,4435.0,4435.5,82.0,yahoo,GC=F
2026-09-18T06:48:00Z,4435.5,4436.7998046875,4435.39990234375,4436.60009765625,55.0,yahoo,GC=F
2026-09-18T06:49:00Z,4436.10009765625,4436.2998046875,4434.2001953125,4435.0,140.0,yahoo,GC=F
2026-09-18T06:50:00Z,4435.2001953125,4435.2001953125,4432.7998046875,4433.10009765625,294.0,yahoo,GC=F
2026-09-18T06:51:00Z,4433.0,4433.7001953125,4431.89990234375,4432.2998046875,118.0,yahoo,GC=F
2026-09-18T06:52:00Z,4432.7998046875,4433.0,4431.7001953125,4432.2001953125,58.0,yahoo,GC=F
2026-09-18T06:53:00Z,4431.7998046875,4432.5,4430.5,4430.7001953125,162.0,yahoo,GC=F
2026-09-18T06:54:00Z,4430.89990234375,4431.10009765625,4430.2001953125,4431.0,69.0,yahoo,GC=F
2026-09-18T06:55:00Z,4430.7998046875,4431.5,4429.39990234375,4429.89990234375,88.0,yahoo,GC=F
2026-09-18T06:56:00Z,4430.39990234375,4432.0,4430.2001953125,4432.0,59.0,yahoo,GC=F
2026-09-18T06:57:00Z,4432.2998046875,4434.0,4431.7998046875,4433.7998046875,105.0,yahoo,GC=F
2026-09-18T06:58:00Z,4433.7998046875,4434.0,4433.10009765625,4433.60009765625,77.0,yahoo,GC=F
2026-09-18T06:59:00Z,4433.60009765625,4433.7001953125,4432.7001953125,4433.5,37.0,yahoo,GC=F
2026-09-18T07:00:00Z,4433.2001953125,4435.60009765625,4432.0,4432.39990234375,166.0,yahoo,GC=F
2026-09-18T07:01:00Z,4432.60009765625,4433.39990234375,4431.7001953125,4433.2998046875,150.0,yahoo,GC=F
2026-09-18T07:02:00Z,4432.7998046875,4432.7998046875,4430.89990234375,4431.39990234375,41.0,yahoo,GC=F
2026-09-18T07:03:00Z,4431.60009765625,4432.10009765625,4430.89990234375,4431.39990234375,53.0,yahoo,GC=F
2026-09-18T07:04:00Z,4431.89990234375,4432.2001953125,4430.60009765625,4431.2998046875,56.0,yahoo,GC=F
2026-09-18T07:05:00Z,4431.39990234375,4433.7998046875,4430.89990234375,4432.10009765625,113.0,yahoo,GC=F
2026-09-18T07:06:00Z,4432.10009765625,4432.7001953125,4431.2998046875,4431.7998046875,43.0,yahoo,GC=F
2026-09-18T07:07:00Z,4432.5,4434.0,4432.2001953125,4433.0,68.0,yahoo,GC=F
2026-09-18T07:08:00Z,4433.5,4435.5,4433.5,4434.60009765625,116.0,yahoo,GC=F
2026-09-18T07:09:00Z,4434.5,4434.5,4433.0,4433.60009765625,77.0,yahoo,GC=F
2026-09-18T07:10:00Z,4433.5,4433.60009765625,4432.89990234375,4433.2998046875,31.0,yahoo,GC=F
2026-09-18T07:11:00Z,4433.39990234375,4433.60009765625,4431.7998046875,4432.0,52.0,yahoo,GC=F
2026-09-18T07:12:00Z,4432.0,4432.2001953125,4430.7001953125,4431.2001953125,70.0,yahoo,GC=F
2026-09-18T07:13:00Z,4431.10009765625,4432.2001953125,4430.0,4430.7998046875,110.0,yahoo,GC=F
2026-09-18T07:14:00Z,4431.0,4431.0,4429.0,4430.2001953125,77.0,yahoo,GC=F
2026-09-18T07:15:00Z,4430.60009765625,4431.39990234375,4429.5,4429.89990234375,77.0,yahoo,GC=F
2026-09-18T07:16:00Z,4429.7998046875,4432.7001953125,4429.5,4432.5,156.0,yahoo,GC=F
2026-09-18T07:17:00Z,4432.39990234375,4433.7998046875,4431.60009765625,4433.5,115.0,yahoo,GC=F
2026-09-18T07:18:00Z,4433.2998046875,4433.39990234375,4432.0,4432.39990234375,50.0,yahoo,GC=F
2026-09-18T07:19:00Z,4432.5,4433.89990234375,4432.39990234375,4432.7001953125,47.0,yahoo,GC=F
2026-09-18T07:20:00Z,4433.2998046875,4433.7998046875,4432.39990234375,4432.39990234375,29.0,yahoo,GC=F
2026-09-18T07:21:00Z,4432.39990234375,4434.60009765625,4431.89990234375,4431.89990234375,139.0,yahoo,GC=F
2026-09-18T07:22:00Z,4431.89990234375,4433.5,4431.5,4433.5,70.0,yahoo,GC=F
2026-09-18T07:23:00Z,4433.5,4434.2998046875,4433.2001953125,4433.5,82.0,yahoo,GC=F
2026-09-18T07:24:00Z,4433.7001953125,4434.39990234375,4432.89990234375,4433.10009765625,87.0,yahoo,GC=F
2026-09-18T07:25:00Z,4433.2001953125,4434.5,4432.10009765625,4434.5,48.0,yahoo,GC=F
2026-09-18T07:26:00Z,4434.2998046875,4434.2998046875,4432.89990234375,4433.2001953125,97.0,yahoo,GC=F
2026-09-18T07:27:00Z,4433.0,4433.89990234375,4433.0,4433.0,51.0,yahoo,GC=F
2026-09-18T07:28:00Z,4433.0,4434.0,4432.5,4433.7001953125,36.0,yahoo,GC=F
2026-09-18T07:29:00Z,4434.2001953125,4435.89990234375,4433.89990234375,4435.5,59.0,yahoo,GC=F
2026-09-18T07:30:00Z,4435.5,4436.0,4435.10009765625,4435.2998046875,90.0,yahoo,GC=F
2026-09-18T07:31:00Z,4436.2001953125,4437.39990234375,4432.60009765625,4432.7001953125,163.0,yahoo,GC=F
2026-09-18T07:32:00Z,4432.7998046875,4433.89990234375,4431.89990234375,4433.0,62.0,yahoo,GC=F
2026-09-18T07:33:00Z,4433.0,4433.0,4431.89990234375,4432.60009765625,52.0,yahoo,GC=F
2026-09-18T07:34:00Z,4432.2998046875,4433.5,4432.10009765625,4433.2001953125,128.0,yahoo,GC=F
2026-09-18T07:35:00Z,4433.0,4436.89990234375,4433.0,4435.2998046875,139.0,yahoo,GC=F
2026-09-18T07:36:00Z,4435.2998046875,4436.2001953125,4434.89990234375,4434.89990234375,63.0,yahoo,GC=F
2026-09-18T07:37:00Z,4434.7998046875,4434.7998046875,4432.0,4432.5,94.0,yahoo,GC=F
2026-09-18T07:38:00Z,4432.60009765625,4434.2001953125,4431.89990234375,4434.10009765625,110.0,yahoo,GC=F
2026-09-18T07:39:00Z,4433.7001953125,4434.2001953125,4433.5,4433.89990234375,53.0,yahoo,GC=F
2026-09-18T07:40:00Z,4433.89990234375,4434.0,4431.2998046875,4431.2998046875,67.0,yahoo,GC=F
2026-09-18T07:41:00Z,4431.7001953125,4432.7998046875,4431.10009765625,4432.2001953125,119.0,yahoo,GC=F
2026-09-18T07:42:00Z,4432.2001953125,4435.2001953125,4432.2001953125,4432.5,179.0,yahoo,GC=F
2026-09-18T07:43:00Z,4432.60009765625,4434.5,4432.39990234375,4433.39990234375,90.0,yahoo,GC=F
2026-09-18T07:44:00Z,4433.10009765625,4433.7998046875,4432.2998046875,4433.7001953125,64.0,yahoo,GC=F
2026-09-18T07:45:00Z,4433.60009765625,4435.7001953125,4433.60009765625,4435.10009765625,98.0,yahoo,GC=F
2026-09-18T07:46:00Z,4435.0,4435.5,4433.7001953125,4434.2001953125,38.0,yahoo,GC=F
2026-09-18T07:47:00Z,4434.2001953125,4436.7001953125,4434.2001953125,4435.7998046875,114.0,yahoo,GC=F
2026-09-18T07:48:00Z,4435.7998046875,4436.7998046875,4435.7001953125,4436.0,93.0,yahoo,GC=F
2026-09-18T07:49:00Z,4436.39990234375,4437.39990234375,4436.10009765625,4436.7998046875,105.0,yahoo,GC=F
2026-09-18T07:50:00Z,4437.2001953125,4437.5,4436.2998046875,4437.2001953125,71.0,yahoo,GC=F
2026-09-18T07:51:00Z,4437.2001953125,4439.7998046875,4437.10009765625,4438.7001953125,413.0,yahoo,GC=F
2026-09-18T07:52:00Z,4438.7001953125,4438.7001953125,4436.60009765625,4436.60009765625,177.0,yahoo,GC=F
2026-09-18T07:53:00Z,4436.89990234375,4437.10009765625,4435.10009765625,4435.7001953125,268.0,yahoo,GC=F
2026-09-18T07:54:00Z,4435.7001953125,4437.2998046875,4435.39990234375,4437.2001953125,127.0,yahoo,GC=F
2026-09-18T07:55:00Z,4437.0,4437.7001953125,4435.2001953125,4435.2001953125,51.0,yahoo,GC=F
2026-09-18T07:56:00Z,4435.39990234375,4435.5,4433.10009765625,4433.2998046875,124.0,yahoo,GC=F
2026-09-18T07:57:00Z,4433.10009765625,4433.7001953125,4432.5,4433.5,71.0,yahoo,GC=F
2026-09-18T07:58:00Z,4433.39990234375,4434.39990234375,4433.0,4433.7001953125,118.0,yahoo,GC=F
2026-09-18T07:59:00Z,4433.89990234375,4434.60009765625,4433.2998046875,4433.2998046875,68.0,yahoo,GC=F
2026-09-18T08:00:00Z,4433.2001953125,4435.0,4432.7998046875,4434.39990234375,159.0,yahoo,GC=F
2026-09-18T08:01:00Z,4434.39990234375,4436.10009765625,4434.2001953125,4435.7998046875,75.0,yahoo,GC=F
2026-09-18T08:02:00Z,4436.0,4436.39990234375,4434.7001953125,4435.7001953125,52.0,yahoo,GC=F
2026-09-18T08:03:00Z,4435.5,4438.2001953125,4435.5,4437.0,68.0,yahoo,GC=F
2026-09-18T08:04:00Z,4437.10009765625,4438.0,4436.7001953125,4437.60009765625,66.0,yahoo,GC=F
2026-09-18T08:05:00Z,4437.89990234375,4438.2998046875,4436.10009765625,4436.10009765625,59.0,yahoo,GC=F
2026-09-18T08:06:00Z,4436.5,4437.39990234375,4435.7998046875,4436.10009765625,69.0,yahoo,GC=F
2026-09-18T08:07:00Z,4436.7998046875,4437.5,4436.2998046875,4437.5,89.0,yahoo,GC=F
2026-09-18T08:08:00Z,4437.2998046875,4437.7001953125,4436.10009765625,4436.2001953125,53.0,yahoo,GC=F
2026-09-18T08:09:00Z,4435.89990234375,4436.0,4434.0,4434.7001953125,67.0,yahoo,GC=F
2026-09-18T08:10:00Z,4434.60009765625,4434.7998046875,4432.39990234375,4433.10009765625,66.0,yahoo,GC=F
2026-09-18T08:11:00Z,4433.0,4433.0,4431.2998046875,4432.10009765625,101.0,yahoo,GC=F
2026-09-18T08:12:00Z,4432.2998046875,4434.10009765625,4431.2998046875,4433.7998046875,65.0,yahoo,GC=F
2026-09-18T08:13:00Z,4433.89990234375,4435.0,4432.89990234375,4433.0,47.0,yahoo,GC=F
2026-09-18T08:14:00Z,4433.2001953125,4434.0,4430.2001953125,4430.5,78.0,yahoo,GC=F
2026-09-18T08:15:00Z,4430.5,4431.7001953125,4429.5,4430.89990234375,67.0,yahoo,GC=F
2026-09-18T08:16:00Z,4431.10009765625,4431.5,4430.39990234375,4430.7998046875,43.0,yahoo,GC=F
2026-09-18T08:17:00Z,4431.39990234375,4432.5,4431.2001953125,4431.7998046875,37.0,yahoo,GC=F
2026-09-18T08:18:00Z,4432.2998046875,4432.2998046875,4431.2001953125,4431.2001953125,11.0,yahoo,GC=F
2026-09-18T08:19:00Z,4431.7998046875,4432.5,4431.2001953125,4431.39990234375,33.0,yahoo,GC=F
2026-09-18T08:20:00Z,4431.39990234375,4432.7998046875,4430.89990234375,4432.7998046875,71.0,yahoo,GC=F
2026-09-18T08:21:00Z,4433.10009765625,4434.0,4431.7998046875,4432.89990234375,236.0,yahoo,GC=F
2026-09-18T08:22:00Z,4433.0,4433.5,4431.39990234375,4431.89990234375,77.0,yahoo,GC=F
2026-09-18T08:23:00Z,4431.2998046875,4433.39990234375,4431.10009765625,4433.2001953125,101.0,yahoo,GC=F
2026-09-18T08:24:00Z,4433.10009765625,4433.5,4429.39990234375,4430.0,222.0,yahoo,GC=F
2026-09-18T08:25:00Z,4430.10009765625,4430.39990234375,4429.2001953125,4429.39990234375,48.0,yahoo,GC=F
2026-09-18T08:26:00Z,4429.39990234375,4429.5,4428.7001953125,4429.39990234375,39.0,yahoo,GC=F
2026-09-18T08:27:00Z,4429.2001953125,4430.10009765625,4428.89990234375,4429.60009765625,67.0,yahoo,GC=F
2026-09-18T08:28:00Z,4429.39990234375,4429.5,4428.7998046875,4428.7998046875,30.0,yahoo,GC=F
2026-09-18T08:29:00Z,4428.7001953125,4428.7001953125,4427.39990234375,4427.7001953125,228.0,yahoo,GC=F
2026-09-18T08:30:00Z,4428.2001953125,4428.60009765625,4427.2001953125,4427.60009765625,103.0,yahoo,GC=F
2026-09-18T08:31:00Z,4427.5,4427.5,4426.10009765625,4426.5,110.0,yahoo,GC=F
2026-09-18T08:32:00Z,4426.5,4428.0,4426.2001953125,4427.7001953125,102.0,yahoo,GC=F
2026-09-18T08:33:00Z,4427.5,4429.0,4427.39990234375,4428.0,79.0,yahoo,GC=F
2026-09-18T08:34:00Z,4428.0,4428.0,4427.2998046875,4427.7001953125,22.0,yahoo,GC=F
2026-09-18T08:35:00Z,4427.89990234375,4427.89990234375,4426.0,4426.0,69.0,yahoo,GC=F
2026-09-18T08:36:00Z,4426.2001953125,4427.10009765625,4426.0,4426.2001953125,37.0,yahoo,GC=F
2026-09-18T08:37:00Z,4426.10009765625,4428.5,4425.89990234375,4428.5,60.0,yahoo,GC=F
2026-09-18T08:38:00Z,4428.7001953125,4429.5,4426.60009765625,4426.7998046875,83.0,yahoo,GC=F
2026-09-18T08:39:00Z,4426.7001953125,4427.60009765625,4426.5,4426.5,48.0,yahoo,GC=F
2026-09-18T08:40:00Z,4426.7998046875,4426.7998046875,4425.39990234375,4425.89990234375,78.0,yahoo,GC=F
2026-09-18T08:41:00Z,4426.10009765625,4426.10009765625,4425.39990234375,4425.7998046875,48.0,yahoo,GC=F
2026-09-18T08:42:00Z,4425.60009765625,4426.39990234375,4425.2001953125,4425.5,59.0,yahoo,GC=F
2026-09-18T08:43:00Z,4425.60009765625,4426.10009765625,4424.89990234375,4425.0,92.0,yahoo,GC=F
2026-09-18T08:44:00Z,4425.39990234375,4427.10009765625,4425.39990234375,4426.5,66.0,yahoo,GC=F
2026-09-18T08:45:00Z,4426.5,4427.7998046875,4426.39990234375,4426.60009765625,52.0,yahoo,GC=F
2026-09-18T08:46:00Z,4426.89990234375,4426.89990234375,4425.89990234375,4426.7001953125,50.0,yahoo,GC=F
2026-09-18T08:47:00Z,4427.5,4428.89990234375,4427.0,4428.2998046875,38.0,yahoo,GC=F
2026-09-18T08:48:00Z,4428.2001953125,4428.7001953125,4428.0,4428.0,19.0,yahoo,GC=F
2026-09-18T08:49:00Z,4428.10009765625,4428.2001953125,4426.7001953125,4426.7998046875,73.0,yahoo,GC=F
2026-09-18T08:50:00Z,4426.7001953125,4429.0,4426.7001953125,4428.2001953125,129.0,yahoo,GC=F
2026-09-18T08:51:00Z,4428.39990234375,4428.39990234375,4427.10009765625,4427.7998046875,22.0,yahoo,GC=F
2026-09-18T08:52:00Z,4427.89990234375,4429.7001953125,4427.7001953125,4429.7001953125,65.0,yahoo,GC=F
2026-09-18T08:53:00Z,4429.7998046875,4431.2998046875,4429.0,4431.10009765625,164.0,yahoo,GC=F
2026-09-18T08:54:00Z,4430.7998046875,4433.0,4430.60009765625,4432.10009765625,152.0,yahoo,GC=F
2026-09-18T08:55:00Z,4432.0,4432.7001953125,4431.7001953125,4432.7001953125,63.0,yahoo,GC=F
2026-09-18T08:56:00Z,4432.7001953125,4434.2001953125,4432.2001953125,4434.2001953125,51.0,yahoo,GC=F
2026-09-18T08:57:00Z,4434.0,4434.2001953125,4433.5,4434.10009765625,72.0,yahoo,GC=F
2026-09-18T08:58:00Z,4433.89990234375,4434.0,4432.2001953125,4432.2001953125,55.0,yahoo,GC=F
2026-09-18T08:59:00Z,4432.2001953125,4432.7001953125,4431.89990234375,4432.10009765625,51.0,yahoo,GC=F
2026-09-18T09:00:00Z,4432.2998046875,4432.60009765625,4431.5,4432.39990234375,69.0,yahoo,GC=F
2026-09-18T09:01:00Z,4432.2998046875,4432.89990234375,4431.7001953125,4431.89990234375,29.0,yahoo,GC=F
2026-09-18T09:02:00Z,4432.5,4434.2001953125,4432.39990234375,4433.89990234375,76.0,yahoo,GC=F
2026-09-18T09:03:00Z,4434.0,4434.39990234375,4433.5,4434.2001953125,37.0,yahoo,GC=F
2026-09-18T09:04:00Z,4434.2998046875,4435.39990234375,4434.10009765625,4435.0,46.0,yahoo,GC=F
2026-09-18T09:05:00Z,4435.0,4435.0,4434.2998046875,4434.89990234375,57.0,yahoo,GC=F
2026-09-18T09:06:00Z,4435.0,4436.5,4434.7998046875,4436.10009765625,82.0,yahoo,GC=F
2026-09-18T09:07:00Z,4436.10009765625,4437.2001953125,4435.7998046875,4436.39990234375,46.0,yahoo,GC=F
2026-09-18T09:08:00Z,4436.5,4437.2001953125,4436.39990234375,4437.10009765625,56.0,yahoo,GC=F
2026-09-18T09:09:00Z,4436.7998046875,4437.10009765625,4435.5,4436.10009765625,66.0,yahoo,GC=F
2026-09-18T09:10:00Z,4436.2998046875,4438.2001953125,4436.0,4438.0,64.0,yahoo,GC=F
2026-09-18T09:11:00Z,4437.7998046875,4438.2998046875,4437.60009765625,4438.0,40.0,yahoo,GC=F
2026-09-18T09:12:00Z,4437.7998046875,4437.7998046875,4436.60009765625,4436.7998046875,41.0,yahoo,GC=F
2026-09-18T09:13:00Z,4436.7998046875,4437.2001953125,4436.60009765625,4436.7001953125,77.0,yahoo,GC=F
2026-09-18T09:14:00Z,4436.5,4436.5,4434.2001953125,4434.60009765625,198.0,yahoo,GC=F
2026-09-18T09:15:00Z,4434.7001953125,4435.2998046875,4434.10009765625,4435.0,70.0,yahoo,GC=F
2026-09-18T09:16:00Z,4434.7998046875,4435.2001953125,4434.2001953125,4434.2001953125,38.0,yahoo,GC=F
2026-09-18T09:17:00Z,4434.39990234375,4434.39990234375,4433.5,4433.7998046875,54.0,yahoo,GC=F
2026-09-18T09:18:00Z,4434.2001953125,4434.39990234375,4432.60009765625,4433.0,43.0,yahoo,GC=F
2026-09-18T09:19:00Z,4432.89990234375,4433.60009765625,4432.89990234375,4433.0,38.0,yahoo,GC=F
2026-09-18T09:20:00Z,4433.10009765625,4434.89990234375,4433.10009765625,4434.7998046875,90.0,yahoo,GC=F
2026-09-18T09:21:00Z,4434.89990234375,4435.0,4433.7001953125,4433.7001953125,25.0,yahoo,GC=F
2026-09-18T09:22:00Z,4434.0,4434.7001953125,4433.39990234375,4433.39990234375,46.0,yahoo,GC=F
2026-09-18T09:23:00Z,4433.10009765625,4433.10009765625,4431.89990234375,4432.0,41.0,yahoo,GC=F
2026-09-18T09:24:00Z,4431.89990234375,4432.10009765625,4431.0,4431.2001953125,45.0,yahoo,GC=F
2026-09-18T09:25:00Z,4431.0,4431.2001953125,4427.2001953125,4427.5,378.0,yahoo,GC=F
2026-09-18T09:26:00Z,4427.7001953125,4427.89990234375,4426.0,4426.89990234375,84.0,yahoo,GC=F
2026-09-18T09:27:00Z,4427.2001953125,4427.7001953125,4425.89990234375,4427.7001953125,106.0,yahoo,GC=F
2026-09-18T09:28:00Z,4427.7998046875,4428.2998046875,4426.89990234375,4427.89990234375,48.0,yahoo,GC=F
2026-09-18T09:29:00Z,4428.2001953125,4428.2998046875,4427.2998046875,4428.0,42.0,yahoo,GC=F
2026-09-18T09:30:00Z,4427.7001953125,4428.39990234375,4426.5,4427.39990234375,135.0,yahoo,GC=F
2026-09-18T09:31:00Z,4427.5,4428.7998046875,4427.2001953125,4428.7998046875,136.0,yahoo,GC=F
2026-09-18T09:32:00Z,4428.7001953125,4429.0,4427.60009765625,4427.89990234375,93.0,yahoo,GC=F
2026-09-18T09:33:00Z,4428.0,4428.0,4425.7998046875,4426.2998046875,142.0,yahoo,GC=F
2026-09-18T09:34:00Z,4426.2998046875,4426.5,4425.7001953125,4426.0,76.0,yahoo,GC=F
2026-09-18T09:35:00Z,4425.89990234375,4426.60009765625,4425.7001953125,4426.0,69.0,yahoo,GC=F
2026-09-18T09:36:00Z,4426.10009765625,4426.39990234375,4425.10009765625,4425.39990234375,61.0,yahoo,GC=F
2026-09-18T09:37:00Z,4425.2998046875,4426.2998046875,4425.10009765625,4425.39990234375,46.0,yahoo,GC=F
2026-09-18T09:38:00Z,4425.2998046875,4425.2998046875,4422.2001953125,4422.5,164.0,yahoo,GC=F
2026-09-18T09:39:00Z,4422.39990234375,4422.60009765625,4421.10009765625,4421.60009765625,162.0,yahoo,GC=F
2026-09-18T09:40:00Z,4421.60009765625,4422.10009765625,4420.39990234375,4421.39990234375,145.0,yahoo,GC=F
2026-09-18T09:41:00Z,4421.39990234375,4421.39990234375,4419.2998046875,4419.60009765625,153.0,yahoo,GC=F
2026-09-18T09:42:00Z,4419.7001953125,4421.39990234375,4419.0,4419.7998046875,192.0,yahoo,GC=F
2026-09-18T09:43:00Z,4419.89990234375,4420.7001953125,4418.39990234375,4418.39990234375,220.0,yahoo,GC=F
2026-09-18T09:44:00Z,4418.39990234375,4418.60009765625,4416.60009765625,4416.60009765625,135.0,yahoo,GC=F
2026-09-18T09:45:00Z,4416.5,4417.0,4414.2001953125,4414.7998046875,291.0,yahoo,GC=F
2026-09-18T09:46:00Z,4414.7001953125,4416.7998046875,4413.10009765625,4415.7998046875,343.0,yahoo,GC=F
2026-09-18T09:47:00Z,4415.7998046875,4416.7998046875,4415.5,4416.5,102.0,yahoo,GC=F
2026-09-18T09:48:00Z,4416.10009765625,4416.89990234375,4413.7001953125,4415.5,124.0,yahoo,GC=F
2026-09-18T09:49:00Z,4414.89990234375,4415.39990234375,4414.2998046875,4414.60009765625,45.0,yahoo,GC=F
2026-09-18T09:50:00Z,4414.7001953125,4415.89990234375,4414.2998046875,4414.7998046875,68.0,yahoo,GC=F
2026-09-18T09:51:00Z,4415.0,4416.7001953125,4414.89990234375,4416.10009765625,91.0,yahoo,GC=F
2026-09-18T09:52:00Z,4416.0,4416.2998046875,4415.0,4416.10009765625,104.0,yahoo,GC=F
2026-09-18T09:53:00Z,4415.7001953125,4416.5,4415.10009765625,4416.39990234375,74.0,yahoo,GC=F
2026-09-18T09:54:00Z,4416.5,4418.2001953125,4416.2998046875,4418.10009765625,94.0,yahoo,GC=F
2026-09-18T09:55:00Z,4418.2998046875,4418.2998046875,4417.0,4417.0,89.0,yahoo,GC=F
2026-09-18T09:56:00Z,4417.2001953125,4417.5,4416.10009765625,4416.2998046875,53.0,yahoo,GC=F
2026-09-18T09:57:00Z,4416.2998046875,4417.7998046875,4415.7998046875,4417.7001953125,66.0,yahoo,GC=F
2026-09-18T09:58:00Z,4417.5,4417.7001953125,4415.89990234375,4416.5,45.0,yahoo,GC=F
2026-09-18T09:59:00Z,4416.89990234375,4416.89990234375,4416.10009765625,4416.10009765625,30.0,yahoo,GC=F
2026-09-18T10:00:00Z,4416.39990234375,4419.2001953125,4416.2998046875,4417.0,138.0,yahoo,GC=F
2026-09-18T10:01:00Z,4417.2001953125,4417.89990234375,4416.2998046875,4416.5,51.0,yahoo,GC=F
2026-09-18T10:02:00Z,4416.2998046875,4417.39990234375,4415.5,4416.39990234375,94.0,yahoo,GC=F
2026-09-18T10:03:00Z,4416.10009765625,4416.89990234375,4415.7998046875,4416.39990234375,65.0,yahoo,GC=F
2026-09-18T10:04:00Z,4416.2998046875,4418.0,4416.2998046875,4416.7001953125,86.0,yahoo,GC=F
2026-09-18T10:05:00Z,4416.60009765625,4417.10009765625,4415.89990234375,4416.7001953125,63.0,yahoo,GC=F
2026-09-18T10:06:00Z,4416.39990234375,4417.89990234375,4416.10009765625,4417.89990234375,24.0,yahoo,GC=F
2026-09-18T10:07:00Z,4417.60009765625,4419.10009765625,4417.10009765625,4418.89990234375,96.0,yahoo,GC=F
2026-09-18T10:08:00Z,4418.5,4419.0,4418.10009765625,4418.2998046875,36.0,yahoo,GC=F
2026-09-18T10:09:00Z,4418.5,4419.7001953125,4418.39990234375,4418.89990234375,45.0,yahoo,GC=F
2026-09-18T10:10:00Z,4418.89990234375,4419.2998046875,4418.7001953125,4418.89990234375,27.0,yahoo,GC=F
2026-09-18T10:11:00Z,4418.5,4419.10009765625,4418.0,4418.7001953125,31.0,yahoo,GC=F
2026-09-18T10:12:00Z,4418.7001953125,4419.39990234375,4418.7001953125,4418.7001953125,51.0,yahoo,GC=F
2026-09-18T10:13:00Z,4418.7001953125,4419.89990234375,4417.89990234375,4419.60009765625,39.0,yahoo,GC=F
2026-09-18T10:14:00Z,4419.7001953125,4419.7001953125,4418.60009765625,4418.7998046875,23.0,yahoo,GC=F
2026-09-18T10:15:00Z,4419.0,4419.89990234375,4418.7001953125,4419.5,44.0,yahoo,GC=F
2026-09-18T10:16:00Z,4419.7998046875,4419.7998046875,4417.2001953125,4417.7998046875,29.0,yahoo,GC=F
2026-09-18T10:17:00Z,4417.7998046875,4419.10009765625,4417.7001953125,4418.5,20.0,yahoo,GC=F
2026-09-18T10:18:00Z,4418.2998046875,4418.7001953125,4417.5,4417.5,14.0,yahoo,GC=F
2026-09-18T10:19:00Z,4417.7998046875,4419.60009765625,4417.7998046875,4419.60009765625,25.0,yahoo,GC=F
2026-09-18T10:20:00Z,4419.2998046875,4420.2001953125,4419.2998046875,4419.5,24.0,yahoo,GC=F
2026-09-18T10:21:00Z,4419.5,4419.7998046875,4417.89990234375,4419.0,57.0,yahoo,GC=F
2026-09-18T10:22:00Z,4419.0,4419.5,4418.60009765625,4419.5,28.0,yahoo,GC=F
2026-09-18T10:23:00Z,4418.7998046875,4420.7998046875,4418.0,4420.2001953125,67.0,yahoo,GC=F
2026-09-18T10:24:00Z,4420.0,4420.39990234375,4419.60009765625,4420.0,14.0,yahoo,GC=F
2026-09-18T10:25:00Z,4419.60009765625,4419.60009765625,4418.89990234375,4418.89990234375,10.0,yahoo,GC=F
2026-09-18T10:26:00Z,4419.0,4419.7998046875,4418.7998046875,4419.7998046875,17.0,yahoo,GC=F
2026-09-18T10:27:00Z,4419.5,4419.7998046875,4419.10009765625,4419.5,22.0,yahoo,GC=F
2026-09-18T10:28:00Z,4419.7998046875,4420.7998046875,4419.2998046875,4420.5,65.0,yahoo,GC=F
2026-09-18T10:29:00Z,4420.60009765625,4421.39990234375,4420.0,4421.39990234375,63.0,yahoo,GC=F
2026-09-18T10:30:00Z,4421.2998046875,4422.10009765625,4420.7001953125,4421.2001953125,114.0,yahoo,GC=F
2026-09-18T10:31:00Z,4421.2998046875,4421.2998046875,4420.10009765625,4420.10009765625,85.0,yahoo,GC=F
2026-09-18T10:32:00Z,4420.0,4420.0,4418.10009765625,4419.2998046875,102.0,yahoo,GC=F
2026-09-18T10:33:00Z,4419.2998046875,4421.2998046875,4419.2998046875,4420.7998046875,87.0,yahoo,GC=F
2026-09-18T10:34:00Z,4420.89990234375,4421.2001953125,4420.5,4420.7998046875,16.0,yahoo,GC=F
2026-09-18T10:35:00Z,4420.7998046875,4421.2998046875,4420.2001953125,4421.2001953125,38.0,yahoo,GC=F
2026-09-18T10:36:00Z,4421.10009765625,4421.39990234375,4420.7998046875,4421.2001953125,37.0,yahoo,GC=F
2026-09-18T10:37:00Z,4421.2001953125,4422.2001953125,4421.0,4421.0,57.0,yahoo,GC=F
2026-09-18T10:38:00Z,4420.89990234375,4421.5,4420.0,4420.0,47.0,yahoo,GC=F
2026-09-18T10:39:00Z,4419.89990234375,4421.10009765625,4419.89990234375,4420.5,9.0,yahoo,GC=F
2026-09-18T10:40:00Z,4420.2001953125,4420.60009765625,4419.10009765625,4419.60009765625,89.0,yahoo,GC=F
2026-09-18T10:41:00Z,4419.2998046875,4420.2001953125,4418.7998046875,4419.39990234375,58.0,yahoo,GC=F
2026-09-18T10:42:00Z,4419.2998046875,4419.60009765625,4419.0,4419.2998046875,21.0,yahoo,GC=F
2026-09-18T10:43:00Z,4419.2998046875,4421.2001953125,4418.89990234375,4420.5,38.0,yahoo,GC=F
2026-09-18T10:44:00Z,4420.5,4421.10009765625,4420.39990234375,4421.10009765625,9.0,yahoo,GC=F
2026-09-18T10:45:00Z,4420.89990234375,4421.10009765625,4420.39990234375,4420.39990234375,11.0,yahoo,GC=F
2026-09-18T10:46:00Z,4420.0,4420.0,4418.0,4418.2998046875,15.0,yahoo,GC=F
2026-09-18T10:47:00Z,4418.2001953125,4418.89990234375,4417.5,4417.7001953125,35.0,yahoo,GC=F
2026-09-18T10:48:00Z,4417.60009765625,4417.60009765625,4417.0,4417.10009765625,47.0,yahoo,GC=F
2026-09-18T10:49:00Z,4417.10009765625,4418.60009765625,4417.0,4418.39990234375,74.0,yahoo,GC=F
2026-09-18T10:50:00Z,4418.60009765625,4418.89990234375,4416.5,4416.5,103.0,yahoo,GC=F
2026-09-18T10:51:00Z,4416.39990234375,4417.7001953125,4415.7998046875,4416.60009765625,94.0,yahoo,GC=F
2026-09-18T10:52:00Z,4416.5,4416.60009765625,4415.89990234375,4416.5,22.0,yahoo,GC=F
2026-09-18T10:53:00Z,4416.60009765625,4417.39990234375,4416.2001953125,4417.39990234375,42.0,yahoo,GC=F
2026-09-18T10:54:00Z,4417.0,4417.2001953125,4416.89990234375,4417.2001953125,10.0,yahoo,GC=F
2026-09-18T10:55:00Z,4416.7998046875,4417.89990234375,4416.7001953125,4417.7001953125,14.0,yahoo,GC=F
2026-09-18T10:56:00Z,4417.2998046875,4418.7998046875,4417.2998046875,4418.7998046875,25.0,yahoo,GC=F
2026-09-18T10:57:00Z,4419.0,4419.7001953125,4418.7998046875,4419.7001953125,43.0,yahoo,GC=F
2026-09-18T10:58:00Z,4419.5,4420.60009765625,4419.5,4419.7001953125,49.0,yahoo,GC=F
2026-09-18T10:59:00Z,4420.2001953125,4421.60009765625,4420.2001953125,4421.2998046875,78.0,yahoo,GC=F
2026-09-18T11:00:00Z,4421.2001953125,4422.60009765625,4420.60009765625,4422.0,64.0,yahoo,GC=F
2026-09-18T11:01:00Z,4422.5,4425.5,4422.2998046875,4424.60009765625,212.0,yahoo,GC=F
2026-09-18T11:02:00Z,4424.60009765625,4426.0,4424.39990234375,4425.7001953125,88.0,yahoo,GC=F
2026-09-18T11:03:00Z,4425.7001953125,4426.39990234375,4423.89990234375,4424.7001953125,146.0,yahoo,GC=F
2026-09-18T11:04:00Z,4424.60009765625,4425.0,4424.10009765625,4424.7998046875,38.0,yahoo,GC=F
2026-09-18T11:05:00Z,4424.7001953125,4425.5,4417.7001953125,4418.2998046875,613.0,yahoo,GC=F
2026-09-18T11:06:00Z,4418.5,4421.0,4416.7998046875,4420.7001953125,203.0,yahoo,GC=F
2026-09-18T11:07:00Z,4421.10009765625,4423.2998046875,4420.7998046875,4423.2998046875,96.0,yahoo,GC=F
2026-09-18T11:08:00Z,4423.39990234375,4425.2001953125,4423.2001953125,4423.39990234375,58.0,yahoo,GC=F
2026-09-18T11:09:00Z,4422.7998046875,4425.60009765625,4422.7998046875,4425.2001953125,28.0,yahoo,GC=F
2026-09-18T11:10:00Z,4425.2001953125,4426.7001953125,4424.60009765625,4426.2998046875,57.0,yahoo,GC=F
2026-09-18T11:11:00Z,4426.5,4428.10009765625,4426.39990234375,4426.39990234375,105.0,yahoo,GC=F
2026-09-18T11:12:00Z,4426.2998046875,4427.39990234375,4426.10009765625,4427.0,66.0,yahoo,GC=F
2026-09-18T11:13:00Z,4426.60009765625,4427.39990234375,4424.7998046875,4425.7998046875,63.0,yahoo,GC=F
2026-09-18T11:14:00Z,4425.7998046875,4427.7998046875,4425.2001953125,4427.7998046875,48.0,yahoo,GC=F
2026-09-18T11:15:00Z,4427.39990234375,4427.89990234375,4425.60009765625,4426.2998046875,73.0,yahoo,GC=F
2026-09-18T11:16:00Z,4426.0,4426.2001953125,4423.2998046875,4423.7001953125,45.0,yahoo,GC=F
2026-09-18T11:17:00Z,4423.39990234375,4423.39990234375,4420.39990234375,4421.2001953125,134.0,yahoo,GC=F
2026-09-18T11:18:00Z,4421.39990234375,4422.10009765625,4420.7998046875,4422.0,38.0,yahoo,GC=F
2026-09-18T11:19:00Z,4422.10009765625,4422.7001953125,4420.60009765625,4421.10009765625,53.0,yahoo,GC=F
2026-09-18T11:20:00Z,4421.10009765625,4421.7001953125,4420.7001953125,4421.7001953125,39.0,yahoo,GC=F
2026-09-18T11:21:00Z,4421.89990234375,4422.89990234375,4421.2998046875,4422.0,15.0,yahoo,GC=F
2026-09-18T11:22:00Z,4422.0,4422.10009765625,4420.5,4422.0,54.0,yahoo,GC=F
2026-09-18T11:23:00Z,4422.0,4422.2998046875,4421.39990234375,4421.89990234375,22.0,yahoo,GC=F
2026-09-18T11:24:00Z,4422.0,4423.0,4420.89990234375,4421.0,62.0,yahoo,GC=F
2026-09-18T11:25:00Z,4421.0,4422.5,4421.0,4421.39990234375,84.0,yahoo,GC=F
2026-09-18T11:26:00Z,4421.60009765625,4422.2998046875,4421.10009765625,4421.10009765625,36.0,yahoo,GC=F
2026-09-18T11:27:00Z,4421.39990234375,4421.7998046875,4419.39990234375,4420.7001953125,61.0,yahoo,GC=F
2026-09-18T11:28:00Z,4420.5,4421.2001953125,4419.10009765625,4419.10009765625,34.0,yahoo,GC=F
2026-09-18T11:29:00Z,4418.60009765625,4418.7998046875,4416.89990234375,4416.89990234375,93.0,yahoo,GC=F
2026-09-18T11:30:00Z,4417.2998046875,4418.2998046875,4416.60009765625,4416.89990234375,78.0,yahoo,GC=F
2026-09-18T11:31:00Z,4417.0,4418.7998046875,4416.7998046875,4418.7998046875,87.0,yahoo,GC=F
2026-09-18T11:32:00Z,4418.5,4420.39990234375,4418.5,4419.7998046875,33.0,yahoo,GC=F
2026-09-18T11:33:00Z,4419.2998046875,4420.7001953125,4419.2998046875,4420.0,24.0,yahoo,GC=F
2026-09-18T11:34:00Z,4419.60009765625,4420.2998046875,4418.7998046875,4419.60009765625,94.0,yahoo,GC=F
2026-09-18T11:35:00Z,4420.0,4421.0,4420.0,4420.7001953125,36.0,yahoo,GC=F
2026-09-18T11:36:00Z,4421.0,4422.0,4420.0,4420.89990234375,53.0,yahoo,GC=F
2026-09-18T11:37:00Z,4420.89990234375,4421.60009765625,4420.10009765625,4420.2001953125,58.0,yahoo,GC=F
2026-09-18T11:38:00Z,4419.5,4419.5,4417.7001953125,4417.89990234375,63.0,yahoo,GC=F
2026-09-18T11:39:00Z,4417.89990234375,4418.89990234375,4417.89990234375,4418.5,67.0,yahoo,GC=F
2026-09-18T11:40:00Z,4418.10009765625,4418.10009765625,4416.7998046875,4417.5,46.0,yahoo,GC=F
2026-09-18T11:41:00Z,4418.2998046875,4418.89990234375,4418.2998046875,4418.60009765625,14.0,yahoo,GC=F
2026-09-18T11:42:00Z,4418.2998046875,4418.2998046875,4416.60009765625,4417.0,33.0,yahoo,GC=F
2026-09-18T11:43:00Z,4416.89990234375,4416.89990234375,4413.7998046875,4414.0,266.0,yahoo,GC=F
2026-09-18T11:44:00Z,4414.2001953125,4415.5,4414.10009765625,4414.7998046875,75.0,yahoo,GC=F
2026-09-18T11:45:00Z,4415.0,4416.5,4414.5,4415.5,48.0,yahoo,GC=F
2026-09-18T11:46:00Z,4414.7998046875,4416.5,4414.5,4416.10009765625,63.0,yahoo,GC=F
2026-09-18T11:47:00Z,4415.7001953125,4415.89990234375,4413.7001953125,4415.2001953125,63.0,yahoo,GC=F
2026-09-18T11:48:00Z,4415.2998046875,4415.7998046875,4414.89990234375,4415.60009765625,60.0,yahoo,GC=F
2026-09-18T11:49:00Z,4415.2001953125,4416.7998046875,4415.2001953125,4415.39990234375,79.0,yahoo,GC=F
2026-09-18T11:50:00Z,4415.2998046875,4415.60009765625,4413.7001953125,4413.7998046875,52.0,yahoo,GC=F
2026-09-18T11:51:00Z,4413.7001953125,4414.7001953125,4411.7001953125,4412.39990234375,216.0,yahoo,GC=F
2026-09-18T11:52:00Z,4412.60009765625,4413.2998046875,4412.5,4413.10009765625,286.0,yahoo,GC=F
2026-09-18T11:53:00Z,4413.2001953125,4414.89990234375,4413.0,4413.0,114.0,yahoo,GC=F
2026-09-18T11:54:00Z,4413.0,4413.10009765625,4411.39990234375,4412.39990234375,158.0,yahoo,GC=F
2026-09-18T11:55:00Z,4412.5,4413.5,4411.89990234375,4413.2001953125,94.0,yahoo,GC=F
2026-09-18T11:56:00Z,4413.2998046875,4414.7998046875,4413.10009765625,4414.7998046875,57.0,yahoo,GC=F
2026-09-18T11:57:00Z,4414.7998046875,4415.7001953125,4413.7998046875,4414.10009765625,84.0,yahoo,GC=F
2026-09-18T11:58:00Z,4414.0,4417.2001953125,4413.89990234375,4417.2001953125,73.0,yahoo,GC=F
2026-09-18T11:59:00Z,4417.39990234375,4421.10009765625,4416.7001953125,4420.7998046875,321.0,yahoo,GC=F
2026-09-18T12:00:00Z,4420.89990234375,4421.89990234375,4419.39990234375,4419.89990234375,295.0,yahoo,GC=F
2026-09-18T12:01:00Z,4420.0,4421.0,4418.7998046875,4419.60009765625,160.0,yahoo,GC=F
2026-09-18T12:02:00Z,4420.10009765625,4420.89990234375,4415.2998046875,4415.2998046875,154.0,yahoo,GC=F
2026-09-18T12:03:00Z,4415.2998046875,4416.2998046875,4414.60009765625,4415.60009765625,99.0,yahoo,GC=F
2026-09-18T12:04:00Z,4415.60009765625,4421.39990234375,4412.7001953125,4419.0,489.0,yahoo,GC=F
2026-09-18T12:05:00Z,4419.10009765625,4420.7998046875,4413.2001953125,4413.7001953125,323.0,yahoo,GC=F
2026-09-18T12:06:00Z,4413.7001953125,4413.7001953125,4411.2998046875,4412.7998046875,132.0,yahoo,GC=F
2026-09-18T12:07:00Z,4412.7001953125,4413.10009765625,4410.7001953125,4411.2998046875,173.0,yahoo,GC=F
2026-09-18T12:08:00Z,4411.5,4412.39990234375,4410.5,4411.5,144.0,yahoo,GC=F
2026-09-18T12:09:00Z,4411.10009765625,4415.2001953125,4410.60009765625,4413.7001953125,216.0,yahoo,GC=F
2026-09-18T12:10:00Z,4413.7001953125,4414.0,4411.2001953125,4412.89990234375,96.0,yahoo,GC=F
2026-09-18T12:11:00Z,4412.60009765625,4412.60009765625,4409.39990234375,4409.89990234375,155.0,yahoo,GC=F
2026-09-18T12:12:00Z,4410.0,4412.7001953125,4409.5,4412.0,68.0,yahoo,GC=F
2026-09-18T12:13:00Z,4412.5,4412.7001953125,4410.5,4412.7001953125,63.0,yahoo,GC=F
2026-09-18T12:14:00Z,4412.7001953125,4412.7001953125,4410.89990234375,4412.0,71.0,yahoo,GC=F
2026-09-18T12:15:00Z,4412.5,4412.5,4411.2998046875,4411.60009765625,56.0,yahoo,GC=F
2026-09-18T12:16:00Z,4411.5,4411.7001953125,4410.2998046875,4410.7001953125,83.0,yahoo,GC=F
2026-09-18T12:17:00Z,4411.0,4412.7998046875,4410.39990234375,4412.5,68.0,yahoo,GC=F
2026-09-18T12:18:00Z,4412.2001953125,4415.89990234375,4410.5,4413.10009765625,269.0,yahoo,GC=F
2026-09-18T12:19:00Z,4411.89990234375,4412.2001953125,4409.60009765625,4410.10009765625,122.0,yahoo,GC=F
2026-09-18T12:20:00Z,4410.0,4410.0,4406.2998046875,4406.5,428.0,yahoo,GC=F
2026-09-18T12:21:00Z,4406.7001953125,4406.7001953125,4403.2998046875,4404.2998046875,522.0,yahoo,GC=F
2026-09-18T12:22:00Z,4404.7001953125,4405.60009765625,4403.39990234375,4404.7001953125,328.0,yahoo,GC=F
2026-09-18T12:23:00Z,4404.5,4404.7001953125,4398.39990234375,4400.2998046875,555.0,yahoo,GC=F
2026-09-18T12:24:00Z,4400.2001953125,4400.60009765625,4395.39990234375,4395.7998046875,413.0,yahoo,GC=F
2026-09-18T12:25:00Z,4395.7001953125,4397.39990234375,4394.7998046875,4396.0,277.0,yahoo,GC=F
2026-09-18T12:26:00Z,4396.0,4399.2001953125,4395.2001953125,4395.7001953125,464.0,yahoo,GC=F
2026-09-18T12:27:00Z,4395.7001953125,4396.7001953125,4392.39990234375,4394.7998046875,368.0,yahoo,GC=F
2026-09-18T12:28:00Z,4394.60009765625,4396.60009765625,4393.89990234375,4396.39990234375,218.0,yahoo,GC=F
2026-09-18T12:29:00Z,4396.2998046875,4398.60009765625,4394.7998046875,4397.0,292.0,yahoo,GC=F
2026-09-18T12:30:00Z,4397.0,4400.5,4396.7001953125,4399.5,298.0,yahoo,GC=F
2026-09-18T12:31:00Z,4400.5,4403.5,4399.7001953125,4402.60009765625,383.0,yahoo,GC=F
2026-09-18T12:32:00Z,4402.60009765625,4407.2001953125,4402.2001953125,4405.2001953125,425.0,yahoo,GC=F
2026-09-18T12:33:00Z,4404.7001953125,4408.10009765625,4403.7001953125,4407.7001953125,118.0,yahoo,GC=F
2026-09-18T12:34:00Z,4407.7001953125,4409.89990234375,4407.5,4409.60009765625,153.0,yahoo,GC=F
2026-09-18T12:35:00Z,4409.5,4411.7998046875,4409.5,4411.2001953125,367.0,yahoo,GC=F
2026-09-18T12:36:00Z,4410.7998046875,4412.2001953125,4409.7001953125,4410.2001953125,185.0,yahoo,GC=F
2026-09-18T12:37:00Z,4410.0,4410.10009765625,4407.7998046875,4409.39990234375,170.0,yahoo,GC=F
2026-09-18T12:38:00Z,4409.60009765625,4410.10009765625,4408.5,4408.5,126.0,yahoo,GC=F
2026-09-18T12:39:00Z,4408.2001953125,4408.89990234375,4407.10009765625,4407.2998046875,132.0,yahoo,GC=F
2026-09-18T12:40:00Z,4407.7001953125,4409.60009765625,4407.7001953125,4408.2001953125,39.0,yahoo,GC=F
2026-09-18T12:41:00Z,4408.39990234375,4409.10009765625,4405.7998046875,4406.60009765625,126.0,yahoo,GC=F
2026-09-18T12:42:00Z,4406.7998046875,4408.2001953125,4405.5,4408.2001953125,108.0,yahoo,GC=F
2026-09-18T12:43:00Z,4408.2001953125,4408.60009765625,4407.39990234375,4408.0,62.0,yahoo,GC=F
2026-09-18T12:44:00Z,4408.5,4408.89990234375,4406.7001953125,4407.89990234375,61.0,yahoo,GC=F
2026-09-18T12:45:00Z,4408.2001953125,4409.7001953125,4407.10009765625,4407.2998046875,114.0,yahoo,GC=F
2026-09-18T12:46:00Z,4407.10009765625,4407.39990234375,4405.89990234375,4406.0,76.0,yahoo,GC=F
2026-09-18T12:47:00Z,4406.2998046875,4409.0,4405.2998046875,4407.2998046875,222.0,yahoo,GC=F
2026-09-18T12:48:00Z,4406.89990234375,4407.10009765625,4406.2001953125,4406.89990234375,20.0,yahoo,GC=F
2026-09-18T12:49:00Z,4407.2001953125,4408.0,4406.89990234375,4407.60009765625,30.0,yahoo,GC=F
2026-09-18T12:50:00Z,4407.2001953125,4409.10009765625,4407.10009765625,4407.7998046875,77.0,yahoo,GC=F
2026-09-18T12:51:00Z,4407.89990234375,4408.7001953125,4405.7998046875,4406.39990234375,118.0,yahoo,GC=F
2026-09-18T12:52:00Z,4406.10009765625,4406.10009765625,4405.2001953125,4405.7001953125,48.0,yahoo,GC=F
2026-09-18T12:53:00Z,4405.60009765625,4407.7001953125,4405.60009765625,4406.2001953125,104.0,yahoo,GC=F
2026-09-18T12:54:00Z,4406.2001953125,4407.2001953125,4406.2001953125,4407.2001953125,41.0,yahoo,GC=F
2026-09-18T12:55:00Z,4407.39990234375,4407.39990234375,4405.7998046875,4406.2001953125,55.0,yahoo,GC=F
2026-09-18T12:56:00Z,4406.5,4407.7001953125,4405.7998046875,4407.39990234375,38.0,yahoo,GC=F
2026-09-18T12:57:00Z,4407.5,4408.0,4406.0,4406.2998046875,38.0,yahoo,GC=F
2026-09-18T12:58:00Z,4406.10009765625,4407.60009765625,4405.10009765625,4405.89990234375,63.0,yahoo,GC=F
2026-09-18T12:59:00Z,4406.2001953125,4408.7001953125,4406.2001953125,4407.60009765625,162.0,yahoo,GC=F
2026-09-18T13:00:00Z,4408.0,4411.60009765625,4406.60009765625,4411.10009765625,486.0,yahoo,GC=F
2026-09-18T13:01:00Z,4411.2001953125,4412.7998046875,4408.60009765625,4409.0,511.0,yahoo,GC=F
2026-09-18T13:02:00Z,4408.2998046875,4408.5,4403.2998046875,4404.10009765625,311.0,yahoo,GC=F
2026-09-18T13:03:00Z,4404.5,4405.89990234375,4402.5,4405.10009765625,218.0,yahoo,GC=F
2026-09-18T13:04:00Z,4405.2998046875,4410.0,4405.2998046875,4410.0,171.0,yahoo,GC=F
2026-09-18T13:05:00Z,4410.2001953125,4411.5,4409.39990234375,4409.5,120.0,yahoo,GC=F
2026-09-18T13:06:00Z,4409.7001953125,4412.60009765625,4409.7001953125,4412.10009765625,103.0,yahoo,GC=F
2026-09-18T13:07:00Z,4411.39990234375,4413.39990234375,4409.7998046875,4411.0,173.0,yahoo,GC=F
2026-09-18T13:08:00Z,4411.2001953125,4414.2001953125,4411.2001953125,4414.0,103.0,yahoo,GC=F
2026-09-18T13:09:00Z,4413.7001953125,4414.5,4411.39990234375,4411.39990234375,80.0,yahoo,GC=F
2026-09-18T13:10:00Z,4411.2998046875,4412.10009765625,4409.0,4411.7998046875,180.0,yahoo,GC=F
2026-09-18T13:11:00Z,4411.39990234375,4411.7998046875,4409.7001953125,4411.39990234375,64.0,yahoo,GC=F
2026-09-18T13:12:00Z,4411.2998046875,4411.7998046875,4409.60009765625,4410.60009765625,69.0,yahoo,GC=F
2026-09-18T13:13:00Z,4410.60009765625,4411.10009765625,4410.2998046875,4410.5,38.0,yahoo,GC=F
2026-09-18T13:14:00Z,4410.2001953125,4411.2998046875,4409.7001953125,4410.60009765625,88.0,yahoo,GC=F
2026-09-18T13:15:00Z,4410.7001953125,4413.2001953125,4410.39990234375,4412.0,112.0,yahoo,GC=F
2026-09-18T13:16:00Z,4411.7998046875,4413.39990234375,4410.2001953125,4412.0,186.0,yahoo,GC=F
2026-09-18T13:17:00Z,4412.0,4412.60009765625,4411.60009765625,4412.2001953125,54.0,yahoo,GC=F
2026-09-18T13:18:00Z,4411.7998046875,4412.10009765625,4410.5,4411.60009765625,81.0,yahoo,GC=F
2026-09-18T13:19:00Z,4411.39990234375,4411.7998046875,4410.7001953125,4410.7998046875,113.0,yahoo,GC=F
2026-09-18T13:20:00Z,4411.2001953125,4411.5,4408.2001953125,4408.2001953125,108.0,yahoo,GC=F
2026-09-18T13:21:00Z,4408.10009765625,4408.2998046875,4406.2001953125,4406.60009765625,154.0,yahoo,GC=F
2026-09-18T13:22:00Z,4406.60009765625,4407.5,4405.7001953125,4405.7998046875,89.0,yahoo,GC=F
2026-09-18T13:23:00Z,4405.7001953125,4406.0,4403.7001953125,4404.5,203.0,yahoo,GC=F
2026-09-18T13:24:00Z,4404.7001953125,4405.7998046875,4403.39990234375,4404.0,264.0,yahoo,GC=F
2026-09-18T13:25:00Z,4403.89990234375,4404.0,4401.7001953125,4402.0,374.0,yahoo,GC=F
2026-09-18T13:26:00Z,4402.0,4405.10009765625,4402.0,4403.89990234375,131.0,yahoo,GC=F
2026-09-18T13:27:00Z,4404.0,4404.60009765625,4402.5,4403.39990234375,177.0,yahoo,GC=F
2026-09-18T13:28:00Z,4403.60009765625,4405.89990234375,4403.10009765625,4405.0,104.0,yahoo,GC=F
2026-09-18T13:29:00Z,4405.0,4406.39990234375,4405.0,4406.10009765625,111.0,yahoo,GC=F
2026-09-18T13:30:00Z,4406.0,4406.60009765625,4401.60009765625,4402.5,264.0,yahoo,GC=F
2026-09-18T13:31:00Z,4402.7998046875,4402.7998046875,4400.7001953125,4401.0,132.0,yahoo,GC=F
2026-09-18T13:32:00Z,4401.2998046875,4401.5,4399.0,4399.2001953125,302.0,yahoo,GC=F
2026-09-18T13:33:00Z,4399.0,4401.60009765625,4398.89990234375,4400.7001953125,138.0,yahoo,GC=F
2026-09-18T13:34:00Z,4400.39990234375,4400.39990234375,4396.7001953125,4397.10009765625,230.0,yahoo,GC=F
2026-09-18T13:35:00Z,4396.7998046875,4397.39990234375,4394.60009765625,4395.2001953125,278.0,yahoo,GC=F
2026-09-18T13:36:00Z,4395.0,4395.39990234375,4393.39990234375,4393.7998046875,367.0,yahoo,GC=F
2026-09-18T13:37:00Z,4393.60009765625,4396.7998046875,4390.7998046875,4396.60009765625,796.0,yahoo,GC=F
2026-09-18T13:38:00Z,4396.60009765625,4399.0,4395.7998046875,4396.89990234375,244.0,yahoo,GC=F
2026-09-18T13:39:00Z,4397.10009765625,4398.60009765625,4397.10009765625,4397.60009765625,145.0,yahoo,GC=F
2026-09-18T13:40:00Z,4397.60009765625,4397.60009765625,4394.2998046875,4396.39990234375,161.0,yahoo,GC=F
2026-09-18T13:41:00Z,4396.10009765625,4396.10009765625,4392.39990234375,4393.5,171.0,yahoo,GC=F
2026-09-18T13:42:00Z,4393.2001953125,4395.7998046875,4391.2998046875,4392.7001953125,305.0,yahoo,GC=F
2026-09-18T13:43:00Z,4393.0,4395.5,4390.7001953125,4392.2001953125,202.0,yahoo,GC=F
2026-09-18T13:44:00Z,4391.89990234375,4392.7998046875,4391.0,4392.10009765625,110.0,yahoo,GC=F
2026-09-18T13:45:00Z,4392.0,4395.5,4391.10009765625,4395.5,158.0,yahoo,GC=F
2026-09-18T13:46:00Z,4395.7998046875,4397.10009765625,4394.60009765625,4396.0,214.0,yahoo,GC=F
2026-09-18T13:47:00Z,4395.5,4396.2001953125,4393.2001953125,4393.7998046875,148.0,yahoo,GC=F
2026-09-18T13:48:00Z,4393.7998046875,4395.0,4390.5,4394.0,173.0,yahoo,GC=F
2026-09-18T13:49:00Z,4393.89990234375,4394.2001953125,4392.5,4393.39990234375,77.0,yahoo,GC=F
2026-09-18T13:50:00Z,4392.7001953125,4394.2001953125,4390.5,4391.7001953125,134.0,yahoo,GC=F
2026-09-18T13:51:00Z,4391.2001953125,4392.2998046875,4389.60009765625,4392.0,216.0,yahoo,GC=F
2026-09-18T13:52:00Z,4392.39990234375,4395.7998046875,4390.2001953125,4395.7001953125,231.0,yahoo,GC=F
2026-09-18T13:53:00Z,4395.5,4395.5,4388.0,4388.7998046875,536.0,yahoo,GC=F
2026-09-18T13:54:00Z,4389.10009765625,4390.39990234375,4386.2001953125,4388.10009765625,378.0,yahoo,GC=F
2026-09-18T13:55:00Z,4388.2001953125,4389.0,4387.39990234375,4388.2998046875,270.0,yahoo,GC=F
2026-09-18T13:56:00Z,4388.10009765625,4391.10009765625,4388.0,4388.0,172.0,yahoo,GC=F
2026-09-18T13:57:00Z,4388.2001953125,4388.2001953125,4386.10009765625,4387.2998046875,152.0,yahoo,GC=F
2026-09-18T13:58:00Z,4387.10009765625,4389.2001953125,4386.60009765625,4388.0,128.0,yahoo,GC=F
2026-09-18T13:59:00Z,4387.89990234375,4388.2998046875,4385.60009765625,4387.60009765625,170.0,yahoo,GC=F
2026-09-18T14:00:00Z,4387.5,4389.2998046875,4386.10009765625,4388.7998046875,214.0,yahoo,GC=F
2026-09-18T14:01:00Z,4388.7998046875,4389.5,4386.7001953125,4389.5,218.0,yahoo,GC=F
2026-09-18T14:02:00Z,4389.7001953125,4391.2001953125,4389.0,4390.2998046875,226.0,yahoo,GC=F
2026-09-18T14:03:00Z,4390.39990234375,4392.7998046875,4390.2998046875,4392.7001953125,251.0,yahoo,GC=F
2026-09-18T14:04:00Z,4392.39990234375,4394.7998046875,4392.10009765625,4394.60009765625,426.0,yahoo,GC=F
2026-09-18T14:05:00Z,4394.7001953125,4394.89990234375,4390.2001953125,4392.10009765625,304.0,yahoo,GC=F
2026-09-18T14:06:00Z,4392.2001953125,4392.5,4390.0,4392.39990234375,173.0,yahoo,GC=F
2026-09-18T14:07:00Z,4391.5,4393.7998046875,4389.5,4390.10009765625,169.0,yahoo,GC=F
2026-09-18T14:08:00Z,4389.7998046875,4391.7001953125,4388.2001953125,4389.89990234375,186.0,yahoo,GC=F
2026-09-18T14:09:00Z,4390.2001953125,4391.7001953125,4390.2001953125,4390.39990234375,90.0,yahoo,GC=F
2026-09-18T14:10:00Z,4390.60009765625,4393.2998046875,4390.2998046875,4393.2998046875,116.0,yahoo,GC=F
2026-09-18T14:11:00Z,4393.39990234375,4394.2998046875,4393.0,4393.2998046875,126.0,yahoo,GC=F
2026-09-18T14:12:00Z,4393.2998046875,4394.60009765625,4392.10009765625,4394.2998046875,110.0,yahoo,GC=F
2026-09-18T14:13:00Z,4394.0,4394.60009765625,4390.7998046875,4391.89990234375,118.0,yahoo,GC=F
2026-09-18T14:14:00Z,4391.5,4392.2001953125,4389.89990234375,4389.89990234375,91.0,yahoo,GC=F
2026-09-18T14:15:00Z,4390.2001953125,4393.0,4390.2001953125,4391.39990234375,113.0,yahoo,GC=F
2026-09-18T14:16:00Z,4391.39990234375,4392.7001953125,4390.7998046875,4391.7001953125,73.0,yahoo,GC=F
2026-09-18T14:17:00Z,4391.0,4393.60009765625,4390.0,4390.2001953125,201.0,yahoo,GC=F
2026-09-18T14:18:00Z,4390.10009765625,4390.60009765625,4388.0,4389.0,216.0,yahoo,GC=F
2026-09-18T14:19:00Z,4388.7998046875,4390.2998046875,4385.7001953125,4386.5,173.0,yahoo,GC=F
2026-09-18T14:20:00Z,4386.60009765625,4386.7001953125,4381.7998046875,4382.39990234375,567.0,yahoo,GC=F
2026-09-18T14:21:00Z,4382.7001953125,4385.10009765625,4382.2001953125,4384.60009765625,181.0,yahoo,GC=F
2026-09-18T14:22:00Z,4384.39990234375,4389.60009765625,4384.2998046875,4388.89990234375,210.0,yahoo,GC=F
2026-09-18T14:23:00Z,4389.0,4391.39990234375,4389.0,4390.89990234375,207.0,yahoo,GC=F
2026-09-18T14:24:00Z,4391.10009765625,4391.5,4389.39990234375,4390.7001953125,88.0,yahoo,GC=F
2026-09-18T14:25:00Z,4390.7001953125,4392.39990234375,4387.7001953125,4387.7998046875,182.0,yahoo,GC=F
2026-09-18T14:26:00Z,4387.60009765625,4388.60009765625,4385.7001953125,4386.2001953125,108.0,yahoo,GC=F
2026-09-18T14:27:00Z,4386.0,4386.89990234375,4385.2998046875,4386.2998046875,186.0,yahoo,GC=F
2026-09-18T14:28:00Z,4385.89990234375,4386.5,4383.39990234375,4384.10009765625,199.0,yahoo,GC=F
2026-09-18T14:29:00Z,4383.7998046875,4383.7998046875,4381.2998046875,4381.5,165.0,yahoo,GC=F
2026-09-18T14:30:00Z,4381.2001953125,4385.0,4381.0,4383.7998046875,214.0,yahoo,GC=F
2026-09-18T14:31:00Z,4383.7001953125,4384.7998046875,4382.5,4382.60009765625,136.0,yahoo,GC=F
2026-09-18T14:32:00Z,4382.89990234375,4385.10009765625,4381.89990234375,4384.5,139.0,yahoo,GC=F
2026-09-18T14:33:00Z,4384.39990234375,4385.89990234375,4383.2998046875,4385.5,101.0,yahoo,GC=F
2026-09-18T14:34:00Z,4385.10009765625,4385.7001953125,4383.2001953125,4385.5,81.0,yahoo,GC=F
2026-09-18T14:35:00Z,4385.2001953125,4385.60009765625,4382.7001953125,4383.5,77.0,yahoo,GC=F
2026-09-18T14:36:00Z,4383.2998046875,4384.60009765625,4382.39990234375,4384.5,112.0,yahoo,GC=F
2026-09-18T14:37:00Z,4384.10009765625,4387.60009765625,4383.7001953125,4386.5,153.0,yahoo,GC=F
2026-09-18T14:38:00Z,4386.2001953125,4388.60009765625,4385.7001953125,4388.0,290.0,yahoo,GC=F
2026-09-18T14:39:00Z,4388.10009765625,4392.7998046875,4387.7998046875,4392.0,611.0,yahoo,GC=F
2026-09-18T14:40:00Z,4391.2998046875,4392.2001953125,4390.7001953125,4391.10009765625,183.0,yahoo,GC=F
2026-09-18T14:41:00Z,4391.39990234375,4391.60009765625,4389.7998046875,4390.7998046875,203.0,yahoo,GC=F
2026-09-18T14:42:00Z,4390.7001953125,4393.2998046875,4390.7001953125,4392.10009765625,237.0,yahoo,GC=F
2026-09-18T14:43:00Z,4392.2001953125,4392.2001953125,4388.89990234375,4389.60009765625,114.0,yahoo,GC=F
2026-09-18T14:44:00Z,4389.39990234375,4392.60009765625,4389.2001953125,4391.7998046875,42.0,yahoo,GC=F
2026-09-18T14:45:00Z,4391.2001953125,4391.5,4390.10009765625,4391.39990234375,77.0,yahoo,GC=F
2026-09-18T14:46:00Z,4391.10009765625,4393.7001953125,4391.10009765625,4391.7998046875,139.0,yahoo,GC=F
2026-09-18T14:47:00Z,4391.60009765625,4392.5,4390.0,4390.0,68.0,yahoo,GC=F
2026-09-18T14:48:00Z,4390.39990234375,4392.39990234375,4390.0,4392.2001953125,65.0,yahoo,GC=F
2026-09-18T14:49:00Z,4392.0,4394.10009765625,4392.0,4393.0,109.0,yahoo,GC=F
2026-09-18T14:50:00Z,4393.0,4396.2998046875,4392.5,4395.60009765625,405.0,yahoo,GC=F
2026-09-18T14:51:00Z,4395.7001953125,4399.7998046875,4395.0,4398.89990234375,862.0,yahoo,GC=F
2026-09-18T14:52:00Z,4399.10009765625,4400.10009765625,4398.2001953125,4399.39990234375,253.0,yahoo,GC=F
2026-09-18T14:53:00Z,4399.2001953125,4399.39990234375,4396.10009765625,4397.2001953125,222.0,yahoo,GC=F
2026-09-18T14:54:00Z,4397.2001953125,4397.5,4396.39990234375,4396.60009765625,78.0,yahoo,GC=F
2026-09-18T14:55:00Z,4396.60009765625,4397.7001953125,4395.5,4395.7998046875,83.0,yahoo,GC=F
2026-09-18T14:56:00Z,4395.89990234375,4398.5,4395.5,4397.60009765625,217.0,yahoo,GC=F
2026-09-18T14:57:00Z,4397.7001953125,4397.89990234375,4396.0,4396.0,82.0,yahoo,GC=F
2026-09-18T14:58:00Z,4396.10009765625,4396.7001953125,4392.2998046875,4392.7998046875,235.0,yahoo,GC=F
2026-09-18T14:59:00Z,4392.60009765625,4393.2001953125,4390.60009765625,4391.5,336.0,yahoo,GC=F
2026-09-18T15:00:00Z,4391.2001953125,4392.39990234375,4391.10009765625,4392.2001953125,201.0,yahoo,GC=F
2026-09-18T15:01:00Z,4391.89990234375,4394.10009765625,4391.60009765625,4393.10009765625,153.0,yahoo,GC=F
2026-09-18T15:02:00Z,4393.2998046875,4393.7001953125,4392.0,4392.5,60.0,yahoo,GC=F
2026-09-18T15:03:00Z,4392.89990234375,4393.5,4390.39990234375,4392.7998046875,68.0,yahoo,GC=F
2026-09-18T15:04:00Z,4392.60009765625,4393.39990234375,4391.60009765625,4392.0,45.0,yahoo,GC=F
2026-09-18T15:05:00Z,4392.0,4393.0,4391.7001953125,4392.7998046875,65.0,yahoo,GC=F
2026-09-18T15:06:00Z,4392.89990234375,4394.7001953125,4391.7001953125,4393.89990234375,178.0,yahoo,GC=F
2026-09-18T15:07:00Z,4393.2998046875,4393.7001953125,4392.7001953125,4393.5,42.0,yahoo,GC=F
2026-09-18T15:08:00Z,4393.39990234375,4393.39990234375,4392.10009765625,4392.39990234375,96.0,yahoo,GC=F
2026-09-18T15:09:00Z,4392.60009765625,4392.60009765625,4388.39990234375,4388.39990234375,604.0,yahoo,GC=F
2026-09-18T15:10:00Z,4388.7001953125,4390.0,4388.0,4389.60009765625,131.0,yahoo,GC=F
2026-09-18T15:11:00Z,4389.60009765625,4389.7998046875,4387.5,4387.7001953125,172.0,yahoo,GC=F
2026-09-18T15:12:00Z,4387.89990234375,4387.89990234375,4386.10009765625,4387.2001953125,130.0,yahoo,GC=F
2026-09-18T15:13:00Z,4387.39990234375,4390.0,4387.2001953125,4390.0,120.0,yahoo,GC=F
2026-09-18T15:14:00Z,4389.7998046875,4391.10009765625,4389.5,4390.5,112.0,yahoo,GC=F
2026-09-18T15:15:00Z,4390.5,4392.39990234375,4390.5,4391.2998046875,116.0,yahoo,GC=F
2026-09-18T15:16:00Z,4391.2998046875,4391.89990234375,4389.89990234375,4389.89990234375,118.0,yahoo,GC=F
2026-09-18T15:17:00Z,4390.0,4391.10009765625,4390.0,4390.5,70.0,yahoo,GC=F
2026-09-18T15:18:00Z,4390.89990234375,4392.5,4390.39990234375,4390.39990234375,91.0,yahoo,GC=F
2026-09-18T15:19:00Z,4390.39990234375,4393.7998046875,4390.39990234375,4393.7998046875,178.0,yahoo,GC=F
2026-09-18T15:20:00Z,4393.5,4393.60009765625,4391.7001953125,4391.89990234375,125.0,yahoo,GC=F
2026-09-18T15:21:00Z,4391.7998046875,4391.7998046875,4390.39990234375,4390.60009765625,67.0,yahoo,GC=F
2026-09-18T15:22:00Z,4390.5,4391.89990234375,4389.89990234375,4391.39990234375,69.0,yahoo,GC=F
2026-09-18T15:23:00Z,4391.7998046875,4393.7001953125,4391.60009765625,4393.39990234375,71.0,yahoo,GC=F
2026-09-18T15:24:00Z,4393.0,4393.0,4391.89990234375,4392.2998046875,57.0,yahoo,GC=F
2026-09-18T15:25:00Z,4392.7001953125,4393.39990234375,4392.0,4392.2998046875,44.0,yahoo,GC=F
2026-09-18T15:26:00Z,4392.39990234375,4393.60009765625,4392.2001953125,4393.0,39.0,yahoo,GC=F
2026-09-18T15:27:00Z,4393.10009765625,4394.5,4392.89990234375,4393.0,206.0,yahoo,GC=F
2026-09-18T15:28:00Z,4393.2001953125,4393.5,4392.39990234375,4393.0,77.0,yahoo,GC=F
2026-09-18T15:29:00Z,4392.60009765625,4395.39990234375,4392.5,4394.5,90.0,yahoo,GC=F
2026-09-18T15:30:00Z,4394.60009765625,4395.39990234375,4393.39990234375,4394.39990234375,268.0,yahoo,GC=F
2026-09-18T15:31:00Z,4394.39990234375,4395.0,4393.39990234375,4393.60009765625,73.0,yahoo,GC=F
2026-09-18T15:32:00Z,4393.5,4393.5,4391.5,4392.2001953125,67.0,yahoo,GC=F
2026-09-18T15:33:00Z,4392.2001953125,4394.2998046875,4391.89990234375,4393.7001953125,88.0,yahoo,GC=F
2026-09-18T15:34:00Z,4393.60009765625,4394.7001953125,4393.39990234375,4394.10009765625,57.0,yahoo,GC=F
2026-09-18T15:35:00Z,4394.2001953125,4395.7998046875,4393.89990234375,4395.5,99.0,yahoo,GC=F
2026-09-18T15:36:00Z,4395.0,4395.7998046875,4393.60009765625,4394.7998046875,100.0,yahoo,GC=F
2026-09-18T15:37:00Z,4394.7001953125,4394.7001953125,4392.0,4392.2998046875,77.0,yahoo,GC=F
2026-09-18T15:38:00Z,4392.2001953125,4392.7001953125,4391.0,4391.2001953125,62.0,yahoo,GC=F
2026-09-18T15:39:00Z,4391.2998046875,4391.7998046875,4389.60009765625,4389.7001953125,248.0,yahoo,GC=F
2026-09-18T15:40:00Z,4389.39990234375,4389.60009765625,4388.0,4388.7998046875,237.0,yahoo,GC=F
2026-09-18T15:41:00Z,4389.2001953125,4389.39990234375,4387.10009765625,4388.0,171.0,yahoo,GC=F
2026-09-18T15:42:00Z,4388.60009765625,4388.89990234375,4388.10009765625,4388.7998046875,86.0,yahoo,GC=F
2026-09-18T15:43:00Z,4389.10009765625,4392.0,4389.10009765625,4391.39990234375,332.0,yahoo,GC=F
2026-09-18T15:44:00Z,4391.39990234375,4394.7001953125,4391.2998046875,4393.0,244.0,yahoo,GC=F
2026-09-18T15:45:00Z,4393.39990234375,4394.2001953125,4392.7998046875,4392.7998046875,47.0,yahoo,GC=F
2026-09-18T15:46:00Z,4392.89990234375,4395.7001953125,4392.7001953125,4395.5,231.0,yahoo,GC=F
2026-09-18T15:47:00Z,4395.7001953125,4396.5,4394.39990234375,4394.7001953125,155.0,yahoo,GC=F
2026-09-18T15:48:00Z,4394.7001953125,4396.60009765625,4394.5,4395.10009765625,95.0,yahoo,GC=F
2026-09-18T15:49:00Z,4394.7998046875,4395.89990234375,4394.5,4395.5,49.0,yahoo,GC=F
2026-09-18T15:50:00Z,4395.2001953125,4396.39990234375,4393.7001953125,4396.39990234375,112.0,yahoo,GC=F
2026-09-18T15:51:00Z,4396.39990234375,4396.39990234375,4394.39990234375,4394.89990234375,48.0,yahoo,GC=F
2026-09-18T15:52:00Z,4394.89990234375,4394.89990234375,4393.39990234375,4394.10009765625,39.0,yahoo,GC=F
2026-09-18T15:53:00Z,4394.2001953125,4394.2998046875,4392.10009765625,4392.7998046875,114.0,yahoo,GC=F
2026-09-18T15:54:00Z,4393.10009765625,4393.2998046875,4390.7001953125,4391.89990234375,113.0,yahoo,GC=F
2026-09-18T15:55:00Z,4392.0,4393.60009765625,4391.7998046875,4393.60009765625,88.0,yahoo,GC=F
2026-09-18T15:56:00Z,4393.7998046875,4395.0,4393.0,4394.60009765625,90.0,yahoo,GC=F
2026-09-18T15:57:00Z,4394.7998046875,4394.7998046875,4393.7001953125,4394.10009765625,29.0,yahoo,GC=F
2026-09-18T15:58:00Z,4394.2998046875,4394.39990234375,4393.39990234375,4393.89990234375,26.0,yahoo,GC=F
2026-09-18T15:59:00Z,4393.60009765625,4395.5,4393.5,4395.0,73.0,yahoo,GC=F
2026-09-18T16:00:00Z,4395.2001953125,4395.2998046875,4393.39990234375,4393.60009765625,112.0,yahoo,GC=F
2026-09-18T16:01:00Z,4393.60009765625,4394.39990234375,4393.39990234375,4394.2001953125,59.0,yahoo,GC=F
2026-09-18T16:02:00Z,4394.2001953125,4395.60009765625,4393.89990234375,4395.10009765625,58.0,yahoo,GC=F
2026-09-18T16:03:00Z,4395.2001953125,4395.60009765625,4394.60009765625,4395.2001953125,51.0,yahoo,GC=F
2026-09-18T16:04:00Z,4395.10009765625,4395.5,4394.7001953125,4395.10009765625,57.0,yahoo,GC=F
2026-09-18T16:05:00Z,4395.39990234375,4397.0,4395.39990234375,4396.7998046875,172.0,yahoo,GC=F
2026-09-18T16:06:00Z,4396.89990234375,4396.89990234375,4395.89990234375,4396.60009765625,77.0,yahoo,GC=F
2026-09-18T16:07:00Z,4396.7998046875,4397.7998046875,4396.2998046875,4396.7001953125,133.0,yahoo,GC=F
2026-09-18T16:08:00Z,4396.89990234375,4397.2001953125,4396.39990234375,4396.5,65.0,yahoo,GC=F
2026-09-18T16:09:00Z,4396.60009765625,4398.60009765625,4396.60009765625,4398.2998046875,90.0,yahoo,GC=F
2026-09-18T16:10:00Z,4398.60009765625,4398.89990234375,4397.7998046875,4398.0,86.0,yahoo,GC=F
2026-09-18T16:11:00Z,4398.2001953125,4400.7001953125,4398.0,4400.5,272.0,yahoo,GC=F
2026-09-18T16:12:00Z,4400.60009765625,4403.39990234375,4400.39990234375,4403.0,358.0,yahoo,GC=F
2026-09-18T16:13:00Z,4403.0,4403.0,4400.0,4400.0,155.0,yahoo,GC=F
2026-09-18T16:14:00Z,4399.5,4400.60009765625,4398.7998046875,4400.0,98.0,yahoo,GC=F
2026-09-18T16:15:00Z,4400.0,4400.2998046875,4398.2998046875,4400.0,108.0,yahoo,GC=F
2026-09-18T16:16:00Z,4399.7998046875,4402.39990234375,4399.7998046875,4401.10009765625,129.0,yahoo,GC=F
2026-09-18T16:17:00Z,4401.0,4401.7998046875,4400.89990234375,4401.39990234375,57.0,yahoo,GC=F
2026-09-18T16:18:00Z,4401.39990234375,4402.89990234375,4401.39990234375,4402.7998046875,67.0,yahoo,GC=F
2026-09-18T16:19:00Z,4403.0,4404.7001953125,4403.0,4404.60009765625,184.0,yahoo,GC=F
2026-09-18T16:20:00Z,4404.7001953125,4406.0,4404.2998046875,4404.5,229.0,yahoo,GC=F
2026-09-18T16:21:00Z,4404.7998046875,4407.2998046875,4404.7998046875,4407.2998046875,183.0,yahoo,GC=F
2026-09-18T16:22:00Z,4407.5,4409.2001953125,4407.2998046875,4409.10009765625,213.0,yahoo,GC=F
2026-09-18T16:23:00Z,4409.10009765625,4409.39990234375,4407.60009765625,4407.7001953125,195.0,yahoo,GC=F
2026-09-18T16:24:00Z,4407.7998046875,4409.7998046875,4407.2998046875,4407.7001953125,190.0,yahoo,GC=F
2026-09-18T16:25:00Z,4407.7001953125,4409.7998046875,4407.7001953125,4409.39990234375,191.0,yahoo,GC=F
2026-09-18T16:26:00Z,4409.60009765625,4409.7998046875,4407.10009765625,4407.10009765625,98.0,yahoo,GC=F
2026-09-18T16:27:00Z,4407.0,4407.2001953125,4405.60009765625,4406.89990234375,154.0,yahoo,GC=F
2026-09-18T16:28:00Z,4407.10009765625,4412.0,4406.60009765625,4411.5,644.0,yahoo,GC=F
2026-09-18T16:29:00Z,4411.5,4416.89990234375,4411.2998046875,4416.2001953125,455.0,yahoo,GC=F
2026-09-18T16:30:00Z,4416.2998046875,4416.2998046875,4413.89990234375,4415.10009765625,391.0,yahoo,GC=F
2026-09-18T16:31:00Z,4415.39990234375,4415.7001953125,4413.0,4413.5,226.0,yahoo,GC=F
2026-09-18T16:32:00Z,4413.7998046875,4417.7001953125,4413.39990234375,4417.7001953125,238.0,yahoo,GC=F
2026-09-18T16:33:00Z,4417.7998046875,4422.60009765625,4416.2998046875,4422.2001953125,549.0,yahoo,GC=F
2026-09-18T16:34:00Z,4422.10009765625,4422.39990234375,4418.10009765625,4418.5,214.0,yahoo,GC=F
2026-09-18T16:35:00Z,4418.5,4419.39990234375,4417.2998046875,4418.2998046875,166.0,yahoo,GC=F
2026-09-18T16:36:00Z,4418.5,4419.0,4417.2001953125,4418.10009765625,168.0,yahoo,GC=F
2026-09-18T16:37:00Z,4417.7998046875,4418.0,4415.89990234375,4416.39990234375,176.0,yahoo,GC=F
2026-09-18T16:38:00Z,4416.7998046875,4418.2998046875,4416.7998046875,4417.5,78.0,yahoo,GC=F
2026-09-18T16:39:00Z,4417.60009765625,4419.2001953125,4416.0,4419.10009765625,135.0,yahoo,GC=F
2026-09-18T16:40:00Z,4419.10009765625,4419.60009765625,4418.10009765625,4418.39990234375,98.0,yahoo,GC=F
2026-09-18T16:41:00Z,4418.60009765625,4419.60009765625,4418.2001953125,4419.0,100.0,yahoo,GC=F
2026-09-18T16:42:00Z,4418.89990234375,4419.2001953125,4417.39990234375,4418.39990234375,65.0,yahoo,GC=F
2026-09-18T16:43:00Z,4418.7998046875,4419.2001953125,4415.89990234375,4416.2998046875,111.0,yahoo,GC=F
2026-09-18T16:44:00Z,4416.5,4417.0,4416.0,4416.7001953125,106.0,yahoo,GC=F
2026-09-18T16:45:00Z,4416.7001953125,4418.2998046875,4415.89990234375,4418.2001953125,163.0,yahoo,GC=F
2026-09-18T16:46:00Z,4418.2001953125,4418.7001953125,4416.0,4416.0,128.0,yahoo,GC=F
2026-09-18T16:47:00Z,4416.10009765625,4418.2001953125,4415.39990234375,4418.2001953125,92.0,yahoo,GC=F
2026-09-18T16:48:00Z,4417.7998046875,4419.2998046875,4417.2001953125,4418.5,334.0,yahoo,GC=F
2026-09-18T16:49:00Z,4418.5,4418.7001953125,4417.0,4417.7001953125,61.0,yahoo,GC=F
2026-09-18T16:50:00Z,4417.39990234375,4419.89990234375,4417.2001953125,4417.60009765625,119.0,yahoo,GC=F
2026-09-18T16:51:00Z,4417.2001953125,4417.7001953125,4416.89990234375,4417.5,36.0,yahoo,GC=F
2026-09-18T16:52:00Z,4417.10009765625,4418.5,4416.7001953125,4418.39990234375,57.0,yahoo,GC=F
2026-09-18T16:53:00Z,4418.7998046875,4419.5,4418.10009765625,4419.39990234375,64.0,yahoo,GC=F
2026-09-18T16:54:00Z,4419.2998046875,4419.7998046875,4418.89990234375,4419.5,109.0,yahoo,GC=F
2026-09-18T16:55:00Z,4419.60009765625,4420.60009765625,4419.2001953125,4420.0,101.0,yahoo,GC=F
2026-09-18T16:56:00Z,4420.10009765625,4421.0,4420.10009765625,4420.2001953125,70.0,yahoo,GC=F
2026-09-18T16:57:00Z,4420.39990234375,4420.89990234375,4419.89990234375,4420.5,77.0,yahoo,GC=F
2026-09-18T16:58:00Z,4420.60009765625,4422.2001953125,4419.5,4420.0,168.0,yahoo,GC=F
2026-09-18T16:59:00Z,4419.60009765625,4421.5,4419.0,4421.10009765625,190.0,yahoo,GC=F
2026-09-18T17:00:00Z,4421.2001953125,4423.10009765625,4421.10009765625,4422.5,182.0,yahoo,GC=F
2026-09-18T17:01:00Z,4422.7001953125,4423.39990234375,4420.89990234375,4421.0,122.0,yahoo,GC=F
2026-09-18T17:02:00Z,4421.2998046875,4422.10009765625,4419.89990234375,4422.0,90.0,yahoo,GC=F
2026-09-18T17:03:00Z,4422.2001953125,4425.2001953125,4422.2001953125,4424.7001953125,264.0,yahoo,GC=F
2026-09-18T17:04:00Z,4424.5,4424.7998046875,4422.7001953125,4422.7001953125,200.0,yahoo,GC=F
2026-09-18T17:05:00Z,4422.89990234375,4424.2001953125,4422.89990234375,4423.7998046875,84.0,yahoo,GC=F
2026-09-18T17:06:00Z,4423.7998046875,4424.2001953125,4423.2998046875,4423.7998046875,95.0,yahoo,GC=F
2026-09-18T17:07:00Z,4423.5,4425.2001953125,4423.2001953125,4424.89990234375,103.0,yahoo,GC=F
2026-09-18T17:08:00Z,4424.89990234375,4425.2998046875,4424.2001953125,4424.7001953125,373.0,yahoo,GC=F
2026-09-18T17:09:00Z,4424.89990234375,4425.60009765625,4424.7001953125,4424.7998046875,142.0,yahoo,GC=F
2026-09-18T17:10:00Z,4425.0,4425.2001953125,4423.5,4424.39990234375,142.0,yahoo,GC=F
2026-09-18T17:11:00Z,4424.60009765625,4425.7998046875,4423.2998046875,4425.10009765625,94.0,yahoo,GC=F
2026-09-18T17:12:00Z,4424.89990234375,4425.0,4421.89990234375,4422.0,96.0,yahoo,GC=F
2026-09-18T17:13:00Z,4422.2001953125,4425.0,4421.5,4424.2001953125,178.0,yahoo,GC=F
2026-09-18T17:14:00Z,4424.2001953125,4424.89990234375,4423.2001953125,4424.0,140.0,yahoo,GC=F
2026-09-18T17:15:00Z,4424.0,4425.0,4424.0,4424.7998046875,105.0,yahoo,GC=F
2026-09-18T17:16:00Z,4424.60009765625,4426.2998046875,4424.2998046875,4425.2998046875,146.0,yahoo,GC=F
2026-09-18T17:17:00Z,4425.10009765625,4426.60009765625,4425.0,4426.2998046875,172.0,yahoo,GC=F
2026-09-18T17:18:00Z,4426.39990234375,4427.60009765625,4424.0,4424.2998046875,131.0,yahoo,GC=F
2026-09-18T17:19:00Z,4424.60009765625,4425.10009765625,4424.0,4424.2001953125,67.0,yahoo,GC=F
2026-09-18T17:20:00Z,4424.2998046875,4424.5,4422.2998046875,4422.60009765625,181.0,yahoo,GC=F
2026-09-18T17:21:00Z,4422.89990234375,4423.2998046875,4421.7001953125,4422.0,103.0,yahoo,GC=F
2026-09-18T17:22:00Z,4421.7998046875,4422.7001953125,4421.7001953125,4422.2998046875,118.0,yahoo,GC=F
2026-09-18T17:23:00Z,4422.10009765625,4422.5,4421.2001953125,4421.39990234375,91.0,yahoo,GC=F
2026-09-18T17:24:00Z,4421.7001953125,4422.60009765625,4421.2998046875,4422.10009765625,78.0,yahoo,GC=F
2026-09-18T17:25:00Z,4422.2998046875,4423.5,4421.0,4423.5,119.0,yahoo,GC=F
2026-09-18T17:26:00Z,4423.39990234375,4425.0,4422.89990234375,4425.0,132.0,yahoo,GC=F
2026-09-18T17:27:00Z,4425.0,4425.60009765625,4424.39990234375,4424.5,122.0,yahoo,GC=F
2026-09-18T17:28:00Z,4424.7998046875,4425.39990234375,4423.2998046875,4423.39990234375,181.0,yahoo,GC=F
2026-09-18T17:29:00Z,4423.7001953125,4425.89990234375,4423.10009765625,4425.2998046875,840.0,yahoo,GC=F
2026-09-18T17:30:00Z,4425.2998046875,4425.89990234375,4423.7001953125,4425.2998046875,353.0,yahoo,GC=F
2026-09-18T17:31:00Z,4425.2998046875,4426.10009765625,4424.60009765625,4424.60009765625,124.0,yahoo,GC=F
2026-09-18T17:32:00Z,4424.60009765625,4425.89990234375,4424.2001953125,4425.5,85.0,yahoo,GC=F
2026-09-18T17:33:00Z,4425.7998046875,4428.5,4425.7001953125,4427.2001953125,205.0,yahoo,GC=F
2026-09-18T17:34:00Z,4427.10009765625,4431.39990234375,4427.10009765625,4431.39990234375,291.0,yahoo,GC=F
2026-09-18T17:35:00Z,4431.5,4431.7998046875,4430.39990234375,4430.7001953125,138.0,yahoo,GC=F
2026-09-18T17:36:00Z,4430.7998046875,4434.7001953125,4430.7998046875,4433.7001953125,396.0,yahoo,GC=F
2026-09-18T17:37:00Z,4433.89990234375,4434.39990234375,4431.7998046875,4432.5,197.0,yahoo,GC=F
2026-09-18T17:38:00Z,4432.60009765625,4432.89990234375,4431.7998046875,4432.7001953125,146.0,yahoo,GC=F
2026-09-18T17:39:00Z,4432.5,4432.5,4431.10009765625,4432.10009765625,79.0,yahoo,GC=F
2026-09-18T17:40:00Z,4432.10009765625,4433.7998046875,4430.7001953125,4432.7001953125,184.0,yahoo,GC=F
2026-09-18T17:41:00Z,4433.0,4434.0,4431.39990234375,4433.39990234375,165.0,yahoo,GC=F
2026-09-18T17:42:00Z,4433.2001953125,4434.89990234375,4432.0,4434.89990234375,261.0,yahoo,GC=F
2026-09-18T17:43:00Z,4434.89990234375,4435.0,4430.2998046875,4431.10009765625,181.0,yahoo,GC=F
2026-09-18T17:44:00Z,4431.0,4431.89990234375,4430.5,4431.2001953125,72.0,yahoo,GC=F
2026-09-18T17:45:00Z,4430.7998046875,4431.89990234375,4430.10009765625,4431.7001953125,89.0,yahoo,GC=F
2026-09-18T17:46:00Z,4431.39990234375,4433.0,4431.2001953125,4432.39990234375,69.0,yahoo,GC=F
2026-09-18T17:47:00Z,4432.2998046875,4434.0,4432.2998046875,4433.7001953125,60.0,yahoo,GC=F
2026-09-18T17:48:00Z,4433.7001953125,4434.39990234375,4433.10009765625,4433.7998046875,94.0,yahoo,GC=F
2026-09-18T17:49:00Z,4433.89990234375,4434.2001953125,4432.7001953125,4433.2001953125,73.0,yahoo,GC=F
2026-09-18T17:50:00Z,4433.2001953125,4435.2001953125,4433.0,4434.0,194.0,yahoo,GC=F
2026-09-18T17:51:00Z,4434.2001953125,4434.2001953125,4432.2998046875,4432.5,60.0,yahoo,GC=F
2026-09-18T17:52:00Z,4432.2998046875,4433.2001953125,4431.89990234375,4432.5,81.0,yahoo,GC=F
2026-09-18T17:53:00Z,4432.60009765625,4433.0,4431.7001953125,4432.60009765625,46.0,yahoo,GC=F
2026-09-18T17:54:00Z,4432.2998046875,4432.2998046875,4431.2001953125,4431.2998046875,20.0,yahoo,GC=F
2026-09-18T17:55:00Z,4431.60009765625,4431.7998046875,4431.2001953125,4431.5,60.0,yahoo,GC=F
2026-09-18T17:56:00Z,4431.5,4433.0,4431.2998046875,4432.7998046875,85.0,yahoo,GC=F
2026-09-18T17:57:00Z,4432.7998046875,4433.2998046875,4431.89990234375,4431.89990234375,26.0,yahoo,GC=F
2026-09-18T17:58:00Z,4431.89990234375,4431.89990234375,4431.2001953125,4431.39990234375,36.0,yahoo,GC=F
2026-09-18T17:59:00Z,4431.5,4431.7998046875,4431.2998046875,4431.2998046875,77.0,yahoo,GC=F
2026-09-18T18:00:00Z,4431.39990234375,4432.10009765625,4430.0,4430.60009765625,109.0,yahoo,GC=F
2026-09-18T18:01:00Z,4430.39990234375,4432.39990234375,4430.0,4431.7998046875,75.0,yahoo,GC=F
2026-09-18T18:02:00Z,4431.5,4431.7001953125,4430.5,4430.5,41.0,yahoo,GC=F
2026-09-18T18:03:00Z,4430.7001953125,4431.2998046875,4430.5,4431.0,20.0,yahoo,GC=F
2026-09-18T18:04:00Z,4430.7998046875,4431.60009765625,4430.7001953125,4430.7998046875,22.0,yahoo,GC=F
2026-09-18T18:05:00Z,4431.0,4431.2998046875,4429.39990234375,4429.39990234375,201.0,yahoo,GC=F
2026-09-18T18:06:00Z,4429.5,4429.89990234375,4428.2998046875,4428.5,164.0,yahoo,GC=F
2026-09-18T18:07:00Z,4428.5,4431.60009765625,4428.5,4431.60009765625,115.0,yahoo,GC=F
2026-09-18T18:08:00Z,4431.60009765625,4432.89990234375,4429.5,4429.60009765625,174.0,yahoo,GC=F
2026-09-18T18:09:00Z,4429.7001953125,4429.7001953125,4427.39990234375,4428.7998046875,141.0,yahoo,GC=F
2026-09-18T18:10:00Z,4429.0,4430.2998046875,4428.60009765625,4429.60009765625,122.0,yahoo,GC=F
2026-09-18T18:11:00Z,4429.39990234375,4429.60009765625,4427.7998046875,4428.5,79.0,yahoo,GC=F
2026-09-18T18:12:00Z,4428.7001953125,4430.0,4428.5,4429.89990234375,56.0,yahoo,GC=F
2026-09-18T18:13:00Z,4429.5,4431.7998046875,4428.7001953125,4431.39990234375,216.0,yahoo,GC=F
2026-09-18T18:14:00Z,4431.5,4431.60009765625,4430.0,4430.7998046875,84.0,yahoo,GC=F
2026-09-18T18:15:00Z,4431.10009765625,4431.2998046875,4430.10009765625,4430.10009765625,24.0,yahoo,GC=F
2026-09-18T18:16:00Z,4430.2001953125,4430.39990234375,4429.2001953125,4429.39990234375,41.0,yahoo,GC=F
2026-09-18T18:17:00Z,4429.2998046875,4429.2998046875,4427.60009765625,4427.60009765625,55.0,yahoo,GC=F
2026-09-18T18:18:00Z,4428.2998046875,4428.5,4427.7998046875,4428.10009765625,29.0,yahoo,GC=F
2026-09-18T18:19:00Z,4428.0,4429.2001953125,4427.89990234375,4428.89990234375,64.0,yahoo,GC=F
2026-09-18T18:20:00Z,4428.89990234375,4429.10009765625,4428.5,4428.7998046875,33.0,yahoo,GC=F
2026-09-18T18:21:00Z,4429.2001953125,4429.2001953125,4428.2001953125,4428.5,30.0,yahoo,GC=F
2026-09-18T18:22:00Z,4428.89990234375,4429.89990234375,4428.5,4429.2998046875,36.0,yahoo,GC=F
2026-09-18T18:23:00Z,4429.60009765625,4429.7001953125,4428.10009765625,4428.60009765625,52.0,yahoo,GC=F
2026-09-18T18:24:00Z,4428.39990234375,4428.60009765625,4427.7998046875,4428.60009765625,22.0,yahoo,GC=F
2026-09-18T18:25:00Z,4428.39990234375,4428.60009765625,4428.2001953125,4428.60009765625,19.0,yahoo,GC=F
2026-09-18T18:26:00Z,4428.60009765625,4429.2001953125,4428.39990234375,4428.60009765625,21.0,yahoo,GC=F
2026-09-18T18:27:00Z,4428.39990234375,4429.5,4428.2998046875,4429.10009765625,29.0,yahoo,GC=F
2026-09-18T18:28:00Z,4428.7998046875,4429.2001953125,4428.2998046875,4428.89990234375,40.0,yahoo,GC=F
2026-09-18T18:29:00Z,4428.7998046875,4429.60009765625,4428.7001953125,4429.2001953125,96.0,yahoo,GC=F
2026-09-18T18:30:00Z,4429.2001953125,4429.2001953125,4426.89990234375,4427.60009765625,63.0,yahoo,GC=F
2026-09-18T18:31:00Z,4427.2998046875,4427.5,4425.60009765625,4425.7001953125,68.0,yahoo,GC=F
2026-09-18T18:32:00Z,4426.0,4427.2998046875,4425.7998046875,4426.39990234375,82.0,yahoo,GC=F
2026-09-18T18:33:00Z,4426.2998046875,4426.7998046875,4425.7998046875,4426.10009765625,23.0,yahoo,GC=F
2026-09-18T18:34:00Z,4426.0,4426.39990234375,4426.0,4426.2001953125,29.0,yahoo,GC=F
2026-09-18T18:35:00Z,4426.39990234375,4426.7998046875,4426.0,4426.5,54.0,yahoo,GC=F
2026-09-18T18:36:00Z,4426.5,4426.5,4425.60009765625,4426.2998046875,44.0,yahoo,GC=F
2026-09-18T18:37:00Z,4426.2001953125,4426.2998046875,4425.7998046875,4425.89990234375,50.0,yahoo,GC=F
2026-09-18T18:38:00Z,4425.7998046875,4426.2998046875,4424.2998046875,4424.5,113.0,yahoo,GC=F
2026-09-18T18:39:00Z,4424.60009765625,4424.7998046875,4423.5,4423.5,69.0,yahoo,GC=F
2026-09-18T18:40:00Z,4423.60009765625,4423.7001953125,4422.5,4423.2998046875,112.0,yahoo,GC=F
2026-09-18T18:41:00Z,4423.2998046875,4423.39990234375,4422.2998046875,4422.7998046875,78.0,yahoo,GC=F
2026-09-18T18:42:00Z,4422.7998046875,4423.0,4421.0,4421.2998046875,136.0,yahoo,GC=F
2026-09-18T18:43:00Z,4421.60009765625,4422.7001953125,4421.5,4421.5,93.0,yahoo,GC=F
2026-09-18T18:44:00Z,4421.7001953125,4421.7001953125,4419.2001953125,4419.2998046875,195.0,yahoo,GC=F
2026-09-18T18:45:00Z,4419.2998046875,4420.2001953125,4418.89990234375,4418.89990234375,103.0,yahoo,GC=F
2026-09-18T18:46:00Z,4418.89990234375,4420.7998046875,4418.89990234375,4420.60009765625,107.0,yahoo,GC=F
2026-09-18T18:47:00Z,4420.60009765625,4422.2998046875,4420.5,4421.5,163.0,yahoo,GC=F
2026-09-18T18:48:00Z,4421.39990234375,4422.5,4421.2998046875,4421.2998046875,76.0,yahoo,GC=F
2026-09-18T18:49:00Z,4421.39990234375,4422.10009765625,4420.7998046875,4421.89990234375,43.0,yahoo,GC=F
2026-09-18T18:50:00Z,4422.0,4422.60009765625,4421.2001953125,4422.2001953125,98.0,yahoo,GC=F
2026-09-18T18:51:00Z,4422.2998046875,4422.2998046875,4420.2998046875,4420.60009765625,47.0,yahoo,GC=F
2026-09-18T18:52:00Z,4420.5,4420.60009765625,4419.39990234375,4419.7001953125,346.0,yahoo,GC=F
2026-09-18T18:53:00Z,4419.5,4420.7998046875,4419.10009765625,4420.0,76.0,yahoo,GC=F
2026-09-18T18:54:00Z,4420.10009765625,4420.5,4419.0,4419.2001953125,32.0,yahoo,GC=F
2026-09-18T18:55:00Z,4419.0,4420.10009765625,4418.2001953125,4419.60009765625,77.0,yahoo,GC=F
2026-09-18T18:56:00Z,4419.89990234375,4420.5,4419.60009765625,4419.7998046875,30.0,yahoo,GC=F
2026-09-18T18:57:00Z,4419.60009765625,4420.39990234375,4419.60009765625,4420.0,16.0,yahoo,GC=F
2026-09-18T18:58:00Z,4419.7998046875,4420.5,4419.7998046875,4420.2998046875,58.0,yahoo,GC=F
2026-09-18T18:59:00Z,4420.2001953125,4420.89990234375,4419.2001953125,4420.7998046875,124.0,yahoo,GC=F
2026-09-18T19:00:00Z,4420.7001953125,4421.5,4420.2998046875,4420.7001953125,73.0,yahoo,GC=F
2026-09-18T19:01:00Z,4420.7001953125,4420.7001953125,4418.7001953125,4419.2001953125,96.0,yahoo,GC=F
2026-09-18T19:02:00Z,4419.2001953125,4419.2001953125,4418.0,4418.60009765625,37.0,yahoo,GC=F
2026-09-18T19:03:00Z,4418.7001953125,4419.7001953125,4418.5,4419.7001953125,24.0,yahoo,GC=F
2026-09-18T19:04:00Z,4419.89990234375,4421.5,4419.7001953125,4420.7998046875,108.0,yahoo,GC=F
2026-09-18T19:05:00Z,4420.7001953125,4422.5,4420.7001953125,4422.5,67.0,yahoo,GC=F
2026-09-18T19:06:00Z,4422.2001953125,4423.0,4421.89990234375,4422.2998046875,45.0,yahoo,GC=F
2026-09-18T19:07:00Z,4421.39990234375,4421.39990234375,4420.0,4420.7001953125,58.0,yahoo,GC=F
2026-09-18T19:08:00Z,4421.0,4422.10009765625,4420.5,4422.10009765625,36.0,yahoo,GC=F
2026-09-18T19:09:00Z,4421.7998046875,4423.39990234375,4421.7998046875,4422.7998046875,76.0,yahoo,GC=F
2026-09-18T19:10:00Z,4422.7998046875,4423.2998046875,4422.2998046875,4423.2001953125,74.0,yahoo,GC=F
2026-09-18T19:11:00Z,4423.0,4423.89990234375,4422.60009765625,4423.60009765625,41.0,yahoo,GC=F
2026-09-18T19:12:00Z,4423.5,4424.2998046875,4422.7001953125,4423.0,142.0,yahoo,GC=F
2026-09-18T19:13:00Z,4423.0,4423.10009765625,4421.7998046875,4421.7998046875,39.0,yahoo,GC=F
2026-09-18T19:14:00Z,4422.0,4423.10009765625,4421.5,4422.7001953125,48.0,yahoo,GC=F
2026-09-18T19:15:00Z,4422.7998046875,4423.0,4422.2001953125,4422.89990234375,40.0,yahoo,GC=F
2026-09-18T19:16:00Z,4422.89990234375,4423.2998046875,4422.39990234375,4423.2998046875,123.0,yahoo,GC=F
2026-09-18T19:17:00Z,4423.10009765625,4423.39990234375,4422.2001953125,4422.39990234375,47.0,yahoo,GC=F
2026-09-18T19:18:00Z,4422.2998046875,4422.2998046875,4420.39990234375,4420.60009765625,35.0,yahoo,GC=F
2026-09-18T19:19:00Z,4420.60009765625,4420.7001953125,4420.0,4420.2001953125,303.0,yahoo,GC=F
2026-09-18T19:20:00Z,4420.2998046875,4420.7998046875,4420.0,4420.7001953125,64.0,yahoo,GC=F
2026-09-18T19:21:00Z,4420.7998046875,4421.39990234375,4420.60009765625,4420.89990234375,30.0,yahoo,GC=F
2026-09-18T19:22:00Z,4421.10009765625,4421.10009765625,4420.39990234375,4420.60009765625,14.0,yahoo,GC=F
2026-09-18T19:23:00Z,4420.60009765625,4421.5,4420.10009765625,4421.0,137.0,yahoo,GC=F
2026-09-18T19:24:00Z,4421.0,4421.7001953125,4420.5,4420.7998046875,87.0,yahoo,GC=F
2026-09-18T19:25:00Z,4420.7001953125,4420.7998046875,4418.60009765625,4418.7998046875,81.0,yahoo,GC=F
2026-09-18T19:26:00Z,4418.89990234375,4419.10009765625,4417.5,4417.60009765625,94.0,yahoo,GC=F
2026-09-18T19:27:00Z,4417.7998046875,4418.10009765625,4417.10009765625,4417.89990234375,74.0,yahoo,GC=F
2026-09-18T19:28:00Z,4417.7998046875,4419.0,4417.7001953125,4418.7998046875,42.0,yahoo,GC=F
2026-09-18T19:29:00Z,4418.89990234375,4419.0,4418.5,4418.7001953125,26.0,yahoo,GC=F
2026-09-18T19:30:00Z,4418.7001953125,4419.2998046875,4418.2001953125,4419.2998046875,67.0,yahoo,GC=F
2026-09-18T19:31:00Z,4419.10009765625,4419.39990234375,4418.7001953125,4418.7001953125,36.0,yahoo,GC=F
2026-09-18T19:32:00Z,4418.7001953125,4419.89990234375,4418.5,4419.7001953125,45.0,yahoo,GC=F
2026-09-18T19:33:00Z,4419.89990234375,4420.39990234375,4419.5,4419.60009765625,43.0,yahoo,GC=F
2026-09-18T19:34:00Z,4419.60009765625,4420.0,4418.2998046875,4418.2998046875,29.0,yahoo,GC=F
2026-09-18T19:35:00Z,4418.2001953125,4418.39990234375,4417.7998046875,4418.39990234375,36.0,yahoo,GC=F
2026-09-18T19:36:00Z,4418.39990234375,4419.7998046875,4418.2001953125,4419.7001953125,28.0,yahoo,GC=F
2026-09-18T19:37:00Z,4419.7998046875,4420.0,4419.2001953125,4419.7998046875,35.0,yahoo,GC=F
2026-09-18T19:38:00Z,4419.60009765625,4420.10009765625,4419.60009765625,4419.89990234375,17.0,yahoo,GC=F
2026-09-18T19:39:00Z,4419.7001953125,4420.39990234375,4419.7001953125,4419.7001953125,43.0,yahoo,GC=F
2026-09-18T19:40:00Z,4419.2998046875,4420.0,4419.2998046875,4420.0,24.0,yahoo,GC=F
2026-09-18T19:41:00Z,4420.0,4420.60009765625,4419.60009765625,4420.60009765625,14.0,yahoo,GC=F
2026-09-18T19:42:00Z,4420.60009765625,4420.60009765625,4419.2001953125,4419.5,40.0,yahoo,GC=F
2026-09-18T19:43:00Z,4419.39990234375,4420.0,4419.39990234375,4420.0,21.0,yahoo,GC=F
2026-09-18T19:44:00Z,4419.7998046875,4420.10009765625,4419.39990234375,4419.39990234375,43.0,yahoo,GC=F
2026-09-18T19:45:00Z,4419.2998046875,4419.7001953125,4418.89990234375,4419.7001953125,29.0,yahoo,GC=F
2026-09-18T19:46:00Z,4419.89990234375,4421.2001953125,4419.39990234375,4421.0,41.0,yahoo,GC=F
2026-09-18T19:47:00Z,4421.2998046875,4421.5,4420.7001953125,4420.7001953125,33.0,yahoo,GC=F
2026-09-18T19:48:00Z,4420.89990234375,4421.2998046875,4419.7001953125,4419.89990234375,72.0,yahoo,GC=F
2026-09-18T19:49:00Z,4420.0,4420.7998046875,4419.60009765625,4420.7001953125,55.0,yahoo,GC=F
2026-09-18T19:50:00Z,4420.5,4421.2001953125,4419.60009765625,4419.7998046875,68.0,yahoo,GC=F
2026-09-18T19:51:00Z,4419.89990234375,4419.89990234375,4419.2001953125,4419.39990234375,42.0,yahoo,GC=F
2026-09-18T19:52:00Z,4419.2998046875,4419.2998046875,4416.7998046875,4417.2998046875,83.0,yahoo,GC=F
2026-09-18T19:53:00Z,4417.2001953125,4417.7001953125,4416.7998046875,4417.5,63.0,yahoo,GC=F
2026-09-18T19:54:00Z,4417.5,4417.7001953125,4415.39990234375,4416.0,135.0,yahoo,GC=F
2026-09-18T19:55:00Z,4416.10009765625,4417.7998046875,4415.2001953125,4415.2998046875,118.0,yahoo,GC=F
2026-09-18T19:56:00Z,4415.39990234375,4415.60009765625,4413.5,4413.5,340.0,yahoo,GC=F
2026-09-18T19:57:00Z,4414.0,4417.7998046875,4413.7001953125,4417.39990234375,109.0,yahoo,GC=F
2026-09-18T19:58:00Z,4417.2998046875,4417.60009765625,4415.7001953125,4415.7001953125,118.0,yahoo,GC=F
2026-09-18T19:59:00Z,4416.0,4416.7998046875,4414.89990234375,4415.60009765625,196.0,yahoo,GC=F
2026-09-18T20:00:00Z,4415.60009765625,4417.0,4414.39990234375,4416.7001953125,156.0,yahoo,GC=F
2026-09-18T20:01:00Z,4416.39990234375,4417.0,4416.10009765625,4416.60009765625,61.0,yahoo,GC=F
2026-09-18T20:02:00Z,4416.5,4417.7001953125,4415.7001953125,4415.7001953125,64.0,yahoo,GC=F
2026-09-18T20:03:00Z,4415.89990234375,4416.10009765625,4415.2998046875,4415.2998046875,40.0,yahoo,GC=F
2026-09-18T20:04:00Z,4415.5,4417.10009765625,4415.5,4416.7998046875,80.0,yahoo,GC=F
2026-09-18T20:05:00Z,4415.39990234375,4416.60009765625,4415.2001953125,4416.5,27.0,yahoo,GC=F
2026-09-18T20:06:00Z,4416.60009765625,4417.39990234375,4416.60009765625,4417.2998046875,36.0,yahoo,GC=F
2026-09-18T20:07:00Z,4417.10009765625,4417.2001953125,4416.7001953125,4417.0,41.0,yahoo,GC=F
2026-09-18T20:08:00Z,4417.0,4417.10009765625,4416.2998046875,4416.7998046875,46.0,yahoo,GC=F
2026-09-18T20:09:00Z,4417.0,4417.39990234375,4416.10009765625,4416.7001953125,36.0,yahoo,GC=F
2026-09-18T20:10:00Z,4416.7001953125,4419.0,4416.7001953125,4417.7998046875,76.0,yahoo,GC=F
2026-09-18T20:11:00Z,4417.5,4418.39990234375,4417.2001953125,4417.89990234375,18.0,yahoo,GC=F
2026-09-18T20:12:00Z,4418.0,4421.2001953125,4418.0,4420.7001953125,79.0,yahoo,GC=F
2026-09-18T20:13:00Z,4420.7998046875,4421.5,4419.39990234375,4419.7998046875,90.0,yahoo,GC=F
2026-09-18T20:14:00Z,4419.7998046875,4420.2001953125,4419.5,4419.89990234375,36.0,yahoo,GC=F
2026-09-18T20:15:00Z,4419.39990234375,4420.2001953125,4418.60009765625,4419.7001953125,48.0,yahoo,GC=F
2026-09-18T20:16:00Z,4419.10009765625,4419.7001953125,4418.89990234375,4419.60009765625,22.0,yahoo,GC=F
2026-09-18T20:17:00Z,4419.7998046875,4420.0,4417.2001953125,4417.60009765625,36.0,yahoo,GC=F
2026-09-18T20:18:00Z,4417.5,4418.10009765625,4417.5,4417.89990234375,26.0,yahoo,GC=F
2026-09-18T20:19:00Z,4417.7001953125,4418.2001953125,4417.5,4417.89990234375,25.0,yahoo,GC=F
2026-09-18T20:20:00Z,4417.89990234375,4419.2998046875,4417.89990234375,4419.2998046875,14.0,yahoo,GC=F
2026-09-18T20:21:00Z,4419.60009765625,4419.89990234375,4419.5,4419.89990234375,13.0,yahoo,GC=F
2026-09-18T20:22:00Z,4419.39990234375,4421.39990234375,4419.39990234375,4421.2998046875,54.0,yahoo,GC=F
2026-09-18T20:23:00Z,4421.2998046875,4421.39990234375,4420.39990234375,4421.2998046875,30.0,yahoo,GC=F
2026-09-18T20:24:00Z,4421.2001953125,4421.2001953125,4420.7001953125,4420.89990234375,8.0,yahoo,GC=F
2026-09-18T20:25:00Z,4420.7998046875,4421.2998046875,4420.60009765625,4420.60009765625,12.0,yahoo,GC=F
2026-09-18T20:26:00Z,4420.2001953125,4420.7001953125,4420.2001953125,4420.2998046875,4.0,yahoo,GC=F
2026-09-18T20:27:00Z,4420.5,4420.60009765625,4420.0,4420.5,19.0,yahoo,GC=F
2026-09-18T20:28:00Z,4420.0,4420.0,4419.2998046875,4419.2998046875,16.0,yahoo,GC=F
2026-09-18T20:29:00Z,4419.39990234375,4419.7001953125,4419.2998046875,4419.2998046875,9.0,yahoo,GC=F
2026-09-18T20:30:00Z,4419.2998046875,4420.7998046875,4419.2001953125,4420.7998046875,27.0,yahoo,GC=F
2026-09-18T20:31:00Z,4420.39990234375,4420.5,4419.7998046875,4419.7998046875,12.0,yahoo,GC=F
2026-09-18T20:32:00Z,4419.39990234375,4420.5,4419.2001953125,4420.5,15.0,yahoo,GC=F
2026-09-18T20:33:00Z,4420.2001953125,4421.0,4420.2001953125,4421.0,9.0,yahoo,GC=F
2026-09-18T20:34:00Z,4420.7001953125,4420.7001953125,4420.2001953125,4420.2001953125,6.0,yahoo,GC=F
2026-09-18T20:35:00Z,4420.39990234375,4420.39990234375,4420.0,4420.0,5.0,yahoo,GC=F
2026-09-18T20:36:00Z,4419.2998046875,4419.60009765625,4418.89990234375,4419.60009765625,27.0,yahoo,GC=F
2026-09-18T20:37:00Z,4419.39990234375,4419.39990234375,4418.39990234375,4418.5,34.0,yahoo,GC=F
2026-09-18T20:38:00Z,4418.60009765625,4418.89990234375,4418.5,4418.5,18.0,yahoo,GC=F
2026-09-18T20:39:00Z,4418.2001953125,4418.39990234375,4418.2001953125,4418.2998046875,6.0,yahoo,GC=F
2026-09-18T20:40:00Z,4418.2998046875,4418.2998046875,4417.5,4417.7001953125,20.0,yahoo,GC=F
2026-09-18T20:41:00Z,4417.89990234375,4418.39990234375,4417.89990234375,4418.2998046875,8.0,yahoo,GC=F
2026-09-18T20:42:00Z,4418.2998046875,4419.5,4418.0,4419.0,52.0,yahoo,GC=F
2026-09-18T20:43:00Z,4418.7998046875,4418.89990234375,4418.7998046875,4418.7998046875,5.0,yahoo,GC=F
2026-09-18T20:44:00Z,4418.60009765625,4419.2001953125,4418.60009765625,4419.0,24.0,yahoo,GC=F
2026-09-18T20:45:00Z,4419.0,4419.0,4417.5,4417.60009765625,22.0,yahoo,GC=F
2026-09-18T20:46:00Z,4417.5,4418.0,4417.39990234375,4417.7001953125,8.0,yahoo,GC=F
2026-09-18T20:47:00Z,4417.60009765625,4417.60009765625,4416.0,4416.89990234375,38.0,yahoo,GC=F
2026-09-18T20:48:00Z,4416.10009765625,4416.7998046875,4415.0,4416.7998046875,82.0,yahoo,GC=F
2026-09-18T20:49:00Z,4416.5,4416.60009765625,4415.2998046875,4416.2998046875,32.0,yahoo,GC=F
2026-09-18T20:50:00Z,4416.0,4416.0,4415.2998046875,4415.89990234375,34.0,yahoo,GC=F
2026-09-18T20:51:00Z,4416.2998046875,4416.60009765625,4414.5,4414.89990234375,62.0,yahoo,GC=F
2026-09-18T20:52:00Z,4414.89990234375,4416.2001953125,4414.7001953125,4416.2001953125,53.0,yahoo,GC=F
2026-09-18T20:53:00Z,4416.2001953125,4416.5,4416.2001953125,4416.2001953125,20.0,yahoo,GC=F
2026-09-18T20:54:00Z,4415.89990234375,4416.39990234375,4415.2998046875,4416.39990234375,54.0,yahoo,GC=F
2026-09-18T20:55:00Z,4416.60009765625,4416.7001953125,4415.7998046875,4416.10009765625,19.0,yahoo,GC=F
2026-09-18T20:56:00Z,4416.2998046875,4416.89990234375,4416.2998046875,4416.60009765625,69.0,yahoo,GC=F
2026-09-18T20:57:00Z,4416.7001953125,4416.7001953125,4416.0,4416.2001953125,55.0,yahoo,GC=F
2026-09-18T20:58:00Z,4416.2998046875,4416.39990234375,4415.60009765625,4416.0,98.0,yahoo,GC=F
2026-09-18T20:59:00Z,4416.0,4424.89990234375,4415.89990234375,4424.89990234375,36.0,yahoo,GC=F
