timestamp_utc,open,high,low,close,volume,source,symbol
2026-09-21T00:00:00Z,4411.5,4411.5,4407.10009765625,4407.10009765625,112.0,yahoo,GC=F
2026-09-21T00:01:00Z,4407.10009765625,4407.60009765625,4405.5,4406.2001953125,65.0,yahoo,GC=F
2026-09-21T00:02:00Z,4406.5,4407.2001953125,4405.39990234375,4406.7001953125,95.0,yahoo,GC=F
2026-09-21T00:03:00Z,4406.7998046875,4408.2998046875,4406.7998046875,4407.7998046875,44.0,yahoo,GC=F
2026-09-21T00:04:00Z,4407.39990234375,4408.39990234375,4406.2001953125,4407.2001953125,68.0,yahoo,GC=F
2026-09-21T00:05:00Z,4407.39990234375,4408.7001953125,4407.10009765625,4408.39990234375,37.0,yahoo,GC=F
2026-09-21T00:06:00Z,4408.7001953125,4410.10009765625,4408.5,4409.60009765625,69.0,yahoo,GC=F
2026-09-21T00:07:00Z,4409.2001953125,4410.89990234375,4409.0,4409.39990234375,61.0,yahoo,GC=F
2026-09-21T00:08:00Z,4409.2998046875,4410.5,4407.2001953125,4407.2998046875,86.0,yahoo,GC=F
2026-09-21T00:09:00Z,4407.2001953125,4407.2001953125,4405.2001953125,4405.5,88.0,yahoo,GC=F
2026-09-21T00:10:00Z,4405.89990234375,4406.0,4404.5,4404.7001953125,87.0,yahoo,GC=F
2026-09-21T00:11:00Z,4404.5,4404.60009765625,4403.60009765625,4404.2998046875,63.0,yahoo,GC=F
2026-09-21T00:12:00Z,4404.5,4404.7001953125,4404.2001953125,4404.7001953125,19.0,yahoo,GC=F
2026-09-21T00:13:00Z,4404.60009765625,4404.60009765625,4402.39990234375,4402.60009765625,165.0,yahoo,GC=F
2026-09-21T00:14:00Z,4402.7998046875,4403.39990234375,4402.10009765625,4403.0,61.0,yahoo,GC=F
2026-09-21T00:15:00Z,4403.10009765625,4403.2001953125,4399.60009765625,4401.0,250.0,yahoo,GC=F
2026-09-21T00:16:00Z,4401.2998046875,4403.10009765625,4400.2001953125,4400.2001953125,68.0,yahoo,GC=F
2026-09-21T00:17:00Z,4400.5,4400.5,4398.60009765625,4398.7001953125,91.0,yahoo,GC=F
2026-09-21T00:18:00Z,4398.7001953125,4399.89990234375,4398.0,4399.7998046875,134.0,yahoo,GC=F
2026-09-21T00:19:00Z,4400.0,4400.2998046875,4399.10009765625,4399.10009765625,52.0,yahoo,GC=F
2026-09-21T00:20:00Z,4399.39990234375,4399.5,4397.5,4398.0,185.0,yahoo,GC=F
2026-09-21T00:21:00Z,4398.2998046875,4399.60009765625,4397.7001953125,4399.0,123.0,yahoo,GC=F
2026-09-21T00:22:00Z,4398.7998046875,4398.7998046875,4396.39990234375,4398.5,121.0,yahoo,GC=F
2026-09-21T00:23:00Z,4398.7998046875,4402.2998046875,4398.7998046875,4402.0,104.0,yahoo,GC=F
2026-09-21T00:24:00Z,4402.10009765625,4404.5,4402.10009765625,4404.10009765625,126.0,yahoo,GC=F
2026-09-21T00:25:00Z,4404.2001953125,4405.2998046875,4404.2001953125,4405.2001953125,48.0,yahoo,GC=F
2026-09-21T00:26:00Z,4405.2998046875,4406.10009765625,4403.7998046875,4405.60009765625,95.0,yahoo,GC=F
2026-09-21T00:27:00Z,4405.7001953125,4407.5,4405.39990234375,4407.5,77.0,yahoo,GC=F
2026-09-21T00:28:00Z,4407.0,4407.89990234375,4406.7001953125,4407.39990234375,32.0,yahoo,GC=F
2026-09-21T00:29:00Z,4407.10009765625,4407.7001953125,4405.7001953125,4406.10009765625,66.0,yahoo,GC=F
2026-09-21T00:30:00Z,4406.0,4407.89990234375,4405.7001953125,4407.60009765625,65.0,yahoo,GC=F
2026-09-21T00:31:00Z,4407.60009765625,4407.60009765625,4405.0,4405.2001953125,68.0,yahoo,GC=F
2026-09-21T00:32:00Z,4404.89990234375,4407.10009765625,4404.0,4406.7001953125,110.0,yahoo,GC=F
2026-09-21T00:33:00Z,4406.60009765625,4408.39990234375,4406.5,4407.39990234375,53.0,yahoo,GC=F
2026-09-21T00:34:00Z,4407.0,4408.2998046875,4407.0,4407.89990234375,27.0,yahoo,GC=F
2026-09-21T00:35:00Z,4408.10009765625,4409.7998046875,4407.7998046875,4409.0,64.0,yahoo,GC=F
2026-09-21T00:36:00Z,4409.10009765625,4409.10009765625,4407.60009765625,4408.60009765625,22.0,yahoo,GC=F
2026-09-21T00:37:00Z,4409.39990234375,4409.39990234375,4408.60009765625,4408.7001953125,28.0,yahoo,GC=F
2026-09-21T00:38:00Z,4408.2001953125,4409.60009765625,4408.2001953125,4409.10009765625,26.0,yahoo,GC=F
2026-09-21T00:39:00Z,4409.2001953125,4412.60009765625,4408.7998046875,4412.0,150.0,yahoo,GC=F
2026-09-21T00:40:00Z,4411.7998046875,4414.2998046875,4410.2998046875,4410.5,163.0,yahoo,GC=F
2026-09-21T00:41:00Z,4410.5,4410.5,4408.0,4408.7001953125,81.0,yahoo,GC=F
2026-09-21T00:42:00Z,4408.89990234375,4409.2998046875,4407.7998046875,4408.60009765625,37.0,yahoo,GC=F
2026-09-21T00:43:00Z,4409.60009765625,4409.89990234375,4408.5,4408.89990234375,26.0,yahoo,GC=F
2026-09-21T00:44:00Z,4408.5,4408.5,4406.2998046875,4407.10009765625,35.0,yahoo,GC=F
2026-09-21T00:45:00Z,4407.60009765625,4408.7998046875,4407.39990234375,4408.60009765625,22.0,yahoo,GC=F
2026-09-21T00:46:00Z,4408.2998046875,4408.89990234375,4407.7998046875,4408.7998046875,18.0,yahoo,GC=F
2026-09-21T00:47:00Z,4408.5,4409.0,4407.7001953125,4407.7998046875,18.0,yahoo,GC=F
2026-09-21T00:48:00Z,4407.7001953125,4408.7998046875,4407.2998046875,4407.5,26.0,yahoo,GC=F
2026-09-21T00:49:00Z,4407.5,4407.5,4403.0,4403.10009765625,102.0,yahoo,GC=F
2026-09-21T00:50:00Z,4403.0,4403.2001953125,4402.0,4402.10009765625,76.0,yahoo,GC=F
2026-09-21T00:51:00Z,4402.39990234375,4404.2001953125,4400.5,4404.0,230.0,yahoo,GC=F
2026-09-21T00:52:00Z,4404.10009765625,4405.39990234375,4403.5,4404.60009765625,142.0,yahoo,GC=F
2026-09-21T00:53:00Z,4404.60009765625,4405.2001953125,4404.60009765625,4405.2001953125,18.0,yahoo,GC=F
2026-09-21T00:54:00Z,4405.2998046875,4405.7001953125,4403.60009765625,4403.60009765625,76.0,yahoo,GC=F
2026-09-21T00:55:00Z,4404.2001953125,4405.2998046875,4403.7001953125,4403.7001953125,53.0,yahoo,GC=F
2026-09-21T00:56:00Z,4403.7998046875,4404.5,4402.39990234375,4404.5,45.0,yahoo,GC=F
2026-09-21T00:57:00Z,4404.5,4404.5,4403.5,4403.5,19.0,yahoo,GC=F
2026-09-21T00:58:00Z,4403.7998046875,4404.60009765625,4403.5,4404.0,27.0,yahoo,GC=F
2026-09-21T00:59:00Z,4404.2001953125,4407.60009765625,4404.10009765625,4404.7998046875,252.0,yahoo,GC=F
2026-09-21T01:00:00Z,4404.7998046875,4413.7998046875,4404.7998046875,4413.39990234375,659.0,yahoo,GC=F
2026-09-21T01:01:00Z,4413.60009765625,4414.2001953125,4411.5,4413.10009765625,178.0,yahoo,GC=F
2026-09-21T01:02:00Z,4413.10009765625,4413.60009765625,4409.2998046875,4411.5,155.0,yahoo,GC=F
2026-09-21T01:03:00Z,4411.60009765625,4412.39990234375,4409.60009765625,4410.5,46.0,yahoo,GC=F
2026-09-21T01:04:00Z,4410.39990234375,4410.5,4408.0,4409.7998046875,66.0,yahoo,GC=F
2026-09-21T01:05:00Z,4409.7998046875,4413.10009765625,4409.2001953125,4412.60009765625,91.0,yahoo,GC=F
2026-09-21T01:06:00Z,4412.5,4414.10009765625,4412.0,4413.89990234375,112.0,yahoo,GC=F
2026-09-21T01:07:00Z,4413.89990234375,4417.60009765625,4413.7001953125,4416.5,237.0,yahoo,GC=F
2026-09-21T01:08:00Z,4416.7998046875,4417.5,4415.89990234375,4416.7001953125,59.0,yahoo,GC=F
2026-09-21T01:09:00Z,4416.39990234375,4418.89990234375,4416.39990234375,4418.7001953125,78.0,yahoo,GC=F
2026-09-21T01:10:00Z,4418.5,4418.7001953125,4416.89990234375,4417.39990234375,63.0,yahoo,GC=F
2026-09-21T01:11:00Z,4417.2001953125,4417.2998046875,4414.89990234375,4416.2998046875,139.0,yahoo,GC=F
2026-09-21T01:12:00Z,4415.7001953125,4417.5,4414.89990234375,4417.2998046875,37.0,yahoo,GC=F
2026-09-21T01:13:00Z,4417.7998046875,4418.7998046875,4416.89990234375,4417.60009765625,73.0,yahoo,GC=F
2026-09-21T01:14:00Z,4417.5,4419.39990234375,4415.7001953125,4419.10009765625,177.0,yahoo,GC=F
2026-09-21T01:15:00Z,4419.39990234375,4422.10009765625,4419.0,4422.0,307.0,yahoo,GC=F
2026-09-21T01:16:00Z,4421.7998046875,4422.0,4418.5,4420.7001953125,282.0,yahoo,GC=F
2026-09-21T01:17:00Z,4420.60009765625,4421.39990234375,4418.89990234375,4421.2001953125,150.0,yahoo,GC=F
2026-09-21T01:18:00Z,4421.2998046875,4421.2998046875,4417.7998046875,4417.7998046875,82.0,yahoo,GC=F
2026-09-21T01:19:00Z,4417.89990234375,4417.89990234375,4415.0,4416.2001953125,164.0,yahoo,GC=F
2026-09-21T01:20:00Z,4416.2998046875,4417.7001953125,4414.7998046875,4414.7998046875,140.0,yahoo,GC=F
2026-09-21T01:21:00Z,4414.7001953125,4416.39990234375,4414.0,4416.39990234375,71.0,yahoo,GC=F
2026-09-21T01:22:00Z,4416.39990234375,4417.0,4414.39990234375,4416.7998046875,59.0,yahoo,GC=F
2026-09-21T01:23:00Z,4416.7998046875,4416.7998046875,4413.5,4414.89990234375,74.0,yahoo,GC=F
2026-09-21T01:24:00Z,4415.10009765625,4417.2001953125,4415.10009765625,4416.39990234375,44.0,yahoo,GC=F
2026-09-21T01:25:00Z,4416.10009765625,4418.7998046875,4416.10009765625,4418.10009765625,81.0,yahoo,GC=F
2026-09-21T01:26:00Z,4418.2001953125,4418.5,4415.0,4415.0,102.0,yahoo,GC=F
2026-09-21T01:27:00Z,4415.39990234375,4415.60009765625,4412.89990234375,4414.2998046875,136.0,yahoo,GC=F
2026-09-21T01:28:00Z,4414.5,4416.5,4414.5,4416.0,56.0,yahoo,GC=F
2026-09-21T01:29:00Z,4416.2001953125,4416.2998046875,4413.0,4413.2998046875,43.0,yahoo,GC=F
2026-09-21T01:30:00Z,4413.10009765625,4415.39990234375,4412.10009765625,4414.89990234375,170.0,yahoo,GC=F
2026-09-21T01:31:00Z,4414.60009765625,4415.2001953125,4412.89990234375,4413.2998046875,45.0,yahoo,GC=F
2026-09-21T01:32:00Z,4413.39990234375,4415.2001953125,4413.0,4414.60009765625,42.0,yahoo,GC=F
2026-09-21T01:33:00Z,4414.60009765625,4416.7001953125,4413.7001953125,4416.10009765625,70.0,yahoo,GC=F
2026-09-21T01:34:00Z,4416.39990234375,4418.2998046875,4416.39990234375,4416.7998046875,103.0,yahoo,GC=F
2026-09-21T01:35:00Z,4417.10009765625,4417.10009765625,4415.60009765625,4415.89990234375,52.0,yahoo,GC=F
2026-09-21T01:36:00Z,4415.89990234375,4416.2998046875,4414.7001953125,4416.2998046875,42.0,yahoo,GC=F
2026-09-21T01:37:00Z,4416.2998046875,4417.7998046875,4416.0,4417.7998046875,38.0,yahoo,GC=F
2026-09-21T01:38:00Z,4417.5,4417.5,4413.89990234375,4414.60009765625,52.0,yahoo,GC=F
2026-09-21T01:39:00Z,4414.89990234375,4416.39990234375,4414.39990234375,4416.10009765625,17.0,yahoo,GC=F
2026-09-21T01:40:00Z,4415.89990234375,4417.39990234375,4415.89990234375,4417.39990234375,22.0,yahoo,GC=F
2026-09-21T01:41:00Z,4417.5,4419.2001953125,4417.0,4417.60009765625,80.0,yahoo,GC=F
2026-09-21T01:42:00Z,4418.10009765625,4418.2001953125,4414.89990234375,4415.89990234375,46.0,yahoo,GC=F
2026-09-21T01:43:00Z,4415.89990234375,4417.89990234375,4415.7001953125,4415.7001953125,80.0,yahoo,GC=F
2026-09-21T01:44:00Z,4415.5,4418.2998046875,4415.5,4417.89990234375,46.0,yahoo,GC=F
2026-09-21T01:45:00Z,4417.7998046875,4419.0,4417.7001953125,4417.7001953125,46.0,yahoo,GC=F
2026-09-21T01:46:00Z,4417.7998046875,4420.2998046875,4417.7998046875,4420.2001953125,75.0,yahoo,GC=F
2026-09-21T01:47:00Z,4419.7998046875,4421.2001953125,4419.0,4421.10009765625,82.0,yahoo,GC=F
2026-09-21T01:48:00Z,4421.10009765625,4421.60009765625,4418.60009765625,4419.2998046875,107.0,yahoo,GC=F
2026-09-21T01:49:00Z,4419.2998046875,4421.10009765625,4418.0,4418.0,123.0,yahoo,GC=F
2026-09-21T01:50:00Z,4418.2001953125,4419.60009765625,4415.2998046875,4415.39990234375,159.0,yahoo,GC=F
2026-09-21T01:51:00Z,4415.60009765625,4417.89990234375,4414.7001953125,4417.60009765625,63.0,yahoo,GC=F
2026-09-21T01:52:00Z,4417.60009765625,4418.7001953125,4416.60009765625,4416.60009765625,51.0,yahoo,GC=F
2026-09-21T01:53:00Z,4416.7998046875,4418.60009765625,4416.2998046875,4417.2001953125,57.0,yahoo,GC=F
2026-09-21T01:54:00Z,4417.0,4418.2998046875,4416.2998046875,4417.0,66.0,yahoo,GC=F
2026-09-21T01:55:00Z,4417.0,4417.39990234375,4416.0,4417.2001953125,43.0,yahoo,GC=F
2026-09-21T01:56:00Z,4417.2001953125,4417.2001953125,4414.2001953125,4415.2998046875,85.0,yahoo,GC=F
2026-09-21T01:57:00Z,4415.60009765625,4416.5,4415.10009765625,4415.7998046875,42.0,yahoo,GC=F
2026-09-21T01:58:00Z,4416.10009765625,4416.39990234375,4414.0,4415.2998046875,77.0,yahoo,GC=F
2026-09-21T01:59:00Z,4415.2001953125,4416.2998046875,4415.0,4415.7001953125,58.0,yahoo,GC=F
2026-09-21T02:00:00Z,4416.0,4416.2001953125,4414.10009765625,4414.89990234375,46.0,yahoo,GC=F
2026-09-21T02:01:00Z,4415.10009765625,4415.10009765625,4411.39990234375,4411.5,164.0,yahoo,GC=F
2026-09-21T02:02:00Z,4411.89990234375,4412.60009765625,4411.5,4412.5,63.0,yahoo,GC=F
2026-09-21T02:03:00Z,4412.60009765625,4414.0,4412.5,4412.7998046875,38.0,yahoo,GC=F
2026-09-21T02:04:00Z,4413.2001953125,4414.7998046875,4413.2001953125,4414.60009765625,31.0,yahoo,GC=F
2026-09-21T02:05:00Z,4414.5,4414.5,4410.89990234375,4411.5,92.0,yahoo,GC=F
2026-09-21T02:06:00Z,4411.2001953125,4413.2001953125,4410.60009765625,4412.7001953125,125.0,yahoo,GC=F
2026-09-21T02:07:00Z,4412.2998046875,4412.2998046875,4411.2001953125,4411.89990234375,16.0,yahoo,GC=F
2026-09-21T02:08:00Z,4412.2998046875,4413.0,4412.2998046875,4412.7998046875,12.0,yahoo,GC=F
2026-09-21T02:09:00Z,4413.10009765625,4413.7001953125,4412.60009765625,4413.39990234375,35.0,yahoo,GC=F
2026-09-21T02:10:00Z,4413.89990234375,4414.0,4410.2998046875,4410.2998046875,68.0,yahoo,GC=F
2026-09-21T02:11:00Z,4410.10009765625,4410.10009765625,4408.10009765625,4408.7998046875,141.0,yahoo,GC=F
2026-09-21T02:12:00Z,4409.0,4410.0,4407.7001953125,4409.0,90.0,yahoo,GC=F
2026-09-21T02:13:00Z,4408.89990234375,4410.10009765625,4408.89990234375,4410.0,33.0,yahoo,GC=F
2026-09-21T02:14:00Z,4409.89990234375,4409.89990234375,4406.39990234375,4406.7998046875,179.0,yahoo,GC=F
2026-09-21T02:15:00Z,4406.89990234375,4407.60009765625,4406.0,4406.2001953125,56.0,yahoo,GC=F
2026-09-21T02:16:00Z,4406.2001953125,4406.39990234375,4404.39990234375,4405.39990234375,171.0,yahoo,GC=F
2026-09-21T02:17:00Z,4405.39990234375,4405.39990234375,4404.10009765625,4404.89990234375,40.0,yahoo,GC=F
2026-09-21T02:18:00Z,4404.7001953125,4404.89990234375,4403.60009765625,4404.2998046875,78.0,yahoo,GC=F
2026-09-21T02:19:00Z,4404.2998046875,4404.7001953125,4404.0,4404.2001953125,38.0,yahoo,GC=F
2026-09-21T02:20:00Z,4404.10009765625,4404.5,4402.39990234375,4402.39990234375,85.0,yahoo,GC=F
2026-09-21T02:21:00Z,4402.60009765625,4403.2001953125,4402.10009765625,4402.39990234375,50.0,yahoo,GC=F
2026-09-21T02:22:00Z,4402.0,4403.10009765625,4401.0,4402.60009765625,85.0,yahoo,GC=F
2026-09-21T02:23:00Z,4402.5,4402.5,4401.0,4401.0,59.0,yahoo,GC=F
2026-09-21T02:24:00Z,4401.39990234375,4401.60009765625,4399.0,4401.60009765625,158.0,yahoo,GC=F
2026-09-21T02:25:00Z,4401.60009765625,4402.5,4401.2001953125,4402.10009765625,57.0,yahoo,GC=F
2026-09-21T02:26:00Z,4402.2001953125,4404.2001953125,4402.2001953125,4404.2001953125,91.0,yahoo,GC=F
2026-09-21T02:27:00Z,4404.0,4404.2001953125,4403.60009765625,4403.7001953125,46.0,yahoo,GC=F
2026-09-21T02:28:00Z,4403.39990234375,4406.39990234375,4403.2001953125,4406.2001953125,167.0,yahoo,GC=F
2026-09-21T02:29:00Z,4406.2998046875,4407.60009765625,4406.0,4407.5,76.0,yahoo,GC=F
2026-09-21T02:30:00Z,4407.60009765625,4410.39990234375,4406.5,4409.5,210.0,yahoo,GC=F
2026-09-21T02:31:00Z,4409.2998046875,4409.60009765625,4404.7001953125,4405.7001953125,136.0,yahoo,GC=F
2026-09-21T02:32:00Z,4405.89990234375,4406.7998046875,4404.89990234375,4405.10009765625,67.0,yahoo,GC=F
2026-09-21T02:33:00Z,4404.7998046875,4406.39990234375,4404.7001953125,4405.7998046875,37.0,yahoo,GC=F
2026-09-21T02:34:00Z,4405.7998046875,4406.7998046875,4405.39990234375,4405.5,48.0,yahoo,GC=F
2026-09-21T02:35:00Z,4405.10009765625,4407.0,4404.5,4405.7001953125,58.0,yahoo,GC=F
2026-09-21T02:36:00Z,4405.2998046875,4407.0,4405.2998046875,4405.7998046875,20.0,yahoo,GC=F
2026-09-21T02:37:00Z,4406.0,4408.39990234375,4406.0,4406.89990234375,75.0,yahoo,GC=F
2026-09-21T02:38:00Z,4407.2001953125,4408.39990234375,4406.60009765625,4406.60009765625,48.0,yahoo,GC=F
2026-09-21T02:39:00Z,4406.7998046875,4406.7998046875,4405.2001953125,4406.0,32.0,yahoo,GC=F
2026-09-21T02:40:00Z,4406.10009765625,4406.39990234375,4402.89990234375,4402.89990234375,73.0,yahoo,GC=F
2026-09-21T02:41:00Z,4403.10009765625,4404.89990234375,4402.0,4404.89990234375,91.0,yahoo,GC=F
2026-09-21T02:42:00Z,4404.60009765625,4404.60009765625,4402.7001953125,4403.89990234375,89.0,yahoo,GC=F
2026-09-21T02:43:00Z,4404.60009765625,4407.7001953125,4404.0,4407.0,131.0,yahoo,GC=F
2026-09-21T02:44:00Z,4406.89990234375,4407.10009765625,4404.2001953125,4404.2001953125,54.0,yahoo,GC=F
2026-09-21T02:45:00Z,4404.39990234375,4406.0,4404.2998046875,4405.60009765625,37.0,yahoo,GC=F
2026-09-21T02:46:00Z,4405.2001953125,4408.0,4405.2001953125,4408.0,36.0,yahoo,GC=F
2026-09-21T02:47:00Z,4408.0,4408.0,4405.7998046875,4406.0,36.0,yahoo,GC=F
2026-09-21T02:48:00Z,4405.7001953125,4406.39990234375,4404.60009765625,4405.0,62.0,yahoo,GC=F
2026-09-21T02:49:00Z,4405.7998046875,4406.2998046875,4405.10009765625,4406.2001953125,12.0,yahoo,GC=F
2026-09-21T02:50:00Z,4406.10009765625,4406.60009765625,4405.60009765625,4406.10009765625,27.0,yahoo,GC=F
2026-09-21T02:51:00Z,4406.10009765625,4407.0,4404.2001953125,4404.2001953125,48.0,yahoo,GC=F
2026-09-21T02:52:00Z,4404.7001953125,4405.7998046875,4404.5,4405.60009765625,27.0,yahoo,GC=F
2026-09-21T02:53:00Z,4405.89990234375,4406.0,4404.89990234375,4405.0,22.0,yahoo,GC=F
2026-09-21T02:54:00Z,4404.89990234375,4405.0,4403.2998046875,4403.39990234375,96.0,yahoo,GC=F
2026-09-21T02:55:00Z,4402.89990234375,4404.0,4402.10009765625,4403.7001953125,64.0,yahoo,GC=F
2026-09-21T02:56:00Z,4402.7001953125,4404.39990234375,4402.60009765625,4403.2998046875,191.0,yahoo,GC=F
2026-09-21T02:57:00Z,4403.0,4404.89990234375,4402.7001953125,4403.39990234375,71.0,yahoo,GC=F
2026-09-21T02:58:00Z,4403.10009765625,4403.2001953125,4400.5,4401.7001953125,119.0,yahoo,GC=F
2026-09-21T02:59:00Z,4401.10009765625,4401.7998046875,4400.60009765625,4401.5,38.0,yahoo,GC=F
2026-09-21T03:00:00Z,4401.7001953125,4402.0,4401.10009765625,4401.2998046875,41.0,yahoo,GC=F
2026-09-21T03:01:00Z,4401.2001953125,4401.39990234375,4398.7001953125,4399.2998046875,203.0,yahoo,GC=F
2026-09-21T03:02:00Z,4399.39990234375,4400.10009765625,4396.7998046875,4398.89990234375,236.0,yahoo,GC=F
2026-09-21T03:03:00Z,4399.10009765625,4403.39990234375,4399.10009765625,4402.89990234375,145.0,yahoo,GC=F
2026-09-21T03:04:00Z,4402.7001953125,4404.60009765625,4402.2998046875,4404.5,81.0,yahoo,GC=F
2026-09-21T03:05:00Z,4404.2001953125,4404.2998046875,4403.2998046875,4404.2001953125,55.0,yahoo,GC=F
2026-09-21T03:06:00Z,4403.7001953125,4404.2998046875,4402.7001953125,4403.5,50.0,yahoo,GC=F
2026-09-21T03:07:00Z,4403.7001953125,4404.5,4398.60009765625,4398.7998046875,260.0,yahoo,GC=F
2026-09-21T03:08:00Z,4398.7998046875,4399.7998046875,4398.39990234375,4398.5,43.0,yahoo,GC=F
2026-09-21T03:09:00Z,4398.39990234375,4398.7001953125,4396.89990234375,4398.7001953125,171.0,yahoo,GC=F
2026-09-21T03:10:00Z,4398.7001953125,4400.2998046875,4398.39990234375,4400.2001953125,66.0,yahoo,GC=F
2026-09-21T03:11:00Z,4400.2001953125,4400.5,4399.10009765625,4399.10009765625,26.0,yahoo,GC=F
2026-09-21T03:12:00Z,4399.2001953125,4400.2998046875,4399.2001953125,4399.7998046875,44.0,yahoo,GC=F
2026-09-21T03:13:00Z,4399.7001953125,4400.7998046875,4399.7001953125,4400.2998046875,64.0,yahoo,GC=F
2026-09-21T03:14:00Z,4400.89990234375,4401.10009765625,4400.39990234375,4400.7998046875,40.0,yahoo,GC=F
2026-09-21T03:15:00Z,4400.89990234375,4401.2001953125,4400.0,4401.0,59.0,yahoo,GC=F
2026-09-21T03:16:00Z,4401.2998046875,4402.10009765625,4400.5,4401.60009765625,88.0,yahoo,GC=F
2026-09-21T03:17:00Z,4401.60009765625,4401.7001953125,4399.7001953125,4399.7998046875,57.0,yahoo,GC=F
2026-09-21T03:18:00Z,4399.5,4402.89990234375,4399.0,4402.60009765625,117.0,yahoo,GC=F
2026-09-21T03:19:00Z,4402.2998046875,4403.39990234375,4401.10009765625,4401.7001953125,97.0,yahoo,GC=F
2026-09-21T03:20:00Z,4401.5,4401.60009765625,4400.60009765625,4400.7001953125,86.0,yahoo,GC=F
2026-09-21T03:21:00Z,4400.2001953125,4400.2001953125,4398.5,4399.60009765625,63.0,yahoo,GC=F
2026-09-21T03:22:00Z,4399.7001953125,4400.2001953125,4399.7001953125,4400.0,8.0,yahoo,GC=F
2026-09-21T03:23:00Z,4399.89990234375,4400.2998046875,4399.39990234375,4399.39990234375,19.0,yahoo,GC=F
2026-09-21T03:24:00Z,4399.60009765625,4400.10009765625,4399.2998046875,4400.10009765625,18.0,yahoo,GC=F
2026-09-21T03:25:00Z,4399.7998046875,4400.2998046875,4399.5,4399.5,33.0,yahoo,GC=F
2026-09-21T03:26:00Z,4399.2001953125,4399.2998046875,4398.2001953125,4398.2001953125,28.0,yahoo,GC=F
2026-09-21T03:27:00Z,4398.2001953125,4399.0,4396.7001953125,4397.2001953125,70.0,yahoo,GC=F
2026-09-21T03:28:00Z,4397.5,4398.2998046875,4397.2998046875,4397.5,24.0,yahoo,GC=F
2026-09-21T03:29:00Z,4397.60009765625,4397.89990234375,4397.39990234375,4397.7998046875,32.0,yahoo,GC=F
2026-09-21T03:30:00Z,4397.5,4398.7998046875,4397.2001953125,4398.60009765625,64.0,yahoo,GC=F
2026-09-21T03:31:00Z,4398.7998046875,4399.5,4398.60009765625,4398.7998046875,31.0,yahoo,GC=F
2026-09-21T03:32:00Z,4398.89990234375,4400.2998046875,4398.89990234375,4400.10009765625,33.0,yahoo,GC=F
2026-09-21T03:33:00Z,4399.89990234375,4401.2998046875,4399.7001953125,4400.7001953125,53.0,yahoo,GC=F
2026-09-21T03:34:00Z,4400.7001953125,4403.2001953125,4400.60009765625,4402.89990234375,150.0,yahoo,GC=F
2026-09-21T03:35:00Z,4403.0,4405.60009765625,4402.2001953125,4402.2998046875,197.0,yahoo,GC=F
2026-09-21T03:36:00Z,4402.2001953125,4403.10009765625,4401.7998046875,4403.10009765625,41.0,yahoo,GC=F
2026-09-21T03:37:00Z,4403.2001953125,4404.89990234375,4402.7998046875,4403.10009765625,62.0,yahoo,GC=F
2026-09-21T03:38:00Z,4402.89990234375,4405.0,4402.89990234375,4404.7998046875,20.0,yahoo,GC=F
2026-09-21T03:39:00Z,4404.89990234375,4405.0,4403.7001953125,4403.7001953125,43.0,yahoo,GC=F
2026-09-21T03:40:00Z,4403.5,4403.7001953125,4402.89990234375,4403.60009765625,41.0,yahoo,GC=F
2026-09-21T03:41:00Z,4403.89990234375,4404.89990234375,4403.5,4404.39990234375,42.0,yahoo,GC=F
2026-09-21T03:42:00Z,4404.7998046875,4405.60009765625,4404.60009765625,4405.2001953125,43.0,yahoo,GC=F
2026-09-21T03:43:00Z,4405.2998046875,4405.7998046875,4404.60009765625,4405.5,60.0,yahoo,GC=F
2026-09-21T03:44:00Z,4405.5,4405.60009765625,4404.7998046875,4405.10009765625,14.0,yahoo,GC=F
2026-09-21T03:45:00Z,4405.2001953125,4406.0,4405.0,4405.5,41.0,yahoo,GC=F
2026-09-21T03:46:00Z,4405.2998046875,4405.2998046875,4403.60009765625,4404.39990234375,68.0,yahoo,GC=F
2026-09-21T03:47:00Z,4404.0,4404.0,4402.5,4403.0,44.0,yahoo,GC=F
2026-09-21T03:48:00Z,4403.2001953125,4403.2001953125,4401.89990234375,4402.0,48.0,yahoo,GC=F
2026-09-21T03:49:00Z,4402.2001953125,4402.2001953125,4401.0,4401.0,12.0,yahoo,GC=F
2026-09-21T03:50:00Z,4400.7001953125,4400.7001953125,4399.5,4399.7001953125,33.0,yahoo,GC=F
2026-09-21T03:51:00Z,4399.89990234375,4400.2998046875,4399.5,4400.0,24.0,yahoo,GC=F
2026-09-21T03:52:00Z,4400.2001953125,4401.2998046875,4400.2001953125,4401.2001953125,29.0,yahoo,GC=F
2026-09-21T03:53:00Z,4400.60009765625,4401.0,4398.0,4398.39990234375,94.0,yahoo,GC=F
2026-09-21T03:54:00Z,4398.2998046875,4398.2998046875,4395.7998046875,4396.89990234375,148.0,yahoo,GC=F
2026-09-21T03:55:00Z,4397.0,4397.0,4395.89990234375,4395.89990234375,45.0,yahoo,GC=F
2026-09-21T03:56:00Z,4396.0,4397.2998046875,4395.7001953125,4396.0,30.0,yahoo,GC=F
2026-09-21T03:57:00Z,4396.2998046875,4396.60009765625,4395.7001953125,4395.89990234375,16.0,yahoo,GC=F
2026-09-21T03:58:00Z,4395.89990234375,4395.89990234375,4395.39990234375,4395.7998046875,25.0,yahoo,GC=F
2026-09-21T04:00:00Z,4396.7998046875,4398.2001953125,4396.5,4398.10009765625,72.0,yahoo,GC=F
2026-09-21T04:01:00Z,4397.89990234375,4398.39990234375,4396.7998046875,4398.39990234375,38.0,yahoo,GC=F
2026-09-21T04:02:00Z,4398.5,4398.5,4397.89990234375,4397.89990234375,17.0,yahoo,GC=F
2026-09-21T04:03:00Z,4397.89990234375,4398.0,4397.10009765625,4397.2998046875,15.0,yahoo,GC=F
2026-09-21T04:04:00Z,4397.0,4397.0,4395.2001953125,4395.7001953125,33.0,yahoo,GC=F
2026-09-21T04:05:00Z,4395.89990234375,4396.2001953125,4394.7001953125,4395.7001953125,52.0,yahoo,GC=F
2026-09-21T04:06:00Z,4395.5,4395.5,4394.7001953125,4395.2998046875,21.0,yahoo,GC=F
2026-09-21T04:07:00Z,4395.2998046875,4395.39990234375,4393.39990234375,4393.89990234375,104.0,yahoo,GC=F
2026-09-21T04:08:00Z,4394.10009765625,4395.7998046875,4393.89990234375,4395.7001953125,41.0,yahoo,GC=F
2026-09-21T04:09:00Z,4395.7998046875,4396.39990234375,4395.10009765625,4395.7001953125,70.0,yahoo,GC=F
2026-09-21T04:10:00Z,4395.89990234375,4396.5,4395.7998046875,4395.7998046875,20.0,yahoo,GC=F
2026-09-21T04:11:00Z,4396.0,4397.60009765625,4395.7998046875,4396.2998046875,69.0,yahoo,GC=F
2026-09-21T04:12:00Z,4396.60009765625,4398.60009765625,4396.60009765625,4398.60009765625,41.0,yahoo,GC=F
2026-09-21T04:13:00Z,4398.39990234375,4398.7001953125,4397.89990234375,4397.89990234375,21.0,yahoo,GC=F
2026-09-21T04:14:00Z,4398.0,4398.2001953125,4397.2001953125,4397.2998046875,25.0,yahoo,GC=F
2026-09-21T04:15:00Z,4397.2998046875,4397.7001953125,4396.7001953125,4396.7998046875,35.0,yahoo,GC=F
2026-09-21T04:16:00Z,4396.89990234375,4399.89990234375,4396.89990234375,4399.89990234375,35.0,yahoo,GC=F
2026-09-21T04:17:00Z,4400.0,4400.7001953125,4398.7998046875,4398.89990234375,41.0,yahoo,GC=F
2026-09-21T04:18:00Z,4399.2998046875,4400.7998046875,4399.2998046875,4400.7998046875,41.0,yahoo,GC=F
2026-09-21T04:19:00Z,4400.7001953125,4401.7001953125,4400.2001953125,4401.7001953125,36.0,yahoo,GC=F
2026-09-21T04:20:00Z,4401.7998046875,4402.89990234375,4401.7001953125,4402.2001953125,36.0,yahoo,GC=F
2026-09-21T04:21:00Z,4401.89990234375,4402.2001953125,4401.5,4401.7001953125,27.0,yahoo,GC=F
2026-09-21T04:22:00Z,4401.5,4401.7001953125,4401.2001953125,4401.5,23.0,yahoo,GC=F
2026-09-21T04:23:00Z,4401.2998046875,4401.89990234375,4401.2001953125,4401.39990234375,19.0,yahoo,GC=F
2026-09-21T04:24:00Z,4401.5,4401.5,4401.0,4401.2998046875,18.0,yahoo,GC=F
2026-09-21T04:25:00Z,4401.10009765625,4401.7998046875,4401.10009765625,4401.2998046875,21.0,yahoo,GC=F
2026-09-21T04:26:00Z,4401.39990234375,4402.0,4400.7998046875,4401.7998046875,39.0,yahoo,GC=F
2026-09-21T04:27:00Z,4401.7998046875,4402.7001953125,4401.7998046875,4402.5,28.0,yahoo,GC=F
2026-09-21T04:28:00Z,4402.0,4402.0,4399.89990234375,4400.39990234375,44.0,yahoo,GC=F
2026-09-21T04:29:00Z,4400.2001953125,4400.2998046875,4399.0,4399.2001953125,22.0,yahoo,GC=F
2026-09-21T04:30:00Z,4399.2001953125,4399.39990234375,4395.60009765625,4396.7998046875,220.0,yahoo,GC=F
2026-09-21T04:31:00Z,4396.7001953125,4399.0,4396.0,4398.10009765625,102.0,yahoo,GC=F
2026-09-21T04:32:00Z,4397.7998046875,4398.2998046875,4395.7001953125,4397.5,97.0,yahoo,GC=F
2026-09-21T04:33:00Z,4397.5,4397.7998046875,4396.39990234375,4397.2998046875,48.0,yahoo,GC=F
2026-09-21T04:34:00Z,4397.60009765625,4399.2001953125,4397.5,4399.0,45.0,yahoo,GC=F
2026-09-21T04:35:00Z,4399.0,4400.2998046875,4398.89990234375,4400.2998046875,31.0,yahoo,GC=F
2026-09-21T04:36:00Z,4400.2998046875,4400.2998046875,4398.7001953125,4399.10009765625,16.0,yahoo,GC=F
2026-09-21T04:38:00Z,4398.7998046875,4398.7998046875,4398.10009765625,4398.60009765625,20.0,yahoo,GC=F
2026-09-21T04:39:00Z,4398.5,4398.7998046875,4398.2998046875,4398.7001953125,12.0,yahoo,GC=F
2026-09-21T04:40:00Z,4398.7001953125,4399.10009765625,4398.5,4399.10009765625,23.0,yahoo,GC=F
2026-09-21T04:41:00Z,4398.89990234375,4399.2998046875,4398.7998046875,4399.2998046875,10.0,yahoo,GC=F
2026-09-21T04:42:00Z,4399.39990234375,4399.7001953125,4398.7001953125,4399.0,27.0,yahoo,GC=F
2026-09-21T04:43:00Z,4399.39990234375,4400.7001953125,4399.39990234375,4400.2998046875,70.0,yahoo,GC=F
2026-09-21T04:44:00Z,4400.2001953125,4400.2001953125,4398.7998046875,4399.10009765625,37.0,yahoo,GC=F
2026-09-21T04:45:00Z,4398.89990234375,4399.7001953125,4398.89990234375,4399.7001953125,13.0,yahoo,GC=F
2026-09-21T04:46:00Z,4399.5,4399.60009765625,4398.39990234375,4398.7001953125,31.0,yahoo,GC=F
2026-09-21T04:47:00Z,4398.39990234375,4399.0,4398.0,4398.0,18.0,yahoo,GC=F
2026-09-21T04:48:00Z,4397.89990234375,4399.39990234375,4397.89990234375,4398.7998046875,31.0,yahoo,GC=F
2026-09-21T04:49:00Z,4398.60009765625,4399.0,4396.89990234375,4398.0,59.0,yahoo,GC=F
2026-09-21T04:50:00Z,4397.60009765625,4397.60009765625,4396.60009765625,4396.89990234375,8.0,yahoo,GC=F
2026-09-21T04:51:00Z,4396.7001953125,4396.7998046875,4396.0,4396.0,28.0,yahoo,GC=F
2026-09-21T04:52:00Z,4396.39990234375,4397.2001953125,4396.2998046875,4396.7001953125,38.0,yahoo,GC=F
2026-09-21T04:53:00Z,4396.0,4396.2998046875,4395.5,4395.5,16.0,yahoo,GC=F
2026-09-21T04:54:00Z,4395.5,4395.60009765625,4394.5,4394.60009765625,45.0,yahoo,GC=F
2026-09-21T04:55:00Z,4394.60009765625,4395.60009765625,4394.2998046875,4394.7001953125,88.0,yahoo,GC=F
2026-09-21T04:56:00Z,4394.89990234375,4396.5,4394.89990234375,4396.5,23.0,yahoo,GC=F
2026-09-21T04:57:00Z,4396.60009765625,4397.10009765625,4394.60009765625,4394.7001953125,44.0,yahoo,GC=F
2026-09-21T04:58:00Z,4394.7001953125,4394.89990234375,4392.2998046875,4392.2998046875,76.0,yahoo,GC=F
2026-09-21T04:59:00Z,4392.39990234375,4393.2001953125,4392.2001953125,4393.10009765625,41.0,yahoo,GC=F
2026-09-21T05:00:00Z,4392.89990234375,4393.5,4391.0,4391.7998046875,145.0,yahoo,GC=F
2026-09-21T05:01:00Z,4392.0,4394.2998046875,4392.0,4394.2001953125,78.0,yahoo,GC=F
2026-09-21T05:02:00Z,4393.89990234375,4394.39990234375,4393.39990234375,4394.2998046875,17.0,yahoo,GC=F
2026-09-21T05:03:00Z,4394.0,4394.60009765625,4393.60009765625,4394.2001953125,31.0,yahoo,GC=F
2026-09-21T05:04:00Z,4394.2998046875,4394.60009765625,4392.7001953125,4392.7998046875,25.0,yahoo,GC=F
2026-09-21T05:05:00Z,4392.7001953125,4392.89990234375,4392.5,4392.7001953125,27.0,yahoo,GC=F
2026-09-21T05:06:00Z,4392.60009765625,4393.5,4391.5,4392.7001953125,102.0,yahoo,GC=F
2026-09-21T05:07:00Z,4392.7001953125,4392.89990234375,4391.60009765625,4391.89990234375,40.0,yahoo,GC=F
2026-09-21T05:08:00Z,4391.7998046875,4392.89990234375,4391.7998046875,4392.2001953125,38.0,yahoo,GC=F
2026-09-21T05:09:00Z,4392.39990234375,4393.2998046875,4392.10009765625,4392.2001953125,37.0,yahoo,GC=F
2026-09-21T05:10:00Z,4391.7998046875,4392.60009765625,4390.5,4390.7001953125,74.0,yahoo,GC=F
2026-09-21T05:11:00Z,4390.5,4392.2998046875,4389.7001953125,4392.2998046875,116.0,yahoo,GC=F
2026-09-21T05:12:00Z,4392.39990234375,4392.7998046875,4391.7998046875,4392.7998046875,34.0,yahoo,GC=F
2026-09-21T05:13:00Z,4392.2001953125,4392.7998046875,4391.7001953125,4392.5,33.0,yahoo,GC=F
2026-09-21T05:14:00Z,4392.60009765625,4393.2998046875,4392.60009765625,4393.0,42.0,yahoo,GC=F
2026-09-21T05:15:00Z,4393.39990234375,4393.60009765625,4391.60009765625,4391.7001953125,51.0,yahoo,GC=F
2026-09-21T05:16:00Z,4391.60009765625,4392.10009765625,4391.5,4391.60009765625,22.0,yahoo,GC=F
2026-09-21T05:17:00Z,4391.2998046875,4392.0,4391.2998046875,4391.5,23.0,yahoo,GC=F
2026-09-21T05:18:00Z,4391.39990234375,4392.89990234375,4391.39990234375,4392.2998046875,51.0,yahoo,GC=F
2026-09-21T05:19:00Z,4392.39990234375,4393.2001953125,4391.0,4392.2001953125,39.0,yahoo,GC=F
2026-09-21T05:20:00Z,4392.39990234375,4393.60009765625,4392.2001953125,4393.60009765625,16.0,yahoo,GC=F
2026-09-21T05:21:00Z,4393.7998046875,4395.2998046875,4393.7998046875,4395.10009765625,59.0,yahoo,GC=F
2026-09-21T05:22:00Z,4394.7998046875,4396.5,4394.7998046875,4396.10009765625,88.0,yahoo,GC=F
2026-09-21T05:23:00Z,4396.0,4398.2998046875,4396.0,4397.39990234375,135.0,yahoo,GC=F
2026-09-21T05:24:00Z,4397.2998046875,4398.0,4396.89990234375,4397.10009765625,59.0,yahoo,GC=F
2026-09-21T05:25:00Z,4396.89990234375,4397.89990234375,4395.0,4396.5,147.0,yahoo,GC=F
2026-09-21T05:26:00Z,4396.7001953125,4398.0,4396.5,4398.0,76.0,yahoo,GC=F
2026-09-21T05:27:00Z,4398.0,4398.2998046875,4396.10009765625,4396.10009765625,49.0,yahoo,GC=F
2026-09-21T05:28:00Z,4396.10009765625,4396.10009765625,4394.5,4394.7998046875,58.0,yahoo,GC=F
2026-09-21T05:29:00Z,4394.7001953125,4395.7998046875,4394.5,4394.60009765625,77.0,yahoo,GC=F
2026-09-21T05:30:00Z,4394.5,4399.2998046875,4393.10009765625,4398.5,360.0,yahoo,GC=F
2026-09-21T05:31:00Z,4398.2998046875,4399.10009765625,4397.39990234375,4399.0,50.0,yahoo,GC=F
2026-09-21T05:32:00Z,4398.7998046875,4398.7998046875,4394.0,4394.0,78.0,yahoo,GC=F
2026-09-21T05:33:00Z,4394.0,4394.2998046875,4391.2001953125,4393.0,119.0,yahoo,GC=F
2026-09-21T05:34:00Z,4393.2998046875,4393.60009765625,4391.2998046875,4392.2998046875,98.0,yahoo,GC=F
2026-09-21T05:35:00Z,4392.2998046875,4392.2998046875,4389.2001953125,4390.60009765625,219.0,yahoo,GC=F
2026-09-21T05:36:00Z,4390.7001953125,4393.7998046875,4390.7001953125,4393.10009765625,117.0,yahoo,GC=F
2026-09-21T05:37:00Z,4393.0,4393.7998046875,4392.2001953125,4393.60009765625,48.0,yahoo,GC=F
2026-09-21T05:38:00Z,4393.5,4394.60009765625,4393.0,4394.2998046875,50.0,yahoo,GC=F
2026-09-21T05:39:00Z,4394.5,4394.7001953125,4393.60009765625,4393.7998046875,29.0,yahoo,GC=F
2026-09-21T05:40:00Z,4394.2998046875,4395.2998046875,4394.2001953125,4394.60009765625,34.0,yahoo,GC=F
2026-09-21T05:41:00Z,4394.7998046875,4394.7998046875,4392.39990234375,4392.39990234375,85.0,yahoo,GC=F
2026-09-21T05:42:00Z,4391.60009765625,4392.7998046875,4391.5,4391.7001953125,53.0,yahoo,GC=F
2026-09-21T05:43:00Z,4391.7998046875,4393.39990234375,4391.39990234375,4392.5,58.0,yahoo,GC=F
2026-09-21T05:44:00Z,4392.10009765625,4392.5,4392.0,4392.2001953125,26.0,yahoo,GC=F
2026-09-21T05:45:00Z,4391.60009765625,4391.60009765625,4387.5,4389.2001953125,257.0,yahoo,GC=F
2026-09-21T05:46:00Z,4389.2998046875,4391.0,4389.2001953125,4389.89990234375,87.0,yahoo,GC=F
2026-09-21T05:47:00Z,4390.0,4390.2998046875,4389.5,4389.7001953125,60.0,yahoo,GC=F
2026-09-21T05:48:00Z,4389.60009765625,4389.7998046875,4388.10009765625,4388.7001953125,36.0,yahoo,GC=F
2026-09-21T05:49:00Z,4389.10009765625,4389.7998046875,4387.60009765625,4387.7001953125,73.0,yahoo,GC=F
2026-09-21T05:50:00Z,4387.7998046875,4389.89990234375,4387.7001953125,4389.39990234375,76.0,yahoo,GC=F
2026-09-21T05:51:00Z,4389.39990234375,4389.39990234375,4386.2998046875,4388.5,162.0,yahoo,GC=F
2026-09-21T05:52:00Z,4388.39990234375,4391.39990234375,4388.39990234375,4391.0,59.0,yahoo,GC=F
2026-09-21T05:53:00Z,4391.0,4393.2001953125,4391.0,4393.0,96.0,yahoo,GC=F
2026-09-21T05:54:00Z,4392.7001953125,4392.7001953125,4391.10009765625,4391.5,82.0,yahoo,GC=F
2026-09-21T05:55:00Z,4391.2001953125,4391.5,4390.2998046875,4391.5,40.0,yahoo,GC=F
2026-09-21T05:56:00Z,4391.39990234375,4392.5,4390.0,4390.7998046875,28.0,yahoo,GC=F
2026-09-21T05:57:00Z,4390.60009765625,4391.60009765625,4390.39990234375,4391.0,62.0,yahoo,GC=F
2026-09-21T05:58:00Z,4391.2998046875,4391.39990234375,4390.60009765625,4390.7001953125,18.0,yahoo,GC=F
2026-09-21T05:59:00Z,4390.2998046875,4390.60009765625,4388.0,4388.0,73.0,yahoo,GC=F
2026-09-21T06:00:00Z,4387.89990234375,4390.39990234375,4387.7998046875,4390.39990234375,172.0,yahoo,GC=F
2026-09-21T06:01:00Z,4390.39990234375,4391.0,4389.0,4390.39990234375,112.0,yahoo,GC=F
2026-09-21T06:02:00Z,4390.7998046875,4390.7998046875,4389.2001953125,4389.5,43.0,yahoo,GC=F
2026-09-21T06:03:00Z,4389.2998046875,4389.7998046875,4388.89990234375,4389.2998046875,33.0,yahoo,GC=F
2026-09-21T06:04:00Z,4388.89990234375,4389.39990234375,4386.5,4389.2998046875,100.0,yahoo,GC=F
2026-09-21T06:05:00Z,4389.0,4391.60009765625,4388.7001953125,4391.5,144.0,yahoo,GC=F
2026-09-21T06:06:00Z,4391.7998046875,4392.7998046875,4389.89990234375,4392.10009765625,141.0,yahoo,GC=F
2026-09-21T06:07:00Z,4392.2001953125,4392.2998046875,4390.89990234375,4391.2001953125,45.0,yahoo,GC=F
2026-09-21T06:08:00Z,4391.2998046875,4391.89990234375,4389.2001953125,4391.60009765625,67.0,yahoo,GC=F
2026-09-21T06:09:00Z,4392.0,4392.39990234375,4391.2998046875,4391.60009765625,24.0,yahoo,GC=F
2026-09-21T06:10:00Z,4392.2998046875,4392.39990234375,4391.60009765625,4392.2998046875,42.0,yahoo,GC=F
2026-09-21T06:11:00Z,4392.0,4393.10009765625,4391.0,4392.10009765625,74.0,yahoo,GC=F
2026-09-21T06:12:00Z,4391.7998046875,4392.10009765625,4389.7998046875,4390.0,26.0,yahoo,GC=F
2026-09-21T06:13:00Z,4390.0,4390.7001953125,4388.7001953125,4390.7001953125,64.0,yahoo,GC=F
2026-09-21T06:14:00Z,4391.0,4391.60009765625,4390.10009765625,4390.39990234375,48.0,yahoo,GC=F
2026-09-21T06:15:00Z,4390.39990234375,4390.89990234375,4390.0,4390.39990234375,22.0,yahoo,GC=F
2026-09-21T06:16:00Z,4390.7001953125,4391.2001953125,4390.10009765625,4390.5,21.0,yahoo,GC=F
2026-09-21T06:17:00Z,4390.2001953125,4392.0,4387.5,4388.7998046875,193.0,yahoo,GC=F
2026-09-21T06:18:00Z,4388.89990234375,4389.5,4387.10009765625,4389.5,74.0,yahoo,GC=F
2026-09-21T06:19:00Z,4389.60009765625,4389.89990234375,4385.7001953125,4386.10009765625,92.0,yahoo,GC=F
2026-09-21T06:20:00Z,4386.0,4388.39990234375,4385.2001953125,4387.2998046875,226.0,yahoo,GC=F
2026-09-21T06:21:00Z,4387.60009765625,4387.7998046875,4385.39990234375,4387.5,103.0,yahoo,GC=F
2026-09-21T06:22:00Z,4387.2001953125,4387.5,4385.60009765625,4386.10009765625,86.0,yahoo,GC=F
2026-09-21T06:23:00Z,4386.0,4386.5,4386.0,4386.0,26.0,yahoo,GC=F
2026-09-21T06:24:00Z,4386.10009765625,4386.7001953125,4384.10009765625,4384.39990234375,97.0,yahoo,GC=F
2026-09-21T06:25:00Z,4384.5,4385.39990234375,4383.5,4385.39990234375,80.0,yahoo,GC=F
2026-09-21T06:26:00Z,4385.5,4385.5,4383.7001953125,4384.60009765625,43.0,yahoo,GC=F
2026-09-21T06:27:00Z,4384.39990234375,4386.2998046875,4384.39990234375,4386.0,44.0,yahoo,GC=F
2026-09-21T06:28:00Z,4385.7998046875,4385.7998046875,4385.0,4385.0,27.0,yahoo,GC=F
2026-09-21T06:29:00Z,4385.0,4385.5,4384.2001953125,4384.39990234375,41.0,yahoo,GC=F
2026-09-21T06:30:00Z,4384.60009765625,4385.60009765625,4384.60009765625,4384.7998046875,65.0,yahoo,GC=F
2026-09-21T06:31:00Z,4384.89990234375,4386.60009765625,4384.60009765625,4385.89990234375,43.0,yahoo,GC=F
2026-09-21T06:32:00Z,4385.39990234375,4386.2001953125,4385.0,4385.5,51.0,yahoo,GC=F
2026-09-21T06:33:00Z,4385.2998046875,4386.2001953125,4384.89990234375,4386.0,41.0,yahoo,GC=F
2026-09-21T06:34:00Z,4386.0,4387.60009765625,4386.0,4387.2001953125,57.0,yahoo,GC=F
2026-09-21T06:35:00Z,4387.10009765625,4387.7998046875,4386.60009765625,4387.5,32.0,yahoo,GC=F
2026-09-21T06:36:00Z,4387.2998046875,4388.89990234375,4387.2998046875,4388.5,42.0,yahoo,GC=F
2026-09-21T06:37:00Z,4388.39990234375,4388.7998046875,4387.2998046875,4388.10009765625,136.0,yahoo,GC=F
2026-09-21T06:38:00Z,4388.60009765625,4389.0,4388.2998046875,4388.2998046875,13.0,yahoo,GC=F
2026-09-21T06:39:00Z,4388.2998046875,4389.2001953125,4387.89990234375,4388.89990234375,21.0,yahoo,GC=F
2026-09-21T06:40:00Z,4388.89990234375,4391.5,4388.5,4391.2998046875,127.0,yahoo,GC=F
2026-09-21T06:41:00Z,4391.2001953125,4391.2998046875,4390.0,4390.7998046875,66.0,yahoo,GC=F
2026-09-21T06:42:00Z,4390.7001953125,4391.2001953125,4389.10009765625,4389.5,63.0,yahoo,GC=F
2026-09-21T06:43:00Z,4389.5,4389.7998046875,4388.7001953125,4389.0,14.0,yahoo,GC=F
2026-09-21T06:44:00Z,4389.0,4389.7001953125,4388.5,4389.60009765625,24.0,yahoo,GC=F
2026-09-21T06:45:00Z,4389.5,4391.2998046875,4389.5,4391.10009765625,70.0,yahoo,GC=F
2026-09-21T06:46:00Z,4391.2001953125,4392.2001953125,4390.7001953125,4390.89990234375,52.0,yahoo,GC=F
2026-09-21T06:47:00Z,4390.5,4391.7998046875,4389.60009765625,4391.7998046875,50.0,yahoo,GC=F
2026-09-21T06:48:00Z,4391.2998046875,4392.2998046875,4391.2998046875,4391.2998046875,36.0,yahoo,GC=F
2026-09-21T06:49:00Z,4391.2998046875,4392.2001953125,4390.7001953125,4391.7001953125,57.0,yahoo,GC=F
2026-09-21T06:50:00Z,4391.7998046875,4391.7998046875,4388.89990234375,4388.89990234375,79.0,yahoo,GC=F
2026-09-21T06:51:00Z,4388.7001953125,4390.10009765625,4387.7001953125,4389.7998046875,185.0,yahoo,GC=F
2026-09-21T06:52:00Z,4389.60009765625,4390.60009765625,4389.5,4390.60009765625,72.0,yahoo,GC=F
2026-09-21T06:53:00Z,4390.60009765625,4391.10009765625,4388.7998046875,4390.2001953125,53.0,yahoo,GC=F
2026-09-21T06:54:00Z,4390.0,4390.2998046875,4389.60009765625,4389.60009765625,32.0,yahoo,GC=F
2026-09-21T06:55:00Z,4389.7001953125,4390.10009765625,4388.7998046875,4389.7001953125,56.0,yahoo,GC=F
2026-09-21T06:56:00Z,4390.5,4391.89990234375,4389.5,4391.39990234375,129.0,yahoo,GC=F
2026-09-21T06:57:00Z,4391.2998046875,4392.0,4390.60009765625,4391.0,67.0,yahoo,GC=F
2026-09-21T06:58:00Z,4390.7998046875,4391.10009765625,4390.60009765625,4391.0,21.0,yahoo,GC=F
2026-09-21T06:59:00Z,4390.89990234375,4391.5,4390.60009765625,4390.7001953125,40.0,yahoo,GC=F
2026-09-21T07:00:00Z,4390.7998046875,4390.7998046875,4384.0,4384.7998046875,227.0,yahoo,GC=F
2026-09-21T07:01:00Z,4384.60009765625,4385.10009765625,4383.10009765625,4385.0,200.0,yahoo,GC=F
2026-09-21T07:02:00Z,4385.2001953125,4388.39990234375,4385.10009765625,4387.89990234375,157.0,yahoo,GC=F
2026-09-21T07:03:00Z,4387.89990234375,4393.60009765625,4387.5,4392.7998046875,395.0,yahoo,GC=F
2026-09-21T07:04:00Z,4393.0,4393.0,4390.39990234375,4392.5,112.0,yahoo,GC=F
2026-09-21T07:05:00Z,4392.7001953125,4392.7998046875,4390.10009765625,4392.0,58.0,yahoo,GC=F
2026-09-21T07:06:00Z,4391.7001953125,4393.7001953125,4391.7001953125,4392.2001953125,79.0,yahoo,GC=F
2026-09-21T07:07:00Z,4392.10009765625,4392.7998046875,4391.5,4392.60009765625,103.0,yahoo,GC=F
2026-09-21T07:08:00Z,4392.5,4392.5,4389.0,4389.2001953125,98.0,yahoo,GC=F
2026-09-21T07:09:00Z,4389.2998046875,4390.7998046875,4388.5,4389.89990234375,77.0,yahoo,GC=F
2026-09-21T07:10:00Z,4389.60009765625,4389.7998046875,4388.0,4388.89990234375,48.0,yahoo,GC=F
2026-09-21T07:11:00Z,4388.2001953125,4388.60009765625,4386.5,4386.5,105.0,yahoo,GC=F
2026-09-21T07:12:00Z,4386.39990234375,4387.39990234375,4383.5,4384.5,140.0,yahoo,GC=F
2026-09-21T07:13:00Z,4384.2998046875,4386.7001953125,4384.0,4386.60009765625,117.0,yahoo,GC=F
2026-09-21T07:14:00Z,4386.7998046875,4391.10009765625,4386.7998046875,4390.39990234375,129.0,yahoo,GC=F
2026-09-21T07:15:00Z,4390.2998046875,4392.2998046875,4388.2998046875,4388.89990234375,150.0,yahoo,GC=F
2026-09-21T07:16:00Z,4388.39990234375,4391.89990234375,4388.39990234375,4391.89990234375,96.0,yahoo,GC=F
2026-09-21T07:17:00Z,4392.0,4393.0,4390.2001953125,4390.2998046875,106.0,yahoo,GC=F
2026-09-21T07:18:00Z,4390.5,4391.60009765625,4389.60009765625,4391.39990234375,50.0,yahoo,GC=F
2026-09-21T07:19:00Z,4392.0,4392.2001953125,4391.2998046875,4391.5,28.0,yahoo,GC=F
2026-09-21T07:20:00Z,4391.2001953125,4391.60009765625,4390.10009765625,4391.10009765625,42.0,yahoo,GC=F
2026-09-21T07:21:00Z,4391.2001953125,4391.39990234375,4389.2998046875,4389.60009765625,39.0,yahoo,GC=F
2026-09-21T07:22:00Z,4389.2998046875,4389.7001953125,4388.0,4389.2998046875,66.0,yahoo,GC=F
2026-09-21T07:23:00Z,4389.0,4389.7998046875,4388.7998046875,4389.2001953125,27.0,yahoo,GC=F
2026-09-21T07:24:00Z,4388.7998046875,4389.89990234375,4388.39990234375,4388.39990234375,15.0,yahoo,GC=F
2026-09-21T07:25:00Z,4388.7998046875,4389.10009765625,4386.60009765625,4387.0,56.0,yahoo,GC=F
2026-09-21T07:26:00Z,4387.2001953125,4387.2001953125,4384.2998046875,4385.2001953125,112.0,yahoo,GC=F
2026-09-21T07:27:00Z,4384.89990234375,4387.89990234375,4384.89990234375,4387.7001953125,76.0,yahoo,GC=F
2026-09-21T07:28:00Z,4387.60009765625,4388.39990234375,4387.2001953125,4388.2001953125,24.0,yahoo,GC=F
2026-09-21T07:29:00Z,4387.5,4389.39990234375,4387.39990234375,4387.89990234375,72.0,yahoo,GC=F
2026-09-21T07:30:00Z,4388.39990234375,4388.60009765625,4386.39990234375,4386.7998046875,39.0,yahoo,GC=F
2026-09-21T07:31:00Z,4386.60009765625,4388.60009765625,4386.60009765625,4388.2998046875,25.0,yahoo,GC=F
2026-09-21T07:32:00Z,4388.89990234375,4389.2001953125,4387.0,4387.0,14.0,yahoo,GC=F
2026-09-21T07:33:00Z,4387.10009765625,4390.0,4387.0,4389.7001953125,24.0,yahoo,GC=F
2026-09-21T07:34:00Z,4389.5,4390.2001953125,4389.10009765625,4390.0,14.0,yahoo,GC=F
2026-09-21T07:35:00Z,4389.5,4390.7998046875,4388.7001953125,4390.0,33.0,yahoo,GC=F
2026-09-21T07:36:00Z,4389.7998046875,4390.39990234375,4388.2001953125,4389.89990234375,78.0,yahoo,GC=F
2026-09-21T07:37:00Z,4389.7001953125,4391.39990234375,4389.5,4391.39990234375,78.0,yahoo,GC=F
2026-09-21T07:38:00Z,4391.5,4392.7001953125,4388.89990234375,4389.10009765625,302.0,yahoo,GC=F
2026-09-21T07:39:00Z,4389.0,4389.0,4387.2001953125,4387.60009765625,99.0,yahoo,GC=F
2026-09-21T07:40:00Z,4387.7001953125,4388.0,4384.7001953125,4385.0,146.0,yahoo,GC=F
2026-09-21T07:41:00Z,4384.7001953125,4385.2001953125,4383.2998046875,4384.2998046875,332.0,yahoo,GC=F
2026-09-21T07:42:00Z,4384.2998046875,4386.60009765625,4384.0,4384.39990234375,148.0,yahoo,GC=F
2026-09-21T07:43:00Z,4384.39990234375,4384.89990234375,4379.0,4379.7998046875,722.0,yahoo,GC=F
2026-09-21T07:44:00Z,4380.10009765625,4385.7001953125,4379.89990234375,4384.39990234375,300.0,yahoo,GC=F
2026-09-21T07:45:00Z,4384.2998046875,4387.2998046875,4382.7998046875,4387.2001953125,183.0,yahoo,GC=F
2026-09-21T07:46:00Z,4387.2001953125,4387.2001953125,4384.0,4384.2001953125,93.0,yahoo,GC=F
2026-09-21T07:47:00Z,4384.39990234375,4385.7998046875,4384.10009765625,4384.39990234375,65.0,yahoo,GC=F
2026-09-21T07:48:00Z,4384.10009765625,4386.2001953125,4384.0,4385.7998046875,42.0,yahoo,GC=F
2026-09-21T07:49:00Z,4385.7001953125,4385.7001953125,4383.89990234375,4384.39990234375,50.0,yahoo,GC=F
2026-09-21T07:50:00Z,4383.7998046875,4385.39990234375,4383.7998046875,4385.2998046875,60.0,yahoo,GC=F
2026-09-21T07:51:00Z,4385.7998046875,4386.5,4385.7001953125,4386.0,53.0,yahoo,GC=F
2026-09-21T07:52:00Z,4386.0,4386.60009765625,4385.89990234375,4386.60009765625,32.0,yahoo,GC=F
2026-09-21T07:53:00Z,4386.2998046875,4386.7998046875,4383.89990234375,4384.60009765625,113.0,yahoo,GC=F
2026-09-21T07:54:00Z,4384.7001953125,4385.7998046875,4383.7998046875,4385.7998046875,56.0,yahoo,GC=F
2026-09-21T07:55:00Z,4385.89990234375,4386.2998046875,4385.2001953125,4385.7998046875,37.0,yahoo,GC=F
2026-09-21T07:56:00Z,4385.7998046875,4386.2001953125,4384.89990234375,4385.7001953125,42.0,yahoo,GC=F
2026-09-21T07:57:00Z,4385.5,4385.60009765625,4383.5,4383.5,58.0,yahoo,GC=F
2026-09-21T07:58:00Z,4383.7001953125,4383.89990234375,4382.0,4382.39990234375,74.0,yahoo,GC=F
2026-09-21T07:59:00Z,4382.5,4382.89990234375,4381.5,4381.60009765625,62.0,yahoo,GC=F
2026-09-21T08:00:00Z,4381.5,4382.7001953125,4380.7998046875,4382.2001953125,133.0,yahoo,GC=F
2026-09-21T08:01:00Z,4382.10009765625,4384.10009765625,4381.89990234375,4383.7001953125,77.0,yahoo,GC=F
2026-09-21T08:02:00Z,4384.0,4384.89990234375,4383.0,4383.2001953125,143.0,yahoo,GC=F
2026-09-21T08:03:00Z,4383.2001953125,4384.0,4382.2001953125,4383.60009765625,79.0,yahoo,GC=F
2026-09-21T08:04:00Z,4383.7998046875,4386.2001953125,4383.7998046875,4385.89990234375,52.0,yahoo,GC=F
2026-09-21T08:05:00Z,4386.0,4386.89990234375,4385.5,4385.7001953125,117.0,yahoo,GC=F
2026-09-21T08:06:00Z,4386.0,4388.7998046875,4386.0,4388.2998046875,93.0,yahoo,GC=F
2026-09-21T08:07:00Z,4388.0,4388.0,4385.0,4385.10009765625,85.0,yahoo,GC=F
2026-09-21T08:08:00Z,4385.2998046875,4387.10009765625,4385.2998046875,4386.7001953125,49.0,yahoo,GC=F
2026-09-21T08:09:00Z,4386.60009765625,4386.60009765625,4383.2001953125,4384.39990234375,116.0,yahoo,GC=F
2026-09-21T08:10:00Z,4384.2998046875,4386.2998046875,4383.7001953125,4386.2998046875,76.0,yahoo,GC=F
2026-09-21T08:11:00Z,4386.39990234375,4388.89990234375,4386.2001953125,4388.89990234375,73.0,yahoo,GC=F
2026-09-21T08:12:00Z,4388.7998046875,4390.7001953125,4388.10009765625,4389.7998046875,132.0,yahoo,GC=F
2026-09-21T08:13:00Z,4389.89990234375,4389.89990234375,4387.7001953125,4387.7001953125,32.0,yahoo,GC=F
2026-09-21T08:14:00Z,4388.2001953125,4389.2998046875,4387.5,4388.2001953125,74.0,yahoo,GC=F
2026-09-21T08:15:00Z,4387.60009765625,4388.7001953125,4387.2998046875,4388.2001953125,35.0,yahoo,GC=F
2026-09-21T08:16:00Z,4388.10009765625,4391.39990234375,4387.89990234375,4390.7998046875,143.0,yahoo,GC=F
2026-09-21T08:17:00Z,4390.7001953125,4391.5,4390.2001953125,4390.7001953125,43.0,yahoo,GC=F
2026-09-21T08:18:00Z,4390.7998046875,4391.0,4390.2001953125,4390.5,32.0,yahoo,GC=F
2026-09-21T08:19:00Z,4390.89990234375,4392.60009765625,4390.2001953125,4391.5,105.0,yahoo,GC=F
2026-09-21T08:20:00Z,4391.5,4391.5,4390.0,4390.39990234375,64.0,yahoo,GC=F
2026-09-21T08:21:00Z,4390.2998046875,4391.10009765625,4390.0,4391.0,75.0,yahoo,GC=F
2026-09-21T08:22:00Z,4390.7998046875,4391.0,4390.39990234375,4390.7998046875,18.0,yahoo,GC=F
2026-09-21T08:23:00Z,4391.10009765625,4392.5,4391.0,4392.2998046875,46.0,yahoo,GC=F
2026-09-21T08:24:00Z,4392.2998046875,4392.89990234375,4391.2998046875,4392.60009765625,84.0,yahoo,GC=F
2026-09-21T08:25:00Z,4392.39990234375,4393.0,4391.89990234375,4392.7998046875,74.0,yahoo,GC=F
2026-09-21T08:26:00Z,4392.60009765625,4392.60009765625,4391.10009765625,4391.7001953125,48.0,yahoo,GC=F
2026-09-21T08:27:00Z,4392.0,4392.60009765625,4391.2998046875,4391.2998046875,26.0,yahoo,GC=F
2026-09-21T08:28:00Z,4391.7998046875,4392.10009765625,4391.2998046875,4391.89990234375,36.0,yahoo,GC=F
2026-09-21T08:29:00Z,4391.39990234375,4391.89990234375,4390.60009765625,4390.7998046875,82.0,yahoo,GC=F
2026-09-21T08:30:00Z,4390.5,4391.5,4388.39990234375,4391.5,151.0,yahoo,GC=F
2026-09-21T08:31:00Z,4391.2998046875,4392.60009765625,4391.2001953125,4392.60009765625,61.0,yahoo,GC=F
2026-09-21T08:32:00Z,4392.60009765625,4393.39990234375,4391.89990234375,4392.2998046875,107.0,yahoo,GC=F
2026-09-21T08:33:00Z,4392.10009765625,4393.5,4392.10009765625,4392.7001953125,94.0,yahoo,GC=F
2026-09-21T08:34:00Z,4392.2998046875,4392.7001953125,4392.10009765625,4392.5,38.0,yahoo,GC=F
2026-09-21T08:35:00Z,4392.39990234375,4394.0,4391.7001953125,4392.89990234375,90.0,yahoo,GC=F
2026-09-21T08:36:00Z,4392.7998046875,4393.39990234375,4392.60009765625,4393.2001953125,30.0,yahoo,GC=F
2026-09-21T08:37:00Z,4393.39990234375,4393.60009765625,4391.10009765625,4391.7998046875,101.0,yahoo,GC=F
2026-09-21T08:38:00Z,4391.89990234375,4393.7001953125,4391.2998046875,4392.60009765625,54.0,yahoo,GC=F
2026-09-21T08:39:00Z,4392.7998046875,4394.5,4392.7001953125,4392.7001953125,193.0,yahoo,GC=F
2026-09-21T08:40:00Z,4392.7001953125,4392.7001953125,4390.7001953125,4391.60009765625,75.0,yahoo,GC=F
2026-09-21T08:41:00Z,4391.7998046875,4394.10009765625,4391.7998046875,4393.89990234375,135.0,yahoo,GC=F
2026-09-21T08:42:00Z,4393.60009765625,4393.89990234375,4393.0,4393.7001953125,24.0,yahoo,GC=F
2026-09-21T08:43:00Z,4393.60009765625,4394.2001953125,4392.7998046875,4393.2001953125,34.0,yahoo,GC=F
2026-09-21T08:44:00Z,4393.2998046875,4395.2001953125,4393.2998046875,4395.10009765625,71.0,yahoo,GC=F
2026-09-21T08:45:00Z,4395.10009765625,4395.10009765625,4393.2001953125,4393.60009765625,73.0,yahoo,GC=F
2026-09-21T08:46:00Z,4393.60009765625,4394.0,4393.10009765625,4393.10009765625,34.0,yahoo,GC=F
2026-09-21T08:47:00Z,4393.10009765625,4393.2998046875,4391.2001953125,4391.7998046875,112.0,yahoo,GC=F
2026-09-21T08:48:00Z,4392.10009765625,4393.5,4392.10009765625,4393.0,32.0,yahoo,GC=F
2026-09-21T08:49:00Z,4393.2001953125,4393.7998046875,4392.60009765625,4393.5,21.0,yahoo,GC=F
2026-09-21T08:50:00Z,4393.2998046875,4393.2998046875,4391.39990234375,4391.5,47.0,yahoo,GC=F
2026-09-21T08:51:00Z,4391.60009765625,4392.5,4391.5,4392.10009765625,16.0,yahoo,GC=F
2026-09-21T08:52:00Z,4392.2998046875,4392.2998046875,4391.2998046875,4391.60009765625,32.0,yahoo,GC=F
2026-09-21T08:53:00Z,4391.39990234375,4391.60009765625,4390.60009765625,4391.2001953125,78.0,yahoo,GC=F
2026-09-21T08:54:00Z,4390.7001953125,4390.89990234375,4388.2001953125,4388.2001953125,51.0,yahoo,GC=F
2026-09-21T08:55:00Z,4388.7001953125,4389.2998046875,4387.2998046875,4389.10009765625,84.0,yahoo,GC=F
2026-09-21T08:56:00Z,4389.10009765625,4389.60009765625,4388.39990234375,4388.60009765625,65.0,yahoo,GC=F
2026-09-21T08:57:00Z,4388.5,4390.39990234375,4388.39990234375,4390.39990234375,58.0,yahoo,GC=F
2026-09-21T08:58:00Z,4390.10009765625,4390.5,4390.10009765625,4390.10009765625,30.0,yahoo,GC=F
2026-09-21T08:59:00Z,4390.2001953125,4391.0,4390.2001953125,4390.7001953125,36.0,yahoo,GC=F
2026-09-21T09:00:00Z,4390.7001953125,4391.39990234375,4390.2001953125,4390.7001953125,57.0,yahoo,GC=F
2026-09-21T09:01:00Z,4390.60009765625,4391.2001953125,4389.2001953125,4389.5,42.0,yahoo,GC=F
2026-09-21T09:02:00Z,4389.2998046875,4389.89990234375,4388.7998046875,4389.10009765625,36.0,yahoo,GC=F
2026-09-21T09:03:00Z,4389.2001953125,4390.7998046875,4388.5,4390.39990234375,69.0,yahoo,GC=F
2026-09-21T09:04:00Z,4390.60009765625,4391.10009765625,4386.7998046875,4387.89990234375,137.0,yahoo,GC=F
2026-09-21T09:05:00Z,4387.7001953125,4388.60009765625,4387.7001953125,4388.5,38.0,yahoo,GC=F
2026-09-21T09:06:00Z,4388.5,4390.2001953125,4388.5,4390.2001953125,34.0,yahoo,GC=F
2026-09-21T09:07:00Z,4389.89990234375,4390.7001953125,4389.89990234375,4390.5,29.0,yahoo,GC=F
2026-09-21T09:08:00Z,4390.39990234375,4391.2998046875,4390.39990234375,4390.89990234375,24.0,yahoo,GC=F
2026-09-21T09:09:00Z,4391.10009765625,4391.2001953125,4390.0,4390.60009765625,35.0,yahoo,GC=F
2026-09-21T09:10:00Z,4390.7001953125,4391.0,4390.0,4390.2998046875,16.0,yahoo,GC=F
2026-09-21T09:11:00Z,4390.0,4391.0,4390.0,4391.0,27.0,yahoo,GC=F
2026-09-21T09:12:00Z,4390.7001953125,4391.0,4390.2001953125,4390.2001953125,6.0,yahoo,GC=F
2026-09-21T09:13:00Z,4389.89990234375,4391.0,4389.5,4391.0,24.0,yahoo,GC=F
2026-09-21T09:14:00Z,4391.10009765625,4391.5,4390.5,4391.39990234375,27.0,yahoo,GC=F
2026-09-21T09:15:00Z,4391.10009765625,4392.0,4391.10009765625,4391.7998046875,51.0,yahoo,GC=F
2026-09-21T09:16:00Z,4391.60009765625,4392.2998046875,4390.89990234375,4390.89990234375,43.0,yahoo,GC=F
2026-09-21T09:17:00Z,4391.39990234375,4392.39990234375,4390.2998046875,4391.7998046875,67.0,yahoo,GC=F
2026-09-21T09:18:00Z,4391.2001953125,4391.60009765625,4390.10009765625,4390.60009765625,50.0,yahoo,GC=F
2026-09-21T09:19:00Z,4390.0,4390.0,4388.7001953125,4388.89990234375,43.0,yahoo,GC=F
2026-09-21T09:20:00Z,4389.10009765625,4391.2998046875,4389.0,4389.7998046875,96.0,yahoo,GC=F
2026-09-21T09:21:00Z,4389.60009765625,4391.2998046875,4389.60009765625,4390.60009765625,67.0,yahoo,GC=F
2026-09-21T09:22:00Z,4390.5,4391.2998046875,4389.89990234375,4391.2998046875,71.0,yahoo,GC=F
2026-09-21T09:23:00Z,4391.39990234375,4391.39990234375,4389.7998046875,4389.7998046875,49.0,yahoo,GC=F
2026-09-21T09:24:00Z,4389.5,4389.5,4387.60009765625,4388.0,104.0,yahoo,GC=F
2026-09-21T09:25:00Z,4388.2001953125,4388.2998046875,4386.7998046875,4387.0,71.0,yahoo,GC=F
2026-09-21T09:26:00Z,4386.89990234375,4387.5,4386.7998046875,4387.0,55.0,yahoo,GC=F
2026-09-21T09:27:00Z,4387.10009765625,4387.89990234375,4387.0,4387.2998046875,40.0,yahoo,GC=F
2026-09-21T09:28:00Z,4387.39990234375,4388.0,4386.2001953125,4386.2001953125,123.0,yahoo,GC=F
2026-09-21T09:29:00Z,4386.0,4386.39990234375,4383.7001953125,4383.7001953125,227.0,yahoo,GC=F
2026-09-21T09:30:00Z,4383.7001953125,4383.7998046875,4381.5,4383.5,283.0,yahoo,GC=F
2026-09-21T09:31:00Z,4383.60009765625,4383.60009765625,4380.89990234375,4381.60009765625,274.0,yahoo,GC=F
2026-09-21T09:32:00Z,4381.5,4381.89990234375,4377.5,4379.89990234375,624.0,yahoo,GC=F
2026-09-21T09:33:00Z,4379.39990234375,4381.5,4378.39990234375,4380.7001953125,351.0,yahoo,GC=F
2026-09-21T09:34:00Z,4380.7001953125,4380.7001953125,4379.2001953125,4379.7998046875,114.0,yahoo,GC=F
2026-09-21T09:35:00Z,4379.7001953125,4379.89990234375,4377.7001953125,4378.7998046875,223.0,yahoo,GC=F
2026-09-21T09:36:00Z,4378.7001953125,4381.10009765625,4378.60009765625,4380.60009765625,171.0,yahoo,GC=F
2026-09-21T09:37:00Z,4380.7001953125,4382.60009765625,4380.10009765625,4381.10009765625,123.0,yahoo,GC=F
2026-09-21T09:38:00Z,4380.7001953125,4382.0,4380.2001953125,4381.60009765625,82.0,yahoo,GC=F
2026-09-21T09:39:00Z,4381.39990234375,4382.0,4379.5,4382.0,82.0,yahoo,GC=F
2026-09-21T09:40:00Z,4381.7001953125,4382.2001953125,4380.2998046875,4382.10009765625,53.0,yahoo,GC=F
2026-09-21T09:41:00Z,4382.39990234375,4383.5,4382.39990234375,4382.7998046875,141.0,yahoo,GC=F
2026-09-21T09:42:00Z,4383.0,4383.2998046875,4382.60009765625,4382.7001953125,16.0,yahoo,GC=F
2026-09-21T09:43:00Z,4382.39990234375,4383.7001953125,4382.2998046875,4382.60009765625,87.0,yahoo,GC=F
2026-09-21T09:44:00Z,4382.89990234375,4385.7001953125,4382.89990234375,4385.39990234375,83.0,yahoo,GC=F
2026-09-21T09:45:00Z,4385.2998046875,4386.2998046875,4385.2998046875,4385.7998046875,70.0,yahoo,GC=F
2026-09-21T09:46:00Z,4385.7001953125,4386.0,4384.39990234375,4385.0,94.0,yahoo,GC=F
2026-09-21T09:47:00Z,4384.89990234375,4385.2001953125,4384.0,4384.10009765625,36.0,yahoo,GC=F
2026-09-21T09:48:00Z,4383.7998046875,4384.2998046875,4383.7001953125,4384.2998046875,32.0,yahoo,GC=F
2026-09-21T09:49:00Z,4383.89990234375,4383.89990234375,4381.39990234375,4381.89990234375,51.0,yahoo,GC=F
2026-09-21T09:50:00Z,4381.7001953125,4383.89990234375,4381.7001953125,4383.10009765625,49.0,yahoo,GC=F
2026-09-21T09:51:00Z,4382.89990234375,4384.2998046875,4382.7001953125,4384.0,28.0,yahoo,GC=F
2026-09-21T09:52:00Z,4383.7001953125,4384.39990234375,4382.0,4382.0,106.0,yahoo,GC=F
2026-09-21T09:53:00Z,4381.89990234375,4382.7998046875,4381.89990234375,4382.7998046875,39.0,yahoo,GC=F
2026-09-21T09:54:00Z,4383.10009765625,4385.0,4383.10009765625,4384.7998046875,58.0,yahoo,GC=F
2026-09-21T09:55:00Z,4384.89990234375,4384.89990234375,4383.39990234375,4384.2001953125,78.0,yahoo,GC=F
2026-09-21T09:56:00Z,4384.2998046875,4384.7998046875,4383.0,4383.0,50.0,yahoo,GC=F
2026-09-21T09:57:00Z,4383.2001953125,4383.2001953125,4381.2998046875,4382.60009765625,54.0,yahoo,GC=F
2026-09-21T09:58:00Z,4382.5,4383.5,4382.0,4383.10009765625,30.0,yahoo,GC=F
2026-09-21T09:59:00Z,4383.7001953125,4384.10009765625,4383.5,4383.60009765625,29.0,yahoo,GC=F
2026-09-21T10:00:00Z,4383.39990234375,4384.10009765625,4383.2001953125,4384.10009765625,34.0,yahoo,GC=F
2026-09-21T10:01:00Z,4384.10009765625,4384.89990234375,4383.2001953125,4384.89990234375,49.0,yahoo,GC=F
2026-09-21T10:02:00Z,4384.89990234375,4386.7998046875,4384.7998046875,4386.5,63.0,yahoo,GC=F
2026-09-21T10:03:00Z,4386.2998046875,4387.60009765625,4386.2998046875,4386.7001953125,44.0,yahoo,GC=F
2026-09-21T10:04:00Z,4386.60009765625,4387.5,4386.39990234375,4387.39990234375,15.0,yahoo,GC=F
2026-09-21T10:05:00Z,4387.5,4388.2998046875,4386.5,4386.60009765625,247.0,yahoo,GC=F
2026-09-21T10:06:00Z,4386.7998046875,4389.5,4386.7998046875,4389.5,75.0,yahoo,GC=F
2026-09-21T10:07:00Z,4389.60009765625,4390.10009765625,4388.7998046875,4389.10009765625,58.0,yahoo,GC=F
2026-09-21T10:08:00Z,4389.10009765625,4389.5,4388.60009765625,4388.60009765625,30.0,yahoo,GC=F
2026-09-21T10:09:00Z,4389.2998046875,4389.2998046875,4388.2001953125,4388.7998046875,90.0,yahoo,GC=F
2026-09-21T10:10:00Z,4388.7001953125,4389.10009765625,4387.89990234375,4389.0,63.0,yahoo,GC=F
2026-09-21T10:11:00Z,4389.10009765625,4390.2001953125,4388.60009765625,4390.10009765625,56.0,yahoo,GC=F
2026-09-21T10:12:00Z,4390.10009765625,4390.2001953125,4389.5,4390.10009765625,51.0,yahoo,GC=F
2026-09-21T10:13:00Z,4390.0,4390.7998046875,4389.10009765625,4390.2998046875,57.0,yahoo,GC=F
2026-09-21T10:14:00Z,4390.10009765625,4391.0,4389.7001953125,4391.0,37.0,yahoo,GC=F
2026-09-21T10:15:00Z,4391.5,4394.39990234375,4391.5,4394.10009765625,249.0,yahoo,GC=F
2026-09-21T10:16:00Z,4394.10009765625,4394.60009765625,4393.2998046875,4393.7001953125,95.0,yahoo,GC=F
2026-09-21T10:17:00Z,4394.0,4394.10009765625,4393.0,4393.0,51.0,yahoo,GC=F
2026-09-21T10:18:00Z,4393.10009765625,4393.10009765625,4391.89990234375,4392.2998046875,38.0,yahoo,GC=F
2026-09-21T10:19:00Z,4392.60009765625,4392.60009765625,4390.5,4390.89990234375,78.0,yahoo,GC=F
2026-09-21T10:20:00Z,4390.7998046875,4390.7998046875,4389.5,4390.2998046875,57.0,yahoo,GC=F
2026-09-21T10:21:00Z,4390.10009765625,4390.10009765625,4389.5,4389.7998046875,44.0,yahoo,GC=F
2026-09-21T10:22:00Z,4389.60009765625,4389.60009765625,4389.0,4389.2001953125,47.0,yahoo,GC=F
2026-09-21T10:23:00Z,4389.2001953125,4389.5,4388.39990234375,4389.2998046875,27.0,yahoo,GC=F
2026-09-21T10:24:00Z,4389.0,4389.5,4388.7998046875,4389.0,45.0,yahoo,GC=F
2026-09-21T10:25:00Z,4388.89990234375,4390.2998046875,4388.89990234375,4389.2998046875,58.0,yahoo,GC=F
2026-09-21T10:26:00Z,4388.89990234375,4389.2998046875,4388.2998046875,4388.89990234375,74.0,yahoo,GC=F
2026-09-21T10:27:00Z,4389.2001953125,4390.0,4388.60009765625,4389.39990234375,41.0,yahoo,GC=F
2026-09-21T10:28:00Z,4389.2998046875,4390.0,4388.60009765625,4389.0,36.0,yahoo,GC=F
2026-09-21T10:29:00Z,4389.0,4389.0,4387.7998046875,4388.7001953125,22.0,yahoo,GC=F
2026-09-21T10:30:00Z,4388.60009765625,4389.10009765625,4387.89990234375,4388.7998046875,36.0,yahoo,GC=F
2026-09-21T10:31:00Z,4388.2998046875,4388.89990234375,4387.60009765625,4388.89990234375,20.0,yahoo,GC=F
2026-09-21T10:32:00Z,4388.7998046875,4389.5,4388.7998046875,4389.0,40.0,yahoo,GC=F
2026-09-21T10:33:00Z,4388.5,4389.0,4388.39990234375,4388.5,22.0,yahoo,GC=F
2026-09-21T10:34:00Z,4388.60009765625,4388.7998046875,4388.2001953125,4388.60009765625,9.0,yahoo,GC=F
2026-09-21T10:35:00Z,4388.60009765625,4390.2001953125,4387.10009765625,4387.5,52.0,yahoo,GC=F
2026-09-21T10:36:00Z,4387.5,4387.89990234375,4386.39990234375,4386.7998046875,93.0,yahoo,GC=F
2026-09-21T10:37:00Z,4387.10009765625,4387.39990234375,4385.7998046875,4385.7998046875,33.0,yahoo,GC=F
2026-09-21T10:38:00Z,4386.0,4386.7998046875,4385.7001953125,4386.7998046875,28.0,yahoo,GC=F
2026-09-21T10:39:00Z,4386.60009765625,4387.0,4386.2001953125,4386.2001953125,18.0,yahoo,GC=F
2026-09-21T10:40:00Z,4386.2001953125,4386.7998046875,4385.5,4386.5,47.0,yahoo,GC=F
2026-09-21T10:41:00Z,4386.39990234375,4386.89990234375,4386.10009765625,4386.2998046875,23.0,yahoo,GC=F
2026-09-21T10:42:00Z,4386.60009765625,4387.2001953125,4386.60009765625,4387.10009765625,23.0,yahoo,GC=F
2026-09-21T10:43:00Z,4387.0,4387.10009765625,4386.60009765625,4386.7001953125,48.0,yahoo,GC=F
2026-09-21T10:44:00Z,4386.7998046875,4386.7998046875,4385.7001953125,4386.10009765625,84.0,yahoo,GC=F
2026-09-21T10:45:00Z,4385.7001953125,4386.39990234375,4385.5,4386.10009765625,27.0,yahoo,GC=F
2026-09-21T10:46:00Z,4386.39990234375,4388.5,4386.39990234375,4387.2998046875,51.0,yahoo,GC=F
2026-09-21T10:47:00Z,4387.2001953125,4387.89990234375,4387.2001953125,4387.60009765625,7.0,yahoo,GC=F
2026-09-21T10:48:00Z,4387.2998046875,4387.39990234375,4386.39990234375,4386.39990234375,14.0,yahoo,GC=F
2026-09-21T10:49:00Z,4386.39990234375,4386.89990234375,4385.7998046875,4385.7998046875,24.0,yahoo,GC=F
2026-09-21T10:50:00Z,4386.0,4387.39990234375,4386.0,4386.7001953125,14.0,yahoo,GC=F
2026-09-21T10:51:00Z,4386.7001953125,4386.7998046875,4385.7001953125,4386.0,18.0,yahoo,GC=F
2026-09-21T10:52:00Z,4385.5,4386.2001953125,4385.2998046875,4385.39990234375,29.0,yahoo,GC=F
2026-09-21T10:53:00Z,4385.2998046875,4385.7001953125,4385.0,4385.2998046875,21.0,yahoo,GC=F
2026-09-21T10:54:00Z,4385.2998046875,4385.5,4384.7998046875,4385.2001953125,34.0,yahoo,GC=F
2026-09-21T10:55:00Z,4385.10009765625,4385.2998046875,4384.60009765625,4385.2001953125,61.0,yahoo,GC=F
2026-09-21T10:56:00Z,4385.2998046875,4385.89990234375,4384.7998046875,4385.5,31.0,yahoo,GC=F
2026-09-21T10:57:00Z,4385.10009765625,4385.2998046875,4384.7001953125,4384.7998046875,22.0,yahoo,GC=F
2026-09-21T10:58:00Z,4384.5,4384.5,4382.2998046875,4382.60009765625,48.0,yahoo,GC=F
2026-09-21T10:59:00Z,4382.5,4382.7998046875,4380.10009765625,4380.39990234375,91.0,yahoo,GC=F
2026-09-21T11:00:00Z,4380.2001953125,4382.0,4379.5,4381.0,112.0,yahoo,GC=F
2026-09-21T11:01:00Z,4381.2001953125,4381.60009765625,4380.39990234375,4381.39990234375,76.0,yahoo,GC=F
2026-09-21T11:02:00Z,4381.5,4381.5,4379.7001953125,4379.7998046875,66.0,yahoo,GC=F
2026-09-21T11:03:00Z,4379.7998046875,4382.10009765625,4379.60009765625,4382.10009765625,93.0,yahoo,GC=F
2026-09-21T11:04:00Z,4381.7998046875,4382.60009765625,4381.5,4382.60009765625,28.0,yahoo,GC=F
2026-09-21T11:05:00Z,4382.60009765625,4383.89990234375,4382.60009765625,4383.2998046875,60.0,yahoo,GC=F
2026-09-21T11:06:00Z,4383.2998046875,4383.2998046875,4381.39990234375,4381.60009765625,78.0,yahoo,GC=F
2026-09-21T11:07:00Z,4382.2001953125,4382.5,4381.5,4381.60009765625,17.0,yahoo,GC=F
2026-09-21T11:08:00Z,4381.5,4382.2001953125,4381.2998046875,4382.2001953125,19.0,yahoo,GC=F
2026-09-21T11:09:00Z,4382.39990234375,4383.60009765625,4382.39990234375,4383.0,49.0,yahoo,GC=F
2026-09-21T11:10:00Z,4383.2998046875,4384.5,4382.2998046875,4384.10009765625,31.0,yahoo,GC=F
2026-09-21T11:11:00Z,4384.2001953125,4384.60009765625,4383.2998046875,4383.60009765625,54.0,yahoo,GC=F
2026-09-21T11:12:00Z,4383.5,4384.7001953125,4383.5,4384.2998046875,37.0,yahoo,GC=F
2026-09-21T11:13:00Z,4384.5,4385.2001953125,4384.5,4385.0,26.0,yahoo,GC=F
2026-09-21T11:14:00Z,4385.0,4386.0,4385.0,4385.60009765625,37.0,yahoo,GC=F
2026-09-21T11:15:00Z,4386.10009765625,4388.89990234375,4386.10009765625,4388.89990234375,54.0,yahoo,GC=F
2026-09-21T11:16:00Z,4388.7998046875,4388.7998046875,4387.89990234375,4388.5,31.0,yahoo,GC=F
2026-09-21T11:17:00Z,4388.7001953125,4390.2001953125,4388.5,4390.2001953125,146.0,yahoo,GC=F
2026-09-21T11:18:00Z,4390.2001953125,4391.2001953125,4389.89990234375,4391.0,85.0,yahoo,GC=F
2026-09-21T11:19:00Z,4391.10009765625,4392.7001953125,4391.10009765625,4392.7001953125,96.0,yahoo,GC=F
2026-09-21T11:20:00Z,4392.89990234375,4393.0,4391.0,4391.2998046875,41.0,yahoo,GC=F
2026-09-21T11:21:00Z,4391.2998046875,4392.2998046875,4391.2998046875,4391.89990234375,25.0,yahoo,GC=F
2026-09-21T11:22:00Z,4391.7998046875,4392.7998046875,4391.2001953125,4392.60009765625,66.0,yahoo,GC=F
2026-09-21T11:23:00Z,4391.89990234375,4391.89990234375,4390.60009765625,4390.7998046875,26.0,yahoo,GC=F
2026-09-21T11:24:00Z,4390.5,4390.7001953125,4389.89990234375,4390.2001953125,48.0,yahoo,GC=F
2026-09-21T11:25:00Z,4390.39990234375,4390.89990234375,4389.7001953125,4389.7001953125,27.0,yahoo,GC=F
2026-09-21T11:26:00Z,4390.2001953125,4391.0,4390.0,4390.2998046875,42.0,yahoo,GC=F
2026-09-21T11:27:00Z,4390.10009765625,4390.7998046875,4390.10009765625,4390.5,28.0,yahoo,GC=F
2026-09-21T11:28:00Z,4390.89990234375,4391.5,4390.89990234375,4391.39990234375,13.0,yahoo,GC=F
2026-09-21T11:29:00Z,4391.39990234375,4391.5,4390.89990234375,4391.5,22.0,yahoo,GC=F
2026-09-21T11:30:00Z,4391.10009765625,4391.2998046875,4389.7001953125,4391.0,99.0,yahoo,GC=F
2026-09-21T11:31:00Z,4391.10009765625,4394.2998046875,4390.89990234375,4394.2998046875,54.0,yahoo,GC=F
2026-09-21T11:32:00Z,4394.39990234375,4394.89990234375,4393.60009765625,4393.60009765625,93.0,yahoo,GC=F
2026-09-21T11:33:00Z,4393.7001953125,4394.2001953125,4393.10009765625,4393.89990234375,47.0,yahoo,GC=F
2026-09-21T11:34:00Z,4394.0,4396.2998046875,4393.7998046875,4395.60009765625,147.0,yahoo,GC=F
2026-09-21T11:35:00Z,4395.7001953125,4397.7998046875,4395.2998046875,4397.7998046875,123.0,yahoo,GC=F
2026-09-21T11:36:00Z,4397.5,4398.39990234375,4397.0,4397.10009765625,126.0,yahoo,GC=F
2026-09-21T11:37:00Z,4397.10009765625,4398.60009765625,4397.10009765625,4398.2998046875,94.0,yahoo,GC=F
2026-09-21T11:38:00Z,4398.5,4399.0,4397.60009765625,4398.39990234375,144.0,yahoo,GC=F
2026-09-21T11:39:00Z,4398.5,4401.0,4397.89990234375,4399.0,192.0,yahoo,GC=F
2026-09-21T11:40:00Z,4399.0,4399.5,4397.89990234375,4399.5,50.0,yahoo,GC=F
2026-09-21T11:41:00Z,4398.7001953125,4400.60009765625,4398.7001953125,4400.5,61.0,yahoo,GC=F
2026-09-21T11:42:00Z,4400.60009765625,4402.10009765625,4400.2998046875,4401.0,204.0,yahoo,GC=F
2026-09-21T11:43:00Z,4401.10009765625,4401.7998046875,4400.7998046875,4401.7998046875,253.0,yahoo,GC=F
2026-09-21T11:44:00Z,4401.89990234375,4405.39990234375,4401.89990234375,4404.39990234375,350.0,yahoo,GC=F
2026-09-21T11:45:00Z,4404.60009765625,4405.2998046875,4403.2001953125,4403.60009765625,166.0,yahoo,GC=F
2026-09-21T11:46:00Z,4403.89990234375,4406.0,4403.5,4404.7998046875,111.0,yahoo,GC=F
2026-09-21T11:47:00Z,4404.89990234375,4405.10009765625,4403.7998046875,4403.89990234375,56.0,yahoo,GC=F
2026-09-21T11:48:00Z,4404.2998046875,4404.2998046875,4402.60009765625,4403.10009765625,64.0,yahoo,GC=F
2026-09-21T11:49:00Z,4403.2998046875,4405.39990234375,4403.2001953125,4405.0,63.0,yahoo,GC=F
2026-09-21T11:50:00Z,4405.0,4406.10009765625,4404.2998046875,4405.10009765625,217.0,yahoo,GC=F
2026-09-21T11:51:00Z,4405.2001953125,4405.60009765625,4403.2998046875,4404.89990234375,96.0,yahoo,GC=F
2026-09-21T11:52:00Z,4404.89990234375,4407.2998046875,4404.89990234375,4406.7998046875,115.0,yahoo,GC=F
2026-09-21T11:53:00Z,4406.7001953125,4407.2001953125,4406.0,4406.2998046875,89.0,yahoo,GC=F
2026-09-21T11:54:00Z,4406.5,4409.0,4406.5,4408.89990234375,275.0,yahoo,GC=F
2026-09-21T11:55:00Z,4408.7001953125,4409.39990234375,4408.10009765625,4408.60009765625,133.0,yahoo,GC=F
2026-09-21T11:56:00Z,4408.89990234375,4409.0,4405.39990234375,4406.0,135.0,yahoo,GC=F
2026-09-21T11:57:00Z,4405.89990234375,4406.2998046875,4404.39990234375,4405.10009765625,109.0,yahoo,GC=F
2026-09-21T11:58:00Z,4405.60009765625,4406.2998046875,4405.10009765625,4405.39990234375,134.0,yahoo,GC=F
2026-09-21T11:59:00Z,4405.5,4407.60009765625,4405.5,4407.2998046875,69.0,yahoo,GC=F
2026-09-21T12:00:00Z,4407.10009765625,4407.10009765625,4404.2998046875,4404.2998046875,135.0,yahoo,GC=F
2026-09-21T12:01:00Z,4404.5,4405.2001953125,4402.60009765625,4402.89990234375,163.0,yahoo,GC=F
2026-09-21T12:02:00Z,4403.10009765625,4404.0,4400.10009765625,4403.2998046875,296.0,yahoo,GC=F
2026-09-21T12:03:00Z,4403.2998046875,4406.5,4402.7998046875,4405.5,176.0,yahoo,GC=F
2026-09-21T12:04:00Z,4405.60009765625,4408.60009765625,4405.60009765625,4408.5,179.0,yahoo,GC=F
2026-09-21T12:05:00Z,4408.7001953125,4413.0,4408.7001953125,4411.10009765625,497.0,yahoo,GC=F
2026-09-21T12:06:00Z,4410.89990234375,4411.10009765625,4408.60009765625,4409.60009765625,158.0,yahoo,GC=F
2026-09-21T12:07:00Z,4409.39990234375,4409.39990234375,4406.39990234375,4406.39990234375,100.0,yahoo,GC=F
2026-09-21T12:08:00Z,4406.60009765625,4407.89990234375,4406.2998046875,4407.89990234375,84.0,yahoo,GC=F
2026-09-21T12:09:00Z,4407.60009765625,4408.10009765625,4405.2001953125,4405.2001953125,100.0,yahoo,GC=F
2026-09-21T12:10:00Z,4405.2001953125,4406.10009765625,4404.7001953125,4406.0,84.0,yahoo,GC=F
2026-09-21T12:11:00Z,4406.2001953125,4407.2998046875,4405.2001953125,4406.60009765625,110.0,yahoo,GC=F
2026-09-21T12:12:00Z,4406.60009765625,4407.10009765625,4405.7001953125,4406.60009765625,45.0,yahoo,GC=F
2026-09-21T12:13:00Z,4406.60009765625,4407.2998046875,4406.10009765625,4407.2001953125,63.0,yahoo,GC=F
2026-09-21T12:14:00Z,4407.5,4408.10009765625,4406.60009765625,4407.39990234375,47.0,yahoo,GC=F
2026-09-21T12:15:00Z,4407.7001953125,4407.7001953125,4405.60009765625,4405.7998046875,106.0,yahoo,GC=F
2026-09-21T12:16:00Z,4405.7001953125,4409.2001953125,4405.39990234375,4406.89990234375,96.0,yahoo,GC=F
2026-09-21T12:17:00Z,4406.7998046875,4408.2001953125,4405.89990234375,4408.0,86.0,yahoo,GC=F
2026-09-21T12:18:00Z,4408.39990234375,4408.39990234375,4406.2998046875,4406.7998046875,59.0,yahoo,GC=F
2026-09-21T12:19:00Z,4406.7001953125,4406.7998046875,4405.2998046875,4405.2998046875,49.0,yahoo,GC=F
2026-09-21T12:20:00Z,4405.60009765625,4405.7001953125,4398.60009765625,4398.89990234375,451.0,yahoo,GC=F
2026-09-21T12:21:00Z,4398.7998046875,4399.2998046875,4396.39990234375,4396.7998046875,408.0,yahoo,GC=F
2026-09-21T12:22:00Z,4396.89990234375,4398.7001953125,4396.2998046875,4398.10009765625,245.0,yahoo,GC=F
2026-09-21T12:23:00Z,4398.10009765625,4398.60009765625,4396.0,4396.2001953125,181.0,yahoo,GC=F
2026-09-21T12:24:00Z,4396.5,4396.60009765625,4392.5,4392.60009765625,267.0,yahoo,GC=F
2026-09-21T12:25:00Z,4392.2998046875,4394.7001953125,4392.2001953125,4394.39990234375,234.0,yahoo,GC=F
2026-09-21T12:26:00Z,4394.10009765625,4394.10009765625,4392.2998046875,4392.7998046875,134.0,yahoo,GC=F
2026-09-21T12:27:00Z,4393.10009765625,4393.89990234375,4388.7998046875,4390.10009765625,240.0,yahoo,GC=F
2026-09-21T12:28:00Z,4389.89990234375,4391.5,4389.2998046875,4390.60009765625,148.0,yahoo,GC=F
2026-09-21T12:29:00Z,4390.39990234375,4393.2998046875,4390.2001953125,4393.0,164.0,yahoo,GC=F
2026-09-21T12:30:00Z,4393.0,4396.39990234375,4391.7001953125,4394.2001953125,472.0,yahoo,GC=F
2026-09-21T12:31:00Z,4394.10009765625,4395.89990234375,4393.39990234375,4395.7001953125,189.0,yahoo,GC=F
2026-09-21T12:32:00Z,4396.10009765625,4397.2998046875,4394.2998046875,4395.60009765625,229.0,yahoo,GC=F
2026-09-21T12:33:00Z,4395.5,4396.0,4394.2998046875,4395.2998046875,113.0,yahoo,GC=F
2026-09-21T12:34:00Z,4395.7998046875,4395.7998046875,4393.2998046875,4395.5,129.0,yahoo,GC=F
2026-09-21T12:35:00Z,4395.39990234375,4395.7998046875,4393.0,4393.2001953125,98.0,yahoo,GC=F
2026-09-21T12:36:00Z,4392.7998046875,4393.2001953125,4389.5,4389.5,195.0,yahoo,GC=F
2026-09-21T12:37:00Z,4389.39990234375,4391.10009765625,4388.7001953125,4390.7998046875,179.0,yahoo,GC=F
2026-09-21T12:38:00Z,4390.7998046875,4392.10009765625,4390.2001953125,4391.7001953125,66.0,yahoo,GC=F
2026-09-21T12:39:00Z,4392.10009765625,4394.7998046875,4391.7001953125,4394.7998046875,185.0,yahoo,GC=F
2026-09-21T12:40:00Z,4394.5,4396.2001953125,4393.2001953125,4393.7001953125,124.0,yahoo,GC=F
2026-09-21T12:41:00Z,4394.10009765625,4397.0,4394.10009765625,4396.89990234375,129.0,yahoo,GC=F
2026-09-21T12:42:00Z,4396.7998046875,4397.7998046875,4396.10009765625,4397.60009765625,125.0,yahoo,GC=F
2026-09-21T12:43:00Z,4397.60009765625,4398.7001953125,4396.2001953125,4397.0,169.0,yahoo,GC=F
2026-09-21T12:44:00Z,4397.2998046875,4401.39990234375,4394.60009765625,4401.0,571.0,yahoo,GC=F
2026-09-21T12:45:00Z,4400.7998046875,4401.7001953125,4397.2001953125,4397.2001953125,234.0,yahoo,GC=F
2026-09-21T12:46:00Z,4397.2001953125,4397.7998046875,4393.5,4394.0,140.0,yahoo,GC=F
2026-09-21T12:47:00Z,4393.5,4394.5,4393.0,4394.0,95.0,yahoo,GC=F
2026-09-21T12:48:00Z,4394.10009765625,4396.5,4394.10009765625,4396.0,111.0,yahoo,GC=F
2026-09-21T12:49:00Z,4396.10009765625,4396.10009765625,4394.60009765625,4395.39990234375,131.0,yahoo,GC=F
2026-09-21T12:50:00Z,4395.7001953125,4396.2001953125,4394.7998046875,4395.39990234375,86.0,yahoo,GC=F
2026-09-21T12:51:00Z,4395.60009765625,4396.89990234375,4395.60009765625,4396.10009765625,56.0,yahoo,GC=F
2026-09-21T12:52:00Z,4396.10009765625,4397.10009765625,4395.2998046875,4396.7001953125,57.0,yahoo,GC=F
2026-09-21T12:53:00Z,4397.0,4397.10009765625,4393.89990234375,4394.60009765625,84.0,yahoo,GC=F
2026-09-21T12:54:00Z,4394.39990234375,4395.7001953125,4394.0,4394.60009765625,78.0,yahoo,GC=F
2026-09-21T12:55:00Z,4394.39990234375,4394.39990234375,4391.89990234375,4392.7001953125,96.0,yahoo,GC=F
2026-09-21T12:56:00Z,4392.89990234375,4393.2998046875,4391.60009765625,4392.60009765625,74.0,yahoo,GC=F
2026-09-21T12:57:00Z,4392.5,4396.7001953125,4392.5,4396.39990234375,107.0,yahoo,GC=F
2026-09-21T12:58:00Z,4396.0,4399.2998046875,4395.89990234375,4399.10009765625,208.0,yahoo,GC=F
2026-09-21T12:59:00Z,4398.39990234375,4398.39990234375,4397.0,4397.39990234375,58.0,yahoo,GC=F
2026-09-21T13:00:00Z,4397.2001953125,4398.7998046875,4395.60009765625,4398.5,297.0,yahoo,GC=F
2026-09-21T13:01:00Z,4398.10009765625,4398.10009765625,4396.2001953125,4396.60009765625,82.0,yahoo,GC=F
2026-09-21T13:02:00Z,4396.60009765625,4398.0,4395.7998046875,4396.89990234375,64.0,yahoo,GC=F
2026-09-21T13:03:00Z,4396.5,4396.89990234375,4394.7998046875,4394.89990234375,174.0,yahoo,GC=F
2026-09-21T13:04:00Z,4394.89990234375,4395.39990234375,4393.7001953125,4395.0,73.0,yahoo,GC=F
2026-09-21T13:05:00Z,4395.2998046875,4398.0,4394.5,4397.0,275.0,yahoo,GC=F
2026-09-21T13:06:00Z,4397.39990234375,4398.10009765625,4396.39990234375,4396.60009765625,51.0,yahoo,GC=F
2026-09-21T13:07:00Z,4396.5,4399.10009765625,4396.2001953125,4398.60009765625,111.0,yahoo,GC=F
2026-09-21T13:08:00Z,4398.7001953125,4400.2998046875,4397.5,4400.10009765625,114.0,yahoo,GC=F
2026-09-21T13:09:00Z,4399.89990234375,4401.89990234375,4399.7001953125,4399.7998046875,154.0,yahoo,GC=F
2026-09-21T13:10:00Z,4399.89990234375,4401.10009765625,4399.60009765625,4399.89990234375,38.0,yahoo,GC=F
2026-09-21T13:11:00Z,4399.2998046875,4401.2001953125,4398.7998046875,4400.2998046875,99.0,yahoo,GC=F
2026-09-21T13:12:00Z,4400.10009765625,4401.5,4399.7998046875,4401.0,72.0,yahoo,GC=F
2026-09-21T13:13:00Z,4401.2001953125,4402.2998046875,4400.5,4401.0,56.0,yahoo,GC=F
2026-09-21T13:14:00Z,4401.10009765625,4401.7001953125,4400.39990234375,4400.7998046875,50.0,yahoo,GC=F
2026-09-21T13:15:00Z,4401.10009765625,4401.39990234375,4400.2001953125,4400.7001953125,70.0,yahoo,GC=F
2026-09-21T13:16:00Z,4401.0,4401.60009765625,4399.2001953125,4399.7001953125,141.0,yahoo,GC=F
2026-09-21T13:17:00Z,4400.0,4401.39990234375,4398.39990234375,4401.39990234375,72.0,yahoo,GC=F
2026-09-21T13:18:00Z,4401.2001953125,4401.2001953125,4399.60009765625,4400.0,20.0,yahoo,GC=F
2026-09-21T13:19:00Z,4400.0,4402.2001953125,4400.0,4400.5,64.0,yahoo,GC=F
2026-09-21T13:20:00Z,4400.2998046875,4400.7998046875,4398.7001953125,4399.39990234375,139.0,yahoo,GC=F
2026-09-21T13:21:00Z,4399.5,4401.39990234375,4399.5,4400.7998046875,68.0,yahoo,GC=F
2026-09-21T13:22:00Z,4401.10009765625,4402.2001953125,4399.39990234375,4399.89990234375,78.0,yahoo,GC=F
2026-09-21T13:23:00Z,4400.7001953125,4403.0,4400.5,4402.10009765625,98.0,yahoo,GC=F
2026-09-21T13:24:00Z,4402.10009765625,4404.2001953125,4401.7998046875,4403.2001953125,134.0,yahoo,GC=F
2026-09-21T13:25:00Z,4403.2001953125,4404.39990234375,4402.89990234375,4404.10009765625,54.0,yahoo,GC=F
2026-09-21T13:26:00Z,4403.7998046875,4407.7998046875,4401.89990234375,4402.2001953125,717.0,yahoo,GC=F
2026-09-21T13:27:00Z,4402.2998046875,4403.10009765625,4401.10009765625,4403.10009765625,102.0,yahoo,GC=F
2026-09-21T13:28:00Z,4403.0,4403.0,4401.5,4401.5,66.0,yahoo,GC=F
2026-09-21T13:29:00Z,4401.7001953125,4402.39990234375,4401.60009765625,4402.2998046875,33.0,yahoo,GC=F
2026-09-21T13:30:00Z,4402.2998046875,4402.5,4396.5,4398.39990234375,332.0,yahoo,GC=F
2026-09-21T13:31:00Z,4398.2001953125,4400.7998046875,4397.10009765625,4398.89990234375,226.0,yahoo,GC=F
2026-09-21T13:32:00Z,4399.2998046875,4399.39990234375,4392.60009765625,4393.0,325.0,yahoo,GC=F
2026-09-21T13:33:00Z,4392.89990234375,4393.2998046875,4390.10009765625,4390.7998046875,285.0,yahoo,GC=F
2026-09-21T13:34:00Z,4390.5,4391.7998046875,4390.0,4391.10009765625,524.0,yahoo,GC=F
2026-09-21T13:35:00Z,4391.10009765625,4393.7001953125,4390.2001953125,4391.2001953125,380.0,yahoo,GC=F
2026-09-21T13:36:00Z,4391.2001953125,4393.5,4389.60009765625,4393.2001953125,213.0,yahoo,GC=F
2026-09-21T13:37:00Z,4393.0,4394.2998046875,4392.0,4392.60009765625,174.0,yahoo,GC=F
2026-09-21T13:38:00Z,4392.2998046875,4393.10009765625,4390.60009765625,4390.7001953125,151.0,yahoo,GC=F
2026-09-21T13:39:00Z,4390.39990234375,4392.0,4389.39990234375,4391.7001953125,150.0,yahoo,GC=F
2026-09-21T13:40:00Z,4391.39990234375,4393.2001953125,4390.5,4393.10009765625,137.0,yahoo,GC=F
2026-09-21T13:41:00Z,4392.89990234375,4394.0,4388.2998046875,4389.60009765625,224.0,yahoo,GC=F
2026-09-21T13:42:00Z,4389.2001953125,4389.89990234375,4387.39990234375,4387.39990234375,171.0,yahoo,GC=F
2026-09-21T13:43:00Z,4387.60009765625,4388.89990234375,4386.7998046875,4388.5,331.0,yahoo,GC=F
2026-09-21T13:44:00Z,4388.60009765625,4391.5,4388.60009765625,4390.60009765625,316.0,yahoo,GC=F
2026-09-21T13:45:00Z,4390.5,4390.5,4387.2998046875,4389.39990234375,171.0,yahoo,GC=F
2026-09-21T13:46:00Z,4389.2998046875,4392.60009765625,4388.0,4392.39990234375,130.0,yahoo,GC=F
2026-09-21T13:47:00Z,4391.89990234375,4392.60009765625,4389.7001953125,4390.2001953125,93.0,yahoo,GC=F
2026-09-21T13:48:00Z,4390.0,4391.10009765625,4387.10009765625,4388.0,155.0,yahoo,GC=F
2026-09-21T13:49:00Z,4388.2001953125,4393.7001953125,4388.2001953125,4393.5,171.0,yahoo,GC=F
2026-09-21T13:50:00Z,4393.89990234375,4393.89990234375,4390.10009765625,4391.2001953125,115.0,yahoo,GC=F
2026-09-21T13:51:00Z,4391.0,4391.60009765625,4389.7998046875,4391.0,84.0,yahoo,GC=F
2026-09-21T13:52:00Z,4390.7001953125,4392.2998046875,4388.39990234375,4388.39990234375,122.0,yahoo,GC=F
2026-09-21T13:53:00Z,4388.2998046875,4388.7001953125,4387.10009765625,4387.89990234375,90.0,yahoo,GC=F
2026-09-21T13:54:00Z,4388.10009765625,4388.10009765625,4386.10009765625,4386.2001953125,348.0,yahoo,GC=F
2026-09-21T13:55:00Z,4386.10009765625,4386.7001953125,4384.39990234375,4386.0,219.0,yahoo,GC=F
2026-09-21T13:56:00Z,4386.0,4386.7998046875,4384.39990234375,4386.39990234375,178.0,yahoo,GC=F
2026-09-21T13:57:00Z,4386.39990234375,4388.10009765625,4386.2998046875,4387.2998046875,179.0,yahoo,GC=F
2026-09-21T13:58:00Z,4387.2001953125,4387.5,4385.2998046875,4386.2001953125,178.0,yahoo,GC=F
2026-09-21T13:59:00Z,4386.0,4386.2998046875,4383.60009765625,4383.7998046875,215.0,yahoo,GC=F
2026-09-21T14:00:00Z,4383.7001953125,4384.7998046875,4381.2001953125,4381.7998046875,551.0,yahoo,GC=F
2026-09-21T14:01:00Z,4381.89990234375,4383.0,4380.60009765625,4381.89990234375,478.0,yahoo,GC=F
2026-09-21T14:02:00Z,4382.0,4382.2998046875,4375.10009765625,4377.7001953125,1259.0,yahoo,GC=F
2026-09-21T14:03:00Z,4377.5,4378.7001953125,4363.2998046875,4363.7001953125,2683.0,yahoo,GC=F
2026-09-21T14:04:00Z,4363.60009765625,4371.2998046875,4363.60009765625,4365.0,1457.0,yahoo,GC=F
2026-09-21T14:05:00Z,4365.2001953125,4366.7001953125,4360.7001953125,4362.10009765625,797.0,yahoo,GC=F
2026-09-21T14:06:00Z,4362.10009765625,4366.60009765625,4360.2998046875,4366.60009765625,567.0,yahoo,GC=F
2026-09-21T14:07:00Z,4366.5,4372.0,4364.7001953125,4370.7001953125,723.0,yahoo,GC=F
2026-09-21T14:08:00Z,4370.39990234375,4371.7998046875,4368.60009765625,4371.0,331.0,yahoo,GC=F
2026-09-21T14:09:00Z,4371.2001953125,4375.2001953125,4370.7998046875,4375.2001953125,658.0,yahoo,GC=F
2026-09-21T14:10:00Z,4375.2001953125,4377.2001953125,4372.7998046875,4373.60009765625,664.0,yahoo,GC=F
2026-09-21T14:11:00Z,4373.7001953125,4377.2998046875,4373.10009765625,4376.2998046875,339.0,yahoo,GC=F
2026-09-21T14:12:00Z,4376.2001953125,4377.89990234375,4375.39990234375,4376.5,193.0,yahoo,GC=F
2026-09-21T14:13:00Z,4376.7001953125,4379.0,4376.2001953125,4377.39990234375,222.0,yahoo,GC=F
2026-09-21T14:14:00Z,4377.5,4379.10009765625,4376.7998046875,4378.39990234375,138.0,yahoo,GC=F
2026-09-21T14:15:00Z,4378.2001953125,4379.5,4375.7001953125,4376.0,323.0,yahoo,GC=F
2026-09-21T14:16:00Z,4376.10009765625,4377.5,4375.7001953125,4376.7998046875,235.0,yahoo,GC=F
2026-09-21T14:17:00Z,4376.2998046875,4376.89990234375,4374.60009765625,4374.89990234375,233.0,yahoo,GC=F
2026-09-21T14:18:00Z,4374.7998046875,4376.2998046875,4374.2001953125,4374.7998046875,171.0,yahoo,GC=F
2026-09-21T14:19:00Z,4374.7998046875,4376.5,4374.2998046875,4375.7001953125,97.0,yahoo,GC=F
2026-09-21T14:20:00Z,4375.89990234375,4376.7998046875,4372.0,4372.7998046875,200.0,yahoo,GC=F
2026-09-21T14:21:00Z,4372.7998046875,4376.2998046875,4372.10009765625,4374.7001953125,350.0,yahoo,GC=F
2026-09-21T14:22:00Z,4374.7998046875,4376.7998046875,4374.5,4376.0,152.0,yahoo,GC=F
2026-09-21T14:23:00Z,4375.7998046875,4375.7998046875,4373.7998046875,4375.10009765625,216.0,yahoo,GC=F
2026-09-21T14:24:00Z,4375.7998046875,4376.60009765625,4374.0,4375.7001953125,152.0,yahoo,GC=F
2026-09-21T14:25:00Z,4375.7998046875,4378.10009765625,4374.5,4377.39990234375,217.0,yahoo,GC=F
2026-09-21T14:26:00Z,4378.2001953125,4379.0,4375.2998046875,4376.7998046875,222.0,yahoo,GC=F
2026-09-21T14:27:00Z,4376.5,4380.10009765625,4376.2998046875,4378.7998046875,211.0,yahoo,GC=F
2026-09-21T14:28:00Z,4378.7998046875,4380.10009765625,4377.60009765625,4377.89990234375,200.0,yahoo,GC=F
2026-09-21T14:29:00Z,4378.2001953125,4381.2001953125,4378.2001953125,4379.60009765625,354.0,yahoo,GC=F
2026-09-21T14:30:00Z,4379.60009765625,4382.0,4378.2001953125,4379.7001953125,356.0,yahoo,GC=F
2026-09-21T14:31:00Z,4379.7998046875,4380.7001953125,4377.2001953125,4377.60009765625,210.0,yahoo,GC=F
2026-09-21T14:32:00Z,4377.5,4377.89990234375,4376.2001953125,4377.5,195.0,yahoo,GC=F
2026-09-21T14:33:00Z,4377.5,4380.89990234375,4377.5,4380.2001953125,291.0,yahoo,GC=F
2026-09-21T14:34:00Z,4380.0,4380.0,4373.89990234375,4374.0,270.0,yahoo,GC=F
2026-09-21T14:35:00Z,4374.0,4377.89990234375,4374.0,4377.89990234375,176.0,yahoo,GC=F
2026-09-21T14:36:00Z,4378.0,4378.0,4374.39990234375,4374.39990234375,118.0,yahoo,GC=F
2026-09-21T14:37:00Z,4374.0,4375.89990234375,4373.2001953125,4374.2998046875,131.0,yahoo,GC=F
2026-09-21T14:38:00Z,4374.2001953125,4375.60009765625,4373.60009765625,4373.7998046875,114.0,yahoo,GC=F
2026-09-21T14:39:00Z,4373.89990234375,4374.60009765625,4373.0,4373.2001953125,89.0,yahoo,GC=F
2026-09-21T14:40:00Z,4373.0,4375.60009765625,4373.0,4374.89990234375,137.0,yahoo,GC=F
2026-09-21T14:41:00Z,4374.39990234375,4379.2998046875,4374.39990234375,4375.60009765625,293.0,yahoo,GC=F
2026-09-21T14:42:00Z,4375.60009765625,4376.2001953125,4374.0,4375.2001953125,94.0,yahoo,GC=F
2026-09-21T14:43:00Z,4375.39990234375,4376.2001953125,4372.39990234375,4372.7998046875,120.0,yahoo,GC=F
2026-09-21T14:44:00Z,4372.89990234375,4373.2001953125,4370.0,4370.2998046875,274.0,yahoo,GC=F
2026-09-21T14:45:00Z,4370.2001953125,4374.89990234375,4370.2001953125,4373.7998046875,385.0,yahoo,GC=F
2026-09-21T14:46:00Z,4373.60009765625,4375.0,4372.5,4374.7001953125,103.0,yahoo,GC=F
2026-09-21T14:47:00Z,4374.7998046875,4377.5,4374.10009765625,4377.0,181.0,yahoo,GC=F
2026-09-21T14:48:00Z,4377.10009765625,4379.5,4374.89990234375,4375.2001953125,211.0,yahoo,GC=F
2026-09-21T14:49:00Z,4375.2001953125,4375.2001953125,4373.60009765625,4374.5,160.0,yahoo,GC=F
2026-09-21T14:50:00Z,4374.89990234375,4376.2998046875,4374.2998046875,4375.5,104.0,yahoo,GC=F
2026-09-21T14:51:00Z,4375.89990234375,4379.10009765625,4375.89990234375,4378.2001953125,204.0,yahoo,GC=F
2026-09-21T14:52:00Z,4378.2998046875,4379.5,4377.10009765625,4379.2001953125,115.0,yahoo,GC=F
2026-09-21T14:53:00Z,4379.0,4380.7998046875,4378.5,4378.60009765625,127.0,yahoo,GC=F
2026-09-21T14:54:00Z,4378.60009765625,4380.89990234375,4378.60009765625,4380.2001953125,90.0,yahoo,GC=F
2026-09-21T14:55:00Z,4380.10009765625,4380.2001953125,4376.5,4376.89990234375,130.0,yahoo,GC=F
2026-09-21T14:56:00Z,4376.89990234375,4377.7001953125,4376.0,4376.5,165.0,yahoo,GC=F
2026-09-21T14:57:00Z,4376.7001953125,4376.7001953125,4374.60009765625,4374.7998046875,134.0,yahoo,GC=F
2026-09-21T14:58:00Z,4374.7001953125,4376.7001953125,4373.7001953125,4375.7998046875,176.0,yahoo,GC=F
2026-09-21T14:59:00Z,4375.7998046875,4377.39990234375,4374.89990234375,4376.89990234375,87.0,yahoo,GC=F
2026-09-21T15:00:00Z,4377.10009765625,4379.7998046875,4377.0,4379.10009765625,174.0,yahoo,GC=F
2026-09-21T15:01:00Z,4379.2998046875,4380.7001953125,4378.60009765625,4380.0,123.0,yahoo,GC=F
2026-09-21T15:02:00Z,4380.0,4382.5,4379.60009765625,4381.89990234375,214.0,yahoo,GC=F
2026-09-21T15:03:00Z,4382.2001953125,4383.7998046875,4381.5,4382.10009765625,261.0,yahoo,GC=F
2026-09-21T15:04:00Z,4382.39990234375,4384.7001953125,4381.89990234375,4384.39990234375,119.0,yahoo,GC=F
2026-09-21T15:05:00Z,4384.60009765625,4385.39990234375,4383.5,4384.89990234375,202.0,yahoo,GC=F
2026-09-21T15:06:00Z,4384.7001953125,4386.7998046875,4384.2998046875,4384.89990234375,282.0,yahoo,GC=F
2026-09-21T15:07:00Z,4385.0,4386.5,4384.7998046875,4386.5,257.0,yahoo,GC=F
2026-09-21T15:08:00Z,4386.5,4386.7001953125,4385.2001953125,4386.39990234375,135.0,yahoo,GC=F
2026-09-21T15:09:00Z,4386.60009765625,4388.0,4385.39990234375,4388.0,131.0,yahoo,GC=F
2026-09-21T15:10:00Z,4388.5,4388.5,4386.2998046875,4387.2998046875,148.0,yahoo,GC=F
2026-09-21T15:11:00Z,4387.2001953125,4388.2001953125,4385.60009765625,4386.10009765625,141.0,yahoo,GC=F
2026-09-21T15:12:00Z,4386.2001953125,4387.2001953125,4385.2001953125,4387.0,159.0,yahoo,GC=F
2026-09-21T15:13:00Z,4387.2001953125,4388.60009765625,4386.0,4387.7001953125,142.0,yahoo,GC=F
2026-09-21T15:14:00Z,4388.0,4388.10009765625,4386.7001953125,4387.39990234375,211.0,yahoo,GC=F
2026-09-21T15:15:00Z,4387.7001953125,4388.2998046875,4386.7998046875,4387.0,89.0,yahoo,GC=F
2026-09-21T15:16:00Z,4386.89990234375,4388.89990234375,4386.7998046875,4388.7001953125,137.0,yahoo,GC=F
2026-09-21T15:17:00Z,4388.89990234375,4389.7998046875,4387.60009765625,4389.0,96.0,yahoo,GC=F
2026-09-21T15:18:00Z,4388.7998046875,4389.7998046875,4387.5,4388.60009765625,160.0,yahoo,GC=F
2026-09-21T15:19:00Z,4388.7001953125,4389.60009765625,4388.2998046875,4388.2998046875,67.0,yahoo,GC=F
2026-09-21T15:20:00Z,4388.39990234375,4389.2998046875,4387.10009765625,4387.39990234375,134.0,yahoo,GC=F
2026-09-21T15:21:00Z,4387.5,4389.39990234375,4387.0,4388.60009765625,146.0,yahoo,GC=F
2026-09-21T15:22:00Z,4388.7001953125,4389.10009765625,4387.7001953125,4389.10009765625,107.0,yahoo,GC=F
2026-09-21T15:23:00Z,4389.10009765625,4389.7998046875,4388.0,4389.7998046875,61.0,yahoo,GC=F
2026-09-21T15:24:00Z,4389.7001953125,4390.7998046875,4388.60009765625,4389.7998046875,209.0,yahoo,GC=F
2026-09-21T15:25:00Z,4389.89990234375,4392.39990234375,4389.7001953125,4389.7998046875,420.0,yahoo,GC=F
2026-09-21T15:26:00Z,4390.2001953125,4390.60009765625,4388.60009765625,4389.7001953125,90.0,yahoo,GC=F
2026-09-21T15:27:00Z,4389.39990234375,4389.89990234375,4388.39990234375,4389.0,125.0,yahoo,GC=F
2026-09-21T15:28:00Z,4388.5,4390.10009765625,4388.10009765625,4389.89990234375,61.0,yahoo,GC=F
2026-09-21T15:29:00Z,4389.89990234375,4390.5,4389.0,4389.2001953125,152.0,yahoo,GC=F
2026-09-21T15:30:00Z,4389.5,4390.60009765625,4389.10009765625,4389.39990234375,120.0,yahoo,GC=F
2026-09-21T15:31:00Z,4388.89990234375,4390.0,4388.2001953125,4389.7998046875,121.0,yahoo,GC=F
2026-09-21T15:32:00Z,4389.89990234375,4391.2001953125,4389.7001953125,4389.89990234375,98.0,yahoo,GC=F
2026-09-21T15:33:00Z,4390.2998046875,4392.7001953125,4390.2001953125,4392.2001953125,169.0,yahoo,GC=F
2026-09-21T15:34:00Z,4392.2998046875,4392.7998046875,4391.7001953125,4392.7001953125,80.0,yahoo,GC=F
2026-09-21T15:35:00Z,4392.5,4393.0,4391.10009765625,4391.2998046875,140.0,yahoo,GC=F
2026-09-21T15:36:00Z,4391.2001953125,4394.60009765625,4390.89990234375,4392.60009765625,359.0,yahoo,GC=F
2026-09-21T15:37:00Z,4393.0,4393.39990234375,4389.89990234375,4390.2001953125,170.0,yahoo,GC=F
2026-09-21T15:38:00Z,4390.2001953125,4390.2001953125,4388.89990234375,4389.2998046875,155.0,yahoo,GC=F
2026-09-21T15:39:00Z,4389.2998046875,4389.5,4388.2001953125,4388.2001953125,62.0,yahoo,GC=F
2026-09-21T15:40:00Z,4388.39990234375,4389.2001953125,4386.7998046875,4386.89990234375,122.0,yahoo,GC=F
2026-09-21T15:41:00Z,4386.7998046875,4388.39990234375,4386.7998046875,4387.89990234375,115.0,yahoo,GC=F
2026-09-21T15:42:00Z,4387.7001953125,4388.7998046875,4386.5,4388.2001953125,127.0,yahoo,GC=F
2026-09-21T15:43:00Z,4388.2001953125,4388.2001953125,4386.7998046875,4387.0,76.0,yahoo,GC=F
2026-09-21T15:44:00Z,4387.0,4388.39990234375,4386.7998046875,4388.10009765625,47.0,yahoo,GC=F
2026-09-21T15:45:00Z,4388.2998046875,4389.10009765625,4387.2001953125,4387.89990234375,166.0,yahoo,GC=F
2026-09-21T15:46:00Z,4387.60009765625,4388.89990234375,4387.39990234375,4388.5,283.0,yahoo,GC=F
2026-09-21T15:47:00Z,4388.5,4389.0,4388.0,4388.7001953125,57.0,yahoo,GC=F
2026-09-21T15:48:00Z,4388.7998046875,4388.89990234375,4386.7001953125,4386.7001953125,52.0,yahoo,GC=F
2026-09-21T15:49:00Z,4386.7001953125,4386.7001953125,4385.7001953125,4386.39990234375,90.0,yahoo,GC=F
2026-09-21T15:50:00Z,4386.7001953125,4392.89990234375,4386.10009765625,4388.60009765625,818.0,yahoo,GC=F
2026-09-21T15:51:00Z,4388.7998046875,4389.0,4386.2001953125,4386.2998046875,162.0,yahoo,GC=F
2026-09-21T15:52:00Z,4386.39990234375,4386.7001953125,4385.2001953125,4385.2998046875,93.0,yahoo,GC=F
2026-09-21T15:53:00Z,4385.60009765625,4385.60009765625,4384.60009765625,4385.2998046875,112.0,yahoo,GC=F
2026-09-21T15:54:00Z,4385.89990234375,4387.2001953125,4385.60009765625,4386.10009765625,120.0,yahoo,GC=F
2026-09-21T15:55:00Z,4386.0,4387.10009765625,4385.2001953125,4387.0,105.0,yahoo,GC=F
2026-09-21T15:56:00Z,4386.7998046875,4388.2001953125,4386.60009765625,4387.5,63.0,yahoo,GC=F
2026-09-21T15:57:00Z,4387.5,4387.7001953125,4385.0,4386.10009765625,68.0,yahoo,GC=F
2026-09-21T15:58:00Z,4386.2001953125,4386.5,4385.2001953125,4386.10009765625,78.0,yahoo,GC=F
2026-09-21T15:59:00Z,4386.0,4386.2998046875,4385.2001953125,4386.2998046875,64.0,yahoo,GC=F
2026-09-21T16:00:00Z,4386.5,4386.5,4383.0,4384.10009765625,236.0,yahoo,GC=F
2026-09-21T16:01:00Z,4383.89990234375,4385.7001953125,4383.7998046875,4384.60009765625,102.0,yahoo,GC=F
2026-09-21T16:02:00Z,4384.7001953125,4387.0,4384.5,4386.7998046875,104.0,yahoo,GC=F
2026-09-21T16:03:00Z,4386.89990234375,4389.39990234375,4386.7001953125,4388.2998046875,171.0,yahoo,GC=F
2026-09-21T16:04:00Z,4388.2001953125,4389.5,4388.0,4388.89990234375,68.0,yahoo,GC=F
2026-09-21T16:05:00Z,4388.39990234375,4389.10009765625,4387.7001953125,4388.2001953125,84.0,yahoo,GC=F
2026-09-21T16:06:00Z,4388.10009765625,4388.89990234375,4387.39990234375,4388.2998046875,66.0,yahoo,GC=F
2026-09-21T16:07:00Z,4387.60009765625,4394.10009765625,4387.2998046875,4390.7998046875,1148.0,yahoo,GC=F
2026-09-21T16:08:00Z,4390.89990234375,4391.7001953125,4389.7998046875,4389.89990234375,72.0,yahoo,GC=F
2026-09-21T16:09:00Z,4389.89990234375,4392.7001953125,4388.7998046875,4392.5,301.0,yahoo,GC=F
2026-09-21T16:10:00Z,4392.7001953125,4394.2001953125,4391.39990234375,4393.89990234375,156.0,yahoo,GC=F
2026-09-21T16:11:00Z,4393.7998046875,4394.2001953125,4393.0,4393.7998046875,120.0,yahoo,GC=F
2026-09-21T16:12:00Z,4393.2998046875,4393.39990234375,4390.7001953125,4392.0,94.0,yahoo,GC=F
2026-09-21T16:13:00Z,4392.0,4392.89990234375,4390.89990234375,4390.89990234375,79.0,yahoo,GC=F
2026-09-21T16:14:00Z,4390.60009765625,4390.60009765625,4388.39990234375,4390.0,373.0,yahoo,GC=F
2026-09-21T16:15:00Z,4390.2001953125,4391.7001953125,4390.0,4391.10009765625,145.0,yahoo,GC=F
2026-09-21T16:16:00Z,4391.2001953125,4392.7001953125,4390.7001953125,4392.5,168.0,yahoo,GC=F
2026-09-21T16:17:00Z,4392.5,4392.5,4390.5,4391.2998046875,167.0,yahoo,GC=F
2026-09-21T16:18:00Z,4391.60009765625,4393.60009765625,4391.5,4392.7998046875,185.0,yahoo,GC=F
2026-09-21T16:19:00Z,4393.0,4395.7001953125,4392.7001953125,4394.89990234375,276.0,yahoo,GC=F
2026-09-21T16:20:00Z,4395.0,4395.2998046875,4394.2001953125,4395.0,97.0,yahoo,GC=F
2026-09-21T16:21:00Z,4395.10009765625,4395.10009765625,4391.7998046875,4392.5,454.0,yahoo,GC=F
2026-09-21T16:22:00Z,4392.5,4393.2001953125,4391.2998046875,4391.2998046875,65.0,yahoo,GC=F
2026-09-21T16:23:00Z,4391.2001953125,4391.2998046875,4389.7998046875,4389.89990234375,68.0,yahoo,GC=F
2026-09-21T16:24:00Z,4389.7998046875,4390.2998046875,4388.60009765625,4389.10009765625,193.0,yahoo,GC=F
2026-09-21T16:25:00Z,4389.2998046875,4389.39990234375,4387.5,4387.5,69.0,yahoo,GC=F
2026-09-21T16:26:00Z,4387.5,4388.2001953125,4387.2001953125,4387.89990234375,92.0,yahoo,GC=F
2026-09-21T16:27:00Z,4387.7001953125,4390.0,4387.39990234375,4389.2998046875,113.0,yahoo,GC=F
2026-09-21T16:28:00Z,4389.2001953125,4389.5,4388.2001953125,4388.7998046875,93.0,yahoo,GC=F
2026-09-21T16:29:00Z,4388.7001953125,4389.5,4388.10009765625,4389.2001953125,56.0,yahoo,GC=F
2026-09-21T16:30:00Z,4389.2001953125,4389.7001953125,4387.7998046875,4388.39990234375,62.0,yahoo,GC=F
2026-09-21T16:31:00Z,4388.39990234375,4389.10009765625,4387.89990234375,4388.2001953125,42.0,yahoo,GC=F
2026-09-21T16:32:00Z,4388.60009765625,4389.7998046875,4388.39990234375,4389.7998046875,76.0,yahoo,GC=F
2026-09-21T16:33:00Z,4389.60009765625,4391.0,4389.60009765625,4390.0,66.0,yahoo,GC=F
2026-09-21T16:34:00Z,4390.10009765625,4390.10009765625,4389.39990234375,4389.5,50.0,yahoo,GC=F
2026-09-21T16:35:00Z,4389.5,4389.5,4388.0,4388.2998046875,73.0,yahoo,GC=F
2026-09-21T16:36:00Z,4388.2001953125,4388.39990234375,4387.2001953125,4388.2001953125,66.0,yahoo,GC=F
2026-09-21T16:37:00Z,4388.2998046875,4388.7001953125,4387.89990234375,4388.39990234375,23.0,yahoo,GC=F
2026-09-21T16:38:00Z,4388.2998046875,4389.2998046875,4388.10009765625,4388.39990234375,57.0,yahoo,GC=F
2026-09-21T16:39:00Z,4388.2998046875,4388.5,4387.39990234375,4387.7001953125,50.0,yahoo,GC=F
2026-09-21T16:40:00Z,4387.60009765625,4388.2001953125,4387.39990234375,4388.0,26.0,yahoo,GC=F
2026-09-21T16:41:00Z,4388.0,4388.0,4386.2001953125,4386.7001953125,76.0,yahoo,GC=F
2026-09-21T16:42:00Z,4386.7998046875,4387.10009765625,4385.39990234375,4385.7001953125,110.0,yahoo,GC=F
2026-09-21T16:43:00Z,4385.7998046875,4385.89990234375,4384.0,4384.2001953125,141.0,yahoo,GC=F
2026-09-21T16:44:00Z,4384.2998046875,4384.7001953125,4381.60009765625,4382.2001953125,242.0,yahoo,GC=F
2026-09-21T16:45:00Z,4381.89990234375,4382.5,4381.39990234375,4382.39990234375,122.0,yahoo,GC=F
2026-09-21T16:46:00Z,4382.39990234375,4383.10009765625,4381.5,4382.10009765625,132.0,yahoo,GC=F
2026-09-21T16:47:00Z,4382.10009765625,4383.5,4382.10009765625,4383.5,74.0,yahoo,GC=F
2026-09-21T16:48:00Z,4383.5,4384.39990234375,4382.89990234375,4383.7998046875,57.0,yahoo,GC=F
2026-09-21T16:49:00Z,4383.60009765625,4384.10009765625,4383.0,4384.0,55.0,yahoo,GC=F
2026-09-21T16:50:00Z,4384.2998046875,4384.89990234375,4383.7001953125,4384.39990234375,114.0,yahoo,GC=F
2026-09-21T16:51:00Z,4384.39990234375,4384.5,4382.7998046875,4384.0,188.0,yahoo,GC=F
2026-09-21T16:52:00Z,4383.7998046875,4383.7998046875,4381.10009765625,4382.7998046875,94.0,yahoo,GC=F
2026-09-21T16:53:00Z,4382.60009765625,4382.7001953125,4381.60009765625,4382.2001953125,153.0,yahoo,GC=F
2026-09-21T16:54:00Z,4382.2998046875,4382.39990234375,4381.7998046875,4382.10009765625,75.0,yahoo,GC=F
2026-09-21T16:55:00Z,4382.0,4383.2998046875,4382.0,4383.2998046875,50.0,yahoo,GC=F
2026-09-21T16:56:00Z,4383.10009765625,4383.10009765625,4382.0,4382.2001953125,40.0,yahoo,GC=F
2026-09-21T16:57:00Z,4382.2998046875,4383.2001953125,4382.2998046875,4382.60009765625,31.0,yahoo,GC=F
2026-09-21T16:58:00Z,4382.5,4382.5,4381.7001953125,4381.7001953125,57.0,yahoo,GC=F
2026-09-21T16:59:00Z,4382.0,4382.10009765625,4381.0,4381.39990234375,79.0,yahoo,GC=F
2026-09-21T17:00:00Z,4381.5,4381.89990234375,4379.89990234375,4381.7001953125,163.0,yahoo,GC=F
2026-09-21T17:01:00Z,4381.60009765625,4382.0,4380.89990234375,4381.5,91.0,yahoo,GC=F
2026-09-21T17:02:00Z,4381.60009765625,4382.2001953125,4380.60009765625,4382.2001953125,107.0,yahoo,GC=F
2026-09-21T17:03:00Z,4382.39990234375,4382.7001953125,4381.39990234375,4381.60009765625,68.0,yahoo,GC=F
2026-09-21T17:04:00Z,4381.5,4382.2001953125,4380.89990234375,4382.10009765625,38.0,yahoo,GC=F
2026-09-21T17:05:00Z,4382.2001953125,4382.7998046875,4381.89990234375,4382.2998046875,94.0,yahoo,GC=F
2026-09-21T17:06:00Z,4382.39990234375,4383.2001953125,4382.0,4382.60009765625,66.0,yahoo,GC=F
2026-09-21T17:07:00Z,4382.89990234375,4383.7998046875,4382.7001953125,4382.7001953125,59.0,yahoo,GC=F
2026-09-21T17:08:00Z,4382.60009765625,4383.7001953125,4382.39990234375,4383.2001953125,74.0,yahoo,GC=F
2026-09-21T17:09:00Z,4383.39990234375,4384.10009765625,4382.7998046875,4383.89990234375,50.0,yahoo,GC=F
2026-09-21T17:10:00Z,4384.0,4384.10009765625,4383.2001953125,4383.5,57.0,yahoo,GC=F
2026-09-21T17:11:00Z,4383.5,4384.2001953125,4383.39990234375,4383.60009765625,36.0,yahoo,GC=F
2026-09-21T17:12:00Z,4384.10009765625,4385.2998046875,4383.7998046875,4384.7001953125,125.0,yahoo,GC=F
2026-09-21T17:13:00Z,4384.7998046875,4385.2998046875,4384.39990234375,4384.5,45.0,yahoo,GC=F
2026-09-21T17:14:00Z,4384.5,4384.5,4384.0,4384.2001953125,53.0,yahoo,GC=F
2026-09-21T17:15:00Z,4384.2998046875,4384.7001953125,4382.39990234375,4382.89990234375,131.0,yahoo,GC=F
2026-09-21T17:16:00Z,4382.7998046875,4383.7001953125,4382.2001953125,4383.39990234375,130.0,yahoo,GC=F
2026-09-21T17:17:00Z,4383.2998046875,4383.2998046875,4381.7001953125,4381.7001953125,126.0,yahoo,GC=F
2026-09-21T17:18:00Z,4381.89990234375,4383.10009765625,4381.2998046875,4382.39990234375,84.0,yahoo,GC=F
2026-09-21T17:19:00Z,4382.2998046875,4382.60009765625,4380.2001953125,4380.39990234375,106.0,yahoo,GC=F
2026-09-21T17:20:00Z,4380.60009765625,4380.7998046875,4379.5,4380.60009765625,177.0,yahoo,GC=F
2026-09-21T17:21:00Z,4381.0,4382.0,4379.60009765625,4380.2998046875,180.0,yahoo,GC=F
2026-09-21T17:22:00Z,4380.2001953125,4381.7998046875,4379.7998046875,4381.10009765625,185.0,yahoo,GC=F
2026-09-21T17:23:00Z,4381.2001953125,4381.7998046875,4380.7998046875,4381.2001953125,60.0,yahoo,GC=F
2026-09-21T17:24:00Z,4381.2001953125,4381.39990234375,4380.5,4381.0,65.0,yahoo,GC=F
2026-09-21T17:25:00Z,4381.2001953125,4382.0,4380.5,4381.2001953125,117.0,yahoo,GC=F
2026-09-21T17:26:00Z,4381.2001953125,4381.7998046875,4380.7998046875,4381.60009765625,95.0,yahoo,GC=F
2026-09-21T17:27:00Z,4381.60009765625,4382.2001953125,4381.10009765625,4381.60009765625,128.0,yahoo,GC=F
2026-09-21T17:28:00Z,4381.60009765625,4382.10009765625,4380.89990234375,4382.10009765625,185.0,yahoo,GC=F
2026-09-21T17:29:00Z,4382.0,4384.89990234375,4382.0,4384.39990234375,655.0,yahoo,GC=F
2026-09-21T17:30:00Z,4384.39990234375,4385.10009765625,4381.0,4381.10009765625,243.0,yahoo,GC=F
2026-09-21T17:31:00Z,4381.0,4381.0,4378.60009765625,4380.2998046875,449.0,yahoo,GC=F
2026-09-21T17:32:00Z,4380.2001953125,4380.2001953125,4378.2001953125,4378.7998046875,127.0,yahoo,GC=F
2026-09-21T17:33:00Z,4378.7001953125,4379.10009765625,4377.2998046875,4377.89990234375,170.0,yahoo,GC=F
2026-09-21T17:34:00Z,4377.7001953125,4378.7001953125,4376.2001953125,4376.89990234375,337.0,yahoo,GC=F
2026-09-21T17:35:00Z,4377.2001953125,4378.10009765625,4377.0,4377.7001953125,120.0,yahoo,GC=F
2026-09-21T17:36:00Z,4377.5,4378.7001953125,4376.89990234375,4377.89990234375,97.0,yahoo,GC=F
2026-09-21T17:37:00Z,4377.7998046875,4378.10009765625,4375.7001953125,4376.2001953125,159.0,yahoo,GC=F
2026-09-21T17:38:00Z,4376.2998046875,4377.7998046875,4376.2001953125,4377.60009765625,119.0,yahoo,GC=F
2026-09-21T17:39:00Z,4377.89990234375,4378.10009765625,4376.89990234375,4376.89990234375,51.0,yahoo,GC=F
2026-09-21T17:40:00Z,4376.7998046875,4379.2998046875,4376.7998046875,4379.10009765625,122.0,yahoo,GC=F
2026-09-21T17:41:00Z,4378.89990234375,4380.2001953125,4378.89990234375,4380.2001953125,133.0,yahoo,GC=F
2026-09-21T17:42:00Z,4380.10009765625,4381.0,4379.2998046875,4379.89990234375,77.0,yahoo,GC=F
2026-09-21T17:43:00Z,4379.7001953125,4380.10009765625,4378.39990234375,4378.89990234375,134.0,yahoo,GC=F
2026-09-21T17:44:00Z,4379.0,4379.2001953125,4378.39990234375,4379.0,87.0,yahoo,GC=F
2026-09-21T17:45:00Z,4378.7001953125,4378.7001953125,4377.60009765625,4378.2998046875,57.0,yahoo,GC=F
2026-09-21T17:46:00Z,4378.2001953125,4380.2998046875,4378.2001953125,4379.7998046875,111.0,yahoo,GC=F
2026-09-21T17:47:00Z,4379.7001953125,4380.89990234375,4379.7001953125,4380.0,52.0,yahoo,GC=F
2026-09-21T17:48:00Z,4380.2998046875,4381.2001953125,4380.2998046875,4381.0,36.0,yahoo,GC=F
2026-09-21T17:49:00Z,4381.39990234375,4381.60009765625,4380.89990234375,4381.39990234375,91.0,yahoo,GC=F
2026-09-21T17:50:00Z,4381.2998046875,4381.39990234375,4380.89990234375,4381.2001953125,20.0,yahoo,GC=F
2026-09-21T17:51:00Z,4381.0,4382.5,4381.0,4382.10009765625,135.0,yahoo,GC=F
2026-09-21T17:52:00Z,4382.2001953125,4383.2001953125,4381.60009765625,4382.7001953125,68.0,yahoo,GC=F
2026-09-21T17:53:00Z,4383.0,4383.5,4382.39990234375,4382.7001953125,64.0,yahoo,GC=F
2026-09-21T17:54:00Z,4383.0,4383.2001953125,4382.2998046875,4382.2998046875,32.0,yahoo,GC=F
2026-09-21T17:55:00Z,4382.10009765625,4384.39990234375,4381.7998046875,4384.2998046875,134.0,yahoo,GC=F
2026-09-21T17:56:00Z,4384.39990234375,4384.5,4381.7001953125,4381.7001953125,100.0,yahoo,GC=F
2026-09-21T17:57:00Z,4381.7998046875,4383.89990234375,4381.7998046875,4383.2998046875,199.0,yahoo,GC=F
2026-09-21T17:58:00Z,4383.39990234375,4383.60009765625,4382.7998046875,4383.2998046875,68.0,yahoo,GC=F
2026-09-21T17:59:00Z,4383.10009765625,4383.5,4382.60009765625,4383.0,60.0,yahoo,GC=F
2026-09-21T18:00:00Z,4383.0,4383.0,4382.2998046875,4382.7998046875,109.0,yahoo,GC=F
2026-09-21T18:01:00Z,4382.60009765625,4383.0,4382.2001953125,4382.7998046875,80.0,yahoo,GC=F
2026-09-21T18:02:00Z,4383.0,4383.7001953125,4382.89990234375,4383.2001953125,74.0,yahoo,GC=F
2026-09-21T18:03:00Z,4383.2998046875,4384.0,4383.0,4383.2001953125,38.0,yahoo,GC=F
2026-09-21T18:04:00Z,4383.2998046875,4384.39990234375,4382.60009765625,4384.0,99.0,yahoo,GC=F
2026-09-21T18:05:00Z,4384.2001953125,4384.5,4383.7001953125,4384.2001953125,35.0,yahoo,GC=F
2026-09-21T18:06:00Z,4384.39990234375,4386.0,4384.2001953125,4385.7001953125,157.0,yahoo,GC=F
2026-09-21T18:07:00Z,4385.60009765625,4388.10009765625,4385.60009765625,4388.10009765625,199.0,yahoo,GC=F
2026-09-21T18:08:00Z,4388.2001953125,4388.89990234375,4388.0,4388.7001953125,411.0,yahoo,GC=F
2026-09-21T18:09:00Z,4388.7001953125,4389.0,4387.89990234375,4389.0,48.0,yahoo,GC=F
2026-09-21T18:10:00Z,4388.7001953125,4388.89990234375,4386.7998046875,4387.0,93.0,yahoo,GC=F
2026-09-21T18:11:00Z,4387.0,4388.89990234375,4387.0,4388.2001953125,77.0,yahoo,GC=F
2026-09-21T18:12:00Z,4388.5,4388.5,4387.39990234375,4388.0,60.0,yahoo,GC=F
2026-09-21T18:13:00Z,4388.5,4389.2998046875,4388.10009765625,4388.10009765625,58.0,yahoo,GC=F
2026-09-21T18:14:00Z,4388.7001953125,4388.7001953125,4387.89990234375,4388.2998046875,29.0,yahoo,GC=F
2026-09-21T18:15:00Z,4388.5,4389.7998046875,4388.0,4389.2998046875,40.0,yahoo,GC=F
2026-09-21T18:16:00Z,4389.60009765625,4389.89990234375,4388.5,4389.60009765625,83.0,yahoo,GC=F
2026-09-21T18:17:00Z,4389.7001953125,4390.89990234375,4389.7001953125,4389.7998046875,76.0,yahoo,GC=F
2026-09-21T18:18:00Z,4390.2001953125,4390.7001953125,4389.60009765625,4389.7998046875,56.0,yahoo,GC=F
2026-09-21T18:19:00Z,4389.89990234375,4390.10009765625,4388.7001953125,4389.2001953125,50.0,yahoo,GC=F
2026-09-21T18:20:00Z,4389.2001953125,4390.2001953125,4388.7998046875,4389.39990234375,393.0,yahoo,GC=F
2026-09-21T18:21:00Z,4389.39990234375,4390.0,4388.7998046875,4389.39990234375,82.0,yahoo,GC=F
2026-09-21T18:22:00Z,4389.2998046875,4389.7001953125,4388.7998046875,4388.89990234375,58.0,yahoo,GC=F
2026-09-21T18:23:00Z,4389.2001953125,4390.0,4389.10009765625,4389.5,69.0,yahoo,GC=F
2026-09-21T18:24:00Z,4389.2998046875,4389.2998046875,4388.7001953125,4388.7998046875,47.0,yahoo,GC=F
2026-09-21T18:25:00Z,4388.7998046875,4389.2998046875,4388.7001953125,4389.2001953125,21.0,yahoo,GC=F
2026-09-21T18:26:00Z,4389.39990234375,4389.39990234375,4387.2001953125,4387.7998046875,49.0,yahoo,GC=F
2026-09-21T18:27:00Z,4387.7998046875,4388.10009765625,4387.39990234375,4387.7001953125,26.0,yahoo,GC=F
2026-09-21T18:28:00Z,4387.89990234375,4389.7998046875,4387.7998046875,4389.10009765625,88.0,yahoo,GC=F
2026-09-21T18:29:00Z,4389.10009765625,4389.7998046875,4388.5,4388.7998046875,78.0,yahoo,GC=F
2026-09-21T18:30:00Z,4388.89990234375,4389.2001953125,4388.2001953125,4388.60009765625,57.0,yahoo,GC=F
2026-09-21T18:31:00Z,4388.60009765625,4389.7998046875,4388.39990234375,4389.39990234375,62.0,yahoo,GC=F
2026-09-21T18:32:00Z,4389.39990234375,4390.0,4389.0,4389.39990234375,114.0,yahoo,GC=F
2026-09-21T18:33:00Z,4389.5,4389.5,4388.2998046875,4388.39990234375,91.0,yahoo,GC=F
2026-09-21T18:34:00Z,4388.5,4388.7998046875,4387.7998046875,4388.10009765625,49.0,yahoo,GC=F
2026-09-21T18:35:00Z,4387.89990234375,4388.2998046875,4386.10009765625,4386.39990234375,106.0,yahoo,GC=F
2026-09-21T18:36:00Z,4386.5,4386.89990234375,4385.5,4385.5,126.0,yahoo,GC=F
2026-09-21T18:37:00Z,4385.7001953125,4386.39990234375,4385.60009765625,4385.89990234375,73.0,yahoo,GC=F
2026-09-21T18:38:00Z,4386.0,4386.2998046875,4385.39990234375,4385.5,78.0,yahoo,GC=F
2026-09-21T18:39:00Z,4385.60009765625,4385.89990234375,4385.60009765625,4385.7001953125,11.0,yahoo,GC=F
2026-09-21T18:40:00Z,4385.89990234375,4386.2001953125,4385.10009765625,4385.39990234375,79.0,yahoo,GC=F
2026-09-21T18:41:00Z,4385.39990234375,4386.0,4384.7998046875,4385.2001953125,113.0,yahoo,GC=F
2026-09-21T18:42:00Z,4385.0,4385.2998046875,4384.7001953125,4385.2001953125,32.0,yahoo,GC=F
2026-09-21T18:43:00Z,4384.89990234375,4385.60009765625,4384.7998046875,4385.10009765625,39.0,yahoo,GC=F
2026-09-21T18:44:00Z,4385.2001953125,4386.0,4385.2001953125,4385.39990234375,33.0,yahoo,GC=F
2026-09-21T18:45:00Z,4385.7998046875,4386.39990234375,4385.39990234375,4385.7001953125,64.0,yahoo,GC=F
2026-09-21T18:46:00Z,4385.5,4385.7001953125,4385.10009765625,4385.2001953125,21.0,yahoo,GC=F
2026-09-21T18:47:00Z,4385.10009765625,4386.7001953125,4384.89990234375,4386.39990234375,93.0,yahoo,GC=F
2026-09-21T18:48:00Z,4386.2001953125,4386.5,4385.7998046875,4385.89990234375,45.0,yahoo,GC=F
2026-09-21T18:49:00Z,4386.0,4386.10009765625,4385.89990234375,4386.10009765625,10.0,yahoo,GC=F
2026-09-21T18:50:00Z,4386.0,4387.0,4386.0,4386.7001953125,66.0,yahoo,GC=F
2026-09-21T18:51:00Z,4386.5,4387.0,4385.39990234375,4386.7998046875,61.0,yahoo,GC=F
2026-09-21T18:52:00Z,4386.7001953125,4387.2998046875,4386.60009765625,4387.0,32.0,yahoo,GC=F
2026-09-21T18:53:00Z,4387.0,4387.10009765625,4386.5,4386.89990234375,17.0,yahoo,GC=F
2026-09-21T18:54:00Z,4386.7998046875,4387.2998046875,4385.7998046875,4385.89990234375,40.0,yahoo,GC=F
2026-09-21T18:55:00Z,4385.60009765625,4386.39990234375,4385.5,4386.2998046875,32.0,yahoo,GC=F
2026-09-21T18:56:00Z,4386.2001953125,4386.7001953125,4386.2001953125,4386.60009765625,21.0,yahoo,GC=F
2026-09-21T18:57:00Z,4386.60009765625,4386.60009765625,4384.89990234375,4385.0,55.0,yahoo,GC=F
2026-09-21T18:58:00Z,4385.0,4385.2998046875,4384.2998046875,4384.7001953125,68.0,yahoo,GC=F
2026-09-21T18:59:00Z,4384.5,4385.0,4384.2998046875,4384.39990234375,71.0,yahoo,GC=F
2026-09-21T19:00:00Z,4384.2998046875,4384.2998046875,4382.7998046875,4383.0,96.0,yahoo,GC=F
2026-09-21T19:01:00Z,4382.7998046875,4383.7001953125,4381.7998046875,4381.7998046875,118.0,yahoo,GC=F
2026-09-21T19:02:00Z,4381.7001953125,4382.7001953125,4381.2998046875,4381.89990234375,83.0,yahoo,GC=F
2026-09-21T19:03:00Z,4382.0,4382.2001953125,4380.89990234375,4380.89990234375,44.0,yahoo,GC=F
2026-09-21T19:04:00Z,4381.0,4381.7001953125,4380.39990234375,4381.7001953125,56.0,yahoo,GC=F
2026-09-21T19:05:00Z,4381.5,4382.0,4381.2001953125,4381.7001953125,42.0,yahoo,GC=F
2026-09-21T19:06:00Z,4381.7998046875,4381.7998046875,4380.7001953125,4381.60009765625,47.0,yahoo,GC=F
2026-09-21T19:07:00Z,4381.7001953125,4382.2001953125,4381.2001953125,4382.10009765625,56.0,yahoo,GC=F
2026-09-21T19:08:00Z,4382.2001953125,4382.89990234375,4381.39990234375,4382.7998046875,77.0,yahoo,GC=F
2026-09-21T19:09:00Z,4382.7001953125,4384.10009765625,4382.7001953125,4383.7998046875,34.0,yahoo,GC=F
2026-09-21T19:10:00Z,4384.10009765625,4384.2001953125,4383.2001953125,4384.0,54.0,yahoo,GC=F
2026-09-21T19:11:00Z,4383.7998046875,4384.5,4382.89990234375,4384.39990234375,59.0,yahoo,GC=F
2026-09-21T19:12:00Z,4384.39990234375,4384.39990234375,4383.39990234375,4383.7998046875,38.0,yahoo,GC=F
2026-09-21T19:13:00Z,4383.89990234375,4384.5,4383.5,4384.2998046875,27.0,yahoo,GC=F
2026-09-21T19:14:00Z,4384.2998046875,4384.89990234375,4383.7998046875,4383.7998046875,71.0,yahoo,GC=F
2026-09-21T19:15:00Z,4383.5,4383.7001953125,4382.89990234375,4383.39990234375,44.0,yahoo,GC=F
2026-09-21T19:16:00Z,4383.39990234375,4384.5,4383.39990234375,4384.39990234375,52.0,yahoo,GC=F
2026-09-21T19:17:00Z,4384.2001953125,4384.2001953125,4383.10009765625,4383.2001953125,41.0,yahoo,GC=F
2026-09-21T19:18:00Z,4383.2998046875,4383.7001953125,4383.2001953125,4383.60009765625,20.0,yahoo,GC=F
2026-09-21T19:19:00Z,4383.60009765625,4383.89990234375,4383.2001953125,4383.2001953125,31.0,yahoo,GC=F
2026-09-21T19:20:00Z,4383.0,4384.2998046875,4383.0,4384.10009765625,55.0,yahoo,GC=F
2026-09-21T19:21:00Z,4384.10009765625,4384.60009765625,4383.39990234375,4383.39990234375,46.0,yahoo,GC=F
2026-09-21T19:22:00Z,4383.60009765625,4384.39990234375,4383.5,4384.2998046875,20.0,yahoo,GC=F
2026-09-21T19:23:00Z,4384.39990234375,4384.7001953125,4384.0,4384.2998046875,46.0,yahoo,GC=F
2026-09-21T19:24:00Z,4384.60009765625,4384.7001953125,4383.89990234375,4384.0,24.0,yahoo,GC=F
2026-09-21T19:25:00Z,4383.89990234375,4384.2001953125,4383.2998046875,4384.0,38.0,yahoo,GC=F
2026-09-21T19:26:00Z,4384.2001953125,4385.7001953125,4384.10009765625,4385.60009765625,42.0,yahoo,GC=F
2026-09-21T19:27:00Z,4385.7998046875,4387.7998046875,4385.60009765625,4387.7001953125,66.0,yahoo,GC=F
2026-09-21T19:28:00Z,4387.89990234375,4388.5,4387.39990234375,4387.7001953125,79.0,yahoo,GC=F
2026-09-21T19:29:00Z,4387.7998046875,4388.10009765625,4386.89990234375,4387.10009765625,67.0,yahoo,GC=F
2026-09-21T19:30:00Z,4387.0,4388.5,4387.0,4388.2001953125,60.0,yahoo,GC=F
2026-09-21T19:31:00Z,4388.39990234375,4389.7998046875,4387.89990234375,4389.60009765625,96.0,yahoo,GC=F
2026-09-21T19:32:00Z,4389.39990234375,4390.39990234375,4389.10009765625,4389.89990234375,64.0,yahoo,GC=F
2026-09-21T19:33:00Z,4390.0,4390.2998046875,4389.2998046875,4389.60009765625,42.0,yahoo,GC=F
2026-09-21T19:34:00Z,4389.7001953125,4391.2001953125,4389.7001953125,4390.39990234375,86.0,yahoo,GC=F
2026-09-21T19:35:00Z,4390.2001953125,4391.39990234375,4389.7001953125,4390.7998046875,130.0,yahoo,GC=F
2026-09-21T19:36:00Z,4390.7998046875,4391.0,4390.10009765625,4391.0,48.0,yahoo,GC=F
2026-09-21T19:37:00Z,4391.0,4391.2001953125,4389.2001953125,4390.0,85.0,yahoo,GC=F
2026-09-21T19:38:00Z,4390.0,4390.10009765625,4389.5,4390.0,38.0,yahoo,GC=F
2026-09-21T19:39:00Z,4390.0,4391.89990234375,4390.0,4391.0,79.0,yahoo,GC=F
2026-09-21T19:40:00Z,4391.10009765625,4391.60009765625,4389.2001953125,4389.7001953125,147.0,yahoo,GC=F
2026-09-21T19:41:00Z,4389.7001953125,4389.7001953125,4387.2998046875,4387.60009765625,210.0,yahoo,GC=F
2026-09-21T19:42:00Z,4387.39990234375,4387.7001953125,4386.5,4387.0,95.0,yahoo,GC=F
2026-09-21T19:43:00Z,4387.2001953125,4387.2001953125,4386.2001953125,4386.2001953125,56.0,yahoo,GC=F
2026-09-21T19:44:00Z,4386.2001953125,4386.39990234375,4385.2998046875,4386.10009765625,47.0,yahoo,GC=F
2026-09-21T19:45:00Z,4385.7998046875,4386.2998046875,4384.5,4385.7998046875,93.0,yahoo,GC=F
2026-09-21T19:46:00Z,4385.7001953125,4386.10009765625,4385.2001953125,4385.89990234375,26.0,yahoo,GC=F
2026-09-21T19:47:00Z,4385.89990234375,4385.89990234375,4384.89990234375,4385.10009765625,50.0,yahoo,GC=F
2026-09-21T19:48:00Z,4384.89990234375,4385.2998046875,4384.0,4384.7001953125,90.0,yahoo,GC=F
2026-09-21T19:49:00Z,4384.7001953125,4385.0,4384.0,4384.2001953125,53.0,yahoo,GC=F
2026-09-21T19:50:00Z,4383.89990234375,4384.5,4383.5,4384.2001953125,68.0,yahoo,GC=F
2026-09-21T19:51:00Z,4384.2998046875,4384.2998046875,4382.60009765625,4383.39990234375,116.0,yahoo,GC=F
2026-09-21T19:52:00Z,4383.39990234375,4384.2001953125,4383.10009765625,4384.0,83.0,yahoo,GC=F
2026-09-21T19:53:00Z,4383.89990234375,4384.10009765625,4382.7998046875,4383.2998046875,75.0,yahoo,GC=F
2026-09-21T19:54:00Z,4383.10009765625,4384.2001953125,4383.10009765625,4384.2001953125,47.0,yahoo,GC=F
2026-09-21T19:55:00Z,4384.2998046875,4384.2998046875,4382.89990234375,4383.5,74.0,yahoo,GC=F
2026-09-21T19:56:00Z,4383.39990234375,4383.60009765625,4382.89990234375,4383.2998046875,43.0,yahoo,GC=F
2026-09-21T19:57:00Z,4383.39990234375,4384.10009765625,4383.2998046875,4383.5,39.0,yahoo,GC=F
2026-09-21T19:58:00Z,4383.5,4384.2001953125,4383.2001953125,4383.2001953125,65.0,yahoo,GC=F
2026-09-21T19:59:00Z,4383.2001953125,4383.5,4382.39990234375,4383.0,104.0,yahoo,GC=F
2026-09-21T20:00:00Z,4383.0,4383.2998046875,4380.10009765625,4380.39990234375,203.0,yahoo,GC=F
2026-09-21T20:01:00Z,4380.5,4381.10009765625,4379.5,4380.7001953125,114.0,yahoo,GC=F
2026-09-21T20:02:00Z,4380.5,4380.60009765625,4380.10009765625,4380.60009765625,12.0,yahoo,GC=F
2026-09-21T20:03:00Z,4380.39990234375,4381.2001953125,4380.39990234375,4381.2001953125,27.0,yahoo,GC=F
2026-09-21T20:04:00Z,4381.0,4381.0,4380.7001953125,4380.7001953125,4.0,yahoo,GC=F
2026-09-21T20:05:00Z,4381.2001953125,4381.7001953125,4381.2001953125,4381.7001953125,22.0,yahoo,GC=F
2026-09-21T20:06:00Z,4381.60009765625,4381.7998046875,4381.39990234375,4381.7001953125,10.0,yahoo,GC=F
2026-09-21T20:07:00Z,4381.7998046875,4382.0,4381.2998046875,4381.2998046875,15.0,yahoo,GC=F
2026-09-21T20:08:00Z,4381.7998046875,4381.89990234375,4381.7001953125,4381.7998046875,7.0,yahoo,GC=F
2026-09-21T20:09:00Z,4381.7001953125,4381.7998046875,4381.39990234375,4381.39990234375,11.0,yahoo,GC=F
2026-09-21T20:10:00Z,4381.7001953125,4382.0,4381.60009765625,4382.0,3.0,yahoo,GC=F
2026-09-21T20:11:00Z,4382.0,4382.0,4381.39990234375,4381.5,24.0,yahoo,GC=F
2026-09-21T20:12:00Z,4381.5,4381.5,4380.60009765625,4380.7001953125,17.0,yahoo,GC=F
2026-09-21T20:13:00Z,4380.7001953125,4380.7998046875,4380.5,4380.7998046875,17.0,yahoo,GC=F
2026-09-21T20:14:00Z,4380.7998046875,4380.7998046875,4379.5,4379.60009765625,25.0,yahoo,GC=F
2026-09-21T20:15:00Z,4379.7998046875,4379.7998046875,4378.89990234375,4379.0,44.0,yahoo,GC=F
2026-09-21T20:16:00Z,4379.2001953125,4379.2998046875,4378.39990234375,4378.5,40.0,yahoo,GC=F
2026-09-21T20:17:00Z,4378.5,4378.7001953125,4378.2998046875,4378.5,29.0,yahoo,GC=F
2026-09-21T20:18:00Z,4378.60009765625,4379.10009765625,4378.5,4378.5,22.0,yahoo,GC=F
2026-09-21T20:19:00Z,4378.60009765625,4378.7998046875,4378.60009765625,4378.7998046875,3.0,yahoo,GC=F
2026-09-21T20:20:00Z,4378.7998046875,4379.60009765625,4378.7001953125,4379.0,34.0,yahoo,GC=F
2026-09-21T20:21:00Z,4379.10009765625,4379.7001953125,4379.10009765625,4379.7001953125,12.0,yahoo,GC=F
2026-09-21T20:22:00Z,4379.7001953125,4379.89990234375,4379.60009765625,4379.60009765625,7.0,yahoo,GC=F
2026-09-21T20:23:00Z,4379.7001953125,4379.7001953125,4379.10009765625,4379.10009765625,6.0,yahoo,GC=F
2026-09-21T20:24:00Z,4378.7998046875,4378.89990234375,4378.5,4378.7998046875,11.0,yahoo,GC=F
2026-09-21T20:25:00Z,4378.7998046875,4379.0,4378.7998046875,4378.89990234375,8.0,yahoo,GC=F
2026-09-21T20:26:00Z,4378.7001953125,4379.5,4378.7001953125,4379.39990234375,14.0,yahoo,GC=F
2026-09-21T20:27:00Z,4379.2998046875,4379.39990234375,4379.0,4379.39990234375,10.0,yahoo,GC=F
2026-09-21T20:28:00Z,4379.39990234375,4379.39990234375,4379.0,4379.0,20.0,yahoo,GC=F
2026-09-21T20:29:00Z,4379.10009765625,4379.10009765625,4378.0,4378.7001953125,34.0,yahoo,GC=F
2026-09-21T20:30:00Z,4378.5,4378.5,4378.10009765625,4378.10009765625,8.0,yahoo,GC=F
2026-09-21T20:31:00Z,4378.0,4378.2001953125,4377.2998046875,4378.2001953125,20.0,yahoo,GC=F
2026-09-21T20:32:00Z,4378.5,4378.5,4378.2001953125,4378.2001953125,4.0,yahoo,GC=F
2026-09-21T20:33:00Z,4378.10009765625,4378.10009765625,4378.10009765625,4378.10009765625,6.0,yahoo,GC=F
2026-09-21T20:34:00Z,4378.2001953125,4378.7001953125,4378.0,4378.7001953125,27.0,yahoo,GC=F
2026-09-21T20:35:00Z,4378.7001953125,4380.0,4378.60009765625,4379.10009765625,27.0,yahoo,GC=F
2026-09-21T20:36:00Z,4379.10009765625,4379.2001953125,4378.7001953125,4379.2001953125,15.0,yahoo,GC=F
2026-09-21T20:37:00Z,4379.10009765625,4379.60009765625,4379.10009765625,4379.60009765625,13.0,yahoo,GC=F
2026-09-21T20:38:00Z,4379.7998046875,4380.2998046875,4379.60009765625,4380.2998046875,15.0,yahoo,GC=F
2026-09-21T20:39:00Z,4380.10009765625,4380.2998046875,4379.7998046875,4380.0,16.0,yahoo,GC=F
2026-09-21T20:40:00Z,4380.2001953125,4381.10009765625,4380.10009765625,4380.7001953125,11.0,yahoo,GC=F
2026-09-21T20:41:00Z,4380.7998046875,4380.7998046875,4380.60009765625,4380.60009765625,2.0,yahoo,GC=F
2026-09-21T20:42:00Z,4380.5,4380.5,4380.2001953125,4380.2001953125,14.0,yahoo,GC=F
2026-09-21T20:43:00Z,4380.10009765625,4380.2001953125,4379.60009765625,4380.2001953125,22.0,yahoo,GC=F
2026-09-21T20:44:00Z,4379.7001953125,4380.2001953125,4379.7001953125,4380.10009765625,10.0,yahoo,GC=F
2026-09-21T20:45:00Z,4380.39990234375,4380.39990234375,4379.7001953125,4379.7001953125,20.0,yahoo,GC=F
2026-09-21T20:46:00Z,4379.7001953125,4380.2001953125,4379.39990234375,4379.39990234375,46.0,yahoo,GC=F
2026-09-21T20:47:00Z,4379.39990234375,4379.39990234375,4378.7001953125,4379.0,39.0,yahoo,GC=F
2026-09-21T20:48:00Z,4379.2998046875,4379.7998046875,4379.2998046875,4379.7998046875,14.0,yahoo,GC=F
2026-09-21T20:49:00Z,4379.89990234375,4379.89990234375,4379.2998046875,4379.7001953125,12.0,yahoo,GC=F
2026-09-21T20:50:00Z,4379.7998046875,4380.39990234375,4379.7001953125,4380.2998046875,35.0,yahoo,GC=F
2026-09-21T20:51:00Z,4380.39990234375,4381.2998046875,4380.39990234375,4381.2998046875,22.0,yahoo,GC=F
2026-09-21T20:52:00Z,4381.0,4381.60009765625,4381.0,4381.39990234375,16.0,yahoo,GC=F
2026-09-21T20:53:00Z,4381.5,4382.2998046875,4381.5,4382.2998046875,23.0,yahoo,GC=F
2026-09-21T20:54:00Z,4382.0,4382.0,4381.5,4381.89990234375,37.0,yahoo,GC=F
2026-09-21T20:55:00Z,4382.0,4382.2001953125,4381.39990234375,4381.89990234375,32.0,yahoo,GC=F
2026-09-21T20:56:00Z,4381.89990234375,4382.2001953125,4381.5,4382.2001953125,32.0,yahoo,GC=F
2026-09-21T20:57:00Z,4382.0,4382.2001953125,4381.39990234375,4381.7001953125,38.0,yahoo,GC=F
2026-09-21T20:58:00Z,4381.7001953125,4382.0,4381.60009765625,4381.7998046875,31.0,yahoo,GC=F
2026-09-21T20:59:00Z,4381.5,4381.89990234375,4381.0,4381.0,25.0,yahoo,GC=F
2026-09-21T22:00:00Z,4382.5,4386.5,4382.0,4385.89990234375,0.0,yahoo,GC=F
2026-09-21T22:01:00Z,4386.10009765625,4386.2001953125,4384.7998046875,4385.10009765625,54.0,yahoo,GC=F
2026-09-21T22:02:00Z,4385.60009765625,4386.2998046875,4385.0,4386.2001953125,30.0,yahoo,GC=F
2026-09-21T22:03:00Z,4386.2001953125,4386.2998046875,4385.5,4385.5,26.0,yahoo,GC=F
2026-09-21T22:04:00Z,4385.7998046875,4386.0,4385.5,4385.89990234375,43.0,yahoo,GC=F
2026-09-21T22:05:00Z,4385.60009765625,4385.60009765625,4384.60009765625,4384.60009765625,28.0,yahoo,GC=F
2026-09-21T22:06:00Z,4384.2998046875,4384.39990234375,4384.0,4384.10009765625,17.0,yahoo,GC=F
2026-09-21T22:07:00Z,4384.2001953125,4386.39990234375,4384.2001953125,4386.39990234375,38.0,yahoo,GC=F
2026-09-21T22:08:00Z,4386.5,4387.60009765625,4386.5,4387.10009765625,62.0,yahoo,GC=F
2026-09-21T22:09:00Z,4387.60009765625,4387.60009765625,4386.2001953125,4386.60009765625,27.0,yahoo,GC=F
2026-09-21T22:10:00Z,4387.0,4387.2001953125,4386.39990234375,4387.10009765625,27.0,yahoo,GC=F
2026-09-21T22:11:00Z,4387.2998046875,4387.5,4387.0,4387.5,9.0,yahoo,GC=F
2026-09-21T22:12:00Z,4387.60009765625,4387.7998046875,4387.39990234375,4387.60009765625,10.0,yahoo,GC=F
2026-09-21T22:13:00Z,4387.39990234375,4388.0,4387.39990234375,4388.0,13.0,yahoo,GC=F
2026-09-21T22:14:00Z,4387.7998046875,4388.2001953125,4386.89990234375,4387.0,18.0,yahoo,GC=F
2026-09-21T22:15:00Z,4387.2998046875,4387.89990234375,4386.7998046875,4386.7998046875,56.0,yahoo,GC=F
2026-09-21T22:16:00Z,4386.7998046875,4387.60009765625,4386.7998046875,4387.10009765625,22.0,yahoo,GC=F
2026-09-21T22:17:00Z,4387.2998046875,4389.2001953125,4386.7998046875,4388.89990234375,54.0,yahoo,GC=F
2026-09-21T22:18:00Z,4389.2001953125,4389.7001953125,4388.60009765625,4389.2001953125,39.0,yahoo,GC=F
2026-09-21T22:19:00Z,4388.89990234375,4390.2001953125,4388.39990234375,4389.7001953125,148.0,yahoo,GC=F
2026-09-21T22:20:00Z,4390.10009765625,4390.39990234375,4388.89990234375,4388.89990234375,38.0,yahoo,GC=F
2026-09-21T22:21:00Z,4388.89990234375,4389.7998046875,4388.89990234375,4389.2998046875,20.0,yahoo,GC=F
2026-09-21T22:22:00Z,4389.10009765625,4389.7001953125,4388.5,4388.89990234375,24.0,yahoo,GC=F
2026-09-21T22:23:00Z,4389.0,4389.2998046875,4388.60009765625,4389.2998046875,69.0,yahoo,GC=F
2026-09-21T22:24:00Z,4389.39990234375,4389.89990234375,4389.0,4389.89990234375,81.0,yahoo,GC=F
2026-09-21T22:25:00Z,4389.89990234375,4390.39990234375,4388.0,4388.89990234375,116.0,yahoo,GC=F
2026-09-21T22:26:00Z,4388.89990234375,4389.2001953125,4387.89990234375,4389.2001953125,111.0,yahoo,GC=F
2026-09-21T22:27:00Z,4389.0,4389.2998046875,4387.60009765625,4388.39990234375,181.0,yahoo,GC=F
2026-09-21T22:28:00Z,4388.7998046875,4390.2998046875,4388.10009765625,4388.89990234375,60.0,yahoo,GC=F
2026-09-21T22:29:00Z,4388.89990234375,4390.10009765625,4388.89990234375,4390.10009765625,27.0,yahoo,GC=F
2026-09-21T22:30:00Z,4390.2998046875,4390.7001953125,4389.7001953125,4390.0,52.0,yahoo,GC=F
2026-09-21T22:31:00Z,4390.2998046875,4390.5,4389.0,4389.0,29.0,yahoo,GC=F
2026-09-21T22:32:00Z,4389.2998046875,4389.2998046875,4388.7001953125,4389.0,17.0,yahoo,GC=F
2026-09-21T22:33:00Z,4389.2998046875,4389.89990234375,4388.7001953125,4389.39990234375,30.0,yahoo,GC=F
2026-09-21T22:34:00Z,4389.60009765625,4389.60009765625,4388.89990234375,4389.0,4.0,yahoo,GC=F
2026-09-21T22:35:00Z,4389.10009765625,4389.60009765625,4389.0,4389.39990234375,8.0,yahoo,GC=F
2026-09-21T22:36:00Z,4388.89990234375,4389.60009765625,4388.7998046875,4389.39990234375,16.0,yahoo,GC=F
2026-09-21T22:37:00Z,4389.60009765625,4389.89990234375,4389.2001953125,4389.7998046875,47.0,yahoo,GC=F
2026-09-21T22:38:00Z,4389.7001953125,4389.7001953125,4389.10009765625,4389.39990234375,25.0,yahoo,GC=F
2026-09-21T22:39:00Z,4389.39990234375,4389.60009765625,4389.10009765625,4389.5,27.0,yahoo,GC=F
2026-09-21T22:40:00Z,4389.5,4389.5,4389.0,4389.0,9.0,yahoo,GC=F
2026-09-21T22:41:00Z,4389.10009765625,4390.5,4389.0,4390.5,13.0,yahoo,GC=F
2026-09-21T22:42:00Z,4390.2998046875,4390.39990234375,4389.60009765625,4390.0,27.0,yahoo,GC=F
2026-09-21T22:43:00Z,4389.89990234375,4390.2001953125,4389.89990234375,4390.2001953125,12.0,yahoo,GC=F
2026-09-21T22:44:00Z,4390.2998046875,4390.39990234375,4389.7998046875,4389.89990234375,23.0,yahoo,GC=F
2026-09-21T22:45:00Z,4390.2001953125,4392.7001953125,4390.2001953125,4392.39990234375,188.0,yahoo,GC=F
2026-09-21T22:46:00Z,4392.10009765625,4392.89990234375,4391.89990234375,4392.2001953125,94.0,yahoo,GC=F
2026-09-21T22:47:00Z,4392.0,4395.7001953125,4391.7998046875,4395.2998046875,79.0,yahoo,GC=F
2026-09-21T22:48:00Z,4395.2001953125,4396.89990234375,4394.7001953125,4396.89990234375,48.0,yahoo,GC=F
2026-09-21T22:49:00Z,4396.60009765625,4397.2001953125,4396.60009765625,4397.0,27.0,yahoo,GC=F
2026-09-21T22:50:00Z,4397.0,4397.89990234375,4397.0,4397.60009765625,44.0,yahoo,GC=F
2026-09-21T22:51:00Z,4397.60009765625,4399.39990234375,4397.60009765625,4398.7998046875,95.0,yahoo,GC=F
2026-09-21T22:52:00Z,4398.39990234375,4399.39990234375,4398.2998046875,4399.2998046875,43.0,yahoo,GC=F
2026-09-21T22:53:00Z,4399.39990234375,4399.7001953125,4398.89990234375,4399.10009765625,38.0,yahoo,GC=F
2026-09-21T22:54:00Z,4399.10009765625,4400.2998046875,4399.0,4399.89990234375,33.0,yahoo,GC=F
2026-09-21T22:55:00Z,4400.10009765625,4401.39990234375,4399.7998046875,4401.0,71.0,yahoo,GC=F
2026-09-21T22:56:00Z,4401.2001953125,4402.5,4400.2001953125,4400.7001953125,121.0,yahoo,GC=F
2026-09-21T22:57:00Z,4400.7998046875,4402.7998046875,4400.7998046875,4402.39990234375,115.0,yahoo,GC=F
2026-09-21T22:58:00Z,4402.5,4402.5,4401.39990234375,4401.60009765625,45.0,yahoo,GC=F
2026-09-21T22:59:00Z,4401.7998046875,4402.0,4398.39990234375,4398.7001953125,300.0,yahoo,GC=F
2026-09-21T23:00:00Z,4398.7001953125,4401.0,4397.60009765625,4400.7998046875,240.0,yahoo,GC=F
2026-09-21T23:01:00Z,4400.89990234375,4401.10009765625,4399.2001953125,4400.2001953125,15.0,yahoo,GC=F
2026-09-21T23:02:00Z,4400.5,4401.7001953125,4400.2998046875,4401.2998046875,75.0,yahoo,GC=F
2026-09-21T23:03:00Z,4401.5,4403.7001953125,4401.5,4403.0,131.0,yahoo,GC=F
2026-09-21T23:04:00Z,4403.10009765625,4403.2001953125,4402.60009765625,4403.0,45.0,yahoo,GC=F
2026-09-21T23:05:00Z,4402.7001953125,4402.7001953125,4401.10009765625,4401.5,21.0,yahoo,GC=F
2026-09-21T23:06:00Z,4401.39990234375,4402.0,4401.2998046875,4401.60009765625,20.0,yahoo,GC=F
2026-09-21T23:07:00Z,4401.5,4401.7001953125,4400.7998046875,4401.2001953125,32.0,yahoo,GC=F
2026-09-21T23:08:00Z,4401.2998046875,4401.7001953125,4401.0,4401.2998046875,20.0,yahoo,GC=F
2026-09-21T23:09:00Z,4401.2001953125,4402.2001953125,4400.89990234375,4402.2001953125,62.0,yahoo,GC=F
2026-09-21T23:10:00Z,4401.7001953125,4402.2998046875,4401.39990234375,4402.10009765625,84.0,yahoo,GC=F
2026-09-21T23:11:00Z,4402.2998046875,4403.39990234375,4402.10009765625,4403.10009765625,41.0,yahoo,GC=F
2026-09-21T23:12:00Z,4403.39990234375,4403.7001953125,4399.7001953125,4400.10009765625,133.0,yahoo,GC=F
2026-09-21T23:13:00Z,4400.5,4401.2001953125,4399.10009765625,4399.10009765625,42.0,yahoo,GC=F
2026-09-21T23:14:00Z,4399.39990234375,4399.39990234375,4397.2001953125,4397.2001953125,196.0,yahoo,GC=F
2026-09-21T23:15:00Z,4397.39990234375,4400.5,4397.2998046875,4399.89990234375,95.0,yahoo,GC=F
2026-09-21T23:16:00Z,4400.10009765625,4402.10009765625,4400.10009765625,4401.10009765625,105.0,yahoo,GC=F
2026-09-21T23:17:00Z,4401.39990234375,4401.89990234375,4399.2998046875,4399.89990234375,138.0,yahoo,GC=F
2026-09-21T23:18:00Z,4400.10009765625,4401.2998046875,4400.0,4400.7998046875,64.0,yahoo,GC=F
2026-09-21T23:19:00Z,4400.7998046875,4401.2998046875,4397.89990234375,4399.2001953125,102.0,yahoo,GC=F
2026-09-21T23:20:00Z,4398.89990234375,4398.89990234375,4396.2001953125,4397.89990234375,157.0,yahoo,GC=F
2026-09-21T23:21:00Z,4397.89990234375,4398.5,4396.39990234375,4398.0,138.0,yahoo,GC=F
2026-09-21T23:22:00Z,4398.2998046875,4399.2998046875,4398.2998046875,4398.89990234375,29.0,yahoo,GC=F
2026-09-21T23:23:00Z,4398.7998046875,4399.2001953125,4397.7001953125,4398.7998046875,60.0,yahoo,GC=F
2026-09-21T23:24:00Z,4399.5,4399.5,4399.5,4399.5,0.0,yahoo,GC=F
