timestamp_utc,open,high,low,close,volume,source,symbol
2026-09-30T00:00:00Z,4216.7001953125,4219.5,4216.7001953125,4219.10009765625,111.0,yahoo,GC=F
2026-09-30T00:01:00Z,4219.2001953125,4219.2998046875,4217.89990234375,4219.10009765625,47.0,yahoo,GC=F
2026-09-30T00:02:00Z,4218.60009765625,4218.60009765625,4216.10009765625,4216.10009765625,44.0,yahoo,GC=F
2026-09-30T00:03:00Z,4215.89990234375,4216.60009765625,4215.2001953125,4215.2001953125,78.0,yahoo,GC=F
2026-09-30T00:04:00Z,4215.10009765625,4215.7998046875,4214.7001953125,4215.5,29.0,yahoo,GC=F
2026-09-30T00:05:00Z,4215.2001953125,4216.0,4214.89990234375,4215.7001953125,35.0,yahoo,GC=F
2026-09-30T00:06:00Z,4215.60009765625,4217.2998046875,4215.60009765625,4216.2998046875,47.0,yahoo,GC=F
2026-09-30T00:07:00Z,4216.2998046875,4217.2001953125,4215.89990234375,4217.10009765625,54.0,yahoo,GC=F
2026-09-30T00:08:00Z,4217.0,4217.0,4216.7001953125,4216.7001953125,2.0,yahoo,GC=F
2026-09-30T00:09:00Z,4217.0,4217.2998046875,4216.7001953125,4216.7998046875,26.0,yahoo,GC=F
2026-09-30T00:10:00Z,4217.10009765625,4217.39990234375,4216.7001953125,4216.7001953125,10.0,yahoo,GC=F
2026-09-30T00:11:00Z,4216.7001953125,4217.2001953125,4216.39990234375,4216.7998046875,13.0,yahoo,GC=F
2026-09-30T00:12:00Z,4217.2001953125,4217.5,4217.2001953125,4217.5,5.0,yahoo,GC=F
2026-09-30T00:13:00Z,4217.7001953125,4217.7998046875,4216.89990234375,4217.0,24.0,yahoo,GC=F
2026-09-30T00:14:00Z,4216.60009765625,4216.60009765625,4215.5,4216.0,35.0,yahoo,GC=F
2026-09-30T00:15:00Z,4215.7998046875,4216.7998046875,4214.7998046875,4215.89990234375,58.0,yahoo,GC=F
2026-09-30T00:16:00Z,4215.2998046875,4215.2998046875,4214.0,4214.2998046875,43.0,yahoo,GC=F
2026-09-30T00:17:00Z,4214.2998046875,4214.89990234375,4213.2001953125,4213.39990234375,46.0,yahoo,GC=F
2026-09-30T00:18:00Z,4213.7001953125,4215.7998046875,4213.7001953125,4215.5,39.0,yahoo,GC=F
2026-09-30T00:19:00Z,4215.60009765625,4215.7001953125,4214.10009765625,4214.10009765625,59.0,yahoo,GC=F
2026-09-30T00:20:00Z,4214.39990234375,4215.0,4213.7001953125,4214.7998046875,44.0,yahoo,GC=F
2026-09-30T00:21:00Z,4214.7001953125,4216.0,4214.7001953125,4215.60009765625,14.0,yahoo,GC=F
2026-09-30T00:22:00Z,4214.5,4214.5,4212.7998046875,4213.5,48.0,yahoo,GC=F
2026-09-30T00:23:00Z,4213.7998046875,4213.7998046875,4213.2998046875,4213.60009765625,38.0,yahoo,GC=F
2026-09-30T00:24:00Z,4213.5,4214.0,4213.5,4213.7998046875,21.0,yahoo,GC=F
2026-09-30T00:25:00Z,4213.60009765625,4214.7001953125,4213.10009765625,4214.5,24.0,yahoo,GC=F
2026-09-30T00:26:00Z,4214.0,4214.39990234375,4213.60009765625,4214.39990234375,13.0,yahoo,GC=F
2026-09-30T00:27:00Z,4214.0,4214.0,4213.39990234375,4214.0,11.0,yahoo,GC=F
2026-09-30T00:28:00Z,4213.7998046875,4214.5,4213.60009765625,4214.5,29.0,yahoo,GC=F
2026-09-30T00:29:00Z,4214.7001953125,4215.10009765625,4214.2001953125,4214.60009765625,37.0,yahoo,GC=F
2026-09-30T00:30:00Z,4214.0,4215.5,4214.0,4215.0,25.0,yahoo,GC=F
2026-09-30T00:31:00Z,4214.7998046875,4215.10009765625,4213.89990234375,4213.89990234375,31.0,yahoo,GC=F
2026-09-30T00:32:00Z,4213.89990234375,4214.5,4212.0,4212.39990234375,116.0,yahoo,GC=F
2026-09-30T00:33:00Z,4212.2998046875,4214.7998046875,4212.2001953125,4214.7998046875,46.0,yahoo,GC=F
2026-09-30T00:34:00Z,4214.89990234375,4215.89990234375,4213.7001953125,4214.5,78.0,yahoo,GC=F
2026-09-30T00:35:00Z,4214.5,4215.7998046875,4212.2998046875,4212.39990234375,76.0,yahoo,GC=F
2026-09-30T00:36:00Z,4212.2998046875,4212.60009765625,4211.60009765625,4212.10009765625,67.0,yahoo,GC=F
2026-09-30T00:37:00Z,4211.89990234375,4211.89990234375,4210.2998046875,4210.7998046875,58.0,yahoo,GC=F
2026-09-30T00:38:00Z,4210.89990234375,4211.39990234375,4210.7001953125,4211.0,22.0,yahoo,GC=F
2026-09-30T00:39:00Z,4210.7998046875,4211.5,4210.7998046875,4210.89990234375,27.0,yahoo,GC=F
2026-09-30T00:40:00Z,4210.89990234375,4212.5,4210.7998046875,4211.89990234375,21.0,yahoo,GC=F
2026-09-30T00:41:00Z,4212.10009765625,4213.2998046875,4211.60009765625,4211.7998046875,39.0,yahoo,GC=F
2026-09-30T00:42:00Z,4211.89990234375,4212.0,4211.2001953125,4212.0,22.0,yahoo,GC=F
2026-09-30T00:43:00Z,4211.5,4211.5,4209.7001953125,4210.2998046875,58.0,yahoo,GC=F
2026-09-30T00:44:00Z,4210.2998046875,4210.39990234375,4209.7998046875,4210.39990234375,24.0,yahoo,GC=F
2026-09-30T00:45:00Z,4210.7001953125,4210.89990234375,4210.0,4210.7001953125,51.0,yahoo,GC=F
2026-09-30T00:46:00Z,4210.39990234375,4211.2998046875,4209.2001953125,4211.2998046875,61.0,yahoo,GC=F
2026-09-30T00:47:00Z,4211.0,4211.2001953125,4210.2998046875,4210.5,65.0,yahoo,GC=F
2026-09-30T00:48:00Z,4210.5,4210.5,4209.0,4209.60009765625,25.0,yahoo,GC=F
2026-09-30T00:49:00Z,4209.0,4209.89990234375,4208.7998046875,4209.5,17.0,yahoo,GC=F
2026-09-30T00:50:00Z,4209.10009765625,4209.2998046875,4208.2998046875,4209.2998046875,47.0,yahoo,GC=F
2026-09-30T00:51:00Z,4209.60009765625,4211.7001953125,4209.60009765625,4211.0,71.0,yahoo,GC=F
2026-09-30T00:52:00Z,4211.10009765625,4211.10009765625,4210.7001953125,4211.0,33.0,yahoo,GC=F
2026-09-30T00:53:00Z,4210.89990234375,4211.2998046875,4210.5,4210.89990234375,25.0,yahoo,GC=F
2026-09-30T00:54:00Z,4210.89990234375,4210.89990234375,4209.5,4209.60009765625,65.0,yahoo,GC=F
2026-09-30T00:55:00Z,4209.7998046875,4211.7001953125,4209.7001953125,4211.10009765625,32.0,yahoo,GC=F
2026-09-30T00:56:00Z,4211.0,4211.2001953125,4211.0,4211.0,10.0,yahoo,GC=F
2026-09-30T00:57:00Z,4211.10009765625,4211.2998046875,4210.60009765625,4211.2998046875,11.0,yahoo,GC=F
2026-09-30T00:58:00Z,4211.2998046875,4211.2998046875,4210.2001953125,4210.39990234375,30.0,yahoo,GC=F
2026-09-30T00:59:00Z,4209.89990234375,4209.89990234375,4208.10009765625,4208.10009765625,49.0,yahoo,GC=F
2026-09-30T01:00:00Z,4208.2998046875,4211.5,4206.7998046875,4211.5,333.0,yahoo,GC=F
2026-09-30T01:01:00Z,4211.5,4213.2998046875,4210.60009765625,4211.5,130.0,yahoo,GC=F
2026-09-30T01:02:00Z,4212.2998046875,4212.7998046875,4210.60009765625,4211.5,57.0,yahoo,GC=F
2026-09-30T01:03:00Z,4210.5,4210.5,4208.0,4208.7001953125,111.0,yahoo,GC=F
2026-09-30T01:04:00Z,4208.89990234375,4210.89990234375,4208.89990234375,4210.89990234375,34.0,yahoo,GC=F
2026-09-30T01:05:00Z,4210.7998046875,4211.10009765625,4209.5,4209.7001953125,39.0,yahoo,GC=F
2026-09-30T01:06:00Z,4209.0,4209.0,4207.2001953125,4208.39990234375,39.0,yahoo,GC=F
2026-09-30T01:07:00Z,4208.2001953125,4208.7998046875,4207.0,4208.0,37.0,yahoo,GC=F
2026-09-30T01:08:00Z,4207.60009765625,4207.60009765625,4205.60009765625,4206.2998046875,133.0,yahoo,GC=F
2026-09-30T01:09:00Z,4206.39990234375,4207.2001953125,4206.10009765625,4206.39990234375,40.0,yahoo,GC=F
2026-09-30T01:10:00Z,4206.60009765625,4207.0,4203.5,4203.60009765625,142.0,yahoo,GC=F
2026-09-30T01:11:00Z,4204.0,4206.7998046875,4203.89990234375,4206.39990234375,94.0,yahoo,GC=F
2026-09-30T01:12:00Z,4206.2001953125,4207.2998046875,4205.2998046875,4205.2998046875,55.0,yahoo,GC=F
2026-09-30T01:13:00Z,4205.5,4205.60009765625,4204.10009765625,4204.39990234375,65.0,yahoo,GC=F
2026-09-30T01:14:00Z,4204.7001953125,4204.7001953125,4203.7001953125,4204.10009765625,30.0,yahoo,GC=F
2026-09-30T01:15:00Z,4204.0,4205.2001953125,4203.39990234375,4204.89990234375,80.0,yahoo,GC=F
2026-09-30T01:16:00Z,4204.7001953125,4205.2998046875,4204.60009765625,4204.7998046875,25.0,yahoo,GC=F
2026-09-30T01:17:00Z,4205.0,4206.39990234375,4204.39990234375,4204.60009765625,143.0,yahoo,GC=F
2026-09-30T01:18:00Z,4205.0,4205.0,4202.7001953125,4203.0,61.0,yahoo,GC=F
2026-09-30T01:19:00Z,4202.60009765625,4203.60009765625,4202.2998046875,4203.10009765625,103.0,yahoo,GC=F
2026-09-30T01:20:00Z,4203.0,4203.0,4201.39990234375,4202.2998046875,133.0,yahoo,GC=F
2026-09-30T01:21:00Z,4202.10009765625,4203.89990234375,4202.10009765625,4203.0,53.0,yahoo,GC=F
2026-09-30T01:22:00Z,4203.10009765625,4203.2998046875,4201.2998046875,4201.89990234375,40.0,yahoo,GC=F
2026-09-30T01:23:00Z,4201.7998046875,4201.7998046875,4200.60009765625,4200.89990234375,65.0,yahoo,GC=F
2026-09-30T01:24:00Z,4200.89990234375,4202.2998046875,4200.39990234375,4201.7998046875,135.0,yahoo,GC=F
2026-09-30T01:25:00Z,4201.7001953125,4202.2998046875,4201.10009765625,4202.0,68.0,yahoo,GC=F
2026-09-30T01:26:00Z,4201.89990234375,4201.89990234375,4200.5,4200.7998046875,50.0,yahoo,GC=F
2026-09-30T01:27:00Z,4200.60009765625,4201.2001953125,4200.60009765625,4200.7998046875,47.0,yahoo,GC=F
2026-09-30T01:28:00Z,4200.7998046875,4201.2998046875,4199.7998046875,4201.2998046875,185.0,yahoo,GC=F
2026-09-30T01:29:00Z,4201.10009765625,4201.2998046875,4199.2998046875,4199.39990234375,125.0,yahoo,GC=F
2026-09-30T01:30:00Z,4199.39990234375,4204.60009765625,4198.60009765625,4203.89990234375,373.0,yahoo,GC=F
2026-09-30T01:31:00Z,4203.89990234375,4205.0,4203.39990234375,4203.7001953125,142.0,yahoo,GC=F
2026-09-30T01:32:00Z,4203.7998046875,4203.89990234375,4202.2001953125,4203.5,57.0,yahoo,GC=F
2026-09-30T01:33:00Z,4203.39990234375,4203.7998046875,4201.60009765625,4203.10009765625,94.0,yahoo,GC=F
2026-09-30T01:34:00Z,4203.2001953125,4203.7998046875,4200.5,4201.0,54.0,yahoo,GC=F
2026-09-30T01:35:00Z,4201.0,4203.0,4200.89990234375,4202.60009765625,45.0,yahoo,GC=F
2026-09-30T01:36:00Z,4203.2001953125,4203.2001953125,4201.7001953125,4202.2001953125,57.0,yahoo,GC=F
2026-09-30T01:37:00Z,4201.60009765625,4203.2001953125,4201.0,4201.0,60.0,yahoo,GC=F
2026-09-30T01:38:00Z,4201.0,4201.5,4199.39990234375,4199.7998046875,42.0,yahoo,GC=F
2026-09-30T01:39:00Z,4199.89990234375,4200.39990234375,4199.60009765625,4200.39990234375,29.0,yahoo,GC=F
2026-09-30T01:40:00Z,4200.39990234375,4201.2998046875,4200.2998046875,4200.60009765625,33.0,yahoo,GC=F
2026-09-30T01:41:00Z,4200.7998046875,4201.2998046875,4200.60009765625,4201.2998046875,18.0,yahoo,GC=F
2026-09-30T01:42:00Z,4200.7998046875,4201.7001953125,4200.10009765625,4200.10009765625,40.0,yahoo,GC=F
2026-09-30T01:43:00Z,4200.10009765625,4201.60009765625,4199.2001953125,4200.7998046875,76.0,yahoo,GC=F
2026-09-30T01:44:00Z,4200.60009765625,4201.7001953125,4200.5,4200.89990234375,65.0,yahoo,GC=F
2026-09-30T01:45:00Z,4200.60009765625,4200.60009765625,4199.39990234375,4200.10009765625,71.0,yahoo,GC=F
2026-09-30T01:46:00Z,4200.2001953125,4202.0,4200.2001953125,4201.0,34.0,yahoo,GC=F
2026-09-30T01:47:00Z,4201.60009765625,4203.2998046875,4201.5,4203.2998046875,63.0,yahoo,GC=F
2026-09-30T01:48:00Z,4203.0,4203.0,4200.89990234375,4201.0,68.0,yahoo,GC=F
2026-09-30T01:49:00Z,4201.10009765625,4202.2998046875,4200.7998046875,4202.2998046875,45.0,yahoo,GC=F
2026-09-30T01:50:00Z,4202.2001953125,4203.2001953125,4201.60009765625,4202.7998046875,44.0,yahoo,GC=F
2026-09-30T01:51:00Z,4202.60009765625,4202.7998046875,4201.60009765625,4202.39990234375,25.0,yahoo,GC=F
2026-09-30T01:52:00Z,4202.2998046875,4202.89990234375,4201.89990234375,4202.10009765625,23.0,yahoo,GC=F
2026-09-30T01:53:00Z,4202.7001953125,4203.60009765625,4202.7001953125,4202.7001953125,39.0,yahoo,GC=F
2026-09-30T01:54:00Z,4202.7998046875,4203.7998046875,4202.10009765625,4203.5,56.0,yahoo,GC=F
2026-09-30T01:55:00Z,4203.5,4203.7998046875,4202.7998046875,4202.7998046875,44.0,yahoo,GC=F
2026-09-30T01:56:00Z,4203.2001953125,4203.7998046875,4202.60009765625,4202.60009765625,25.0,yahoo,GC=F
2026-09-30T01:57:00Z,4203.10009765625,4204.7998046875,4203.0,4204.10009765625,36.0,yahoo,GC=F
2026-09-30T01:58:00Z,4203.5,4203.5,4202.5,4202.7001953125,32.0,yahoo,GC=F
2026-09-30T01:59:00Z,4202.89990234375,4203.7001953125,4202.0,4203.60009765625,34.0,yahoo,GC=F
2026-09-30T02:00:00Z,4203.5,4204.60009765625,4203.2001953125,4204.60009765625,77.0,yahoo,GC=F
2026-09-30T02:01:00Z,4204.5,4206.0,4204.5,4205.39990234375,78.0,yahoo,GC=F
2026-09-30T02:02:00Z,4205.2001953125,4205.5,4204.5,4204.5,39.0,yahoo,GC=F
2026-09-30T02:03:00Z,4204.89990234375,4205.7998046875,4204.5,4205.5,26.0,yahoo,GC=F
2026-09-30T02:04:00Z,4205.39990234375,4205.39990234375,4204.2001953125,4204.89990234375,53.0,yahoo,GC=F
2026-09-30T02:05:00Z,4204.7001953125,4206.60009765625,4204.60009765625,4206.60009765625,75.0,yahoo,GC=F
2026-09-30T02:06:00Z,4206.60009765625,4207.7998046875,4206.5,4207.7001953125,97.0,yahoo,GC=F
2026-09-30T02:07:00Z,4207.7001953125,4209.39990234375,4207.7001953125,4208.89990234375,72.0,yahoo,GC=F
2026-09-30T02:08:00Z,4208.7001953125,4208.7001953125,4207.7998046875,4208.7001953125,43.0,yahoo,GC=F
2026-09-30T02:09:00Z,4208.2001953125,4209.0,4208.2001953125,4208.2001953125,24.0,yahoo,GC=F
2026-09-30T02:10:00Z,4208.10009765625,4209.60009765625,4208.10009765625,4208.10009765625,55.0,yahoo,GC=F
2026-09-30T02:11:00Z,4208.2998046875,4209.0,4206.7998046875,4208.2998046875,106.0,yahoo,GC=F
2026-09-30T02:12:00Z,4208.60009765625,4209.60009765625,4206.7998046875,4207.10009765625,105.0,yahoo,GC=F
2026-09-30T02:13:00Z,4207.10009765625,4208.2001953125,4207.0,4207.7998046875,39.0,yahoo,GC=F
2026-09-30T02:14:00Z,4207.7001953125,4208.39990234375,4207.60009765625,4207.89990234375,15.0,yahoo,GC=F
2026-09-30T02:15:00Z,4208.10009765625,4208.89990234375,4207.7998046875,4208.39990234375,23.0,yahoo,GC=F
2026-09-30T02:16:00Z,4208.2998046875,4209.10009765625,4208.0,4208.60009765625,25.0,yahoo,GC=F
2026-09-30T02:17:00Z,4208.5,4209.60009765625,4208.5,4209.5,25.0,yahoo,GC=F
2026-09-30T02:18:00Z,4209.60009765625,4210.60009765625,4209.10009765625,4210.0,106.0,yahoo,GC=F
2026-09-30T02:19:00Z,4210.2001953125,4210.2998046875,4208.39990234375,4208.60009765625,54.0,yahoo,GC=F
2026-09-30T02:20:00Z,4208.7001953125,4209.7998046875,4208.5,4209.5,41.0,yahoo,GC=F
2026-09-30T02:21:00Z,4209.60009765625,4209.7001953125,4209.2998046875,4209.60009765625,12.0,yahoo,GC=F
2026-09-30T02:22:00Z,4209.39990234375,4210.5,4208.7998046875,4210.5,60.0,yahoo,GC=F
2026-09-30T02:23:00Z,4210.7001953125,4211.7998046875,4209.89990234375,4210.10009765625,59.0,yahoo,GC=F
2026-09-30T02:24:00Z,4209.7998046875,4209.7998046875,4209.0,4209.10009765625,16.0,yahoo,GC=F
2026-09-30T02:25:00Z,4209.0,4209.7998046875,4209.0,4209.39990234375,47.0,yahoo,GC=F
2026-09-30T02:26:00Z,4209.60009765625,4209.89990234375,4207.5,4207.5,82.0,yahoo,GC=F
2026-09-30T02:27:00Z,4207.39990234375,4207.5,4206.89990234375,4207.2001953125,57.0,yahoo,GC=F
2026-09-30T02:28:00Z,4207.10009765625,4208.60009765625,4207.10009765625,4208.2001953125,40.0,yahoo,GC=F
2026-09-30T02:29:00Z,4207.7998046875,4208.10009765625,4207.2001953125,4207.2001953125,18.0,yahoo,GC=F
2026-09-30T02:30:00Z,4206.89990234375,4207.89990234375,4205.10009765625,4205.89990234375,184.0,yahoo,GC=F
2026-09-30T02:31:00Z,4205.89990234375,4206.89990234375,4204.7998046875,4205.10009765625,45.0,yahoo,GC=F
2026-09-30T02:32:00Z,4205.10009765625,4205.7001953125,4202.7001953125,4203.2001953125,82.0,yahoo,GC=F
2026-09-30T02:33:00Z,4203.10009765625,4204.89990234375,4203.10009765625,4204.39990234375,37.0,yahoo,GC=F
2026-09-30T02:34:00Z,4204.7001953125,4205.7998046875,4204.2998046875,4204.5,42.0,yahoo,GC=F
2026-09-30T02:35:00Z,4204.39990234375,4205.5,4204.39990234375,4205.2001953125,18.0,yahoo,GC=F
2026-09-30T02:36:00Z,4205.5,4207.89990234375,4205.39990234375,4207.89990234375,60.0,yahoo,GC=F
2026-09-30T02:37:00Z,4208.0,4209.2001953125,4207.89990234375,4208.2998046875,51.0,yahoo,GC=F
2026-09-30T02:38:00Z,4208.2998046875,4210.2001953125,4208.10009765625,4209.60009765625,60.0,yahoo,GC=F
2026-09-30T02:39:00Z,4209.5,4210.0,4208.39990234375,4208.7998046875,25.0,yahoo,GC=F
2026-09-30T02:40:00Z,4208.89990234375,4209.10009765625,4208.7998046875,4209.0,11.0,yahoo,GC=F
2026-09-30T02:41:00Z,4208.7998046875,4209.10009765625,4207.7998046875,4207.7998046875,52.0,yahoo,GC=F
2026-09-30T02:42:00Z,4207.60009765625,4207.7998046875,4206.7998046875,4207.2998046875,25.0,yahoo,GC=F
2026-09-30T02:43:00Z,4207.39990234375,4208.7001953125,4207.39990234375,4208.2001953125,37.0,yahoo,GC=F
2026-09-30T02:44:00Z,4208.2001953125,4210.10009765625,4208.10009765625,4210.10009765625,137.0,yahoo,GC=F
2026-09-30T02:45:00Z,4210.2001953125,4211.7998046875,4210.2001953125,4211.0,115.0,yahoo,GC=F
2026-09-30T02:46:00Z,4211.39990234375,4214.10009765625,4211.39990234375,4214.10009765625,124.0,yahoo,GC=F
2026-09-30T02:47:00Z,4214.0,4215.5,4213.5,4214.60009765625,126.0,yahoo,GC=F
2026-09-30T02:48:00Z,4214.89990234375,4214.89990234375,4213.7998046875,4214.39990234375,78.0,yahoo,GC=F
2026-09-30T02:49:00Z,4214.39990234375,4214.7998046875,4213.2998046875,4214.2001953125,93.0,yahoo,GC=F
2026-09-30T02:50:00Z,4214.2001953125,4215.5,4214.0,4215.2998046875,71.0,yahoo,GC=F
2026-09-30T02:51:00Z,4215.39990234375,4216.0,4215.2001953125,4215.7001953125,75.0,yahoo,GC=F
2026-09-30T02:52:00Z,4215.5,4216.0,4215.0,4215.2001953125,52.0,yahoo,GC=F
2026-09-30T02:53:00Z,4215.2001953125,4215.7001953125,4213.2998046875,4213.2998046875,40.0,yahoo,GC=F
2026-09-30T02:54:00Z,4213.2998046875,4213.2998046875,4212.2001953125,4212.7001953125,45.0,yahoo,GC=F
2026-09-30T02:55:00Z,4212.89990234375,4213.10009765625,4212.2998046875,4212.7998046875,41.0,yahoo,GC=F
2026-09-30T02:56:00Z,4213.10009765625,4214.2001953125,4213.10009765625,4213.2998046875,27.0,yahoo,GC=F
2026-09-30T02:57:00Z,4213.5,4214.2998046875,4212.60009765625,4212.7998046875,29.0,yahoo,GC=F
2026-09-30T02:58:00Z,4212.7001953125,4213.2998046875,4211.2001953125,4211.5,188.0,yahoo,GC=F
2026-09-30T02:59:00Z,4211.5,4211.60009765625,4209.60009765625,4210.89990234375,316.0,yahoo,GC=F
2026-09-30T03:00:00Z,4211.0,4212.7001953125,4210.89990234375,4212.7001953125,138.0,yahoo,GC=F
2026-09-30T03:01:00Z,4213.0,4213.0,4212.2998046875,4212.60009765625,39.0,yahoo,GC=F
2026-09-30T03:02:00Z,4213.10009765625,4214.0,4212.7998046875,4213.0,45.0,yahoo,GC=F
2026-09-30T03:03:00Z,4213.2998046875,4213.7998046875,4213.2001953125,4213.5,12.0,yahoo,GC=F
2026-09-30T03:04:00Z,4213.60009765625,4214.2001953125,4213.2001953125,4213.60009765625,52.0,yahoo,GC=F
2026-09-30T03:05:00Z,4213.7001953125,4213.7001953125,4212.10009765625,4212.39990234375,19.0,yahoo,GC=F
2026-09-30T03:06:00Z,4212.60009765625,4212.7001953125,4212.2001953125,4212.60009765625,10.0,yahoo,GC=F
2026-09-30T03:07:00Z,4212.60009765625,4213.2998046875,4211.60009765625,4212.89990234375,35.0,yahoo,GC=F
2026-09-30T03:08:00Z,4213.10009765625,4213.10009765625,4211.60009765625,4211.7001953125,27.0,yahoo,GC=F
2026-09-30T03:09:00Z,4211.5,4212.10009765625,4211.2001953125,4212.10009765625,36.0,yahoo,GC=F
2026-09-30T03:10:00Z,4212.0,4212.10009765625,4210.5,4211.2998046875,60.0,yahoo,GC=F
2026-09-30T03:11:00Z,4211.0,4211.2001953125,4210.39990234375,4210.39990234375,28.0,yahoo,GC=F
2026-09-30T03:12:00Z,4210.7998046875,4211.7998046875,4210.5,4211.5,56.0,yahoo,GC=F
2026-09-30T03:13:00Z,4211.60009765625,4212.2998046875,4210.89990234375,4212.0,36.0,yahoo,GC=F
2026-09-30T03:14:00Z,4211.7001953125,4211.7001953125,4209.7998046875,4210.39990234375,60.0,yahoo,GC=F
2026-09-30T03:15:00Z,4210.5,4210.5,4209.89990234375,4210.2001953125,13.0,yahoo,GC=F
2026-09-30T03:16:00Z,4210.39990234375,4210.60009765625,4209.2001953125,4209.7998046875,39.0,yahoo,GC=F
2026-09-30T03:17:00Z,4209.7998046875,4210.7001953125,4209.2998046875,4210.5,36.0,yahoo,GC=F
2026-09-30T03:18:00Z,4211.10009765625,4212.0,4210.7001953125,4211.0,23.0,yahoo,GC=F
2026-09-30T03:19:00Z,4210.89990234375,4211.7001953125,4210.89990234375,4211.39990234375,16.0,yahoo,GC=F
2026-09-30T03:20:00Z,4211.60009765625,4211.7998046875,4210.0,4210.60009765625,65.0,yahoo,GC=F
2026-09-30T03:21:00Z,4210.7998046875,4212.0,4210.7998046875,4212.0,30.0,yahoo,GC=F
2026-09-30T03:22:00Z,4211.7998046875,4212.5,4211.10009765625,4211.10009765625,70.0,yahoo,GC=F
2026-09-30T03:23:00Z,4211.2998046875,4211.7998046875,4211.2001953125,4211.7998046875,12.0,yahoo,GC=F
2026-09-30T03:24:00Z,4212.10009765625,4212.5,4211.5,4211.5,22.0,yahoo,GC=F
2026-09-30T03:25:00Z,4211.60009765625,4211.7001953125,4211.2001953125,4211.2998046875,16.0,yahoo,GC=F
2026-09-30T03:26:00Z,4211.2998046875,4211.39990234375,4210.5,4210.7998046875,38.0,yahoo,GC=F
2026-09-30T03:27:00Z,4210.60009765625,4211.39990234375,4210.5,4211.39990234375,29.0,yahoo,GC=F
2026-09-30T03:28:00Z,4211.39990234375,4211.60009765625,4210.89990234375,4211.39990234375,22.0,yahoo,GC=F
2026-09-30T03:29:00Z,4211.5,4212.89990234375,4211.0,4212.7998046875,86.0,yahoo,GC=F
2026-09-30T03:30:00Z,4213.0,4213.0,4211.39990234375,4211.89990234375,41.0,yahoo,GC=F
2026-09-30T03:31:00Z,4211.5,4211.5,4209.89990234375,4210.2001953125,45.0,yahoo,GC=F
2026-09-30T03:32:00Z,4210.2998046875,4210.2998046875,4208.7998046875,4209.0,67.0,yahoo,GC=F
2026-09-30T03:33:00Z,4208.7001953125,4209.10009765625,4207.7001953125,4208.2998046875,95.0,yahoo,GC=F
2026-09-30T03:34:00Z,4208.10009765625,4208.10009765625,4207.0,4207.2998046875,46.0,yahoo,GC=F
2026-09-30T03:35:00Z,4207.60009765625,4207.89990234375,4206.60009765625,4206.89990234375,35.0,yahoo,GC=F
2026-09-30T03:36:00Z,4206.7998046875,4208.0,4206.0,4207.7998046875,60.0,yahoo,GC=F
2026-09-30T03:37:00Z,4207.7001953125,4208.60009765625,4207.39990234375,4208.60009765625,33.0,yahoo,GC=F
2026-09-30T03:38:00Z,4208.2998046875,4208.7998046875,4207.89990234375,4208.5,51.0,yahoo,GC=F
2026-09-30T03:39:00Z,4208.7998046875,4209.60009765625,4208.7998046875,4209.2001953125,42.0,yahoo,GC=F
2026-09-30T03:40:00Z,4209.10009765625,4209.2998046875,4208.39990234375,4208.60009765625,20.0,yahoo,GC=F
2026-09-30T03:41:00Z,4208.2998046875,4208.7001953125,4207.5,4207.5,12.0,yahoo,GC=F
2026-09-30T03:42:00Z,4207.2998046875,4207.2998046875,4206.7001953125,4206.7001953125,14.0,yahoo,GC=F
2026-09-30T03:43:00Z,4206.60009765625,4207.7998046875,4206.60009765625,4207.7998046875,16.0,yahoo,GC=F
2026-09-30T03:44:00Z,4208.10009765625,4208.2998046875,4207.60009765625,4207.60009765625,8.0,yahoo,GC=F
2026-09-30T03:45:00Z,4207.2998046875,4207.7001953125,4206.2001953125,4206.2001953125,45.0,yahoo,GC=F
2026-09-30T03:46:00Z,4206.0,4206.2001953125,4205.2001953125,4205.39990234375,53.0,yahoo,GC=F
2026-09-30T03:47:00Z,4205.7001953125,4206.2998046875,4205.0,4205.89990234375,39.0,yahoo,GC=F
2026-09-30T03:48:00Z,4206.10009765625,4206.10009765625,4205.2998046875,4205.7001953125,18.0,yahoo,GC=F
2026-09-30T03:49:00Z,4205.60009765625,4205.7001953125,4205.2001953125,4205.5,26.0,yahoo,GC=F
2026-09-30T03:50:00Z,4205.2998046875,4205.39990234375,4204.60009765625,4205.2001953125,33.0,yahoo,GC=F
2026-09-30T03:51:00Z,4205.2001953125,4205.2001953125,4204.10009765625,4204.5,78.0,yahoo,GC=F
2026-09-30T03:52:00Z,4204.2001953125,4204.7001953125,4203.5,4203.60009765625,80.0,yahoo,GC=F
2026-09-30T03:53:00Z,4203.60009765625,4204.2001953125,4203.2001953125,4204.10009765625,50.0,yahoo,GC=F
2026-09-30T03:54:00Z,4204.10009765625,4206.0,4204.10009765625,4205.39990234375,25.0,yahoo,GC=F
2026-09-30T03:55:00Z,4205.60009765625,4206.2001953125,4205.5,4205.89990234375,59.0,yahoo,GC=F
2026-09-30T03:56:00Z,4206.0,4207.10009765625,4205.89990234375,4206.2001953125,68.0,yahoo,GC=F
2026-09-30T03:57:00Z,4205.7998046875,4205.89990234375,4205.0,4205.60009765625,27.0,yahoo,GC=F
2026-09-30T03:58:00Z,4205.60009765625,4205.60009765625,4204.7998046875,4205.5,12.0,yahoo,GC=F
2026-09-30T04:00:00Z,4204.7001953125,4205.10009765625,4204.39990234375,4205.0,23.0,yahoo,GC=F
2026-09-30T04:01:00Z,4205.5,4206.2001953125,4204.7998046875,4205.5,57.0,yahoo,GC=F
2026-09-30T04:02:00Z,4205.5,4207.2998046875,4205.2001953125,4206.5,91.0,yahoo,GC=F
2026-09-30T04:03:00Z,4206.2001953125,4206.60009765625,4205.5,4206.2998046875,57.0,yahoo,GC=F
2026-09-30T04:04:00Z,4206.2001953125,4208.10009765625,4205.7998046875,4207.2001953125,105.0,yahoo,GC=F
2026-09-30T04:05:00Z,4207.7998046875,4208.10009765625,4207.39990234375,4207.39990234375,16.0,yahoo,GC=F
2026-09-30T04:06:00Z,4207.5,4207.60009765625,4206.39990234375,4206.7001953125,19.0,yahoo,GC=F
2026-09-30T04:07:00Z,4206.2998046875,4206.2998046875,4205.2001953125,4205.60009765625,40.0,yahoo,GC=F
2026-09-30T04:08:00Z,4205.2998046875,4205.2998046875,4204.60009765625,4204.7001953125,23.0,yahoo,GC=F
2026-09-30T04:09:00Z,4204.60009765625,4205.2998046875,4204.5,4204.7001953125,19.0,yahoo,GC=F
2026-09-30T04:10:00Z,4204.60009765625,4205.2998046875,4204.5,4205.0,20.0,yahoo,GC=F
2026-09-30T04:11:00Z,4205.10009765625,4205.5,4204.7998046875,4205.39990234375,21.0,yahoo,GC=F
2026-09-30T04:12:00Z,4205.60009765625,4205.60009765625,4205.2998046875,4205.2998046875,7.0,yahoo,GC=F
2026-09-30T04:13:00Z,4205.2001953125,4205.39990234375,4204.39990234375,4204.39990234375,11.0,yahoo,GC=F
2026-09-30T04:14:00Z,4204.39990234375,4206.2001953125,4204.2998046875,4205.7998046875,40.0,yahoo,GC=F
2026-09-30T04:15:00Z,4206.2001953125,4207.0,4206.2001953125,4206.89990234375,32.0,yahoo,GC=F
2026-09-30T04:16:00Z,4207.2001953125,4209.0,4207.0,4208.2998046875,97.0,yahoo,GC=F
2026-09-30T04:17:00Z,4208.5,4209.2998046875,4208.10009765625,4209.2001953125,21.0,yahoo,GC=F
2026-09-30T04:18:00Z,4209.2001953125,4210.10009765625,4208.89990234375,4209.0,66.0,yahoo,GC=F
2026-09-30T04:19:00Z,4208.7001953125,4209.10009765625,4208.2998046875,4209.10009765625,18.0,yahoo,GC=F
2026-09-30T04:20:00Z,4208.89990234375,4209.10009765625,4208.5,4209.0,23.0,yahoo,GC=F
2026-09-30T04:21:00Z,4209.10009765625,4209.60009765625,4209.0,4209.0,19.0,yahoo,GC=F
2026-09-30T04:22:00Z,4208.89990234375,4209.89990234375,4208.89990234375,4209.2998046875,13.0,yahoo,GC=F
2026-09-30T04:23:00Z,4209.0,4209.0,4208.60009765625,4208.60009765625,10.0,yahoo,GC=F
2026-09-30T04:24:00Z,4209.0,4209.89990234375,4209.0,4209.5,21.0,yahoo,GC=F
2026-09-30T04:25:00Z,4209.60009765625,4210.5,4209.10009765625,4209.39990234375,34.0,yahoo,GC=F
2026-09-30T04:26:00Z,4210.39990234375,4211.2001953125,4210.2001953125,4211.10009765625,32.0,yahoo,GC=F
2026-09-30T04:27:00Z,4211.2001953125,4211.2001953125,4210.39990234375,4210.39990234375,26.0,yahoo,GC=F
2026-09-30T04:28:00Z,4210.5,4210.5,4209.7998046875,4210.0,9.0,yahoo,GC=F
2026-09-30T04:29:00Z,4209.89990234375,4210.10009765625,4209.7998046875,4210.0,14.0,yahoo,GC=F
2026-09-30T04:30:00Z,4209.60009765625,4210.10009765625,4209.60009765625,4210.10009765625,24.0,yahoo,GC=F
2026-09-30T04:31:00Z,4209.7001953125,4210.5,4209.39990234375,4210.5,17.0,yahoo,GC=F
2026-09-30T04:32:00Z,4210.7001953125,4210.7998046875,4209.89990234375,4210.7001953125,19.0,yahoo,GC=F
2026-09-30T04:33:00Z,4210.5,4210.7998046875,4210.2998046875,4210.39990234375,12.0,yahoo,GC=F
2026-09-30T04:34:00Z,4210.7998046875,4211.0,4210.39990234375,4210.89990234375,22.0,yahoo,GC=F
2026-09-30T04:35:00Z,4210.89990234375,4214.2001953125,4210.89990234375,4214.0,86.0,yahoo,GC=F
2026-09-30T04:36:00Z,4213.7001953125,4213.7001953125,4212.7998046875,4212.7998046875,35.0,yahoo,GC=F
2026-09-30T04:37:00Z,4212.7998046875,4213.7001953125,4212.39990234375,4213.7001953125,60.0,yahoo,GC=F
2026-09-30T04:38:00Z,4213.7001953125,4215.39990234375,4213.60009765625,4214.7998046875,65.0,yahoo,GC=F
2026-09-30T04:39:00Z,4214.89990234375,4215.2998046875,4214.2001953125,4215.2998046875,44.0,yahoo,GC=F
2026-09-30T04:40:00Z,4215.2001953125,4217.39990234375,4215.10009765625,4215.2001953125,116.0,yahoo,GC=F
2026-09-30T04:41:00Z,4215.0,4216.2998046875,4215.0,4216.10009765625,47.0,yahoo,GC=F
2026-09-30T04:42:00Z,4216.10009765625,4216.39990234375,4215.2001953125,4215.5,37.0,yahoo,GC=F
2026-09-30T04:43:00Z,4215.5,4215.60009765625,4214.5,4214.7001953125,30.0,yahoo,GC=F
2026-09-30T04:44:00Z,4214.60009765625,4214.60009765625,4213.2001953125,4213.39990234375,48.0,yahoo,GC=F
2026-09-30T04:45:00Z,4213.39990234375,4213.89990234375,4212.60009765625,4213.2001953125,84.0,yahoo,GC=F
2026-09-30T04:46:00Z,4213.2998046875,4213.60009765625,4212.89990234375,4213.0,27.0,yahoo,GC=F
2026-09-30T04:47:00Z,4212.89990234375,4213.10009765625,4212.10009765625,4213.0,40.0,yahoo,GC=F
2026-09-30T04:48:00Z,4213.2001953125,4213.2001953125,4212.39990234375,4212.5,12.0,yahoo,GC=F
2026-09-30T04:49:00Z,4212.0,4212.0,4210.5,4211.0,49.0,yahoo,GC=F
2026-09-30T04:50:00Z,4210.60009765625,4211.0,4210.2998046875,4210.7998046875,30.0,yahoo,GC=F
2026-09-30T04:51:00Z,4211.0,4211.10009765625,4209.89990234375,4209.89990234375,30.0,yahoo,GC=F
2026-09-30T04:52:00Z,4209.89990234375,4210.39990234375,4209.7998046875,4210.10009765625,9.0,yahoo,GC=F
2026-09-30T04:53:00Z,4210.5,4210.60009765625,4210.2998046875,4210.39990234375,11.0,yahoo,GC=F
2026-09-30T04:54:00Z,4210.7001953125,4211.5,4210.7001953125,4210.89990234375,29.0,yahoo,GC=F
2026-09-30T04:55:00Z,4211.0,4211.10009765625,4210.60009765625,4210.7001953125,48.0,yahoo,GC=F
2026-09-30T04:56:00Z,4210.7001953125,4211.0,4210.2998046875,4210.60009765625,14.0,yahoo,GC=F
2026-09-30T04:57:00Z,4210.7001953125,4211.10009765625,4210.39990234375,4210.5,44.0,yahoo,GC=F
2026-09-30T04:58:00Z,4210.5,4211.39990234375,4210.5,4211.10009765625,50.0,yahoo,GC=F
2026-09-30T04:59:00Z,4210.7998046875,4211.39990234375,4210.5,4211.39990234375,29.0,yahoo,GC=F
2026-09-30T05:00:00Z,4211.0,4213.7998046875,4210.7998046875,4213.7998046875,37.0,yahoo,GC=F
2026-09-30T05:01:00Z,4213.7001953125,4214.7998046875,4212.5,4212.89990234375,63.0,yahoo,GC=F
2026-09-30T05:02:00Z,4213.0,4213.0,4211.7998046875,4211.7998046875,15.0,yahoo,GC=F
2026-09-30T05:03:00Z,4211.7998046875,4213.2001953125,4211.60009765625,4213.2001953125,25.0,yahoo,GC=F
2026-09-30T05:04:00Z,4213.0,4213.0,4212.2001953125,4212.2001953125,11.0,yahoo,GC=F
2026-09-30T05:05:00Z,4212.10009765625,4212.39990234375,4211.60009765625,4211.7001953125,23.0,yahoo,GC=F
2026-09-30T05:06:00Z,4211.89990234375,4212.7998046875,4211.89990234375,4212.2998046875,19.0,yahoo,GC=F
2026-09-30T05:07:00Z,4212.0,4212.10009765625,4211.2001953125,4211.39990234375,16.0,yahoo,GC=F
2026-09-30T05:08:00Z,4211.60009765625,4211.7998046875,4209.5,4209.5,31.0,yahoo,GC=F
2026-09-30T05:09:00Z,4209.39990234375,4209.5,4208.5,4208.7001953125,43.0,yahoo,GC=F
2026-09-30T05:10:00Z,4208.7998046875,4209.10009765625,4208.2001953125,4208.60009765625,27.0,yahoo,GC=F
2026-09-30T05:11:00Z,4208.7001953125,4210.2001953125,4208.0,4209.7998046875,58.0,yahoo,GC=F
2026-09-30T05:12:00Z,4209.60009765625,4209.60009765625,4207.2001953125,4207.2001953125,65.0,yahoo,GC=F
2026-09-30T05:13:00Z,4207.2001953125,4207.2001953125,4205.0,4205.39990234375,71.0,yahoo,GC=F
2026-09-30T05:14:00Z,4205.5,4205.7998046875,4204.7998046875,4204.7998046875,20.0,yahoo,GC=F
2026-09-30T05:15:00Z,4204.60009765625,4204.7001953125,4202.10009765625,4203.0,117.0,yahoo,GC=F
2026-09-30T05:16:00Z,4202.2998046875,4202.7001953125,4199.5,4199.7001953125,426.0,yahoo,GC=F
2026-09-30T05:17:00Z,4199.60009765625,4200.39990234375,4197.60009765625,4198.2001953125,369.0,yahoo,GC=F
2026-09-30T05:18:00Z,4198.2998046875,4201.7998046875,4198.0,4201.10009765625,58.0,yahoo,GC=F
2026-09-30T05:19:00Z,4201.2001953125,4201.60009765625,4200.7001953125,4201.5,32.0,yahoo,GC=F
2026-09-30T05:20:00Z,4201.89990234375,4202.5,4200.60009765625,4202.0,87.0,yahoo,GC=F
2026-09-30T05:21:00Z,4202.2998046875,4203.5,4202.2001953125,4203.2001953125,38.0,yahoo,GC=F
2026-09-30T05:22:00Z,4203.2001953125,4203.39990234375,4202.2001953125,4202.7001953125,37.0,yahoo,GC=F
2026-09-30T05:23:00Z,4202.60009765625,4203.0,4202.0,4202.2998046875,23.0,yahoo,GC=F
2026-09-30T05:24:00Z,4202.60009765625,4203.2998046875,4202.2998046875,4203.0,18.0,yahoo,GC=F
2026-09-30T05:25:00Z,4203.10009765625,4203.2998046875,4202.60009765625,4202.60009765625,48.0,yahoo,GC=F
2026-09-30T05:26:00Z,4202.2998046875,4203.5,4202.2001953125,4202.89990234375,37.0,yahoo,GC=F
2026-09-30T05:27:00Z,4202.89990234375,4203.60009765625,4202.89990234375,4203.2998046875,9.0,yahoo,GC=F
2026-09-30T05:28:00Z,4203.2001953125,4206.2998046875,4203.0,4205.7998046875,128.0,yahoo,GC=F
2026-09-30T05:29:00Z,4206.10009765625,4207.2998046875,4205.7998046875,4207.0,22.0,yahoo,GC=F
2026-09-30T05:30:00Z,4207.10009765625,4207.7001953125,4205.10009765625,4206.60009765625,175.0,yahoo,GC=F
2026-09-30T05:31:00Z,4206.2998046875,4211.10009765625,4205.2998046875,4210.7001953125,195.0,yahoo,GC=F
2026-09-30T05:32:00Z,4210.89990234375,4211.39990234375,4209.7001953125,4210.5,153.0,yahoo,GC=F
2026-09-30T05:33:00Z,4210.5,4212.2998046875,4210.10009765625,4211.0,59.0,yahoo,GC=F
2026-09-30T05:34:00Z,4210.89990234375,4210.89990234375,4209.10009765625,4210.0,32.0,yahoo,GC=F
2026-09-30T05:35:00Z,4209.7001953125,4211.2001953125,4209.2001953125,4211.10009765625,80.0,yahoo,GC=F
2026-09-30T05:36:00Z,4211.2001953125,4212.39990234375,4209.2998046875,4209.2998046875,27.0,yahoo,GC=F
2026-09-30T05:37:00Z,4209.5,4209.5,4208.10009765625,4208.7998046875,25.0,yahoo,GC=F
2026-09-30T05:38:00Z,4208.89990234375,4208.89990234375,4206.89990234375,4207.5,41.0,yahoo,GC=F
2026-09-30T05:39:00Z,4207.5,4208.60009765625,4207.2998046875,4207.89990234375,41.0,yahoo,GC=F
2026-09-30T05:40:00Z,4207.7998046875,4208.10009765625,4205.7998046875,4207.39990234375,35.0,yahoo,GC=F
2026-09-30T05:41:00Z,4206.89990234375,4207.7998046875,4206.7998046875,4207.39990234375,15.0,yahoo,GC=F
2026-09-30T05:42:00Z,4207.2001953125,4208.7998046875,4206.89990234375,4208.7998046875,10.0,yahoo,GC=F
2026-09-30T05:43:00Z,4208.7001953125,4208.7998046875,4208.39990234375,4208.39990234375,13.0,yahoo,GC=F
2026-09-30T05:44:00Z,4208.60009765625,4209.7001953125,4207.7001953125,4207.7001953125,31.0,yahoo,GC=F
2026-09-30T05:45:00Z,4208.39990234375,4208.7001953125,4207.89990234375,4208.0,7.0,yahoo,GC=F
2026-09-30T05:46:00Z,4208.0,4209.10009765625,4207.7001953125,4207.89990234375,24.0,yahoo,GC=F
2026-09-30T05:47:00Z,4207.89990234375,4207.89990234375,4206.7001953125,4207.7001953125,32.0,yahoo,GC=F
2026-09-30T05:48:00Z,4207.39990234375,4207.60009765625,4207.10009765625,4207.5,6.0,yahoo,GC=F
2026-09-30T05:49:00Z,4207.7001953125,4208.2998046875,4207.60009765625,4208.2998046875,19.0,yahoo,GC=F
2026-09-30T05:50:00Z,4208.10009765625,4208.10009765625,4206.60009765625,4207.7998046875,41.0,yahoo,GC=F
2026-09-30T05:51:00Z,4207.89990234375,4208.2001953125,4207.10009765625,4207.2998046875,25.0,yahoo,GC=F
2026-09-30T05:52:00Z,4206.7998046875,4207.60009765625,4206.39990234375,4207.0,72.0,yahoo,GC=F
2026-09-30T05:53:00Z,4207.2001953125,4207.7998046875,4206.5,4207.7001953125,22.0,yahoo,GC=F
2026-09-30T05:54:00Z,4207.60009765625,4207.7998046875,4207.5,4207.7998046875,5.0,yahoo,GC=F
2026-09-30T05:55:00Z,4207.7001953125,4208.0,4206.7998046875,4206.7998046875,25.0,yahoo,GC=F
2026-09-30T05:56:00Z,4206.5,4207.7001953125,4205.7998046875,4207.2001953125,55.0,yahoo,GC=F
2026-09-30T05:57:00Z,4207.39990234375,4207.7001953125,4206.89990234375,4207.39990234375,25.0,yahoo,GC=F
2026-09-30T05:58:00Z,4206.7998046875,4212.89990234375,4206.7998046875,4212.2998046875,386.0,yahoo,GC=F
2026-09-30T05:59:00Z,4212.10009765625,4213.39990234375,4209.39990234375,4210.2001953125,86.0,yahoo,GC=F
2026-09-30T06:00:00Z,4209.7998046875,4212.10009765625,4208.7998046875,4211.89990234375,174.0,yahoo,GC=F
2026-09-30T06:01:00Z,4211.5,4212.5,4209.89990234375,4209.89990234375,99.0,yahoo,GC=F
2026-09-30T06:02:00Z,4210.10009765625,4212.60009765625,4208.2998046875,4211.2998046875,116.0,yahoo,GC=F
2026-09-30T06:03:00Z,4211.0,4211.7998046875,4209.7998046875,4211.7998046875,107.0,yahoo,GC=F
2026-09-30T06:04:00Z,4211.10009765625,4214.0,4211.10009765625,4214.0,71.0,yahoo,GC=F
2026-09-30T06:05:00Z,4214.2998046875,4214.2998046875,4212.60009765625,4213.39990234375,90.0,yahoo,GC=F
2026-09-30T06:06:00Z,4213.2001953125,4213.7998046875,4213.0,4213.60009765625,24.0,yahoo,GC=F
2026-09-30T06:07:00Z,4213.2998046875,4214.10009765625,4213.2001953125,4213.89990234375,14.0,yahoo,GC=F
2026-09-30T06:08:00Z,4214.2001953125,4214.2001953125,4212.0,4212.39990234375,37.0,yahoo,GC=F
2026-09-30T06:09:00Z,4212.89990234375,4213.5,4212.7998046875,4213.5,23.0,yahoo,GC=F
2026-09-30T06:10:00Z,4213.7001953125,4214.89990234375,4213.7001953125,4214.60009765625,58.0,yahoo,GC=F
2026-09-30T06:11:00Z,4214.5,4215.5,4214.10009765625,4215.2998046875,49.0,yahoo,GC=F
2026-09-30T06:12:00Z,4215.39990234375,4217.0,4214.7001953125,4215.0,178.0,yahoo,GC=F
2026-09-30T06:13:00Z,4215.10009765625,4216.39990234375,4214.60009765625,4215.2998046875,71.0,yahoo,GC=F
2026-09-30T06:14:00Z,4215.2998046875,4215.89990234375,4215.0,4215.39990234375,76.0,yahoo,GC=F
2026-09-30T06:15:00Z,4215.60009765625,4216.5,4215.39990234375,4216.39990234375,97.0,yahoo,GC=F
2026-09-30T06:16:00Z,4216.2998046875,4217.2001953125,4215.10009765625,4217.10009765625,165.0,yahoo,GC=F
2026-09-30T06:17:00Z,4216.89990234375,4217.2998046875,4215.10009765625,4215.10009765625,95.0,yahoo,GC=F
2026-09-30T06:18:00Z,4215.0,4215.2001953125,4213.7001953125,4213.7998046875,51.0,yahoo,GC=F
2026-09-30T06:19:00Z,4213.7001953125,4214.0,4211.89990234375,4211.89990234375,71.0,yahoo,GC=F
2026-09-30T06:20:00Z,4212.0,4212.89990234375,4212.0,4212.10009765625,30.0,yahoo,GC=F
2026-09-30T06:21:00Z,4211.89990234375,4212.39990234375,4211.2001953125,4212.2998046875,52.0,yahoo,GC=F
2026-09-30T06:22:00Z,4211.7998046875,4214.10009765625,4211.7998046875,4213.5,129.0,yahoo,GC=F
2026-09-30T06:23:00Z,4213.39990234375,4213.5,4212.2001953125,4213.39990234375,49.0,yahoo,GC=F
2026-09-30T06:24:00Z,4213.5,4215.5,4213.5,4214.2998046875,78.0,yahoo,GC=F
2026-09-30T06:25:00Z,4214.2998046875,4214.60009765625,4212.0,4212.60009765625,63.0,yahoo,GC=F
2026-09-30T06:26:00Z,4212.7998046875,4213.60009765625,4212.5,4213.60009765625,46.0,yahoo,GC=F
2026-09-30T06:27:00Z,4213.60009765625,4214.10009765625,4213.10009765625,4213.2998046875,15.0,yahoo,GC=F
2026-09-30T06:28:00Z,4213.5,4214.0,4212.2998046875,4212.39990234375,52.0,yahoo,GC=F
2026-09-30T06:29:00Z,4212.60009765625,4212.7998046875,4211.7001953125,4212.60009765625,52.0,yahoo,GC=F
2026-09-30T06:30:00Z,4212.2998046875,4212.7998046875,4211.10009765625,4211.7001953125,47.0,yahoo,GC=F
2026-09-30T06:31:00Z,4211.7998046875,4213.10009765625,4211.2998046875,4212.0,52.0,yahoo,GC=F
2026-09-30T06:32:00Z,4211.89990234375,4212.7001953125,4211.60009765625,4212.60009765625,34.0,yahoo,GC=F
2026-09-30T06:33:00Z,4212.7001953125,4212.7001953125,4211.7001953125,4211.7998046875,31.0,yahoo,GC=F
2026-09-30T06:34:00Z,4212.0,4212.60009765625,4211.60009765625,4212.5,65.0,yahoo,GC=F
2026-09-30T06:35:00Z,4212.39990234375,4213.0,4211.7001953125,4212.2001953125,51.0,yahoo,GC=F
2026-09-30T06:36:00Z,4212.5,4213.0,4212.2001953125,4212.89990234375,31.0,yahoo,GC=F
2026-09-30T06:37:00Z,4212.60009765625,4213.7998046875,4211.2998046875,4213.60009765625,88.0,yahoo,GC=F
2026-09-30T06:38:00Z,4213.5,4215.7001953125,4212.39990234375,4212.5,203.0,yahoo,GC=F
2026-09-30T06:39:00Z,4212.39990234375,4212.7998046875,4212.0,4212.2001953125,48.0,yahoo,GC=F
2026-09-30T06:40:00Z,4212.10009765625,4212.7998046875,4211.7001953125,4212.10009765625,79.0,yahoo,GC=F
2026-09-30T06:41:00Z,4212.10009765625,4212.10009765625,4210.89990234375,4211.2998046875,70.0,yahoo,GC=F
2026-09-30T06:42:00Z,4211.5,4213.10009765625,4211.5,4213.10009765625,24.0,yahoo,GC=F
2026-09-30T06:43:00Z,4213.39990234375,4213.60009765625,4212.10009765625,4213.0,23.0,yahoo,GC=F
2026-09-30T06:44:00Z,4212.7998046875,4214.5,4212.7998046875,4214.5,28.0,yahoo,GC=F
2026-09-30T06:45:00Z,4214.2001953125,4214.60009765625,4212.7001953125,4213.2998046875,94.0,yahoo,GC=F
2026-09-30T06:46:00Z,4213.2001953125,4213.2001953125,4211.7001953125,4212.60009765625,51.0,yahoo,GC=F
2026-09-30T06:47:00Z,4212.7998046875,4213.39990234375,4211.7998046875,4212.7001953125,70.0,yahoo,GC=F
2026-09-30T06:48:00Z,4212.2001953125,4212.7001953125,4211.7998046875,4212.10009765625,66.0,yahoo,GC=F
2026-09-30T06:49:00Z,4212.2998046875,4214.2998046875,4212.10009765625,4213.89990234375,29.0,yahoo,GC=F
2026-09-30T06:50:00Z,4213.7001953125,4216.10009765625,4213.7001953125,4215.7998046875,78.0,yahoo,GC=F
2026-09-30T06:51:00Z,4215.7998046875,4220.5,4215.60009765625,4220.10009765625,332.0,yahoo,GC=F
2026-09-30T06:52:00Z,4219.60009765625,4223.10009765625,4219.39990234375,4222.7998046875,249.0,yahoo,GC=F
2026-09-30T06:53:00Z,4222.7001953125,4225.60009765625,4222.2001953125,4223.7998046875,341.0,yahoo,GC=F
2026-09-30T06:54:00Z,4223.7998046875,4224.60009765625,4222.89990234375,4223.39990234375,106.0,yahoo,GC=F
2026-09-30T06:55:00Z,4223.39990234375,4225.7001953125,4223.2001953125,4225.60009765625,96.0,yahoo,GC=F
2026-09-30T06:56:00Z,4225.2998046875,4226.7001953125,4224.89990234375,4225.39990234375,218.0,yahoo,GC=F
2026-09-30T06:57:00Z,4225.39990234375,4227.0,4225.10009765625,4226.5,136.0,yahoo,GC=F
2026-09-30T06:58:00Z,4226.39990234375,4227.0,4225.2998046875,4225.7001953125,164.0,yahoo,GC=F
2026-09-30T06:59:00Z,4225.39990234375,4225.39990234375,4222.60009765625,4222.60009765625,114.0,yahoo,GC=F
2026-09-30T07:00:00Z,4222.60009765625,4224.0,4221.60009765625,4223.60009765625,157.0,yahoo,GC=F
2026-09-30T07:01:00Z,4223.5,4225.7001953125,4223.2001953125,4225.5,97.0,yahoo,GC=F
2026-09-30T07:02:00Z,4225.10009765625,4227.0,4224.7001953125,4226.7998046875,139.0,yahoo,GC=F
2026-09-30T07:03:00Z,4226.7998046875,4227.0,4226.0,4226.39990234375,70.0,yahoo,GC=F
2026-09-30T07:04:00Z,4226.10009765625,4227.0,4225.2001953125,4225.5,55.0,yahoo,GC=F
2026-09-30T07:05:00Z,4225.60009765625,4226.39990234375,4224.7001953125,4226.39990234375,75.0,yahoo,GC=F
2026-09-30T07:06:00Z,4226.0,4227.0,4223.7001953125,4226.7001953125,267.0,yahoo,GC=F
2026-09-30T07:07:00Z,4226.7001953125,4228.7001953125,4226.60009765625,4228.10009765625,344.0,yahoo,GC=F
2026-09-30T07:08:00Z,4228.2001953125,4229.7998046875,4226.2001953125,4226.5,144.0,yahoo,GC=F
2026-09-30T07:09:00Z,4226.7001953125,4227.7998046875,4224.89990234375,4225.7998046875,143.0,yahoo,GC=F
2026-09-30T07:10:00Z,4225.5,4227.60009765625,4225.5,4227.10009765625,59.0,yahoo,GC=F
2026-09-30T07:11:00Z,4227.0,4227.39990234375,4224.0,4225.0,77.0,yahoo,GC=F
2026-09-30T07:12:00Z,4224.89990234375,4226.10009765625,4224.7998046875,4225.60009765625,72.0,yahoo,GC=F
2026-09-30T07:13:00Z,4225.7001953125,4226.7998046875,4224.89990234375,4226.5,55.0,yahoo,GC=F
2026-09-30T07:14:00Z,4226.5,4227.2001953125,4225.7998046875,4225.89990234375,43.0,yahoo,GC=F
2026-09-30T07:15:00Z,4226.39990234375,4227.5,4225.89990234375,4226.89990234375,76.0,yahoo,GC=F
2026-09-30T07:16:00Z,4227.0,4229.5,4227.0,4229.2001953125,111.0,yahoo,GC=F
2026-09-30T07:17:00Z,4229.2998046875,4229.2998046875,4227.2998046875,4227.5,83.0,yahoo,GC=F
2026-09-30T07:18:00Z,4227.2998046875,4227.39990234375,4226.2001953125,4226.89990234375,72.0,yahoo,GC=F
2026-09-30T07:19:00Z,4226.7998046875,4228.5,4226.7998046875,4228.5,30.0,yahoo,GC=F
2026-09-30T07:20:00Z,4228.7998046875,4229.7001953125,4227.2998046875,4227.2998046875,87.0,yahoo,GC=F
2026-09-30T07:21:00Z,4227.5,4230.10009765625,4227.5,4229.7998046875,89.0,yahoo,GC=F
2026-09-30T07:22:00Z,4229.7001953125,4230.89990234375,4229.0,4230.60009765625,132.0,yahoo,GC=F
2026-09-30T07:23:00Z,4230.7001953125,4232.7998046875,4230.39990234375,4232.7001953125,219.0,yahoo,GC=F
2026-09-30T07:24:00Z,4232.60009765625,4233.2001953125,4232.5,4232.89990234375,282.0,yahoo,GC=F
2026-09-30T07:25:00Z,4233.0,4233.0,4231.39990234375,4231.7998046875,216.0,yahoo,GC=F
2026-09-30T07:26:00Z,4231.89990234375,4232.10009765625,4228.60009765625,4228.89990234375,205.0,yahoo,GC=F
2026-09-30T07:27:00Z,4229.0,4229.0,4226.2998046875,4227.7001953125,259.0,yahoo,GC=F
2026-09-30T07:28:00Z,4227.60009765625,4227.89990234375,4226.7998046875,4227.2001953125,112.0,yahoo,GC=F
2026-09-30T07:29:00Z,4227.0,4227.2001953125,4226.2001953125,4226.7998046875,62.0,yahoo,GC=F
2026-09-30T07:30:00Z,4227.0,4228.39990234375,4225.89990234375,4227.7998046875,82.0,yahoo,GC=F
2026-09-30T07:31:00Z,4228.0,4228.0,4225.7998046875,4225.7998046875,40.0,yahoo,GC=F
2026-09-30T07:32:00Z,4226.2001953125,4227.0,4225.89990234375,4225.89990234375,54.0,yahoo,GC=F
2026-09-30T07:33:00Z,4225.7998046875,4227.5,4225.60009765625,4226.60009765625,41.0,yahoo,GC=F
2026-09-30T07:34:00Z,4226.5,4227.0,4225.7998046875,4227.0,24.0,yahoo,GC=F
2026-09-30T07:35:00Z,4226.89990234375,4229.60009765625,4226.89990234375,4229.60009765625,86.0,yahoo,GC=F
2026-09-30T07:36:00Z,4229.7998046875,4230.7998046875,4229.2998046875,4230.7998046875,63.0,yahoo,GC=F
2026-09-30T07:37:00Z,4230.60009765625,4230.7998046875,4229.5,4229.7001953125,169.0,yahoo,GC=F
2026-09-30T07:38:00Z,4230.0,4230.0,4227.39990234375,4227.39990234375,60.0,yahoo,GC=F
2026-09-30T07:39:00Z,4227.60009765625,4229.10009765625,4227.60009765625,4228.7001953125,60.0,yahoo,GC=F
2026-09-30T07:40:00Z,4228.7001953125,4229.5,4228.5,4229.2998046875,41.0,yahoo,GC=F
2026-09-30T07:41:00Z,4229.2001953125,4229.2001953125,4226.89990234375,4227.2998046875,89.0,yahoo,GC=F
2026-09-30T07:42:00Z,4227.2001953125,4227.2998046875,4224.7998046875,4224.7998046875,156.0,yahoo,GC=F
2026-09-30T07:43:00Z,4224.89990234375,4225.2998046875,4223.7998046875,4224.10009765625,126.0,yahoo,GC=F
2026-09-30T07:44:00Z,4224.10009765625,4224.2001953125,4223.39990234375,4223.89990234375,36.0,yahoo,GC=F
2026-09-30T07:45:00Z,4224.0,4226.89990234375,4224.0,4225.60009765625,78.0,yahoo,GC=F
2026-09-30T07:46:00Z,4225.5,4226.2001953125,4222.89990234375,4223.7998046875,364.0,yahoo,GC=F
2026-09-30T07:47:00Z,4224.10009765625,4224.89990234375,4224.0,4224.89990234375,36.0,yahoo,GC=F
2026-09-30T07:48:00Z,4224.7998046875,4226.39990234375,4223.89990234375,4226.39990234375,56.0,yahoo,GC=F
2026-09-30T07:49:00Z,4226.2998046875,4227.7001953125,4225.60009765625,4227.5,149.0,yahoo,GC=F
2026-09-30T07:50:00Z,4227.60009765625,4228.0,4227.39990234375,4227.5,44.0,yahoo,GC=F
2026-09-30T07:51:00Z,4227.39990234375,4228.7998046875,4227.39990234375,4228.7001953125,48.0,yahoo,GC=F
2026-09-30T07:52:00Z,4228.89990234375,4229.2001953125,4226.60009765625,4226.60009765625,71.0,yahoo,GC=F
2026-09-30T07:53:00Z,4226.7001953125,4228.10009765625,4226.60009765625,4227.39990234375,190.0,yahoo,GC=F
2026-09-30T07:54:00Z,4227.2998046875,4228.10009765625,4227.2998046875,4227.39990234375,36.0,yahoo,GC=F
2026-09-30T07:55:00Z,4227.5,4228.0,4226.7001953125,4227.2001953125,68.0,yahoo,GC=F
2026-09-30T07:56:00Z,4227.10009765625,4227.5,4225.5,4225.89990234375,61.0,yahoo,GC=F
2026-09-30T07:57:00Z,4225.7001953125,4226.10009765625,4224.39990234375,4225.0,48.0,yahoo,GC=F
2026-09-30T07:58:00Z,4225.0,4225.5,4224.0,4225.5,34.0,yahoo,GC=F
2026-09-30T07:59:00Z,4225.5,4226.2001953125,4225.5,4225.5,35.0,yahoo,GC=F
2026-09-30T08:00:00Z,4225.60009765625,4226.39990234375,4224.60009765625,4225.2001953125,124.0,yahoo,GC=F
2026-09-30T08:01:00Z,4225.60009765625,4228.39990234375,4225.5,4227.5,162.0,yahoo,GC=F
2026-09-30T08:02:00Z,4227.60009765625,4227.89990234375,4226.7001953125,4226.89990234375,35.0,yahoo,GC=F
2026-09-30T08:03:00Z,4227.2998046875,4228.7998046875,4227.2998046875,4228.10009765625,55.0,yahoo,GC=F
2026-09-30T08:04:00Z,4228.0,4228.2001953125,4225.7001953125,4226.2001953125,60.0,yahoo,GC=F
2026-09-30T08:05:00Z,4226.2001953125,4226.2998046875,4225.39990234375,4226.0,53.0,yahoo,GC=F
2026-09-30T08:06:00Z,4226.0,4226.60009765625,4225.2001953125,4226.60009765625,55.0,yahoo,GC=F
2026-09-30T08:07:00Z,4226.39990234375,4228.2001953125,4226.2001953125,4228.0,72.0,yahoo,GC=F
2026-09-30T08:08:00Z,4228.2001953125,4228.5,4227.2001953125,4227.39990234375,34.0,yahoo,GC=F
2026-09-30T08:09:00Z,4227.10009765625,4227.89990234375,4226.89990234375,4227.5,97.0,yahoo,GC=F
2026-09-30T08:10:00Z,4227.5,4227.7998046875,4226.7998046875,4227.60009765625,174.0,yahoo,GC=F
2026-09-30T08:11:00Z,4227.39990234375,4228.0,4225.7998046875,4226.5,43.0,yahoo,GC=F
2026-09-30T08:12:00Z,4226.2998046875,4227.2998046875,4226.0,4226.60009765625,54.0,yahoo,GC=F
2026-09-30T08:13:00Z,4226.60009765625,4227.7998046875,4226.39990234375,4226.60009765625,49.0,yahoo,GC=F
2026-09-30T08:14:00Z,4226.5,4227.2998046875,4226.2001953125,4226.5,31.0,yahoo,GC=F
2026-09-30T08:15:00Z,4227.0,4228.0,4225.60009765625,4227.0,67.0,yahoo,GC=F
2026-09-30T08:16:00Z,4227.2001953125,4229.2001953125,4227.2001953125,4228.60009765625,98.0,yahoo,GC=F
2026-09-30T08:17:00Z,4228.60009765625,4229.7998046875,4227.89990234375,4228.60009765625,108.0,yahoo,GC=F
2026-09-30T08:18:00Z,4229.10009765625,4231.2998046875,4229.10009765625,4231.10009765625,74.0,yahoo,GC=F
2026-09-30T08:19:00Z,4231.2001953125,4232.0,4229.39990234375,4229.5,94.0,yahoo,GC=F
2026-09-30T08:20:00Z,4229.5,4231.60009765625,4229.5,4231.60009765625,32.0,yahoo,GC=F
2026-09-30T08:21:00Z,4231.7998046875,4232.2001953125,4231.2001953125,4231.7998046875,60.0,yahoo,GC=F
2026-09-30T08:22:00Z,4231.5,4233.60009765625,4231.5,4232.7998046875,184.0,yahoo,GC=F
2026-09-30T08:23:00Z,4232.5,4232.7998046875,4231.39990234375,4232.2998046875,67.0,yahoo,GC=F
2026-09-30T08:24:00Z,4232.2998046875,4232.7998046875,4231.7001953125,4232.5,48.0,yahoo,GC=F
2026-09-30T08:25:00Z,4232.39990234375,4233.39990234375,4231.7998046875,4232.89990234375,80.0,yahoo,GC=F
2026-09-30T08:26:00Z,4232.60009765625,4233.7001953125,4232.39990234375,4233.60009765625,61.0,yahoo,GC=F
2026-09-30T08:27:00Z,4233.39990234375,4233.39990234375,4230.7998046875,4231.0,70.0,yahoo,GC=F
2026-09-30T08:28:00Z,4231.10009765625,4231.60009765625,4230.60009765625,4231.0,51.0,yahoo,GC=F
2026-09-30T08:29:00Z,4230.89990234375,4231.5,4230.5,4231.10009765625,36.0,yahoo,GC=F
2026-09-30T08:30:00Z,4230.89990234375,4231.2001953125,4229.7001953125,4230.2998046875,60.0,yahoo,GC=F
2026-09-30T08:31:00Z,4230.5,4231.2998046875,4230.2998046875,4231.2001953125,37.0,yahoo,GC=F
2026-09-30T08:32:00Z,4231.2001953125,4232.2001953125,4231.2001953125,4231.2998046875,45.0,yahoo,GC=F
2026-09-30T08:33:00Z,4231.2001953125,4231.7001953125,4230.2998046875,4231.7001953125,43.0,yahoo,GC=F
2026-09-30T08:34:00Z,4231.89990234375,4233.0,4231.89990234375,4232.60009765625,46.0,yahoo,GC=F
2026-09-30T08:35:00Z,4232.5,4233.10009765625,4231.7998046875,4232.39990234375,36.0,yahoo,GC=F
2026-09-30T08:36:00Z,4232.2001953125,4232.60009765625,4231.5,4232.5,32.0,yahoo,GC=F
2026-09-30T08:37:00Z,4232.60009765625,4233.0,4232.10009765625,4232.60009765625,36.0,yahoo,GC=F
2026-09-30T08:38:00Z,4232.60009765625,4234.0,4232.10009765625,4233.7998046875,93.0,yahoo,GC=F
2026-09-30T08:39:00Z,4233.7998046875,4234.0,4233.0,4233.2001953125,46.0,yahoo,GC=F
2026-09-30T08:40:00Z,4233.2001953125,4233.2001953125,4231.7998046875,4232.10009765625,39.0,yahoo,GC=F
2026-09-30T08:41:00Z,4231.89990234375,4232.2998046875,4231.60009765625,4231.60009765625,24.0,yahoo,GC=F
2026-09-30T08:42:00Z,4231.60009765625,4231.60009765625,4229.39990234375,4230.7998046875,106.0,yahoo,GC=F
2026-09-30T08:43:00Z,4230.7001953125,4230.89990234375,4229.60009765625,4229.60009765625,35.0,yahoo,GC=F
2026-09-30T08:44:00Z,4229.60009765625,4229.7998046875,4229.0,4229.5,47.0,yahoo,GC=F
2026-09-30T08:45:00Z,4229.7001953125,4230.0,4229.39990234375,4229.7998046875,29.0,yahoo,GC=F
2026-09-30T08:46:00Z,4230.0,4230.89990234375,4229.60009765625,4230.39990234375,47.0,yahoo,GC=F
2026-09-30T08:47:00Z,4230.2998046875,4230.89990234375,4230.2001953125,4230.2998046875,52.0,yahoo,GC=F
2026-09-30T08:48:00Z,4230.2001953125,4231.10009765625,4230.10009765625,4230.2001953125,45.0,yahoo,GC=F
2026-09-30T08:49:00Z,4230.10009765625,4230.2001953125,4228.60009765625,4228.89990234375,61.0,yahoo,GC=F
2026-09-30T08:50:00Z,4229.10009765625,4229.39990234375,4228.7001953125,4228.89990234375,32.0,yahoo,GC=F
2026-09-30T08:51:00Z,4228.7001953125,4228.89990234375,4228.2001953125,4228.7001953125,162.0,yahoo,GC=F
2026-09-30T08:52:00Z,4228.7998046875,4229.10009765625,4228.2001953125,4228.7998046875,166.0,yahoo,GC=F
2026-09-30T08:53:00Z,4228.89990234375,4228.89990234375,4226.10009765625,4226.5,123.0,yahoo,GC=F
2026-09-30T08:54:00Z,4226.39990234375,4227.10009765625,4225.7001953125,4226.10009765625,106.0,yahoo,GC=F
2026-09-30T08:55:00Z,4226.10009765625,4226.10009765625,4222.7998046875,4224.7998046875,412.0,yahoo,GC=F
2026-09-30T08:56:00Z,4224.7001953125,4224.89990234375,4223.7001953125,4224.7001953125,102.0,yahoo,GC=F
2026-09-30T08:57:00Z,4224.60009765625,4225.2998046875,4224.0,4225.0,65.0,yahoo,GC=F
2026-09-30T08:58:00Z,4225.0,4225.2998046875,4223.89990234375,4223.89990234375,129.0,yahoo,GC=F
2026-09-30T08:59:00Z,4224.0,4224.2001953125,4223.39990234375,4223.39990234375,52.0,yahoo,GC=F
2026-09-30T09:00:00Z,4223.39990234375,4224.0,4222.7998046875,4224.0,102.0,yahoo,GC=F
2026-09-30T09:01:00Z,4224.2001953125,4224.2001953125,4223.5,4223.89990234375,164.0,yahoo,GC=F
2026-09-30T09:02:00Z,4223.7998046875,4224.7001953125,4223.7998046875,4224.39990234375,120.0,yahoo,GC=F
2026-09-30T09:03:00Z,4224.2001953125,4224.60009765625,4223.89990234375,4224.5,100.0,yahoo,GC=F
2026-09-30T09:04:00Z,4224.5,4225.2001953125,4224.0,4225.10009765625,82.0,yahoo,GC=F
2026-09-30T09:05:00Z,4225.0,4225.7998046875,4224.7001953125,4225.2998046875,172.0,yahoo,GC=F
2026-09-30T09:06:00Z,4225.2998046875,4225.2998046875,4222.39990234375,4223.2001953125,208.0,yahoo,GC=F
2026-09-30T09:07:00Z,4223.2998046875,4223.5,4222.2998046875,4223.2998046875,124.0,yahoo,GC=F
2026-09-30T09:08:00Z,4223.0,4227.0,4222.89990234375,4224.2001953125,601.0,yahoo,GC=F
2026-09-30T09:09:00Z,4223.7998046875,4224.0,4222.10009765625,4222.7001953125,184.0,yahoo,GC=F
2026-09-30T09:10:00Z,4223.0,4223.39990234375,4221.60009765625,4221.7001953125,66.0,yahoo,GC=F
2026-09-30T09:11:00Z,4221.5,4222.10009765625,4220.5,4220.60009765625,144.0,yahoo,GC=F
2026-09-30T09:12:00Z,4220.7001953125,4220.7001953125,4219.5,4219.7998046875,127.0,yahoo,GC=F
2026-09-30T09:13:00Z,4219.7001953125,4219.89990234375,4219.10009765625,4219.89990234375,101.0,yahoo,GC=F
2026-09-30T09:14:00Z,4219.7998046875,4222.2001953125,4219.2998046875,4222.2001953125,126.0,yahoo,GC=F
2026-09-30T09:15:00Z,4222.0,4222.60009765625,4221.2001953125,4221.7998046875,66.0,yahoo,GC=F
2026-09-30T09:16:00Z,4221.7998046875,4221.7998046875,4220.10009765625,4220.2998046875,50.0,yahoo,GC=F
2026-09-30T09:17:00Z,4220.2001953125,4221.2998046875,4220.10009765625,4220.5,43.0,yahoo,GC=F
2026-09-30T09:18:00Z,4220.5,4221.10009765625,4220.39990234375,4220.5,26.0,yahoo,GC=F
2026-09-30T09:19:00Z,4220.2001953125,4220.60009765625,4219.7001953125,4219.89990234375,74.0,yahoo,GC=F
2026-09-30T09:20:00Z,4219.7001953125,4220.60009765625,4219.2001953125,4219.2998046875,94.0,yahoo,GC=F
2026-09-30T09:21:00Z,4219.39990234375,4219.60009765625,4218.5,4218.89990234375,136.0,yahoo,GC=F
2026-09-30T09:22:00Z,4219.0,4219.2001953125,4217.39990234375,4217.7998046875,147.0,yahoo,GC=F
2026-09-30T09:23:00Z,4217.39990234375,4217.5,4216.10009765625,4217.10009765625,111.0,yahoo,GC=F
2026-09-30T09:24:00Z,4217.0,4217.0,4215.7001953125,4216.5,86.0,yahoo,GC=F
2026-09-30T09:25:00Z,4216.39990234375,4216.7001953125,4215.89990234375,4216.39990234375,55.0,yahoo,GC=F
2026-09-30T09:26:00Z,4216.39990234375,4216.39990234375,4214.2998046875,4216.2001953125,188.0,yahoo,GC=F
2026-09-30T09:27:00Z,4216.60009765625,4218.39990234375,4216.60009765625,4218.39990234375,99.0,yahoo,GC=F
2026-09-30T09:28:00Z,4218.2998046875,4219.60009765625,4217.89990234375,4218.60009765625,91.0,yahoo,GC=F
2026-09-30T09:29:00Z,4219.0,4219.2998046875,4217.0,4217.2998046875,98.0,yahoo,GC=F
2026-09-30T09:30:00Z,4217.2001953125,4219.7001953125,4217.2001953125,4219.2998046875,319.0,yahoo,GC=F
2026-09-30T09:31:00Z,4219.39990234375,4220.60009765625,4219.10009765625,4220.10009765625,277.0,yahoo,GC=F
2026-09-30T09:32:00Z,4220.39990234375,4221.89990234375,4220.39990234375,4221.2001953125,124.0,yahoo,GC=F
2026-09-30T09:33:00Z,4221.39990234375,4221.60009765625,4220.7998046875,4221.2998046875,137.0,yahoo,GC=F
2026-09-30T09:34:00Z,4221.39990234375,4222.2998046875,4221.2001953125,4221.7998046875,71.0,yahoo,GC=F
2026-09-30T09:35:00Z,4221.39990234375,4221.39990234375,4220.0,4220.2001953125,139.0,yahoo,GC=F
2026-09-30T09:36:00Z,4220.10009765625,4221.10009765625,4220.0,4221.0,31.0,yahoo,GC=F
2026-09-30T09:37:00Z,4221.10009765625,4221.5,4220.7998046875,4221.0,17.0,yahoo,GC=F
2026-09-30T09:38:00Z,4221.0,4221.60009765625,4220.7998046875,4221.0,30.0,yahoo,GC=F
2026-09-30T09:39:00Z,4221.2001953125,4221.2001953125,4219.10009765625,4219.10009765625,52.0,yahoo,GC=F
2026-09-30T09:40:00Z,4218.89990234375,4220.0,4218.89990234375,4219.89990234375,68.0,yahoo,GC=F
2026-09-30T09:41:00Z,4219.60009765625,4219.7001953125,4218.89990234375,4219.39990234375,23.0,yahoo,GC=F
2026-09-30T09:42:00Z,4219.39990234375,4219.5,4219.10009765625,4219.5,35.0,yahoo,GC=F
2026-09-30T09:43:00Z,4219.2998046875,4219.39990234375,4219.10009765625,4219.2001953125,41.0,yahoo,GC=F
2026-09-30T09:44:00Z,4219.2998046875,4219.7001953125,4219.10009765625,4219.5,18.0,yahoo,GC=F
2026-09-30T09:45:00Z,4219.60009765625,4220.7998046875,4219.60009765625,4220.7998046875,41.0,yahoo,GC=F
2026-09-30T09:46:00Z,4220.39990234375,4220.39990234375,4219.2001953125,4219.39990234375,19.0,yahoo,GC=F
2026-09-30T09:47:00Z,4219.10009765625,4219.2001953125,4217.10009765625,4217.7001953125,103.0,yahoo,GC=F
2026-09-30T09:48:00Z,4218.0,4218.7998046875,4218.0,4218.2998046875,30.0,yahoo,GC=F
2026-09-30T09:49:00Z,4218.10009765625,4219.10009765625,4218.10009765625,4219.0,26.0,yahoo,GC=F
2026-09-30T09:50:00Z,4218.7998046875,4219.7001953125,4218.7001953125,4219.0,26.0,yahoo,GC=F
2026-09-30T09:51:00Z,4218.89990234375,4219.10009765625,4218.60009765625,4218.60009765625,7.0,yahoo,GC=F
2026-09-30T09:52:00Z,4218.5,4218.89990234375,4218.5,4218.5,14.0,yahoo,GC=F
2026-09-30T09:53:00Z,4218.5,4218.5,4217.7998046875,4218.0,14.0,yahoo,GC=F
2026-09-30T09:54:00Z,4217.89990234375,4219.0,4217.7998046875,4219.0,13.0,yahoo,GC=F
2026-09-30T09:55:00Z,4218.7998046875,4219.5,4218.5,4219.39990234375,36.0,yahoo,GC=F
2026-09-30T09:56:00Z,4219.39990234375,4219.39990234375,4218.2998046875,4219.39990234375,31.0,yahoo,GC=F
2026-09-30T09:57:00Z,4219.39990234375,4220.7998046875,4219.39990234375,4220.39990234375,52.0,yahoo,GC=F
2026-09-30T09:58:00Z,4220.2001953125,4220.5,4219.7001953125,4219.7998046875,51.0,yahoo,GC=F
2026-09-30T09:59:00Z,4219.7001953125,4219.7001953125,4219.2998046875,4219.2998046875,4.0,yahoo,GC=F
2026-09-30T10:00:00Z,4219.39990234375,4219.39990234375,4218.2001953125,4219.39990234375,56.0,yahoo,GC=F
2026-09-30T10:01:00Z,4219.39990234375,4220.60009765625,4219.39990234375,4220.60009765625,38.0,yahoo,GC=F
2026-09-30T10:02:00Z,4220.7001953125,4220.7001953125,4219.0,4219.60009765625,37.0,yahoo,GC=F
2026-09-30T10:03:00Z,4219.60009765625,4221.39990234375,4219.2001953125,4221.0,26.0,yahoo,GC=F
2026-09-30T10:04:00Z,4221.0,4221.5,4220.39990234375,4221.5,32.0,yahoo,GC=F
2026-09-30T10:05:00Z,4221.60009765625,4222.2001953125,4220.60009765625,4220.60009765625,55.0,yahoo,GC=F
2026-09-30T10:06:00Z,4220.2998046875,4220.7001953125,4219.89990234375,4220.60009765625,26.0,yahoo,GC=F
2026-09-30T10:07:00Z,4220.60009765625,4220.60009765625,4219.60009765625,4219.7998046875,32.0,yahoo,GC=F
2026-09-30T10:08:00Z,4219.39990234375,4219.39990234375,4218.7001953125,4219.2001953125,12.0,yahoo,GC=F
2026-09-30T10:09:00Z,4219.0,4220.10009765625,4218.7998046875,4219.10009765625,34.0,yahoo,GC=F
2026-09-30T10:10:00Z,4219.0,4219.10009765625,4218.2001953125,4218.2001953125,35.0,yahoo,GC=F
2026-09-30T10:11:00Z,4218.39990234375,4219.10009765625,4218.10009765625,4218.39990234375,67.0,yahoo,GC=F
2026-09-30T10:12:00Z,4218.2998046875,4219.10009765625,4217.89990234375,4219.0,31.0,yahoo,GC=F
2026-09-30T10:13:00Z,4219.2001953125,4220.0,4219.2001953125,4219.7998046875,37.0,yahoo,GC=F
2026-09-30T10:14:00Z,4219.7001953125,4220.5,4217.7998046875,4218.0,144.0,yahoo,GC=F
2026-09-30T10:15:00Z,4217.7998046875,4219.7001953125,4217.39990234375,4218.89990234375,112.0,yahoo,GC=F
2026-09-30T10:16:00Z,4218.89990234375,4219.39990234375,4218.2001953125,4218.89990234375,51.0,yahoo,GC=F
2026-09-30T10:17:00Z,4218.7998046875,4219.7998046875,4218.60009765625,4218.89990234375,97.0,yahoo,GC=F
2026-09-30T10:18:00Z,4218.60009765625,4219.7001953125,4216.60009765625,4217.2001953125,125.0,yahoo,GC=F
2026-09-30T10:19:00Z,4217.2998046875,4218.5,4216.10009765625,4216.60009765625,167.0,yahoo,GC=F
2026-09-30T10:20:00Z,4216.2998046875,4218.60009765625,4216.10009765625,4218.39990234375,43.0,yahoo,GC=F
2026-09-30T10:21:00Z,4218.10009765625,4219.2001953125,4217.7001953125,4218.89990234375,20.0,yahoo,GC=F
2026-09-30T10:22:00Z,4218.7998046875,4219.2998046875,4217.89990234375,4219.10009765625,164.0,yahoo,GC=F
2026-09-30T10:23:00Z,4219.5,4220.0,4218.7001953125,4218.7998046875,28.0,yahoo,GC=F
2026-09-30T10:24:00Z,4217.7001953125,4218.2998046875,4217.5,4218.0,39.0,yahoo,GC=F
2026-09-30T10:25:00Z,4218.2998046875,4220.89990234375,4217.89990234375,4220.7001953125,60.0,yahoo,GC=F
2026-09-30T10:26:00Z,4220.7998046875,4221.89990234375,4220.60009765625,4221.10009765625,71.0,yahoo,GC=F
2026-09-30T10:27:00Z,4221.0,4221.0,4219.2998046875,4219.2998046875,31.0,yahoo,GC=F
2026-09-30T10:28:00Z,4219.5,4219.89990234375,4219.5,4219.7998046875,10.0,yahoo,GC=F
2026-09-30T10:29:00Z,4220.0,4220.39990234375,4219.39990234375,4219.89990234375,25.0,yahoo,GC=F
2026-09-30T10:30:00Z,4219.7001953125,4220.10009765625,4219.39990234375,4219.89990234375,15.0,yahoo,GC=F
2026-09-30T10:31:00Z,4219.7001953125,4220.2998046875,4219.7001953125,4220.2998046875,4.0,yahoo,GC=F
2026-09-30T10:32:00Z,4219.60009765625,4220.60009765625,4219.10009765625,4219.7998046875,46.0,yahoo,GC=F
2026-09-30T10:33:00Z,4219.60009765625,4219.7998046875,4219.60009765625,4219.7998046875,5.0,yahoo,GC=F
2026-09-30T10:34:00Z,4219.60009765625,4219.89990234375,4217.7998046875,4217.89990234375,33.0,yahoo,GC=F
2026-09-30T10:35:00Z,4218.0,4219.2001953125,4217.89990234375,4218.60009765625,36.0,yahoo,GC=F
2026-09-30T10:36:00Z,4219.0,4220.0,4219.0,4219.7998046875,20.0,yahoo,GC=F
2026-09-30T10:37:00Z,4220.5,4220.5,4219.7001953125,4219.7001953125,19.0,yahoo,GC=F
2026-09-30T10:38:00Z,4220.0,4220.5,4219.7001953125,4219.7001953125,26.0,yahoo,GC=F
2026-09-30T10:39:00Z,4219.7998046875,4220.7001953125,4219.5,4220.0,33.0,yahoo,GC=F
2026-09-30T10:40:00Z,4219.89990234375,4220.2001953125,4219.60009765625,4219.60009765625,30.0,yahoo,GC=F
2026-09-30T10:41:00Z,4219.60009765625,4220.10009765625,4217.2001953125,4217.2001953125,88.0,yahoo,GC=F
2026-09-30T10:42:00Z,4217.10009765625,4217.60009765625,4216.2998046875,4216.39990234375,43.0,yahoo,GC=F
2026-09-30T10:43:00Z,4216.60009765625,4216.60009765625,4215.60009765625,4216.2001953125,80.0,yahoo,GC=F
2026-09-30T10:44:00Z,4216.5,4216.5,4215.2998046875,4215.2998046875,46.0,yahoo,GC=F
2026-09-30T10:45:00Z,4215.10009765625,4215.60009765625,4213.7001953125,4214.89990234375,134.0,yahoo,GC=F
2026-09-30T10:46:00Z,4215.10009765625,4217.39990234375,4215.10009765625,4216.60009765625,71.0,yahoo,GC=F
2026-09-30T10:47:00Z,4216.2001953125,4216.5,4215.2001953125,4215.5,52.0,yahoo,GC=F
2026-09-30T10:48:00Z,4215.60009765625,4216.89990234375,4215.5,4216.60009765625,40.0,yahoo,GC=F
2026-09-30T10:49:00Z,4216.7001953125,4216.7998046875,4216.2001953125,4216.2001953125,20.0,yahoo,GC=F
2026-09-30T10:50:00Z,4215.89990234375,4216.10009765625,4214.89990234375,4215.0,23.0,yahoo,GC=F
2026-09-30T10:51:00Z,4214.7001953125,4214.7998046875,4213.2001953125,4213.2001953125,59.0,yahoo,GC=F
2026-09-30T10:52:00Z,4213.5,4214.0,4212.60009765625,4212.7998046875,83.0,yahoo,GC=F
2026-09-30T10:53:00Z,4212.89990234375,4214.0,4212.5,4214.0,67.0,yahoo,GC=F
2026-09-30T10:54:00Z,4214.0,4215.7001953125,4213.7001953125,4215.60009765625,35.0,yahoo,GC=F
2026-09-30T10:55:00Z,4215.60009765625,4215.89990234375,4214.5,4214.7998046875,66.0,yahoo,GC=F
2026-09-30T10:56:00Z,4214.7998046875,4218.0,4214.5,4216.10009765625,175.0,yahoo,GC=F
2026-09-30T10:57:00Z,4216.2998046875,4216.7998046875,4216.0,4216.7998046875,105.0,yahoo,GC=F
2026-09-30T10:58:00Z,4216.7998046875,4216.7998046875,4215.7001953125,4215.7001953125,41.0,yahoo,GC=F
2026-09-30T10:59:00Z,4215.89990234375,4216.5,4215.7998046875,4216.0,37.0,yahoo,GC=F
2026-09-30T11:00:00Z,4215.89990234375,4216.39990234375,4215.2001953125,4216.39990234375,102.0,yahoo,GC=F
2026-09-30T11:01:00Z,4216.2998046875,4216.2998046875,4215.39990234375,4216.0,59.0,yahoo,GC=F
2026-09-30T11:02:00Z,4216.0,4216.5,4215.60009765625,4215.60009765625,19.0,yahoo,GC=F
2026-09-30T11:03:00Z,4216.0,4216.5,4215.89990234375,4216.0,16.0,yahoo,GC=F
2026-09-30T11:04:00Z,4215.7998046875,4216.0,4215.2998046875,4215.2998046875,25.0,yahoo,GC=F
2026-09-30T11:05:00Z,4215.60009765625,4216.0,4215.10009765625,4215.39990234375,49.0,yahoo,GC=F
2026-09-30T11:06:00Z,4215.5,4215.5,4214.2998046875,4214.39990234375,55.0,yahoo,GC=F
2026-09-30T11:07:00Z,4214.39990234375,4214.39990234375,4211.89990234375,4213.0,99.0,yahoo,GC=F
2026-09-30T11:08:00Z,4213.0,4213.39990234375,4212.10009765625,4212.7001953125,61.0,yahoo,GC=F
2026-09-30T11:09:00Z,4212.7998046875,4212.7998046875,4211.0,4211.2998046875,71.0,yahoo,GC=F
2026-09-30T11:10:00Z,4211.39990234375,4211.39990234375,4210.2001953125,4210.7998046875,85.0,yahoo,GC=F
2026-09-30T11:11:00Z,4210.5,4212.10009765625,4210.5,4211.10009765625,53.0,yahoo,GC=F
2026-09-30T11:12:00Z,4211.10009765625,4211.2998046875,4210.60009765625,4211.0,82.0,yahoo,GC=F
2026-09-30T11:13:00Z,4211.10009765625,4211.7001953125,4210.60009765625,4210.7001953125,72.0,yahoo,GC=F
2026-09-30T11:14:00Z,4210.89990234375,4211.5,4210.89990234375,4211.2998046875,43.0,yahoo,GC=F
2026-09-30T11:15:00Z,4211.2998046875,4211.60009765625,4209.7998046875,4209.7998046875,69.0,yahoo,GC=F
2026-09-30T11:16:00Z,4209.7001953125,4211.0,4209.7001953125,4210.89990234375,78.0,yahoo,GC=F
2026-09-30T11:17:00Z,4211.2001953125,4211.2001953125,4209.2998046875,4209.7998046875,104.0,yahoo,GC=F
2026-09-30T11:18:00Z,4209.89990234375,4210.5,4209.2998046875,4210.39990234375,92.0,yahoo,GC=F
2026-09-30T11:19:00Z,4210.60009765625,4210.89990234375,4209.2998046875,4209.2998046875,21.0,yahoo,GC=F
2026-09-30T11:20:00Z,4209.0,4209.89990234375,4207.7998046875,4208.7001953125,103.0,yahoo,GC=F
2026-09-30T11:21:00Z,4208.60009765625,4209.10009765625,4208.10009765625,4209.10009765625,25.0,yahoo,GC=F
2026-09-30T11:22:00Z,4209.2001953125,4211.2001953125,4208.60009765625,4211.10009765625,115.0,yahoo,GC=F
2026-09-30T11:23:00Z,4210.89990234375,4213.60009765625,4210.89990234375,4213.5,72.0,yahoo,GC=F
2026-09-30T11:24:00Z,4213.5,4213.7001953125,4212.5,4213.2998046875,86.0,yahoo,GC=F
2026-09-30T11:25:00Z,4213.2998046875,4215.0,4213.0,4214.60009765625,128.0,yahoo,GC=F
2026-09-30T11:26:00Z,4214.60009765625,4215.60009765625,4214.2001953125,4214.7998046875,51.0,yahoo,GC=F
2026-09-30T11:27:00Z,4215.0,4215.0,4214.0,4214.5,70.0,yahoo,GC=F
2026-09-30T11:28:00Z,4214.60009765625,4215.7998046875,4214.2998046875,4215.0,71.0,yahoo,GC=F
2026-09-30T11:29:00Z,4214.60009765625,4216.2001953125,4214.39990234375,4215.10009765625,50.0,yahoo,GC=F
2026-09-30T11:30:00Z,4214.7998046875,4215.2998046875,4213.7998046875,4214.7998046875,66.0,yahoo,GC=F
2026-09-30T11:31:00Z,4215.0,4216.7001953125,4214.7998046875,4215.7998046875,34.0,yahoo,GC=F
2026-09-30T11:32:00Z,4215.7001953125,4216.2001953125,4214.2998046875,4214.7001953125,100.0,yahoo,GC=F
2026-09-30T11:33:00Z,4214.89990234375,4215.60009765625,4214.5,4215.60009765625,31.0,yahoo,GC=F
2026-09-30T11:34:00Z,4216.0,4217.7001953125,4215.7998046875,4217.60009765625,28.0,yahoo,GC=F
2026-09-30T11:35:00Z,4217.7001953125,4218.60009765625,4217.2998046875,4218.2001953125,117.0,yahoo,GC=F
2026-09-30T11:36:00Z,4218.60009765625,4220.60009765625,4218.2001953125,4220.39990234375,200.0,yahoo,GC=F
2026-09-30T11:37:00Z,4220.5,4223.7998046875,4220.2001953125,4222.7001953125,490.0,yahoo,GC=F
2026-09-30T11:38:00Z,4222.89990234375,4223.39990234375,4222.10009765625,4222.2998046875,118.0,yahoo,GC=F
2026-09-30T11:39:00Z,4222.39990234375,4223.0,4221.0,4221.39990234375,102.0,yahoo,GC=F
2026-09-30T11:40:00Z,4221.2001953125,4221.89990234375,4220.2001953125,4220.5,114.0,yahoo,GC=F
2026-09-30T11:41:00Z,4220.2001953125,4220.2001953125,4217.89990234375,4218.10009765625,82.0,yahoo,GC=F
2026-09-30T11:42:00Z,4218.10009765625,4220.10009765625,4218.10009765625,4220.0,104.0,yahoo,GC=F
2026-09-30T11:43:00Z,4220.0,4220.0,4218.0,4218.10009765625,70.0,yahoo,GC=F
2026-09-30T11:44:00Z,4218.39990234375,4218.39990234375,4217.7001953125,4218.0,51.0,yahoo,GC=F
2026-09-30T11:45:00Z,4218.10009765625,4218.2001953125,4216.5,4216.60009765625,144.0,yahoo,GC=F
2026-09-30T11:46:00Z,4216.39990234375,4218.5,4215.5,4216.39990234375,533.0,yahoo,GC=F
2026-09-30T11:47:00Z,4216.60009765625,4217.2001953125,4215.39990234375,4215.39990234375,101.0,yahoo,GC=F
2026-09-30T11:48:00Z,4215.2998046875,4215.60009765625,4214.89990234375,4215.5,32.0,yahoo,GC=F
2026-09-30T11:49:00Z,4215.0,4216.7998046875,4215.0,4216.5,28.0,yahoo,GC=F
2026-09-30T11:50:00Z,4216.2001953125,4216.7001953125,4215.39990234375,4215.7001953125,38.0,yahoo,GC=F
2026-09-30T11:51:00Z,4215.89990234375,4217.2001953125,4215.89990234375,4216.5,39.0,yahoo,GC=F
2026-09-30T11:52:00Z,4216.5,4218.0,4216.5,4218.0,24.0,yahoo,GC=F
2026-09-30T11:53:00Z,4217.60009765625,4217.89990234375,4216.60009765625,4217.39990234375,44.0,yahoo,GC=F
2026-09-30T11:54:00Z,4217.5,4217.89990234375,4216.7998046875,4216.89990234375,42.0,yahoo,GC=F
2026-09-30T11:55:00Z,4217.0,4218.0,4216.60009765625,4217.2001953125,21.0,yahoo,GC=F
2026-09-30T11:56:00Z,4217.39990234375,4217.39990234375,4216.0,4216.5,24.0,yahoo,GC=F
2026-09-30T11:57:00Z,4216.60009765625,4216.7001953125,4215.5,4215.60009765625,29.0,yahoo,GC=F
2026-09-30T11:58:00Z,4215.5,4217.2998046875,4215.39990234375,4217.2998046875,27.0,yahoo,GC=F
2026-09-30T11:59:00Z,4217.7001953125,4218.39990234375,4217.7001953125,4218.2998046875,30.0,yahoo,GC=F
2026-09-30T12:00:00Z,4217.89990234375,4219.2001953125,4216.89990234375,4218.0,113.0,yahoo,GC=F
2026-09-30T12:01:00Z,4218.0,4218.5,4216.60009765625,4217.60009765625,57.0,yahoo,GC=F
2026-09-30T12:02:00Z,4217.0,4219.7998046875,4216.7001953125,4219.5,56.0,yahoo,GC=F
2026-09-30T12:03:00Z,4219.7998046875,4221.0,4219.60009765625,4219.7001953125,95.0,yahoo,GC=F
2026-09-30T12:04:00Z,4219.89990234375,4220.39990234375,4219.60009765625,4219.7998046875,40.0,yahoo,GC=F
2026-09-30T12:05:00Z,4219.0,4219.2001953125,4218.0,4218.2998046875,28.0,yahoo,GC=F
2026-09-30T12:06:00Z,4218.0,4218.39990234375,4216.7001953125,4218.2998046875,64.0,yahoo,GC=F
2026-09-30T12:07:00Z,4217.89990234375,4219.7001953125,4217.89990234375,4219.7001953125,113.0,yahoo,GC=F
2026-09-30T12:08:00Z,4219.60009765625,4219.7998046875,4218.39990234375,4218.60009765625,183.0,yahoo,GC=F
2026-09-30T12:09:00Z,4218.60009765625,4220.5,4218.39990234375,4220.10009765625,145.0,yahoo,GC=F
2026-09-30T12:10:00Z,4220.0,4222.39990234375,4220.0,4222.0,139.0,yahoo,GC=F
2026-09-30T12:11:00Z,4221.7998046875,4222.10009765625,4220.2998046875,4221.7001953125,253.0,yahoo,GC=F
2026-09-30T12:12:00Z,4221.60009765625,4222.5,4221.39990234375,4222.0,75.0,yahoo,GC=F
2026-09-30T12:13:00Z,4222.0,4223.5,4221.7998046875,4223.5,100.0,yahoo,GC=F
2026-09-30T12:14:00Z,4223.60009765625,4226.5,4223.5,4225.7998046875,300.0,yahoo,GC=F
2026-09-30T12:15:00Z,4226.10009765625,4226.2001953125,4221.60009765625,4222.7001953125,316.0,yahoo,GC=F
2026-09-30T12:16:00Z,4222.7998046875,4223.5,4222.0,4223.0,70.0,yahoo,GC=F
2026-09-30T12:17:00Z,4223.10009765625,4223.10009765625,4221.2998046875,4221.89990234375,107.0,yahoo,GC=F
2026-09-30T12:18:00Z,4222.0,4222.7998046875,4221.5,4221.7998046875,35.0,yahoo,GC=F
2026-09-30T12:19:00Z,4222.0,4222.60009765625,4220.5,4220.5,83.0,yahoo,GC=F
2026-09-30T12:20:00Z,4220.7998046875,4220.7998046875,4215.39990234375,4215.7001953125,330.0,yahoo,GC=F
2026-09-30T12:21:00Z,4215.89990234375,4216.5,4214.2998046875,4214.2998046875,122.0,yahoo,GC=F
2026-09-30T12:22:00Z,4214.2001953125,4219.10009765625,4213.89990234375,4217.39990234375,316.0,yahoo,GC=F
2026-09-30T12:23:00Z,4217.10009765625,4218.2998046875,4214.5,4216.7001953125,154.0,yahoo,GC=F
2026-09-30T12:24:00Z,4216.5,4222.5,4216.39990234375,4221.5,221.0,yahoo,GC=F
2026-09-30T12:25:00Z,4221.5,4224.2998046875,4218.7001953125,4219.39990234375,378.0,yahoo,GC=F
2026-09-30T12:26:00Z,4219.60009765625,4222.2998046875,4219.60009765625,4221.0,83.0,yahoo,GC=F
2026-09-30T12:27:00Z,4221.2998046875,4222.60009765625,4220.60009765625,4221.7001953125,82.0,yahoo,GC=F
2026-09-30T12:28:00Z,4221.5,4222.5,4220.7998046875,4222.39990234375,106.0,yahoo,GC=F
2026-09-30T12:29:00Z,4222.10009765625,4226.0,4221.89990234375,4226.0,490.0,yahoo,GC=F
2026-09-30T12:30:00Z,4226.0,4242.60009765625,4224.7001953125,4236.7001953125,1933.0,yahoo,GC=F
2026-09-30T12:31:00Z,4236.60009765625,4251.0,4236.5,4248.2998046875,2397.0,yahoo,GC=F
2026-09-30T12:32:00Z,4248.39990234375,4250.5,4245.0,4245.10009765625,1118.0,yahoo,GC=F
2026-09-30T12:33:00Z,4245.39990234375,4248.2001953125,4243.39990234375,4244.10009765625,682.0,yahoo,GC=F
2026-09-30T12:34:00Z,4244.39990234375,4247.5,4241.60009765625,4246.7001953125,511.0,yahoo,GC=F
2026-09-30T12:35:00Z,4246.89990234375,4251.10009765625,4245.7998046875,4245.89990234375,769.0,yahoo,GC=F
2026-09-30T12:36:00Z,4245.89990234375,4246.10009765625,4240.39990234375,4241.2998046875,459.0,yahoo,GC=F
2026-09-30T12:37:00Z,4241.39990234375,4243.10009765625,4238.60009765625,4242.39990234375,433.0,yahoo,GC=F
2026-09-30T12:38:00Z,4242.5,4242.7998046875,4239.60009765625,4239.7001953125,240.0,yahoo,GC=F
2026-09-30T12:39:00Z,4239.89990234375,4239.89990234375,4236.10009765625,4237.60009765625,416.0,yahoo,GC=F
2026-09-30T12:40:00Z,4237.2001953125,4242.7001953125,4237.2001953125,4242.2998046875,289.0,yahoo,GC=F
2026-09-30T12:41:00Z,4241.7001953125,4246.2998046875,4241.39990234375,4245.7001953125,526.0,yahoo,GC=F
2026-09-30T12:42:00Z,4246.10009765625,4248.2001953125,4242.39990234375,4243.0,345.0,yahoo,GC=F
2026-09-30T12:43:00Z,4243.2001953125,4245.2998046875,4241.7001953125,4243.2001953125,473.0,yahoo,GC=F
2026-09-30T12:44:00Z,4243.2998046875,4247.10009765625,4242.5,4246.39990234375,331.0,yahoo,GC=F
2026-09-30T12:45:00Z,4246.7001953125,4250.7001953125,4246.7001953125,4247.89990234375,651.0,yahoo,GC=F
2026-09-30T12:46:00Z,4247.89990234375,4248.0,4240.2998046875,4240.39990234375,625.0,yahoo,GC=F
2026-09-30T12:47:00Z,4240.7001953125,4243.7001953125,4238.89990234375,4242.2001953125,411.0,yahoo,GC=F
2026-09-30T12:48:00Z,4242.5,4247.7998046875,4241.89990234375,4246.7998046875,580.0,yahoo,GC=F
2026-09-30T12:49:00Z,4246.7001953125,4246.7998046875,4241.7998046875,4242.2998046875,229.0,yahoo,GC=F
2026-09-30T12:50:00Z,4242.2998046875,4244.0,4241.39990234375,4241.5,238.0,yahoo,GC=F
2026-09-30T12:51:00Z,4241.60009765625,4245.2001953125,4238.2001953125,4244.2998046875,423.0,yahoo,GC=F
2026-09-30T12:52:00Z,4244.2998046875,4245.2998046875,4242.60009765625,4242.7001953125,260.0,yahoo,GC=F
2026-09-30T12:53:00Z,4242.89990234375,4243.10009765625,4239.10009765625,4239.7001953125,220.0,yahoo,GC=F
2026-09-30T12:54:00Z,4239.7998046875,4244.89990234375,4239.60009765625,4244.10009765625,138.0,yahoo,GC=F
2026-09-30T12:55:00Z,4244.2998046875,4246.7998046875,4243.2998046875,4246.7001953125,244.0,yahoo,GC=F
2026-09-30T12:56:00Z,4247.0,4248.2998046875,4244.0,4244.7001953125,369.0,yahoo,GC=F
2026-09-30T12:57:00Z,4244.0,4245.10009765625,4241.2998046875,4241.2998046875,277.0,yahoo,GC=F
2026-09-30T12:58:00Z,4241.10009765625,4241.10009765625,4237.7001953125,4239.60009765625,261.0,yahoo,GC=F
2026-09-30T12:59:00Z,4240.0,4241.2998046875,4239.39990234375,4240.2001953125,209.0,yahoo,GC=F
2026-09-30T13:00:00Z,4240.2998046875,4246.5,4238.89990234375,4245.0,423.0,yahoo,GC=F
2026-09-30T13:01:00Z,4244.7998046875,4246.2001953125,4243.2998046875,4245.10009765625,168.0,yahoo,GC=F
2026-09-30T13:02:00Z,4244.7001953125,4245.10009765625,4242.2998046875,4244.0,237.0,yahoo,GC=F
2026-09-30T13:03:00Z,4244.2001953125,4244.2001953125,4241.7001953125,4242.7001953125,102.0,yahoo,GC=F
2026-09-30T13:04:00Z,4242.7001953125,4242.7001953125,4238.7998046875,4240.39990234375,227.0,yahoo,GC=F
2026-09-30T13:05:00Z,4240.5,4243.0,4240.5,4242.5,158.0,yahoo,GC=F
2026-09-30T13:06:00Z,4242.2998046875,4243.7001953125,4240.0,4240.60009765625,158.0,yahoo,GC=F
2026-09-30T13:07:00Z,4240.5,4243.2001953125,4239.7001953125,4241.39990234375,100.0,yahoo,GC=F
2026-09-30T13:08:00Z,4241.5,4242.89990234375,4237.2998046875,4237.7998046875,321.0,yahoo,GC=F
2026-09-30T13:09:00Z,4238.0,4239.2998046875,4237.0,4238.89990234375,162.0,yahoo,GC=F
2026-09-30T13:10:00Z,4238.89990234375,4238.89990234375,4235.2001953125,4235.39990234375,303.0,yahoo,GC=F
2026-09-30T13:11:00Z,4235.5,4237.7001953125,4234.89990234375,4236.89990234375,216.0,yahoo,GC=F
2026-09-30T13:12:00Z,4237.2001953125,4237.39990234375,4233.2998046875,4233.60009765625,251.0,yahoo,GC=F
2026-09-30T13:13:00Z,4233.7001953125,4237.2998046875,4233.5,4234.2998046875,313.0,yahoo,GC=F
2026-09-30T13:14:00Z,4234.10009765625,4235.39990234375,4233.2998046875,4234.2001953125,104.0,yahoo,GC=F
2026-09-30T13:15:00Z,4234.0,4235.39990234375,4230.7998046875,4231.39990234375,401.0,yahoo,GC=F
2026-09-30T13:16:00Z,4231.2001953125,4233.2998046875,4230.89990234375,4231.60009765625,99.0,yahoo,GC=F
2026-09-30T13:17:00Z,4231.60009765625,4232.0,4229.10009765625,4229.7001953125,166.0,yahoo,GC=F
2026-09-30T13:18:00Z,4229.89990234375,4230.7998046875,4227.7998046875,4230.2001953125,234.0,yahoo,GC=F
2026-09-30T13:19:00Z,4230.10009765625,4230.2001953125,4225.89990234375,4227.2998046875,228.0,yahoo,GC=F
2026-09-30T13:20:00Z,4227.2998046875,4229.10009765625,4224.2001953125,4224.60009765625,516.0,yahoo,GC=F
2026-09-30T13:21:00Z,4224.5,4226.60009765625,4223.7001953125,4224.2998046875,331.0,yahoo,GC=F
2026-09-30T13:22:00Z,4224.39990234375,4227.10009765625,4223.89990234375,4224.0,539.0,yahoo,GC=F
2026-09-30T13:23:00Z,4223.89990234375,4224.2998046875,4222.60009765625,4224.2001953125,117.0,yahoo,GC=F
2026-09-30T13:24:00Z,4224.0,4225.7001953125,4222.89990234375,4225.0,138.0,yahoo,GC=F
2026-09-30T13:25:00Z,4224.89990234375,4227.10009765625,4224.7001953125,4225.39990234375,181.0,yahoo,GC=F
2026-09-30T13:26:00Z,4225.10009765625,4228.7001953125,4224.7998046875,4228.2001953125,237.0,yahoo,GC=F
2026-09-30T13:27:00Z,4228.10009765625,4229.2001953125,4227.39990234375,4227.7998046875,91.0,yahoo,GC=F
2026-09-30T13:28:00Z,4227.2998046875,4227.7001953125,4224.7001953125,4225.39990234375,200.0,yahoo,GC=F
2026-09-30T13:29:00Z,4225.89990234375,4226.39990234375,4224.60009765625,4224.89990234375,120.0,yahoo,GC=F
2026-09-30T13:30:00Z,4224.7001953125,4227.0,4222.5,4225.2001953125,331.0,yahoo,GC=F
2026-09-30T13:31:00Z,4225.2001953125,4227.0,4223.2998046875,4224.0,237.0,yahoo,GC=F
2026-09-30T13:32:00Z,4224.0,4224.89990234375,4219.5,4220.39990234375,480.0,yahoo,GC=F
2026-09-30T13:33:00Z,4219.89990234375,4224.39990234375,4219.60009765625,4223.39990234375,430.0,yahoo,GC=F
2026-09-30T13:34:00Z,4223.2998046875,4225.2001953125,4223.10009765625,4224.2998046875,145.0,yahoo,GC=F
2026-09-30T13:35:00Z,4224.10009765625,4224.2998046875,4219.7001953125,4223.0,481.0,yahoo,GC=F
2026-09-30T13:36:00Z,4222.7998046875,4225.2001953125,4222.60009765625,4222.60009765625,165.0,yahoo,GC=F
2026-09-30T13:37:00Z,4222.7998046875,4222.7998046875,4219.60009765625,4219.60009765625,285.0,yahoo,GC=F
2026-09-30T13:38:00Z,4219.5,4219.60009765625,4215.10009765625,4217.10009765625,352.0,yahoo,GC=F
2026-09-30T13:39:00Z,4216.7998046875,4218.5,4216.2998046875,4217.7001953125,205.0,yahoo,GC=F
2026-09-30T13:40:00Z,4217.7998046875,4218.2001953125,4216.10009765625,4216.89990234375,152.0,yahoo,GC=F
2026-09-30T13:41:00Z,4216.89990234375,4218.7001953125,4216.2998046875,4218.39990234375,142.0,yahoo,GC=F
2026-09-30T13:42:00Z,4218.7998046875,4219.60009765625,4216.7998046875,4216.89990234375,128.0,yahoo,GC=F
2026-09-30T13:43:00Z,4216.7001953125,4216.7001953125,4213.39990234375,4213.60009765625,296.0,yahoo,GC=F
2026-09-30T13:44:00Z,4213.60009765625,4215.7998046875,4213.10009765625,4214.7998046875,205.0,yahoo,GC=F
2026-09-30T13:45:00Z,4214.5,4214.7001953125,4210.7001953125,4210.7001953125,348.0,yahoo,GC=F
2026-09-30T13:46:00Z,4210.60009765625,4211.0,4208.60009765625,4210.2001953125,515.0,yahoo,GC=F
2026-09-30T13:47:00Z,4210.2001953125,4214.2001953125,4210.2001953125,4214.2001953125,187.0,yahoo,GC=F
2026-09-30T13:48:00Z,4213.7998046875,4215.89990234375,4211.7998046875,4213.2998046875,332.0,yahoo,GC=F
2026-09-30T13:49:00Z,4213.5,4216.5,4211.89990234375,4211.89990234375,315.0,yahoo,GC=F
2026-09-30T13:50:00Z,4211.89990234375,4212.89990234375,4210.0,4211.2001953125,361.0,yahoo,GC=F
2026-09-30T13:51:00Z,4211.2998046875,4213.2998046875,4211.10009765625,4212.60009765625,291.0,yahoo,GC=F
2026-09-30T13:52:00Z,4212.39990234375,4212.39990234375,4207.5,4210.5,494.0,yahoo,GC=F
2026-09-30T13:53:00Z,4210.2001953125,4213.39990234375,4209.2998046875,4212.7001953125,201.0,yahoo,GC=F
2026-09-30T13:54:00Z,4212.60009765625,4214.2001953125,4211.7998046875,4213.89990234375,171.0,yahoo,GC=F
2026-09-30T13:55:00Z,4213.89990234375,4215.39990234375,4212.60009765625,4213.7998046875,261.0,yahoo,GC=F
2026-09-30T13:56:00Z,4213.7001953125,4214.7001953125,4210.7998046875,4211.7998046875,243.0,yahoo,GC=F
2026-09-30T13:57:00Z,4211.2998046875,4212.10009765625,4209.5,4210.7998046875,173.0,yahoo,GC=F
2026-09-30T13:58:00Z,4210.89990234375,4211.10009765625,4209.2998046875,4209.39990234375,168.0,yahoo,GC=F
2026-09-30T13:59:00Z,4209.5,4210.2998046875,4208.39990234375,4208.60009765625,210.0,yahoo,GC=F
2026-09-30T14:00:00Z,4208.7998046875,4209.60009765625,4207.39990234375,4208.2001953125,617.0,yahoo,GC=F
2026-09-30T14:01:00Z,4208.0,4209.10009765625,4205.39990234375,4207.5,524.0,yahoo,GC=F
2026-09-30T14:02:00Z,4207.5,4209.0,4205.60009765625,4208.89990234375,254.0,yahoo,GC=F
2026-09-30T14:03:00Z,4208.7001953125,4210.0,4206.5,4209.7001953125,421.0,yahoo,GC=F
2026-09-30T14:04:00Z,4209.5,4210.60009765625,4208.2001953125,4209.89990234375,176.0,yahoo,GC=F
2026-09-30T14:05:00Z,4210.0,4213.60009765625,4209.60009765625,4213.0,325.0,yahoo,GC=F
2026-09-30T14:06:00Z,4212.89990234375,4214.60009765625,4211.60009765625,4213.10009765625,351.0,yahoo,GC=F
2026-09-30T14:07:00Z,4213.10009765625,4213.2001953125,4209.7001953125,4209.7998046875,184.0,yahoo,GC=F
2026-09-30T14:08:00Z,4210.39990234375,4210.7001953125,4206.7001953125,4209.5,390.0,yahoo,GC=F
2026-09-30T14:09:00Z,4210.0,4212.7998046875,4206.7001953125,4212.7001953125,266.0,yahoo,GC=F
2026-09-30T14:10:00Z,4212.60009765625,4213.7998046875,4210.39990234375,4210.7998046875,289.0,yahoo,GC=F
2026-09-30T14:11:00Z,4210.60009765625,4212.2001953125,4209.60009765625,4212.10009765625,164.0,yahoo,GC=F
2026-09-30T14:12:00Z,4211.60009765625,4215.0,4210.7001953125,4212.89990234375,156.0,yahoo,GC=F
2026-09-30T14:13:00Z,4213.0,4213.2998046875,4211.2001953125,4211.89990234375,213.0,yahoo,GC=F
2026-09-30T14:14:00Z,4211.7001953125,4214.0,4210.7998046875,4211.5,227.0,yahoo,GC=F
2026-09-30T14:15:00Z,4211.39990234375,4214.10009765625,4210.10009765625,4213.5,248.0,yahoo,GC=F
2026-09-30T14:16:00Z,4213.7001953125,4213.7001953125,4210.2998046875,4211.89990234375,141.0,yahoo,GC=F
2026-09-30T14:17:00Z,4211.89990234375,4212.2001953125,4208.7998046875,4210.39990234375,163.0,yahoo,GC=F
2026-09-30T14:18:00Z,4210.7001953125,4211.60009765625,4208.89990234375,4208.89990234375,138.0,yahoo,GC=F
2026-09-30T14:19:00Z,4208.89990234375,4208.89990234375,4204.2998046875,4208.2998046875,645.0,yahoo,GC=F
2026-09-30T14:20:00Z,4208.39990234375,4210.5,4207.39990234375,4209.60009765625,228.0,yahoo,GC=F
2026-09-30T14:21:00Z,4209.60009765625,4211.39990234375,4206.7998046875,4207.10009765625,412.0,yahoo,GC=F
2026-09-30T14:22:00Z,4206.89990234375,4207.39990234375,4203.7998046875,4205.5,435.0,yahoo,GC=F
2026-09-30T14:23:00Z,4205.2998046875,4207.2998046875,4203.39990234375,4205.2998046875,415.0,yahoo,GC=F
2026-09-30T14:24:00Z,4205.2001953125,4206.10009765625,4204.7001953125,4204.7998046875,121.0,yahoo,GC=F
2026-09-30T14:25:00Z,4205.0,4205.2001953125,4201.0,4202.89990234375,243.0,yahoo,GC=F
2026-09-30T14:26:00Z,4202.7998046875,4204.7001953125,4202.39990234375,4204.2998046875,191.0,yahoo,GC=F
2026-09-30T14:27:00Z,4204.2998046875,4204.5,4202.2001953125,4203.39990234375,145.0,yahoo,GC=F
2026-09-30T14:28:00Z,4203.10009765625,4203.5,4200.7998046875,4202.2998046875,316.0,yahoo,GC=F
2026-09-30T14:29:00Z,4202.2998046875,4203.2001953125,4201.10009765625,4202.2998046875,175.0,yahoo,GC=F
2026-09-30T14:30:00Z,4202.60009765625,4204.0,4199.10009765625,4203.7998046875,662.0,yahoo,GC=F
2026-09-30T14:31:00Z,4203.7001953125,4204.7998046875,4201.5,4204.60009765625,377.0,yahoo,GC=F
2026-09-30T14:32:00Z,4204.7001953125,4206.2998046875,4200.0,4200.5,261.0,yahoo,GC=F
2026-09-30T14:33:00Z,4200.0,4203.10009765625,4197.5,4201.2001953125,636.0,yahoo,GC=F
2026-09-30T14:34:00Z,4201.2998046875,4201.39990234375,4199.5,4201.0,176.0,yahoo,GC=F
2026-09-30T14:35:00Z,4201.10009765625,4202.89990234375,4200.60009765625,4200.7998046875,265.0,yahoo,GC=F
2026-09-30T14:36:00Z,4200.60009765625,4201.7998046875,4197.60009765625,4197.60009765625,191.0,yahoo,GC=F
2026-09-30T14:37:00Z,4198.0,4198.89990234375,4195.10009765625,4196.2001953125,810.0,yahoo,GC=F
2026-09-30T14:38:00Z,4196.2001953125,4200.0,4195.5,4199.39990234375,524.0,yahoo,GC=F
2026-09-30T14:39:00Z,4199.2001953125,4201.39990234375,4197.5,4199.2998046875,219.0,yahoo,GC=F
2026-09-30T14:40:00Z,4199.39990234375,4201.2001953125,4197.5,4201.10009765625,103.0,yahoo,GC=F
2026-09-30T14:41:00Z,4201.10009765625,4202.10009765625,4199.89990234375,4201.89990234375,109.0,yahoo,GC=F
2026-09-30T14:42:00Z,4202.2001953125,4204.7001953125,4201.7001953125,4204.39990234375,191.0,yahoo,GC=F
2026-09-30T14:43:00Z,4204.2998046875,4204.60009765625,4200.7001953125,4202.0,318.0,yahoo,GC=F
2026-09-30T14:44:00Z,4201.5,4203.2998046875,4200.2001953125,4200.7998046875,139.0,yahoo,GC=F
2026-09-30T14:45:00Z,4200.5,4204.89990234375,4200.10009765625,4204.5,310.0,yahoo,GC=F
2026-09-30T14:46:00Z,4204.7001953125,4204.7001953125,4202.0,4202.89990234375,143.0,yahoo,GC=F
2026-09-30T14:47:00Z,4203.0,4204.60009765625,4202.2001953125,4204.10009765625,94.0,yahoo,GC=F
2026-09-30T14:48:00Z,4203.89990234375,4205.5,4202.0,4202.39990234375,171.0,yahoo,GC=F
2026-09-30T14:49:00Z,4202.2001953125,4204.2001953125,4201.60009765625,4204.2001953125,207.0,yahoo,GC=F
2026-09-30T14:50:00Z,4204.2998046875,4205.2001953125,4202.0,4203.10009765625,140.0,yahoo,GC=F
2026-09-30T14:51:00Z,4203.2998046875,4203.89990234375,4201.2001953125,4202.89990234375,107.0,yahoo,GC=F
2026-09-30T14:52:00Z,4203.2998046875,4203.39990234375,4199.60009765625,4202.39990234375,163.0,yahoo,GC=F
2026-09-30T14:53:00Z,4202.39990234375,4203.2998046875,4201.7998046875,4203.10009765625,435.0,yahoo,GC=F
2026-09-30T14:54:00Z,4203.2998046875,4208.2001953125,4203.2998046875,4206.5,470.0,yahoo,GC=F
2026-09-30T14:55:00Z,4207.10009765625,4208.10009765625,4206.10009765625,4207.10009765625,173.0,yahoo,GC=F
2026-09-30T14:56:00Z,4206.10009765625,4206.5,4201.5,4201.5,238.0,yahoo,GC=F
2026-09-30T14:57:00Z,4201.39990234375,4202.5,4200.2001953125,4201.5,100.0,yahoo,GC=F
2026-09-30T14:58:00Z,4201.5,4201.60009765625,4197.2001953125,4198.0,217.0,yahoo,GC=F
2026-09-30T14:59:00Z,4198.2001953125,4199.5,4195.89990234375,4196.39990234375,181.0,yahoo,GC=F
2026-09-30T15:00:00Z,4196.60009765625,4198.60009765625,4195.7001953125,4196.89990234375,669.0,yahoo,GC=F
2026-09-30T15:01:00Z,4196.7998046875,4197.89990234375,4195.2001953125,4196.10009765625,209.0,yahoo,GC=F
2026-09-30T15:02:00Z,4195.89990234375,4197.7001953125,4192.7998046875,4193.7001953125,492.0,yahoo,GC=F
2026-09-30T15:03:00Z,4193.5,4197.2001953125,4193.2001953125,4197.2001953125,369.0,yahoo,GC=F
2026-09-30T15:04:00Z,4197.2001953125,4199.2001953125,4196.7998046875,4198.60009765625,285.0,yahoo,GC=F
2026-09-30T15:05:00Z,4198.39990234375,4199.5,4196.39990234375,4197.2998046875,226.0,yahoo,GC=F
2026-09-30T15:06:00Z,4197.2001953125,4197.5,4191.39990234375,4193.10009765625,486.0,yahoo,GC=F
2026-09-30T15:07:00Z,4193.0,4193.7001953125,4190.60009765625,4191.2998046875,276.0,yahoo,GC=F
2026-09-30T15:08:00Z,4191.10009765625,4192.39990234375,4190.60009765625,4191.7998046875,172.0,yahoo,GC=F
2026-09-30T15:09:00Z,4192.10009765625,4194.2001953125,4191.7998046875,4193.2001953125,298.0,yahoo,GC=F
2026-09-30T15:10:00Z,4193.10009765625,4193.7001953125,4192.2001953125,4193.0,75.0,yahoo,GC=F
2026-09-30T15:11:00Z,4193.2001953125,4194.2001953125,4191.0,4192.2001953125,209.0,yahoo,GC=F
2026-09-30T15:12:00Z,4192.2001953125,4193.7998046875,4188.89990234375,4192.89990234375,1006.0,yahoo,GC=F
2026-09-30T15:13:00Z,4193.2998046875,4196.10009765625,4193.2998046875,4195.10009765625,553.0,yahoo,GC=F
2026-09-30T15:14:00Z,4195.0,4196.89990234375,4194.0,4195.10009765625,388.0,yahoo,GC=F
2026-09-30T15:15:00Z,4195.0,4197.10009765625,4194.60009765625,4195.39990234375,208.0,yahoo,GC=F
2026-09-30T15:16:00Z,4195.5,4195.89990234375,4191.7998046875,4191.7998046875,482.0,yahoo,GC=F
2026-09-30T15:17:00Z,4191.39990234375,4191.89990234375,4190.0,4191.5,205.0,yahoo,GC=F
2026-09-30T15:18:00Z,4191.2998046875,4191.89990234375,4190.39990234375,4191.10009765625,108.0,yahoo,GC=F
2026-09-30T15:19:00Z,4191.0,4191.2998046875,4189.7998046875,4190.7001953125,100.0,yahoo,GC=F
2026-09-30T15:20:00Z,4190.89990234375,4191.10009765625,4188.60009765625,4188.7998046875,244.0,yahoo,GC=F
2026-09-30T15:21:00Z,4189.0,4189.39990234375,4186.7001953125,4189.39990234375,232.0,yahoo,GC=F
2026-09-30T15:22:00Z,4189.10009765625,4189.5,4187.7001953125,4188.0,144.0,yahoo,GC=F
2026-09-30T15:23:00Z,4187.7998046875,4189.7998046875,4187.0,4189.7001953125,430.0,yahoo,GC=F
2026-09-30T15:24:00Z,4189.60009765625,4189.7998046875,4187.0,4187.0,278.0,yahoo,GC=F
2026-09-30T15:25:00Z,4187.10009765625,4189.2998046875,4185.2001953125,4185.7001953125,300.0,yahoo,GC=F
2026-09-30T15:26:00Z,4185.7001953125,4186.2998046875,4183.60009765625,4183.7998046875,829.0,yahoo,GC=F
2026-09-30T15:27:00Z,4183.7001953125,4183.89990234375,4182.10009765625,4182.7998046875,455.0,yahoo,GC=F
2026-09-30T15:28:00Z,4182.60009765625,4184.7001953125,4182.60009765625,4184.39990234375,299.0,yahoo,GC=F
2026-09-30T15:29:00Z,4184.7001953125,4188.2001953125,4184.7001953125,4187.89990234375,210.0,yahoo,GC=F
2026-09-30T15:30:00Z,4188.0,4193.10009765625,4188.0,4192.0,625.0,yahoo,GC=F
2026-09-30T15:31:00Z,4191.89990234375,4194.39990234375,4191.39990234375,4194.39990234375,258.0,yahoo,GC=F
2026-09-30T15:32:00Z,4194.0,4194.39990234375,4192.10009765625,4193.10009765625,191.0,yahoo,GC=F
2026-09-30T15:33:00Z,4193.0,4194.7001953125,4192.60009765625,4194.7001953125,327.0,yahoo,GC=F
2026-09-30T15:34:00Z,4194.7001953125,4195.0,4188.7998046875,4190.60009765625,756.0,yahoo,GC=F
2026-09-30T15:35:00Z,4190.5,4191.89990234375,4189.5,4189.7001953125,210.0,yahoo,GC=F
2026-09-30T15:36:00Z,4189.39990234375,4189.39990234375,4186.7001953125,4187.7998046875,129.0,yahoo,GC=F
2026-09-30T15:37:00Z,4187.39990234375,4189.7001953125,4186.60009765625,4189.60009765625,113.0,yahoo,GC=F
2026-09-30T15:38:00Z,4189.39990234375,4190.10009765625,4188.10009765625,4188.7001953125,74.0,yahoo,GC=F
2026-09-30T15:39:00Z,4188.39990234375,4189.2998046875,4187.7001953125,4188.89990234375,100.0,yahoo,GC=F
2026-09-30T15:40:00Z,4188.7001953125,4189.0,4187.89990234375,4188.0,95.0,yahoo,GC=F
2026-09-30T15:41:00Z,4188.10009765625,4189.89990234375,4187.7001953125,4189.89990234375,260.0,yahoo,GC=F
2026-09-30T15:42:00Z,4189.5,4189.89990234375,4188.10009765625,4188.89990234375,112.0,yahoo,GC=F
2026-09-30T15:43:00Z,4188.5,4188.7998046875,4186.7998046875,4187.7998046875,506.0,yahoo,GC=F
2026-09-30T15:44:00Z,4188.2001953125,4190.2001953125,4187.0,4188.39990234375,318.0,yahoo,GC=F
2026-09-30T15:45:00Z,4188.39990234375,4189.10009765625,4187.7998046875,4188.60009765625,189.0,yahoo,GC=F
2026-09-30T15:46:00Z,4189.10009765625,4189.60009765625,4188.10009765625,4189.10009765625,79.0,yahoo,GC=F
2026-09-30T15:47:00Z,4188.89990234375,4189.2998046875,4188.2998046875,4189.2998046875,53.0,yahoo,GC=F
2026-09-30T15:48:00Z,4189.39990234375,4191.5,4188.60009765625,4190.5,195.0,yahoo,GC=F
2026-09-30T15:49:00Z,4190.89990234375,4192.60009765625,4190.5,4192.60009765625,118.0,yahoo,GC=F
2026-09-30T15:50:00Z,4192.2998046875,4193.5,4191.7998046875,4193.2001953125,120.0,yahoo,GC=F
2026-09-30T15:51:00Z,4193.0,4193.0,4189.89990234375,4190.0,59.0,yahoo,GC=F
2026-09-30T15:52:00Z,4189.89990234375,4190.0,4187.7998046875,4188.2001953125,84.0,yahoo,GC=F
2026-09-30T15:53:00Z,4188.10009765625,4188.2998046875,4186.60009765625,4187.10009765625,107.0,yahoo,GC=F
2026-09-30T15:54:00Z,4187.10009765625,4187.7998046875,4184.7998046875,4185.39990234375,197.0,yahoo,GC=F
2026-09-30T15:55:00Z,4185.5,4186.5,4185.2998046875,4185.7998046875,165.0,yahoo,GC=F
2026-09-30T15:56:00Z,4185.7998046875,4187.2001953125,4185.39990234375,4185.60009765625,224.0,yahoo,GC=F
2026-09-30T15:57:00Z,4185.2998046875,4186.7001953125,4184.89990234375,4186.7001953125,56.0,yahoo,GC=F
2026-09-30T15:58:00Z,4186.7001953125,4186.7998046875,4185.7998046875,4186.2998046875,63.0,yahoo,GC=F
2026-09-30T15:59:00Z,4186.10009765625,4188.2998046875,4185.5,4188.2001953125,182.0,yahoo,GC=F
2026-09-30T16:00:00Z,4188.60009765625,4188.7998046875,4186.39990234375,4187.7001953125,179.0,yahoo,GC=F
2026-09-30T16:01:00Z,4187.60009765625,4189.5,4187.60009765625,4189.0,67.0,yahoo,GC=F
2026-09-30T16:02:00Z,4189.10009765625,4192.0,4188.89990234375,4191.2998046875,107.0,yahoo,GC=F
2026-09-30T16:03:00Z,4191.60009765625,4192.5,4190.89990234375,4190.89990234375,94.0,yahoo,GC=F
2026-09-30T16:04:00Z,4191.0,4192.7001953125,4190.7001953125,4191.7998046875,273.0,yahoo,GC=F
2026-09-30T16:05:00Z,4191.7001953125,4192.5,4191.39990234375,4192.0,152.0,yahoo,GC=F
2026-09-30T16:06:00Z,4192.39990234375,4192.5,4190.89990234375,4191.0,99.0,yahoo,GC=F
2026-09-30T16:07:00Z,4190.7001953125,4191.0,4187.7001953125,4187.7998046875,106.0,yahoo,GC=F
2026-09-30T16:08:00Z,4188.0,4189.7998046875,4188.0,4189.5,103.0,yahoo,GC=F
2026-09-30T16:09:00Z,4189.39990234375,4190.39990234375,4189.39990234375,4190.2001953125,60.0,yahoo,GC=F
2026-09-30T16:10:00Z,4190.5,4191.10009765625,4188.2998046875,4189.2998046875,267.0,yahoo,GC=F
2026-09-30T16:11:00Z,4189.10009765625,4192.2998046875,4188.60009765625,4190.2001953125,686.0,yahoo,GC=F
2026-09-30T16:12:00Z,4189.60009765625,4190.39990234375,4188.2001953125,4189.2001953125,229.0,yahoo,GC=F
2026-09-30T16:13:00Z,4189.2998046875,4192.5,4188.89990234375,4191.89990234375,172.0,yahoo,GC=F
2026-09-30T16:14:00Z,4191.7001953125,4191.7998046875,4190.39990234375,4191.7001953125,84.0,yahoo,GC=F
2026-09-30T16:15:00Z,4192.0,4192.60009765625,4189.39990234375,4191.2001953125,121.0,yahoo,GC=F
2026-09-30T16:16:00Z,4191.2998046875,4192.39990234375,4191.2998046875,4191.89990234375,77.0,yahoo,GC=F
2026-09-30T16:17:00Z,4191.7998046875,4192.2001953125,4188.7998046875,4189.5,127.0,yahoo,GC=F
2026-09-30T16:18:00Z,4189.39990234375,4190.10009765625,4188.39990234375,4189.89990234375,123.0,yahoo,GC=F
2026-09-30T16:19:00Z,4190.0,4191.2998046875,4190.0,4191.2998046875,57.0,yahoo,GC=F
2026-09-30T16:20:00Z,4191.7001953125,4192.39990234375,4191.2998046875,4192.2998046875,72.0,yahoo,GC=F
2026-09-30T16:21:00Z,4192.2998046875,4192.7998046875,4191.7998046875,4192.39990234375,66.0,yahoo,GC=F
2026-09-30T16:22:00Z,4192.2001953125,4194.0,4192.2001953125,4193.7998046875,134.0,yahoo,GC=F
2026-09-30T16:23:00Z,4193.5,4194.2001953125,4193.2001953125,4193.39990234375,140.0,yahoo,GC=F
2026-09-30T16:24:00Z,4193.5,4194.2001953125,4192.7001953125,4193.7001953125,160.0,yahoo,GC=F
2026-09-30T16:25:00Z,4193.7998046875,4193.7998046875,4191.7001953125,4191.7001953125,384.0,yahoo,GC=F
2026-09-30T16:26:00Z,4192.10009765625,4192.89990234375,4191.2998046875,4192.10009765625,283.0,yahoo,GC=F
2026-09-30T16:27:00Z,4192.39990234375,4192.60009765625,4190.7998046875,4191.0,286.0,yahoo,GC=F
2026-09-30T16:28:00Z,4190.89990234375,4192.7998046875,4190.89990234375,4192.10009765625,135.0,yahoo,GC=F
2026-09-30T16:29:00Z,4192.2998046875,4193.10009765625,4192.0,4192.7001953125,58.0,yahoo,GC=F
2026-09-30T16:30:00Z,4192.5,4193.10009765625,4190.2998046875,4190.5,143.0,yahoo,GC=F
2026-09-30T16:31:00Z,4190.7001953125,4192.0,4190.60009765625,4191.7001953125,60.0,yahoo,GC=F
2026-09-30T16:32:00Z,4191.60009765625,4192.2001953125,4190.89990234375,4191.10009765625,72.0,yahoo,GC=F
2026-09-30T16:33:00Z,4190.89990234375,4190.89990234375,4189.0,4189.5,52.0,yahoo,GC=F
2026-09-30T16:34:00Z,4189.2998046875,4189.39990234375,4188.39990234375,4189.2001953125,158.0,yahoo,GC=F
2026-09-30T16:35:00Z,4189.0,4189.0,4188.2001953125,4188.60009765625,181.0,yahoo,GC=F
2026-09-30T16:36:00Z,4188.7001953125,4189.0,4185.7998046875,4186.89990234375,339.0,yahoo,GC=F
2026-09-30T16:37:00Z,4187.0,4191.2998046875,4187.0,4190.0,385.0,yahoo,GC=F
2026-09-30T16:38:00Z,4190.2001953125,4192.0,4189.5,4191.89990234375,150.0,yahoo,GC=F
2026-09-30T16:39:00Z,4192.10009765625,4192.2001953125,4190.60009765625,4190.7998046875,87.0,yahoo,GC=F
2026-09-30T16:40:00Z,4190.89990234375,4190.89990234375,4190.2001953125,4190.2998046875,47.0,yahoo,GC=F
2026-09-30T16:41:00Z,4190.89990234375,4192.10009765625,4190.89990234375,4191.39990234375,28.0,yahoo,GC=F
2026-09-30T16:42:00Z,4191.2998046875,4191.60009765625,4189.7001953125,4191.5,89.0,yahoo,GC=F
2026-09-30T16:43:00Z,4191.2998046875,4191.7001953125,4191.0,4191.2998046875,35.0,yahoo,GC=F
2026-09-30T16:44:00Z,4191.39990234375,4192.5,4191.39990234375,4191.5,48.0,yahoo,GC=F
2026-09-30T16:45:00Z,4191.2998046875,4191.60009765625,4188.89990234375,4189.10009765625,171.0,yahoo,GC=F
2026-09-30T16:46:00Z,4188.89990234375,4189.7001953125,4188.60009765625,4189.7001953125,137.0,yahoo,GC=F
2026-09-30T16:47:00Z,4189.7998046875,4190.2001953125,4189.2001953125,4189.39990234375,37.0,yahoo,GC=F
2026-09-30T16:48:00Z,4189.2998046875,4190.2001953125,4189.2001953125,4189.89990234375,35.0,yahoo,GC=F
2026-09-30T16:49:00Z,4190.0,4190.0,4188.39990234375,4188.89990234375,69.0,yahoo,GC=F
2026-09-30T16:50:00Z,4188.7998046875,4191.7998046875,4188.7998046875,4191.39990234375,195.0,yahoo,GC=F
2026-09-30T16:51:00Z,4191.2998046875,4191.39990234375,4190.0,4190.10009765625,268.0,yahoo,GC=F
2026-09-30T16:52:00Z,4190.10009765625,4191.10009765625,4189.2998046875,4190.0,121.0,yahoo,GC=F
2026-09-30T16:53:00Z,4189.7998046875,4190.39990234375,4189.2001953125,4189.39990234375,216.0,yahoo,GC=F
2026-09-30T16:54:00Z,4189.5,4190.10009765625,4188.89990234375,4189.2001953125,97.0,yahoo,GC=F
2026-09-30T16:55:00Z,4189.2001953125,4190.2998046875,4188.10009765625,4188.2998046875,218.0,yahoo,GC=F
2026-09-30T16:56:00Z,4188.2001953125,4189.10009765625,4187.7001953125,4188.89990234375,221.0,yahoo,GC=F
2026-09-30T16:57:00Z,4189.0,4189.89990234375,4188.5,4189.2998046875,209.0,yahoo,GC=F
2026-09-30T16:58:00Z,4189.2001953125,4190.10009765625,4188.5,4189.2998046875,176.0,yahoo,GC=F
2026-09-30T16:59:00Z,4189.10009765625,4189.2001953125,4188.2001953125,4189.10009765625,88.0,yahoo,GC=F
2026-09-30T17:00:00Z,4189.2001953125,4190.10009765625,4188.5,4188.7001953125,91.0,yahoo,GC=F
2026-09-30T17:01:00Z,4188.7998046875,4190.10009765625,4188.5,4189.5,88.0,yahoo,GC=F
2026-09-30T17:02:00Z,4189.60009765625,4190.10009765625,4187.60009765625,4187.7998046875,107.0,yahoo,GC=F
2026-09-30T17:03:00Z,4187.7001953125,4188.2998046875,4187.0,4188.2998046875,88.0,yahoo,GC=F
2026-09-30T17:04:00Z,4188.0,4188.39990234375,4187.0,4188.10009765625,79.0,yahoo,GC=F
2026-09-30T17:05:00Z,4187.7998046875,4188.5,4186.5,4186.5,111.0,yahoo,GC=F
2026-09-30T17:06:00Z,4186.7001953125,4187.10009765625,4185.7998046875,4186.2001953125,148.0,yahoo,GC=F
2026-09-30T17:07:00Z,4186.10009765625,4186.60009765625,4185.60009765625,4186.2001953125,105.0,yahoo,GC=F
2026-09-30T17:08:00Z,4186.2001953125,4186.5,4185.10009765625,4185.2998046875,63.0,yahoo,GC=F
2026-09-30T17:09:00Z,4185.5,4186.2998046875,4184.10009765625,4184.39990234375,133.0,yahoo,GC=F
2026-09-30T17:10:00Z,4184.60009765625,4184.7001953125,4182.60009765625,4182.7998046875,133.0,yahoo,GC=F
2026-09-30T17:11:00Z,4183.0,4183.2001953125,4182.10009765625,4182.7001953125,261.0,yahoo,GC=F
2026-09-30T17:12:00Z,4182.39990234375,4185.5,4181.7001953125,4184.7001953125,337.0,yahoo,GC=F
2026-09-30T17:13:00Z,4185.0,4186.7998046875,4185.0,4186.10009765625,311.0,yahoo,GC=F
2026-09-30T17:14:00Z,4186.10009765625,4186.60009765625,4184.7001953125,4185.0,320.0,yahoo,GC=F
2026-09-30T17:15:00Z,4185.10009765625,4185.60009765625,4184.2998046875,4185.10009765625,97.0,yahoo,GC=F
2026-09-30T17:16:00Z,4184.89990234375,4185.10009765625,4182.2001953125,4183.2998046875,136.0,yahoo,GC=F
2026-09-30T17:17:00Z,4183.60009765625,4183.7998046875,4181.89990234375,4181.89990234375,146.0,yahoo,GC=F
2026-09-30T17:18:00Z,4181.7998046875,4182.89990234375,4181.2998046875,4182.89990234375,103.0,yahoo,GC=F
2026-09-30T17:19:00Z,4182.7998046875,4183.10009765625,4182.60009765625,4182.60009765625,57.0,yahoo,GC=F
2026-09-30T17:20:00Z,4182.7001953125,4182.7001953125,4181.5,4181.60009765625,197.0,yahoo,GC=F
2026-09-30T17:21:00Z,4181.39990234375,4183.7001953125,4181.39990234375,4182.7001953125,310.0,yahoo,GC=F
2026-09-30T17:22:00Z,4182.60009765625,4184.39990234375,4182.10009765625,4184.10009765625,463.0,yahoo,GC=F
2026-09-30T17:23:00Z,4183.7998046875,4184.60009765625,4183.2998046875,4184.2998046875,380.0,yahoo,GC=F
2026-09-30T17:24:00Z,4184.10009765625,4186.39990234375,4184.0,4186.10009765625,260.0,yahoo,GC=F
2026-09-30T17:25:00Z,4186.0,4186.5,4184.7998046875,4186.5,153.0,yahoo,GC=F
2026-09-30T17:26:00Z,4186.2998046875,4186.2998046875,4183.89990234375,4184.7998046875,151.0,yahoo,GC=F
2026-09-30T17:27:00Z,4184.60009765625,4185.2001953125,4183.89990234375,4184.7001953125,121.0,yahoo,GC=F
2026-09-30T17:28:00Z,4184.7001953125,4185.0,4184.0,4184.5,140.0,yahoo,GC=F
2026-09-30T17:29:00Z,4184.5,4188.2001953125,4184.10009765625,4186.89990234375,1195.0,yahoo,GC=F
2026-09-30T17:30:00Z,4186.89990234375,4187.10009765625,4184.2998046875,4184.7998046875,188.0,yahoo,GC=F
2026-09-30T17:31:00Z,4184.89990234375,4185.0,4184.10009765625,4184.7998046875,63.0,yahoo,GC=F
2026-09-30T17:32:00Z,4185.0,4185.89990234375,4184.7001953125,4185.0,67.0,yahoo,GC=F
2026-09-30T17:33:00Z,4185.10009765625,4185.5,4183.7998046875,4183.7998046875,34.0,yahoo,GC=F
2026-09-30T17:34:00Z,4183.60009765625,4183.60009765625,4181.60009765625,4181.60009765625,61.0,yahoo,GC=F
2026-09-30T17:35:00Z,4181.89990234375,4183.60009765625,4181.89990234375,4183.39990234375,139.0,yahoo,GC=F
2026-09-30T17:36:00Z,4183.2998046875,4184.39990234375,4183.10009765625,4183.60009765625,48.0,yahoo,GC=F
2026-09-30T17:37:00Z,4183.5,4183.7998046875,4182.5,4183.2998046875,27.0,yahoo,GC=F
2026-09-30T17:38:00Z,4183.2001953125,4184.2001953125,4183.2001953125,4183.5,19.0,yahoo,GC=F
2026-09-30T17:39:00Z,4183.5,4185.2001953125,4183.5,4185.0,117.0,yahoo,GC=F
2026-09-30T17:40:00Z,4185.10009765625,4185.10009765625,4183.7998046875,4184.2001953125,77.0,yahoo,GC=F
2026-09-30T17:41:00Z,4184.0,4185.39990234375,4183.89990234375,4185.0,44.0,yahoo,GC=F
2026-09-30T17:42:00Z,4184.7001953125,4184.7998046875,4183.89990234375,4184.39990234375,38.0,yahoo,GC=F
2026-09-30T17:43:00Z,4184.2998046875,4184.39990234375,4182.7998046875,4183.2001953125,41.0,yahoo,GC=F
2026-09-30T17:44:00Z,4182.89990234375,4183.0,4181.7001953125,4181.89990234375,75.0,yahoo,GC=F
2026-09-30T17:45:00Z,4181.7001953125,4181.7001953125,4178.60009765625,4179.7998046875,498.0,yahoo,GC=F
2026-09-30T17:46:00Z,4179.5,4180.60009765625,4178.7998046875,4179.39990234375,137.0,yahoo,GC=F
2026-09-30T17:47:00Z,4179.2998046875,4182.7001953125,4178.7998046875,4179.2998046875,482.0,yahoo,GC=F
2026-09-30T17:48:00Z,4179.0,4179.5,4178.2001953125,4179.0,98.0,yahoo,GC=F
2026-09-30T17:49:00Z,4179.2001953125,4181.2998046875,4178.5,4180.60009765625,146.0,yahoo,GC=F
2026-09-30T17:50:00Z,4180.7001953125,4182.60009765625,4180.7001953125,4181.5,101.0,yahoo,GC=F
2026-09-30T17:51:00Z,4181.39990234375,4182.0,4179.7001953125,4180.2001953125,90.0,yahoo,GC=F
2026-09-30T17:52:00Z,4180.2998046875,4180.7998046875,4179.89990234375,4180.0,29.0,yahoo,GC=F
2026-09-30T17:53:00Z,4179.89990234375,4180.60009765625,4179.5,4180.10009765625,94.0,yahoo,GC=F
2026-09-30T17:54:00Z,4180.0,4180.39990234375,4179.7001953125,4180.2001953125,153.0,yahoo,GC=F
2026-09-30T17:55:00Z,4180.2001953125,4180.60009765625,4179.7001953125,4180.2001953125,54.0,yahoo,GC=F
2026-09-30T17:56:00Z,4180.5,4181.0,4180.5,4180.7998046875,32.0,yahoo,GC=F
2026-09-30T17:57:00Z,4181.2001953125,4181.7001953125,4181.10009765625,4181.7001953125,47.0,yahoo,GC=F
2026-09-30T17:58:00Z,4181.60009765625,4182.2001953125,4181.60009765625,4182.10009765625,36.0,yahoo,GC=F
2026-09-30T17:59:00Z,4181.89990234375,4183.0,4181.7998046875,4182.7001953125,74.0,yahoo,GC=F
2026-09-30T18:00:00Z,4182.39990234375,4182.39990234375,4181.0,4181.60009765625,80.0,yahoo,GC=F
2026-09-30T18:01:00Z,4181.39990234375,4181.39990234375,4179.7001953125,4179.89990234375,97.0,yahoo,GC=F
2026-09-30T18:02:00Z,4180.5,4180.60009765625,4180.2001953125,4180.39990234375,40.0,yahoo,GC=F
2026-09-30T18:03:00Z,4180.7998046875,4181.2001953125,4180.2998046875,4180.7001953125,39.0,yahoo,GC=F
2026-09-30T18:04:00Z,4180.39990234375,4181.7998046875,4180.10009765625,4181.2001953125,81.0,yahoo,GC=F
2026-09-30T18:05:00Z,4181.0,4181.0,4180.2998046875,4180.39990234375,54.0,yahoo,GC=F
2026-09-30T18:06:00Z,4180.2001953125,4180.2001953125,4178.5,4179.5,126.0,yahoo,GC=F
2026-09-30T18:07:00Z,4179.5,4180.2001953125,4178.7998046875,4180.2001953125,82.0,yahoo,GC=F
2026-09-30T18:08:00Z,4180.10009765625,4180.7998046875,4179.89990234375,4180.60009765625,95.0,yahoo,GC=F
2026-09-30T18:09:00Z,4180.7001953125,4182.5,4180.7001953125,4181.7001953125,93.0,yahoo,GC=F
2026-09-30T18:10:00Z,4181.60009765625,4181.7998046875,4180.7998046875,4181.2001953125,43.0,yahoo,GC=F
2026-09-30T18:11:00Z,4181.7998046875,4182.5,4181.10009765625,4181.10009765625,110.0,yahoo,GC=F
2026-09-30T18:12:00Z,4181.0,4181.7001953125,4180.7998046875,4181.5,42.0,yahoo,GC=F
2026-09-30T18:13:00Z,4181.2998046875,4181.60009765625,4180.39990234375,4181.60009765625,169.0,yahoo,GC=F
2026-09-30T18:14:00Z,4181.2998046875,4181.7998046875,4180.5,4181.39990234375,124.0,yahoo,GC=F
2026-09-30T18:15:00Z,4181.39990234375,4181.7998046875,4181.10009765625,4181.7001953125,60.0,yahoo,GC=F
2026-09-30T18:16:00Z,4181.5,4182.2001953125,4181.2001953125,4182.10009765625,47.0,yahoo,GC=F
2026-09-30T18:17:00Z,4182.10009765625,4182.7001953125,4181.2001953125,4181.2001953125,46.0,yahoo,GC=F
2026-09-30T18:18:00Z,4181.7001953125,4181.7998046875,4180.2998046875,4181.7998046875,30.0,yahoo,GC=F
2026-09-30T18:19:00Z,4181.39990234375,4181.5,4180.7998046875,4181.5,18.0,yahoo,GC=F
2026-09-30T18:20:00Z,4181.60009765625,4182.7998046875,4181.60009765625,4182.2001953125,46.0,yahoo,GC=F
2026-09-30T18:21:00Z,4181.7001953125,4182.2998046875,4181.2998046875,4182.0,15.0,yahoo,GC=F
2026-09-30T18:22:00Z,4182.0,4182.0,4181.5,4181.89990234375,22.0,yahoo,GC=F
2026-09-30T18:23:00Z,4181.5,4182.39990234375,4181.2998046875,4182.2001953125,48.0,yahoo,GC=F
2026-09-30T18:24:00Z,4182.2998046875,4183.5,4182.2998046875,4183.10009765625,50.0,yahoo,GC=F
2026-09-30T18:25:00Z,4183.2998046875,4183.7001953125,4183.0,4183.10009765625,112.0,yahoo,GC=F
2026-09-30T18:26:00Z,4182.89990234375,4183.7001953125,4182.7998046875,4183.5,28.0,yahoo,GC=F
2026-09-30T18:27:00Z,4183.5,4184.10009765625,4183.10009765625,4183.39990234375,38.0,yahoo,GC=F
2026-09-30T18:28:00Z,4183.39990234375,4186.2001953125,4183.39990234375,4185.2998046875,107.0,yahoo,GC=F
2026-09-30T18:29:00Z,4185.2001953125,4185.89990234375,4184.89990234375,4185.89990234375,39.0,yahoo,GC=F
2026-09-30T18:30:00Z,4185.7998046875,4186.39990234375,4185.39990234375,4185.60009765625,50.0,yahoo,GC=F
2026-09-30T18:31:00Z,4185.2001953125,4185.60009765625,4184.2001953125,4184.89990234375,263.0,yahoo,GC=F
2026-09-30T18:32:00Z,4185.0,4186.7001953125,4184.60009765625,4185.7001953125,227.0,yahoo,GC=F
2026-09-30T18:33:00Z,4185.60009765625,4185.7998046875,4184.2998046875,4184.2998046875,204.0,yahoo,GC=F
2026-09-30T18:34:00Z,4184.39990234375,4185.2001953125,4183.89990234375,4184.60009765625,105.0,yahoo,GC=F
2026-09-30T18:35:00Z,4184.60009765625,4185.10009765625,4183.89990234375,4184.5,128.0,yahoo,GC=F
2026-09-30T18:36:00Z,4184.39990234375,4185.7998046875,4184.2001953125,4185.39990234375,87.0,yahoo,GC=F
2026-09-30T18:37:00Z,4185.10009765625,4186.2001953125,4184.7001953125,4186.10009765625,50.0,yahoo,GC=F
2026-09-30T18:38:00Z,4186.2001953125,4186.5,4185.2001953125,4185.60009765625,136.0,yahoo,GC=F
2026-09-30T18:39:00Z,4185.60009765625,4186.5,4185.5,4185.60009765625,49.0,yahoo,GC=F
2026-09-30T18:40:00Z,4185.7001953125,4186.2001953125,4185.0,4185.10009765625,45.0,yahoo,GC=F
2026-09-30T18:41:00Z,4185.0,4185.0,4183.7998046875,4183.7998046875,41.0,yahoo,GC=F
2026-09-30T18:42:00Z,4183.89990234375,4184.5,4183.2001953125,4184.5,42.0,yahoo,GC=F
2026-09-30T18:43:00Z,4184.7998046875,4185.2998046875,4182.7998046875,4183.2998046875,167.0,yahoo,GC=F
2026-09-30T18:44:00Z,4183.2001953125,4184.0,4182.60009765625,4183.7998046875,266.0,yahoo,GC=F
2026-09-30T18:45:00Z,4183.7998046875,4184.2001953125,4182.7998046875,4183.5,144.0,yahoo,GC=F
2026-09-30T18:46:00Z,4183.5,4184.0,4183.10009765625,4183.5,142.0,yahoo,GC=F
2026-09-30T18:47:00Z,4183.39990234375,4183.89990234375,4183.2998046875,4183.7998046875,77.0,yahoo,GC=F
2026-09-30T18:48:00Z,4183.60009765625,4183.60009765625,4181.5,4182.0,114.0,yahoo,GC=F
2026-09-30T18:49:00Z,4182.0,4182.5,4181.60009765625,4181.7998046875,35.0,yahoo,GC=F
2026-09-30T18:50:00Z,4181.7998046875,4183.0,4181.7998046875,4182.7998046875,61.0,yahoo,GC=F
2026-09-30T18:51:00Z,4182.7998046875,4183.0,4182.0,4182.2998046875,28.0,yahoo,GC=F
2026-09-30T18:52:00Z,4182.10009765625,4182.10009765625,4181.60009765625,4181.7001953125,20.0,yahoo,GC=F
2026-09-30T18:53:00Z,4181.7001953125,4182.89990234375,4181.7001953125,4182.60009765625,68.0,yahoo,GC=F
2026-09-30T18:54:00Z,4182.5,4183.2001953125,4182.2998046875,4183.2001953125,40.0,yahoo,GC=F
2026-09-30T18:55:00Z,4183.0,4183.10009765625,4182.2001953125,4182.7998046875,64.0,yahoo,GC=F
2026-09-30T18:56:00Z,4182.7001953125,4183.2998046875,4181.60009765625,4181.7998046875,233.0,yahoo,GC=F
2026-09-30T18:57:00Z,4181.89990234375,4182.2001953125,4181.2001953125,4181.89990234375,188.0,yahoo,GC=F
2026-09-30T18:58:00Z,4181.89990234375,4182.2998046875,4181.2998046875,4182.2001953125,250.0,yahoo,GC=F
2026-09-30T18:59:00Z,4181.89990234375,4183.2001953125,4181.7998046875,4182.7001953125,310.0,yahoo,GC=F
2026-09-30T19:00:00Z,4182.7998046875,4183.89990234375,4182.2998046875,4182.7001953125,323.0,yahoo,GC=F
2026-09-30T19:01:00Z,4182.7998046875,4184.10009765625,4182.39990234375,4183.7001953125,148.0,yahoo,GC=F
2026-09-30T19:02:00Z,4184.0,4184.0,4183.39990234375,4183.39990234375,26.0,yahoo,GC=F
2026-09-30T19:03:00Z,4183.60009765625,4184.39990234375,4182.0,4184.39990234375,97.0,yahoo,GC=F
2026-09-30T19:04:00Z,4184.2001953125,4184.7998046875,4183.7001953125,4184.7001953125,29.0,yahoo,GC=F
2026-09-30T19:05:00Z,4184.7001953125,4185.0,4184.39990234375,4184.60009765625,54.0,yahoo,GC=F
2026-09-30T19:06:00Z,4184.5,4184.5,4182.89990234375,4183.60009765625,96.0,yahoo,GC=F
2026-09-30T19:07:00Z,4183.39990234375,4183.89990234375,4183.10009765625,4183.39990234375,57.0,yahoo,GC=F
2026-09-30T19:08:00Z,4183.60009765625,4183.7998046875,4183.60009765625,4183.60009765625,5.0,yahoo,GC=F
2026-09-30T19:09:00Z,4183.5,4183.60009765625,4182.2001953125,4183.0,37.0,yahoo,GC=F
2026-09-30T19:10:00Z,4182.7998046875,4183.2001953125,4182.60009765625,4182.7998046875,30.0,yahoo,GC=F
2026-09-30T19:11:00Z,4182.7998046875,4182.89990234375,4181.5,4181.60009765625,54.0,yahoo,GC=F
2026-09-30T19:12:00Z,4181.39990234375,4181.5,4180.60009765625,4181.39990234375,77.0,yahoo,GC=F
2026-09-30T19:13:00Z,4181.39990234375,4181.89990234375,4180.5,4181.5,56.0,yahoo,GC=F
2026-09-30T19:14:00Z,4181.7998046875,4184.7998046875,4181.7998046875,4184.10009765625,188.0,yahoo,GC=F
2026-09-30T19:15:00Z,4184.10009765625,4184.10009765625,4181.2998046875,4181.2998046875,97.0,yahoo,GC=F
2026-09-30T19:16:00Z,4181.39990234375,4183.0,4181.39990234375,4182.7998046875,131.0,yahoo,GC=F
2026-09-30T19:17:00Z,4182.7001953125,4183.39990234375,4182.2001953125,4183.10009765625,113.0,yahoo,GC=F
2026-09-30T19:18:00Z,4182.89990234375,4184.2998046875,4182.89990234375,4183.89990234375,62.0,yahoo,GC=F
2026-09-30T19:19:00Z,4183.7998046875,4184.2001953125,4183.5,4184.2001953125,33.0,yahoo,GC=F
2026-09-30T19:20:00Z,4183.89990234375,4186.0,4183.39990234375,4185.7998046875,117.0,yahoo,GC=F
2026-09-30T19:21:00Z,4185.89990234375,4187.39990234375,4185.89990234375,4186.10009765625,188.0,yahoo,GC=F
2026-09-30T19:22:00Z,4185.89990234375,4186.7998046875,4185.7998046875,4186.5,167.0,yahoo,GC=F
2026-09-30T19:23:00Z,4186.39990234375,4186.39990234375,4184.7001953125,4184.7998046875,113.0,yahoo,GC=F
2026-09-30T19:24:00Z,4184.89990234375,4185.7998046875,4184.7998046875,4185.2998046875,91.0,yahoo,GC=F
2026-09-30T19:25:00Z,4185.10009765625,4185.60009765625,4184.89990234375,4185.2998046875,42.0,yahoo,GC=F
2026-09-30T19:26:00Z,4185.2998046875,4185.2998046875,4183.5,4184.7001953125,120.0,yahoo,GC=F
2026-09-30T19:27:00Z,4184.60009765625,4185.60009765625,4184.2998046875,4185.60009765625,28.0,yahoo,GC=F
2026-09-30T19:28:00Z,4185.7001953125,4186.10009765625,4184.89990234375,4186.0,66.0,yahoo,GC=F
2026-09-30T19:29:00Z,4185.7998046875,4186.39990234375,4185.60009765625,4185.89990234375,55.0,yahoo,GC=F
2026-09-30T19:30:00Z,4185.7001953125,4186.89990234375,4185.2998046875,4186.2998046875,93.0,yahoo,GC=F
2026-09-30T19:31:00Z,4186.2001953125,4186.2001953125,4184.89990234375,4185.7001953125,46.0,yahoo,GC=F
2026-09-30T19:32:00Z,4185.5,4187.0,4185.39990234375,4186.7998046875,64.0,yahoo,GC=F
2026-09-30T19:33:00Z,4186.89990234375,4187.10009765625,4186.2001953125,4186.2001953125,27.0,yahoo,GC=F
2026-09-30T19:34:00Z,4186.7001953125,4187.10009765625,4186.2001953125,4186.39990234375,65.0,yahoo,GC=F
2026-09-30T19:35:00Z,4186.10009765625,4187.0,4186.10009765625,4187.0,40.0,yahoo,GC=F
2026-09-30T19:36:00Z,4187.10009765625,4187.5,4186.10009765625,4186.10009765625,61.0,yahoo,GC=F
2026-09-30T19:37:00Z,4186.10009765625,4186.5,4185.2998046875,4185.7001953125,22.0,yahoo,GC=F
2026-09-30T19:38:00Z,4185.5,4185.7001953125,4185.10009765625,4185.39990234375,17.0,yahoo,GC=F
2026-09-30T19:39:00Z,4185.39990234375,4187.89990234375,4185.10009765625,4187.0,122.0,yahoo,GC=F
2026-09-30T19:40:00Z,4186.7001953125,4187.39990234375,4186.2998046875,4186.39990234375,36.0,yahoo,GC=F
2026-09-30T19:41:00Z,4186.10009765625,4186.10009765625,4184.7001953125,4184.7998046875,34.0,yahoo,GC=F
2026-09-30T19:42:00Z,4184.89990234375,4184.89990234375,4182.2998046875,4182.7998046875,38.0,yahoo,GC=F
2026-09-30T19:43:00Z,4182.60009765625,4184.10009765625,4182.39990234375,4183.7998046875,30.0,yahoo,GC=F
2026-09-30T19:44:00Z,4183.5,4184.7001953125,4183.5,4184.10009765625,44.0,yahoo,GC=F
2026-09-30T19:45:00Z,4184.0,4184.39990234375,4183.39990234375,4183.7001953125,89.0,yahoo,GC=F
2026-09-30T19:46:00Z,4183.60009765625,4184.10009765625,4183.10009765625,4183.5,43.0,yahoo,GC=F
2026-09-30T19:47:00Z,4183.2998046875,4183.5,4181.89990234375,4182.39990234375,53.0,yahoo,GC=F
2026-09-30T19:48:00Z,4182.2001953125,4186.60009765625,4182.10009765625,4185.2001953125,593.0,yahoo,GC=F
2026-09-30T19:49:00Z,4185.39990234375,4185.7998046875,4184.39990234375,4184.89990234375,70.0,yahoo,GC=F
2026-09-30T19:50:00Z,4184.7001953125,4186.0,4184.10009765625,4184.89990234375,100.0,yahoo,GC=F
2026-09-30T19:51:00Z,4184.7998046875,4185.0,4182.5,4182.89990234375,73.0,yahoo,GC=F
2026-09-30T19:52:00Z,4183.10009765625,4186.60009765625,4183.10009765625,4186.60009765625,142.0,yahoo,GC=F
2026-09-30T19:53:00Z,4186.39990234375,4188.7001953125,4186.2001953125,4187.2001953125,141.0,yahoo,GC=F
2026-09-30T19:54:00Z,4187.2001953125,4188.0,4186.5,4187.10009765625,75.0,yahoo,GC=F
2026-09-30T19:55:00Z,4186.89990234375,4188.0,4185.7001953125,4188.0,170.0,yahoo,GC=F
2026-09-30T19:56:00Z,4187.7001953125,4188.2998046875,4186.60009765625,4187.7998046875,156.0,yahoo,GC=F
2026-09-30T19:57:00Z,4187.89990234375,4189.0,4185.89990234375,4186.39990234375,99.0,yahoo,GC=F
2026-09-30T19:58:00Z,4186.2001953125,4186.5,4185.39990234375,4185.60009765625,122.0,yahoo,GC=F
2026-09-30T19:59:00Z,4186.2998046875,4189.2001953125,4185.7998046875,4187.89990234375,377.0,yahoo,GC=F
2026-09-30T20:00:00Z,4188.0,4188.2001953125,4186.0,4186.2998046875,164.0,yahoo,GC=F
2026-09-30T20:01:00Z,4186.10009765625,4187.2001953125,4185.39990234375,4186.0,45.0,yahoo,GC=F
2026-09-30T20:02:00Z,4186.10009765625,4186.10009765625,4184.39990234375,4184.5,28.0,yahoo,GC=F
2026-09-30T20:03:00Z,4184.39990234375,4185.0,4183.39990234375,4185.0,129.0,yahoo,GC=F
2026-09-30T20:04:00Z,4185.0,4186.89990234375,4184.2001953125,4186.7001953125,35.0,yahoo,GC=F
2026-09-30T20:05:00Z,4186.2001953125,4186.5,4185.60009765625,4186.39990234375,17.0,yahoo,GC=F
2026-09-30T20:06:00Z,4186.39990234375,4186.60009765625,4186.39990234375,4186.60009765625,18.0,yahoo,GC=F
2026-09-30T20:07:00Z,4186.2998046875,4186.60009765625,4185.89990234375,4186.10009765625,22.0,yahoo,GC=F
2026-09-30T20:08:00Z,4185.89990234375,4187.39990234375,4185.89990234375,4187.2998046875,35.0,yahoo,GC=F
2026-09-30T20:09:00Z,4187.2001953125,4187.60009765625,4187.2001953125,4187.60009765625,16.0,yahoo,GC=F
2026-09-30T20:10:00Z,4188.0,4188.7998046875,4188.0,4188.39990234375,28.0,yahoo,GC=F
2026-09-30T20:11:00Z,4188.2001953125,4188.2001953125,4187.2001953125,4187.2001953125,17.0,yahoo,GC=F
2026-09-30T20:12:00Z,4187.7001953125,4188.2001953125,4187.7001953125,4188.2001953125,9.0,yahoo,GC=F
2026-09-30T20:13:00Z,4187.89990234375,4188.2001953125,4187.60009765625,4187.60009765625,20.0,yahoo,GC=F
2026-09-30T20:14:00Z,4187.39990234375,4188.2998046875,4187.39990234375,4188.0,11.0,yahoo,GC=F
2026-09-30T20:15:00Z,4188.2998046875,4188.7998046875,4188.2001953125,4188.39990234375,23.0,yahoo,GC=F
2026-09-30T20:16:00Z,4188.39990234375,4188.5,4187.2001953125,4187.39990234375,24.0,yahoo,GC=F
2026-09-30T20:17:00Z,4187.2001953125,4187.2001953125,4187.0,4187.0,4.0,yahoo,GC=F
2026-09-30T20:18:00Z,4187.0,4187.10009765625,4186.89990234375,4186.89990234375,9.0,yahoo,GC=F
2026-09-30T20:19:00Z,4187.2998046875,4187.7001953125,4187.0,4187.2001953125,22.0,yahoo,GC=F
2026-09-30T20:20:00Z,4186.7998046875,4187.2998046875,4186.7998046875,4187.2998046875,6.0,yahoo,GC=F
2026-09-30T20:21:00Z,4187.5,4187.5,4187.10009765625,4187.39990234375,6.0,yahoo,GC=F
2026-09-30T20:22:00Z,4187.7001953125,4189.0,4187.7001953125,4189.0,13.0,yahoo,GC=F
2026-09-30T20:23:00Z,4189.0,4189.10009765625,4188.2998046875,4188.39990234375,11.0,yahoo,GC=F
2026-09-30T20:24:00Z,4188.2998046875,4189.10009765625,4188.2001953125,4188.7001953125,16.0,yahoo,GC=F
2026-09-30T20:25:00Z,4189.10009765625,4189.2001953125,4188.7001953125,4188.89990234375,10.0,yahoo,GC=F
2026-09-30T20:26:00Z,4188.7001953125,4188.89990234375,4188.7001953125,4188.89990234375,4.0,yahoo,GC=F
2026-09-30T20:27:00Z,4188.89990234375,4189.0,4188.7001953125,4189.0,5.0,yahoo,GC=F
2026-09-30T20:28:00Z,4189.10009765625,4189.39990234375,4189.10009765625,4189.39990234375,9.0,yahoo,GC=F
2026-09-30T20:29:00Z,4189.2001953125,4189.7998046875,4189.10009765625,4189.2001953125,24.0,yahoo,GC=F
2026-09-30T20:30:00Z,4189.0,4189.2998046875,4188.7998046875,4189.0,18.0,yahoo,GC=F
2026-09-30T20:31:00Z,4188.89990234375,4189.10009765625,4188.7001953125,4189.0,13.0,yahoo,GC=F
2026-09-30T20:32:00Z,4188.7998046875,4189.2001953125,4188.7998046875,4189.0,13.0,yahoo,GC=F
2026-09-30T20:33:00Z,4188.7001953125,4189.7001953125,4188.7001953125,4188.7998046875,51.0,yahoo,GC=F
2026-09-30T20:34:00Z,4189.10009765625,4189.7001953125,4189.10009765625,4189.7001953125,7.0,yahoo,GC=F
2026-09-30T20:35:00Z,4189.7001953125,4191.39990234375,4189.5,4190.60009765625,73.0,yahoo,GC=F
2026-09-30T20:36:00Z,4191.2001953125,4191.2998046875,4190.5,4190.5,29.0,yahoo,GC=F
2026-09-30T20:37:00Z,4190.2998046875,4191.2998046875,4190.2998046875,4191.10009765625,40.0,yahoo,GC=F
2026-09-30T20:38:00Z,4191.5,4191.7998046875,4191.2998046875,4191.5,16.0,yahoo,GC=F
2026-09-30T20:39:00Z,4191.60009765625,4192.2001953125,4191.39990234375,4192.2001953125,48.0,yahoo,GC=F
2026-09-30T20:40:00Z,4192.10009765625,4192.2998046875,4191.10009765625,4191.2998046875,21.0,yahoo,GC=F
2026-09-30T20:41:00Z,4191.39990234375,4191.39990234375,4190.5,4190.7998046875,23.0,yahoo,GC=F
2026-09-30T20:42:00Z,4190.7998046875,4191.0,4190.2998046875,4190.7998046875,31.0,yahoo,GC=F
2026-09-30T20:43:00Z,4190.7001953125,4191.10009765625,4190.5,4191.10009765625,14.0,yahoo,GC=F
2026-09-30T20:44:00Z,4191.2998046875,4191.39990234375,4190.60009765625,4190.60009765625,19.0,yahoo,GC=F
2026-09-30T20:45:00Z,4190.7001953125,4191.2998046875,4190.5,4191.2001953125,13.0,yahoo,GC=F
2026-09-30T20:46:00Z,4191.39990234375,4191.39990234375,4189.7001953125,4189.7001953125,72.0,yahoo,GC=F
2026-09-30T20:47:00Z,4189.89990234375,4190.5,4189.89990234375,4190.2001953125,23.0,yahoo,GC=F
2026-09-30T20:48:00Z,4189.7001953125,4189.7001953125,4189.39990234375,4189.60009765625,16.0,yahoo,GC=F
2026-09-30T20:49:00Z,4189.5,4189.60009765625,4188.39990234375,4188.89990234375,69.0,yahoo,GC=F
2026-09-30T20:50:00Z,4189.2001953125,4189.7001953125,4188.5,4189.2001953125,72.0,yahoo,GC=F
2026-09-30T20:51:00Z,4189.2998046875,4189.60009765625,4189.10009765625,4189.10009765625,17.0,yahoo,GC=F
2026-09-30T20:52:00Z,4189.2998046875,4189.5,4189.10009765625,4189.2998046875,20.0,yahoo,GC=F
2026-09-30T20:53:00Z,4189.10009765625,4189.7001953125,4189.10009765625,4189.39990234375,15.0,yahoo,GC=F
2026-09-30T20:54:00Z,4189.2998046875,4191.2998046875,4188.89990234375,4191.2001953125,49.0,yahoo,GC=F
2026-09-30T20:55:00Z,4191.0,4191.2998046875,4190.2998046875,4190.39990234375,68.0,yahoo,GC=F
2026-09-30T20:56:00Z,4190.60009765625,4190.89990234375,4189.7998046875,4190.39990234375,49.0,yahoo,GC=F
2026-09-30T20:57:00Z,4190.60009765625,4190.89990234375,4188.7001953125,4189.0,102.0,yahoo,GC=F
2026-09-30T20:58:00Z,4189.0,4189.2998046875,4188.2998046875,4188.7998046875,64.0,yahoo,GC=F
2026-09-30T20:59:00Z,4189.0,4190.0,4188.7998046875,4189.10009765625,110.0,yahoo,GC=F
2026-09-30T22:00:00Z,4190.10009765625,4192.0,4189.89990234375,4190.7998046875,0.0,yahoo,GC=F
2026-09-30T22:01:00Z,4190.10009765625,4190.7001953125,4189.60009765625,4190.10009765625,18.0,yahoo,GC=F
2026-09-30T22:02:00Z,4190.0,4190.39990234375,4188.5,4189.5,22.0,yahoo,GC=F
2026-09-30T22:03:00Z,4190.39990234375,4190.39990234375,4189.39990234375,4189.89990234375,24.0,yahoo,GC=F
2026-09-30T22:04:00Z,4189.60009765625,4189.89990234375,4189.2001953125,4189.7998046875,19.0,yahoo,GC=F
2026-09-30T22:05:00Z,4189.60009765625,4190.7998046875,4189.5,4190.2998046875,35.0,yahoo,GC=F
2026-09-30T22:06:00Z,4190.39990234375,4190.7001953125,4190.0,4190.2998046875,58.0,yahoo,GC=F
2026-09-30T22:07:00Z,4190.2001953125,4190.2001953125,4188.60009765625,4188.89990234375,50.0,yahoo,GC=F
2026-09-30T22:08:00Z,4188.89990234375,4190.0,4188.60009765625,4189.7001953125,59.0,yahoo,GC=F
2026-09-30T22:09:00Z,4189.89990234375,4190.10009765625,4187.60009765625,4188.0,63.0,yahoo,GC=F
2026-09-30T22:10:00Z,4187.89990234375,4188.10009765625,4186.89990234375,4187.2998046875,72.0,yahoo,GC=F
2026-09-30T22:11:00Z,4187.39990234375,4187.5,4186.60009765625,4186.60009765625,61.0,yahoo,GC=F
2026-09-30T22:12:00Z,4186.7001953125,4187.10009765625,4185.0,4186.2998046875,134.0,yahoo,GC=F
2026-09-30T22:13:00Z,4186.2001953125,4186.5,4185.39990234375,4186.39990234375,27.0,yahoo,GC=F
2026-09-30T22:14:00Z,4186.5,4186.7998046875,4185.5,4186.7001953125,49.0,yahoo,GC=F
2026-09-30T22:15:00Z,4186.7998046875,4187.0,4185.89990234375,4185.89990234375,28.0,yahoo,GC=F
2026-09-30T22:16:00Z,4186.39990234375,4186.7001953125,4185.7998046875,4185.89990234375,11.0,yahoo,GC=F
2026-09-30T22:17:00Z,4186.2001953125,4186.2998046875,4185.39990234375,4185.5,11.0,yahoo,GC=F
2026-09-30T22:18:00Z,4185.89990234375,4186.10009765625,4185.10009765625,4185.39990234375,17.0,yahoo,GC=F
2026-09-30T22:19:00Z,4185.2998046875,4185.5,4185.2001953125,4185.39990234375,31.0,yahoo,GC=F
2026-09-30T22:20:00Z,4185.5,4186.2998046875,4185.39990234375,4186.0,19.0,yahoo,GC=F
2026-09-30T22:21:00Z,4186.10009765625,4186.10009765625,4185.7998046875,4185.89990234375,8.0,yahoo,GC=F
2026-09-30T22:22:00Z,4186.2001953125,4186.89990234375,4186.2001953125,4186.7001953125,16.0,yahoo,GC=F
2026-09-30T22:24:00Z,4186.5,4186.5,4186.0,4186.39990234375,10.0,yahoo,GC=F
2026-09-30T22:25:00Z,4186.5,4186.5,4185.2998046875,4185.2998046875,26.0,yahoo,GC=F
2026-09-30T22:26:00Z,4185.7998046875,4186.10009765625,4185.7998046875,4186.10009765625,5.0,yahoo,GC=F
2026-09-30T22:29:00Z,4186.2998046875,4186.5,4186.2998046875,4186.2998046875,5.0,yahoo,GC=F
2026-09-30T22:30:00Z,4186.5,4186.5,4186.2001953125,4186.2998046875,7.0,yahoo,GC=F
2026-09-30T22:31:00Z,4186.60009765625,4186.7998046875,4186.2998046875,4186.2998046875,20.0,yahoo,GC=F
2026-09-30T22:32:00Z,4186.2998046875,4186.60009765625,4186.2998046875,4186.60009765625,4.0,yahoo,GC=F
2026-09-30T22:33:00Z,4186.2998046875,4186.39990234375,4186.0,4186.2998046875,12.0,yahoo,GC=F
2026-09-30T22:34:00Z,4186.10009765625,4186.2998046875,4185.39990234375,4186.2001953125,19.0,yahoo,GC=F
2026-09-30T22:35:00Z,4186.7001953125,4187.10009765625,4185.7998046875,4185.7998046875,27.0,yahoo,GC=F
2026-09-30T22:36:00Z,4185.60009765625,4186.2001953125,4185.5,4186.2001953125,6.0,yahoo,GC=F
2026-09-30T22:37:00Z,4185.89990234375,4186.10009765625,4185.7998046875,4186.10009765625,9.0,yahoo,GC=F
2026-09-30T22:38:00Z,4186.2001953125,4186.2998046875,4185.7998046875,4186.0,13.0,yahoo,GC=F
2026-09-30T22:39:00Z,4185.7998046875,4185.7998046875,4185.7998046875,4185.7998046875,3.0,yahoo,GC=F
2026-09-30T22:40:00Z,4185.89990234375,4186.0,4185.7001953125,4185.89990234375,12.0,yahoo,GC=F
2026-09-30T22:41:00Z,4186.10009765625,4186.39990234375,4185.60009765625,4185.60009765625,26.0,yahoo,GC=F
2026-09-30T22:42:00Z,4185.60009765625,4185.60009765625,4185.39990234375,4185.39990234375,3.0,yahoo,GC=F
2026-09-30T22:43:00Z,4185.2998046875,4185.5,4185.0,4185.10009765625,39.0,yahoo,GC=F
2026-09-30T22:44:00Z,4185.10009765625,4185.2998046875,4184.5,4184.7998046875,27.0,yahoo,GC=F
2026-09-30T22:45:00Z,4184.2998046875,4184.7998046875,4183.89990234375,4184.7998046875,20.0,yahoo,GC=F
2026-09-30T22:46:00Z,4185.0,4185.2998046875,4185.0,4185.10009765625,7.0,yahoo,GC=F
2026-09-30T22:47:00Z,4185.0,4185.10009765625,4185.0,4185.10009765625,2.0,yahoo,GC=F
2026-09-30T22:48:00Z,4185.2998046875,4185.60009765625,4185.2998046875,4185.2998046875,7.0,yahoo,GC=F
2026-09-30T22:49:00Z,4185.2001953125,4185.2001953125,4184.7998046875,4184.89990234375,13.0,yahoo,GC=F
2026-09-30T22:50:00Z,4184.7998046875,4184.89990234375,4184.7001953125,4184.7998046875,7.0,yahoo,GC=F
2026-09-30T22:51:00Z,4184.7998046875,4184.89990234375,4184.39990234375,4184.89990234375,17.0,yahoo,GC=F
2026-09-30T22:52:00Z,4185.0,4185.0,4184.60009765625,4184.60009765625,9.0,yahoo,GC=F
2026-09-30T22:53:00Z,4184.60009765625,4184.60009765625,4184.10009765625,4184.2001953125,11.0,yahoo,GC=F
2026-09-30T22:54:00Z,4184.2998046875,4184.2998046875,4184.10009765625,4184.10009765625,6.0,yahoo,GC=F
2026-09-30T22:55:00Z,4184.2001953125,4184.60009765625,4183.89990234375,4184.39990234375,12.0,yahoo,GC=F
2026-09-30T22:56:00Z,4184.39990234375,4184.5,4184.2001953125,4184.5,9.0,yahoo,GC=F
2026-09-30T22:57:00Z,4184.60009765625,4184.60009765625,4184.5,4184.60009765625,5.0,yahoo,GC=F
2026-09-30T22:58:00Z,4184.39990234375,4184.39990234375,4183.39990234375,4184.2001953125,15.0,yahoo,GC=F
2026-09-30T22:59:00Z,4184.2001953125,4184.7998046875,4184.2001953125,4184.5,14.0,yahoo,GC=F
2026-09-30T23:00:00Z,4184.39990234375,4184.5,4184.2001953125,4184.39990234375,9.0,yahoo,GC=F
2026-09-30T23:01:00Z,4184.0,4184.10009765625,4183.89990234375,4184.10009765625,3.0,yahoo,GC=F
2026-09-30T23:02:00Z,4183.7998046875,4184.0,4183.5,4184.0,36.0,yahoo,GC=F
2026-09-30T23:03:00Z,4184.0,4184.2001953125,4184.0,4184.2001953125,5.0,yahoo,GC=F
2026-09-30T23:04:00Z,4184.2998046875,4184.60009765625,4184.2998046875,4184.2998046875,8.0,yahoo,GC=F
2026-09-30T23:05:00Z,4184.10009765625,4184.10009765625,4184.10009765625,4184.10009765625,4.0,yahoo,GC=F
2026-09-30T23:06:00Z,4184.0,4184.0,4183.7998046875,4183.7998046875,5.0,yahoo,GC=F
2026-09-30T23:07:00Z,4183.7001953125,4183.7001953125,4183.5,4183.5,3.0,yahoo,GC=F
2026-09-30T23:08:00Z,4183.39990234375,4183.7001953125,4183.2001953125,4183.2001953125,14.0,yahoo,GC=F
2026-09-30T23:09:00Z,4183.2998046875,4183.2998046875,4182.89990234375,4182.89990234375,17.0,yahoo,GC=F
2026-09-30T23:10:00Z,4183.2998046875,4183.60009765625,4183.2001953125,4183.2001953125,16.0,yahoo,GC=F
2026-09-30T23:11:00Z,4183.2001953125,4183.2001953125,4181.7998046875,4182.2998046875,83.0,yahoo,GC=F
2026-09-30T23:12:00Z,4182.39990234375,4182.7001953125,4182.0,4182.60009765625,20.0,yahoo,GC=F
2026-09-30T23:13:00Z,4182.39990234375,4182.39990234375,4182.2001953125,4182.2001953125,5.0,yahoo,GC=F
2026-09-30T23:14:00Z,4182.2998046875,4182.60009765625,4182.2001953125,4182.2998046875,6.0,yahoo,GC=F
2026-09-30T23:15:00Z,4182.39990234375,4182.89990234375,4182.10009765625,4182.7998046875,20.0,yahoo,GC=F
2026-09-30T23:16:00Z,4182.89990234375,4182.89990234375,4182.60009765625,4182.7001953125,12.0,yahoo,GC=F
2026-09-30T23:17:00Z,4183.0,4183.2001953125,4182.7998046875,4183.0,14.0,yahoo,GC=F
2026-09-30T23:18:00Z,4183.2001953125,4183.2001953125,4182.89990234375,4183.10009765625,6.0,yahoo,GC=F
2026-09-30T23:19:00Z,4183.0,4183.0,4183.0,4183.0,1.0,yahoo,GC=F
2026-09-30T23:20:00Z,4183.0,4183.5,4182.60009765625,4183.5,28.0,yahoo,GC=F
2026-09-30T23:21:00Z,4183.7998046875,4184.89990234375,4183.7998046875,4184.60009765625,24.0,yahoo,GC=F
2026-09-30T23:22:00Z,4184.7001953125,4185.0,4184.7001953125,4185.0,12.0,yahoo,GC=F
2026-09-30T23:23:00Z,4184.60009765625,4184.7998046875,4184.5,4184.7001953125,4.0,yahoo,GC=F
2026-09-30T23:24:00Z,4184.89990234375,4185.2001953125,4184.89990234375,4185.2001953125,6.0,yahoo,GC=F
2026-09-30T23:25:00Z,4184.60009765625,4184.60009765625,4184.60009765625,4184.60009765625,0.0,yahoo,GC=F
