timestamp_utc,open,high,low,close,volume,source,symbol
2026-09-22T00:00:00Z,4407.0,4407.60009765625,4405.0,4407.0,131.0,yahoo,GC=F
2026-09-22T00:01:00Z,4406.89990234375,4408.0,4406.0,4407.60009765625,128.0,yahoo,GC=F
2026-09-22T00:02:00Z,4408.0,4414.10009765625,4408.0,4412.60009765625,551.0,yahoo,GC=F
2026-09-22T00:03:00Z,4412.60009765625,4412.60009765625,4408.7998046875,4409.7998046875,169.0,yahoo,GC=F
2026-09-22T00:04:00Z,4409.60009765625,4412.0,4409.60009765625,4410.39990234375,74.0,yahoo,GC=F
2026-09-22T00:05:00Z,4410.5,4410.60009765625,4408.7998046875,4410.2998046875,140.0,yahoo,GC=F
2026-09-22T00:06:00Z,4410.7001953125,4411.0,4409.2001953125,4410.39990234375,43.0,yahoo,GC=F
2026-09-22T00:07:00Z,4410.10009765625,4411.10009765625,4409.0,4410.10009765625,88.0,yahoo,GC=F
2026-09-22T00:08:00Z,4410.10009765625,4410.5,4407.5,4410.5,159.0,yahoo,GC=F
2026-09-22T00:09:00Z,4410.2001953125,4412.10009765625,4409.39990234375,4412.0,99.0,yahoo,GC=F
2026-09-22T00:10:00Z,4412.39990234375,4412.7001953125,4409.60009765625,4410.89990234375,85.0,yahoo,GC=F
2026-09-22T00:11:00Z,4410.89990234375,4411.7998046875,4408.2001953125,4408.2998046875,71.0,yahoo,GC=F
2026-09-22T00:12:00Z,4408.7001953125,4410.7001953125,4408.0,4409.2998046875,86.0,yahoo,GC=F
2026-09-22T00:13:00Z,4409.2998046875,4409.89990234375,4408.5,4409.39990234375,48.0,yahoo,GC=F
2026-09-22T00:14:00Z,4409.39990234375,4409.39990234375,4407.89990234375,4408.2001953125,15.0,yahoo,GC=F
2026-09-22T00:15:00Z,4407.7998046875,4407.7998046875,4403.2998046875,4404.5,250.0,yahoo,GC=F
2026-09-22T00:16:00Z,4404.5,4404.7998046875,4400.89990234375,4401.2001953125,168.0,yahoo,GC=F
2026-09-22T00:17:00Z,4401.7001953125,4402.5,4399.89990234375,4399.89990234375,116.0,yahoo,GC=F
2026-09-22T00:18:00Z,4399.89990234375,4400.10009765625,4396.5,4397.5,280.0,yahoo,GC=F
2026-09-22T00:19:00Z,4397.39990234375,4399.2001953125,4397.0,4398.2998046875,161.0,yahoo,GC=F
2026-09-22T00:20:00Z,4398.89990234375,4399.7001953125,4397.39990234375,4398.10009765625,66.0,yahoo,GC=F
2026-09-22T00:21:00Z,4398.10009765625,4399.39990234375,4397.60009765625,4397.89990234375,63.0,yahoo,GC=F
2026-09-22T00:22:00Z,4397.5,4398.39990234375,4396.2998046875,4398.2001953125,50.0,yahoo,GC=F
2026-09-22T00:23:00Z,4398.10009765625,4400.39990234375,4398.0,4399.7001953125,61.0,yahoo,GC=F
2026-09-22T00:24:00Z,4398.39990234375,4398.7001953125,4398.39990234375,4398.60009765625,9.0,yahoo,GC=F
2026-09-22T00:25:00Z,4398.7998046875,4398.7998046875,4396.7001953125,4396.7001953125,36.0,yahoo,GC=F
2026-09-22T00:26:00Z,4396.39990234375,4397.39990234375,4396.39990234375,4397.39990234375,23.0,yahoo,GC=F
2026-09-22T00:27:00Z,4397.39990234375,4397.5,4395.7001953125,4396.7001953125,65.0,yahoo,GC=F
2026-09-22T00:28:00Z,4396.5,4396.7998046875,4396.2001953125,4396.2998046875,30.0,yahoo,GC=F
2026-09-22T00:29:00Z,4396.39990234375,4396.60009765625,4395.60009765625,4395.89990234375,26.0,yahoo,GC=F
2026-09-22T00:30:00Z,4395.7998046875,4397.0,4394.2001953125,4394.60009765625,89.0,yahoo,GC=F
2026-09-22T00:31:00Z,4394.39990234375,4397.0,4394.2998046875,4396.0,39.0,yahoo,GC=F
2026-09-22T00:32:00Z,4396.0,4396.10009765625,4394.7998046875,4395.7998046875,36.0,yahoo,GC=F
2026-09-22T00:33:00Z,4395.5,4395.89990234375,4394.2998046875,4395.39990234375,40.0,yahoo,GC=F
2026-09-22T00:34:00Z,4395.5,4395.7998046875,4394.5,4395.10009765625,29.0,yahoo,GC=F
2026-09-22T00:35:00Z,4394.60009765625,4394.60009765625,4391.2998046875,4391.2998046875,107.0,yahoo,GC=F
2026-09-22T00:36:00Z,4392.0,4394.7001953125,4392.0,4394.10009765625,46.0,yahoo,GC=F
2026-09-22T00:37:00Z,4394.2001953125,4394.2001953125,4392.0,4392.60009765625,37.0,yahoo,GC=F
2026-09-22T00:38:00Z,4393.5,4393.7001953125,4392.0,4392.0,18.0,yahoo,GC=F
2026-09-22T00:39:00Z,4392.10009765625,4392.2001953125,4387.0,4387.0,308.0,yahoo,GC=F
2026-09-22T00:40:00Z,4387.2998046875,4388.10009765625,4386.7998046875,4387.7998046875,157.0,yahoo,GC=F
2026-09-22T00:41:00Z,4387.5,4389.0,4385.89990234375,4388.60009765625,220.0,yahoo,GC=F
2026-09-22T00:42:00Z,4388.39990234375,4390.2998046875,4387.5,4389.2001953125,108.0,yahoo,GC=F
2026-09-22T00:43:00Z,4389.7001953125,4390.2998046875,4388.60009765625,4389.89990234375,83.0,yahoo,GC=F
2026-09-22T00:44:00Z,4389.89990234375,4393.2998046875,4389.89990234375,4393.0,91.0,yahoo,GC=F
2026-09-22T00:45:00Z,4393.2001953125,4394.7998046875,4391.89990234375,4392.39990234375,167.0,yahoo,GC=F
2026-09-22T00:46:00Z,4392.2998046875,4393.2998046875,4391.0,4391.5,80.0,yahoo,GC=F
2026-09-22T00:47:00Z,4391.5,4394.5,4391.5,4392.39990234375,115.0,yahoo,GC=F
2026-09-22T00:48:00Z,4392.2001953125,4393.60009765625,4392.10009765625,4392.89990234375,84.0,yahoo,GC=F
2026-09-22T00:49:00Z,4393.2001953125,4393.7998046875,4393.10009765625,4393.7001953125,10.0,yahoo,GC=F
2026-09-22T00:50:00Z,4393.39990234375,4395.5,4392.60009765625,4395.5,90.0,yahoo,GC=F
2026-09-22T00:51:00Z,4395.2998046875,4397.39990234375,4395.2998046875,4395.2998046875,103.0,yahoo,GC=F
2026-09-22T00:52:00Z,4395.2001953125,4395.7998046875,4394.5,4394.5,37.0,yahoo,GC=F
2026-09-22T00:53:00Z,4394.2998046875,4396.39990234375,4394.2998046875,4395.89990234375,23.0,yahoo,GC=F
2026-09-22T00:54:00Z,4396.2998046875,4396.60009765625,4395.5,4395.7001953125,18.0,yahoo,GC=F
2026-09-22T00:55:00Z,4396.10009765625,4396.60009765625,4395.7998046875,4396.2998046875,32.0,yahoo,GC=F
2026-09-22T00:56:00Z,4396.10009765625,4396.5,4395.39990234375,4396.2998046875,32.0,yahoo,GC=F
2026-09-22T00:57:00Z,4396.2998046875,4397.7001953125,4395.89990234375,4396.0,59.0,yahoo,GC=F
2026-09-22T00:58:00Z,4396.0,4396.0,4394.7998046875,4395.5,25.0,yahoo,GC=F
2026-09-22T00:59:00Z,4395.2998046875,4397.7001953125,4394.5,4397.7001953125,119.0,yahoo,GC=F
2026-09-22T01:00:00Z,4397.60009765625,4398.2001953125,4392.89990234375,4397.7998046875,486.0,yahoo,GC=F
2026-09-22T01:01:00Z,4398.10009765625,4398.39990234375,4392.89990234375,4394.60009765625,151.0,yahoo,GC=F
2026-09-22T01:02:00Z,4394.7998046875,4397.0,4393.7998046875,4396.60009765625,64.0,yahoo,GC=F
2026-09-22T01:03:00Z,4396.7001953125,4400.89990234375,4395.39990234375,4397.5,207.0,yahoo,GC=F
2026-09-22T01:04:00Z,4397.60009765625,4399.10009765625,4396.89990234375,4398.60009765625,69.0,yahoo,GC=F
2026-09-22T01:05:00Z,4399.2998046875,4399.2998046875,4396.0,4396.0,48.0,yahoo,GC=F
2026-09-22T01:06:00Z,4396.0,4400.89990234375,4395.60009765625,4400.39990234375,88.0,yahoo,GC=F
2026-09-22T01:07:00Z,4400.10009765625,4400.39990234375,4397.89990234375,4398.60009765625,71.0,yahoo,GC=F
2026-09-22T01:08:00Z,4398.0,4402.5,4397.39990234375,4400.5,213.0,yahoo,GC=F
2026-09-22T01:09:00Z,4400.2001953125,4400.7998046875,4397.2998046875,4397.2998046875,58.0,yahoo,GC=F
2026-09-22T01:10:00Z,4397.5,4398.7998046875,4396.2998046875,4397.2998046875,67.0,yahoo,GC=F
2026-09-22T01:11:00Z,4397.39990234375,4397.39990234375,4391.60009765625,4391.60009765625,210.0,yahoo,GC=F
2026-09-22T01:12:00Z,4391.7001953125,4395.2001953125,4391.7001953125,4394.0,53.0,yahoo,GC=F
2026-09-22T01:13:00Z,4394.10009765625,4394.10009765625,4390.89990234375,4392.2998046875,67.0,yahoo,GC=F
2026-09-22T01:14:00Z,4391.7998046875,4392.60009765625,4390.5,4391.10009765625,102.0,yahoo,GC=F
2026-09-22T01:15:00Z,4390.7001953125,4392.89990234375,4390.2998046875,4392.0,73.0,yahoo,GC=F
2026-09-22T01:16:00Z,4392.0,4392.39990234375,4388.0,4388.2001953125,122.0,yahoo,GC=F
2026-09-22T01:17:00Z,4388.0,4388.89990234375,4387.2001953125,4388.7998046875,106.0,yahoo,GC=F
2026-09-22T01:18:00Z,4388.39990234375,4391.0,4388.39990234375,4390.39990234375,56.0,yahoo,GC=F
2026-09-22T01:19:00Z,4390.5,4391.60009765625,4390.0,4391.0,59.0,yahoo,GC=F
2026-09-22T01:20:00Z,4390.7998046875,4391.60009765625,4390.39990234375,4390.7001953125,19.0,yahoo,GC=F
2026-09-22T01:21:00Z,4390.39990234375,4390.39990234375,4387.5,4389.10009765625,71.0,yahoo,GC=F
2026-09-22T01:22:00Z,4388.60009765625,4389.39990234375,4387.0,4389.0,100.0,yahoo,GC=F
2026-09-22T01:23:00Z,4389.2001953125,4393.5,4389.2001953125,4393.39990234375,96.0,yahoo,GC=F
2026-09-22T01:24:00Z,4393.0,4394.39990234375,4392.2001953125,4392.2998046875,101.0,yahoo,GC=F
2026-09-22T01:25:00Z,4392.60009765625,4396.0,4392.60009765625,4393.2001953125,110.0,yahoo,GC=F
2026-09-22T01:26:00Z,4392.7998046875,4392.7998046875,4391.60009765625,4391.89990234375,45.0,yahoo,GC=F
2026-09-22T01:27:00Z,4392.10009765625,4393.2001953125,4391.89990234375,4392.0,67.0,yahoo,GC=F
2026-09-22T01:28:00Z,4392.39990234375,4392.7001953125,4391.89990234375,4392.2998046875,51.0,yahoo,GC=F
2026-09-22T01:29:00Z,4392.0,4393.7998046875,4391.7998046875,4393.60009765625,15.0,yahoo,GC=F
2026-09-22T01:30:00Z,4393.10009765625,4393.2998046875,4390.2001953125,4391.2001953125,38.0,yahoo,GC=F
2026-09-22T01:31:00Z,4391.10009765625,4391.89990234375,4390.0,4390.89990234375,22.0,yahoo,GC=F
2026-09-22T01:32:00Z,4390.7001953125,4391.2998046875,4389.60009765625,4389.7001953125,23.0,yahoo,GC=F
2026-09-22T01:33:00Z,4389.2001953125,4391.7001953125,4389.2001953125,4390.39990234375,24.0,yahoo,GC=F
2026-09-22T01:34:00Z,4392.0,4392.7998046875,4390.89990234375,4392.7998046875,38.0,yahoo,GC=F
2026-09-22T01:35:00Z,4392.89990234375,4392.89990234375,4390.5,4390.7998046875,111.0,yahoo,GC=F
2026-09-22T01:36:00Z,4391.2998046875,4393.5,4391.10009765625,4392.60009765625,50.0,yahoo,GC=F
2026-09-22T01:37:00Z,4392.60009765625,4393.2998046875,4392.0,4393.10009765625,43.0,yahoo,GC=F
2026-09-22T01:38:00Z,4392.60009765625,4393.2998046875,4390.7998046875,4391.2001953125,42.0,yahoo,GC=F
2026-09-22T01:39:00Z,4391.39990234375,4393.5,4391.10009765625,4392.2001953125,31.0,yahoo,GC=F
2026-09-22T01:40:00Z,4392.5,4393.89990234375,4391.5,4393.2001953125,72.0,yahoo,GC=F
2026-09-22T01:41:00Z,4393.2001953125,4394.60009765625,4391.0,4391.7001953125,51.0,yahoo,GC=F
2026-09-22T01:42:00Z,4391.7001953125,4391.89990234375,4390.7001953125,4391.2998046875,15.0,yahoo,GC=F
2026-09-22T01:43:00Z,4390.89990234375,4392.0,4389.0,4391.39990234375,65.0,yahoo,GC=F
2026-09-22T01:44:00Z,4391.39990234375,4391.39990234375,4386.5,4386.7001953125,115.0,yahoo,GC=F
2026-09-22T01:45:00Z,4386.5,4388.60009765625,4385.60009765625,4387.2001953125,178.0,yahoo,GC=F
2026-09-22T01:46:00Z,4387.0,4387.39990234375,4384.7998046875,4384.7998046875,88.0,yahoo,GC=F
2026-09-22T01:47:00Z,4385.10009765625,4385.7998046875,4384.10009765625,4384.7998046875,92.0,yahoo,GC=F
2026-09-22T01:48:00Z,4384.5,4385.0,4383.0,4385.0,77.0,yahoo,GC=F
2026-09-22T01:49:00Z,4383.89990234375,4384.10009765625,4380.89990234375,4383.10009765625,218.0,yahoo,GC=F
2026-09-22T01:50:00Z,4383.5,4383.60009765625,4380.60009765625,4381.5,123.0,yahoo,GC=F
2026-09-22T01:51:00Z,4381.7001953125,4384.5,4381.39990234375,4383.89990234375,137.0,yahoo,GC=F
2026-09-22T01:52:00Z,4384.0,4385.2001953125,4383.2998046875,4384.7998046875,56.0,yahoo,GC=F
2026-09-22T01:53:00Z,4385.2001953125,4385.5,4382.5,4383.7998046875,78.0,yahoo,GC=F
2026-09-22T01:54:00Z,4383.7998046875,4385.7001953125,4383.5,4385.60009765625,19.0,yahoo,GC=F
2026-09-22T01:55:00Z,4385.7001953125,4386.2998046875,4384.0,4384.0,35.0,yahoo,GC=F
2026-09-22T01:56:00Z,4384.0,4386.7998046875,4383.89990234375,4386.7998046875,45.0,yahoo,GC=F
2026-09-22T01:57:00Z,4386.0,4386.7001953125,4384.5,4384.60009765625,28.0,yahoo,GC=F
2026-09-22T01:58:00Z,4384.60009765625,4386.89990234375,4384.5,4385.89990234375,87.0,yahoo,GC=F
2026-09-22T01:59:00Z,4385.7998046875,4386.7998046875,4385.0,4385.89990234375,58.0,yahoo,GC=F
2026-09-22T02:00:00Z,4386.2001953125,4387.7998046875,4385.60009765625,4387.39990234375,55.0,yahoo,GC=F
2026-09-22T02:01:00Z,4387.7001953125,4389.10009765625,4387.60009765625,4388.0,57.0,yahoo,GC=F
2026-09-22T02:02:00Z,4388.10009765625,4388.10009765625,4386.89990234375,4387.0,33.0,yahoo,GC=F
2026-09-22T02:03:00Z,4386.7001953125,4386.7001953125,4385.60009765625,4385.60009765625,23.0,yahoo,GC=F
2026-09-22T02:04:00Z,4385.7998046875,4390.5,4384.7001953125,4390.2001953125,397.0,yahoo,GC=F
2026-09-22T02:05:00Z,4390.10009765625,4390.10009765625,4386.7998046875,4386.7998046875,116.0,yahoo,GC=F
2026-09-22T02:06:00Z,4387.39990234375,4387.7001953125,4385.60009765625,4386.0,15.0,yahoo,GC=F
2026-09-22T02:07:00Z,4385.60009765625,4385.7001953125,4382.60009765625,4383.2001953125,98.0,yahoo,GC=F
2026-09-22T02:08:00Z,4383.2001953125,4383.2001953125,4380.10009765625,4381.7998046875,127.0,yahoo,GC=F
2026-09-22T02:09:00Z,4381.89990234375,4382.10009765625,4380.2001953125,4380.39990234375,92.0,yahoo,GC=F
2026-09-22T02:10:00Z,4380.7998046875,4380.7998046875,4379.10009765625,4380.0,190.0,yahoo,GC=F
2026-09-22T02:11:00Z,4379.7001953125,4382.0,4379.10009765625,4380.10009765625,303.0,yahoo,GC=F
2026-09-22T02:12:00Z,4380.0,4380.89990234375,4379.7001953125,4380.0,39.0,yahoo,GC=F
2026-09-22T02:13:00Z,4380.0,4380.2998046875,4379.0,4379.2001953125,14.0,yahoo,GC=F
2026-09-22T02:14:00Z,4379.2998046875,4380.10009765625,4379.2998046875,4379.39990234375,38.0,yahoo,GC=F
2026-09-22T02:15:00Z,4379.7001953125,4380.2998046875,4379.2001953125,4380.2001953125,42.0,yahoo,GC=F
2026-09-22T02:16:00Z,4380.0,4380.2001953125,4378.2001953125,4379.10009765625,116.0,yahoo,GC=F
2026-09-22T02:17:00Z,4379.2998046875,4379.60009765625,4376.2998046875,4377.2998046875,101.0,yahoo,GC=F
2026-09-22T02:18:00Z,4377.5,4380.10009765625,4377.5,4380.0,92.0,yahoo,GC=F
2026-09-22T02:19:00Z,4379.89990234375,4381.2001953125,4379.39990234375,4380.2001953125,103.0,yahoo,GC=F
2026-09-22T02:20:00Z,4380.5,4383.2001953125,4380.2998046875,4383.10009765625,162.0,yahoo,GC=F
2026-09-22T02:21:00Z,4383.10009765625,4383.7998046875,4381.60009765625,4381.60009765625,52.0,yahoo,GC=F
2026-09-22T02:22:00Z,4382.89990234375,4385.2001953125,4382.89990234375,4384.7998046875,83.0,yahoo,GC=F
2026-09-22T02:23:00Z,4384.7001953125,4384.89990234375,4383.89990234375,4383.89990234375,60.0,yahoo,GC=F
2026-09-22T02:24:00Z,4384.0,4385.2998046875,4384.0,4384.7001953125,26.0,yahoo,GC=F
2026-09-22T02:25:00Z,4384.60009765625,4386.7001953125,4384.60009765625,4385.60009765625,79.0,yahoo,GC=F
2026-09-22T02:26:00Z,4385.39990234375,4386.2998046875,4385.2001953125,4385.2998046875,103.0,yahoo,GC=F
2026-09-22T02:27:00Z,4385.60009765625,4387.39990234375,4385.60009765625,4386.7998046875,73.0,yahoo,GC=F
2026-09-22T02:28:00Z,4386.89990234375,4389.2001953125,4386.89990234375,4389.2001953125,63.0,yahoo,GC=F
2026-09-22T02:29:00Z,4388.89990234375,4389.2001953125,4388.39990234375,4388.60009765625,42.0,yahoo,GC=F
2026-09-22T02:30:00Z,4389.0,4389.2001953125,4386.0,4388.5,226.0,yahoo,GC=F
2026-09-22T02:31:00Z,4388.39990234375,4388.60009765625,4387.2998046875,4388.60009765625,41.0,yahoo,GC=F
2026-09-22T02:32:00Z,4388.89990234375,4391.10009765625,4388.39990234375,4390.39990234375,167.0,yahoo,GC=F
2026-09-22T02:33:00Z,4390.60009765625,4391.5,4389.5,4391.2001953125,76.0,yahoo,GC=F
2026-09-22T02:34:00Z,4391.2998046875,4392.7998046875,4390.7998046875,4392.0,140.0,yahoo,GC=F
2026-09-22T02:35:00Z,4391.7998046875,4392.2998046875,4390.5,4391.10009765625,40.0,yahoo,GC=F
2026-09-22T02:36:00Z,4391.0,4392.5,4390.39990234375,4392.2998046875,47.0,yahoo,GC=F
2026-09-22T02:37:00Z,4392.2001953125,4392.2001953125,4391.10009765625,4391.5,40.0,yahoo,GC=F
2026-09-22T02:38:00Z,4391.2998046875,4391.5,4389.89990234375,4390.5,41.0,yahoo,GC=F
2026-09-22T02:39:00Z,4390.2998046875,4391.60009765625,4389.89990234375,4390.7001953125,44.0,yahoo,GC=F
2026-09-22T02:40:00Z,4390.2001953125,4391.10009765625,4387.89990234375,4388.10009765625,80.0,yahoo,GC=F
2026-09-22T02:41:00Z,4388.0,4388.5,4386.2001953125,4386.2001953125,99.0,yahoo,GC=F
2026-09-22T02:42:00Z,4386.5,4386.60009765625,4385.10009765625,4385.7998046875,71.0,yahoo,GC=F
2026-09-22T02:43:00Z,4385.7998046875,4386.10009765625,4385.0,4386.0,34.0,yahoo,GC=F
2026-09-22T02:44:00Z,4385.7998046875,4385.7998046875,4383.5,4384.0,225.0,yahoo,GC=F
2026-09-22T02:45:00Z,4384.10009765625,4384.10009765625,4382.10009765625,4383.7998046875,519.0,yahoo,GC=F
2026-09-22T02:46:00Z,4383.5,4384.10009765625,4381.7998046875,4382.10009765625,173.0,yahoo,GC=F
2026-09-22T02:47:00Z,4381.7998046875,4382.2998046875,4379.5,4380.89990234375,99.0,yahoo,GC=F
2026-09-22T02:48:00Z,4380.7998046875,4382.7001953125,4380.7998046875,4382.60009765625,77.0,yahoo,GC=F
2026-09-22T02:49:00Z,4382.39990234375,4383.7001953125,4382.10009765625,4383.2998046875,311.0,yahoo,GC=F
2026-09-22T02:50:00Z,4383.2001953125,4383.7001953125,4382.60009765625,4383.60009765625,57.0,yahoo,GC=F
2026-09-22T02:51:00Z,4383.60009765625,4383.89990234375,4381.5,4381.5,46.0,yahoo,GC=F
2026-09-22T02:52:00Z,4381.39990234375,4381.39990234375,4380.10009765625,4380.7998046875,31.0,yahoo,GC=F
2026-09-22T02:53:00Z,4381.0,4381.0,4379.5,4380.60009765625,44.0,yahoo,GC=F
2026-09-22T02:54:00Z,4380.7998046875,4380.7998046875,4378.5,4379.2001953125,83.0,yahoo,GC=F
2026-09-22T02:55:00Z,4379.0,4379.89990234375,4377.2998046875,4379.89990234375,100.0,yahoo,GC=F
2026-09-22T02:56:00Z,4379.7998046875,4382.0,4379.7001953125,4381.0,94.0,yahoo,GC=F
2026-09-22T02:57:00Z,4380.2998046875,4381.2001953125,4380.2001953125,4380.7998046875,22.0,yahoo,GC=F
2026-09-22T02:58:00Z,4380.89990234375,4381.0,4380.0,4380.7998046875,22.0,yahoo,GC=F
2026-09-22T02:59:00Z,4380.2998046875,4382.2001953125,4380.2998046875,4381.7998046875,42.0,yahoo,GC=F
2026-09-22T03:00:00Z,4381.60009765625,4382.2001953125,4380.5,4380.7001953125,46.0,yahoo,GC=F
2026-09-22T03:01:00Z,4380.7998046875,4381.39990234375,4379.5,4381.0,29.0,yahoo,GC=F
2026-09-22T03:02:00Z,4381.10009765625,4383.0,4380.7998046875,4382.5,62.0,yahoo,GC=F
2026-09-22T03:03:00Z,4382.10009765625,4382.10009765625,4379.0,4379.2001953125,37.0,yahoo,GC=F
2026-09-22T03:04:00Z,4379.60009765625,4380.39990234375,4379.2998046875,4379.39990234375,30.0,yahoo,GC=F
2026-09-22T03:05:00Z,4379.2001953125,4379.5,4378.7001953125,4379.5,60.0,yahoo,GC=F
2026-09-22T03:06:00Z,4379.7998046875,4380.5,4379.2001953125,4379.2001953125,26.0,yahoo,GC=F
2026-09-22T03:07:00Z,4379.10009765625,4379.7001953125,4378.10009765625,4378.2001953125,25.0,yahoo,GC=F
2026-09-22T03:08:00Z,4378.5,4379.10009765625,4378.10009765625,4378.60009765625,35.0,yahoo,GC=F
2026-09-22T03:09:00Z,4378.39990234375,4378.60009765625,4376.60009765625,4377.2001953125,220.0,yahoo,GC=F
2026-09-22T03:10:00Z,4377.2001953125,4378.89990234375,4376.5,4378.89990234375,67.0,yahoo,GC=F
2026-09-22T03:11:00Z,4378.7998046875,4379.5,4378.39990234375,4379.39990234375,31.0,yahoo,GC=F
2026-09-22T03:12:00Z,4379.39990234375,4381.0,4379.2001953125,4381.0,43.0,yahoo,GC=F
2026-09-22T03:13:00Z,4380.60009765625,4381.0,4380.39990234375,4380.89990234375,27.0,yahoo,GC=F
2026-09-22T03:14:00Z,4381.10009765625,4382.60009765625,4381.10009765625,4382.60009765625,101.0,yahoo,GC=F
2026-09-22T03:15:00Z,4382.60009765625,4383.39990234375,4382.10009765625,4383.10009765625,28.0,yahoo,GC=F
2026-09-22T03:16:00Z,4383.0,4383.0,4382.7998046875,4383.0,8.0,yahoo,GC=F
2026-09-22T03:17:00Z,4382.7001953125,4382.7001953125,4382.10009765625,4382.2998046875,12.0,yahoo,GC=F
2026-09-22T03:18:00Z,4382.5,4382.5,4382.0,4382.0,2.0,yahoo,GC=F
2026-09-22T03:19:00Z,4381.60009765625,4381.7998046875,4380.7998046875,4381.10009765625,24.0,yahoo,GC=F
2026-09-22T03:20:00Z,4381.7001953125,4382.5,4380.7998046875,4382.2001953125,67.0,yahoo,GC=F
2026-09-22T03:21:00Z,4382.2998046875,4382.60009765625,4381.7998046875,4381.7998046875,24.0,yahoo,GC=F
2026-09-22T03:22:00Z,4381.7998046875,4382.0,4379.60009765625,4381.60009765625,93.0,yahoo,GC=F
2026-09-22T03:23:00Z,4381.2998046875,4381.2998046875,4378.2998046875,4378.7998046875,59.0,yahoo,GC=F
2026-09-22T03:24:00Z,4378.7998046875,4380.10009765625,4378.7998046875,4379.89990234375,38.0,yahoo,GC=F
2026-09-22T03:25:00Z,4380.0,4380.7001953125,4379.7998046875,4380.60009765625,16.0,yahoo,GC=F
2026-09-22T03:26:00Z,4380.7001953125,4381.0,4380.39990234375,4380.7998046875,14.0,yahoo,GC=F
2026-09-22T03:27:00Z,4381.5,4382.39990234375,4380.89990234375,4382.0,36.0,yahoo,GC=F
2026-09-22T03:28:00Z,4382.10009765625,4383.0,4381.2001953125,4382.5,42.0,yahoo,GC=F
2026-09-22T03:29:00Z,4382.5,4383.2001953125,4382.2998046875,4383.2001953125,16.0,yahoo,GC=F
2026-09-22T03:30:00Z,4382.89990234375,4382.89990234375,4381.5,4382.10009765625,33.0,yahoo,GC=F
2026-09-22T03:31:00Z,4382.0,4382.39990234375,4381.7001953125,4382.39990234375,10.0,yahoo,GC=F
2026-09-22T03:32:00Z,4382.0,4384.60009765625,4382.0,4383.89990234375,75.0,yahoo,GC=F
2026-09-22T03:33:00Z,4384.10009765625,4385.0,4383.5,4383.5,107.0,yahoo,GC=F
2026-09-22T03:34:00Z,4383.5,4384.39990234375,4383.5,4384.0,16.0,yahoo,GC=F
2026-09-22T03:35:00Z,4383.89990234375,4384.39990234375,4383.7001953125,4384.0,19.0,yahoo,GC=F
2026-09-22T03:36:00Z,4384.2001953125,4384.2998046875,4383.2998046875,4384.0,19.0,yahoo,GC=F
2026-09-22T03:37:00Z,4383.39990234375,4383.7001953125,4382.7998046875,4382.89990234375,15.0,yahoo,GC=F
2026-09-22T03:38:00Z,4383.2001953125,4383.2001953125,4382.2001953125,4382.60009765625,27.0,yahoo,GC=F
2026-09-22T03:39:00Z,4383.0,4386.60009765625,4383.0,4384.2998046875,403.0,yahoo,GC=F
2026-09-22T03:40:00Z,4384.10009765625,4384.7001953125,4383.0,4383.0,32.0,yahoo,GC=F
2026-09-22T03:41:00Z,4382.7001953125,4382.7001953125,4381.89990234375,4382.2998046875,30.0,yahoo,GC=F
2026-09-22T03:42:00Z,4382.2998046875,4383.60009765625,4382.2998046875,4383.2001953125,20.0,yahoo,GC=F
2026-09-22T03:43:00Z,4383.2998046875,4383.2998046875,4377.7998046875,4378.7998046875,314.0,yahoo,GC=F
2026-09-22T03:44:00Z,4378.89990234375,4379.89990234375,4378.7998046875,4379.89990234375,50.0,yahoo,GC=F
2026-09-22T03:45:00Z,4379.89990234375,4380.7001953125,4379.0,4379.7001953125,27.0,yahoo,GC=F
2026-09-22T03:46:00Z,4379.89990234375,4380.2998046875,4378.89990234375,4378.89990234375,24.0,yahoo,GC=F
2026-09-22T03:47:00Z,4378.7998046875,4379.0,4378.10009765625,4378.39990234375,54.0,yahoo,GC=F
2026-09-22T03:48:00Z,4378.60009765625,4379.89990234375,4378.60009765625,4379.60009765625,10.0,yahoo,GC=F
2026-09-22T03:49:00Z,4379.5,4380.60009765625,4379.5,4380.2998046875,18.0,yahoo,GC=F
2026-09-22T03:50:00Z,4380.5,4380.5,4379.89990234375,4380.2998046875,10.0,yahoo,GC=F
2026-09-22T03:51:00Z,4380.10009765625,4380.60009765625,4379.60009765625,4380.60009765625,11.0,yahoo,GC=F
2026-09-22T03:52:00Z,4380.7998046875,4381.2001953125,4379.60009765625,4379.7001953125,28.0,yahoo,GC=F
2026-09-22T03:53:00Z,4379.7001953125,4379.7001953125,4378.89990234375,4378.89990234375,11.0,yahoo,GC=F
2026-09-22T03:54:00Z,4378.5,4378.7998046875,4377.5,4378.0,60.0,yahoo,GC=F
2026-09-22T03:55:00Z,4378.39990234375,4379.10009765625,4378.2998046875,4378.89990234375,26.0,yahoo,GC=F
2026-09-22T03:56:00Z,4378.39990234375,4379.2001953125,4378.10009765625,4378.7998046875,18.0,yahoo,GC=F
2026-09-22T03:57:00Z,4379.10009765625,4380.2001953125,4379.10009765625,4379.7998046875,34.0,yahoo,GC=F
2026-09-22T03:58:00Z,4379.5,4379.5,4378.89990234375,4379.10009765625,11.0,yahoo,GC=F
2026-09-22T04:00:00Z,4378.5,4378.89990234375,4377.5,4377.7998046875,42.0,yahoo,GC=F
2026-09-22T04:01:00Z,4377.60009765625,4377.60009765625,4374.2998046875,4374.2998046875,189.0,yahoo,GC=F
2026-09-22T04:02:00Z,4374.39990234375,4375.5,4373.0,4373.0,174.0,yahoo,GC=F
2026-09-22T04:03:00Z,4373.2001953125,4374.39990234375,4371.7998046875,4371.89990234375,168.0,yahoo,GC=F
2026-09-22T04:04:00Z,4371.89990234375,4374.5,4371.39990234375,4374.0,124.0,yahoo,GC=F
2026-09-22T04:05:00Z,4373.7998046875,4374.10009765625,4372.89990234375,4373.10009765625,32.0,yahoo,GC=F
2026-09-22T04:06:00Z,4373.39990234375,4374.2998046875,4373.10009765625,4373.2998046875,67.0,yahoo,GC=F
2026-09-22T04:07:00Z,4373.39990234375,4374.7998046875,4373.2001953125,4374.2001953125,63.0,yahoo,GC=F
2026-09-22T04:08:00Z,4374.39990234375,4374.89990234375,4373.7998046875,4374.60009765625,67.0,yahoo,GC=F
2026-09-22T04:09:00Z,4374.5,4375.60009765625,4373.2998046875,4373.7001953125,87.0,yahoo,GC=F
2026-09-22T04:10:00Z,4373.39990234375,4374.7998046875,4372.60009765625,4374.7998046875,81.0,yahoo,GC=F
2026-09-22T04:11:00Z,4375.0,4376.60009765625,4375.0,4375.7998046875,74.0,yahoo,GC=F
2026-09-22T04:12:00Z,4375.7001953125,4376.2998046875,4375.2998046875,4375.7001953125,51.0,yahoo,GC=F
2026-09-22T04:13:00Z,4375.89990234375,4376.2998046875,4374.7001953125,4374.89990234375,67.0,yahoo,GC=F
2026-09-22T04:14:00Z,4374.60009765625,4376.5,4372.5,4375.10009765625,400.0,yahoo,GC=F
2026-09-22T04:15:00Z,4375.2001953125,4375.89990234375,4374.39990234375,4375.2001953125,88.0,yahoo,GC=F
2026-09-22T04:16:00Z,4374.7998046875,4375.60009765625,4373.7001953125,4373.7998046875,50.0,yahoo,GC=F
2026-09-22T04:17:00Z,4373.89990234375,4374.10009765625,4373.39990234375,4373.60009765625,19.0,yahoo,GC=F
2026-09-22T04:18:00Z,4373.5,4373.7998046875,4372.7998046875,4373.7998046875,27.0,yahoo,GC=F
2026-09-22T04:19:00Z,4373.89990234375,4374.10009765625,4373.0,4373.60009765625,20.0,yahoo,GC=F
2026-09-22T04:20:00Z,4373.5,4374.10009765625,4373.10009765625,4373.10009765625,20.0,yahoo,GC=F
2026-09-22T04:21:00Z,4373.2998046875,4374.7001953125,4373.2001953125,4374.7001953125,24.0,yahoo,GC=F
2026-09-22T04:22:00Z,4374.5,4376.2001953125,4374.39990234375,4375.39990234375,47.0,yahoo,GC=F
2026-09-22T04:23:00Z,4375.39990234375,4375.39990234375,4374.60009765625,4374.60009765625,16.0,yahoo,GC=F
2026-09-22T04:24:00Z,4375.2001953125,4376.5,4373.89990234375,4376.0,232.0,yahoo,GC=F
2026-09-22T04:25:00Z,4375.7001953125,4375.7001953125,4373.2998046875,4374.10009765625,99.0,yahoo,GC=F
2026-09-22T04:26:00Z,4374.39990234375,4374.7001953125,4374.2001953125,4374.2998046875,13.0,yahoo,GC=F
2026-09-22T04:27:00Z,4374.2001953125,4374.7001953125,4374.10009765625,4374.60009765625,28.0,yahoo,GC=F
2026-09-22T04:28:00Z,4374.39990234375,4374.89990234375,4373.10009765625,4373.7001953125,77.0,yahoo,GC=F
2026-09-22T04:29:00Z,4373.89990234375,4374.7001953125,4373.89990234375,4374.5,35.0,yahoo,GC=F
2026-09-22T04:30:00Z,4374.2001953125,4374.2001953125,4373.7001953125,4374.10009765625,25.0,yahoo,GC=F
2026-09-22T04:31:00Z,4374.10009765625,4374.7001953125,4373.89990234375,4374.2001953125,24.0,yahoo,GC=F
2026-09-22T04:32:00Z,4374.2998046875,4374.39990234375,4374.10009765625,4374.10009765625,5.0,yahoo,GC=F
2026-09-22T04:33:00Z,4373.60009765625,4374.2001953125,4373.2001953125,4374.0,26.0,yahoo,GC=F
2026-09-22T04:34:00Z,4374.10009765625,4374.10009765625,4373.2998046875,4373.60009765625,12.0,yahoo,GC=F
2026-09-22T04:35:00Z,4373.39990234375,4375.5,4373.2998046875,4375.5,34.0,yahoo,GC=F
2026-09-22T04:36:00Z,4375.60009765625,4376.7998046875,4375.39990234375,4376.7998046875,32.0,yahoo,GC=F
2026-09-22T04:37:00Z,4376.7998046875,4377.2998046875,4376.5,4377.2998046875,37.0,yahoo,GC=F
2026-09-22T04:38:00Z,4377.10009765625,4377.7998046875,4376.89990234375,4377.7998046875,42.0,yahoo,GC=F
2026-09-22T04:39:00Z,4377.5,4377.7998046875,4377.2001953125,4377.5,19.0,yahoo,GC=F
2026-09-22T04:40:00Z,4377.5,4377.5,4376.7998046875,4376.7998046875,11.0,yahoo,GC=F
2026-09-22T04:41:00Z,4376.2998046875,4376.89990234375,4375.2998046875,4376.89990234375,64.0,yahoo,GC=F
2026-09-22T04:42:00Z,4376.7998046875,4377.39990234375,4376.7998046875,4377.10009765625,7.0,yahoo,GC=F
2026-09-22T04:43:00Z,4376.89990234375,4376.89990234375,4376.10009765625,4376.7998046875,44.0,yahoo,GC=F
2026-09-22T04:44:00Z,4376.60009765625,4377.2001953125,4376.60009765625,4377.2001953125,15.0,yahoo,GC=F
2026-09-22T04:45:00Z,4377.10009765625,4377.2001953125,4376.89990234375,4376.89990234375,6.0,yahoo,GC=F
2026-09-22T04:46:00Z,4376.89990234375,4377.2001953125,4376.7998046875,4377.2001953125,9.0,yahoo,GC=F
2026-09-22T04:47:00Z,4377.39990234375,4377.60009765625,4376.0,4376.0,45.0,yahoo,GC=F
2026-09-22T04:48:00Z,4376.0,4376.2001953125,4375.60009765625,4375.7998046875,17.0,yahoo,GC=F
2026-09-22T04:49:00Z,4375.7998046875,4377.10009765625,4375.7998046875,4377.10009765625,25.0,yahoo,GC=F
2026-09-22T04:50:00Z,4376.7001953125,4377.10009765625,4376.2001953125,4376.60009765625,11.0,yahoo,GC=F
2026-09-22T04:51:00Z,4376.5,4377.7001953125,4376.2998046875,4377.60009765625,21.0,yahoo,GC=F
2026-09-22T04:52:00Z,4377.60009765625,4378.60009765625,4377.60009765625,4378.60009765625,31.0,yahoo,GC=F
2026-09-22T04:53:00Z,4378.5,4379.10009765625,4378.5,4378.7001953125,30.0,yahoo,GC=F
2026-09-22T04:54:00Z,4378.7001953125,4379.7001953125,4378.39990234375,4379.5,39.0,yahoo,GC=F
2026-09-22T04:55:00Z,4379.39990234375,4379.7998046875,4376.7998046875,4377.89990234375,195.0,yahoo,GC=F
2026-09-22T04:56:00Z,4377.60009765625,4379.39990234375,4377.0,4378.7001953125,228.0,yahoo,GC=F
2026-09-22T04:57:00Z,4379.0,4379.5,4378.5,4379.2001953125,39.0,yahoo,GC=F
2026-09-22T04:58:00Z,4379.39990234375,4379.60009765625,4379.0,4379.2998046875,26.0,yahoo,GC=F
2026-09-22T04:59:00Z,4379.5,4379.5,4378.7001953125,4379.5,33.0,yahoo,GC=F
2026-09-22T05:00:00Z,4379.60009765625,4379.7998046875,4377.10009765625,4378.2998046875,351.0,yahoo,GC=F
2026-09-22T05:01:00Z,4378.5,4379.5,4378.5,4379.10009765625,79.0,yahoo,GC=F
2026-09-22T05:02:00Z,4379.10009765625,4379.7998046875,4379.0,4379.60009765625,43.0,yahoo,GC=F
2026-09-22T05:03:00Z,4379.7998046875,4380.7001953125,4379.7998046875,4380.10009765625,51.0,yahoo,GC=F
2026-09-22T05:04:00Z,4380.2001953125,4380.2001953125,4378.7998046875,4380.0,45.0,yahoo,GC=F
2026-09-22T05:05:00Z,4379.89990234375,4380.89990234375,4377.7998046875,4378.5,348.0,yahoo,GC=F
2026-09-22T05:06:00Z,4378.2998046875,4379.7001953125,4378.2998046875,4379.2998046875,48.0,yahoo,GC=F
2026-09-22T05:07:00Z,4379.10009765625,4383.2998046875,4379.10009765625,4382.60009765625,144.0,yahoo,GC=F
2026-09-22T05:08:00Z,4382.7001953125,4383.39990234375,4382.7001953125,4383.10009765625,13.0,yahoo,GC=F
2026-09-22T05:09:00Z,4383.2998046875,4383.2998046875,4382.5,4382.89990234375,9.0,yahoo,GC=F
2026-09-22T05:10:00Z,4383.0,4383.0,4382.10009765625,4382.7998046875,28.0,yahoo,GC=F
2026-09-22T05:11:00Z,4382.7001953125,4384.2001953125,4382.7001953125,4383.0,106.0,yahoo,GC=F
2026-09-22T05:12:00Z,4383.10009765625,4383.7001953125,4383.0,4383.7001953125,18.0,yahoo,GC=F
2026-09-22T05:13:00Z,4382.7998046875,4383.7998046875,4382.5,4383.5,21.0,yahoo,GC=F
2026-09-22T05:14:00Z,4383.60009765625,4384.10009765625,4382.89990234375,4383.10009765625,33.0,yahoo,GC=F
2026-09-22T05:15:00Z,4383.0,4383.5,4382.89990234375,4383.5,19.0,yahoo,GC=F
2026-09-22T05:16:00Z,4383.5,4383.5,4382.7998046875,4382.7998046875,12.0,yahoo,GC=F
2026-09-22T05:17:00Z,4382.39990234375,4382.39990234375,4381.2001953125,4381.7998046875,36.0,yahoo,GC=F
2026-09-22T05:18:00Z,4381.5,4381.5,4379.7998046875,4379.89990234375,34.0,yahoo,GC=F
2026-09-22T05:19:00Z,4379.5,4379.60009765625,4375.7001953125,4375.7001953125,190.0,yahoo,GC=F
2026-09-22T05:20:00Z,4375.5,4376.10009765625,4374.2001953125,4374.39990234375,100.0,yahoo,GC=F
2026-09-22T05:21:00Z,4374.2001953125,4374.5,4371.10009765625,4373.5,289.0,yahoo,GC=F
2026-09-22T05:22:00Z,4372.89990234375,4372.89990234375,4371.2001953125,4371.89990234375,91.0,yahoo,GC=F
2026-09-22T05:23:00Z,4372.0,4372.10009765625,4367.2998046875,4369.5,491.0,yahoo,GC=F
2026-09-22T05:24:00Z,4369.89990234375,4370.0,4366.2001953125,4366.7998046875,127.0,yahoo,GC=F
2026-09-22T05:25:00Z,4366.60009765625,4368.0,4365.7998046875,4366.39990234375,185.0,yahoo,GC=F
2026-09-22T05:26:00Z,4366.60009765625,4367.2001953125,4359.2001953125,4365.7001953125,1353.0,yahoo,GC=F
2026-09-22T05:27:00Z,4365.60009765625,4368.10009765625,4365.39990234375,4367.2001953125,181.0,yahoo,GC=F
2026-09-22T05:28:00Z,4367.60009765625,4370.2001953125,4366.7001953125,4369.5,173.0,yahoo,GC=F
2026-09-22T05:29:00Z,4369.5,4369.89990234375,4367.89990234375,4368.7001953125,76.0,yahoo,GC=F
2026-09-22T05:30:00Z,4368.5,4370.0,4361.5,4362.7998046875,634.0,yahoo,GC=F
2026-09-22T05:31:00Z,4362.7998046875,4362.7998046875,4360.0,4361.2998046875,221.0,yahoo,GC=F
2026-09-22T05:32:00Z,4361.7001953125,4366.2998046875,4361.7001953125,4364.89990234375,258.0,yahoo,GC=F
2026-09-22T05:33:00Z,4364.7001953125,4369.10009765625,4363.7998046875,4368.39990234375,167.0,yahoo,GC=F
2026-09-22T05:34:00Z,4368.7001953125,4368.7998046875,4362.5,4362.5,148.0,yahoo,GC=F
2026-09-22T05:35:00Z,4362.39990234375,4362.5,4355.2998046875,4355.7001953125,671.0,yahoo,GC=F
2026-09-22T05:36:00Z,4355.60009765625,4359.10009765625,4352.7001953125,4357.5,415.0,yahoo,GC=F
2026-09-22T05:37:00Z,4357.60009765625,4359.10009765625,4356.39990234375,4357.2001953125,220.0,yahoo,GC=F
2026-09-22T05:38:00Z,4357.2998046875,4357.2998046875,4353.5,4356.10009765625,313.0,yahoo,GC=F
2026-09-22T05:39:00Z,4356.2001953125,4360.10009765625,4355.89990234375,4359.7001953125,238.0,yahoo,GC=F
2026-09-22T05:40:00Z,4359.39990234375,4360.10009765625,4358.5,4359.0,90.0,yahoo,GC=F
2026-09-22T05:41:00Z,4358.89990234375,4361.2998046875,4358.89990234375,4360.39990234375,60.0,yahoo,GC=F
2026-09-22T05:42:00Z,4360.7998046875,4363.2001953125,4360.39990234375,4363.2001953125,86.0,yahoo,GC=F
2026-09-22T05:43:00Z,4363.2998046875,4363.5,4359.7998046875,4360.39990234375,177.0,yahoo,GC=F
2026-09-22T05:44:00Z,4360.10009765625,4360.39990234375,4357.0,4357.2998046875,125.0,yahoo,GC=F
2026-09-22T05:45:00Z,4357.60009765625,4360.0,4356.60009765625,4357.7998046875,170.0,yahoo,GC=F
2026-09-22T05:46:00Z,4357.60009765625,4362.5,4357.60009765625,4362.2998046875,108.0,yahoo,GC=F
2026-09-22T05:47:00Z,4362.0,4364.7998046875,4362.0,4364.2998046875,74.0,yahoo,GC=F
2026-09-22T05:48:00Z,4364.10009765625,4366.39990234375,4363.7001953125,4365.89990234375,122.0,yahoo,GC=F
2026-09-22T05:49:00Z,4365.89990234375,4368.2998046875,4365.7001953125,4366.7998046875,142.0,yahoo,GC=F
2026-09-22T05:50:00Z,4366.7001953125,4367.7001953125,4365.39990234375,4367.10009765625,67.0,yahoo,GC=F
2026-09-22T05:51:00Z,4366.7998046875,4369.7001953125,4366.7001953125,4369.7001953125,85.0,yahoo,GC=F
2026-09-22T05:52:00Z,4369.7001953125,4369.7998046875,4368.7001953125,4368.89990234375,81.0,yahoo,GC=F
2026-09-22T05:53:00Z,4368.89990234375,4369.39990234375,4365.7998046875,4366.2001953125,100.0,yahoo,GC=F
2026-09-22T05:54:00Z,4366.39990234375,4366.5,4364.5,4364.60009765625,24.0,yahoo,GC=F
2026-09-22T05:55:00Z,4364.5,4365.60009765625,4364.0,4364.0,38.0,yahoo,GC=F
2026-09-22T05:56:00Z,4363.7001953125,4363.89990234375,4361.0,4362.7001953125,196.0,yahoo,GC=F
2026-09-22T05:57:00Z,4362.10009765625,4362.2001953125,4361.39990234375,4362.0,22.0,yahoo,GC=F
2026-09-22T05:58:00Z,4362.2998046875,4362.2998046875,4360.89990234375,4361.2998046875,88.0,yahoo,GC=F
2026-09-22T05:59:00Z,4361.7998046875,4362.0,4359.5,4360.2998046875,73.0,yahoo,GC=F
2026-09-22T06:00:00Z,4360.39990234375,4361.0,4358.5,4360.39990234375,185.0,yahoo,GC=F
2026-09-22T06:01:00Z,4360.39990234375,4360.39990234375,4356.2001953125,4357.2001953125,134.0,yahoo,GC=F
2026-09-22T06:02:00Z,4357.5,4358.89990234375,4356.60009765625,4358.89990234375,96.0,yahoo,GC=F
2026-09-22T06:03:00Z,4358.7998046875,4360.0,4357.7998046875,4358.10009765625,54.0,yahoo,GC=F
2026-09-22T06:04:00Z,4358.5,4359.10009765625,4354.5,4355.2998046875,149.0,yahoo,GC=F
2026-09-22T06:05:00Z,4354.89990234375,4356.0,4353.2998046875,4355.7001953125,290.0,yahoo,GC=F
2026-09-22T06:06:00Z,4355.39990234375,4356.5,4355.2998046875,4356.2001953125,54.0,yahoo,GC=F
2026-09-22T06:07:00Z,4356.10009765625,4356.10009765625,4352.2001953125,4352.39990234375,108.0,yahoo,GC=F
2026-09-22T06:08:00Z,4352.39990234375,4354.2998046875,4351.7998046875,4354.10009765625,150.0,yahoo,GC=F
2026-09-22T06:09:00Z,4353.7998046875,4355.7001953125,4353.5,4355.5,46.0,yahoo,GC=F
2026-09-22T06:10:00Z,4355.89990234375,4357.2001953125,4354.60009765625,4355.5,186.0,yahoo,GC=F
2026-09-22T06:11:00Z,4355.2998046875,4355.7001953125,4352.0,4352.5,272.0,yahoo,GC=F
2026-09-22T06:12:00Z,4352.60009765625,4353.60009765625,4351.7998046875,4353.39990234375,161.0,yahoo,GC=F
2026-09-22T06:13:00Z,4353.7998046875,4356.0,4353.7998046875,4354.60009765625,112.0,yahoo,GC=F
2026-09-22T06:14:00Z,4355.2001953125,4356.7001953125,4355.2001953125,4356.2998046875,80.0,yahoo,GC=F
2026-09-22T06:15:00Z,4356.10009765625,4357.39990234375,4355.60009765625,4357.39990234375,90.0,yahoo,GC=F
2026-09-22T06:16:00Z,4357.0,4357.2001953125,4355.7001953125,4355.7998046875,57.0,yahoo,GC=F
2026-09-22T06:17:00Z,4356.0,4357.2001953125,4355.2998046875,4355.7998046875,16.0,yahoo,GC=F
2026-09-22T06:18:00Z,4356.2001953125,4356.39990234375,4355.2001953125,4356.0,24.0,yahoo,GC=F
2026-09-22T06:19:00Z,4355.39990234375,4355.7998046875,4354.0,4354.0,54.0,yahoo,GC=F
2026-09-22T06:20:00Z,4353.7998046875,4354.10009765625,4352.2998046875,4353.7998046875,118.0,yahoo,GC=F
2026-09-22T06:21:00Z,4353.60009765625,4354.5,4352.2001953125,4352.89990234375,109.0,yahoo,GC=F
2026-09-22T06:22:00Z,4352.7001953125,4355.10009765625,4352.7001953125,4354.89990234375,72.0,yahoo,GC=F
2026-09-22T06:23:00Z,4354.7001953125,4356.39990234375,4354.10009765625,4356.2001953125,59.0,yahoo,GC=F
2026-09-22T06:24:00Z,4355.89990234375,4356.39990234375,4354.2001953125,4354.5,31.0,yahoo,GC=F
2026-09-22T06:25:00Z,4354.0,4356.7001953125,4353.7998046875,4356.7001953125,69.0,yahoo,GC=F
2026-09-22T06:26:00Z,4356.89990234375,4357.10009765625,4354.89990234375,4355.60009765625,50.0,yahoo,GC=F
2026-09-22T06:27:00Z,4355.60009765625,4356.39990234375,4355.2001953125,4356.0,66.0,yahoo,GC=F
2026-09-22T06:28:00Z,4356.2001953125,4356.2998046875,4354.2001953125,4354.60009765625,75.0,yahoo,GC=F
2026-09-22T06:29:00Z,4354.7001953125,4355.2001953125,4353.89990234375,4354.7001953125,72.0,yahoo,GC=F
2026-09-22T06:30:00Z,4354.7998046875,4357.2001953125,4354.10009765625,4357.10009765625,250.0,yahoo,GC=F
2026-09-22T06:31:00Z,4357.0,4357.2998046875,4355.2001953125,4355.7001953125,113.0,yahoo,GC=F
2026-09-22T06:32:00Z,4355.39990234375,4357.0,4354.7998046875,4356.2001953125,38.0,yahoo,GC=F
2026-09-22T06:33:00Z,4356.5,4356.7001953125,4354.60009765625,4354.7998046875,51.0,yahoo,GC=F
2026-09-22T06:34:00Z,4355.2001953125,4355.89990234375,4354.89990234375,4354.89990234375,27.0,yahoo,GC=F
2026-09-22T06:35:00Z,4355.2001953125,4355.7998046875,4353.7001953125,4355.7998046875,39.0,yahoo,GC=F
2026-09-22T06:36:00Z,4355.89990234375,4356.10009765625,4354.7998046875,4355.89990234375,21.0,yahoo,GC=F
2026-09-22T06:37:00Z,4355.7001953125,4356.10009765625,4354.0,4355.89990234375,128.0,yahoo,GC=F
2026-09-22T06:38:00Z,4356.0,4356.39990234375,4355.60009765625,4356.2998046875,84.0,yahoo,GC=F
2026-09-22T06:39:00Z,4355.7998046875,4356.10009765625,4352.10009765625,4353.39990234375,118.0,yahoo,GC=F
2026-09-22T06:40:00Z,4353.89990234375,4356.2998046875,4353.89990234375,4356.0,198.0,yahoo,GC=F
2026-09-22T06:41:00Z,4355.60009765625,4357.10009765625,4355.0,4356.7001953125,133.0,yahoo,GC=F
2026-09-22T06:42:00Z,4357.10009765625,4357.39990234375,4355.7001953125,4356.2001953125,35.0,yahoo,GC=F
2026-09-22T06:43:00Z,4355.60009765625,4356.0,4354.89990234375,4355.2001953125,61.0,yahoo,GC=F
2026-09-22T06:44:00Z,4355.7001953125,4357.2998046875,4355.7001953125,4357.0,26.0,yahoo,GC=F
2026-09-22T06:45:00Z,4357.0,4357.60009765625,4356.2001953125,4356.7001953125,75.0,yahoo,GC=F
2026-09-22T06:46:00Z,4356.7998046875,4358.2998046875,4356.39990234375,4356.5,80.0,yahoo,GC=F
2026-09-22T06:47:00Z,4356.39990234375,4356.7998046875,4354.2001953125,4355.60009765625,69.0,yahoo,GC=F
2026-09-22T06:48:00Z,4355.89990234375,4357.5,4355.89990234375,4357.0,28.0,yahoo,GC=F
2026-09-22T06:49:00Z,4357.10009765625,4358.39990234375,4357.10009765625,4357.60009765625,57.0,yahoo,GC=F
2026-09-22T06:50:00Z,4357.7998046875,4357.7998046875,4356.7001953125,4356.7998046875,64.0,yahoo,GC=F
2026-09-22T06:51:00Z,4356.60009765625,4358.2001953125,4356.60009765625,4357.2998046875,24.0,yahoo,GC=F
2026-09-22T06:52:00Z,4357.7001953125,4357.7001953125,4355.60009765625,4356.39990234375,89.0,yahoo,GC=F
2026-09-22T06:53:00Z,4356.2998046875,4356.7001953125,4355.2998046875,4355.5,55.0,yahoo,GC=F
2026-09-22T06:54:00Z,4355.0,4355.0,4353.60009765625,4353.7998046875,47.0,yahoo,GC=F
2026-09-22T06:55:00Z,4353.7001953125,4354.10009765625,4352.60009765625,4352.7001953125,82.0,yahoo,GC=F
2026-09-22T06:56:00Z,4352.5,4355.0,4351.89990234375,4354.39990234375,122.0,yahoo,GC=F
2026-09-22T06:57:00Z,4354.2001953125,4355.5,4353.7998046875,4354.2998046875,80.0,yahoo,GC=F
2026-09-22T06:58:00Z,4354.7001953125,4355.7001953125,4354.5,4355.7001953125,21.0,yahoo,GC=F
2026-09-22T06:59:00Z,4355.2998046875,4356.2001953125,4354.89990234375,4355.0,49.0,yahoo,GC=F
2026-09-22T07:00:00Z,4354.2998046875,4356.7998046875,4354.2001953125,4355.10009765625,115.0,yahoo,GC=F
2026-09-22T07:01:00Z,4355.7001953125,4357.2001953125,4354.89990234375,4355.2998046875,50.0,yahoo,GC=F
2026-09-22T07:02:00Z,4355.7001953125,4357.7998046875,4355.39990234375,4356.39990234375,89.0,yahoo,GC=F
2026-09-22T07:03:00Z,4356.2998046875,4357.2001953125,4355.60009765625,4355.60009765625,54.0,yahoo,GC=F
2026-09-22T07:04:00Z,4355.60009765625,4358.0,4354.89990234375,4355.0,136.0,yahoo,GC=F
2026-09-22T07:05:00Z,4355.2001953125,4356.2998046875,4354.5,4354.89990234375,79.0,yahoo,GC=F
2026-09-22T07:06:00Z,4354.7998046875,4354.7998046875,4351.2998046875,4353.2001953125,259.0,yahoo,GC=F
2026-09-22T07:07:00Z,4352.89990234375,4355.10009765625,4352.89990234375,4354.5,83.0,yahoo,GC=F
2026-09-22T07:08:00Z,4354.2998046875,4355.7001953125,4353.89990234375,4355.7001953125,35.0,yahoo,GC=F
2026-09-22T07:09:00Z,4354.7001953125,4357.2001953125,4354.7001953125,4356.7001953125,67.0,yahoo,GC=F
2026-09-22T07:10:00Z,4355.89990234375,4357.2998046875,4354.7001953125,4357.0,50.0,yahoo,GC=F
2026-09-22T07:11:00Z,4357.10009765625,4358.7001953125,4357.10009765625,4357.60009765625,94.0,yahoo,GC=F
2026-09-22T07:12:00Z,4357.89990234375,4360.0,4357.89990234375,4359.7001953125,81.0,yahoo,GC=F
2026-09-22T07:13:00Z,4359.2998046875,4359.2998046875,4356.2998046875,4356.60009765625,48.0,yahoo,GC=F
2026-09-22T07:14:00Z,4356.7001953125,4356.89990234375,4355.2998046875,4356.89990234375,31.0,yahoo,GC=F
2026-09-22T07:15:00Z,4357.0,4358.60009765625,4357.0,4358.5,34.0,yahoo,GC=F
2026-09-22T07:16:00Z,4358.39990234375,4359.60009765625,4358.2001953125,4359.0,44.0,yahoo,GC=F
2026-09-22T07:17:00Z,4359.0,4360.10009765625,4358.7001953125,4360.10009765625,35.0,yahoo,GC=F
2026-09-22T07:18:00Z,4359.39990234375,4360.7998046875,4359.39990234375,4360.39990234375,55.0,yahoo,GC=F
2026-09-22T07:19:00Z,4360.2998046875,4361.0,4359.7001953125,4359.7001953125,45.0,yahoo,GC=F
2026-09-22T07:20:00Z,4359.2998046875,4359.7998046875,4358.60009765625,4359.2001953125,50.0,yahoo,GC=F
2026-09-22T07:21:00Z,4359.5,4360.7001953125,4359.10009765625,4359.39990234375,57.0,yahoo,GC=F
2026-09-22T07:22:00Z,4359.2001953125,4359.5,4358.7998046875,4359.39990234375,32.0,yahoo,GC=F
2026-09-22T07:23:00Z,4359.2001953125,4359.7001953125,4358.10009765625,4358.2001953125,31.0,yahoo,GC=F
2026-09-22T07:24:00Z,4358.2001953125,4359.60009765625,4358.0,4358.5,25.0,yahoo,GC=F
2026-09-22T07:25:00Z,4358.2001953125,4359.5,4358.2001953125,4358.2001953125,52.0,yahoo,GC=F
2026-09-22T07:26:00Z,4357.89990234375,4358.2998046875,4356.10009765625,4357.2001953125,72.0,yahoo,GC=F
2026-09-22T07:27:00Z,4357.39990234375,4357.5,4356.2001953125,4357.5,28.0,yahoo,GC=F
2026-09-22T07:28:00Z,4357.2001953125,4357.2998046875,4354.7998046875,4354.7998046875,94.0,yahoo,GC=F
2026-09-22T07:29:00Z,4354.7998046875,4355.39990234375,4351.7001953125,4351.7998046875,172.0,yahoo,GC=F
2026-09-22T07:30:00Z,4351.7998046875,4352.2998046875,4348.2001953125,4348.7998046875,464.0,yahoo,GC=F
2026-09-22T07:31:00Z,4349.0,4350.60009765625,4346.89990234375,4350.2001953125,286.0,yahoo,GC=F
2026-09-22T07:32:00Z,4349.7998046875,4350.2001953125,4345.2001953125,4346.2001953125,279.0,yahoo,GC=F
2026-09-22T07:33:00Z,4346.39990234375,4347.60009765625,4345.89990234375,4346.7001953125,95.0,yahoo,GC=F
2026-09-22T07:34:00Z,4346.7998046875,4348.10009765625,4345.7001953125,4347.7001953125,148.0,yahoo,GC=F
2026-09-22T07:35:00Z,4347.7001953125,4350.39990234375,4346.7001953125,4348.5,217.0,yahoo,GC=F
2026-09-22T07:36:00Z,4348.7001953125,4350.5,4348.7001953125,4350.5,128.0,yahoo,GC=F
2026-09-22T07:37:00Z,4350.5,4350.5,4347.89990234375,4349.2998046875,89.0,yahoo,GC=F
2026-09-22T07:38:00Z,4349.2998046875,4350.10009765625,4348.7998046875,4348.7998046875,40.0,yahoo,GC=F
2026-09-22T07:39:00Z,4348.7001953125,4349.7998046875,4348.10009765625,4349.39990234375,24.0,yahoo,GC=F
2026-09-22T07:40:00Z,4349.2998046875,4349.7998046875,4348.0,4348.5,56.0,yahoo,GC=F
2026-09-22T07:41:00Z,4348.5,4349.7998046875,4347.7998046875,4347.89990234375,61.0,yahoo,GC=F
2026-09-22T07:42:00Z,4347.7001953125,4347.89990234375,4346.7001953125,4346.7998046875,62.0,yahoo,GC=F
2026-09-22T07:43:00Z,4346.89990234375,4347.0,4345.10009765625,4345.89990234375,105.0,yahoo,GC=F
2026-09-22T07:44:00Z,4346.0,4347.2998046875,4345.10009765625,4347.0,119.0,yahoo,GC=F
2026-09-22T07:45:00Z,4347.0,4348.7001953125,4346.7001953125,4347.7998046875,53.0,yahoo,GC=F
2026-09-22T07:46:00Z,4347.89990234375,4352.2998046875,4347.89990234375,4352.0,240.0,yahoo,GC=F
2026-09-22T07:47:00Z,4351.89990234375,4352.2998046875,4350.39990234375,4350.39990234375,50.0,yahoo,GC=F
2026-09-22T07:48:00Z,4350.39990234375,4350.39990234375,4347.89990234375,4348.7001953125,109.0,yahoo,GC=F
2026-09-22T07:49:00Z,4348.89990234375,4350.2001953125,4345.39990234375,4345.39990234375,225.0,yahoo,GC=F
2026-09-22T07:50:00Z,4345.60009765625,4345.89990234375,4343.60009765625,4344.10009765625,293.0,yahoo,GC=F
2026-09-22T07:51:00Z,4343.89990234375,4343.89990234375,4338.2001953125,4338.5,748.0,yahoo,GC=F
2026-09-22T07:52:00Z,4338.7001953125,4340.89990234375,4338.7001953125,4340.39990234375,477.0,yahoo,GC=F
2026-09-22T07:53:00Z,4340.39990234375,4340.7001953125,4337.39990234375,4337.5,380.0,yahoo,GC=F
2026-09-22T07:54:00Z,4337.60009765625,4340.0,4337.60009765625,4338.2001953125,191.0,yahoo,GC=F
2026-09-22T07:55:00Z,4338.2998046875,4339.10009765625,4338.10009765625,4338.5,239.0,yahoo,GC=F
2026-09-22T07:56:00Z,4338.2998046875,4340.2001953125,4336.5,4337.0,306.0,yahoo,GC=F
2026-09-22T07:57:00Z,4337.2001953125,4337.5,4335.60009765625,4336.0,411.0,yahoo,GC=F
2026-09-22T07:58:00Z,4336.0,4338.0,4335.5,4336.7001953125,418.0,yahoo,GC=F
2026-09-22T07:59:00Z,4336.7998046875,4339.5,4336.7001953125,4337.5,192.0,yahoo,GC=F
2026-09-22T08:00:00Z,4337.2001953125,4337.7001953125,4335.7001953125,4336.60009765625,276.0,yahoo,GC=F
2026-09-22T08:01:00Z,4336.2998046875,4340.60009765625,4335.10009765625,4339.2001953125,690.0,yahoo,GC=F
2026-09-22T08:02:00Z,4339.2001953125,4340.5,4338.89990234375,4339.7998046875,169.0,yahoo,GC=F
2026-09-22T08:03:00Z,4339.5,4340.5,4337.89990234375,4338.5,235.0,yahoo,GC=F
2026-09-22T08:04:00Z,4339.0,4341.7001953125,4338.0,4341.39990234375,247.0,yahoo,GC=F
2026-09-22T08:05:00Z,4341.2001953125,4343.0,4340.5,4342.5,100.0,yahoo,GC=F
2026-09-22T08:06:00Z,4342.7001953125,4343.89990234375,4341.7998046875,4342.5,108.0,yahoo,GC=F
2026-09-22T08:07:00Z,4342.39990234375,4344.5,4341.0,4344.2998046875,181.0,yahoo,GC=F
2026-09-22T08:08:00Z,4344.5,4348.2998046875,4344.0,4346.0,429.0,yahoo,GC=F
2026-09-22T08:09:00Z,4345.60009765625,4347.5,4344.7998046875,4347.10009765625,176.0,yahoo,GC=F
2026-09-22T08:10:00Z,4347.2001953125,4347.7001953125,4345.60009765625,4346.0,130.0,yahoo,GC=F
2026-09-22T08:11:00Z,4346.10009765625,4346.39990234375,4345.5,4345.5,93.0,yahoo,GC=F
2026-09-22T08:12:00Z,4346.0,4347.10009765625,4345.2998046875,4345.7001953125,110.0,yahoo,GC=F
2026-09-22T08:13:00Z,4345.5,4346.89990234375,4343.7998046875,4344.2001953125,122.0,yahoo,GC=F
2026-09-22T08:14:00Z,4344.60009765625,4344.60009765625,4340.0,4340.0,344.0,yahoo,GC=F
2026-09-22T08:15:00Z,4340.10009765625,4340.2001953125,4338.2001953125,4338.2001953125,96.0,yahoo,GC=F
2026-09-22T08:16:00Z,4338.2998046875,4338.7001953125,4337.2001953125,4338.2998046875,81.0,yahoo,GC=F
2026-09-22T08:17:00Z,4338.2001953125,4338.7998046875,4336.89990234375,4338.5,96.0,yahoo,GC=F
2026-09-22T08:18:00Z,4338.2998046875,4340.0,4338.10009765625,4339.10009765625,76.0,yahoo,GC=F
2026-09-22T08:19:00Z,4339.10009765625,4340.60009765625,4338.7998046875,4340.2998046875,67.0,yahoo,GC=F
2026-09-22T08:20:00Z,4340.5,4340.89990234375,4339.2001953125,4339.2001953125,72.0,yahoo,GC=F
2026-09-22T08:21:00Z,4339.39990234375,4341.39990234375,4339.39990234375,4340.60009765625,73.0,yahoo,GC=F
2026-09-22T08:22:00Z,4340.7001953125,4340.89990234375,4338.7998046875,4338.7998046875,79.0,yahoo,GC=F
2026-09-22T08:23:00Z,4338.7001953125,4338.7998046875,4337.0,4338.7998046875,77.0,yahoo,GC=F
2026-09-22T08:24:00Z,4338.7998046875,4342.2998046875,4338.60009765625,4339.2998046875,497.0,yahoo,GC=F
2026-09-22T08:25:00Z,4338.7998046875,4344.2001953125,4336.7001953125,4336.89990234375,327.0,yahoo,GC=F
2026-09-22T08:26:00Z,4336.7998046875,4339.2998046875,4336.7998046875,4339.2001953125,60.0,yahoo,GC=F
2026-09-22T08:27:00Z,4339.60009765625,4339.89990234375,4338.89990234375,4339.2001953125,83.0,yahoo,GC=F
2026-09-22T08:28:00Z,4339.2001953125,4339.39990234375,4335.39990234375,4335.89990234375,122.0,yahoo,GC=F
2026-09-22T08:29:00Z,4335.89990234375,4337.7998046875,4333.39990234375,4337.0,382.0,yahoo,GC=F
2026-09-22T08:30:00Z,4337.2998046875,4337.2998046875,4334.2998046875,4334.2998046875,60.0,yahoo,GC=F
2026-09-22T08:31:00Z,4334.10009765625,4334.2001953125,4329.60009765625,4331.60009765625,629.0,yahoo,GC=F
2026-09-22T08:32:00Z,4331.89990234375,4336.39990234375,4329.60009765625,4332.5,500.0,yahoo,GC=F
2026-09-22T08:33:00Z,4332.7998046875,4332.7998046875,4327.60009765625,4329.89990234375,306.0,yahoo,GC=F
2026-09-22T08:34:00Z,4329.60009765625,4333.89990234375,4329.60009765625,4333.7001953125,117.0,yahoo,GC=F
2026-09-22T08:35:00Z,4333.39990234375,4336.7001953125,4333.39990234375,4336.5,264.0,yahoo,GC=F
2026-09-22T08:36:00Z,4336.5,4341.60009765625,4336.2001953125,4341.2998046875,187.0,yahoo,GC=F
2026-09-22T08:37:00Z,4341.10009765625,4343.10009765625,4340.7998046875,4340.89990234375,199.0,yahoo,GC=F
2026-09-22T08:38:00Z,4341.2001953125,4345.10009765625,4340.89990234375,4342.5,197.0,yahoo,GC=F
2026-09-22T08:39:00Z,4342.60009765625,4347.60009765625,4342.2998046875,4346.7001953125,268.0,yahoo,GC=F
2026-09-22T08:40:00Z,4346.5,4347.7001953125,4344.7998046875,4347.7001953125,216.0,yahoo,GC=F
2026-09-22T08:41:00Z,4347.7001953125,4355.2998046875,4346.7001953125,4353.7998046875,525.0,yahoo,GC=F
2026-09-22T08:42:00Z,4354.0,4358.10009765625,4353.10009765625,4356.7998046875,449.0,yahoo,GC=F
2026-09-22T08:43:00Z,4356.7998046875,4357.89990234375,4354.7001953125,4356.89990234375,167.0,yahoo,GC=F
2026-09-22T08:44:00Z,4356.2998046875,4357.39990234375,4354.5,4356.5,173.0,yahoo,GC=F
2026-09-22T08:45:00Z,4356.7001953125,4357.2001953125,4352.10009765625,4353.5,196.0,yahoo,GC=F
2026-09-22T08:46:00Z,4353.60009765625,4354.39990234375,4352.2001953125,4353.39990234375,107.0,yahoo,GC=F
2026-09-22T08:47:00Z,4353.0,4356.89990234375,4352.7998046875,4355.7998046875,233.0,yahoo,GC=F
2026-09-22T08:48:00Z,4355.7001953125,4359.0,4355.2001953125,4356.60009765625,196.0,yahoo,GC=F
2026-09-22T08:49:00Z,4356.7998046875,4361.89990234375,4356.39990234375,4361.89990234375,242.0,yahoo,GC=F
2026-09-22T08:50:00Z,4362.0,4363.89990234375,4360.39990234375,4363.7998046875,528.0,yahoo,GC=F
2026-09-22T08:51:00Z,4363.89990234375,4368.39990234375,4363.5,4367.5,494.0,yahoo,GC=F
2026-09-22T08:52:00Z,4367.10009765625,4370.2998046875,4367.10009765625,4369.7001953125,333.0,yahoo,GC=F
2026-09-22T08:53:00Z,4369.7998046875,4370.60009765625,4368.39990234375,4369.0,231.0,yahoo,GC=F
2026-09-22T08:54:00Z,4368.89990234375,4370.5,4367.2998046875,4368.60009765625,334.0,yahoo,GC=F
2026-09-22T08:55:00Z,4368.2001953125,4369.89990234375,4367.39990234375,4368.7998046875,297.0,yahoo,GC=F
2026-09-22T08:56:00Z,4368.89990234375,4372.7001953125,4367.2998046875,4370.5,362.0,yahoo,GC=F
2026-09-22T08:57:00Z,4370.2998046875,4371.2001953125,4369.10009765625,4369.10009765625,135.0,yahoo,GC=F
2026-09-22T08:58:00Z,4369.2001953125,4369.2998046875,4363.5,4364.89990234375,314.0,yahoo,GC=F
2026-09-22T08:59:00Z,4365.89990234375,4368.2001953125,4365.5,4367.2998046875,154.0,yahoo,GC=F
2026-09-22T09:00:00Z,4366.2998046875,4367.7001953125,4364.2001953125,4364.7998046875,232.0,yahoo,GC=F
2026-09-22T09:01:00Z,4365.0,4365.7998046875,4361.7998046875,4362.2001953125,244.0,yahoo,GC=F
2026-09-22T09:02:00Z,4362.2998046875,4365.89990234375,4360.10009765625,4360.10009765625,364.0,yahoo,GC=F
2026-09-22T09:03:00Z,4360.2001953125,4360.7001953125,4358.60009765625,4359.10009765625,124.0,yahoo,GC=F
2026-09-22T09:04:00Z,4358.7998046875,4358.7998046875,4354.60009765625,4354.7998046875,244.0,yahoo,GC=F
2026-09-22T09:05:00Z,4354.7001953125,4355.7998046875,4354.2998046875,4355.0,122.0,yahoo,GC=F
2026-09-22T09:06:00Z,4355.2998046875,4359.2998046875,4354.60009765625,4359.0,209.0,yahoo,GC=F
2026-09-22T09:07:00Z,4358.60009765625,4358.7001953125,4356.39990234375,4357.7998046875,139.0,yahoo,GC=F
2026-09-22T09:08:00Z,4357.89990234375,4358.5,4355.7001953125,4355.7001953125,149.0,yahoo,GC=F
2026-09-22T09:09:00Z,4355.7001953125,4359.0,4354.7001953125,4356.0,156.0,yahoo,GC=F
2026-09-22T09:10:00Z,4355.2998046875,4355.39990234375,4353.7001953125,4355.0,97.0,yahoo,GC=F
2026-09-22T09:11:00Z,4355.0,4359.39990234375,4354.5,4357.89990234375,229.0,yahoo,GC=F
2026-09-22T09:12:00Z,4357.2998046875,4357.2998046875,4353.2998046875,4353.39990234375,80.0,yahoo,GC=F
2026-09-22T09:13:00Z,4354.0,4355.7001953125,4353.5,4354.39990234375,34.0,yahoo,GC=F
2026-09-22T09:14:00Z,4354.5,4355.0,4353.2998046875,4354.89990234375,97.0,yahoo,GC=F
2026-09-22T09:15:00Z,4354.7998046875,4360.2001953125,4354.60009765625,4358.2001953125,328.0,yahoo,GC=F
2026-09-22T09:16:00Z,4358.39990234375,4358.7001953125,4355.89990234375,4357.5,101.0,yahoo,GC=F
2026-09-22T09:17:00Z,4357.10009765625,4358.0,4357.0,4357.60009765625,18.0,yahoo,GC=F
2026-09-22T09:18:00Z,4357.5,4357.7001953125,4354.2001953125,4354.7001953125,72.0,yahoo,GC=F
2026-09-22T09:19:00Z,4354.0,4354.89990234375,4353.60009765625,4353.7001953125,89.0,yahoo,GC=F
2026-09-22T09:20:00Z,4353.5,4354.2998046875,4353.0,4353.5,109.0,yahoo,GC=F
2026-09-22T09:21:00Z,4353.7998046875,4356.2001953125,4353.7001953125,4355.89990234375,143.0,yahoo,GC=F
2026-09-22T09:22:00Z,4355.39990234375,4355.39990234375,4353.7998046875,4354.89990234375,53.0,yahoo,GC=F
2026-09-22T09:23:00Z,4355.0,4355.2001953125,4353.2001953125,4354.2001953125,69.0,yahoo,GC=F
2026-09-22T09:24:00Z,4354.7001953125,4355.7998046875,4354.39990234375,4354.7998046875,70.0,yahoo,GC=F
2026-09-22T09:25:00Z,4354.60009765625,4354.60009765625,4352.10009765625,4352.10009765625,106.0,yahoo,GC=F
2026-09-22T09:26:00Z,4352.39990234375,4352.7998046875,4351.5,4352.0,114.0,yahoo,GC=F
2026-09-22T09:27:00Z,4352.2998046875,4353.0,4352.0,4352.2998046875,60.0,yahoo,GC=F
2026-09-22T09:28:00Z,4352.7001953125,4352.7001953125,4350.7998046875,4351.2001953125,93.0,yahoo,GC=F
2026-09-22T09:29:00Z,4351.39990234375,4353.2001953125,4350.89990234375,4351.2001953125,98.0,yahoo,GC=F
2026-09-22T09:30:00Z,4351.5,4352.7998046875,4349.2001953125,4350.7998046875,483.0,yahoo,GC=F
2026-09-22T09:31:00Z,4350.7001953125,4353.2998046875,4350.60009765625,4353.2998046875,259.0,yahoo,GC=F
2026-09-22T09:32:00Z,4353.10009765625,4354.7001953125,4351.39990234375,4351.7001953125,352.0,yahoo,GC=F
2026-09-22T09:33:00Z,4352.10009765625,4353.89990234375,4349.39990234375,4351.10009765625,599.0,yahoo,GC=F
2026-09-22T09:34:00Z,4351.5,4352.39990234375,4350.7001953125,4351.89990234375,62.0,yahoo,GC=F
2026-09-22T09:35:00Z,4351.39990234375,4351.60009765625,4350.0,4350.5,83.0,yahoo,GC=F
2026-09-22T09:36:00Z,4350.39990234375,4351.2998046875,4349.0,4351.2001953125,97.0,yahoo,GC=F
2026-09-22T09:37:00Z,4351.39990234375,4353.0,4351.39990234375,4352.60009765625,39.0,yahoo,GC=F
2026-09-22T09:38:00Z,4352.60009765625,4353.39990234375,4352.39990234375,4352.89990234375,28.0,yahoo,GC=F
2026-09-22T09:39:00Z,4353.2001953125,4353.2998046875,4352.39990234375,4353.2998046875,26.0,yahoo,GC=F
2026-09-22T09:40:00Z,4353.2001953125,4354.60009765625,4352.7001953125,4353.0,81.0,yahoo,GC=F
2026-09-22T09:41:00Z,4352.5,4355.7998046875,4352.39990234375,4354.2998046875,201.0,yahoo,GC=F
2026-09-22T09:42:00Z,4354.2001953125,4354.7001953125,4353.10009765625,4354.7001953125,60.0,yahoo,GC=F
2026-09-22T09:43:00Z,4354.60009765625,4357.5,4354.5,4356.89990234375,95.0,yahoo,GC=F
2026-09-22T09:44:00Z,4356.89990234375,4357.60009765625,4356.0,4357.2001953125,103.0,yahoo,GC=F
2026-09-22T09:45:00Z,4357.39990234375,4358.10009765625,4356.60009765625,4356.89990234375,56.0,yahoo,GC=F
2026-09-22T09:46:00Z,4357.0,4358.60009765625,4356.0,4357.60009765625,35.0,yahoo,GC=F
2026-09-22T09:47:00Z,4357.2998046875,4360.10009765625,4357.2998046875,4359.2998046875,73.0,yahoo,GC=F
2026-09-22T09:48:00Z,4359.7001953125,4360.0,4357.5,4357.5,48.0,yahoo,GC=F
2026-09-22T09:49:00Z,4357.39990234375,4359.89990234375,4357.39990234375,4359.60009765625,94.0,yahoo,GC=F
2026-09-22T09:50:00Z,4359.7001953125,4360.7998046875,4359.7001953125,4360.60009765625,69.0,yahoo,GC=F
2026-09-22T09:51:00Z,4360.5,4362.0,4359.60009765625,4361.39990234375,187.0,yahoo,GC=F
2026-09-22T09:52:00Z,4361.39990234375,4368.0,4359.60009765625,4365.0,824.0,yahoo,GC=F
2026-09-22T09:53:00Z,4365.0,4371.0,4363.89990234375,4369.7998046875,588.0,yahoo,GC=F
2026-09-22T09:54:00Z,4370.0,4370.60009765625,4365.10009765625,4369.2001953125,230.0,yahoo,GC=F
2026-09-22T09:55:00Z,4369.0,4369.0,4363.2001953125,4363.2998046875,245.0,yahoo,GC=F
2026-09-22T09:56:00Z,4362.89990234375,4373.7998046875,4361.89990234375,4370.2998046875,884.0,yahoo,GC=F
2026-09-22T09:57:00Z,4369.89990234375,4370.10009765625,4364.2998046875,4366.89990234375,529.0,yahoo,GC=F
2026-09-22T09:58:00Z,4367.60009765625,4374.10009765625,4367.0,4374.10009765625,221.0,yahoo,GC=F
2026-09-22T09:59:00Z,4373.89990234375,4375.2998046875,4372.89990234375,4374.10009765625,186.0,yahoo,GC=F
2026-09-22T10:00:00Z,4373.7998046875,4374.39990234375,4371.60009765625,4373.7001953125,151.0,yahoo,GC=F
2026-09-22T10:01:00Z,4373.39990234375,4375.2998046875,4369.60009765625,4369.89990234375,209.0,yahoo,GC=F
2026-09-22T10:02:00Z,4370.10009765625,4371.7998046875,4369.0,4371.39990234375,144.0,yahoo,GC=F
2026-09-22T10:03:00Z,4371.5,4374.60009765625,4370.89990234375,4374.39990234375,203.0,yahoo,GC=F
2026-09-22T10:04:00Z,4374.5,4375.0,4373.2001953125,4373.60009765625,144.0,yahoo,GC=F
2026-09-22T10:05:00Z,4373.89990234375,4374.2998046875,4371.39990234375,4371.60009765625,119.0,yahoo,GC=F
2026-09-22T10:06:00Z,4371.7001953125,4372.10009765625,4370.7998046875,4371.7998046875,91.0,yahoo,GC=F
2026-09-22T10:07:00Z,4371.89990234375,4374.2998046875,4371.89990234375,4373.10009765625,100.0,yahoo,GC=F
2026-09-22T10:08:00Z,4373.10009765625,4373.7001953125,4372.0,4372.5,29.0,yahoo,GC=F
2026-09-22T10:09:00Z,4372.7001953125,4372.7001953125,4370.0,4370.2998046875,44.0,yahoo,GC=F
2026-09-22T10:10:00Z,4370.2001953125,4371.7998046875,4370.10009765625,4371.2001953125,72.0,yahoo,GC=F
2026-09-22T10:11:00Z,4371.2001953125,4372.39990234375,4370.0,4370.0,69.0,yahoo,GC=F
2026-09-22T10:12:00Z,4370.2998046875,4371.10009765625,4369.10009765625,4369.2998046875,58.0,yahoo,GC=F
2026-09-22T10:13:00Z,4369.39990234375,4369.39990234375,4366.0,4366.7001953125,106.0,yahoo,GC=F
2026-09-22T10:14:00Z,4367.0,4369.10009765625,4367.0,4367.89990234375,94.0,yahoo,GC=F
2026-09-22T10:15:00Z,4368.10009765625,4369.2998046875,4367.89990234375,4368.10009765625,15.0,yahoo,GC=F
2026-09-22T10:16:00Z,4367.89990234375,4368.60009765625,4367.89990234375,4368.39990234375,19.0,yahoo,GC=F
2026-09-22T10:17:00Z,4368.7998046875,4369.0,4367.89990234375,4368.7998046875,42.0,yahoo,GC=F
2026-09-22T10:18:00Z,4368.60009765625,4368.60009765625,4365.7998046875,4366.60009765625,91.0,yahoo,GC=F
2026-09-22T10:19:00Z,4366.7998046875,4367.0,4365.7001953125,4366.89990234375,54.0,yahoo,GC=F
2026-09-22T10:20:00Z,4367.2998046875,4368.39990234375,4366.2001953125,4366.7998046875,44.0,yahoo,GC=F
2026-09-22T10:21:00Z,4366.7998046875,4367.2998046875,4366.39990234375,4367.2001953125,19.0,yahoo,GC=F
2026-09-22T10:22:00Z,4367.10009765625,4367.10009765625,4365.7001953125,4366.2998046875,39.0,yahoo,GC=F
2026-09-22T10:23:00Z,4366.39990234375,4368.10009765625,4365.2001953125,4366.7001953125,80.0,yahoo,GC=F
2026-09-22T10:24:00Z,4367.0,4368.2001953125,4367.0,4367.10009765625,21.0,yahoo,GC=F
2026-09-22T10:25:00Z,4366.5,4367.5,4365.7001953125,4367.39990234375,54.0,yahoo,GC=F
2026-09-22T10:26:00Z,4367.60009765625,4368.10009765625,4367.2001953125,4368.0,37.0,yahoo,GC=F
2026-09-22T10:27:00Z,4367.7998046875,4368.2998046875,4366.7998046875,4367.2001953125,19.0,yahoo,GC=F
2026-09-22T10:28:00Z,4367.7001953125,4368.0,4367.2001953125,4367.60009765625,56.0,yahoo,GC=F
2026-09-22T10:29:00Z,4367.10009765625,4368.10009765625,4366.39990234375,4367.2998046875,35.0,yahoo,GC=F
2026-09-22T10:30:00Z,4367.10009765625,4369.0,4366.39990234375,4367.2998046875,62.0,yahoo,GC=F
2026-09-22T10:31:00Z,4368.0,4368.5,4366.5,4367.7001953125,86.0,yahoo,GC=F
2026-09-22T10:32:00Z,4367.7001953125,4367.7001953125,4365.89990234375,4367.60009765625,41.0,yahoo,GC=F
2026-09-22T10:33:00Z,4367.10009765625,4367.10009765625,4365.0,4365.60009765625,57.0,yahoo,GC=F
2026-09-22T10:34:00Z,4365.60009765625,4366.0,4365.2001953125,4365.7001953125,35.0,yahoo,GC=F
2026-09-22T10:35:00Z,4366.0,4366.0,4365.2998046875,4365.60009765625,25.0,yahoo,GC=F
2026-09-22T10:36:00Z,4365.2001953125,4366.7998046875,4365.10009765625,4365.7998046875,26.0,yahoo,GC=F
2026-09-22T10:37:00Z,4366.10009765625,4368.7998046875,4366.10009765625,4368.7998046875,23.0,yahoo,GC=F
2026-09-22T10:38:00Z,4368.60009765625,4370.0,4367.7998046875,4368.10009765625,37.0,yahoo,GC=F
2026-09-22T10:39:00Z,4368.10009765625,4368.60009765625,4366.7001953125,4368.5,42.0,yahoo,GC=F
2026-09-22T10:40:00Z,4368.60009765625,4368.60009765625,4367.39990234375,4368.5,33.0,yahoo,GC=F
2026-09-22T10:41:00Z,4368.60009765625,4370.2998046875,4368.0,4370.0,52.0,yahoo,GC=F
2026-09-22T10:42:00Z,4370.0,4371.2001953125,4369.7001953125,4370.2001953125,59.0,yahoo,GC=F
2026-09-22T10:43:00Z,4370.7001953125,4371.39990234375,4369.5,4370.60009765625,45.0,yahoo,GC=F
2026-09-22T10:44:00Z,4370.2001953125,4370.2001953125,4367.7998046875,4368.2998046875,65.0,yahoo,GC=F
2026-09-22T10:45:00Z,4368.7001953125,4368.7001953125,4366.5,4366.5,32.0,yahoo,GC=F
2026-09-22T10:46:00Z,4366.7001953125,4366.7001953125,4364.7001953125,4364.89990234375,71.0,yahoo,GC=F
2026-09-22T10:47:00Z,4365.0,4365.7998046875,4363.5,4365.39990234375,90.0,yahoo,GC=F
2026-09-22T10:48:00Z,4365.5,4365.7001953125,4363.2001953125,4364.10009765625,79.0,yahoo,GC=F
2026-09-22T10:49:00Z,4364.60009765625,4366.0,4364.60009765625,4364.7001953125,202.0,yahoo,GC=F
2026-09-22T10:50:00Z,4364.7998046875,4365.7998046875,4364.2998046875,4365.7001953125,71.0,yahoo,GC=F
2026-09-22T10:51:00Z,4366.0,4366.2998046875,4364.5,4365.7998046875,55.0,yahoo,GC=F
2026-09-22T10:52:00Z,4365.7998046875,4366.2001953125,4364.60009765625,4365.7998046875,113.0,yahoo,GC=F
2026-09-22T10:53:00Z,4365.2998046875,4367.10009765625,4365.2998046875,4366.2998046875,93.0,yahoo,GC=F
2026-09-22T10:54:00Z,4365.7998046875,4365.7998046875,4363.60009765625,4365.10009765625,126.0,yahoo,GC=F
2026-09-22T10:55:00Z,4365.2998046875,4365.7001953125,4363.60009765625,4363.7998046875,71.0,yahoo,GC=F
2026-09-22T10:56:00Z,4363.89990234375,4363.89990234375,4362.5,4363.10009765625,92.0,yahoo,GC=F
2026-09-22T10:57:00Z,4363.0,4363.0,4361.5,4361.5,72.0,yahoo,GC=F
2026-09-22T10:58:00Z,4361.7001953125,4362.39990234375,4361.7001953125,4362.10009765625,42.0,yahoo,GC=F
2026-09-22T10:59:00Z,4362.0,4362.0,4359.0,4359.0,126.0,yahoo,GC=F
2026-09-22T11:00:00Z,4358.7998046875,4360.60009765625,4358.2001953125,4358.7998046875,122.0,yahoo,GC=F
2026-09-22T11:01:00Z,4359.0,4359.2998046875,4356.5,4356.89990234375,109.0,yahoo,GC=F
2026-09-22T11:02:00Z,4357.10009765625,4359.0,4356.7998046875,4357.7998046875,85.0,yahoo,GC=F
2026-09-22T11:03:00Z,4357.7001953125,4357.7001953125,4355.0,4356.0,134.0,yahoo,GC=F
2026-09-22T11:04:00Z,4356.10009765625,4356.7998046875,4355.39990234375,4356.2001953125,102.0,yahoo,GC=F
2026-09-22T11:05:00Z,4356.39990234375,4356.7998046875,4355.2998046875,4355.39990234375,48.0,yahoo,GC=F
2026-09-22T11:06:00Z,4355.39990234375,4356.5,4354.7998046875,4355.5,69.0,yahoo,GC=F
2026-09-22T11:07:00Z,4355.7001953125,4356.5,4354.2001953125,4355.7998046875,106.0,yahoo,GC=F
2026-09-22T11:08:00Z,4355.89990234375,4355.89990234375,4351.5,4352.39990234375,128.0,yahoo,GC=F
2026-09-22T11:09:00Z,4352.7001953125,4354.7998046875,4346.39990234375,4347.5,1237.0,yahoo,GC=F
2026-09-22T11:10:00Z,4347.89990234375,4352.10009765625,4346.2998046875,4351.7998046875,405.0,yahoo,GC=F
2026-09-22T11:11:00Z,4350.89990234375,4351.39990234375,4348.2998046875,4350.60009765625,134.0,yahoo,GC=F
2026-09-22T11:12:00Z,4351.10009765625,4352.89990234375,4348.39990234375,4349.89990234375,302.0,yahoo,GC=F
2026-09-22T11:13:00Z,4350.39990234375,4351.60009765625,4348.5,4349.89990234375,106.0,yahoo,GC=F
2026-09-22T11:14:00Z,4349.5,4353.5,4349.5,4352.7001953125,95.0,yahoo,GC=F
2026-09-22T11:15:00Z,4352.2998046875,4354.0,4351.89990234375,4354.0,99.0,yahoo,GC=F
2026-09-22T11:16:00Z,4353.89990234375,4355.60009765625,4353.10009765625,4355.2001953125,221.0,yahoo,GC=F
2026-09-22T11:17:00Z,4355.2998046875,4355.2998046875,4353.60009765625,4354.0,48.0,yahoo,GC=F
2026-09-22T11:18:00Z,4353.60009765625,4353.60009765625,4351.7998046875,4351.89990234375,74.0,yahoo,GC=F
2026-09-22T11:19:00Z,4351.89990234375,4352.10009765625,4349.10009765625,4350.0,166.0,yahoo,GC=F
2026-09-22T11:20:00Z,4349.89990234375,4351.7998046875,4349.2001953125,4350.39990234375,96.0,yahoo,GC=F
2026-09-22T11:21:00Z,4350.5,4351.89990234375,4350.5,4351.0,33.0,yahoo,GC=F
2026-09-22T11:22:00Z,4350.7998046875,4352.60009765625,4350.39990234375,4351.2998046875,54.0,yahoo,GC=F
2026-09-22T11:23:00Z,4351.2998046875,4353.39990234375,4351.2998046875,4352.10009765625,106.0,yahoo,GC=F
2026-09-22T11:24:00Z,4352.0,4354.2998046875,4352.0,4353.7998046875,95.0,yahoo,GC=F
2026-09-22T11:25:00Z,4353.39990234375,4353.39990234375,4351.7998046875,4353.10009765625,43.0,yahoo,GC=F
2026-09-22T11:26:00Z,4353.2998046875,4355.7001953125,4353.2998046875,4354.2001953125,209.0,yahoo,GC=F
2026-09-22T11:27:00Z,4354.2001953125,4354.5,4353.39990234375,4353.39990234375,25.0,yahoo,GC=F
2026-09-22T11:28:00Z,4354.0,4354.2998046875,4352.89990234375,4353.2998046875,43.0,yahoo,GC=F
2026-09-22T11:29:00Z,4353.39990234375,4355.10009765625,4353.10009765625,4355.10009765625,41.0,yahoo,GC=F
2026-09-22T11:30:00Z,4354.89990234375,4355.60009765625,4354.0,4354.2001953125,66.0,yahoo,GC=F
2026-09-22T11:31:00Z,4354.2001953125,4356.7998046875,4353.89990234375,4355.2998046875,118.0,yahoo,GC=F
2026-09-22T11:32:00Z,4355.10009765625,4356.2001953125,4355.0,4355.2998046875,30.0,yahoo,GC=F
2026-09-22T11:33:00Z,4355.0,4355.0,4352.60009765625,4353.5,32.0,yahoo,GC=F
2026-09-22T11:34:00Z,4353.2001953125,4353.2001953125,4351.0,4351.10009765625,90.0,yahoo,GC=F
2026-09-22T11:35:00Z,4351.5,4352.7998046875,4351.0,4352.7998046875,18.0,yahoo,GC=F
2026-09-22T11:36:00Z,4353.2001953125,4353.7001953125,4352.39990234375,4352.5,38.0,yahoo,GC=F
2026-09-22T11:37:00Z,4352.7001953125,4352.7001953125,4351.5,4351.60009765625,44.0,yahoo,GC=F
2026-09-22T11:38:00Z,4351.2998046875,4353.60009765625,4351.0,4353.39990234375,48.0,yahoo,GC=F
2026-09-22T11:39:00Z,4353.7001953125,4355.2998046875,4353.7001953125,4353.7998046875,36.0,yahoo,GC=F
2026-09-22T11:40:00Z,4353.7998046875,4354.39990234375,4353.7998046875,4354.10009765625,30.0,yahoo,GC=F
2026-09-22T11:41:00Z,4354.0,4357.2998046875,4353.2998046875,4357.10009765625,85.0,yahoo,GC=F
2026-09-22T11:42:00Z,4356.89990234375,4357.2998046875,4355.7001953125,4355.7998046875,97.0,yahoo,GC=F
2026-09-22T11:43:00Z,4355.60009765625,4356.60009765625,4355.39990234375,4356.0,32.0,yahoo,GC=F
2026-09-22T11:44:00Z,4355.7998046875,4355.7998046875,4352.7998046875,4354.89990234375,174.0,yahoo,GC=F
2026-09-22T11:45:00Z,4355.0,4358.89990234375,4353.7001953125,4357.5,317.0,yahoo,GC=F
2026-09-22T11:46:00Z,4357.0,4357.2001953125,4354.60009765625,4354.60009765625,33.0,yahoo,GC=F
2026-09-22T11:47:00Z,4354.89990234375,4356.0,4354.89990234375,4356.0,20.0,yahoo,GC=F
2026-09-22T11:48:00Z,4356.2001953125,4358.10009765625,4356.10009765625,4357.5,43.0,yahoo,GC=F
2026-09-22T11:49:00Z,4357.2998046875,4357.60009765625,4356.7998046875,4357.60009765625,21.0,yahoo,GC=F
2026-09-22T11:50:00Z,4357.7001953125,4358.2001953125,4356.89990234375,4358.0,163.0,yahoo,GC=F
2026-09-22T11:51:00Z,4357.2001953125,4357.39990234375,4355.60009765625,4355.89990234375,44.0,yahoo,GC=F
2026-09-22T11:52:00Z,4356.2001953125,4357.89990234375,4356.10009765625,4357.89990234375,36.0,yahoo,GC=F
2026-09-22T11:53:00Z,4357.7998046875,4358.2001953125,4356.2998046875,4356.5,28.0,yahoo,GC=F
2026-09-22T11:54:00Z,4356.7001953125,4356.89990234375,4355.0,4355.39990234375,58.0,yahoo,GC=F
2026-09-22T11:55:00Z,4355.2998046875,4359.39990234375,4355.2998046875,4358.89990234375,160.0,yahoo,GC=F
2026-09-22T11:56:00Z,4359.10009765625,4359.7001953125,4357.10009765625,4359.60009765625,277.0,yahoo,GC=F
2026-09-22T11:57:00Z,4359.89990234375,4360.7998046875,4359.2998046875,4360.2998046875,117.0,yahoo,GC=F
2026-09-22T11:58:00Z,4359.89990234375,4359.89990234375,4358.10009765625,4358.39990234375,61.0,yahoo,GC=F
2026-09-22T11:59:00Z,4358.2998046875,4360.10009765625,4358.2998046875,4359.89990234375,84.0,yahoo,GC=F
2026-09-22T12:00:00Z,4360.2001953125,4360.89990234375,4359.60009765625,4360.2001953125,97.0,yahoo,GC=F
2026-09-22T12:01:00Z,4360.10009765625,4360.60009765625,4359.2998046875,4360.2998046875,89.0,yahoo,GC=F
2026-09-22T12:02:00Z,4360.2001953125,4362.2998046875,4359.89990234375,4362.2001953125,215.0,yahoo,GC=F
2026-09-22T12:03:00Z,4362.2001953125,4363.0,4361.7998046875,4362.60009765625,148.0,yahoo,GC=F
2026-09-22T12:04:00Z,4362.5,4363.0,4361.89990234375,4362.60009765625,65.0,yahoo,GC=F
2026-09-22T12:05:00Z,4362.60009765625,4364.10009765625,4361.89990234375,4361.89990234375,70.0,yahoo,GC=F
2026-09-22T12:06:00Z,4362.0,4362.7001953125,4360.10009765625,4361.60009765625,126.0,yahoo,GC=F
2026-09-22T12:07:00Z,4361.5,4361.89990234375,4360.89990234375,4361.10009765625,32.0,yahoo,GC=F
2026-09-22T12:08:00Z,4361.0,4362.2001953125,4359.89990234375,4360.7001953125,56.0,yahoo,GC=F
2026-09-22T12:09:00Z,4360.60009765625,4361.2998046875,4357.10009765625,4358.10009765625,142.0,yahoo,GC=F
2026-09-22T12:10:00Z,4358.0,4359.89990234375,4357.5,4359.89990234375,98.0,yahoo,GC=F
2026-09-22T12:11:00Z,4359.5,4360.10009765625,4358.60009765625,4359.7001953125,45.0,yahoo,GC=F
2026-09-22T12:12:00Z,4359.7001953125,4359.89990234375,4359.39990234375,4359.39990234375,6.0,yahoo,GC=F
2026-09-22T12:13:00Z,4359.10009765625,4360.89990234375,4358.7001953125,4360.7001953125,48.0,yahoo,GC=F
2026-09-22T12:14:00Z,4360.7998046875,4360.89990234375,4360.39990234375,4360.89990234375,19.0,yahoo,GC=F
2026-09-22T12:15:00Z,4361.10009765625,4362.0,4360.10009765625,4361.7001953125,90.0,yahoo,GC=F
2026-09-22T12:16:00Z,4361.7998046875,4363.2001953125,4361.10009765625,4361.10009765625,83.0,yahoo,GC=F
2026-09-22T12:17:00Z,4360.89990234375,4361.60009765625,4359.7998046875,4361.2001953125,78.0,yahoo,GC=F
2026-09-22T12:18:00Z,4361.2998046875,4362.10009765625,4361.10009765625,4362.0,20.0,yahoo,GC=F
2026-09-22T12:19:00Z,4362.2998046875,4364.2998046875,4362.2001953125,4364.2001953125,129.0,yahoo,GC=F
2026-09-22T12:20:00Z,4363.89990234375,4372.7001953125,4362.10009765625,4371.89990234375,973.0,yahoo,GC=F
2026-09-22T12:21:00Z,4372.2001953125,4373.39990234375,4370.2998046875,4372.60009765625,323.0,yahoo,GC=F
2026-09-22T12:22:00Z,4372.5,4376.7001953125,4372.2001953125,4374.89990234375,421.0,yahoo,GC=F
2026-09-22T12:23:00Z,4374.7001953125,4378.0,4374.2001953125,4377.7998046875,313.0,yahoo,GC=F
2026-09-22T12:24:00Z,4377.60009765625,4379.2001953125,4376.2998046875,4376.60009765625,515.0,yahoo,GC=F
2026-09-22T12:25:00Z,4376.7998046875,4380.0,4375.0,4375.0,348.0,yahoo,GC=F
2026-09-22T12:26:00Z,4374.89990234375,4374.89990234375,4369.7998046875,4370.2001953125,191.0,yahoo,GC=F
2026-09-22T12:27:00Z,4370.10009765625,4371.89990234375,4368.7998046875,4371.2998046875,155.0,yahoo,GC=F
2026-09-22T12:28:00Z,4371.60009765625,4372.2001953125,4371.0,4371.7001953125,101.0,yahoo,GC=F
2026-09-22T12:29:00Z,4371.60009765625,4374.5,4371.60009765625,4374.5,145.0,yahoo,GC=F
2026-09-22T12:30:00Z,4374.2001953125,4378.89990234375,4372.5,4378.39990234375,329.0,yahoo,GC=F
2026-09-22T12:31:00Z,4378.5,4381.39990234375,4378.2998046875,4380.10009765625,616.0,yahoo,GC=F
2026-09-22T12:32:00Z,4380.0,4381.2998046875,4376.10009765625,4376.39990234375,276.0,yahoo,GC=F
2026-09-22T12:33:00Z,4376.60009765625,4378.7998046875,4375.89990234375,4378.7001953125,113.0,yahoo,GC=F
2026-09-22T12:34:00Z,4378.39990234375,4379.60009765625,4376.7001953125,4376.89990234375,114.0,yahoo,GC=F
2026-09-22T12:35:00Z,4377.2001953125,4379.39990234375,4377.2001953125,4378.39990234375,148.0,yahoo,GC=F
2026-09-22T12:36:00Z,4378.39990234375,4380.5,4376.60009765625,4377.0,198.0,yahoo,GC=F
2026-09-22T12:37:00Z,4377.0,4377.2001953125,4374.7998046875,4376.2001953125,106.0,yahoo,GC=F
2026-09-22T12:38:00Z,4376.0,4377.89990234375,4376.0,4376.60009765625,173.0,yahoo,GC=F
2026-09-22T12:39:00Z,4376.7001953125,4377.2001953125,4375.5,4376.2998046875,126.0,yahoo,GC=F
2026-09-22T12:40:00Z,4376.39990234375,4376.5,4374.39990234375,4376.2001953125,101.0,yahoo,GC=F
2026-09-22T12:41:00Z,4376.2998046875,4378.2001953125,4375.7001953125,4378.10009765625,111.0,yahoo,GC=F
2026-09-22T12:42:00Z,4378.2998046875,4378.39990234375,4376.7001953125,4377.60009765625,43.0,yahoo,GC=F
2026-09-22T12:43:00Z,4377.60009765625,4378.2998046875,4374.2001953125,4374.2998046875,90.0,yahoo,GC=F
2026-09-22T12:44:00Z,4374.10009765625,4374.5,4369.2998046875,4369.2998046875,348.0,yahoo,GC=F
2026-09-22T12:45:00Z,4369.7998046875,4371.5,4369.2001953125,4371.2998046875,157.0,yahoo,GC=F
2026-09-22T12:46:00Z,4371.10009765625,4371.7998046875,4368.39990234375,4370.39990234375,176.0,yahoo,GC=F
2026-09-22T12:47:00Z,4370.39990234375,4371.89990234375,4369.89990234375,4370.89990234375,121.0,yahoo,GC=F
2026-09-22T12:48:00Z,4371.10009765625,4372.7998046875,4370.2001953125,4372.5,134.0,yahoo,GC=F
2026-09-22T12:49:00Z,4372.10009765625,4372.10009765625,4370.10009765625,4370.39990234375,124.0,yahoo,GC=F
2026-09-22T12:50:00Z,4370.7001953125,4373.60009765625,4370.39990234375,4372.39990234375,206.0,yahoo,GC=F
2026-09-22T12:51:00Z,4372.2001953125,4372.2001953125,4369.7001953125,4370.2001953125,105.0,yahoo,GC=F
2026-09-22T12:52:00Z,4370.39990234375,4370.7998046875,4368.2998046875,4369.5,188.0,yahoo,GC=F
2026-09-22T12:53:00Z,4369.89990234375,4370.60009765625,4369.10009765625,4370.39990234375,109.0,yahoo,GC=F
2026-09-22T12:54:00Z,4370.89990234375,4372.7001953125,4370.5,4372.5,148.0,yahoo,GC=F
2026-09-22T12:55:00Z,4372.2998046875,4375.2001953125,4372.0,4373.5,221.0,yahoo,GC=F
2026-09-22T12:56:00Z,4373.2001953125,4373.39990234375,4371.2998046875,4371.89990234375,122.0,yahoo,GC=F
2026-09-22T12:57:00Z,4371.7998046875,4374.7001953125,4371.5,4373.89990234375,115.0,yahoo,GC=F
2026-09-22T12:58:00Z,4374.10009765625,4374.39990234375,4373.2001953125,4373.2998046875,70.0,yahoo,GC=F
2026-09-22T12:59:00Z,4373.0,4373.0,4370.7001953125,4371.5,137.0,yahoo,GC=F
2026-09-22T13:00:00Z,4371.60009765625,4371.89990234375,4368.0,4370.39990234375,598.0,yahoo,GC=F
2026-09-22T13:01:00Z,4370.7001953125,4374.0,4369.2001953125,4373.7001953125,281.0,yahoo,GC=F
2026-09-22T13:02:00Z,4374.2998046875,4375.39990234375,4372.7001953125,4374.39990234375,174.0,yahoo,GC=F
2026-09-22T13:03:00Z,4374.5,4374.5,4371.60009765625,4372.7001953125,75.0,yahoo,GC=F
2026-09-22T13:04:00Z,4372.89990234375,4374.39990234375,4371.7998046875,4373.60009765625,155.0,yahoo,GC=F
2026-09-22T13:05:00Z,4374.0,4375.0,4370.7998046875,4371.7001953125,122.0,yahoo,GC=F
2026-09-22T13:06:00Z,4371.89990234375,4373.89990234375,4368.60009765625,4370.60009765625,445.0,yahoo,GC=F
2026-09-22T13:07:00Z,4370.2998046875,4374.60009765625,4370.0,4372.5,135.0,yahoo,GC=F
2026-09-22T13:08:00Z,4372.7998046875,4377.7998046875,4372.7998046875,4376.5,265.0,yahoo,GC=F
2026-09-22T13:09:00Z,4376.39990234375,4379.2001953125,4375.2998046875,4377.2001953125,247.0,yahoo,GC=F
2026-09-22T13:10:00Z,4377.39990234375,4379.5,4375.89990234375,4379.2998046875,114.0,yahoo,GC=F
2026-09-22T13:11:00Z,4379.0,4380.0,4376.2998046875,4377.0,136.0,yahoo,GC=F
2026-09-22T13:12:00Z,4377.2001953125,4378.7998046875,4376.10009765625,4378.7998046875,145.0,yahoo,GC=F
2026-09-22T13:13:00Z,4378.7001953125,4379.0,4375.89990234375,4377.60009765625,117.0,yahoo,GC=F
2026-09-22T13:14:00Z,4377.89990234375,4379.5,4377.2998046875,4378.2998046875,140.0,yahoo,GC=F
2026-09-22T13:15:00Z,4378.2998046875,4379.60009765625,4377.60009765625,4378.5,114.0,yahoo,GC=F
2026-09-22T13:16:00Z,4378.7998046875,4380.60009765625,4377.7998046875,4377.89990234375,261.0,yahoo,GC=F
2026-09-22T13:17:00Z,4378.2001953125,4378.60009765625,4374.89990234375,4375.7001953125,202.0,yahoo,GC=F
2026-09-22T13:18:00Z,4375.7998046875,4376.7998046875,4374.7001953125,4376.10009765625,119.0,yahoo,GC=F
2026-09-22T13:19:00Z,4376.2001953125,4376.5,4374.7998046875,4375.39990234375,79.0,yahoo,GC=F
2026-09-22T13:20:00Z,4375.39990234375,4377.5,4375.2001953125,4376.2998046875,92.0,yahoo,GC=F
2026-09-22T13:21:00Z,4376.39990234375,4376.7001953125,4372.2998046875,4372.89990234375,150.0,yahoo,GC=F
2026-09-22T13:22:00Z,4372.7998046875,4373.7001953125,4371.10009765625,4373.60009765625,249.0,yahoo,GC=F
2026-09-22T13:23:00Z,4373.89990234375,4373.89990234375,4368.89990234375,4369.0,106.0,yahoo,GC=F
2026-09-22T13:24:00Z,4369.0,4371.39990234375,4368.60009765625,4370.5,131.0,yahoo,GC=F
2026-09-22T13:25:00Z,4370.60009765625,4371.5,4370.10009765625,4371.5,53.0,yahoo,GC=F
2026-09-22T13:26:00Z,4370.7998046875,4372.10009765625,4369.89990234375,4371.7001953125,83.0,yahoo,GC=F
2026-09-22T13:27:00Z,4370.60009765625,4371.2998046875,4367.7998046875,4369.60009765625,170.0,yahoo,GC=F
2026-09-22T13:28:00Z,4369.10009765625,4369.60009765625,4367.7001953125,4369.0,119.0,yahoo,GC=F
2026-09-22T13:29:00Z,4368.7001953125,4369.10009765625,4367.39990234375,4368.0,252.0,yahoo,GC=F
2026-09-22T13:30:00Z,4368.10009765625,4370.7001953125,4367.5,4369.7001953125,271.0,yahoo,GC=F
2026-09-22T13:31:00Z,4369.89990234375,4370.5,4367.89990234375,4369.10009765625,107.0,yahoo,GC=F
2026-09-22T13:32:00Z,4369.2001953125,4371.0,4367.7001953125,4370.10009765625,130.0,yahoo,GC=F
2026-09-22T13:33:00Z,4370.2001953125,4372.7998046875,4368.60009765625,4372.0,175.0,yahoo,GC=F
2026-09-22T13:34:00Z,4372.0,4373.89990234375,4371.2998046875,4372.0,377.0,yahoo,GC=F
2026-09-22T13:35:00Z,4372.2001953125,4373.0,4371.10009765625,4372.60009765625,104.0,yahoo,GC=F
2026-09-22T13:36:00Z,4372.60009765625,4374.60009765625,4371.7998046875,4372.39990234375,211.0,yahoo,GC=F
2026-09-22T13:37:00Z,4372.5,4372.7998046875,4368.2001953125,4369.7998046875,135.0,yahoo,GC=F
2026-09-22T13:38:00Z,4369.89990234375,4372.39990234375,4368.60009765625,4372.39990234375,120.0,yahoo,GC=F
2026-09-22T13:39:00Z,4372.2001953125,4373.2001953125,4369.0,4369.0,144.0,yahoo,GC=F
2026-09-22T13:40:00Z,4369.10009765625,4369.10009765625,4365.2001953125,4366.39990234375,345.0,yahoo,GC=F
2026-09-22T13:41:00Z,4366.2001953125,4369.60009765625,4365.2001953125,4366.10009765625,568.0,yahoo,GC=F
2026-09-22T13:42:00Z,4366.5,4373.10009765625,4365.2001953125,4373.0,253.0,yahoo,GC=F
2026-09-22T13:43:00Z,4373.2998046875,4379.89990234375,4373.0,4378.10009765625,593.0,yahoo,GC=F
2026-09-22T13:44:00Z,4378.0,4380.60009765625,4377.10009765625,4379.0,359.0,yahoo,GC=F
2026-09-22T13:45:00Z,4379.0,4381.89990234375,4378.5,4379.60009765625,418.0,yahoo,GC=F
2026-09-22T13:46:00Z,4379.5,4379.7998046875,4374.2001953125,4375.89990234375,256.0,yahoo,GC=F
2026-09-22T13:47:00Z,4375.7998046875,4375.7998046875,4373.2998046875,4373.7001953125,278.0,yahoo,GC=F
2026-09-22T13:48:00Z,4374.0,4376.7998046875,4373.10009765625,4376.39990234375,302.0,yahoo,GC=F
2026-09-22T13:49:00Z,4376.7001953125,4379.2998046875,4375.60009765625,4377.5,182.0,yahoo,GC=F
2026-09-22T13:50:00Z,4377.60009765625,4377.7001953125,4375.5,4377.10009765625,118.0,yahoo,GC=F
2026-09-22T13:51:00Z,4377.2998046875,4377.89990234375,4375.2001953125,4377.2998046875,93.0,yahoo,GC=F
2026-09-22T13:52:00Z,4377.2001953125,4378.7001953125,4376.2998046875,4376.39990234375,86.0,yahoo,GC=F
2026-09-22T13:53:00Z,4376.39990234375,4376.39990234375,4374.10009765625,4374.5,127.0,yahoo,GC=F
2026-09-22T13:54:00Z,4374.7998046875,4374.7998046875,4369.60009765625,4369.7998046875,271.0,yahoo,GC=F
2026-09-22T13:55:00Z,4369.60009765625,4370.2998046875,4367.5,4369.39990234375,222.0,yahoo,GC=F
2026-09-22T13:56:00Z,4369.2998046875,4370.60009765625,4368.7998046875,4369.7001953125,119.0,yahoo,GC=F
2026-09-22T13:57:00Z,4369.5,4374.60009765625,4369.5,4374.5,181.0,yahoo,GC=F
2026-09-22T13:58:00Z,4374.7001953125,4375.7001953125,4372.39990234375,4372.7001953125,131.0,yahoo,GC=F
2026-09-22T13:59:00Z,4372.7001953125,4372.7001953125,4370.7001953125,4371.0,160.0,yahoo,GC=F
2026-09-22T14:00:00Z,4370.7998046875,4372.5,4368.7001953125,4370.89990234375,267.0,yahoo,GC=F
2026-09-22T14:01:00Z,4371.0,4371.89990234375,4370.5,4371.0,161.0,yahoo,GC=F
2026-09-22T14:02:00Z,4371.5,4371.7001953125,4367.2001953125,4368.5,461.0,yahoo,GC=F
2026-09-22T14:03:00Z,4368.7001953125,4372.39990234375,4368.2001953125,4370.2001953125,409.0,yahoo,GC=F
2026-09-22T14:04:00Z,4370.39990234375,4372.2998046875,4366.0,4366.2001953125,298.0,yahoo,GC=F
2026-09-22T14:05:00Z,4366.60009765625,4367.39990234375,4365.2001953125,4366.5,171.0,yahoo,GC=F
2026-09-22T14:06:00Z,4366.0,4368.2998046875,4365.7001953125,4367.89990234375,128.0,yahoo,GC=F
2026-09-22T14:07:00Z,4367.7998046875,4369.5,4367.2998046875,4368.7998046875,130.0,yahoo,GC=F
2026-09-22T14:08:00Z,4368.39990234375,4369.10009765625,4367.5,4367.5,193.0,yahoo,GC=F
2026-09-22T14:09:00Z,4367.60009765625,4368.5,4366.7998046875,4367.39990234375,97.0,yahoo,GC=F
2026-09-22T14:10:00Z,4367.10009765625,4369.10009765625,4367.0,4369.0,125.0,yahoo,GC=F
2026-09-22T14:11:00Z,4369.10009765625,4369.39990234375,4366.2998046875,4369.0,112.0,yahoo,GC=F
2026-09-22T14:12:00Z,4368.60009765625,4368.7001953125,4366.2001953125,4367.39990234375,324.0,yahoo,GC=F
2026-09-22T14:13:00Z,4367.7001953125,4376.39990234375,4366.39990234375,4371.39990234375,894.0,yahoo,GC=F
2026-09-22T14:14:00Z,4371.7998046875,4372.39990234375,4369.89990234375,4371.5,173.0,yahoo,GC=F
2026-09-22T14:15:00Z,4371.2001953125,4371.89990234375,4369.10009765625,4371.89990234375,103.0,yahoo,GC=F
2026-09-22T14:16:00Z,4372.10009765625,4372.10009765625,4368.2998046875,4368.2998046875,195.0,yahoo,GC=F
2026-09-22T14:17:00Z,4368.39990234375,4368.39990234375,4365.89990234375,4367.7001953125,188.0,yahoo,GC=F
2026-09-22T14:18:00Z,4367.60009765625,4367.60009765625,4363.10009765625,4364.7001953125,439.0,yahoo,GC=F
2026-09-22T14:19:00Z,4364.5,4368.5,4364.39990234375,4366.2998046875,184.0,yahoo,GC=F
2026-09-22T14:20:00Z,4366.60009765625,4367.60009765625,4366.39990234375,4366.60009765625,50.0,yahoo,GC=F
2026-09-22T14:21:00Z,4367.39990234375,4369.10009765625,4365.0,4368.89990234375,208.0,yahoo,GC=F
2026-09-22T14:22:00Z,4369.10009765625,4369.7998046875,4367.2001953125,4367.2001953125,62.0,yahoo,GC=F
2026-09-22T14:23:00Z,4367.39990234375,4370.39990234375,4367.10009765625,4369.10009765625,109.0,yahoo,GC=F
2026-09-22T14:24:00Z,4369.39990234375,4370.5,4368.10009765625,4369.5,108.0,yahoo,GC=F
2026-09-22T14:25:00Z,4369.2998046875,4370.10009765625,4367.7998046875,4368.0,49.0,yahoo,GC=F
2026-09-22T14:26:00Z,4368.5,4368.5,4365.7998046875,4366.60009765625,92.0,yahoo,GC=F
2026-09-22T14:27:00Z,4366.7001953125,4367.60009765625,4365.39990234375,4365.7998046875,550.0,yahoo,GC=F
2026-09-22T14:28:00Z,4365.5,4365.7001953125,4362.2998046875,4364.7001953125,160.0,yahoo,GC=F
2026-09-22T14:29:00Z,4364.5,4367.0,4364.0,4365.60009765625,238.0,yahoo,GC=F
2026-09-22T14:30:00Z,4365.60009765625,4367.10009765625,4364.39990234375,4366.0,188.0,yahoo,GC=F
2026-09-22T14:31:00Z,4366.2001953125,4367.2998046875,4365.89990234375,4366.7001953125,147.0,yahoo,GC=F
2026-09-22T14:32:00Z,4367.0,4367.0,4364.7998046875,4365.0,98.0,yahoo,GC=F
2026-09-22T14:33:00Z,4364.7998046875,4365.10009765625,4363.7001953125,4364.2001953125,129.0,yahoo,GC=F
2026-09-22T14:34:00Z,4364.2998046875,4364.5,4361.7998046875,4362.5,134.0,yahoo,GC=F
2026-09-22T14:35:00Z,4362.39990234375,4362.60009765625,4359.10009765625,4359.60009765625,762.0,yahoo,GC=F
2026-09-22T14:36:00Z,4359.5,4362.5,4358.60009765625,4362.0,253.0,yahoo,GC=F
2026-09-22T14:37:00Z,4362.5,4366.2001953125,4362.39990234375,4366.2001953125,196.0,yahoo,GC=F
2026-09-22T14:38:00Z,4366.0,4366.2998046875,4361.39990234375,4363.89990234375,341.0,yahoo,GC=F
2026-09-22T14:39:00Z,4363.89990234375,4371.7998046875,4361.60009765625,4361.7998046875,1200.0,yahoo,GC=F
2026-09-22T14:40:00Z,4362.2001953125,4362.2001953125,4358.10009765625,4359.7998046875,439.0,yahoo,GC=F
2026-09-22T14:41:00Z,4359.89990234375,4360.7001953125,4355.0,4355.89990234375,342.0,yahoo,GC=F
2026-09-22T14:42:00Z,4355.5,4355.89990234375,4351.7998046875,4352.7998046875,1014.0,yahoo,GC=F
2026-09-22T14:43:00Z,4352.60009765625,4357.7001953125,4352.2001953125,4356.5,343.0,yahoo,GC=F
2026-09-22T14:44:00Z,4356.5,4358.39990234375,4355.2998046875,4357.39990234375,159.0,yahoo,GC=F
2026-09-22T14:45:00Z,4357.5,4359.2001953125,4354.89990234375,4355.5,420.0,yahoo,GC=F
2026-09-22T14:46:00Z,4355.60009765625,4357.39990234375,4354.89990234375,4356.89990234375,122.0,yahoo,GC=F
2026-09-22T14:47:00Z,4356.89990234375,4361.60009765625,4356.89990234375,4359.5,603.0,yahoo,GC=F
2026-09-22T14:48:00Z,4359.5,4359.5,4357.5,4358.7001953125,180.0,yahoo,GC=F
2026-09-22T14:49:00Z,4358.39990234375,4359.60009765625,4357.89990234375,4359.2998046875,74.0,yahoo,GC=F
2026-09-22T14:50:00Z,4359.7001953125,4360.2001953125,4357.7001953125,4358.39990234375,103.0,yahoo,GC=F
2026-09-22T14:51:00Z,4358.2998046875,4359.39990234375,4357.5,4358.7998046875,128.0,yahoo,GC=F
2026-09-22T14:52:00Z,4359.0,4359.7001953125,4358.2001953125,4359.0,79.0,yahoo,GC=F
2026-09-22T14:53:00Z,4359.0,4360.0,4357.60009765625,4360.0,68.0,yahoo,GC=F
2026-09-22T14:54:00Z,4360.2998046875,4362.7001953125,4360.2001953125,4362.2998046875,233.0,yahoo,GC=F
2026-09-22T14:55:00Z,4362.2001953125,4363.2001953125,4362.0,4362.7001953125,107.0,yahoo,GC=F
2026-09-22T14:56:00Z,4362.5,4364.2001953125,4362.2001953125,4362.2001953125,148.0,yahoo,GC=F
2026-09-22T14:57:00Z,4362.2998046875,4363.7998046875,4361.89990234375,4363.7001953125,56.0,yahoo,GC=F
2026-09-22T14:58:00Z,4363.5,4364.39990234375,4362.7998046875,4364.2001953125,63.0,yahoo,GC=F
2026-09-22T14:59:00Z,4364.2998046875,4365.89990234375,4364.0,4365.2998046875,185.0,yahoo,GC=F
2026-09-22T15:00:00Z,4365.5,4365.5,4362.7001953125,4365.2998046875,132.0,yahoo,GC=F
2026-09-22T15:01:00Z,4364.89990234375,4366.0,4363.5,4365.7998046875,117.0,yahoo,GC=F
2026-09-22T15:02:00Z,4366.0,4366.7998046875,4365.60009765625,4366.2001953125,143.0,yahoo,GC=F
2026-09-22T15:03:00Z,4366.10009765625,4368.2998046875,4366.10009765625,4366.5,206.0,yahoo,GC=F
2026-09-22T15:04:00Z,4366.7001953125,4369.89990234375,4366.7001953125,4368.10009765625,258.0,yahoo,GC=F
2026-09-22T15:05:00Z,4367.60009765625,4368.0,4366.2001953125,4367.89990234375,97.0,yahoo,GC=F
2026-09-22T15:06:00Z,4368.10009765625,4372.0,4367.5,4370.2001953125,322.0,yahoo,GC=F
2026-09-22T15:07:00Z,4370.10009765625,4374.10009765625,4369.7998046875,4373.10009765625,399.0,yahoo,GC=F
2026-09-22T15:08:00Z,4372.89990234375,4375.5,4372.39990234375,4374.2998046875,278.0,yahoo,GC=F
2026-09-22T15:09:00Z,4374.5,4375.7998046875,4374.0,4375.60009765625,225.0,yahoo,GC=F
2026-09-22T15:10:00Z,4375.5,4378.0,4375.2001953125,4375.2001953125,619.0,yahoo,GC=F
2026-09-22T15:11:00Z,4375.5,4375.5,4373.2001953125,4374.0,214.0,yahoo,GC=F
2026-09-22T15:12:00Z,4374.2001953125,4374.39990234375,4372.89990234375,4373.7998046875,125.0,yahoo,GC=F
2026-09-22T15:13:00Z,4373.2998046875,4374.39990234375,4372.60009765625,4373.39990234375,86.0,yahoo,GC=F
2026-09-22T15:14:00Z,4373.2001953125,4376.0,4372.89990234375,4374.0,619.0,yahoo,GC=F
2026-09-22T15:15:00Z,4373.89990234375,4378.0,4373.89990234375,4377.0,456.0,yahoo,GC=F
2026-09-22T15:16:00Z,4377.2998046875,4378.2998046875,4376.0,4377.39990234375,245.0,yahoo,GC=F
2026-09-22T15:17:00Z,4377.7998046875,4378.2001953125,4375.7998046875,4376.39990234375,159.0,yahoo,GC=F
2026-09-22T15:18:00Z,4376.39990234375,4377.7998046875,4375.2998046875,4375.5,237.0,yahoo,GC=F
2026-09-22T15:19:00Z,4376.0,4376.60009765625,4374.7001953125,4374.89990234375,154.0,yahoo,GC=F
2026-09-22T15:20:00Z,4375.0,4375.0,4372.39990234375,4372.7001953125,121.0,yahoo,GC=F
2026-09-22T15:21:00Z,4373.0,4376.7998046875,4372.5,4376.10009765625,102.0,yahoo,GC=F
2026-09-22T15:22:00Z,4376.2001953125,4376.2001953125,4373.5,4373.5,107.0,yahoo,GC=F
2026-09-22T15:23:00Z,4373.5,4374.89990234375,4372.7001953125,4374.89990234375,87.0,yahoo,GC=F
2026-09-22T15:24:00Z,4374.2998046875,4375.7001953125,4374.0,4374.7001953125,122.0,yahoo,GC=F
2026-09-22T15:25:00Z,4374.5,4374.5,4372.89990234375,4373.10009765625,64.0,yahoo,GC=F
2026-09-22T15:26:00Z,4373.0,4373.2001953125,4371.39990234375,4371.7998046875,147.0,yahoo,GC=F
2026-09-22T15:27:00Z,4371.60009765625,4372.2998046875,4371.2998046875,4372.2001953125,67.0,yahoo,GC=F
2026-09-22T15:28:00Z,4372.10009765625,4373.2001953125,4371.89990234375,4372.7998046875,64.0,yahoo,GC=F
2026-09-22T15:29:00Z,4373.2001953125,4373.2001953125,4369.7998046875,4369.7998046875,150.0,yahoo,GC=F
2026-09-22T15:30:00Z,4369.7001953125,4370.89990234375,4368.7998046875,4368.7998046875,128.0,yahoo,GC=F
2026-09-22T15:31:00Z,4368.7998046875,4369.0,4367.60009765625,4367.7001953125,181.0,yahoo,GC=F
2026-09-22T15:32:00Z,4367.5,4368.0,4365.2998046875,4365.7998046875,272.0,yahoo,GC=F
2026-09-22T15:33:00Z,4365.7001953125,4367.10009765625,4365.2001953125,4365.7001953125,227.0,yahoo,GC=F
2026-09-22T15:34:00Z,4365.7998046875,4368.7998046875,4365.39990234375,4367.5,159.0,yahoo,GC=F
2026-09-22T15:35:00Z,4367.39990234375,4368.2001953125,4367.2001953125,4367.39990234375,33.0,yahoo,GC=F
2026-09-22T15:36:00Z,4367.39990234375,4368.10009765625,4366.7998046875,4368.0,59.0,yahoo,GC=F
2026-09-22T15:37:00Z,4367.60009765625,4367.89990234375,4366.10009765625,4366.5,146.0,yahoo,GC=F
2026-09-22T15:38:00Z,4366.2998046875,4366.2998046875,4364.7998046875,4366.2001953125,131.0,yahoo,GC=F
2026-09-22T15:39:00Z,4366.0,4366.89990234375,4365.60009765625,4366.2998046875,53.0,yahoo,GC=F
2026-09-22T15:40:00Z,4366.2001953125,4366.7998046875,4365.60009765625,4366.0,34.0,yahoo,GC=F
2026-09-22T15:41:00Z,4366.10009765625,4366.7998046875,4365.60009765625,4366.7998046875,37.0,yahoo,GC=F
2026-09-22T15:42:00Z,4366.5,4367.39990234375,4365.39990234375,4366.2998046875,76.0,yahoo,GC=F
2026-09-22T15:43:00Z,4366.10009765625,4366.2001953125,4364.7998046875,4364.89990234375,81.0,yahoo,GC=F
2026-09-22T15:44:00Z,4365.0,4365.5,4364.7998046875,4365.5,37.0,yahoo,GC=F
2026-09-22T15:45:00Z,4365.2001953125,4365.2998046875,4363.2001953125,4363.39990234375,199.0,yahoo,GC=F
2026-09-22T15:46:00Z,4363.10009765625,4364.2001953125,4362.60009765625,4362.7001953125,77.0,yahoo,GC=F
2026-09-22T15:47:00Z,4363.10009765625,4364.89990234375,4362.89990234375,4364.5,86.0,yahoo,GC=F
2026-09-22T15:48:00Z,4364.7998046875,4365.2001953125,4364.2001953125,4364.89990234375,85.0,yahoo,GC=F
2026-09-22T15:49:00Z,4364.7998046875,4365.2001953125,4363.5,4363.7998046875,141.0,yahoo,GC=F
2026-09-22T15:50:00Z,4363.89990234375,4365.39990234375,4362.7998046875,4365.2001953125,116.0,yahoo,GC=F
2026-09-22T15:51:00Z,4365.2001953125,4365.60009765625,4364.60009765625,4364.60009765625,48.0,yahoo,GC=F
2026-09-22T15:52:00Z,4365.0,4365.5,4364.89990234375,4365.5,35.0,yahoo,GC=F
2026-09-22T15:53:00Z,4365.2998046875,4366.10009765625,4364.7001953125,4365.60009765625,67.0,yahoo,GC=F
2026-09-22T15:54:00Z,4365.39990234375,4366.89990234375,4365.39990234375,4366.10009765625,132.0,yahoo,GC=F
2026-09-22T15:55:00Z,4366.10009765625,4366.7001953125,4365.10009765625,4366.2998046875,76.0,yahoo,GC=F
2026-09-22T15:56:00Z,4366.10009765625,4367.10009765625,4365.89990234375,4366.2998046875,63.0,yahoo,GC=F
2026-09-22T15:57:00Z,4366.60009765625,4368.7001953125,4366.5,4368.7001953125,114.0,yahoo,GC=F
2026-09-22T15:58:00Z,4368.60009765625,4369.39990234375,4368.2998046875,4368.2998046875,115.0,yahoo,GC=F
2026-09-22T15:59:00Z,4368.2001953125,4368.89990234375,4368.0,4368.7001953125,50.0,yahoo,GC=F
2026-09-22T16:00:00Z,4368.60009765625,4369.7001953125,4368.39990234375,4369.2998046875,131.0,yahoo,GC=F
2026-09-22T16:01:00Z,4369.60009765625,4369.7998046875,4365.5,4365.7001953125,198.0,yahoo,GC=F
2026-09-22T16:02:00Z,4365.89990234375,4366.2001953125,4364.7001953125,4365.0,98.0,yahoo,GC=F
2026-09-22T16:03:00Z,4364.7001953125,4364.89990234375,4363.7001953125,4364.5,315.0,yahoo,GC=F
2026-09-22T16:04:00Z,4364.39990234375,4364.60009765625,4363.2001953125,4364.2998046875,121.0,yahoo,GC=F
2026-09-22T16:05:00Z,4364.2001953125,4364.5,4362.2998046875,4364.0,147.0,yahoo,GC=F
2026-09-22T16:06:00Z,4364.0,4364.39990234375,4363.39990234375,4363.60009765625,49.0,yahoo,GC=F
2026-09-22T16:07:00Z,4363.5,4364.10009765625,4363.2001953125,4363.5,55.0,yahoo,GC=F
2026-09-22T16:08:00Z,4363.39990234375,4363.7001953125,4363.0,4363.2998046875,109.0,yahoo,GC=F
2026-09-22T16:09:00Z,4363.2001953125,4363.89990234375,4361.7001953125,4362.2001953125,103.0,yahoo,GC=F
2026-09-22T16:10:00Z,4362.2998046875,4362.89990234375,4361.60009765625,4362.10009765625,140.0,yahoo,GC=F
2026-09-22T16:11:00Z,4361.89990234375,4362.10009765625,4360.7001953125,4361.39990234375,79.0,yahoo,GC=F
2026-09-22T16:12:00Z,4361.7001953125,4362.2998046875,4360.89990234375,4361.2998046875,74.0,yahoo,GC=F
2026-09-22T16:13:00Z,4360.60009765625,4360.89990234375,4359.7998046875,4360.7998046875,62.0,yahoo,GC=F
2026-09-22T16:14:00Z,4360.7001953125,4361.7001953125,4360.2998046875,4361.10009765625,106.0,yahoo,GC=F
2026-09-22T16:15:00Z,4361.0,4361.2998046875,4360.7001953125,4361.10009765625,35.0,yahoo,GC=F
2026-09-22T16:16:00Z,4361.2998046875,4362.10009765625,4361.2001953125,4361.7998046875,48.0,yahoo,GC=F
2026-09-22T16:17:00Z,4361.7001953125,4362.10009765625,4360.7998046875,4361.89990234375,139.0,yahoo,GC=F
2026-09-22T16:18:00Z,4362.2998046875,4362.60009765625,4361.2998046875,4361.7998046875,44.0,yahoo,GC=F
2026-09-22T16:19:00Z,4361.89990234375,4364.2998046875,4360.89990234375,4363.7001953125,184.0,yahoo,GC=F
2026-09-22T16:20:00Z,4363.7998046875,4364.2001953125,4361.7001953125,4363.89990234375,192.0,yahoo,GC=F
2026-09-22T16:21:00Z,4363.7998046875,4364.5,4362.7998046875,4363.2998046875,43.0,yahoo,GC=F
2026-09-22T16:22:00Z,4363.5,4364.2001953125,4363.0,4363.0,33.0,yahoo,GC=F
2026-09-22T16:23:00Z,4363.10009765625,4363.89990234375,4362.39990234375,4362.39990234375,77.0,yahoo,GC=F
2026-09-22T16:24:00Z,4362.7998046875,4363.2001953125,4362.5,4363.2001953125,196.0,yahoo,GC=F
2026-09-22T16:25:00Z,4362.89990234375,4364.89990234375,4362.89990234375,4363.60009765625,53.0,yahoo,GC=F
2026-09-22T16:26:00Z,4363.7001953125,4363.7998046875,4363.2001953125,4363.5,32.0,yahoo,GC=F
2026-09-22T16:27:00Z,4363.7998046875,4364.5,4363.39990234375,4364.0,72.0,yahoo,GC=F
2026-09-22T16:28:00Z,4364.0,4364.0,4363.0,4363.2001953125,57.0,yahoo,GC=F
2026-09-22T16:29:00Z,4363.60009765625,4364.39990234375,4363.39990234375,4364.2998046875,74.0,yahoo,GC=F
2026-09-22T16:30:00Z,4364.39990234375,4366.10009765625,4364.39990234375,4365.0,82.0,yahoo,GC=F
2026-09-22T16:31:00Z,4365.10009765625,4365.10009765625,4363.89990234375,4364.0,62.0,yahoo,GC=F
2026-09-22T16:32:00Z,4364.2998046875,4365.10009765625,4364.2001953125,4364.7001953125,46.0,yahoo,GC=F
2026-09-22T16:33:00Z,4364.60009765625,4364.7001953125,4363.60009765625,4364.2001953125,80.0,yahoo,GC=F
2026-09-22T16:34:00Z,4364.2001953125,4366.2001953125,4364.10009765625,4366.0,52.0,yahoo,GC=F
2026-09-22T16:35:00Z,4366.2001953125,4366.2001953125,4365.10009765625,4365.5,42.0,yahoo,GC=F
2026-09-22T16:36:00Z,4365.2998046875,4365.60009765625,4364.7998046875,4365.5,35.0,yahoo,GC=F
2026-09-22T16:37:00Z,4365.60009765625,4366.39990234375,4365.5,4365.89990234375,41.0,yahoo,GC=F
2026-09-22T16:38:00Z,4365.7998046875,4366.39990234375,4365.39990234375,4365.5,55.0,yahoo,GC=F
2026-09-22T16:39:00Z,4365.7001953125,4366.5,4365.60009765625,4366.2998046875,37.0,yahoo,GC=F
2026-09-22T16:40:00Z,4366.39990234375,4366.5,4365.2998046875,4365.5,64.0,yahoo,GC=F
2026-09-22T16:41:00Z,4365.60009765625,4367.39990234375,4365.60009765625,4366.89990234375,77.0,yahoo,GC=F
2026-09-22T16:42:00Z,4367.10009765625,4368.60009765625,4367.10009765625,4368.10009765625,124.0,yahoo,GC=F
2026-09-22T16:43:00Z,4367.89990234375,4368.7998046875,4367.89990234375,4368.39990234375,57.0,yahoo,GC=F
2026-09-22T16:44:00Z,4368.2998046875,4370.0,4368.0,4369.7001953125,98.0,yahoo,GC=F
2026-09-22T16:45:00Z,4369.7998046875,4370.60009765625,4369.0,4369.39990234375,155.0,yahoo,GC=F
2026-09-22T16:46:00Z,4369.5,4369.7998046875,4368.89990234375,4369.7001953125,45.0,yahoo,GC=F
2026-09-22T16:47:00Z,4369.7001953125,4369.89990234375,4368.7998046875,4369.2998046875,41.0,yahoo,GC=F
2026-09-22T16:48:00Z,4369.39990234375,4374.60009765625,4369.39990234375,4372.60009765625,839.0,yahoo,GC=F
2026-09-22T16:49:00Z,4372.7001953125,4379.2001953125,4372.7001953125,4377.60009765625,618.0,yahoo,GC=F
2026-09-22T16:50:00Z,4377.7001953125,4378.7001953125,4375.60009765625,4377.7001953125,354.0,yahoo,GC=F
2026-09-22T16:51:00Z,4377.7001953125,4379.7998046875,4377.7001953125,4378.10009765625,251.0,yahoo,GC=F
2026-09-22T16:52:00Z,4378.0,4378.0,4375.2998046875,4375.7001953125,224.0,yahoo,GC=F
2026-09-22T16:53:00Z,4375.7001953125,4375.7998046875,4374.7001953125,4375.39990234375,110.0,yahoo,GC=F
2026-09-22T16:54:00Z,4375.10009765625,4376.2998046875,4374.7998046875,4375.2001953125,98.0,yahoo,GC=F
2026-09-22T16:55:00Z,4375.2998046875,4377.10009765625,4373.7998046875,4374.5,133.0,yahoo,GC=F
2026-09-22T16:56:00Z,4374.5,4374.5,4372.60009765625,4373.89990234375,122.0,yahoo,GC=F
2026-09-22T16:57:00Z,4373.7998046875,4374.39990234375,4372.39990234375,4373.89990234375,126.0,yahoo,GC=F
2026-09-22T16:58:00Z,4373.7998046875,4374.89990234375,4373.60009765625,4374.5,48.0,yahoo,GC=F
2026-09-22T16:59:00Z,4374.10009765625,4374.7998046875,4374.10009765625,4374.10009765625,50.0,yahoo,GC=F
2026-09-22T17:00:00Z,4374.0,4374.89990234375,4372.5,4374.89990234375,135.0,yahoo,GC=F
2026-09-22T17:01:00Z,4374.89990234375,4375.2998046875,4374.2998046875,4375.10009765625,61.0,yahoo,GC=F
2026-09-22T17:02:00Z,4374.89990234375,4375.60009765625,4373.7001953125,4374.60009765625,124.0,yahoo,GC=F
2026-09-22T17:03:00Z,4374.60009765625,4375.60009765625,4374.60009765625,4375.0,56.0,yahoo,GC=F
2026-09-22T17:04:00Z,4374.7001953125,4375.7001953125,4374.7001953125,4374.89990234375,35.0,yahoo,GC=F
2026-09-22T17:05:00Z,4375.0,4376.5,4374.60009765625,4376.39990234375,48.0,yahoo,GC=F
2026-09-22T17:06:00Z,4376.60009765625,4378.5,4376.2998046875,4378.2001953125,125.0,yahoo,GC=F
2026-09-22T17:07:00Z,4378.2001953125,4378.89990234375,4376.89990234375,4376.89990234375,141.0,yahoo,GC=F
2026-09-22T17:08:00Z,4377.2998046875,4377.2998046875,4375.7001953125,4376.0,128.0,yahoo,GC=F
2026-09-22T17:09:00Z,4375.89990234375,4376.7001953125,4374.89990234375,4375.60009765625,114.0,yahoo,GC=F
2026-09-22T17:10:00Z,4375.7001953125,4376.0,4375.0,4375.10009765625,44.0,yahoo,GC=F
2026-09-22T17:11:00Z,4375.10009765625,4377.2001953125,4375.10009765625,4377.2001953125,30.0,yahoo,GC=F
2026-09-22T17:12:00Z,4377.10009765625,4377.7998046875,4377.10009765625,4377.10009765625,104.0,yahoo,GC=F
2026-09-22T17:13:00Z,4377.2001953125,4377.2998046875,4376.39990234375,4377.0,50.0,yahoo,GC=F
2026-09-22T17:14:00Z,4377.10009765625,4377.2001953125,4375.2001953125,4375.7001953125,130.0,yahoo,GC=F
2026-09-22T17:15:00Z,4375.7998046875,4377.2998046875,4375.0,4377.2001953125,90.0,yahoo,GC=F
2026-09-22T17:16:00Z,4377.2001953125,4378.10009765625,4376.5,4376.7001953125,105.0,yahoo,GC=F
2026-09-22T17:17:00Z,4376.7998046875,4376.89990234375,4375.5,4375.7001953125,53.0,yahoo,GC=F
2026-09-22T17:18:00Z,4375.7998046875,4376.10009765625,4375.2001953125,4375.2998046875,48.0,yahoo,GC=F
2026-09-22T17:19:00Z,4375.2001953125,4376.0,4374.60009765625,4375.2001953125,112.0,yahoo,GC=F
2026-09-22T17:20:00Z,4375.2001953125,4377.2998046875,4375.10009765625,4377.2998046875,115.0,yahoo,GC=F
2026-09-22T17:21:00Z,4377.2998046875,4377.7001953125,4376.10009765625,4376.60009765625,95.0,yahoo,GC=F
2026-09-22T17:22:00Z,4376.2998046875,4376.5,4375.39990234375,4376.2001953125,61.0,yahoo,GC=F
2026-09-22T17:23:00Z,4376.10009765625,4376.10009765625,4374.2001953125,4374.5,70.0,yahoo,GC=F
2026-09-22T17:24:00Z,4374.60009765625,4375.5,4374.0,4374.2998046875,182.0,yahoo,GC=F
2026-09-22T17:25:00Z,4374.39990234375,4374.39990234375,4373.7001953125,4373.7998046875,89.0,yahoo,GC=F
2026-09-22T17:26:00Z,4374.0,4375.10009765625,4373.2001953125,4374.7998046875,85.0,yahoo,GC=F
2026-09-22T17:27:00Z,4375.0,4375.60009765625,4374.60009765625,4375.60009765625,59.0,yahoo,GC=F
2026-09-22T17:28:00Z,4375.60009765625,4376.2001953125,4374.60009765625,4375.5,163.0,yahoo,GC=F
2026-09-22T17:29:00Z,4375.39990234375,4377.5,4374.7001953125,4377.2001953125,771.0,yahoo,GC=F
2026-09-22T17:30:00Z,4377.2998046875,4378.0,4375.7998046875,4376.60009765625,128.0,yahoo,GC=F
2026-09-22T17:31:00Z,4376.2001953125,4376.2998046875,4375.39990234375,4375.7998046875,56.0,yahoo,GC=F
2026-09-22T17:32:00Z,4375.2998046875,4375.7001953125,4374.2998046875,4374.5,46.0,yahoo,GC=F
2026-09-22T17:33:00Z,4374.2998046875,4375.0,4373.60009765625,4373.7998046875,51.0,yahoo,GC=F
2026-09-22T17:34:00Z,4373.60009765625,4374.2998046875,4372.7001953125,4374.2998046875,66.0,yahoo,GC=F
2026-09-22T17:35:00Z,4374.5,4374.89990234375,4373.7998046875,4374.5,57.0,yahoo,GC=F
2026-09-22T17:36:00Z,4374.2998046875,4374.7998046875,4374.0,4374.10009765625,31.0,yahoo,GC=F
2026-09-22T17:37:00Z,4374.10009765625,4375.39990234375,4374.10009765625,4375.0,37.0,yahoo,GC=F
2026-09-22T17:38:00Z,4375.10009765625,4375.39990234375,4374.10009765625,4375.39990234375,31.0,yahoo,GC=F
2026-09-22T17:39:00Z,4374.7001953125,4374.7998046875,4374.10009765625,4374.39990234375,34.0,yahoo,GC=F
2026-09-22T17:40:00Z,4374.39990234375,4374.39990234375,4373.60009765625,4374.39990234375,37.0,yahoo,GC=F
2026-09-22T17:41:00Z,4374.39990234375,4375.0,4374.10009765625,4374.10009765625,30.0,yahoo,GC=F
2026-09-22T17:42:00Z,4374.10009765625,4376.39990234375,4374.10009765625,4375.39990234375,48.0,yahoo,GC=F
2026-09-22T17:43:00Z,4375.7998046875,4376.60009765625,4375.7001953125,4376.2998046875,37.0,yahoo,GC=F
2026-09-22T17:44:00Z,4376.5,4376.5,4376.2001953125,4376.2001953125,11.0,yahoo,GC=F
2026-09-22T17:45:00Z,4376.39990234375,4377.39990234375,4375.89990234375,4377.39990234375,53.0,yahoo,GC=F
2026-09-22T17:46:00Z,4376.89990234375,4377.10009765625,4376.39990234375,4376.5,35.0,yahoo,GC=F
2026-09-22T17:47:00Z,4376.60009765625,4378.2001953125,4376.5,4378.0,68.0,yahoo,GC=F
2026-09-22T17:48:00Z,4377.89990234375,4378.2998046875,4377.5,4377.7998046875,34.0,yahoo,GC=F
2026-09-22T17:49:00Z,4377.5,4377.89990234375,4377.2001953125,4377.2998046875,25.0,yahoo,GC=F
2026-09-22T17:50:00Z,4377.7001953125,4378.2001953125,4377.0,4377.89990234375,97.0,yahoo,GC=F
2026-09-22T17:51:00Z,4377.89990234375,4378.2998046875,4377.2998046875,4378.0,62.0,yahoo,GC=F
2026-09-22T17:52:00Z,4378.10009765625,4386.5,4377.7998046875,4385.60009765625,1002.0,yahoo,GC=F
2026-09-22T17:53:00Z,4385.5,4386.60009765625,4382.89990234375,4384.2998046875,509.0,yahoo,GC=F
2026-09-22T17:54:00Z,4384.2001953125,4391.2998046875,4384.0,4387.5,1466.0,yahoo,GC=F
2026-09-22T17:55:00Z,4387.60009765625,4388.2998046875,4386.39990234375,4387.2998046875,258.0,yahoo,GC=F
2026-09-22T17:56:00Z,4387.60009765625,4388.60009765625,4386.7001953125,4387.10009765625,387.0,yahoo,GC=F
2026-09-22T17:57:00Z,4387.2001953125,4389.0,4386.7998046875,4386.7998046875,240.0,yahoo,GC=F
2026-09-22T17:58:00Z,4386.89990234375,4389.0,4386.60009765625,4388.5,94.0,yahoo,GC=F
2026-09-22T17:59:00Z,4388.5,4390.7001953125,4388.0,4388.89990234375,254.0,yahoo,GC=F
2026-09-22T18:00:00Z,4388.7998046875,4389.2998046875,4387.2001953125,4388.39990234375,102.0,yahoo,GC=F
2026-09-22T18:01:00Z,4388.2001953125,4388.2001953125,4386.10009765625,4387.10009765625,179.0,yahoo,GC=F
2026-09-22T18:02:00Z,4386.89990234375,4386.89990234375,4385.5,4385.89990234375,75.0,yahoo,GC=F
2026-09-22T18:03:00Z,4386.2001953125,4388.60009765625,4386.10009765625,4388.0,107.0,yahoo,GC=F
2026-09-22T18:04:00Z,4388.0,4391.7998046875,4387.7998046875,4389.7001953125,621.0,yahoo,GC=F
2026-09-22T18:05:00Z,4389.89990234375,4393.89990234375,4389.7001953125,4392.7998046875,698.0,yahoo,GC=F
2026-09-22T18:06:00Z,4393.0,4396.10009765625,4392.7001953125,4394.7998046875,331.0,yahoo,GC=F
2026-09-22T18:07:00Z,4395.0,4395.0,4392.2001953125,4392.7001953125,145.0,yahoo,GC=F
2026-09-22T18:08:00Z,4393.2001953125,4397.89990234375,4392.7001953125,4396.89990234375,342.0,yahoo,GC=F
2026-09-22T18:09:00Z,4396.7001953125,4397.10009765625,4395.39990234375,4395.60009765625,197.0,yahoo,GC=F
2026-09-22T18:10:00Z,4395.60009765625,4396.0,4393.2001953125,4394.60009765625,236.0,yahoo,GC=F
2026-09-22T18:11:00Z,4394.7001953125,4397.2001953125,4394.10009765625,4395.0,275.0,yahoo,GC=F
2026-09-22T18:12:00Z,4395.10009765625,4398.2998046875,4395.0,4397.0,237.0,yahoo,GC=F
2026-09-22T18:13:00Z,4396.89990234375,4396.89990234375,4395.60009765625,4395.7998046875,128.0,yahoo,GC=F
2026-09-22T18:14:00Z,4395.89990234375,4397.2998046875,4394.89990234375,4396.2001953125,234.0,yahoo,GC=F
2026-09-22T18:15:00Z,4396.0,4398.7001953125,4396.0,4397.7998046875,118.0,yahoo,GC=F
2026-09-22T18:16:00Z,4397.60009765625,4398.7998046875,4396.10009765625,4397.7998046875,220.0,yahoo,GC=F
2026-09-22T18:17:00Z,4397.60009765625,4398.7998046875,4396.7001953125,4397.10009765625,82.0,yahoo,GC=F
2026-09-22T18:18:00Z,4397.10009765625,4398.39990234375,4395.60009765625,4396.5,121.0,yahoo,GC=F
2026-09-22T18:19:00Z,4396.39990234375,4398.10009765625,4395.5,4396.2998046875,71.0,yahoo,GC=F
2026-09-22T18:20:00Z,4395.7001953125,4397.89990234375,4395.10009765625,4397.89990234375,134.0,yahoo,GC=F
2026-09-22T18:21:00Z,4397.7998046875,4397.7998046875,4394.7998046875,4395.2001953125,153.0,yahoo,GC=F
2026-09-22T18:22:00Z,4395.10009765625,4396.7998046875,4394.5,4394.5,128.0,yahoo,GC=F
2026-09-22T18:23:00Z,4394.7998046875,4394.89990234375,4393.0,4393.5,171.0,yahoo,GC=F
2026-09-22T18:24:00Z,4393.39990234375,4393.7998046875,4392.60009765625,4393.2998046875,101.0,yahoo,GC=F
2026-09-22T18:25:00Z,4393.39990234375,4393.60009765625,4391.7001953125,4392.7998046875,177.0,yahoo,GC=F
2026-09-22T18:26:00Z,4392.7001953125,4395.2001953125,4392.60009765625,4394.5,79.0,yahoo,GC=F
2026-09-22T18:27:00Z,4394.60009765625,4395.0,4394.0,4394.10009765625,78.0,yahoo,GC=F
2026-09-22T18:28:00Z,4394.2001953125,4394.5,4393.0,4393.2998046875,115.0,yahoo,GC=F
2026-09-22T18:29:00Z,4393.2001953125,4394.10009765625,4392.7001953125,4394.10009765625,95.0,yahoo,GC=F
2026-09-22T18:30:00Z,4394.39990234375,4394.89990234375,4392.7998046875,4394.10009765625,94.0,yahoo,GC=F
2026-09-22T18:31:00Z,4394.0,4394.2998046875,4393.39990234375,4393.89990234375,39.0,yahoo,GC=F
2026-09-22T18:32:00Z,4393.7001953125,4393.7001953125,4391.7998046875,4392.7001953125,92.0,yahoo,GC=F
2026-09-22T18:33:00Z,4392.7998046875,4393.10009765625,4391.2001953125,4391.7001953125,93.0,yahoo,GC=F
2026-09-22T18:34:00Z,4392.0,4392.0,4389.7998046875,4390.60009765625,138.0,yahoo,GC=F
2026-09-22T18:35:00Z,4390.60009765625,4391.0,4389.5,4390.2998046875,127.0,yahoo,GC=F
2026-09-22T18:36:00Z,4390.10009765625,4391.39990234375,4387.7998046875,4390.2001953125,275.0,yahoo,GC=F
2026-09-22T18:37:00Z,4390.60009765625,4390.7998046875,4389.89990234375,4390.0,65.0,yahoo,GC=F
2026-09-22T18:38:00Z,4390.0,4390.2998046875,4388.39990234375,4389.10009765625,100.0,yahoo,GC=F
2026-09-22T18:39:00Z,4389.0,4389.89990234375,4389.0,4389.89990234375,38.0,yahoo,GC=F
2026-09-22T18:40:00Z,4389.7998046875,4389.89990234375,4388.7001953125,4389.2001953125,47.0,yahoo,GC=F
2026-09-22T18:41:00Z,4389.10009765625,4389.5,4386.2998046875,4387.89990234375,158.0,yahoo,GC=F
2026-09-22T18:42:00Z,4387.89990234375,4389.2001953125,4387.10009765625,4388.7998046875,157.0,yahoo,GC=F
2026-09-22T18:43:00Z,4388.7001953125,4389.10009765625,4387.2001953125,4387.2001953125,50.0,yahoo,GC=F
2026-09-22T18:44:00Z,4387.2998046875,4388.2998046875,4387.2998046875,4388.0,57.0,yahoo,GC=F
2026-09-22T18:45:00Z,4388.39990234375,4390.10009765625,4388.2998046875,4390.10009765625,68.0,yahoo,GC=F
2026-09-22T18:46:00Z,4390.0,4390.7998046875,4389.89990234375,4390.7998046875,132.0,yahoo,GC=F
2026-09-22T18:47:00Z,4390.89990234375,4391.60009765625,4390.7001953125,4391.10009765625,47.0,yahoo,GC=F
2026-09-22T18:48:00Z,4390.7998046875,4390.7998046875,4389.60009765625,4389.60009765625,64.0,yahoo,GC=F
2026-09-22T18:49:00Z,4389.60009765625,4390.89990234375,4389.5,4390.5,53.0,yahoo,GC=F
2026-09-22T18:50:00Z,4390.7998046875,4390.89990234375,4389.7001953125,4389.7001953125,62.0,yahoo,GC=F
2026-09-22T18:51:00Z,4390.2998046875,4391.10009765625,4389.60009765625,4391.10009765625,98.0,yahoo,GC=F
2026-09-22T18:52:00Z,4391.2001953125,4391.60009765625,4390.2998046875,4391.60009765625,51.0,yahoo,GC=F
2026-09-22T18:53:00Z,4391.5,4391.7998046875,4390.89990234375,4391.0,49.0,yahoo,GC=F
2026-09-22T18:54:00Z,4390.7998046875,4391.2001953125,4389.7998046875,4389.7998046875,66.0,yahoo,GC=F
2026-09-22T18:55:00Z,4389.89990234375,4390.10009765625,4388.7001953125,4389.39990234375,68.0,yahoo,GC=F
2026-09-22T18:56:00Z,4389.5,4389.60009765625,4388.39990234375,4388.5,31.0,yahoo,GC=F
2026-09-22T18:57:00Z,4388.60009765625,4389.39990234375,4388.60009765625,4389.39990234375,22.0,yahoo,GC=F
2026-09-22T18:58:00Z,4388.7998046875,4391.10009765625,4388.7998046875,4390.5,116.0,yahoo,GC=F
2026-09-22T18:59:00Z,4390.7001953125,4391.10009765625,4390.10009765625,4390.89990234375,77.0,yahoo,GC=F
2026-09-22T19:00:00Z,4391.10009765625,4393.2001953125,4390.7001953125,4392.7001953125,108.0,yahoo,GC=F
2026-09-22T19:01:00Z,4392.39990234375,4393.60009765625,4392.0,4393.0,107.0,yahoo,GC=F
2026-09-22T19:02:00Z,4392.60009765625,4392.7998046875,4391.39990234375,4391.7998046875,41.0,yahoo,GC=F
2026-09-22T19:03:00Z,4391.60009765625,4392.2998046875,4391.39990234375,4391.60009765625,17.0,yahoo,GC=F
2026-09-22T19:04:00Z,4391.60009765625,4392.10009765625,4391.5,4392.10009765625,22.0,yahoo,GC=F
2026-09-22T19:05:00Z,4392.0,4392.2998046875,4391.10009765625,4392.2001953125,45.0,yahoo,GC=F
2026-09-22T19:06:00Z,4392.2001953125,4394.60009765625,4392.2001953125,4394.39990234375,114.0,yahoo,GC=F
2026-09-22T19:07:00Z,4394.5,4394.5,4392.89990234375,4394.10009765625,68.0,yahoo,GC=F
2026-09-22T19:08:00Z,4394.2001953125,4394.89990234375,4393.7998046875,4394.89990234375,31.0,yahoo,GC=F
2026-09-22T19:09:00Z,4395.0,4395.60009765625,4394.2998046875,4394.89990234375,66.0,yahoo,GC=F
2026-09-22T19:10:00Z,4394.7001953125,4395.60009765625,4394.5,4395.39990234375,79.0,yahoo,GC=F
2026-09-22T19:11:00Z,4394.89990234375,4396.0,4394.60009765625,4395.89990234375,70.0,yahoo,GC=F
2026-09-22T19:12:00Z,4396.10009765625,4396.7998046875,4395.39990234375,4396.0,118.0,yahoo,GC=F
2026-09-22T19:13:00Z,4396.10009765625,4396.10009765625,4394.89990234375,4395.10009765625,63.0,yahoo,GC=F
2026-09-22T19:14:00Z,4395.2001953125,4395.89990234375,4395.2001953125,4395.5,65.0,yahoo,GC=F
2026-09-22T19:15:00Z,4396.0,4396.5,4395.7001953125,4395.7001953125,40.0,yahoo,GC=F
2026-09-22T19:16:00Z,4396.0,4396.5,4395.39990234375,4395.39990234375,36.0,yahoo,GC=F
2026-09-22T19:17:00Z,4395.5,4395.7001953125,4394.0,4394.7001953125,84.0,yahoo,GC=F
2026-09-22T19:18:00Z,4394.89990234375,4395.5,4394.5,4395.5,35.0,yahoo,GC=F
2026-09-22T19:19:00Z,4395.5,4395.7001953125,4395.2998046875,4395.5,13.0,yahoo,GC=F
2026-09-22T19:20:00Z,4395.60009765625,4395.7998046875,4394.60009765625,4395.10009765625,54.0,yahoo,GC=F
2026-09-22T19:21:00Z,4395.10009765625,4395.10009765625,4393.89990234375,4394.5,60.0,yahoo,GC=F
2026-09-22T19:22:00Z,4394.60009765625,4395.5,4394.5,4394.5,70.0,yahoo,GC=F
2026-09-22T19:23:00Z,4394.89990234375,4395.39990234375,4394.7998046875,4395.10009765625,18.0,yahoo,GC=F
2026-09-22T19:24:00Z,4395.2001953125,4396.89990234375,4394.7001953125,4396.2001953125,291.0,yahoo,GC=F
2026-09-22T19:25:00Z,4396.39990234375,4399.0,4395.0,4397.60009765625,496.0,yahoo,GC=F
2026-09-22T19:26:00Z,4397.60009765625,4397.89990234375,4395.60009765625,4396.0,130.0,yahoo,GC=F
2026-09-22T19:27:00Z,4396.10009765625,4396.89990234375,4394.7001953125,4394.7001953125,144.0,yahoo,GC=F
2026-09-22T19:28:00Z,4395.10009765625,4396.60009765625,4394.89990234375,4395.60009765625,47.0,yahoo,GC=F
2026-09-22T19:29:00Z,4395.7998046875,4397.39990234375,4395.5,4397.10009765625,131.0,yahoo,GC=F
2026-09-22T19:30:00Z,4397.2001953125,4399.60009765625,4397.2001953125,4399.5,159.0,yahoo,GC=F
2026-09-22T19:31:00Z,4399.2998046875,4402.5,4399.10009765625,4402.39990234375,461.0,yahoo,GC=F
2026-09-22T19:32:00Z,4402.5,4404.89990234375,4401.2001953125,4404.2001953125,389.0,yahoo,GC=F
2026-09-22T19:33:00Z,4404.10009765625,4406.39990234375,4403.60009765625,4405.89990234375,547.0,yahoo,GC=F
2026-09-22T19:34:00Z,4405.7001953125,4408.7001953125,4405.2001953125,4408.2998046875,396.0,yahoo,GC=F
2026-09-22T19:35:00Z,4408.10009765625,4409.0,4407.10009765625,4408.10009765625,320.0,yahoo,GC=F
2026-09-22T19:36:00Z,4408.0,4408.5,4405.10009765625,4405.39990234375,270.0,yahoo,GC=F
2026-09-22T19:37:00Z,4405.2001953125,4409.60009765625,4404.60009765625,4407.89990234375,322.0,yahoo,GC=F
2026-09-22T19:38:00Z,4408.0,4408.0,4405.60009765625,4406.7001953125,232.0,yahoo,GC=F
2026-09-22T19:39:00Z,4407.10009765625,4409.0,4405.2998046875,4407.7998046875,351.0,yahoo,GC=F
2026-09-22T19:40:00Z,4408.2001953125,4409.39990234375,4407.7001953125,4409.0,143.0,yahoo,GC=F
2026-09-22T19:41:00Z,4409.0,4409.0,4406.2001953125,4406.7001953125,202.0,yahoo,GC=F
2026-09-22T19:42:00Z,4407.10009765625,4407.39990234375,4405.5,4407.2001953125,101.0,yahoo,GC=F
2026-09-22T19:43:00Z,4407.10009765625,4407.2998046875,4406.10009765625,4406.5,137.0,yahoo,GC=F
2026-09-22T19:44:00Z,4406.7998046875,4407.2998046875,4404.7998046875,4407.2998046875,132.0,yahoo,GC=F
2026-09-22T19:45:00Z,4407.60009765625,4408.2001953125,4406.89990234375,4407.2998046875,244.0,yahoo,GC=F
2026-09-22T19:46:00Z,4407.2998046875,4407.89990234375,4406.7001953125,4407.5,69.0,yahoo,GC=F
2026-09-22T19:47:00Z,4407.7001953125,4408.7001953125,4406.39990234375,4408.0,62.0,yahoo,GC=F
2026-09-22T19:48:00Z,4407.89990234375,4408.2001953125,4407.2001953125,4407.2998046875,49.0,yahoo,GC=F
2026-09-22T19:49:00Z,4407.5,4407.89990234375,4407.0,4407.60009765625,44.0,yahoo,GC=F
2026-09-22T19:50:00Z,4407.2001953125,4407.39990234375,4405.5,4405.7998046875,136.0,yahoo,GC=F
2026-09-22T19:51:00Z,4405.7001953125,4407.39990234375,4405.7001953125,4407.10009765625,107.0,yahoo,GC=F
2026-09-22T19:52:00Z,4407.2998046875,4407.2998046875,4406.2998046875,4406.7001953125,56.0,yahoo,GC=F
2026-09-22T19:53:00Z,4406.7001953125,4406.89990234375,4405.5,4406.2001953125,95.0,yahoo,GC=F
2026-09-22T19:54:00Z,4406.0,4406.2998046875,4404.7001953125,4405.0,61.0,yahoo,GC=F
2026-09-22T19:55:00Z,4404.7998046875,4405.0,4403.7001953125,4404.5,160.0,yahoo,GC=F
2026-09-22T19:56:00Z,4404.60009765625,4405.0,4403.5,4403.5,59.0,yahoo,GC=F
2026-09-22T19:57:00Z,4403.7001953125,4404.89990234375,4403.7001953125,4404.39990234375,79.0,yahoo,GC=F
2026-09-22T19:58:00Z,4404.5,4404.5,4402.60009765625,4402.89990234375,93.0,yahoo,GC=F
2026-09-22T19:59:00Z,4402.89990234375,4402.89990234375,4401.10009765625,4401.7998046875,267.0,yahoo,GC=F
2026-09-22T20:00:00Z,4402.10009765625,4402.5,4401.2998046875,4401.5,214.0,yahoo,GC=F
2026-09-22T20:01:00Z,4401.5,4402.10009765625,4400.89990234375,4401.7001953125,80.0,yahoo,GC=F
2026-09-22T20:02:00Z,4401.39990234375,4401.39990234375,4400.39990234375,4400.7998046875,247.0,yahoo,GC=F
2026-09-22T20:03:00Z,4400.7998046875,4401.5,4400.39990234375,4400.39990234375,97.0,yahoo,GC=F
2026-09-22T20:04:00Z,4400.7001953125,4400.7001953125,4400.10009765625,4400.5,23.0,yahoo,GC=F
2026-09-22T20:05:00Z,4400.60009765625,4400.7998046875,4398.89990234375,4399.39990234375,407.0,yahoo,GC=F
2026-09-22T20:06:00Z,4399.7001953125,4399.7001953125,4398.39990234375,4399.10009765625,113.0,yahoo,GC=F
2026-09-22T20:07:00Z,4399.0,4399.7998046875,4398.89990234375,4399.7001953125,29.0,yahoo,GC=F
2026-09-22T20:08:00Z,4399.89990234375,4400.89990234375,4399.2998046875,4400.7001953125,46.0,yahoo,GC=F
2026-09-22T20:09:00Z,4400.0,4400.10009765625,4399.10009765625,4399.7998046875,36.0,yahoo,GC=F
2026-09-22T20:10:00Z,4400.0,4400.2001953125,4398.89990234375,4399.2001953125,63.0,yahoo,GC=F
2026-09-22T20:11:00Z,4399.0,4399.2001953125,4398.7998046875,4398.89990234375,23.0,yahoo,GC=F
2026-09-22T20:12:00Z,4398.7998046875,4398.7998046875,4397.39990234375,4397.7998046875,65.0,yahoo,GC=F
2026-09-22T20:13:00Z,4397.89990234375,4398.5,4397.0,4397.2998046875,63.0,yahoo,GC=F
2026-09-22T20:14:00Z,4397.39990234375,4397.7001953125,4396.10009765625,4397.10009765625,116.0,yahoo,GC=F
2026-09-22T20:15:00Z,4397.2001953125,4397.2998046875,4396.7998046875,4397.2001953125,24.0,yahoo,GC=F
2026-09-22T20:16:00Z,4397.5,4398.2998046875,4397.2998046875,4397.39990234375,37.0,yahoo,GC=F
2026-09-22T20:17:00Z,4397.7001953125,4398.2998046875,4397.7001953125,4397.7998046875,21.0,yahoo,GC=F
2026-09-22T20:18:00Z,4397.7001953125,4397.7998046875,4397.2001953125,4397.7001953125,24.0,yahoo,GC=F
2026-09-22T20:19:00Z,4397.7001953125,4397.7998046875,4397.2998046875,4397.2998046875,10.0,yahoo,GC=F
2026-09-22T20:20:00Z,4397.2001953125,4398.0,4396.89990234375,4397.7001953125,28.0,yahoo,GC=F
2026-09-22T20:21:00Z,4397.60009765625,4397.7998046875,4397.2998046875,4397.5,28.0,yahoo,GC=F
2026-09-22T20:22:00Z,4397.39990234375,4397.39990234375,4396.39990234375,4397.2998046875,21.0,yahoo,GC=F
2026-09-22T20:23:00Z,4397.39990234375,4398.0,4397.39990234375,4397.7001953125,11.0,yahoo,GC=F
2026-09-22T20:24:00Z,4397.60009765625,4398.7001953125,4397.60009765625,4398.39990234375,30.0,yahoo,GC=F
2026-09-22T20:25:00Z,4398.2998046875,4398.39990234375,4397.89990234375,4398.0,19.0,yahoo,GC=F
2026-09-22T20:26:00Z,4397.7001953125,4397.7998046875,4397.7001953125,4397.7998046875,5.0,yahoo,GC=F
2026-09-22T20:27:00Z,4398.10009765625,4398.2998046875,4397.7998046875,4398.10009765625,28.0,yahoo,GC=F
2026-09-22T20:28:00Z,4397.7001953125,4398.10009765625,4397.2998046875,4397.39990234375,24.0,yahoo,GC=F
2026-09-22T20:29:00Z,4397.2001953125,4397.7001953125,4397.2001953125,4397.5,15.0,yahoo,GC=F
2026-09-22T20:30:00Z,4397.60009765625,4397.7998046875,4397.5,4397.7998046875,7.0,yahoo,GC=F
2026-09-22T20:31:00Z,4397.5,4398.0,4397.0,4398.0,26.0,yahoo,GC=F
2026-09-22T20:32:00Z,4398.0,4398.2998046875,4397.5,4397.89990234375,21.0,yahoo,GC=F
2026-09-22T20:33:00Z,4397.7998046875,4397.7998046875,4396.5,4397.10009765625,60.0,yahoo,GC=F
2026-09-22T20:34:00Z,4397.10009765625,4397.2998046875,4396.7001953125,4397.0,32.0,yahoo,GC=F
2026-09-22T20:35:00Z,4397.0,4397.10009765625,4396.0,4396.2998046875,54.0,yahoo,GC=F
2026-09-22T20:36:00Z,4396.39990234375,4396.39990234375,4396.0,4396.2001953125,60.0,yahoo,GC=F
2026-09-22T20:37:00Z,4396.2998046875,4396.2998046875,4395.39990234375,4396.0,43.0,yahoo,GC=F
2026-09-22T20:38:00Z,4396.10009765625,4397.0,4396.10009765625,4396.2001953125,133.0,yahoo,GC=F
2026-09-22T20:39:00Z,4396.2998046875,4396.39990234375,4395.7001953125,4395.7001953125,27.0,yahoo,GC=F
2026-09-22T20:40:00Z,4395.89990234375,4397.0,4395.89990234375,4396.7001953125,39.0,yahoo,GC=F
2026-09-22T20:41:00Z,4396.7001953125,4396.7001953125,4396.7001953125,4396.7001953125,1.0,yahoo,GC=F
2026-09-22T20:42:00Z,4396.5,4396.89990234375,4396.5,4396.89990234375,8.0,yahoo,GC=F
2026-09-22T20:43:00Z,4397.0,4397.2001953125,4396.7998046875,4397.2001953125,6.0,yahoo,GC=F
2026-09-22T20:44:00Z,4397.0,4397.0,4396.5,4396.60009765625,9.0,yahoo,GC=F
2026-09-22T20:45:00Z,4396.60009765625,4396.60009765625,4396.2001953125,4396.2998046875,17.0,yahoo,GC=F
2026-09-22T20:46:00Z,4396.2001953125,4396.5,4396.10009765625,4396.39990234375,11.0,yahoo,GC=F
2026-09-22T20:47:00Z,4396.39990234375,4396.7001953125,4396.2998046875,4396.2998046875,80.0,yahoo,GC=F
2026-09-22T20:48:00Z,4396.2001953125,4396.2998046875,4395.7998046875,4395.7998046875,9.0,yahoo,GC=F
2026-09-22T20:49:00Z,4396.0,4396.10009765625,4395.7001953125,4395.7001953125,12.0,yahoo,GC=F
2026-09-22T20:50:00Z,4395.89990234375,4397.7001953125,4395.7998046875,4397.2998046875,35.0,yahoo,GC=F
2026-09-22T20:51:00Z,4397.10009765625,4398.10009765625,4396.89990234375,4398.10009765625,22.0,yahoo,GC=F
2026-09-22T20:52:00Z,4398.0,4398.0,4396.2998046875,4396.2998046875,36.0,yahoo,GC=F
2026-09-22T20:53:00Z,4396.5,4397.2998046875,4396.5,4397.2998046875,17.0,yahoo,GC=F
2026-09-22T20:54:00Z,4397.2001953125,4397.7001953125,4396.5,4396.5,29.0,yahoo,GC=F
2026-09-22T20:55:00Z,4396.2998046875,4396.89990234375,4396.2001953125,4396.5,26.0,yahoo,GC=F
2026-09-22T20:56:00Z,4396.2001953125,4396.7001953125,4396.10009765625,4396.7001953125,21.0,yahoo,GC=F
2026-09-22T20:57:00Z,4396.7998046875,4397.0,4396.10009765625,4396.2001953125,75.0,yahoo,GC=F
2026-09-22T20:58:00Z,4396.5,4396.5,4395.7998046875,4396.39990234375,41.0,yahoo,GC=F
2026-09-22T20:59:00Z,4396.39990234375,4397.2001953125,4393.5,4396.2001953125,265.0,yahoo,GC=F
2026-09-22T22:00:00Z,4394.7001953125,4398.89990234375,4394.7001953125,4398.2001953125,0.0,yahoo,GC=F
2026-09-22T22:01:00Z,4398.5,4400.7998046875,4398.39990234375,4400.5,70.0,yahoo,GC=F
2026-09-22T22:02:00Z,4400.60009765625,4400.7001953125,4399.2001953125,4399.39990234375,80.0,yahoo,GC=F
2026-09-22T22:03:00Z,4399.2998046875,4400.0,4399.2001953125,4399.5,49.0,yahoo,GC=F
2026-09-22T22:04:00Z,4400.0,4401.2001953125,4399.39990234375,4401.10009765625,26.0,yahoo,GC=F
2026-09-22T22:05:00Z,4401.2001953125,4401.7998046875,4400.7001953125,4401.60009765625,46.0,yahoo,GC=F
2026-09-22T22:06:00Z,4401.5,4402.7998046875,4401.5,4401.60009765625,73.0,yahoo,GC=F
2026-09-22T22:07:00Z,4401.60009765625,4401.7998046875,4400.7998046875,4400.7998046875,18.0,yahoo,GC=F
2026-09-22T22:08:00Z,4400.39990234375,4400.39990234375,4399.39990234375,4399.60009765625,29.0,yahoo,GC=F
2026-09-22T22:09:00Z,4399.60009765625,4400.7001953125,4399.60009765625,4399.7998046875,23.0,yahoo,GC=F
2026-09-22T22:10:00Z,4399.89990234375,4399.89990234375,4399.2001953125,4399.2998046875,35.0,yahoo,GC=F
2026-09-22T22:11:00Z,4399.5,4399.89990234375,4399.2001953125,4399.89990234375,10.0,yahoo,GC=F
2026-09-22T22:12:00Z,4400.2001953125,4402.0,4400.2001953125,4401.5,37.0,yahoo,GC=F
2026-09-22T22:13:00Z,4401.5,4401.5,4400.60009765625,4400.60009765625,9.0,yahoo,GC=F
2026-09-22T22:14:00Z,4400.7998046875,4402.39990234375,4400.7998046875,4402.2001953125,24.0,yahoo,GC=F
2026-09-22T22:15:00Z,4401.89990234375,4402.2001953125,4401.39990234375,4401.39990234375,24.0,yahoo,GC=F
2026-09-22T22:16:00Z,4401.7998046875,4401.7998046875,4401.2998046875,4401.7001953125,8.0,yahoo,GC=F
2026-09-22T22:17:00Z,4401.7001953125,4401.7001953125,4400.89990234375,4400.89990234375,17.0,yahoo,GC=F
2026-09-22T22:18:00Z,4400.89990234375,4401.2998046875,4400.89990234375,4401.2001953125,9.0,yahoo,GC=F
2026-09-22T22:19:00Z,4401.2001953125,4402.0,4400.89990234375,4402.0,28.0,yahoo,GC=F
2026-09-22T22:20:00Z,4401.60009765625,4401.7998046875,4400.5,4401.10009765625,35.0,yahoo,GC=F
2026-09-22T22:21:00Z,4401.10009765625,4401.5,4400.39990234375,4401.0,49.0,yahoo,GC=F
2026-09-22T22:22:00Z,4401.0,4401.39990234375,4400.60009765625,4400.89990234375,43.0,yahoo,GC=F
2026-09-22T22:23:00Z,4400.7001953125,4400.89990234375,4400.39990234375,4400.60009765625,26.0,yahoo,GC=F
2026-09-22T22:24:00Z,4400.7998046875,4402.10009765625,4400.7998046875,4402.10009765625,22.0,yahoo,GC=F
2026-09-22T22:25:00Z,4402.10009765625,4402.39990234375,4401.7001953125,4401.7001953125,8.0,yahoo,GC=F
2026-09-22T22:26:00Z,4401.60009765625,4401.89990234375,4401.5,4401.7001953125,12.0,yahoo,GC=F
2026-09-22T22:27:00Z,4401.7001953125,4402.5,4401.7001953125,4402.5,25.0,yahoo,GC=F
2026-09-22T22:28:00Z,4402.2001953125,4402.7998046875,4402.10009765625,4402.7998046875,18.0,yahoo,GC=F
2026-09-22T22:29:00Z,4402.89990234375,4403.5,4401.10009765625,4403.0,298.0,yahoo,GC=F
2026-09-22T22:30:00Z,4402.89990234375,4402.89990234375,4401.5,4402.0,29.0,yahoo,GC=F
2026-09-22T22:31:00Z,4401.7001953125,4402.5,4401.60009765625,4401.89990234375,30.0,yahoo,GC=F
2026-09-22T22:32:00Z,4402.10009765625,4402.60009765625,4402.10009765625,4402.2001953125,9.0,yahoo,GC=F
2026-09-22T22:33:00Z,4402.2998046875,4402.89990234375,4402.0,4402.89990234375,15.0,yahoo,GC=F
2026-09-22T22:34:00Z,4402.7001953125,4403.7998046875,4402.5,4402.60009765625,40.0,yahoo,GC=F
2026-09-22T22:35:00Z,4402.7998046875,4403.2001953125,4402.7001953125,4402.7998046875,16.0,yahoo,GC=F
2026-09-22T22:36:00Z,4402.60009765625,4402.7001953125,4401.7998046875,4402.0,14.0,yahoo,GC=F
2026-09-22T22:37:00Z,4402.0,4402.2001953125,4402.0,4402.2001953125,6.0,yahoo,GC=F
2026-09-22T22:38:00Z,4402.2998046875,4402.39990234375,4402.0,4402.39990234375,12.0,yahoo,GC=F
2026-09-22T22:39:00Z,4402.5,4403.2001953125,4402.2998046875,4402.2998046875,34.0,yahoo,GC=F
2026-09-22T22:40:00Z,4402.5,4402.5,4402.10009765625,4402.2001953125,15.0,yahoo,GC=F
2026-09-22T22:41:00Z,4402.39990234375,4402.7998046875,4402.0,4402.0,36.0,yahoo,GC=F
2026-09-22T22:42:00Z,4402.2998046875,4402.7998046875,4402.2998046875,4402.7001953125,7.0,yahoo,GC=F
2026-09-22T22:43:00Z,4403.0,4403.39990234375,4402.7001953125,4402.89990234375,24.0,yahoo,GC=F
2026-09-22T22:44:00Z,4402.7001953125,4402.7998046875,4401.2998046875,4401.39990234375,81.0,yahoo,GC=F
2026-09-22T22:45:00Z,4401.39990234375,4401.60009765625,4400.7001953125,4400.89990234375,32.0,yahoo,GC=F
2026-09-22T22:46:00Z,4401.39990234375,4401.39990234375,4400.7998046875,4400.7998046875,8.0,yahoo,GC=F
2026-09-22T22:47:00Z,4401.2001953125,4401.5,4401.0,4401.5,7.0,yahoo,GC=F
2026-09-22T22:48:00Z,4401.2001953125,4401.2001953125,4400.5,4400.7001953125,15.0,yahoo,GC=F
2026-09-22T22:49:00Z,4400.60009765625,4400.7001953125,4400.2998046875,4400.2998046875,13.0,yahoo,GC=F
2026-09-22T22:50:00Z,4400.60009765625,4401.2001953125,4398.89990234375,4399.0,62.0,yahoo,GC=F
2026-09-22T22:51:00Z,4399.2998046875,4400.7001953125,4399.2998046875,4400.5,45.0,yahoo,GC=F
2026-09-22T22:52:00Z,4400.2001953125,4400.5,4400.10009765625,4400.2998046875,11.0,yahoo,GC=F
2026-09-22T22:53:00Z,4400.2001953125,4401.39990234375,4400.2001953125,4401.0,45.0,yahoo,GC=F
2026-09-22T22:54:00Z,4400.89990234375,4400.89990234375,4400.5,4400.7998046875,18.0,yahoo,GC=F
2026-09-22T22:55:00Z,4400.89990234375,4401.5,4400.89990234375,4401.2001953125,25.0,yahoo,GC=F
2026-09-22T22:56:00Z,4401.10009765625,4401.10009765625,4399.89990234375,4400.39990234375,50.0,yahoo,GC=F
2026-09-22T22:57:00Z,4400.2998046875,4400.39990234375,4400.2001953125,4400.39990234375,5.0,yahoo,GC=F
2026-09-22T22:58:00Z,4400.0,4400.7001953125,4399.89990234375,4400.39990234375,14.0,yahoo,GC=F
2026-09-22T22:59:00Z,4400.39990234375,4400.89990234375,4400.39990234375,4400.60009765625,8.0,yahoo,GC=F
2026-09-22T23:00:00Z,4400.7998046875,4402.7001953125,4400.2998046875,4401.5,75.0,yahoo,GC=F
2026-09-22T23:01:00Z,4401.39990234375,4402.10009765625,4401.0,4401.0,55.0,yahoo,GC=F
2026-09-22T23:02:00Z,4401.2998046875,4401.7001953125,4401.2001953125,4401.2001953125,5.0,yahoo,GC=F
2026-09-22T23:03:00Z,4401.5,4402.0,4401.5,4401.7998046875,17.0,yahoo,GC=F
2026-09-22T23:04:00Z,4402.0,4402.2001953125,4401.5,4402.2001953125,10.0,yahoo,GC=F
2026-09-22T23:05:00Z,4402.0,4402.2001953125,4401.0,4401.0,21.0,yahoo,GC=F
2026-09-22T23:06:00Z,4401.2998046875,4401.5,4401.2001953125,4401.2998046875,12.0,yahoo,GC=F
2026-09-22T23:07:00Z,4401.2001953125,4401.2001953125,4401.0,4401.0,3.0,yahoo,GC=F
2026-09-22T23:08:00Z,4400.89990234375,4401.5,4400.7001953125,4401.10009765625,18.0,yahoo,GC=F
2026-09-22T23:09:00Z,4401.39990234375,4401.7001953125,4401.39990234375,4401.7001953125,10.0,yahoo,GC=F
2026-09-22T23:10:00Z,4401.7001953125,4402.2001953125,4401.5,4401.7001953125,43.0,yahoo,GC=F
2026-09-22T23:11:00Z,4401.5,4401.5,4400.5,4401.0,23.0,yahoo,GC=F
2026-09-22T23:12:00Z,4400.7001953125,4400.7998046875,4399.2998046875,4399.39990234375,33.0,yahoo,GC=F
2026-09-22T23:13:00Z,4399.7998046875,4400.39990234375,4399.2998046875,4400.39990234375,40.0,yahoo,GC=F
2026-09-22T23:14:00Z,4400.0,4400.10009765625,4399.5,4400.10009765625,41.0,yahoo,GC=F
2026-09-22T23:15:00Z,4400.0,4400.0,4398.89990234375,4399.2001953125,29.0,yahoo,GC=F
2026-09-22T23:16:00Z,4399.60009765625,4399.89990234375,4399.2001953125,4399.5,20.0,yahoo,GC=F
2026-09-22T23:17:00Z,4399.5,4401.7001953125,4399.0,4401.2998046875,39.0,yahoo,GC=F
2026-09-22T23:18:00Z,4401.7998046875,4402.0,4401.7998046875,4402.0,6.0,yahoo,GC=F
2026-09-22T23:19:00Z,4402.2998046875,4404.10009765625,4402.2001953125,4403.39990234375,45.0,yahoo,GC=F
2026-09-22T23:20:00Z,4403.39990234375,4403.39990234375,4401.60009765625,4401.7998046875,47.0,yahoo,GC=F
2026-09-22T23:21:00Z,4401.7998046875,4402.89990234375,4401.7001953125,4402.39990234375,21.0,yahoo,GC=F
2026-09-22T23:22:00Z,4402.0,4403.5,4402.0,4402.7001953125,30.0,yahoo,GC=F
2026-09-22T23:23:00Z,4402.2998046875,4402.7001953125,4402.2998046875,4402.60009765625,7.0,yahoo,GC=F
2026-09-22T23:24:00Z,4402.7998046875,4403.0,4402.2998046875,4402.2998046875,31.0,yahoo,GC=F
2026-09-22T23:25:00Z,4402.39990234375,4402.39990234375,4401.10009765625,4401.2001953125,26.0,yahoo,GC=F
2026-09-22T23:26:00Z,4401.2001953125,4401.39990234375,4401.0,4401.0,5.0,yahoo,GC=F
2026-09-22T23:27:00Z,4401.0,4401.2001953125,4401.0,4401.10009765625,4.0,yahoo,GC=F
2026-09-22T23:28:00Z,4401.2001953125,4401.2001953125,4401.2001953125,4401.2001953125,1.0,yahoo,GC=F
2026-09-22T23:29:00Z,4401.60009765625,4402.2998046875,4401.5,4402.2998046875,10.0,yahoo,GC=F
2026-09-22T23:30:00Z,4402.10009765625,4402.7998046875,4401.5,4402.7998046875,17.0,yahoo,GC=F
2026-09-22T23:31:00Z,4402.89990234375,4403.0,4402.0,4402.0,15.0,yahoo,GC=F
2026-09-22T23:32:00Z,4402.10009765625,4402.10009765625,4401.89990234375,4402.0,4.0,yahoo,GC=F
2026-09-22T23:33:00Z,4402.2998046875,4402.39990234375,4402.10009765625,4402.39990234375,7.0,yahoo,GC=F
2026-09-22T23:34:00Z,4402.2998046875,4402.2998046875,4402.0,4402.0,2.0,yahoo,GC=F
2026-09-22T23:35:00Z,4401.5,4401.7001953125,4401.39990234375,4401.7001953125,6.0,yahoo,GC=F
2026-09-22T23:36:00Z,4401.60009765625,4402.5,4399.10009765625,4401.7001953125,280.0,yahoo,GC=F
2026-09-22T23:37:00Z,4401.39990234375,4401.89990234375,4401.2998046875,4401.39990234375,18.0,yahoo,GC=F
2026-09-22T23:38:00Z,4401.7001953125,4403.0,4401.7001953125,4402.2998046875,36.0,yahoo,GC=F
2026-09-22T23:39:00Z,4402.39990234375,4402.39990234375,4401.2001953125,4402.0,51.0,yahoo,GC=F
2026-09-22T23:40:00Z,4401.5,4401.5,4401.5,4401.5,2.0,yahoo,GC=F
2026-09-22T23:41:00Z,4402.39990234375,4403.10009765625,4402.39990234375,4402.89990234375,11.0,yahoo,GC=F
2026-09-22T23:42:00Z,4402.5,4402.5,4402.5,4402.5,2.0,yahoo,GC=F
2026-09-22T23:43:00Z,4402.60009765625,4403.2998046875,4402.60009765625,4402.7998046875,16.0,yahoo,GC=F
2026-09-22T23:44:00Z,4403.10009765625,4403.2998046875,4401.60009765625,4402.2001953125,47.0,yahoo,GC=F
2026-09-22T23:45:00Z,4402.7001953125,4402.7001953125,4401.10009765625,4401.60009765625,69.0,yahoo,GC=F
2026-09-22T23:46:00Z,4401.7001953125,4401.89990234375,4401.0,4401.2001953125,37.0,yahoo,GC=F
2026-09-22T23:47:00Z,4401.0,4401.2001953125,4398.89990234375,4399.2998046875,64.0,yahoo,GC=F
2026-09-22T23:48:00Z,4399.0,4399.39990234375,4398.7998046875,4399.0,31.0,yahoo,GC=F
2026-09-22T23:49:00Z,4398.7998046875,4398.7998046875,4397.7001953125,4398.2001953125,38.0,yahoo,GC=F
2026-09-22T23:50:00Z,4398.39990234375,4398.39990234375,4396.39990234375,4396.7998046875,108.0,yahoo,GC=F
2026-09-22T23:51:00Z,4397.0,4398.2001953125,4396.89990234375,4396.89990234375,67.0,yahoo,GC=F
2026-09-22T23:52:00Z,4396.89990234375,4398.7001953125,4396.89990234375,4398.60009765625,56.0,yahoo,GC=F
2026-09-22T23:53:00Z,4398.60009765625,4399.60009765625,4398.5,4398.7998046875,77.0,yahoo,GC=F
2026-09-22T23:54:00Z,4398.7998046875,4401.7001953125,4398.7998046875,4401.2998046875,59.0,yahoo,GC=F
2026-09-22T23:55:00Z,4401.60009765625,4403.39990234375,4400.2001953125,4400.39990234375,158.0,yahoo,GC=F
2026-09-22T23:56:00Z,4400.7001953125,4400.7001953125,4399.89990234375,4400.39990234375,29.0,yahoo,GC=F
2026-09-22T23:57:00Z,4400.60009765625,4402.7001953125,4400.60009765625,4402.7001953125,23.0,yahoo,GC=F
2026-09-22T23:58:00Z,4403.0,4403.5,4400.7001953125,4400.7998046875,82.0,yahoo,GC=F
2026-09-22T23:59:00Z,4401.0,4402.2998046875,4401.0,4402.0,57.0,yahoo,GC=F
