timestamp_utc,open,high,low,close,volume,source,symbol
2026-09-28T00:00:00Z,4294.2001953125,4295.10009765625,4288.39990234375,4291.5,482.0,yahoo,GC=F
2026-09-28T00:01:00Z,4291.60009765625,4291.89990234375,4289.2001953125,4291.60009765625,106.0,yahoo,GC=F
2026-09-28T00:02:00Z,4291.7998046875,4291.7998046875,4288.7998046875,4289.7001953125,97.0,yahoo,GC=F
2026-09-28T00:03:00Z,4289.60009765625,4292.5,4289.0,4292.5,45.0,yahoo,GC=F
2026-09-28T00:04:00Z,4292.5,4293.60009765625,4291.7001953125,4292.89990234375,65.0,yahoo,GC=F
2026-09-28T00:05:00Z,4292.7001953125,4292.7001953125,4290.39990234375,4290.39990234375,13.0,yahoo,GC=F
2026-09-28T00:06:00Z,4291.0,4291.5,4289.5,4291.2998046875,37.0,yahoo,GC=F
2026-09-28T00:07:00Z,4291.2001953125,4292.7001953125,4290.2998046875,4292.60009765625,22.0,yahoo,GC=F
2026-09-28T00:08:00Z,4292.60009765625,4293.10009765625,4290.7001953125,4290.7001953125,19.0,yahoo,GC=F
2026-09-28T00:09:00Z,4290.10009765625,4290.2001953125,4287.7001953125,4290.0,88.0,yahoo,GC=F
2026-09-28T00:10:00Z,4289.89990234375,4289.89990234375,4288.0,4288.60009765625,76.0,yahoo,GC=F
2026-09-28T00:11:00Z,4288.60009765625,4290.2998046875,4288.5,4289.60009765625,84.0,yahoo,GC=F
2026-09-28T00:12:00Z,4290.2998046875,4291.10009765625,4289.89990234375,4290.2001953125,62.0,yahoo,GC=F
2026-09-28T00:13:00Z,4290.0,4291.39990234375,4288.89990234375,4290.7001953125,87.0,yahoo,GC=F
2026-09-28T00:14:00Z,4290.60009765625,4291.2001953125,4289.5,4290.60009765625,36.0,yahoo,GC=F
2026-09-28T00:15:00Z,4290.7998046875,4291.60009765625,4288.7998046875,4291.2001953125,41.0,yahoo,GC=F
2026-09-28T00:16:00Z,4291.0,4291.7001953125,4289.0,4289.0,62.0,yahoo,GC=F
2026-09-28T00:17:00Z,4289.2998046875,4289.5,4288.0,4289.5,83.0,yahoo,GC=F
2026-09-28T00:18:00Z,4289.2001953125,4289.7998046875,4288.7998046875,4288.7998046875,30.0,yahoo,GC=F
2026-09-28T00:19:00Z,4288.60009765625,4289.7001953125,4287.7001953125,4289.5,32.0,yahoo,GC=F
2026-09-28T00:20:00Z,4289.5,4290.10009765625,4288.7001953125,4289.39990234375,43.0,yahoo,GC=F
2026-09-28T00:21:00Z,4288.89990234375,4290.0,4288.89990234375,4289.60009765625,21.0,yahoo,GC=F
2026-09-28T00:22:00Z,4289.2001953125,4289.7001953125,4286.7001953125,4287.10009765625,77.0,yahoo,GC=F
2026-09-28T00:23:00Z,4286.89990234375,4288.0,4286.60009765625,4288.0,28.0,yahoo,GC=F
2026-09-28T00:24:00Z,4287.7998046875,4287.7998046875,4286.7998046875,4287.39990234375,27.0,yahoo,GC=F
2026-09-28T00:25:00Z,4287.7998046875,4288.2001953125,4287.7001953125,4288.2001953125,11.0,yahoo,GC=F
2026-09-28T00:26:00Z,4288.10009765625,4288.2001953125,4287.10009765625,4288.2001953125,20.0,yahoo,GC=F
2026-09-28T00:27:00Z,4288.10009765625,4288.39990234375,4287.7001953125,4288.39990234375,17.0,yahoo,GC=F
2026-09-28T00:28:00Z,4288.0,4288.0,4286.2001953125,4287.0,54.0,yahoo,GC=F
2026-09-28T00:29:00Z,4286.60009765625,4286.60009765625,4283.5,4283.60009765625,165.0,yahoo,GC=F
2026-09-28T00:30:00Z,4283.7001953125,4284.5,4282.89990234375,4283.2001953125,197.0,yahoo,GC=F
2026-09-28T00:31:00Z,4283.5,4283.5,4260.89990234375,4273.60009765625,2329.0,yahoo,GC=F
2026-09-28T00:32:00Z,4273.7001953125,4274.10009765625,4262.39990234375,4273.7998046875,508.0,yahoo,GC=F
2026-09-28T00:33:00Z,4273.2001953125,4275.10009765625,4267.7001953125,4268.89990234375,312.0,yahoo,GC=F
2026-09-28T00:34:00Z,4268.5,4270.10009765625,4265.39990234375,4270.0,365.0,yahoo,GC=F
2026-09-28T00:35:00Z,4270.2998046875,4272.2001953125,4267.39990234375,4268.7998046875,200.0,yahoo,GC=F
2026-09-28T00:36:00Z,4269.0,4270.7001953125,4268.2001953125,4270.2998046875,94.0,yahoo,GC=F
2026-09-28T00:37:00Z,4270.39990234375,4272.5,4269.60009765625,4271.2001953125,100.0,yahoo,GC=F
2026-09-28T00:38:00Z,4270.7001953125,4271.10009765625,4268.39990234375,4269.39990234375,89.0,yahoo,GC=F
2026-09-28T00:39:00Z,4269.39990234375,4274.10009765625,4269.39990234375,4270.7998046875,230.0,yahoo,GC=F
2026-09-28T00:40:00Z,4270.60009765625,4271.60009765625,4266.0,4266.39990234375,112.0,yahoo,GC=F
2026-09-28T00:41:00Z,4266.7001953125,4271.2001953125,4266.10009765625,4271.2001953125,105.0,yahoo,GC=F
2026-09-28T00:42:00Z,4271.2001953125,4271.5,4268.0,4268.39990234375,128.0,yahoo,GC=F
2026-09-28T00:43:00Z,4268.7998046875,4271.0,4268.7998046875,4269.89990234375,36.0,yahoo,GC=F
2026-09-28T00:44:00Z,4270.2998046875,4271.7998046875,4270.0,4270.89990234375,31.0,yahoo,GC=F
2026-09-28T00:45:00Z,4271.0,4273.2998046875,4271.0,4272.7001953125,94.0,yahoo,GC=F
2026-09-28T00:46:00Z,4272.2998046875,4273.0,4269.2001953125,4269.60009765625,86.0,yahoo,GC=F
2026-09-28T00:47:00Z,4269.60009765625,4269.7001953125,4267.7998046875,4268.60009765625,172.0,yahoo,GC=F
2026-09-28T00:48:00Z,4268.2998046875,4268.89990234375,4266.39990234375,4267.7001953125,86.0,yahoo,GC=F
2026-09-28T00:49:00Z,4267.39990234375,4269.7001953125,4267.39990234375,4268.7998046875,104.0,yahoo,GC=F
2026-09-28T00:50:00Z,4268.7998046875,4269.10009765625,4265.7998046875,4268.2001953125,142.0,yahoo,GC=F
2026-09-28T00:51:00Z,4268.60009765625,4270.0,4266.0,4266.39990234375,92.0,yahoo,GC=F
2026-09-28T00:52:00Z,4266.5,4267.39990234375,4264.2998046875,4266.2001953125,106.0,yahoo,GC=F
2026-09-28T00:53:00Z,4266.10009765625,4266.5,4264.89990234375,4266.10009765625,69.0,yahoo,GC=F
2026-09-28T00:54:00Z,4266.5,4266.5,4264.0,4264.89990234375,100.0,yahoo,GC=F
2026-09-28T00:55:00Z,4264.5,4268.2998046875,4263.89990234375,4268.2001953125,181.0,yahoo,GC=F
2026-09-28T00:56:00Z,4268.39990234375,4269.5,4267.60009765625,4268.10009765625,121.0,yahoo,GC=F
2026-09-28T00:57:00Z,4268.2001953125,4268.2001953125,4263.89990234375,4264.89990234375,104.0,yahoo,GC=F
2026-09-28T00:58:00Z,4265.2001953125,4265.60009765625,4263.7001953125,4264.7001953125,63.0,yahoo,GC=F
2026-09-28T00:59:00Z,4264.7001953125,4264.7001953125,4260.5,4264.60009765625,262.0,yahoo,GC=F
2026-09-28T01:00:00Z,4264.39990234375,4265.10009765625,4259.0,4261.39990234375,1019.0,yahoo,GC=F
2026-09-28T01:01:00Z,4261.7001953125,4262.0,4254.10009765625,4254.5,691.0,yahoo,GC=F
2026-09-28T01:02:00Z,4254.60009765625,4256.10009765625,4252.7001953125,4253.2001953125,800.0,yahoo,GC=F
2026-09-28T01:03:00Z,4253.5,4259.0,4253.0,4257.89990234375,186.0,yahoo,GC=F
2026-09-28T01:04:00Z,4258.2001953125,4261.0,4255.7001953125,4261.0,168.0,yahoo,GC=F
2026-09-28T01:05:00Z,4261.0,4261.0,4252.39990234375,4253.2998046875,682.0,yahoo,GC=F
2026-09-28T01:06:00Z,4253.60009765625,4259.5,4253.2001953125,4256.89990234375,205.0,yahoo,GC=F
2026-09-28T01:07:00Z,4257.60009765625,4261.7998046875,4256.60009765625,4260.2001953125,157.0,yahoo,GC=F
2026-09-28T01:08:00Z,4259.10009765625,4259.7998046875,4256.7998046875,4259.39990234375,72.0,yahoo,GC=F
2026-09-28T01:09:00Z,4259.39990234375,4260.2001953125,4256.10009765625,4258.10009765625,179.0,yahoo,GC=F
2026-09-28T01:10:00Z,4258.5,4259.89990234375,4253.7998046875,4255.5,232.0,yahoo,GC=F
2026-09-28T01:11:00Z,4255.5,4256.0,4252.2001953125,4253.89990234375,323.0,yahoo,GC=F
2026-09-28T01:12:00Z,4254.2998046875,4254.7001953125,4246.2001953125,4248.5,1168.0,yahoo,GC=F
2026-09-28T01:13:00Z,4248.5,4252.39990234375,4247.89990234375,4251.2998046875,267.0,yahoo,GC=F
2026-09-28T01:14:00Z,4251.7001953125,4255.5,4251.7001953125,4254.39990234375,154.0,yahoo,GC=F
2026-09-28T01:15:00Z,4254.0,4257.7001953125,4253.5,4257.10009765625,215.0,yahoo,GC=F
2026-09-28T01:16:00Z,4256.89990234375,4259.10009765625,4256.2998046875,4257.7001953125,130.0,yahoo,GC=F
2026-09-28T01:17:00Z,4257.2998046875,4258.10009765625,4254.5,4254.5,120.0,yahoo,GC=F
2026-09-28T01:18:00Z,4254.89990234375,4255.7998046875,4253.60009765625,4254.2001953125,79.0,yahoo,GC=F
2026-09-28T01:19:00Z,4253.89990234375,4254.5,4251.5,4253.7001953125,323.0,yahoo,GC=F
2026-09-28T01:20:00Z,4253.60009765625,4254.60009765625,4251.7001953125,4252.89990234375,243.0,yahoo,GC=F
2026-09-28T01:21:00Z,4253.0,4256.0,4251.89990234375,4253.5,114.0,yahoo,GC=F
2026-09-28T01:22:00Z,4253.7001953125,4254.60009765625,4251.39990234375,4251.39990234375,137.0,yahoo,GC=F
2026-09-28T01:23:00Z,4251.0,4252.60009765625,4249.7001953125,4251.60009765625,154.0,yahoo,GC=F
2026-09-28T01:24:00Z,4251.2998046875,4254.10009765625,4251.2998046875,4253.7998046875,96.0,yahoo,GC=F
2026-09-28T01:25:00Z,4253.60009765625,4254.2001953125,4252.7998046875,4253.89990234375,83.0,yahoo,GC=F
2026-09-28T01:26:00Z,4253.60009765625,4255.7998046875,4253.2998046875,4255.39990234375,130.0,yahoo,GC=F
2026-09-28T01:27:00Z,4255.2001953125,4255.5,4251.39990234375,4251.7001953125,136.0,yahoo,GC=F
2026-09-28T01:28:00Z,4251.60009765625,4252.39990234375,4249.39990234375,4252.39990234375,209.0,yahoo,GC=F
2026-09-28T01:29:00Z,4252.2998046875,4254.7001953125,4251.60009765625,4254.2001953125,57.0,yahoo,GC=F
2026-09-28T01:30:00Z,4254.0,4257.2998046875,4253.5,4254.2998046875,135.0,yahoo,GC=F
2026-09-28T01:31:00Z,4254.10009765625,4256.5,4254.10009765625,4256.2001953125,162.0,yahoo,GC=F
2026-09-28T01:32:00Z,4255.89990234375,4256.5,4250.2001953125,4253.7998046875,214.0,yahoo,GC=F
2026-09-28T01:33:00Z,4253.5,4253.5,4250.5,4253.0,92.0,yahoo,GC=F
2026-09-28T01:34:00Z,4253.2998046875,4253.39990234375,4251.10009765625,4252.60009765625,58.0,yahoo,GC=F
2026-09-28T01:35:00Z,4252.0,4252.0,4247.39990234375,4248.0,180.0,yahoo,GC=F
2026-09-28T01:36:00Z,4248.5,4248.60009765625,4246.60009765625,4246.89990234375,132.0,yahoo,GC=F
2026-09-28T01:37:00Z,4247.2001953125,4247.60009765625,4245.0,4245.7998046875,134.0,yahoo,GC=F
2026-09-28T01:38:00Z,4245.89990234375,4247.0,4244.89990234375,4246.2998046875,158.0,yahoo,GC=F
2026-09-28T01:39:00Z,4245.5,4246.2998046875,4243.0,4243.60009765625,182.0,yahoo,GC=F
2026-09-28T01:40:00Z,4243.60009765625,4246.60009765625,4243.2001953125,4244.89990234375,167.0,yahoo,GC=F
2026-09-28T01:41:00Z,4245.2001953125,4248.5,4244.10009765625,4248.39990234375,124.0,yahoo,GC=F
2026-09-28T01:42:00Z,4248.2998046875,4248.7998046875,4245.60009765625,4245.60009765625,155.0,yahoo,GC=F
2026-09-28T01:43:00Z,4245.7998046875,4247.0,4245.39990234375,4246.0,75.0,yahoo,GC=F
2026-09-28T01:44:00Z,4246.0,4246.0,4241.7001953125,4242.89990234375,171.0,yahoo,GC=F
2026-09-28T01:45:00Z,4242.89990234375,4243.10009765625,4239.7998046875,4240.0,411.0,yahoo,GC=F
2026-09-28T01:46:00Z,4240.10009765625,4242.0,4239.2998046875,4241.2001953125,251.0,yahoo,GC=F
2026-09-28T01:47:00Z,4241.2001953125,4242.5,4239.89990234375,4242.39990234375,147.0,yahoo,GC=F
2026-09-28T01:48:00Z,4242.89990234375,4245.0,4242.89990234375,4243.5,169.0,yahoo,GC=F
2026-09-28T01:49:00Z,4244.0,4245.10009765625,4243.39990234375,4243.7001953125,73.0,yahoo,GC=F
2026-09-28T01:50:00Z,4244.2998046875,4245.7998046875,4243.5,4245.2001953125,144.0,yahoo,GC=F
2026-09-28T01:51:00Z,4245.2001953125,4245.7001953125,4244.7998046875,4245.0,43.0,yahoo,GC=F
2026-09-28T01:52:00Z,4245.39990234375,4245.5,4243.7001953125,4245.10009765625,77.0,yahoo,GC=F
2026-09-28T01:53:00Z,4244.89990234375,4248.0,4244.89990234375,4248.0,83.0,yahoo,GC=F
2026-09-28T01:54:00Z,4247.39990234375,4248.10009765625,4243.60009765625,4244.89990234375,111.0,yahoo,GC=F
2026-09-28T01:55:00Z,4244.89990234375,4247.2998046875,4244.89990234375,4247.10009765625,52.0,yahoo,GC=F
2026-09-28T01:56:00Z,4247.2001953125,4249.2998046875,4246.89990234375,4249.2998046875,45.0,yahoo,GC=F
2026-09-28T01:57:00Z,4249.2998046875,4251.2001953125,4247.89990234375,4247.89990234375,161.0,yahoo,GC=F
2026-09-28T01:58:00Z,4247.60009765625,4249.10009765625,4247.0,4249.10009765625,49.0,yahoo,GC=F
2026-09-28T01:59:00Z,4248.5,4249.5,4248.2998046875,4249.39990234375,37.0,yahoo,GC=F
2026-09-28T02:00:00Z,4249.2001953125,4250.7001953125,4246.2001953125,4246.2001953125,221.0,yahoo,GC=F
2026-09-28T02:01:00Z,4246.2998046875,4246.7001953125,4245.10009765625,4245.5,100.0,yahoo,GC=F
2026-09-28T02:02:00Z,4245.39990234375,4248.5,4244.60009765625,4248.2001953125,125.0,yahoo,GC=F
2026-09-28T02:03:00Z,4248.5,4248.60009765625,4246.60009765625,4248.0,41.0,yahoo,GC=F
2026-09-28T02:04:00Z,4247.89990234375,4248.2001953125,4246.60009765625,4247.2001953125,35.0,yahoo,GC=F
2026-09-28T02:05:00Z,4247.60009765625,4248.39990234375,4246.60009765625,4248.39990234375,39.0,yahoo,GC=F
2026-09-28T02:06:00Z,4247.89990234375,4248.89990234375,4246.0,4246.89990234375,72.0,yahoo,GC=F
2026-09-28T02:07:00Z,4246.5,4246.7001953125,4243.7998046875,4245.39990234375,108.0,yahoo,GC=F
2026-09-28T02:08:00Z,4245.39990234375,4249.39990234375,4245.10009765625,4248.7998046875,65.0,yahoo,GC=F
2026-09-28T02:09:00Z,4248.89990234375,4249.7998046875,4248.0,4248.0,91.0,yahoo,GC=F
2026-09-28T02:10:00Z,4248.10009765625,4249.2001953125,4247.89990234375,4247.89990234375,75.0,yahoo,GC=F
2026-09-28T02:11:00Z,4248.0,4248.7001953125,4246.2998046875,4248.7001953125,35.0,yahoo,GC=F
2026-09-28T02:12:00Z,4248.7001953125,4249.5,4247.0,4248.2001953125,71.0,yahoo,GC=F
2026-09-28T02:13:00Z,4248.39990234375,4250.2001953125,4248.39990234375,4250.2001953125,58.0,yahoo,GC=F
2026-09-28T02:14:00Z,4250.10009765625,4250.39990234375,4248.7001953125,4249.2998046875,43.0,yahoo,GC=F
2026-09-28T02:15:00Z,4249.39990234375,4249.5,4248.39990234375,4248.39990234375,19.0,yahoo,GC=F
2026-09-28T02:16:00Z,4248.5,4249.39990234375,4248.0,4248.7998046875,46.0,yahoo,GC=F
2026-09-28T02:17:00Z,4248.60009765625,4250.2001953125,4248.39990234375,4249.2001953125,49.0,yahoo,GC=F
2026-09-28T02:18:00Z,4249.2998046875,4250.0,4247.60009765625,4247.89990234375,70.0,yahoo,GC=F
2026-09-28T02:19:00Z,4247.60009765625,4250.0,4247.60009765625,4249.7998046875,50.0,yahoo,GC=F
2026-09-28T02:20:00Z,4249.7001953125,4249.7001953125,4247.5,4248.89990234375,32.0,yahoo,GC=F
2026-09-28T02:21:00Z,4248.7998046875,4249.60009765625,4248.5,4249.0,31.0,yahoo,GC=F
2026-09-28T02:22:00Z,4248.7998046875,4250.5,4247.7998046875,4249.60009765625,52.0,yahoo,GC=F
2026-09-28T02:23:00Z,4249.5,4249.5,4247.60009765625,4248.2998046875,46.0,yahoo,GC=F
2026-09-28T02:24:00Z,4248.2001953125,4249.2998046875,4248.0,4249.2998046875,22.0,yahoo,GC=F
2026-09-28T02:25:00Z,4249.2998046875,4249.7001953125,4248.0,4249.5,45.0,yahoo,GC=F
2026-09-28T02:26:00Z,4249.39990234375,4250.2998046875,4248.2001953125,4250.2998046875,42.0,yahoo,GC=F
2026-09-28T02:27:00Z,4250.39990234375,4250.5,4249.60009765625,4250.39990234375,58.0,yahoo,GC=F
2026-09-28T02:28:00Z,4250.2001953125,4250.5,4249.2998046875,4249.2998046875,54.0,yahoo,GC=F
2026-09-28T02:29:00Z,4249.10009765625,4249.7001953125,4247.7001953125,4248.2001953125,46.0,yahoo,GC=F
2026-09-28T02:30:00Z,4247.7001953125,4248.5,4245.2001953125,4246.2001953125,180.0,yahoo,GC=F
2026-09-28T02:31:00Z,4246.2998046875,4246.7998046875,4245.39990234375,4246.10009765625,82.0,yahoo,GC=F
2026-09-28T02:32:00Z,4246.2001953125,4246.5,4242.2001953125,4243.10009765625,172.0,yahoo,GC=F
2026-09-28T02:33:00Z,4242.7998046875,4245.10009765625,4242.5,4244.7001953125,93.0,yahoo,GC=F
2026-09-28T02:34:00Z,4244.7001953125,4244.7001953125,4241.7998046875,4242.0,97.0,yahoo,GC=F
2026-09-28T02:35:00Z,4241.60009765625,4242.7998046875,4241.0,4241.89990234375,214.0,yahoo,GC=F
2026-09-28T02:36:00Z,4242.10009765625,4242.7998046875,4239.89990234375,4240.2998046875,129.0,yahoo,GC=F
2026-09-28T02:37:00Z,4240.60009765625,4241.10009765625,4238.5,4241.0,184.0,yahoo,GC=F
2026-09-28T02:38:00Z,4241.10009765625,4242.60009765625,4239.7001953125,4240.10009765625,211.0,yahoo,GC=F
2026-09-28T02:39:00Z,4240.10009765625,4240.89990234375,4238.5,4239.60009765625,131.0,yahoo,GC=F
2026-09-28T02:40:00Z,4239.5,4240.10009765625,4238.2998046875,4239.60009765625,121.0,yahoo,GC=F
2026-09-28T02:41:00Z,4239.7001953125,4242.10009765625,4239.2998046875,4239.39990234375,174.0,yahoo,GC=F
2026-09-28T02:42:00Z,4239.39990234375,4241.0,4238.89990234375,4241.0,104.0,yahoo,GC=F
2026-09-28T02:43:00Z,4241.0,4242.0,4239.10009765625,4239.5,132.0,yahoo,GC=F
2026-09-28T02:44:00Z,4239.2998046875,4240.7998046875,4239.0,4240.2001953125,74.0,yahoo,GC=F
2026-09-28T02:45:00Z,4240.2001953125,4241.7998046875,4237.89990234375,4237.89990234375,117.0,yahoo,GC=F
2026-09-28T02:46:00Z,4238.39990234375,4239.7001953125,4237.7998046875,4239.7001953125,118.0,yahoo,GC=F
2026-09-28T02:47:00Z,4239.39990234375,4239.60009765625,4237.5,4238.0,105.0,yahoo,GC=F
2026-09-28T02:48:00Z,4238.0,4238.89990234375,4236.39990234375,4237.10009765625,198.0,yahoo,GC=F
2026-09-28T02:49:00Z,4237.39990234375,4238.89990234375,4237.0,4237.2998046875,68.0,yahoo,GC=F
2026-09-28T02:50:00Z,4237.2998046875,4239.2001953125,4235.89990234375,4235.89990234375,95.0,yahoo,GC=F
2026-09-28T02:51:00Z,4236.0,4236.7001953125,4234.2998046875,4234.60009765625,153.0,yahoo,GC=F
2026-09-28T02:52:00Z,4234.39990234375,4234.7998046875,4233.7001953125,4234.39990234375,136.0,yahoo,GC=F
2026-09-28T02:53:00Z,4234.39990234375,4236.2001953125,4233.39990234375,4234.89990234375,271.0,yahoo,GC=F
2026-09-28T02:54:00Z,4234.7001953125,4235.2998046875,4234.2001953125,4234.5,128.0,yahoo,GC=F
2026-09-28T02:55:00Z,4234.60009765625,4234.7998046875,4228.60009765625,4228.89990234375,572.0,yahoo,GC=F
2026-09-28T02:56:00Z,4228.7998046875,4230.7998046875,4228.2001953125,4230.2998046875,268.0,yahoo,GC=F
2026-09-28T02:57:00Z,4230.2001953125,4231.2001953125,4227.60009765625,4228.2001953125,304.0,yahoo,GC=F
2026-09-28T02:58:00Z,4228.2998046875,4230.10009765625,4227.10009765625,4229.60009765625,181.0,yahoo,GC=F
2026-09-28T02:59:00Z,4229.60009765625,4230.60009765625,4229.5,4229.89990234375,53.0,yahoo,GC=F
2026-09-28T03:00:00Z,4230.10009765625,4230.7998046875,4228.0,4229.2001953125,139.0,yahoo,GC=F
2026-09-28T03:01:00Z,4229.2001953125,4232.2998046875,4229.2001953125,4231.89990234375,193.0,yahoo,GC=F
2026-09-28T03:02:00Z,4232.10009765625,4234.5,4231.10009765625,4231.10009765625,163.0,yahoo,GC=F
2026-09-28T03:03:00Z,4231.2001953125,4231.7001953125,4230.2998046875,4231.0,89.0,yahoo,GC=F
2026-09-28T03:04:00Z,4230.5,4232.10009765625,4229.89990234375,4232.0,65.0,yahoo,GC=F
2026-09-28T03:05:00Z,4232.5,4233.39990234375,4231.39990234375,4232.10009765625,69.0,yahoo,GC=F
2026-09-28T03:06:00Z,4232.2001953125,4233.5,4231.89990234375,4233.2001953125,45.0,yahoo,GC=F
2026-09-28T03:07:00Z,4233.5,4234.7998046875,4233.2998046875,4233.7001953125,78.0,yahoo,GC=F
2026-09-28T03:08:00Z,4233.7998046875,4236.0,4233.5,4236.0,112.0,yahoo,GC=F
2026-09-28T03:09:00Z,4235.7001953125,4235.89990234375,4234.39990234375,4235.7001953125,95.0,yahoo,GC=F
2026-09-28T03:10:00Z,4235.5,4235.89990234375,4235.10009765625,4235.60009765625,69.0,yahoo,GC=F
2026-09-28T03:11:00Z,4235.39990234375,4235.5,4233.2001953125,4233.60009765625,117.0,yahoo,GC=F
2026-09-28T03:12:00Z,4233.7001953125,4234.7998046875,4233.39990234375,4234.7998046875,79.0,yahoo,GC=F
2026-09-28T03:13:00Z,4234.7001953125,4236.0,4234.10009765625,4234.39990234375,70.0,yahoo,GC=F
2026-09-28T03:14:00Z,4234.60009765625,4234.89990234375,4233.2998046875,4233.2998046875,91.0,yahoo,GC=F
2026-09-28T03:15:00Z,4233.5,4234.7001953125,4232.60009765625,4233.39990234375,119.0,yahoo,GC=F
2026-09-28T03:16:00Z,4233.5,4233.7001953125,4231.89990234375,4232.2998046875,78.0,yahoo,GC=F
2026-09-28T03:17:00Z,4232.60009765625,4233.0,4232.5,4233.0,18.0,yahoo,GC=F
2026-09-28T03:18:00Z,4233.2998046875,4233.2998046875,4232.2001953125,4232.39990234375,17.0,yahoo,GC=F
2026-09-28T03:19:00Z,4232.60009765625,4233.60009765625,4231.89990234375,4231.89990234375,36.0,yahoo,GC=F
2026-09-28T03:20:00Z,4231.5,4232.10009765625,4230.0,4231.7998046875,274.0,yahoo,GC=F
2026-09-28T03:21:00Z,4231.60009765625,4231.60009765625,4229.10009765625,4230.10009765625,84.0,yahoo,GC=F
2026-09-28T03:22:00Z,4229.5,4229.7001953125,4226.7998046875,4227.7998046875,193.0,yahoo,GC=F
2026-09-28T03:23:00Z,4228.0,4229.7001953125,4228.0,4229.10009765625,84.0,yahoo,GC=F
2026-09-28T03:24:00Z,4229.2001953125,4229.7998046875,4228.5,4228.5,48.0,yahoo,GC=F
2026-09-28T03:25:00Z,4228.2998046875,4228.5,4227.39990234375,4228.2001953125,89.0,yahoo,GC=F
2026-09-28T03:26:00Z,4228.2001953125,4229.0,4227.5,4228.5,53.0,yahoo,GC=F
2026-09-28T03:27:00Z,4228.2998046875,4229.5,4228.10009765625,4229.2998046875,65.0,yahoo,GC=F
2026-09-28T03:28:00Z,4229.0,4230.39990234375,4228.5,4229.5,75.0,yahoo,GC=F
2026-09-28T03:29:00Z,4229.60009765625,4229.89990234375,4228.89990234375,4228.89990234375,48.0,yahoo,GC=F
2026-09-28T03:30:00Z,4229.0,4230.2998046875,4228.89990234375,4230.2998046875,91.0,yahoo,GC=F
2026-09-28T03:31:00Z,4230.2998046875,4230.39990234375,4228.7001953125,4229.89990234375,116.0,yahoo,GC=F
2026-09-28T03:32:00Z,4230.10009765625,4231.10009765625,4226.5,4227.0,134.0,yahoo,GC=F
2026-09-28T03:33:00Z,4227.10009765625,4228.5,4226.5,4226.5,154.0,yahoo,GC=F
2026-09-28T03:34:00Z,4226.2998046875,4226.60009765625,4224.39990234375,4225.39990234375,235.0,yahoo,GC=F
2026-09-28T03:35:00Z,4225.2998046875,4227.2998046875,4224.89990234375,4226.89990234375,85.0,yahoo,GC=F
2026-09-28T03:36:00Z,4227.10009765625,4227.2998046875,4226.0,4227.0,42.0,yahoo,GC=F
2026-09-28T03:37:00Z,4227.0,4227.10009765625,4225.5,4225.7998046875,47.0,yahoo,GC=F
2026-09-28T03:38:00Z,4226.39990234375,4227.89990234375,4226.2001953125,4227.60009765625,46.0,yahoo,GC=F
2026-09-28T03:39:00Z,4227.5,4228.7998046875,4227.2998046875,4228.10009765625,76.0,yahoo,GC=F
2026-09-28T03:40:00Z,4228.2998046875,4228.39990234375,4227.2998046875,4228.2001953125,39.0,yahoo,GC=F
2026-09-28T03:41:00Z,4228.2001953125,4229.10009765625,4227.7001953125,4227.7001953125,40.0,yahoo,GC=F
2026-09-28T03:42:00Z,4228.10009765625,4228.10009765625,4227.10009765625,4227.10009765625,26.0,yahoo,GC=F
2026-09-28T03:43:00Z,4227.10009765625,4227.10009765625,4225.89990234375,4226.0,37.0,yahoo,GC=F
2026-09-28T03:44:00Z,4225.60009765625,4226.60009765625,4225.39990234375,4226.2001953125,164.0,yahoo,GC=F
2026-09-28T03:45:00Z,4226.39990234375,4226.5,4225.60009765625,4225.89990234375,27.0,yahoo,GC=F
2026-09-28T03:46:00Z,4225.89990234375,4225.89990234375,4224.10009765625,4225.10009765625,106.0,yahoo,GC=F
2026-09-28T03:47:00Z,4225.2998046875,4227.5,4225.2998046875,4225.7001953125,124.0,yahoo,GC=F
2026-09-28T03:48:00Z,4225.7001953125,4226.2001953125,4224.7998046875,4226.2001953125,71.0,yahoo,GC=F
2026-09-28T03:49:00Z,4226.5,4228.89990234375,4226.0,4228.7998046875,132.0,yahoo,GC=F
2026-09-28T03:50:00Z,4228.5,4230.39990234375,4228.5,4229.5,68.0,yahoo,GC=F
2026-09-28T03:51:00Z,4229.5,4230.7001953125,4229.39990234375,4230.7001953125,39.0,yahoo,GC=F
2026-09-28T03:52:00Z,4230.60009765625,4231.10009765625,4230.2001953125,4230.60009765625,65.0,yahoo,GC=F
2026-09-28T03:53:00Z,4230.5,4231.60009765625,4230.5,4231.10009765625,32.0,yahoo,GC=F
2026-09-28T03:54:00Z,4231.0,4232.5,4230.7001953125,4232.0,124.0,yahoo,GC=F
2026-09-28T03:55:00Z,4231.7001953125,4232.0,4231.0,4231.2998046875,89.0,yahoo,GC=F
2026-09-28T03:56:00Z,4231.2998046875,4231.60009765625,4230.7998046875,4231.0,35.0,yahoo,GC=F
2026-09-28T03:57:00Z,4231.0,4231.2001953125,4230.7998046875,4230.7998046875,12.0,yahoo,GC=F
2026-09-28T03:58:00Z,4230.89990234375,4231.2998046875,4229.89990234375,4230.5,55.0,yahoo,GC=F
2026-09-28T04:00:00Z,4229.5,4230.2998046875,4229.2998046875,4229.5,0.0,yahoo,GC=F
2026-09-28T04:01:00Z,4229.2998046875,4229.89990234375,4227.7998046875,4229.39990234375,98.0,yahoo,GC=F
2026-09-28T04:02:00Z,4229.5,4230.2998046875,4228.89990234375,4230.0,57.0,yahoo,GC=F
2026-09-28T04:03:00Z,4230.0,4230.39990234375,4229.5,4229.7001953125,30.0,yahoo,GC=F
2026-09-28T04:04:00Z,4229.10009765625,4229.2998046875,4228.2001953125,4228.7998046875,45.0,yahoo,GC=F
2026-09-28T04:05:00Z,4228.7001953125,4229.5,4228.60009765625,4229.39990234375,41.0,yahoo,GC=F
2026-09-28T04:06:00Z,4229.2001953125,4230.0,4228.5,4229.89990234375,60.0,yahoo,GC=F
2026-09-28T04:07:00Z,4230.0,4230.5,4228.7998046875,4229.60009765625,88.0,yahoo,GC=F
2026-09-28T04:08:00Z,4229.5,4230.39990234375,4228.7998046875,4229.89990234375,116.0,yahoo,GC=F
2026-09-28T04:09:00Z,4229.7998046875,4231.10009765625,4229.5,4231.10009765625,65.0,yahoo,GC=F
2026-09-28T04:10:00Z,4231.10009765625,4231.2001953125,4230.0,4230.0,74.0,yahoo,GC=F
2026-09-28T04:11:00Z,4229.7998046875,4231.5,4229.7998046875,4231.5,63.0,yahoo,GC=F
2026-09-28T04:12:00Z,4231.7001953125,4232.2998046875,4231.7001953125,4231.7998046875,64.0,yahoo,GC=F
2026-09-28T04:13:00Z,4232.0,4232.10009765625,4231.2998046875,4231.60009765625,30.0,yahoo,GC=F
2026-09-28T04:14:00Z,4231.39990234375,4232.39990234375,4231.39990234375,4232.2001953125,34.0,yahoo,GC=F
2026-09-28T04:15:00Z,4232.0,4232.2998046875,4231.10009765625,4231.2998046875,49.0,yahoo,GC=F
2026-09-28T04:16:00Z,4231.60009765625,4232.0,4229.7998046875,4229.7998046875,70.0,yahoo,GC=F
2026-09-28T04:17:00Z,4229.7001953125,4231.89990234375,4229.5,4231.10009765625,52.0,yahoo,GC=F
2026-09-28T04:18:00Z,4231.2001953125,4231.2001953125,4230.2998046875,4230.7001953125,22.0,yahoo,GC=F
2026-09-28T04:19:00Z,4230.60009765625,4230.60009765625,4229.2998046875,4230.2001953125,50.0,yahoo,GC=F
2026-09-28T04:20:00Z,4230.10009765625,4230.5,4229.7998046875,4230.5,39.0,yahoo,GC=F
2026-09-28T04:21:00Z,4230.39990234375,4230.39990234375,4229.60009765625,4230.10009765625,21.0,yahoo,GC=F
2026-09-28T04:22:00Z,4230.0,4230.0,4228.89990234375,4230.0,50.0,yahoo,GC=F
2026-09-28T04:23:00Z,4230.60009765625,4230.60009765625,4229.0,4229.39990234375,31.0,yahoo,GC=F
2026-09-28T04:24:00Z,4229.2998046875,4229.7998046875,4228.7998046875,4229.7998046875,40.0,yahoo,GC=F
2026-09-28T04:25:00Z,4229.89990234375,4230.5,4229.0,4230.39990234375,84.0,yahoo,GC=F
2026-09-28T04:26:00Z,4230.39990234375,4230.39990234375,4228.39990234375,4230.2001953125,122.0,yahoo,GC=F
2026-09-28T04:27:00Z,4230.0,4230.0,4229.10009765625,4229.7001953125,27.0,yahoo,GC=F
2026-09-28T04:28:00Z,4229.60009765625,4230.5,4229.60009765625,4230.0,25.0,yahoo,GC=F
2026-09-28T04:29:00Z,4230.10009765625,4232.7001953125,4230.10009765625,4232.5,94.0,yahoo,GC=F
2026-09-28T04:30:00Z,4232.2998046875,4232.7001953125,4231.5,4232.10009765625,53.0,yahoo,GC=F
2026-09-28T04:31:00Z,4232.10009765625,4233.10009765625,4232.0,4232.5,83.0,yahoo,GC=F
2026-09-28T04:32:00Z,4232.2998046875,4232.2998046875,4230.39990234375,4230.39990234375,56.0,yahoo,GC=F
2026-09-28T04:33:00Z,4230.39990234375,4231.2998046875,4230.39990234375,4230.5,78.0,yahoo,GC=F
2026-09-28T04:34:00Z,4230.2998046875,4230.89990234375,4229.0,4229.10009765625,93.0,yahoo,GC=F
2026-09-28T04:35:00Z,4229.2001953125,4230.89990234375,4229.2001953125,4230.89990234375,35.0,yahoo,GC=F
2026-09-28T04:36:00Z,4230.39990234375,4230.7001953125,4229.5,4230.7001953125,40.0,yahoo,GC=F
2026-09-28T04:37:00Z,4230.39990234375,4230.60009765625,4229.2001953125,4229.2998046875,16.0,yahoo,GC=F
2026-09-28T04:38:00Z,4229.39990234375,4230.0,4229.0,4229.7998046875,56.0,yahoo,GC=F
2026-09-28T04:39:00Z,4229.39990234375,4229.89990234375,4229.0,4229.10009765625,27.0,yahoo,GC=F
2026-09-28T04:40:00Z,4229.10009765625,4230.7001953125,4229.10009765625,4230.60009765625,55.0,yahoo,GC=F
2026-09-28T04:41:00Z,4230.39990234375,4231.2998046875,4230.2998046875,4231.2001953125,27.0,yahoo,GC=F
2026-09-28T04:42:00Z,4231.2998046875,4231.7001953125,4230.89990234375,4231.60009765625,32.0,yahoo,GC=F
2026-09-28T04:43:00Z,4231.7998046875,4232.39990234375,4231.7998046875,4231.7998046875,27.0,yahoo,GC=F
2026-09-28T04:44:00Z,4231.7001953125,4231.89990234375,4230.89990234375,4230.89990234375,40.0,yahoo,GC=F
2026-09-28T04:45:00Z,4230.7001953125,4231.5,4230.7001953125,4230.7001953125,20.0,yahoo,GC=F
2026-09-28T04:46:00Z,4231.0,4231.2998046875,4230.60009765625,4230.89990234375,20.0,yahoo,GC=F
2026-09-28T04:47:00Z,4230.7998046875,4230.7998046875,4230.0,4230.0,29.0,yahoo,GC=F
2026-09-28T04:48:00Z,4230.10009765625,4230.10009765625,4229.5,4229.7998046875,19.0,yahoo,GC=F
2026-09-28T04:49:00Z,4230.0,4230.39990234375,4229.7998046875,4230.0,22.0,yahoo,GC=F
2026-09-28T04:50:00Z,4230.0,4230.39990234375,4229.2998046875,4230.2998046875,22.0,yahoo,GC=F
2026-09-28T04:51:00Z,4230.60009765625,4230.60009765625,4229.39990234375,4229.7998046875,33.0,yahoo,GC=F
2026-09-28T04:52:00Z,4229.60009765625,4230.0,4228.5,4229.5,55.0,yahoo,GC=F
2026-09-28T04:53:00Z,4229.0,4229.2998046875,4228.7998046875,4228.89990234375,26.0,yahoo,GC=F
2026-09-28T04:54:00Z,4228.7998046875,4229.0,4227.89990234375,4228.89990234375,76.0,yahoo,GC=F
2026-09-28T04:55:00Z,4229.0,4229.39990234375,4228.60009765625,4229.2001953125,26.0,yahoo,GC=F
2026-09-28T04:56:00Z,4229.10009765625,4229.10009765625,4228.5,4228.7998046875,18.0,yahoo,GC=F
2026-09-28T04:57:00Z,4228.60009765625,4228.7998046875,4228.2998046875,4228.7998046875,7.0,yahoo,GC=F
2026-09-28T04:58:00Z,4228.89990234375,4229.39990234375,4228.7001953125,4228.89990234375,38.0,yahoo,GC=F
2026-09-28T04:59:00Z,4228.7998046875,4228.7998046875,4226.7998046875,4227.39990234375,116.0,yahoo,GC=F
2026-09-28T05:00:00Z,4227.2001953125,4229.39990234375,4227.0,4228.39990234375,61.0,yahoo,GC=F
2026-09-28T05:01:00Z,4228.7001953125,4229.89990234375,4228.60009765625,4228.89990234375,61.0,yahoo,GC=F
2026-09-28T05:02:00Z,4229.10009765625,4230.60009765625,4227.89990234375,4230.2001953125,163.0,yahoo,GC=F
2026-09-28T05:03:00Z,4230.39990234375,4231.0,4228.89990234375,4229.2998046875,38.0,yahoo,GC=F
2026-09-28T05:04:00Z,4228.89990234375,4229.2998046875,4228.0,4228.5,40.0,yahoo,GC=F
2026-09-28T05:05:00Z,4228.0,4228.0,4225.0,4225.60009765625,112.0,yahoo,GC=F
2026-09-28T05:06:00Z,4225.39990234375,4225.39990234375,4224.0,4224.2001953125,125.0,yahoo,GC=F
2026-09-28T05:07:00Z,4224.2998046875,4224.39990234375,4222.5,4224.10009765625,154.0,yahoo,GC=F
2026-09-28T05:08:00Z,4223.89990234375,4223.89990234375,4222.5,4222.7998046875,74.0,yahoo,GC=F
2026-09-28T05:09:00Z,4223.2998046875,4225.2001953125,4223.2998046875,4225.10009765625,91.0,yahoo,GC=F
2026-09-28T05:10:00Z,4224.7001953125,4225.2001953125,4224.0,4224.10009765625,58.0,yahoo,GC=F
2026-09-28T05:11:00Z,4224.2998046875,4224.7001953125,4223.39990234375,4223.39990234375,51.0,yahoo,GC=F
2026-09-28T05:12:00Z,4223.39990234375,4224.2001953125,4223.2001953125,4224.2001953125,78.0,yahoo,GC=F
2026-09-28T05:13:00Z,4224.2998046875,4225.39990234375,4223.2001953125,4223.60009765625,61.0,yahoo,GC=F
2026-09-28T05:14:00Z,4223.5,4225.2001953125,4223.10009765625,4224.7001953125,95.0,yahoo,GC=F
2026-09-28T05:15:00Z,4225.0,4225.39990234375,4224.2998046875,4225.10009765625,49.0,yahoo,GC=F
2026-09-28T05:16:00Z,4225.10009765625,4226.89990234375,4224.7998046875,4225.7998046875,134.0,yahoo,GC=F
2026-09-28T05:17:00Z,4225.89990234375,4227.0,4225.2001953125,4226.2001953125,89.0,yahoo,GC=F
2026-09-28T05:18:00Z,4225.7998046875,4226.0,4223.7001953125,4224.39990234375,116.0,yahoo,GC=F
2026-09-28T05:19:00Z,4224.2998046875,4224.2998046875,4221.0,4221.60009765625,140.0,yahoo,GC=F
2026-09-28T05:20:00Z,4221.60009765625,4222.7001953125,4221.2001953125,4221.7998046875,68.0,yahoo,GC=F
2026-09-28T05:21:00Z,4221.89990234375,4222.10009765625,4220.2998046875,4220.60009765625,124.0,yahoo,GC=F
2026-09-28T05:22:00Z,4220.7001953125,4220.7001953125,4217.7001953125,4217.89990234375,662.0,yahoo,GC=F
2026-09-28T05:23:00Z,4218.0,4219.7001953125,4218.0,4218.5,144.0,yahoo,GC=F
2026-09-28T05:24:00Z,4218.7001953125,4220.0,4218.2998046875,4219.60009765625,75.0,yahoo,GC=F
2026-09-28T05:25:00Z,4219.5,4221.5,4218.89990234375,4220.7001953125,169.0,yahoo,GC=F
2026-09-28T05:26:00Z,4220.39990234375,4220.7001953125,4220.10009765625,4220.2998046875,39.0,yahoo,GC=F
2026-09-28T05:27:00Z,4220.2998046875,4221.7998046875,4220.0,4221.7001953125,40.0,yahoo,GC=F
2026-09-28T05:28:00Z,4221.89990234375,4224.39990234375,4221.89990234375,4224.0,166.0,yahoo,GC=F
2026-09-28T05:29:00Z,4224.2001953125,4224.2001953125,4221.89990234375,4222.89990234375,73.0,yahoo,GC=F
2026-09-28T05:30:00Z,4222.5,4222.7998046875,4219.60009765625,4219.89990234375,291.0,yahoo,GC=F
2026-09-28T05:31:00Z,4219.7998046875,4220.39990234375,4217.5,4218.60009765625,196.0,yahoo,GC=F
2026-09-28T05:32:00Z,4218.2998046875,4221.39990234375,4218.2001953125,4219.5,173.0,yahoo,GC=F
2026-09-28T05:33:00Z,4219.39990234375,4219.89990234375,4216.7001953125,4216.7998046875,236.0,yahoo,GC=F
2026-09-28T05:34:00Z,4216.7998046875,4218.39990234375,4215.7001953125,4216.5,152.0,yahoo,GC=F
2026-09-28T05:35:00Z,4216.2001953125,4219.2998046875,4216.0,4219.2998046875,136.0,yahoo,GC=F
2026-09-28T05:36:00Z,4218.7998046875,4219.5,4217.5,4218.7001953125,66.0,yahoo,GC=F
2026-09-28T05:37:00Z,4218.89990234375,4218.89990234375,4216.39990234375,4216.89990234375,61.0,yahoo,GC=F
2026-09-28T05:38:00Z,4217.0,4217.5,4215.7998046875,4216.2998046875,68.0,yahoo,GC=F
2026-09-28T05:39:00Z,4216.7001953125,4217.0,4213.2998046875,4213.7998046875,192.0,yahoo,GC=F
2026-09-28T05:40:00Z,4214.0,4214.39990234375,4213.39990234375,4213.89990234375,90.0,yahoo,GC=F
2026-09-28T05:41:00Z,4214.10009765625,4214.2001953125,4212.60009765625,4213.0,133.0,yahoo,GC=F
2026-09-28T05:42:00Z,4212.89990234375,4215.60009765625,4212.89990234375,4214.60009765625,176.0,yahoo,GC=F
2026-09-28T05:43:00Z,4214.60009765625,4215.5,4214.39990234375,4215.2001953125,70.0,yahoo,GC=F
2026-09-28T05:44:00Z,4215.2001953125,4216.60009765625,4215.10009765625,4215.89990234375,77.0,yahoo,GC=F
2026-09-28T05:45:00Z,4216.2001953125,4216.5,4214.0,4214.10009765625,128.0,yahoo,GC=F
2026-09-28T05:46:00Z,4214.10009765625,4216.0,4213.89990234375,4216.0,50.0,yahoo,GC=F
2026-09-28T05:47:00Z,4216.10009765625,4216.7998046875,4213.5,4213.89990234375,100.0,yahoo,GC=F
2026-09-28T05:48:00Z,4213.7998046875,4214.10009765625,4212.2998046875,4213.39990234375,147.0,yahoo,GC=F
2026-09-28T05:49:00Z,4213.0,4213.89990234375,4213.0,4213.2998046875,166.0,yahoo,GC=F
2026-09-28T05:50:00Z,4213.10009765625,4214.5,4213.10009765625,4214.10009765625,81.0,yahoo,GC=F
2026-09-28T05:51:00Z,4214.0,4214.2001953125,4212.2998046875,4213.39990234375,258.0,yahoo,GC=F
2026-09-28T05:52:00Z,4213.39990234375,4213.39990234375,4212.10009765625,4213.2001953125,101.0,yahoo,GC=F
2026-09-28T05:53:00Z,4212.89990234375,4214.60009765625,4212.89990234375,4213.7001953125,102.0,yahoo,GC=F
2026-09-28T05:54:00Z,4213.60009765625,4215.39990234375,4213.60009765625,4215.39990234375,94.0,yahoo,GC=F
2026-09-28T05:55:00Z,4215.2998046875,4216.39990234375,4214.2998046875,4216.0,229.0,yahoo,GC=F
2026-09-28T05:56:00Z,4215.5,4217.39990234375,4214.7001953125,4217.10009765625,99.0,yahoo,GC=F
2026-09-28T05:57:00Z,4217.2998046875,4217.2998046875,4213.2001953125,4214.2998046875,117.0,yahoo,GC=F
2026-09-28T05:58:00Z,4214.2998046875,4215.0,4213.10009765625,4213.89990234375,151.0,yahoo,GC=F
2026-09-28T05:59:00Z,4213.7001953125,4213.7001953125,4211.39990234375,4212.10009765625,203.0,yahoo,GC=F
2026-09-28T06:00:00Z,4212.0,4212.10009765625,4208.2998046875,4208.5,428.0,yahoo,GC=F
2026-09-28T06:01:00Z,4208.39990234375,4208.89990234375,4207.2998046875,4208.7998046875,404.0,yahoo,GC=F
2026-09-28T06:02:00Z,4208.7001953125,4209.2998046875,4207.60009765625,4208.60009765625,130.0,yahoo,GC=F
2026-09-28T06:03:00Z,4208.7001953125,4210.2001953125,4208.0,4209.39990234375,223.0,yahoo,GC=F
2026-09-28T06:04:00Z,4209.5,4210.2001953125,4208.0,4208.5,144.0,yahoo,GC=F
2026-09-28T06:05:00Z,4208.2998046875,4210.2998046875,4207.5,4210.0,252.0,yahoo,GC=F
2026-09-28T06:06:00Z,4210.0,4213.7001953125,4209.7001953125,4213.5,268.0,yahoo,GC=F
2026-09-28T06:07:00Z,4213.5,4213.7998046875,4212.10009765625,4212.10009765625,152.0,yahoo,GC=F
2026-09-28T06:08:00Z,4212.39990234375,4213.39990234375,4211.7001953125,4213.39990234375,87.0,yahoo,GC=F
2026-09-28T06:09:00Z,4213.10009765625,4213.2001953125,4211.2998046875,4211.89990234375,124.0,yahoo,GC=F
2026-09-28T06:10:00Z,4211.7001953125,4212.5,4211.2001953125,4212.2998046875,88.0,yahoo,GC=F
2026-09-28T06:11:00Z,4212.60009765625,4213.60009765625,4211.7001953125,4212.2998046875,90.0,yahoo,GC=F
2026-09-28T06:12:00Z,4212.60009765625,4212.60009765625,4210.39990234375,4211.89990234375,94.0,yahoo,GC=F
2026-09-28T06:13:00Z,4211.7998046875,4213.60009765625,4210.7998046875,4212.5,149.0,yahoo,GC=F
2026-09-28T06:14:00Z,4212.60009765625,4212.7001953125,4209.89990234375,4211.39990234375,174.0,yahoo,GC=F
2026-09-28T06:15:00Z,4211.2998046875,4212.2001953125,4210.39990234375,4210.7001953125,114.0,yahoo,GC=F
2026-09-28T06:16:00Z,4210.89990234375,4211.60009765625,4210.2001953125,4211.0,88.0,yahoo,GC=F
2026-09-28T06:17:00Z,4210.7001953125,4211.7001953125,4209.0,4209.2998046875,162.0,yahoo,GC=F
2026-09-28T06:18:00Z,4209.2001953125,4210.2998046875,4208.5,4208.7001953125,187.0,yahoo,GC=F
2026-09-28T06:19:00Z,4208.39990234375,4208.5,4206.2998046875,4206.7998046875,321.0,yahoo,GC=F
2026-09-28T06:20:00Z,4206.60009765625,4209.2998046875,4206.60009765625,4207.7001953125,306.0,yahoo,GC=F
2026-09-28T06:21:00Z,4207.89990234375,4209.7001953125,4207.10009765625,4209.10009765625,152.0,yahoo,GC=F
2026-09-28T06:22:00Z,4209.10009765625,4209.10009765625,4204.89990234375,4205.2998046875,272.0,yahoo,GC=F
2026-09-28T06:23:00Z,4205.10009765625,4205.7001953125,4203.89990234375,4205.2001953125,292.0,yahoo,GC=F
2026-09-28T06:24:00Z,4205.2001953125,4205.7001953125,4203.5,4205.60009765625,262.0,yahoo,GC=F
2026-09-28T06:25:00Z,4205.39990234375,4206.10009765625,4204.60009765625,4205.39990234375,83.0,yahoo,GC=F
2026-09-28T06:26:00Z,4205.60009765625,4206.0,4204.2001953125,4204.89990234375,194.0,yahoo,GC=F
2026-09-28T06:27:00Z,4204.5,4204.7998046875,4202.2998046875,4202.39990234375,255.0,yahoo,GC=F
2026-09-28T06:28:00Z,4202.5,4203.60009765625,4201.60009765625,4201.7998046875,238.0,yahoo,GC=F
2026-09-28T06:29:00Z,4201.89990234375,4203.0,4201.89990234375,4202.2001953125,82.0,yahoo,GC=F
2026-09-28T06:30:00Z,4202.2001953125,4202.39990234375,4200.60009765625,4201.7998046875,166.0,yahoo,GC=F
2026-09-28T06:31:00Z,4201.60009765625,4204.10009765625,4201.60009765625,4203.39990234375,273.0,yahoo,GC=F
2026-09-28T06:32:00Z,4203.39990234375,4205.39990234375,4202.39990234375,4204.7001953125,228.0,yahoo,GC=F
2026-09-28T06:33:00Z,4204.39990234375,4207.2001953125,4204.10009765625,4205.60009765625,226.0,yahoo,GC=F
2026-09-28T06:34:00Z,4205.7998046875,4207.7998046875,4205.2998046875,4207.2998046875,92.0,yahoo,GC=F
2026-09-28T06:35:00Z,4207.39990234375,4209.39990234375,4206.89990234375,4208.5,196.0,yahoo,GC=F
2026-09-28T06:36:00Z,4208.39990234375,4208.7998046875,4207.2001953125,4207.5,100.0,yahoo,GC=F
2026-09-28T06:37:00Z,4207.60009765625,4208.0,4205.39990234375,4206.39990234375,190.0,yahoo,GC=F
2026-09-28T06:38:00Z,4206.2998046875,4208.2001953125,4206.2001953125,4207.7998046875,74.0,yahoo,GC=F
2026-09-28T06:39:00Z,4207.89990234375,4209.2998046875,4207.89990234375,4208.89990234375,105.0,yahoo,GC=F
2026-09-28T06:40:00Z,4209.0,4210.0,4207.89990234375,4207.89990234375,263.0,yahoo,GC=F
2026-09-28T06:41:00Z,4208.10009765625,4208.5,4207.39990234375,4208.0,142.0,yahoo,GC=F
2026-09-28T06:42:00Z,4208.0,4208.7001953125,4207.60009765625,4207.60009765625,105.0,yahoo,GC=F
2026-09-28T06:43:00Z,4207.7998046875,4207.89990234375,4205.7998046875,4206.5,54.0,yahoo,GC=F
2026-09-28T06:44:00Z,4206.5,4207.10009765625,4203.7998046875,4204.0,167.0,yahoo,GC=F
2026-09-28T06:45:00Z,4204.10009765625,4205.60009765625,4204.10009765625,4205.39990234375,139.0,yahoo,GC=F
2026-09-28T06:46:00Z,4205.2001953125,4206.60009765625,4204.7001953125,4206.0,114.0,yahoo,GC=F
2026-09-28T06:47:00Z,4206.0,4206.60009765625,4205.5,4206.39990234375,116.0,yahoo,GC=F
2026-09-28T06:48:00Z,4206.2001953125,4207.7998046875,4205.2001953125,4206.89990234375,134.0,yahoo,GC=F
2026-09-28T06:49:00Z,4207.10009765625,4209.0,4206.5,4208.39990234375,152.0,yahoo,GC=F
2026-09-28T06:50:00Z,4208.2998046875,4208.39990234375,4205.2001953125,4205.7001953125,182.0,yahoo,GC=F
2026-09-28T06:51:00Z,4205.60009765625,4206.0,4204.7001953125,4205.2998046875,129.0,yahoo,GC=F
2026-09-28T06:52:00Z,4204.7998046875,4205.2998046875,4203.89990234375,4204.7001953125,148.0,yahoo,GC=F
2026-09-28T06:53:00Z,4204.89990234375,4206.10009765625,4204.2998046875,4205.10009765625,87.0,yahoo,GC=F
2026-09-28T06:54:00Z,4204.7998046875,4204.7998046875,4197.0,4199.7001953125,641.0,yahoo,GC=F
2026-09-28T06:55:00Z,4199.89990234375,4200.2001953125,4196.39990234375,4196.39990234375,339.0,yahoo,GC=F
2026-09-28T06:56:00Z,4196.5,4197.60009765625,4195.5,4195.60009765625,374.0,yahoo,GC=F
2026-09-28T06:57:00Z,4195.60009765625,4196.7998046875,4194.2998046875,4196.2998046875,478.0,yahoo,GC=F
2026-09-28T06:58:00Z,4196.2001953125,4197.0,4195.60009765625,4196.89990234375,238.0,yahoo,GC=F
2026-09-28T06:59:00Z,4196.7001953125,4197.2998046875,4196.2998046875,4196.7001953125,149.0,yahoo,GC=F
2026-09-28T07:00:00Z,4196.5,4197.7998046875,4193.7998046875,4197.7001953125,503.0,yahoo,GC=F
2026-09-28T07:01:00Z,4197.5,4198.0,4193.89990234375,4197.2001953125,283.0,yahoo,GC=F
2026-09-28T07:02:00Z,4197.10009765625,4198.39990234375,4196.7001953125,4197.39990234375,190.0,yahoo,GC=F
2026-09-28T07:03:00Z,4197.10009765625,4197.2998046875,4193.39990234375,4194.2001953125,231.0,yahoo,GC=F
2026-09-28T07:04:00Z,4194.2998046875,4198.0,4193.10009765625,4197.89990234375,262.0,yahoo,GC=F
2026-09-28T07:05:00Z,4197.60009765625,4197.60009765625,4194.60009765625,4194.60009765625,260.0,yahoo,GC=F
2026-09-28T07:06:00Z,4194.7001953125,4196.0,4193.7998046875,4195.2001953125,273.0,yahoo,GC=F
2026-09-28T07:07:00Z,4194.89990234375,4195.0,4193.5,4194.39990234375,233.0,yahoo,GC=F
2026-09-28T07:08:00Z,4194.39990234375,4195.60009765625,4193.7001953125,4194.7001953125,222.0,yahoo,GC=F
2026-09-28T07:09:00Z,4194.2998046875,4198.5,4194.2001953125,4197.89990234375,254.0,yahoo,GC=F
2026-09-28T07:10:00Z,4197.39990234375,4198.5,4196.2998046875,4196.39990234375,134.0,yahoo,GC=F
2026-09-28T07:11:00Z,4196.10009765625,4196.2001953125,4194.39990234375,4195.7001953125,193.0,yahoo,GC=F
2026-09-28T07:12:00Z,4195.7998046875,4196.0,4193.7001953125,4194.2001953125,290.0,yahoo,GC=F
2026-09-28T07:13:00Z,4194.10009765625,4194.7998046875,4193.2001953125,4193.5,159.0,yahoo,GC=F
2026-09-28T07:14:00Z,4193.5,4194.10009765625,4192.39990234375,4193.7001953125,221.0,yahoo,GC=F
2026-09-28T07:15:00Z,4193.5,4195.89990234375,4193.5,4195.89990234375,123.0,yahoo,GC=F
2026-09-28T07:16:00Z,4195.7001953125,4196.60009765625,4195.2001953125,4195.7998046875,89.0,yahoo,GC=F
2026-09-28T07:17:00Z,4195.7998046875,4196.0,4194.7998046875,4195.0,85.0,yahoo,GC=F
2026-09-28T07:18:00Z,4195.2998046875,4196.5,4194.10009765625,4196.2001953125,104.0,yahoo,GC=F
2026-09-28T07:19:00Z,4195.7998046875,4196.0,4194.60009765625,4194.7998046875,123.0,yahoo,GC=F
2026-09-28T07:20:00Z,4194.89990234375,4195.0,4192.7001953125,4193.10009765625,167.0,yahoo,GC=F
2026-09-28T07:21:00Z,4193.0,4193.2998046875,4189.2001953125,4190.5,716.0,yahoo,GC=F
2026-09-28T07:22:00Z,4190.7001953125,4191.7001953125,4189.5,4189.7001953125,199.0,yahoo,GC=F
2026-09-28T07:23:00Z,4189.5,4192.10009765625,4188.7998046875,4192.0,251.0,yahoo,GC=F
2026-09-28T07:24:00Z,4191.7998046875,4193.60009765625,4191.5,4192.2001953125,260.0,yahoo,GC=F
2026-09-28T07:25:00Z,4192.10009765625,4193.7001953125,4191.2998046875,4191.5,167.0,yahoo,GC=F
2026-09-28T07:26:00Z,4191.39990234375,4191.5,4188.89990234375,4191.2998046875,189.0,yahoo,GC=F
2026-09-28T07:27:00Z,4191.2998046875,4191.7998046875,4189.7998046875,4191.7001953125,102.0,yahoo,GC=F
2026-09-28T07:28:00Z,4191.39990234375,4193.0,4191.0,4191.0,121.0,yahoo,GC=F
2026-09-28T07:29:00Z,4190.89990234375,4192.0,4190.0,4190.5,227.0,yahoo,GC=F
2026-09-28T07:30:00Z,4190.60009765625,4191.2998046875,4190.0,4190.7001953125,131.0,yahoo,GC=F
2026-09-28T07:31:00Z,4191.10009765625,4192.2001953125,4190.60009765625,4191.0,106.0,yahoo,GC=F
2026-09-28T07:32:00Z,4191.0,4191.0,4188.2001953125,4189.0,117.0,yahoo,GC=F
2026-09-28T07:33:00Z,4189.0,4191.2998046875,4189.0,4189.7998046875,139.0,yahoo,GC=F
2026-09-28T07:34:00Z,4189.5,4190.7001953125,4188.89990234375,4190.60009765625,84.0,yahoo,GC=F
2026-09-28T07:35:00Z,4190.39990234375,4191.0,4189.2998046875,4189.89990234375,98.0,yahoo,GC=F
2026-09-28T07:36:00Z,4189.60009765625,4189.89990234375,4188.7998046875,4189.0,63.0,yahoo,GC=F
2026-09-28T07:37:00Z,4189.10009765625,4189.10009765625,4187.39990234375,4187.5,352.0,yahoo,GC=F
2026-09-28T07:38:00Z,4187.60009765625,4187.60009765625,4184.39990234375,4187.0,441.0,yahoo,GC=F
2026-09-28T07:39:00Z,4186.89990234375,4187.7001953125,4186.2001953125,4186.39990234375,151.0,yahoo,GC=F
2026-09-28T07:40:00Z,4186.60009765625,4189.10009765625,4186.2998046875,4188.7001953125,190.0,yahoo,GC=F
2026-09-28T07:41:00Z,4188.7998046875,4190.5,4188.7998046875,4189.10009765625,246.0,yahoo,GC=F
2026-09-28T07:42:00Z,4189.0,4189.5,4186.5,4186.7001953125,113.0,yahoo,GC=F
2026-09-28T07:43:00Z,4186.7001953125,4187.10009765625,4185.60009765625,4186.2998046875,134.0,yahoo,GC=F
2026-09-28T07:44:00Z,4186.5,4186.60009765625,4185.39990234375,4186.10009765625,195.0,yahoo,GC=F
2026-09-28T07:45:00Z,4186.10009765625,4186.60009765625,4185.2001953125,4186.2998046875,158.0,yahoo,GC=F
2026-09-28T07:46:00Z,4186.2998046875,4187.60009765625,4185.89990234375,4186.10009765625,232.0,yahoo,GC=F
2026-09-28T07:47:00Z,4186.10009765625,4187.89990234375,4185.10009765625,4187.2001953125,155.0,yahoo,GC=F
2026-09-28T07:48:00Z,4187.10009765625,4189.10009765625,4187.10009765625,4188.0,130.0,yahoo,GC=F
2026-09-28T07:49:00Z,4188.10009765625,4188.7001953125,4187.39990234375,4187.7998046875,239.0,yahoo,GC=F
2026-09-28T07:50:00Z,4187.60009765625,4188.10009765625,4186.7001953125,4187.10009765625,211.0,yahoo,GC=F
2026-09-28T07:51:00Z,4186.7998046875,4187.60009765625,4186.0,4186.0,194.0,yahoo,GC=F
2026-09-28T07:52:00Z,4185.7998046875,4186.60009765625,4184.7998046875,4185.5,235.0,yahoo,GC=F
2026-09-28T07:53:00Z,4185.2001953125,4186.39990234375,4184.5,4185.89990234375,149.0,yahoo,GC=F
2026-09-28T07:54:00Z,4185.60009765625,4189.10009765625,4185.2998046875,4189.10009765625,110.0,yahoo,GC=F
2026-09-28T07:55:00Z,4188.7001953125,4192.60009765625,4188.7001953125,4191.10009765625,240.0,yahoo,GC=F
2026-09-28T07:56:00Z,4191.2998046875,4191.39990234375,4187.5,4187.5,202.0,yahoo,GC=F
2026-09-28T07:57:00Z,4187.7998046875,4188.5,4182.7001953125,4183.7001953125,376.0,yahoo,GC=F
2026-09-28T07:58:00Z,4183.60009765625,4186.7001953125,4183.39990234375,4186.5,214.0,yahoo,GC=F
2026-09-28T07:59:00Z,4186.5,4187.5,4186.0,4187.5,197.0,yahoo,GC=F
2026-09-28T08:00:00Z,4187.39990234375,4188.10009765625,4185.7001953125,4187.39990234375,264.0,yahoo,GC=F
2026-09-28T08:01:00Z,4187.2998046875,4190.39990234375,4187.0,4189.7998046875,240.0,yahoo,GC=F
2026-09-28T08:02:00Z,4189.5,4190.5,4188.5,4190.10009765625,223.0,yahoo,GC=F
2026-09-28T08:03:00Z,4189.7998046875,4190.2001953125,4186.2998046875,4186.89990234375,153.0,yahoo,GC=F
2026-09-28T08:04:00Z,4186.39990234375,4190.7998046875,4186.2001953125,4190.2998046875,166.0,yahoo,GC=F
2026-09-28T08:05:00Z,4190.2998046875,4191.2001953125,4189.2998046875,4189.2998046875,209.0,yahoo,GC=F
2026-09-28T08:06:00Z,4189.10009765625,4189.7998046875,4187.89990234375,4188.39990234375,151.0,yahoo,GC=F
2026-09-28T08:07:00Z,4188.10009765625,4189.7001953125,4187.5,4188.2001953125,161.0,yahoo,GC=F
2026-09-28T08:08:00Z,4188.2001953125,4190.7001953125,4188.0,4188.60009765625,138.0,yahoo,GC=F
2026-09-28T08:09:00Z,4188.2998046875,4189.5,4187.39990234375,4188.7998046875,109.0,yahoo,GC=F
2026-09-28T08:10:00Z,4188.60009765625,4188.7998046875,4186.89990234375,4187.39990234375,139.0,yahoo,GC=F
2026-09-28T08:11:00Z,4187.2998046875,4189.5,4187.2001953125,4188.5,101.0,yahoo,GC=F
2026-09-28T08:12:00Z,4188.60009765625,4189.0,4186.0,4186.0,237.0,yahoo,GC=F
2026-09-28T08:13:00Z,4186.0,4186.89990234375,4183.2998046875,4186.2001953125,365.0,yahoo,GC=F
2026-09-28T08:14:00Z,4186.2001953125,4189.39990234375,4186.2001953125,4188.89990234375,125.0,yahoo,GC=F
2026-09-28T08:15:00Z,4188.7998046875,4189.0,4184.7001953125,4185.2001953125,137.0,yahoo,GC=F
2026-09-28T08:16:00Z,4185.2001953125,4186.60009765625,4184.7998046875,4186.2001953125,115.0,yahoo,GC=F
2026-09-28T08:17:00Z,4186.39990234375,4187.2001953125,4184.39990234375,4184.5,70.0,yahoo,GC=F
2026-09-28T08:18:00Z,4184.5,4185.89990234375,4183.5,4184.5,159.0,yahoo,GC=F
2026-09-28T08:19:00Z,4184.2001953125,4184.7998046875,4183.0,4183.89990234375,215.0,yahoo,GC=F
2026-09-28T08:20:00Z,4183.60009765625,4184.39990234375,4182.39990234375,4183.0,166.0,yahoo,GC=F
2026-09-28T08:21:00Z,4182.89990234375,4184.5,4182.39990234375,4183.5,314.0,yahoo,GC=F
2026-09-28T08:22:00Z,4183.60009765625,4183.60009765625,4179.2998046875,4180.89990234375,434.0,yahoo,GC=F
2026-09-28T08:23:00Z,4181.10009765625,4182.60009765625,4179.2998046875,4180.60009765625,418.0,yahoo,GC=F
2026-09-28T08:24:00Z,4180.5,4180.7998046875,4178.0,4180.5,411.0,yahoo,GC=F
2026-09-28T08:25:00Z,4180.2998046875,4182.60009765625,4179.10009765625,4181.2001953125,584.0,yahoo,GC=F
2026-09-28T08:26:00Z,4181.10009765625,4185.39990234375,4180.5,4184.0,281.0,yahoo,GC=F
2026-09-28T08:27:00Z,4184.39990234375,4184.89990234375,4179.2998046875,4179.5,160.0,yahoo,GC=F
2026-09-28T08:28:00Z,4179.39990234375,4180.5,4178.2001953125,4178.5,285.0,yahoo,GC=F
2026-09-28T08:29:00Z,4178.2001953125,4179.0,4175.39990234375,4177.0,453.0,yahoo,GC=F
2026-09-28T08:30:00Z,4177.0,4178.89990234375,4175.7998046875,4176.10009765625,279.0,yahoo,GC=F
2026-09-28T08:31:00Z,4176.0,4179.39990234375,4175.39990234375,4176.60009765625,352.0,yahoo,GC=F
2026-09-28T08:32:00Z,4176.39990234375,4178.39990234375,4175.39990234375,4178.2001953125,274.0,yahoo,GC=F
2026-09-28T08:33:00Z,4178.39990234375,4179.89990234375,4177.2998046875,4177.5,151.0,yahoo,GC=F
2026-09-28T08:34:00Z,4177.7998046875,4180.5,4177.60009765625,4180.5,256.0,yahoo,GC=F
2026-09-28T08:35:00Z,4180.60009765625,4182.0,4179.7001953125,4179.7001953125,195.0,yahoo,GC=F
2026-09-28T08:36:00Z,4179.5,4180.39990234375,4177.39990234375,4177.5,162.0,yahoo,GC=F
2026-09-28T08:37:00Z,4177.2998046875,4177.60009765625,4174.7001953125,4175.2998046875,182.0,yahoo,GC=F
2026-09-28T08:38:00Z,4175.2001953125,4176.89990234375,4175.0,4176.39990234375,203.0,yahoo,GC=F
2026-09-28T08:39:00Z,4176.2998046875,4176.7998046875,4174.7001953125,4176.7998046875,114.0,yahoo,GC=F
2026-09-28T08:40:00Z,4176.7001953125,4179.2998046875,4176.39990234375,4178.60009765625,104.0,yahoo,GC=F
2026-09-28T08:41:00Z,4178.60009765625,4181.5,4178.5,4181.2001953125,170.0,yahoo,GC=F
2026-09-28T08:42:00Z,4181.10009765625,4183.2998046875,4180.7001953125,4182.89990234375,268.0,yahoo,GC=F
2026-09-28T08:43:00Z,4182.89990234375,4182.89990234375,4180.10009765625,4180.89990234375,244.0,yahoo,GC=F
2026-09-28T08:44:00Z,4180.7998046875,4182.0,4180.39990234375,4181.2998046875,63.0,yahoo,GC=F
2026-09-28T08:45:00Z,4181.2001953125,4181.7998046875,4179.5,4180.60009765625,65.0,yahoo,GC=F
2026-09-28T08:46:00Z,4180.5,4183.0,4180.0,4181.7998046875,169.0,yahoo,GC=F
2026-09-28T08:47:00Z,4181.89990234375,4185.10009765625,4181.89990234375,4183.10009765625,184.0,yahoo,GC=F
2026-09-28T08:48:00Z,4183.39990234375,4183.5,4181.7998046875,4181.7998046875,80.0,yahoo,GC=F
2026-09-28T08:49:00Z,4181.7998046875,4182.2998046875,4181.2998046875,4181.7998046875,116.0,yahoo,GC=F
2026-09-28T08:50:00Z,4181.39990234375,4182.7998046875,4181.10009765625,4181.60009765625,160.0,yahoo,GC=F
2026-09-28T08:51:00Z,4181.89990234375,4182.39990234375,4179.10009765625,4179.5,133.0,yahoo,GC=F
2026-09-28T08:52:00Z,4179.2998046875,4179.39990234375,4177.0,4178.10009765625,180.0,yahoo,GC=F
2026-09-28T08:53:00Z,4177.89990234375,4180.5,4177.7001953125,4180.2001953125,174.0,yahoo,GC=F
2026-09-28T08:54:00Z,4180.10009765625,4180.10009765625,4178.7998046875,4178.7998046875,86.0,yahoo,GC=F
2026-09-28T08:55:00Z,4178.89990234375,4179.60009765625,4178.10009765625,4178.7001953125,102.0,yahoo,GC=F
2026-09-28T08:56:00Z,4178.60009765625,4178.60009765625,4177.5,4178.10009765625,67.0,yahoo,GC=F
2026-09-28T08:57:00Z,4178.0,4179.2998046875,4178.0,4178.0,25.0,yahoo,GC=F
2026-09-28T08:58:00Z,4177.7001953125,4178.5,4176.5,4176.7998046875,132.0,yahoo,GC=F
2026-09-28T08:59:00Z,4176.89990234375,4177.5,4176.7001953125,4176.7998046875,52.0,yahoo,GC=F
2026-09-28T09:00:00Z,4176.39990234375,4179.2998046875,4174.89990234375,4175.0,413.0,yahoo,GC=F
2026-09-28T09:01:00Z,4175.60009765625,4177.2998046875,4175.60009765625,4177.2998046875,88.0,yahoo,GC=F
2026-09-28T09:02:00Z,4177.10009765625,4177.5,4175.2998046875,4175.2998046875,81.0,yahoo,GC=F
2026-09-28T09:03:00Z,4175.10009765625,4176.2001953125,4174.60009765625,4175.7001953125,152.0,yahoo,GC=F
2026-09-28T09:04:00Z,4175.7998046875,4176.2001953125,4173.10009765625,4173.2998046875,138.0,yahoo,GC=F
2026-09-28T09:05:00Z,4173.5,4176.39990234375,4173.2998046875,4176.2998046875,153.0,yahoo,GC=F
2026-09-28T09:06:00Z,4176.10009765625,4176.60009765625,4175.2998046875,4176.0,51.0,yahoo,GC=F
2026-09-28T09:07:00Z,4176.10009765625,4179.0,4176.10009765625,4178.2001953125,108.0,yahoo,GC=F
2026-09-28T09:08:00Z,4178.89990234375,4179.7001953125,4174.39990234375,4174.89990234375,170.0,yahoo,GC=F
2026-09-28T09:09:00Z,4174.7998046875,4175.10009765625,4173.39990234375,4173.7001953125,198.0,yahoo,GC=F
2026-09-28T09:10:00Z,4173.5,4174.2998046875,4172.7001953125,4174.10009765625,195.0,yahoo,GC=F
2026-09-28T09:11:00Z,4174.10009765625,4176.7001953125,4173.5,4175.2001953125,265.0,yahoo,GC=F
2026-09-28T09:12:00Z,4175.39990234375,4176.39990234375,4175.0,4175.2001953125,79.0,yahoo,GC=F
2026-09-28T09:13:00Z,4175.10009765625,4175.2001953125,4174.2001953125,4175.10009765625,127.0,yahoo,GC=F
2026-09-28T09:14:00Z,4175.39990234375,4178.0,4175.39990234375,4176.5,272.0,yahoo,GC=F
2026-09-28T09:15:00Z,4176.2998046875,4177.7001953125,4176.10009765625,4176.39990234375,241.0,yahoo,GC=F
2026-09-28T09:16:00Z,4176.0,4176.7001953125,4175.0,4175.10009765625,101.0,yahoo,GC=F
2026-09-28T09:17:00Z,4175.10009765625,4175.10009765625,4173.89990234375,4174.5,115.0,yahoo,GC=F
2026-09-28T09:18:00Z,4174.2998046875,4176.89990234375,4173.89990234375,4176.89990234375,133.0,yahoo,GC=F
2026-09-28T09:19:00Z,4176.7001953125,4179.2998046875,4176.5,4176.7998046875,173.0,yahoo,GC=F
2026-09-28T09:20:00Z,4177.10009765625,4178.2001953125,4176.7998046875,4177.5,131.0,yahoo,GC=F
2026-09-28T09:21:00Z,4177.7001953125,4179.10009765625,4177.2998046875,4178.7998046875,101.0,yahoo,GC=F
2026-09-28T09:22:00Z,4178.7001953125,4179.2998046875,4178.10009765625,4179.2001953125,103.0,yahoo,GC=F
2026-09-28T09:23:00Z,4178.89990234375,4180.7998046875,4178.89990234375,4179.39990234375,154.0,yahoo,GC=F
2026-09-28T09:24:00Z,4179.7001953125,4180.2001953125,4179.10009765625,4179.39990234375,72.0,yahoo,GC=F
2026-09-28T09:25:00Z,4179.60009765625,4179.7001953125,4177.60009765625,4179.0,108.0,yahoo,GC=F
2026-09-28T09:26:00Z,4178.7001953125,4179.0,4177.10009765625,4178.60009765625,83.0,yahoo,GC=F
2026-09-28T09:27:00Z,4178.10009765625,4179.39990234375,4176.89990234375,4177.0,77.0,yahoo,GC=F
2026-09-28T09:28:00Z,4176.7998046875,4177.89990234375,4176.7998046875,4176.7998046875,49.0,yahoo,GC=F
2026-09-28T09:29:00Z,4176.60009765625,4178.2998046875,4176.60009765625,4178.2001953125,110.0,yahoo,GC=F
2026-09-28T09:30:00Z,4178.2001953125,4178.5,4176.7001953125,4177.5,215.0,yahoo,GC=F
2026-09-28T09:31:00Z,4177.5,4178.7998046875,4175.7998046875,4175.7998046875,236.0,yahoo,GC=F
2026-09-28T09:32:00Z,4176.0,4178.0,4175.5,4176.89990234375,224.0,yahoo,GC=F
2026-09-28T09:33:00Z,4176.7998046875,4177.0,4175.10009765625,4175.89990234375,104.0,yahoo,GC=F
2026-09-28T09:34:00Z,4176.0,4176.2998046875,4174.39990234375,4174.7998046875,163.0,yahoo,GC=F
2026-09-28T09:35:00Z,4175.0,4178.10009765625,4175.0,4177.0,87.0,yahoo,GC=F
2026-09-28T09:36:00Z,4177.10009765625,4180.2001953125,4177.0,4180.0,93.0,yahoo,GC=F
2026-09-28T09:37:00Z,4179.7998046875,4180.39990234375,4178.2001953125,4178.2001953125,84.0,yahoo,GC=F
2026-09-28T09:38:00Z,4178.39990234375,4179.2001953125,4177.60009765625,4178.2001953125,49.0,yahoo,GC=F
2026-09-28T09:39:00Z,4178.39990234375,4178.7001953125,4177.0,4177.7998046875,68.0,yahoo,GC=F
2026-09-28T09:40:00Z,4177.7001953125,4182.0,4177.39990234375,4181.39990234375,85.0,yahoo,GC=F
2026-09-28T09:41:00Z,4181.10009765625,4182.39990234375,4180.89990234375,4181.2998046875,196.0,yahoo,GC=F
2026-09-28T09:42:00Z,4181.5,4182.60009765625,4181.2998046875,4182.5,187.0,yahoo,GC=F
2026-09-28T09:43:00Z,4182.39990234375,4183.89990234375,4182.2998046875,4183.2998046875,147.0,yahoo,GC=F
2026-09-28T09:44:00Z,4183.0,4183.5,4181.89990234375,4182.39990234375,153.0,yahoo,GC=F
2026-09-28T09:45:00Z,4182.60009765625,4184.2998046875,4182.39990234375,4183.89990234375,144.0,yahoo,GC=F
2026-09-28T09:46:00Z,4184.0,4184.2001953125,4182.7001953125,4183.2001953125,72.0,yahoo,GC=F
2026-09-28T09:47:00Z,4183.60009765625,4186.2998046875,4183.5,4184.5,233.0,yahoo,GC=F
2026-09-28T09:48:00Z,4184.60009765625,4186.10009765625,4184.60009765625,4186.10009765625,73.0,yahoo,GC=F
2026-09-28T09:49:00Z,4186.10009765625,4187.10009765625,4185.7001953125,4186.60009765625,154.0,yahoo,GC=F
2026-09-28T09:50:00Z,4186.5,4187.5,4186.10009765625,4186.7001953125,191.0,yahoo,GC=F
2026-09-28T09:51:00Z,4186.2998046875,4188.39990234375,4186.0,4188.2998046875,212.0,yahoo,GC=F
2026-09-28T09:52:00Z,4188.5,4188.89990234375,4187.2001953125,4188.2998046875,439.0,yahoo,GC=F
2026-09-28T09:53:00Z,4188.5,4189.10009765625,4188.10009765625,4188.2998046875,162.0,yahoo,GC=F
2026-09-28T09:54:00Z,4188.10009765625,4190.0,4187.89990234375,4189.60009765625,220.0,yahoo,GC=F
2026-09-28T09:55:00Z,4189.5,4189.5,4187.0,4188.10009765625,180.0,yahoo,GC=F
2026-09-28T09:56:00Z,4187.7998046875,4188.60009765625,4187.39990234375,4187.5,72.0,yahoo,GC=F
2026-09-28T09:57:00Z,4187.39990234375,4187.7001953125,4186.2001953125,4187.0,166.0,yahoo,GC=F
2026-09-28T09:58:00Z,4187.0,4187.7998046875,4186.7998046875,4187.60009765625,93.0,yahoo,GC=F
2026-09-28T09:59:00Z,4187.7001953125,4189.60009765625,4187.2998046875,4188.10009765625,198.0,yahoo,GC=F
2026-09-28T10:00:00Z,4188.2001953125,4189.7998046875,4187.89990234375,4188.7998046875,128.0,yahoo,GC=F
2026-09-28T10:01:00Z,4189.10009765625,4189.89990234375,4187.60009765625,4187.7998046875,77.0,yahoo,GC=F
2026-09-28T10:02:00Z,4187.89990234375,4188.2001953125,4185.7998046875,4188.2001953125,196.0,yahoo,GC=F
2026-09-28T10:03:00Z,4187.89990234375,4190.2001953125,4187.89990234375,4190.10009765625,89.0,yahoo,GC=F
2026-09-28T10:04:00Z,4189.89990234375,4191.39990234375,4189.89990234375,4191.0,134.0,yahoo,GC=F
2026-09-28T10:05:00Z,4191.0,4191.10009765625,4190.10009765625,4190.5,100.0,yahoo,GC=F
2026-09-28T10:06:00Z,4190.39990234375,4190.60009765625,4188.7998046875,4190.60009765625,181.0,yahoo,GC=F
2026-09-28T10:07:00Z,4190.39990234375,4190.7001953125,4188.10009765625,4188.2001953125,84.0,yahoo,GC=F
2026-09-28T10:08:00Z,4188.5,4189.10009765625,4186.2998046875,4186.2998046875,139.0,yahoo,GC=F
2026-09-28T10:09:00Z,4186.5,4189.39990234375,4186.5,4189.2001953125,72.0,yahoo,GC=F
2026-09-28T10:10:00Z,4189.39990234375,4189.60009765625,4187.2998046875,4187.7998046875,92.0,yahoo,GC=F
2026-09-28T10:11:00Z,4187.39990234375,4187.39990234375,4186.0,4186.2001953125,105.0,yahoo,GC=F
2026-09-28T10:12:00Z,4186.2998046875,4190.5,4185.89990234375,4187.7998046875,271.0,yahoo,GC=F
2026-09-28T10:13:00Z,4187.5,4187.7998046875,4186.5,4187.7998046875,108.0,yahoo,GC=F
2026-09-28T10:14:00Z,4187.60009765625,4187.7998046875,4186.5,4187.39990234375,63.0,yahoo,GC=F
2026-09-28T10:15:00Z,4187.89990234375,4189.60009765625,4187.89990234375,4188.7998046875,104.0,yahoo,GC=F
2026-09-28T10:16:00Z,4188.5,4188.60009765625,4186.0,4186.5,41.0,yahoo,GC=F
2026-09-28T10:17:00Z,4186.5,4187.2998046875,4186.0,4186.0,50.0,yahoo,GC=F
2026-09-28T10:18:00Z,4185.89990234375,4187.39990234375,4185.2001953125,4186.39990234375,36.0,yahoo,GC=F
2026-09-28T10:19:00Z,4186.10009765625,4186.2001953125,4184.2001953125,4184.89990234375,88.0,yahoo,GC=F
2026-09-28T10:20:00Z,4184.89990234375,4185.89990234375,4184.0,4185.2001953125,103.0,yahoo,GC=F
2026-09-28T10:21:00Z,4185.2998046875,4185.89990234375,4184.60009765625,4185.89990234375,95.0,yahoo,GC=F
2026-09-28T10:22:00Z,4185.7998046875,4185.89990234375,4185.2001953125,4185.7998046875,27.0,yahoo,GC=F
2026-09-28T10:23:00Z,4185.7998046875,4187.7001953125,4185.7001953125,4187.5,83.0,yahoo,GC=F
2026-09-28T10:24:00Z,4187.5,4187.5,4186.0,4186.60009765625,80.0,yahoo,GC=F
2026-09-28T10:25:00Z,4186.60009765625,4188.7001953125,4186.5,4188.60009765625,82.0,yahoo,GC=F
2026-09-28T10:26:00Z,4188.7001953125,4190.39990234375,4188.60009765625,4190.10009765625,145.0,yahoo,GC=F
2026-09-28T10:27:00Z,4190.10009765625,4190.10009765625,4188.39990234375,4188.89990234375,88.0,yahoo,GC=F
2026-09-28T10:28:00Z,4188.89990234375,4189.7998046875,4188.7998046875,4189.2998046875,67.0,yahoo,GC=F
2026-09-28T10:29:00Z,4189.39990234375,4191.10009765625,4189.39990234375,4190.60009765625,79.0,yahoo,GC=F
2026-09-28T10:30:00Z,4191.10009765625,4191.10009765625,4187.60009765625,4187.7998046875,61.0,yahoo,GC=F
2026-09-28T10:31:00Z,4187.7001953125,4188.2998046875,4186.7998046875,4188.2001953125,37.0,yahoo,GC=F
2026-09-28T10:32:00Z,4187.89990234375,4189.2998046875,4187.10009765625,4188.7001953125,45.0,yahoo,GC=F
2026-09-28T10:33:00Z,4188.5,4189.2998046875,4188.39990234375,4188.39990234375,16.0,yahoo,GC=F
2026-09-28T10:34:00Z,4188.7998046875,4189.0,4188.60009765625,4189.0,13.0,yahoo,GC=F
2026-09-28T10:35:00Z,4189.0,4190.7001953125,4189.0,4190.2998046875,34.0,yahoo,GC=F
2026-09-28T10:36:00Z,4190.39990234375,4190.39990234375,4188.60009765625,4188.89990234375,53.0,yahoo,GC=F
2026-09-28T10:37:00Z,4189.60009765625,4190.60009765625,4189.39990234375,4189.5,24.0,yahoo,GC=F
2026-09-28T10:38:00Z,4189.5,4189.7998046875,4188.5,4189.10009765625,25.0,yahoo,GC=F
2026-09-28T10:39:00Z,4189.2001953125,4190.7001953125,4189.2001953125,4190.39990234375,90.0,yahoo,GC=F
2026-09-28T10:40:00Z,4190.2998046875,4190.5,4189.60009765625,4190.0,91.0,yahoo,GC=F
2026-09-28T10:41:00Z,4190.2001953125,4191.7998046875,4190.2001953125,4191.5,137.0,yahoo,GC=F
2026-09-28T10:42:00Z,4191.5,4191.5,4189.7998046875,4190.7001953125,40.0,yahoo,GC=F
2026-09-28T10:43:00Z,4190.60009765625,4190.89990234375,4188.2001953125,4188.5,97.0,yahoo,GC=F
2026-09-28T10:44:00Z,4187.89990234375,4189.0,4187.7998046875,4188.2998046875,99.0,yahoo,GC=F
2026-09-28T10:45:00Z,4188.5,4189.10009765625,4188.0,4188.7998046875,83.0,yahoo,GC=F
2026-09-28T10:46:00Z,4188.7001953125,4189.2001953125,4188.10009765625,4188.7001953125,74.0,yahoo,GC=F
2026-09-28T10:47:00Z,4188.60009765625,4188.7001953125,4186.89990234375,4187.39990234375,47.0,yahoo,GC=F
2026-09-28T10:48:00Z,4187.39990234375,4188.7001953125,4186.7001953125,4188.2998046875,63.0,yahoo,GC=F
2026-09-28T10:49:00Z,4188.10009765625,4188.89990234375,4188.0,4188.7001953125,22.0,yahoo,GC=F
2026-09-28T10:50:00Z,4188.60009765625,4189.2001953125,4188.5,4188.60009765625,29.0,yahoo,GC=F
2026-09-28T10:51:00Z,4188.39990234375,4190.5,4188.39990234375,4188.7001953125,69.0,yahoo,GC=F
2026-09-28T10:52:00Z,4189.10009765625,4191.7998046875,4188.89990234375,4190.10009765625,280.0,yahoo,GC=F
2026-09-28T10:53:00Z,4190.0,4190.89990234375,4188.89990234375,4189.60009765625,77.0,yahoo,GC=F
2026-09-28T10:54:00Z,4189.7001953125,4190.10009765625,4189.60009765625,4189.7998046875,27.0,yahoo,GC=F
2026-09-28T10:55:00Z,4189.7001953125,4189.7998046875,4189.10009765625,4189.60009765625,19.0,yahoo,GC=F
2026-09-28T10:56:00Z,4189.60009765625,4189.60009765625,4188.39990234375,4189.5,92.0,yahoo,GC=F
2026-09-28T10:57:00Z,4189.5,4190.10009765625,4188.2001953125,4188.2998046875,46.0,yahoo,GC=F
2026-09-28T10:58:00Z,4188.2998046875,4189.2998046875,4188.10009765625,4189.2998046875,46.0,yahoo,GC=F
2026-09-28T10:59:00Z,4189.2998046875,4189.5,4187.5,4187.5,41.0,yahoo,GC=F
2026-09-28T11:00:00Z,4187.7998046875,4193.0,4187.39990234375,4187.7998046875,437.0,yahoo,GC=F
2026-09-28T11:01:00Z,4187.89990234375,4188.2001953125,4184.2998046875,4184.60009765625,155.0,yahoo,GC=F
2026-09-28T11:02:00Z,4184.5,4184.7998046875,4183.10009765625,4183.2998046875,110.0,yahoo,GC=F
2026-09-28T11:03:00Z,4183.60009765625,4184.2998046875,4182.2998046875,4182.2998046875,181.0,yahoo,GC=F
2026-09-28T11:04:00Z,4182.0,4182.7001953125,4181.5,4182.5,91.0,yahoo,GC=F
2026-09-28T11:05:00Z,4182.60009765625,4183.2998046875,4181.89990234375,4182.89990234375,91.0,yahoo,GC=F
2026-09-28T11:06:00Z,4182.7998046875,4184.7001953125,4182.5,4183.5,147.0,yahoo,GC=F
2026-09-28T11:07:00Z,4183.39990234375,4184.60009765625,4183.0,4184.0,66.0,yahoo,GC=F
2026-09-28T11:08:00Z,4183.89990234375,4184.5,4183.7001953125,4183.7998046875,31.0,yahoo,GC=F
2026-09-28T11:09:00Z,4184.2001953125,4185.7998046875,4184.2001953125,4185.7998046875,76.0,yahoo,GC=F
2026-09-28T11:10:00Z,4186.0,4186.10009765625,4183.2998046875,4183.89990234375,168.0,yahoo,GC=F
2026-09-28T11:11:00Z,4183.7001953125,4184.60009765625,4182.7001953125,4182.7001953125,61.0,yahoo,GC=F
2026-09-28T11:12:00Z,4182.60009765625,4182.60009765625,4181.10009765625,4181.2001953125,108.0,yahoo,GC=F
2026-09-28T11:13:00Z,4181.2998046875,4183.10009765625,4180.7998046875,4182.2001953125,144.0,yahoo,GC=F
2026-09-28T11:14:00Z,4182.2998046875,4183.0,4181.7998046875,4182.2998046875,38.0,yahoo,GC=F
2026-09-28T11:15:00Z,4182.0,4183.60009765625,4181.7001953125,4183.5,76.0,yahoo,GC=F
2026-09-28T11:16:00Z,4183.5,4187.2001953125,4182.2998046875,4185.10009765625,552.0,yahoo,GC=F
2026-09-28T11:17:00Z,4185.60009765625,4187.39990234375,4184.39990234375,4185.5,244.0,yahoo,GC=F
2026-09-28T11:18:00Z,4185.5,4185.5,4182.39990234375,4183.2001953125,88.0,yahoo,GC=F
2026-09-28T11:19:00Z,4183.2001953125,4183.39990234375,4180.7001953125,4181.7998046875,73.0,yahoo,GC=F
2026-09-28T11:20:00Z,4182.2001953125,4182.7998046875,4181.5,4181.5,77.0,yahoo,GC=F
2026-09-28T11:21:00Z,4181.7998046875,4182.60009765625,4180.39990234375,4182.0,236.0,yahoo,GC=F
2026-09-28T11:22:00Z,4182.2001953125,4185.7001953125,4182.2001953125,4185.7001953125,174.0,yahoo,GC=F
2026-09-28T11:23:00Z,4185.39990234375,4186.60009765625,4184.89990234375,4186.0,47.0,yahoo,GC=F
2026-09-28T11:24:00Z,4186.2998046875,4186.2998046875,4182.7001953125,4185.2998046875,173.0,yahoo,GC=F
2026-09-28T11:25:00Z,4185.2001953125,4187.5,4185.10009765625,4187.2998046875,101.0,yahoo,GC=F
2026-09-28T11:26:00Z,4187.60009765625,4188.0,4186.60009765625,4187.0,89.0,yahoo,GC=F
2026-09-28T11:27:00Z,4187.10009765625,4187.2001953125,4186.2998046875,4186.7001953125,48.0,yahoo,GC=F
2026-09-28T11:28:00Z,4186.7001953125,4187.39990234375,4186.5,4187.2998046875,24.0,yahoo,GC=F
2026-09-28T11:29:00Z,4187.2998046875,4188.2001953125,4187.2001953125,4187.5,74.0,yahoo,GC=F
2026-09-28T11:30:00Z,4187.7001953125,4187.89990234375,4184.2001953125,4184.39990234375,130.0,yahoo,GC=F
2026-09-28T11:31:00Z,4184.2001953125,4185.39990234375,4183.89990234375,4185.0,73.0,yahoo,GC=F
2026-09-28T11:32:00Z,4184.7001953125,4186.2998046875,4184.7001953125,4184.7998046875,91.0,yahoo,GC=F
2026-09-28T11:33:00Z,4184.7001953125,4185.2998046875,4184.2998046875,4185.10009765625,74.0,yahoo,GC=F
2026-09-28T11:34:00Z,4184.60009765625,4185.2001953125,4183.60009765625,4185.2001953125,80.0,yahoo,GC=F
2026-09-28T11:35:00Z,4185.10009765625,4185.10009765625,4182.60009765625,4183.7001953125,59.0,yahoo,GC=F
2026-09-28T11:36:00Z,4183.5,4183.5,4180.7001953125,4181.2998046875,165.0,yahoo,GC=F
2026-09-28T11:37:00Z,4181.2001953125,4181.89990234375,4180.7001953125,4181.2998046875,521.0,yahoo,GC=F
2026-09-28T11:38:00Z,4181.2998046875,4181.7001953125,4180.7001953125,4181.0,66.0,yahoo,GC=F
2026-09-28T11:39:00Z,4181.0,4182.2001953125,4180.89990234375,4181.2001953125,168.0,yahoo,GC=F
2026-09-28T11:40:00Z,4180.89990234375,4182.60009765625,4180.89990234375,4182.2998046875,68.0,yahoo,GC=F
2026-09-28T11:41:00Z,4182.60009765625,4184.60009765625,4182.39990234375,4183.10009765625,168.0,yahoo,GC=F
2026-09-28T11:42:00Z,4183.10009765625,4183.5,4182.2998046875,4182.60009765625,201.0,yahoo,GC=F
2026-09-28T11:43:00Z,4182.2998046875,4184.2001953125,4182.2998046875,4184.0,69.0,yahoo,GC=F
2026-09-28T11:44:00Z,4184.10009765625,4184.10009765625,4182.5,4184.10009765625,82.0,yahoo,GC=F
2026-09-28T11:45:00Z,4183.7001953125,4184.2998046875,4183.10009765625,4184.2001953125,125.0,yahoo,GC=F
2026-09-28T11:46:00Z,4183.89990234375,4186.7001953125,4183.7001953125,4185.5,214.0,yahoo,GC=F
2026-09-28T11:47:00Z,4185.7001953125,4186.0,4184.60009765625,4184.89990234375,149.0,yahoo,GC=F
2026-09-28T11:48:00Z,4184.60009765625,4184.7998046875,4183.10009765625,4183.7001953125,61.0,yahoo,GC=F
2026-09-28T11:49:00Z,4183.2998046875,4183.7998046875,4181.5,4182.0,142.0,yahoo,GC=F
2026-09-28T11:50:00Z,4181.7998046875,4182.7998046875,4180.2001953125,4182.5,170.0,yahoo,GC=F
2026-09-28T11:51:00Z,4182.60009765625,4183.2998046875,4181.7001953125,4181.7998046875,94.0,yahoo,GC=F
2026-09-28T11:52:00Z,4181.60009765625,4182.7001953125,4181.10009765625,4182.5,104.0,yahoo,GC=F
2026-09-28T11:53:00Z,4182.0,4183.2998046875,4182.0,4182.2998046875,95.0,yahoo,GC=F
2026-09-28T11:54:00Z,4182.5,4182.7998046875,4179.60009765625,4180.7998046875,126.0,yahoo,GC=F
2026-09-28T11:55:00Z,4180.7001953125,4183.39990234375,4180.7001953125,4183.39990234375,50.0,yahoo,GC=F
2026-09-28T11:56:00Z,4183.2001953125,4184.7001953125,4183.10009765625,4183.39990234375,230.0,yahoo,GC=F
2026-09-28T11:57:00Z,4183.89990234375,4184.60009765625,4182.7001953125,4183.2001953125,114.0,yahoo,GC=F
2026-09-28T11:58:00Z,4183.2001953125,4183.2998046875,4181.2998046875,4181.2998046875,66.0,yahoo,GC=F
2026-09-28T11:59:00Z,4181.2001953125,4181.39990234375,4180.0,4181.0,192.0,yahoo,GC=F
2026-09-28T12:00:00Z,4180.89990234375,4181.7001953125,4179.39990234375,4180.2998046875,155.0,yahoo,GC=F
2026-09-28T12:01:00Z,4180.2001953125,4180.2998046875,4178.7998046875,4180.2998046875,138.0,yahoo,GC=F
2026-09-28T12:02:00Z,4180.39990234375,4180.39990234375,4179.10009765625,4180.2001953125,79.0,yahoo,GC=F
2026-09-28T12:03:00Z,4179.7998046875,4181.10009765625,4179.7998046875,4180.89990234375,149.0,yahoo,GC=F
2026-09-28T12:04:00Z,4180.89990234375,4190.60009765625,4180.89990234375,4189.39990234375,1349.0,yahoo,GC=F
2026-09-28T12:05:00Z,4189.39990234375,4196.2998046875,4188.89990234375,4195.89990234375,704.0,yahoo,GC=F
2026-09-28T12:06:00Z,4195.7998046875,4198.7998046875,4195.2001953125,4198.39990234375,517.0,yahoo,GC=F
2026-09-28T12:07:00Z,4198.39990234375,4199.7001953125,4197.39990234375,4198.10009765625,182.0,yahoo,GC=F
2026-09-28T12:08:00Z,4197.7998046875,4197.7998046875,4193.39990234375,4196.89990234375,403.0,yahoo,GC=F
2026-09-28T12:09:00Z,4196.60009765625,4197.89990234375,4195.89990234375,4197.0,137.0,yahoo,GC=F
2026-09-28T12:10:00Z,4196.7998046875,4198.39990234375,4194.39990234375,4194.39990234375,259.0,yahoo,GC=F
2026-09-28T12:11:00Z,4194.2001953125,4197.7998046875,4193.39990234375,4196.0,337.0,yahoo,GC=F
2026-09-28T12:12:00Z,4196.10009765625,4198.10009765625,4194.89990234375,4195.7998046875,258.0,yahoo,GC=F
2026-09-28T12:13:00Z,4195.89990234375,4198.10009765625,4194.89990234375,4196.2998046875,134.0,yahoo,GC=F
2026-09-28T12:14:00Z,4196.5,4198.5,4196.5,4197.89990234375,148.0,yahoo,GC=F
2026-09-28T12:15:00Z,4198.10009765625,4198.2001953125,4196.2998046875,4198.2001953125,159.0,yahoo,GC=F
2026-09-28T12:16:00Z,4198.0,4199.7001953125,4197.5,4199.5,114.0,yahoo,GC=F
2026-09-28T12:17:00Z,4199.2998046875,4200.10009765625,4196.7001953125,4197.7998046875,160.0,yahoo,GC=F
2026-09-28T12:18:00Z,4197.7998046875,4198.0,4196.89990234375,4197.0,69.0,yahoo,GC=F
2026-09-28T12:19:00Z,4197.10009765625,4200.39990234375,4196.7998046875,4199.7998046875,231.0,yahoo,GC=F
2026-09-28T12:20:00Z,4199.7001953125,4203.5,4199.5,4203.5,464.0,yahoo,GC=F
2026-09-28T12:21:00Z,4203.7001953125,4203.7998046875,4200.60009765625,4200.89990234375,405.0,yahoo,GC=F
2026-09-28T12:22:00Z,4200.7001953125,4200.7001953125,4195.7001953125,4196.10009765625,564.0,yahoo,GC=F
2026-09-28T12:23:00Z,4196.10009765625,4196.7001953125,4194.7998046875,4196.0,404.0,yahoo,GC=F
2026-09-28T12:24:00Z,4196.10009765625,4196.10009765625,4193.0,4193.10009765625,247.0,yahoo,GC=F
2026-09-28T12:25:00Z,4193.0,4193.5,4189.7001953125,4190.5,304.0,yahoo,GC=F
2026-09-28T12:26:00Z,4190.60009765625,4196.60009765625,4189.89990234375,4192.89990234375,505.0,yahoo,GC=F
2026-09-28T12:27:00Z,4193.2001953125,4193.39990234375,4189.60009765625,4189.7001953125,303.0,yahoo,GC=F
2026-09-28T12:28:00Z,4189.5,4189.7998046875,4186.10009765625,4186.7998046875,410.0,yahoo,GC=F
2026-09-28T12:29:00Z,4186.7001953125,4187.2998046875,4186.2001953125,4186.2998046875,175.0,yahoo,GC=F
2026-09-28T12:30:00Z,4186.5,4186.7998046875,4182.0,4183.2001953125,526.0,yahoo,GC=F
2026-09-28T12:31:00Z,4183.10009765625,4183.89990234375,4181.89990234375,4182.39990234375,208.0,yahoo,GC=F
2026-09-28T12:32:00Z,4182.39990234375,4183.2998046875,4181.60009765625,4182.7998046875,219.0,yahoo,GC=F
2026-09-28T12:33:00Z,4182.89990234375,4183.7998046875,4181.7001953125,4183.2998046875,180.0,yahoo,GC=F
2026-09-28T12:34:00Z,4183.0,4185.7998046875,4182.5,4185.39990234375,254.0,yahoo,GC=F
2026-09-28T12:35:00Z,4185.5,4185.5,4183.5,4184.5,257.0,yahoo,GC=F
2026-09-28T12:36:00Z,4184.0,4184.0,4181.0,4183.0,313.0,yahoo,GC=F
2026-09-28T12:37:00Z,4183.2001953125,4183.2998046875,4181.60009765625,4182.2998046875,83.0,yahoo,GC=F
2026-09-28T12:38:00Z,4182.60009765625,4182.60009765625,4180.0,4180.39990234375,187.0,yahoo,GC=F
2026-09-28T12:39:00Z,4180.2998046875,4180.5,4179.2001953125,4179.7998046875,230.0,yahoo,GC=F
2026-09-28T12:40:00Z,4179.7001953125,4179.7001953125,4176.0,4177.0,454.0,yahoo,GC=F
2026-09-28T12:41:00Z,4176.89990234375,4178.89990234375,4176.89990234375,4177.60009765625,150.0,yahoo,GC=F
2026-09-28T12:42:00Z,4178.0,4178.2001953125,4176.60009765625,4177.2001953125,120.0,yahoo,GC=F
2026-09-28T12:43:00Z,4176.89990234375,4177.0,4175.7001953125,4175.7001953125,127.0,yahoo,GC=F
2026-09-28T12:44:00Z,4175.89990234375,4177.5,4175.0,4177.2001953125,305.0,yahoo,GC=F
2026-09-28T12:45:00Z,4177.0,4180.2001953125,4177.0,4180.10009765625,271.0,yahoo,GC=F
2026-09-28T12:46:00Z,4180.10009765625,4180.7998046875,4178.39990234375,4178.7001953125,207.0,yahoo,GC=F
2026-09-28T12:47:00Z,4178.7001953125,4178.7001953125,4176.10009765625,4176.7001953125,140.0,yahoo,GC=F
2026-09-28T12:48:00Z,4176.7001953125,4181.89990234375,4175.5,4181.89990234375,364.0,yahoo,GC=F
2026-09-28T12:49:00Z,4181.7001953125,4181.7998046875,4178.39990234375,4178.5,192.0,yahoo,GC=F
2026-09-28T12:50:00Z,4178.5,4180.39990234375,4178.2998046875,4179.39990234375,173.0,yahoo,GC=F
2026-09-28T12:51:00Z,4179.5,4180.7998046875,4178.7001953125,4179.2998046875,155.0,yahoo,GC=F
2026-09-28T12:52:00Z,4179.5,4182.89990234375,4179.39990234375,4181.60009765625,271.0,yahoo,GC=F
2026-09-28T12:53:00Z,4181.7998046875,4183.5,4181.10009765625,4183.5,188.0,yahoo,GC=F
2026-09-28T12:54:00Z,4183.60009765625,4183.7998046875,4182.60009765625,4183.60009765625,126.0,yahoo,GC=F
2026-09-28T12:55:00Z,4183.5,4184.2998046875,4180.60009765625,4182.10009765625,163.0,yahoo,GC=F
2026-09-28T12:56:00Z,4182.2001953125,4185.89990234375,4181.89990234375,4185.0,135.0,yahoo,GC=F
2026-09-28T12:57:00Z,4185.10009765625,4187.89990234375,4184.2001953125,4186.5,258.0,yahoo,GC=F
2026-09-28T12:58:00Z,4186.7001953125,4187.0,4183.2998046875,4183.7001953125,194.0,yahoo,GC=F
2026-09-28T12:59:00Z,4184.10009765625,4187.39990234375,4184.0,4186.39990234375,240.0,yahoo,GC=F
2026-09-28T13:00:00Z,4186.10009765625,4186.7001953125,4179.2998046875,4182.39990234375,417.0,yahoo,GC=F
2026-09-28T13:01:00Z,4182.2001953125,4183.39990234375,4179.10009765625,4179.2998046875,132.0,yahoo,GC=F
2026-09-28T13:02:00Z,4179.7001953125,4180.10009765625,4177.39990234375,4178.60009765625,162.0,yahoo,GC=F
2026-09-28T13:03:00Z,4178.7998046875,4181.0,4178.7998046875,4180.10009765625,167.0,yahoo,GC=F
2026-09-28T13:04:00Z,4180.2998046875,4183.2001953125,4180.0,4181.7998046875,198.0,yahoo,GC=F
2026-09-28T13:05:00Z,4181.7998046875,4182.10009765625,4180.60009765625,4181.60009765625,77.0,yahoo,GC=F
2026-09-28T13:06:00Z,4181.2998046875,4182.60009765625,4180.7998046875,4180.89990234375,130.0,yahoo,GC=F
2026-09-28T13:07:00Z,4180.89990234375,4182.39990234375,4180.7001953125,4181.5,136.0,yahoo,GC=F
2026-09-28T13:08:00Z,4181.39990234375,4182.2001953125,4179.0,4180.2001953125,197.0,yahoo,GC=F
2026-09-28T13:09:00Z,4180.10009765625,4181.2998046875,4179.60009765625,4180.7998046875,65.0,yahoo,GC=F
2026-09-28T13:10:00Z,4181.0,4181.39990234375,4180.0,4181.0,118.0,yahoo,GC=F
2026-09-28T13:11:00Z,4180.7998046875,4182.0,4179.89990234375,4180.2998046875,118.0,yahoo,GC=F
2026-09-28T13:12:00Z,4180.60009765625,4181.0,4178.60009765625,4179.39990234375,159.0,yahoo,GC=F
2026-09-28T13:13:00Z,4179.5,4181.7001953125,4179.2001953125,4181.60009765625,170.0,yahoo,GC=F
2026-09-28T13:14:00Z,4181.5,4182.10009765625,4179.60009765625,4179.60009765625,74.0,yahoo,GC=F
2026-09-28T13:15:00Z,4179.5,4180.7001953125,4178.60009765625,4180.2001953125,132.0,yahoo,GC=F
2026-09-28T13:16:00Z,4180.39990234375,4182.10009765625,4180.2998046875,4181.2001953125,97.0,yahoo,GC=F
2026-09-28T13:17:00Z,4181.10009765625,4182.10009765625,4179.60009765625,4180.5,123.0,yahoo,GC=F
2026-09-28T13:18:00Z,4180.5,4180.7998046875,4176.5,4177.39990234375,356.0,yahoo,GC=F
2026-09-28T13:19:00Z,4177.60009765625,4179.2998046875,4176.89990234375,4179.2998046875,125.0,yahoo,GC=F
2026-09-28T13:20:00Z,4179.39990234375,4180.0,4177.39990234375,4177.5,119.0,yahoo,GC=F
2026-09-28T13:21:00Z,4177.39990234375,4180.60009765625,4176.39990234375,4179.60009765625,111.0,yahoo,GC=F
2026-09-28T13:22:00Z,4179.39990234375,4180.39990234375,4177.7998046875,4178.39990234375,109.0,yahoo,GC=F
2026-09-28T13:23:00Z,4178.7001953125,4179.2001953125,4177.60009765625,4178.7998046875,104.0,yahoo,GC=F
2026-09-28T13:24:00Z,4178.7001953125,4180.10009765625,4178.2998046875,4178.60009765625,98.0,yahoo,GC=F
2026-09-28T13:25:00Z,4178.89990234375,4180.2001953125,4177.10009765625,4180.10009765625,332.0,yahoo,GC=F
2026-09-28T13:26:00Z,4180.10009765625,4181.60009765625,4178.0,4178.0,297.0,yahoo,GC=F
2026-09-28T13:27:00Z,4178.0,4178.7998046875,4176.10009765625,4176.2001953125,183.0,yahoo,GC=F
2026-09-28T13:28:00Z,4176.2001953125,4177.5,4174.7998046875,4177.0,221.0,yahoo,GC=F
2026-09-28T13:29:00Z,4176.7001953125,4177.0,4173.5,4174.2998046875,209.0,yahoo,GC=F
2026-09-28T13:30:00Z,4174.2001953125,4177.0,4170.7998046875,4171.0,900.0,yahoo,GC=F
2026-09-28T13:31:00Z,4171.0,4176.10009765625,4170.10009765625,4174.60009765625,526.0,yahoo,GC=F
2026-09-28T13:32:00Z,4174.7998046875,4178.2001953125,4173.7998046875,4177.7001953125,501.0,yahoo,GC=F
2026-09-28T13:33:00Z,4177.39990234375,4177.39990234375,4170.89990234375,4171.7998046875,560.0,yahoo,GC=F
2026-09-28T13:34:00Z,4171.7001953125,4173.89990234375,4169.7001953125,4169.7998046875,513.0,yahoo,GC=F
2026-09-28T13:35:00Z,4169.60009765625,4172.7001953125,4168.0,4171.39990234375,570.0,yahoo,GC=F
2026-09-28T13:36:00Z,4171.7001953125,4174.0,4169.89990234375,4173.7998046875,322.0,yahoo,GC=F
2026-09-28T13:37:00Z,4174.0,4181.10009765625,4173.60009765625,4179.2998046875,474.0,yahoo,GC=F
2026-09-28T13:38:00Z,4179.39990234375,4182.2001953125,4178.89990234375,4180.60009765625,255.0,yahoo,GC=F
2026-09-28T13:39:00Z,4180.7998046875,4182.39990234375,4178.7001953125,4178.89990234375,197.0,yahoo,GC=F
2026-09-28T13:40:00Z,4178.39990234375,4179.60009765625,4176.7998046875,4179.60009765625,180.0,yahoo,GC=F
2026-09-28T13:41:00Z,4179.5,4179.60009765625,4177.2998046875,4178.10009765625,452.0,yahoo,GC=F
2026-09-28T13:42:00Z,4177.89990234375,4183.60009765625,4177.5,4181.7998046875,367.0,yahoo,GC=F
2026-09-28T13:43:00Z,4181.89990234375,4182.2998046875,4178.10009765625,4178.2998046875,286.0,yahoo,GC=F
2026-09-28T13:44:00Z,4178.5,4183.10009765625,4178.5,4183.10009765625,174.0,yahoo,GC=F
2026-09-28T13:45:00Z,4183.2998046875,4184.60009765625,4182.0,4184.2998046875,339.0,yahoo,GC=F
2026-09-28T13:46:00Z,4184.2998046875,4184.7001953125,4181.2001953125,4184.2998046875,209.0,yahoo,GC=F
2026-09-28T13:47:00Z,4184.2001953125,4189.7001953125,4182.5,4188.5,813.0,yahoo,GC=F
2026-09-28T13:48:00Z,4188.5,4190.2998046875,4186.39990234375,4189.89990234375,674.0,yahoo,GC=F
2026-09-28T13:49:00Z,4189.89990234375,4192.2001953125,4189.2001953125,4190.5,707.0,yahoo,GC=F
2026-09-28T13:50:00Z,4190.10009765625,4192.7998046875,4189.7998046875,4190.0,329.0,yahoo,GC=F
2026-09-28T13:51:00Z,4189.7001953125,4189.7998046875,4184.2998046875,4185.7998046875,425.0,yahoo,GC=F
2026-09-28T13:52:00Z,4186.2998046875,4189.39990234375,4185.60009765625,4187.7001953125,151.0,yahoo,GC=F
2026-09-28T13:53:00Z,4187.5,4190.2001953125,4186.89990234375,4188.7001953125,233.0,yahoo,GC=F
2026-09-28T13:54:00Z,4188.7998046875,4191.10009765625,4186.2001953125,4189.2998046875,369.0,yahoo,GC=F
2026-09-28T13:55:00Z,4189.2998046875,4193.2001953125,4187.2998046875,4189.2998046875,714.0,yahoo,GC=F
2026-09-28T13:56:00Z,4189.5,4190.0,4187.7001953125,4188.10009765625,214.0,yahoo,GC=F
2026-09-28T13:57:00Z,4188.2001953125,4190.5,4188.2001953125,4189.7998046875,198.0,yahoo,GC=F
2026-09-28T13:58:00Z,4189.7001953125,4191.7001953125,4188.7998046875,4190.10009765625,147.0,yahoo,GC=F
2026-09-28T13:59:00Z,4190.2998046875,4190.7998046875,4189.10009765625,4189.10009765625,133.0,yahoo,GC=F
2026-09-28T14:00:00Z,4189.10009765625,4189.2998046875,4185.89990234375,4187.7001953125,421.0,yahoo,GC=F
2026-09-28T14:01:00Z,4187.7998046875,4187.7998046875,4185.5,4185.5,268.0,yahoo,GC=F
2026-09-28T14:02:00Z,4185.5,4186.5,4182.60009765625,4183.39990234375,390.0,yahoo,GC=F
2026-09-28T14:03:00Z,4183.5,4184.39990234375,4180.39990234375,4180.5,559.0,yahoo,GC=F
2026-09-28T14:04:00Z,4180.2998046875,4180.2998046875,4176.5,4177.0,789.0,yahoo,GC=F
2026-09-28T14:05:00Z,4177.2001953125,4177.7998046875,4175.7998046875,4176.7998046875,305.0,yahoo,GC=F
2026-09-28T14:06:00Z,4177.0,4178.0,4176.10009765625,4177.89990234375,169.0,yahoo,GC=F
2026-09-28T14:07:00Z,4177.7998046875,4178.5,4174.7001953125,4176.0,351.0,yahoo,GC=F
2026-09-28T14:08:00Z,4175.89990234375,4176.10009765625,4174.5,4174.60009765625,146.0,yahoo,GC=F
2026-09-28T14:09:00Z,4174.7001953125,4175.7001953125,4171.7001953125,4172.7998046875,247.0,yahoo,GC=F
2026-09-28T14:10:00Z,4172.89990234375,4174.7998046875,4172.60009765625,4173.7998046875,148.0,yahoo,GC=F
2026-09-28T14:11:00Z,4173.39990234375,4174.2998046875,4172.2001953125,4173.7998046875,193.0,yahoo,GC=F
2026-09-28T14:12:00Z,4173.7998046875,4175.10009765625,4172.7998046875,4174.2998046875,303.0,yahoo,GC=F
2026-09-28T14:13:00Z,4174.2001953125,4175.0,4173.2998046875,4174.39990234375,154.0,yahoo,GC=F
2026-09-28T14:14:00Z,4174.2001953125,4174.2998046875,4170.39990234375,4171.5,201.0,yahoo,GC=F
2026-09-28T14:15:00Z,4171.39990234375,4171.89990234375,4170.7001953125,4171.89990234375,343.0,yahoo,GC=F
2026-09-28T14:16:00Z,4172.0,4173.60009765625,4170.7001953125,4172.89990234375,223.0,yahoo,GC=F
2026-09-28T14:17:00Z,4173.0,4173.89990234375,4171.2001953125,4172.5,169.0,yahoo,GC=F
2026-09-28T14:18:00Z,4172.60009765625,4173.5,4170.5,4170.89990234375,155.0,yahoo,GC=F
2026-09-28T14:19:00Z,4170.2998046875,4172.10009765625,4169.2001953125,4171.5,237.0,yahoo,GC=F
2026-09-28T14:20:00Z,4171.2001953125,4172.7998046875,4169.60009765625,4171.89990234375,166.0,yahoo,GC=F
2026-09-28T14:21:00Z,4172.0,4173.2998046875,4170.2001953125,4172.2998046875,209.0,yahoo,GC=F
2026-09-28T14:22:00Z,4172.2001953125,4176.0,4172.2001953125,4175.7001953125,227.0,yahoo,GC=F
2026-09-28T14:23:00Z,4175.89990234375,4176.2001953125,4174.10009765625,4174.60009765625,136.0,yahoo,GC=F
2026-09-28T14:24:00Z,4174.5,4176.7998046875,4174.0,4176.10009765625,107.0,yahoo,GC=F
2026-09-28T14:25:00Z,4176.39990234375,4177.0,4174.5,4175.60009765625,142.0,yahoo,GC=F
2026-09-28T14:26:00Z,4175.7001953125,4175.7998046875,4173.60009765625,4174.89990234375,125.0,yahoo,GC=F
2026-09-28T14:27:00Z,4175.2001953125,4175.89990234375,4173.2001953125,4173.7998046875,71.0,yahoo,GC=F
2026-09-28T14:28:00Z,4173.7998046875,4174.60009765625,4172.89990234375,4174.10009765625,80.0,yahoo,GC=F
2026-09-28T14:29:00Z,4174.0,4176.0,4173.5,4175.5,122.0,yahoo,GC=F
2026-09-28T14:30:00Z,4175.39990234375,4175.39990234375,4170.89990234375,4171.2001953125,339.0,yahoo,GC=F
2026-09-28T14:31:00Z,4170.89990234375,4171.10009765625,4168.89990234375,4169.2001953125,370.0,yahoo,GC=F
2026-09-28T14:32:00Z,4168.89990234375,4169.7001953125,4167.2001953125,4168.10009765625,799.0,yahoo,GC=F
2026-09-28T14:33:00Z,4168.0,4170.60009765625,4167.89990234375,4169.5,287.0,yahoo,GC=F
2026-09-28T14:34:00Z,4169.10009765625,4170.5,4167.7998046875,4169.39990234375,205.0,yahoo,GC=F
2026-09-28T14:35:00Z,4169.5,4170.2001953125,4168.0,4168.2998046875,170.0,yahoo,GC=F
2026-09-28T14:36:00Z,4168.0,4169.60009765625,4166.10009765625,4166.7001953125,568.0,yahoo,GC=F
2026-09-28T14:37:00Z,4166.7001953125,4167.89990234375,4165.89990234375,4166.7001953125,221.0,yahoo,GC=F
2026-09-28T14:38:00Z,4166.60009765625,4166.7001953125,4163.7998046875,4164.2001953125,532.0,yahoo,GC=F
2026-09-28T14:39:00Z,4164.0,4166.10009765625,4164.0,4164.39990234375,246.0,yahoo,GC=F
2026-09-28T14:40:00Z,4164.2001953125,4164.2001953125,4158.7001953125,4159.2998046875,822.0,yahoo,GC=F
2026-09-28T14:41:00Z,4159.39990234375,4159.7001953125,4156.10009765625,4158.2998046875,578.0,yahoo,GC=F
2026-09-28T14:42:00Z,4158.2998046875,4158.7001953125,4155.39990234375,4156.2001953125,368.0,yahoo,GC=F
2026-09-28T14:43:00Z,4156.2998046875,4157.7001953125,4155.10009765625,4155.7998046875,416.0,yahoo,GC=F
2026-09-28T14:44:00Z,4155.60009765625,4157.0,4155.2998046875,4155.7001953125,234.0,yahoo,GC=F
2026-09-28T14:45:00Z,4155.7001953125,4156.2998046875,4152.7001953125,4153.0,513.0,yahoo,GC=F
2026-09-28T14:46:00Z,4152.7998046875,4153.7998046875,4150.5,4151.60009765625,672.0,yahoo,GC=F
2026-09-28T14:47:00Z,4151.7998046875,4152.89990234375,4149.2998046875,4149.2998046875,613.0,yahoo,GC=F
2026-09-28T14:48:00Z,4149.2998046875,4149.89990234375,4146.7001953125,4148.39990234375,797.0,yahoo,GC=F
2026-09-28T14:49:00Z,4148.10009765625,4149.5,4146.7001953125,4147.89990234375,321.0,yahoo,GC=F
2026-09-28T14:50:00Z,4148.2001953125,4155.7998046875,4148.2001953125,4153.89990234375,811.0,yahoo,GC=F
2026-09-28T14:51:00Z,4153.7998046875,4154.2998046875,4148.2998046875,4148.7001953125,330.0,yahoo,GC=F
2026-09-28T14:52:00Z,4148.39990234375,4149.7998046875,4145.89990234375,4149.0,323.0,yahoo,GC=F
2026-09-28T14:53:00Z,4149.10009765625,4149.10009765625,4146.7998046875,4147.89990234375,305.0,yahoo,GC=F
2026-09-28T14:54:00Z,4148.10009765625,4150.2998046875,4147.2998046875,4148.2001953125,211.0,yahoo,GC=F
2026-09-28T14:55:00Z,4148.2001953125,4149.0,4146.2001953125,4148.10009765625,277.0,yahoo,GC=F
2026-09-28T14:56:00Z,4148.39990234375,4151.10009765625,4147.89990234375,4148.7998046875,277.0,yahoo,GC=F
2026-09-28T14:57:00Z,4148.5,4148.7001953125,4143.10009765625,4144.89990234375,544.0,yahoo,GC=F
2026-09-28T14:58:00Z,4145.0,4148.89990234375,4145.0,4148.60009765625,349.0,yahoo,GC=F
2026-09-28T14:59:00Z,4148.39990234375,4152.2998046875,4148.10009765625,4150.7001953125,540.0,yahoo,GC=F
2026-09-28T15:00:00Z,4150.7001953125,4152.0,4148.60009765625,4150.39990234375,361.0,yahoo,GC=F
2026-09-28T15:01:00Z,4150.0,4153.89990234375,4149.7998046875,4151.39990234375,675.0,yahoo,GC=F
2026-09-28T15:02:00Z,4151.7001953125,4153.2001953125,4151.0,4152.10009765625,208.0,yahoo,GC=F
2026-09-28T15:03:00Z,4152.60009765625,4154.7001953125,4151.89990234375,4153.39990234375,249.0,yahoo,GC=F
2026-09-28T15:04:00Z,4153.5,4155.2001953125,4152.2998046875,4154.7998046875,205.0,yahoo,GC=F
2026-09-28T15:05:00Z,4155.0,4155.7998046875,4153.5,4154.89990234375,350.0,yahoo,GC=F
2026-09-28T15:06:00Z,4154.7998046875,4154.7998046875,4152.0,4153.2001953125,212.0,yahoo,GC=F
2026-09-28T15:07:00Z,4153.5,4155.5,4153.10009765625,4153.7998046875,218.0,yahoo,GC=F
2026-09-28T15:08:00Z,4154.0,4156.60009765625,4153.0,4153.0,299.0,yahoo,GC=F
2026-09-28T15:09:00Z,4153.10009765625,4155.5,4153.0,4154.60009765625,281.0,yahoo,GC=F
2026-09-28T15:10:00Z,4154.7998046875,4155.0,4151.7998046875,4151.89990234375,258.0,yahoo,GC=F
2026-09-28T15:11:00Z,4152.0,4152.39990234375,4150.39990234375,4151.5,306.0,yahoo,GC=F
2026-09-28T15:12:00Z,4151.5,4152.7998046875,4151.39990234375,4152.10009765625,728.0,yahoo,GC=F
2026-09-28T15:13:00Z,4152.0,4152.39990234375,4150.7998046875,4151.2998046875,313.0,yahoo,GC=F
2026-09-28T15:14:00Z,4151.10009765625,4154.0,4151.10009765625,4152.39990234375,170.0,yahoo,GC=F
2026-09-28T15:15:00Z,4152.39990234375,4155.7001953125,4152.10009765625,4155.60009765625,247.0,yahoo,GC=F
2026-09-28T15:16:00Z,4155.60009765625,4156.0,4153.5,4155.0,149.0,yahoo,GC=F
2026-09-28T15:17:00Z,4154.5,4155.60009765625,4152.89990234375,4155.2001953125,119.0,yahoo,GC=F
2026-09-28T15:18:00Z,4155.2998046875,4157.39990234375,4155.2998046875,4157.2001953125,156.0,yahoo,GC=F
2026-09-28T15:19:00Z,4157.39990234375,4159.2998046875,4156.7998046875,4157.39990234375,274.0,yahoo,GC=F
2026-09-28T15:20:00Z,4157.2001953125,4157.2001953125,4154.7998046875,4155.2998046875,162.0,yahoo,GC=F
2026-09-28T15:21:00Z,4155.2998046875,4155.39990234375,4152.60009765625,4154.7998046875,190.0,yahoo,GC=F
2026-09-28T15:22:00Z,4154.7998046875,4156.2998046875,4154.2001953125,4155.5,129.0,yahoo,GC=F
2026-09-28T15:23:00Z,4155.5,4157.89990234375,4155.5,4156.39990234375,159.0,yahoo,GC=F
2026-09-28T15:24:00Z,4156.39990234375,4156.39990234375,4154.5,4155.10009765625,127.0,yahoo,GC=F
2026-09-28T15:25:00Z,4155.2001953125,4160.89990234375,4154.7001953125,4155.7998046875,857.0,yahoo,GC=F
2026-09-28T15:26:00Z,4155.7998046875,4157.5,4155.2998046875,4157.10009765625,230.0,yahoo,GC=F
2026-09-28T15:27:00Z,4156.7998046875,4157.0,4155.7001953125,4155.89990234375,83.0,yahoo,GC=F
2026-09-28T15:28:00Z,4156.10009765625,4158.10009765625,4156.10009765625,4156.7001953125,98.0,yahoo,GC=F
2026-09-28T15:29:00Z,4156.7998046875,4158.7001953125,4156.2998046875,4157.39990234375,216.0,yahoo,GC=F
2026-09-28T15:30:00Z,4157.7001953125,4158.39990234375,4156.0,4156.7001953125,330.0,yahoo,GC=F
2026-09-28T15:31:00Z,4156.2998046875,4156.2998046875,4153.10009765625,4153.10009765625,174.0,yahoo,GC=F
2026-09-28T15:32:00Z,4153.39990234375,4156.2998046875,4153.2001953125,4156.10009765625,98.0,yahoo,GC=F
2026-09-28T15:33:00Z,4156.10009765625,4156.39990234375,4153.7001953125,4154.2998046875,102.0,yahoo,GC=F
2026-09-28T15:34:00Z,4154.2001953125,4154.60009765625,4153.10009765625,4154.5,157.0,yahoo,GC=F
2026-09-28T15:35:00Z,4154.60009765625,4155.2998046875,4153.7998046875,4154.89990234375,77.0,yahoo,GC=F
2026-09-28T15:36:00Z,4154.89990234375,4157.60009765625,4154.89990234375,4157.2001953125,135.0,yahoo,GC=F
2026-09-28T15:37:00Z,4157.0,4157.60009765625,4155.89990234375,4157.2998046875,80.0,yahoo,GC=F
2026-09-28T15:38:00Z,4157.5,4157.7001953125,4155.2001953125,4155.2001953125,144.0,yahoo,GC=F
2026-09-28T15:39:00Z,4155.10009765625,4155.2001953125,4153.60009765625,4154.7998046875,246.0,yahoo,GC=F
2026-09-28T15:40:00Z,4155.0,4155.2998046875,4151.89990234375,4152.5,239.0,yahoo,GC=F
2026-09-28T15:41:00Z,4152.39990234375,4154.5,4151.60009765625,4154.39990234375,262.0,yahoo,GC=F
2026-09-28T15:42:00Z,4154.39990234375,4155.0,4153.2001953125,4154.10009765625,243.0,yahoo,GC=F
2026-09-28T15:43:00Z,4153.7001953125,4153.89990234375,4152.10009765625,4152.10009765625,95.0,yahoo,GC=F
2026-09-28T15:44:00Z,4151.7998046875,4152.7001953125,4151.0,4152.39990234375,191.0,yahoo,GC=F
2026-09-28T15:45:00Z,4152.39990234375,4152.60009765625,4151.39990234375,4152.2001953125,134.0,yahoo,GC=F
2026-09-28T15:46:00Z,4152.10009765625,4152.10009765625,4150.2998046875,4150.60009765625,226.0,yahoo,GC=F
2026-09-28T15:47:00Z,4150.5,4151.0,4147.7001953125,4150.0,424.0,yahoo,GC=F
2026-09-28T15:48:00Z,4150.10009765625,4152.0,4149.7001953125,4150.0,316.0,yahoo,GC=F
2026-09-28T15:49:00Z,4149.7998046875,4152.0,4149.7998046875,4152.0,133.0,yahoo,GC=F
2026-09-28T15:50:00Z,4152.0,4154.7998046875,4151.89990234375,4153.39990234375,211.0,yahoo,GC=F
2026-09-28T15:51:00Z,4153.7998046875,4154.5,4153.10009765625,4153.89990234375,135.0,yahoo,GC=F
2026-09-28T15:52:00Z,4154.0,4154.0,4151.5,4152.2001953125,79.0,yahoo,GC=F
2026-09-28T15:53:00Z,4152.2001953125,4152.2001953125,4150.2001953125,4150.5,100.0,yahoo,GC=F
2026-09-28T15:54:00Z,4150.7001953125,4152.39990234375,4150.5,4152.39990234375,88.0,yahoo,GC=F
2026-09-28T15:55:00Z,4152.39990234375,4154.0,4152.0,4153.7998046875,97.0,yahoo,GC=F
2026-09-28T15:56:00Z,4153.7998046875,4154.7998046875,4152.60009765625,4154.7998046875,126.0,yahoo,GC=F
2026-09-28T15:57:00Z,4154.89990234375,4156.7998046875,4154.89990234375,4155.60009765625,395.0,yahoo,GC=F
2026-09-28T15:58:00Z,4155.60009765625,4156.2001953125,4154.60009765625,4154.7998046875,87.0,yahoo,GC=F
2026-09-28T15:59:00Z,4155.0,4156.7998046875,4155.0,4156.39990234375,77.0,yahoo,GC=F
2026-09-28T16:00:00Z,4156.60009765625,4157.2998046875,4154.5,4155.2001953125,182.0,yahoo,GC=F
2026-09-28T16:01:00Z,4155.5,4156.5,4154.7998046875,4156.0,82.0,yahoo,GC=F
2026-09-28T16:02:00Z,4155.7998046875,4155.89990234375,4153.7998046875,4153.7998046875,175.0,yahoo,GC=F
2026-09-28T16:03:00Z,4153.7998046875,4154.7998046875,4152.7998046875,4153.2998046875,62.0,yahoo,GC=F
2026-09-28T16:04:00Z,4153.39990234375,4155.10009765625,4153.2998046875,4155.10009765625,101.0,yahoo,GC=F
2026-09-28T16:05:00Z,4154.89990234375,4156.10009765625,4154.10009765625,4156.0,78.0,yahoo,GC=F
2026-09-28T16:06:00Z,4155.7998046875,4156.5,4154.89990234375,4155.2001953125,169.0,yahoo,GC=F
2026-09-28T16:07:00Z,4155.2998046875,4155.5,4153.60009765625,4153.60009765625,174.0,yahoo,GC=F
2026-09-28T16:08:00Z,4153.60009765625,4154.60009765625,4153.2998046875,4153.5,174.0,yahoo,GC=F
2026-09-28T16:09:00Z,4153.60009765625,4154.7001953125,4152.89990234375,4154.10009765625,267.0,yahoo,GC=F
2026-09-28T16:10:00Z,4154.0,4154.7001953125,4152.89990234375,4152.89990234375,70.0,yahoo,GC=F
2026-09-28T16:11:00Z,4152.60009765625,4152.89990234375,4151.10009765625,4151.2998046875,100.0,yahoo,GC=F
2026-09-28T16:12:00Z,4151.5,4152.60009765625,4150.7998046875,4151.2001953125,78.0,yahoo,GC=F
2026-09-28T16:13:00Z,4150.89990234375,4151.10009765625,4149.7001953125,4150.2001953125,179.0,yahoo,GC=F
2026-09-28T16:14:00Z,4150.0,4150.7001953125,4149.39990234375,4149.5,300.0,yahoo,GC=F
2026-09-28T16:15:00Z,4149.2998046875,4150.0,4148.7001953125,4149.5,290.0,yahoo,GC=F
2026-09-28T16:16:00Z,4149.60009765625,4158.7001953125,4148.60009765625,4157.10009765625,1842.0,yahoo,GC=F
2026-09-28T16:17:00Z,4156.7998046875,4158.89990234375,4155.5,4158.60009765625,772.0,yahoo,GC=F
2026-09-28T16:18:00Z,4158.60009765625,4161.0,4157.5,4157.5,341.0,yahoo,GC=F
2026-09-28T16:19:00Z,4157.39990234375,4160.10009765625,4155.89990234375,4160.10009765625,186.0,yahoo,GC=F
2026-09-28T16:20:00Z,4159.7001953125,4163.7998046875,4158.7998046875,4163.7998046875,548.0,yahoo,GC=F
2026-09-28T16:21:00Z,4163.89990234375,4165.2001953125,4161.5,4163.5,661.0,yahoo,GC=F
2026-09-28T16:22:00Z,4163.2001953125,4165.0,4163.0,4163.7998046875,212.0,yahoo,GC=F
2026-09-28T16:23:00Z,4163.7001953125,4166.10009765625,4161.2001953125,4164.7001953125,584.0,yahoo,GC=F
2026-09-28T16:24:00Z,4165.0,4168.0,4163.10009765625,4167.2998046875,661.0,yahoo,GC=F
2026-09-28T16:25:00Z,4167.0,4171.10009765625,4166.7001953125,4169.7001953125,437.0,yahoo,GC=F
2026-09-28T16:26:00Z,4170.0,4178.0,4169.60009765625,4177.2001953125,1900.0,yahoo,GC=F
2026-09-28T16:27:00Z,4177.10009765625,4180.39990234375,4176.0,4178.2998046875,1148.0,yahoo,GC=F
2026-09-28T16:28:00Z,4178.60009765625,4181.0,4177.10009765625,4178.10009765625,540.0,yahoo,GC=F
2026-09-28T16:29:00Z,4177.7998046875,4179.89990234375,4174.39990234375,4176.0,518.0,yahoo,GC=F
2026-09-28T16:30:00Z,4175.89990234375,4178.10009765625,4173.2998046875,4173.5,435.0,yahoo,GC=F
2026-09-28T16:31:00Z,4173.2998046875,4175.39990234375,4172.0,4174.2998046875,572.0,yahoo,GC=F
2026-09-28T16:32:00Z,4174.5,4175.0,4169.60009765625,4169.60009765625,648.0,yahoo,GC=F
2026-09-28T16:33:00Z,4169.60009765625,4172.39990234375,4168.2998046875,4169.10009765625,477.0,yahoo,GC=F
2026-09-28T16:34:00Z,4169.10009765625,4170.89990234375,4168.0,4168.39990234375,303.0,yahoo,GC=F
2026-09-28T16:35:00Z,4168.60009765625,4169.2998046875,4167.5,4168.39990234375,166.0,yahoo,GC=F
2026-09-28T16:36:00Z,4168.7998046875,4172.2998046875,4168.2998046875,4172.0,169.0,yahoo,GC=F
2026-09-28T16:37:00Z,4172.0,4173.0,4170.0,4171.39990234375,119.0,yahoo,GC=F
2026-09-28T16:38:00Z,4171.10009765625,4171.10009765625,4168.7001953125,4168.7998046875,124.0,yahoo,GC=F
2026-09-28T16:39:00Z,4168.7001953125,4169.2998046875,4167.7998046875,4168.2001953125,164.0,yahoo,GC=F
2026-09-28T16:40:00Z,4168.60009765625,4170.0,4168.0,4168.7001953125,132.0,yahoo,GC=F
2026-09-28T16:41:00Z,4168.5,4169.0,4167.2001953125,4167.39990234375,211.0,yahoo,GC=F
2026-09-28T16:42:00Z,4167.2998046875,4168.2998046875,4165.89990234375,4166.10009765625,347.0,yahoo,GC=F
2026-09-28T16:43:00Z,4166.10009765625,4167.0,4164.7001953125,4165.2998046875,269.0,yahoo,GC=F
2026-09-28T16:44:00Z,4165.2998046875,4165.60009765625,4163.60009765625,4164.7998046875,266.0,yahoo,GC=F
2026-09-28T16:45:00Z,4164.7998046875,4168.2998046875,4163.89990234375,4164.0,602.0,yahoo,GC=F
2026-09-28T16:46:00Z,4163.60009765625,4163.89990234375,4161.7998046875,4162.7998046875,259.0,yahoo,GC=F
2026-09-28T16:47:00Z,4162.7001953125,4163.60009765625,4161.7001953125,4162.89990234375,442.0,yahoo,GC=F
2026-09-28T16:48:00Z,4162.60009765625,4164.2998046875,4162.2998046875,4162.7998046875,110.0,yahoo,GC=F
2026-09-28T16:49:00Z,4162.89990234375,4163.5,4161.7998046875,4161.7998046875,64.0,yahoo,GC=F
2026-09-28T16:50:00Z,4162.2001953125,4163.7998046875,4161.2001953125,4162.89990234375,89.0,yahoo,GC=F
2026-09-28T16:51:00Z,4162.89990234375,4163.2001953125,4161.60009765625,4161.60009765625,91.0,yahoo,GC=F
2026-09-28T16:52:00Z,4161.7001953125,4162.7998046875,4160.89990234375,4162.7998046875,93.0,yahoo,GC=F
2026-09-28T16:53:00Z,4163.0,4164.2998046875,4162.2998046875,4164.2998046875,73.0,yahoo,GC=F
2026-09-28T16:54:00Z,4164.5,4165.39990234375,4164.39990234375,4164.5,92.0,yahoo,GC=F
2026-09-28T16:55:00Z,4164.5,4164.7001953125,4162.7001953125,4163.0,78.0,yahoo,GC=F
2026-09-28T16:56:00Z,4163.2001953125,4163.5,4162.39990234375,4162.7998046875,90.0,yahoo,GC=F
2026-09-28T16:57:00Z,4162.60009765625,4162.7998046875,4160.7001953125,4161.5,257.0,yahoo,GC=F
2026-09-28T16:58:00Z,4161.7001953125,4162.0,4161.0,4161.0,94.0,yahoo,GC=F
2026-09-28T16:59:00Z,4161.10009765625,4162.60009765625,4161.0,4162.39990234375,124.0,yahoo,GC=F
2026-09-28T17:00:00Z,4162.10009765625,4162.10009765625,4160.2001953125,4161.0,200.0,yahoo,GC=F
2026-09-28T17:01:00Z,4161.0,4162.10009765625,4160.5,4161.10009765625,133.0,yahoo,GC=F
2026-09-28T17:02:00Z,4160.89990234375,4161.0,4159.60009765625,4160.2001953125,126.0,yahoo,GC=F
2026-09-28T17:03:00Z,4160.2001953125,4161.10009765625,4159.89990234375,4160.7001953125,116.0,yahoo,GC=F
2026-09-28T17:04:00Z,4160.7001953125,4161.2998046875,4160.10009765625,4160.10009765625,83.0,yahoo,GC=F
2026-09-28T17:05:00Z,4160.39990234375,4162.10009765625,4160.39990234375,4161.2001953125,102.0,yahoo,GC=F
2026-09-28T17:06:00Z,4161.0,4161.0,4158.7998046875,4159.10009765625,144.0,yahoo,GC=F
2026-09-28T17:07:00Z,4159.2001953125,4160.10009765625,4159.0,4159.2001953125,90.0,yahoo,GC=F
2026-09-28T17:08:00Z,4159.39990234375,4160.0,4159.10009765625,4159.2998046875,154.0,yahoo,GC=F
2026-09-28T17:09:00Z,4159.39990234375,4160.2998046875,4159.2001953125,4160.10009765625,71.0,yahoo,GC=F
2026-09-28T17:10:00Z,4160.0,4160.2001953125,4159.0,4159.2001953125,90.0,yahoo,GC=F
2026-09-28T17:11:00Z,4158.89990234375,4177.39990234375,4158.7001953125,4176.89990234375,2160.0,yahoo,GC=F
2026-09-28T17:12:00Z,4177.10009765625,4179.60009765625,4171.5,4173.60009765625,1401.0,yahoo,GC=F
2026-09-28T17:13:00Z,4173.5,4178.39990234375,4173.39990234375,4175.10009765625,525.0,yahoo,GC=F
2026-09-28T17:14:00Z,4174.60009765625,4175.89990234375,4170.2001953125,4174.7998046875,693.0,yahoo,GC=F
2026-09-28T17:15:00Z,4174.7001953125,4174.7001953125,4168.39990234375,4172.7998046875,436.0,yahoo,GC=F
2026-09-28T17:16:00Z,4172.2001953125,4173.10009765625,4170.0,4171.10009765625,295.0,yahoo,GC=F
2026-09-28T17:17:00Z,4171.5,4173.7998046875,4167.0,4168.89990234375,819.0,yahoo,GC=F
2026-09-28T17:18:00Z,4169.0,4170.2998046875,4168.2001953125,4168.7001953125,282.0,yahoo,GC=F
2026-09-28T17:19:00Z,4168.60009765625,4168.7001953125,4166.89990234375,4167.0,182.0,yahoo,GC=F
2026-09-28T17:20:00Z,4167.2001953125,4169.0,4166.39990234375,4169.0,206.0,yahoo,GC=F
2026-09-28T17:21:00Z,4168.7001953125,4169.89990234375,4168.0,4168.2001953125,131.0,yahoo,GC=F
2026-09-28T17:22:00Z,4168.2001953125,4169.60009765625,4167.60009765625,4169.10009765625,233.0,yahoo,GC=F
2026-09-28T17:23:00Z,4169.0,4170.0,4167.7998046875,4168.0,168.0,yahoo,GC=F
2026-09-28T17:24:00Z,4167.7001953125,4169.89990234375,4167.10009765625,4169.39990234375,181.0,yahoo,GC=F
2026-09-28T17:25:00Z,4169.39990234375,4171.0,4168.7998046875,4170.5,219.0,yahoo,GC=F
2026-09-28T17:26:00Z,4170.39990234375,4171.0,4168.60009765625,4168.7001953125,228.0,yahoo,GC=F
2026-09-28T17:27:00Z,4168.39990234375,4170.7998046875,4168.0,4168.10009765625,206.0,yahoo,GC=F
2026-09-28T17:28:00Z,4168.2998046875,4170.0,4168.10009765625,4168.60009765625,166.0,yahoo,GC=F
2026-09-28T17:29:00Z,4168.7001953125,4169.5,4167.2001953125,4168.39990234375,853.0,yahoo,GC=F
2026-09-28T17:30:00Z,4168.5,4171.7998046875,4168.2001953125,4171.7001953125,179.0,yahoo,GC=F
2026-09-28T17:31:00Z,4171.2998046875,4172.2001953125,4170.7998046875,4172.0,419.0,yahoo,GC=F
2026-09-28T17:32:00Z,4171.89990234375,4172.10009765625,4170.7001953125,4171.2001953125,397.0,yahoo,GC=F
2026-09-28T17:33:00Z,4171.2001953125,4171.7001953125,4169.7998046875,4170.0,168.0,yahoo,GC=F
2026-09-28T17:34:00Z,4170.0,4170.2998046875,4168.7001953125,4169.2001953125,99.0,yahoo,GC=F
2026-09-28T17:35:00Z,4169.2001953125,4170.10009765625,4168.89990234375,4169.7998046875,93.0,yahoo,GC=F
2026-09-28T17:36:00Z,4170.2001953125,4170.60009765625,4169.39990234375,4169.39990234375,42.0,yahoo,GC=F
2026-09-28T17:37:00Z,4169.5,4171.10009765625,4168.2998046875,4168.2998046875,91.0,yahoo,GC=F
2026-09-28T17:38:00Z,4168.10009765625,4169.2001953125,4167.7001953125,4169.0,72.0,yahoo,GC=F
2026-09-28T17:39:00Z,4168.89990234375,4168.89990234375,4166.39990234375,4166.60009765625,180.0,yahoo,GC=F
2026-09-28T17:40:00Z,4166.5,4168.10009765625,4166.5,4167.10009765625,87.0,yahoo,GC=F
2026-09-28T17:41:00Z,4167.5,4170.7998046875,4167.2998046875,4170.7001953125,94.0,yahoo,GC=F
2026-09-28T17:42:00Z,4170.89990234375,4171.60009765625,4169.10009765625,4170.89990234375,144.0,yahoo,GC=F
2026-09-28T17:43:00Z,4170.7001953125,4171.2001953125,4169.60009765625,4169.7998046875,89.0,yahoo,GC=F
2026-09-28T17:44:00Z,4169.89990234375,4170.60009765625,4169.7001953125,4169.89990234375,36.0,yahoo,GC=F
2026-09-28T17:45:00Z,4170.2001953125,4170.7998046875,4168.60009765625,4169.0,39.0,yahoo,GC=F
2026-09-28T17:46:00Z,4169.2001953125,4170.0,4168.7998046875,4169.7998046875,88.0,yahoo,GC=F
2026-09-28T17:47:00Z,4170.0,4170.10009765625,4168.2001953125,4168.60009765625,124.0,yahoo,GC=F
2026-09-28T17:48:00Z,4168.7001953125,4169.5,4168.0,4169.5,55.0,yahoo,GC=F
2026-09-28T17:49:00Z,4170.10009765625,4171.2998046875,4170.10009765625,4171.2998046875,111.0,yahoo,GC=F
2026-09-28T17:50:00Z,4171.5,4172.7001953125,4171.2001953125,4171.2001953125,74.0,yahoo,GC=F
2026-09-28T17:51:00Z,4171.10009765625,4171.7998046875,4170.7001953125,4171.2998046875,77.0,yahoo,GC=F
2026-09-28T17:52:00Z,4171.2998046875,4171.7001953125,4170.10009765625,4170.39990234375,52.0,yahoo,GC=F
2026-09-28T17:53:00Z,4170.10009765625,4170.89990234375,4169.7001953125,4169.89990234375,63.0,yahoo,GC=F
2026-09-28T17:54:00Z,4170.0,4171.10009765625,4169.89990234375,4171.10009765625,41.0,yahoo,GC=F
2026-09-28T17:55:00Z,4170.89990234375,4171.2001953125,4168.39990234375,4169.10009765625,275.0,yahoo,GC=F
2026-09-28T17:56:00Z,4169.0,4169.2001953125,4168.2998046875,4168.89990234375,34.0,yahoo,GC=F
2026-09-28T17:57:00Z,4169.39990234375,4170.39990234375,4168.60009765625,4169.10009765625,58.0,yahoo,GC=F
2026-09-28T17:58:00Z,4168.7998046875,4168.7998046875,4166.7998046875,4168.0,135.0,yahoo,GC=F
2026-09-28T17:59:00Z,4168.2001953125,4168.2001953125,4166.7001953125,4167.2998046875,55.0,yahoo,GC=F
2026-09-28T18:00:00Z,4167.2998046875,4167.5,4166.10009765625,4167.0,86.0,yahoo,GC=F
2026-09-28T18:01:00Z,4167.0,4167.5,4166.39990234375,4167.2001953125,72.0,yahoo,GC=F
2026-09-28T18:02:00Z,4167.39990234375,4168.5,4166.5,4167.7001953125,82.0,yahoo,GC=F
2026-09-28T18:03:00Z,4167.7001953125,4167.89990234375,4167.2998046875,4167.5,32.0,yahoo,GC=F
2026-09-28T18:04:00Z,4168.0,4169.89990234375,4168.0,4169.5,75.0,yahoo,GC=F
2026-09-28T18:05:00Z,4169.60009765625,4170.7998046875,4169.60009765625,4170.2001953125,144.0,yahoo,GC=F
2026-09-28T18:06:00Z,4170.2998046875,4170.89990234375,4168.5,4168.5,43.0,yahoo,GC=F
2026-09-28T18:07:00Z,4168.5,4168.7998046875,4168.2998046875,4168.7998046875,24.0,yahoo,GC=F
2026-09-28T18:08:00Z,4168.89990234375,4169.0,4168.10009765625,4168.10009765625,22.0,yahoo,GC=F
2026-09-28T18:09:00Z,4168.2998046875,4169.7001953125,4168.2998046875,4169.2001953125,30.0,yahoo,GC=F
2026-09-28T18:10:00Z,4169.2001953125,4171.39990234375,4169.2001953125,4170.0,43.0,yahoo,GC=F
2026-09-28T18:11:00Z,4170.2001953125,4170.2998046875,4168.89990234375,4169.2998046875,35.0,yahoo,GC=F
2026-09-28T18:12:00Z,4169.2001953125,4169.39990234375,4168.39990234375,4168.39990234375,64.0,yahoo,GC=F
2026-09-28T18:13:00Z,4168.2998046875,4168.5,4167.2998046875,4168.2001953125,57.0,yahoo,GC=F
2026-09-28T18:14:00Z,4168.2998046875,4168.7998046875,4168.2998046875,4168.7001953125,15.0,yahoo,GC=F
2026-09-28T18:15:00Z,4168.5,4168.60009765625,4167.2998046875,4167.2998046875,36.0,yahoo,GC=F
2026-09-28T18:16:00Z,4167.2001953125,4167.7998046875,4166.7998046875,4167.7001953125,127.0,yahoo,GC=F
2026-09-28T18:17:00Z,4167.7001953125,4168.0,4166.7001953125,4166.7001953125,31.0,yahoo,GC=F
2026-09-28T18:18:00Z,4166.60009765625,4167.2998046875,4166.39990234375,4166.7001953125,36.0,yahoo,GC=F
2026-09-28T18:19:00Z,4166.7998046875,4167.60009765625,4166.7001953125,4166.7998046875,48.0,yahoo,GC=F
2026-09-28T18:20:00Z,4167.10009765625,4167.7998046875,4167.10009765625,4167.7998046875,26.0,yahoo,GC=F
2026-09-28T18:21:00Z,4167.7001953125,4169.39990234375,4167.7001953125,4169.2998046875,42.0,yahoo,GC=F
2026-09-28T18:22:00Z,4169.0,4170.10009765625,4169.0,4169.89990234375,20.0,yahoo,GC=F
2026-09-28T18:23:00Z,4169.60009765625,4169.60009765625,4167.7001953125,4167.89990234375,59.0,yahoo,GC=F
2026-09-28T18:24:00Z,4167.7998046875,4167.89990234375,4167.10009765625,4167.7998046875,50.0,yahoo,GC=F
2026-09-28T18:25:00Z,4167.89990234375,4168.2001953125,4167.0,4168.0,44.0,yahoo,GC=F
2026-09-28T18:26:00Z,4168.0,4168.5,4168.0,4168.5,33.0,yahoo,GC=F
2026-09-28T18:27:00Z,4168.39990234375,4168.7998046875,4167.5,4167.60009765625,44.0,yahoo,GC=F
2026-09-28T18:28:00Z,4167.7001953125,4168.10009765625,4167.39990234375,4167.7998046875,29.0,yahoo,GC=F
2026-09-28T18:29:00Z,4167.60009765625,4168.0,4167.2998046875,4167.7001953125,40.0,yahoo,GC=F
2026-09-28T18:30:00Z,4167.60009765625,4169.5,4165.89990234375,4168.39990234375,321.0,yahoo,GC=F
2026-09-28T18:31:00Z,4168.5,4168.5,4167.10009765625,4167.60009765625,74.0,yahoo,GC=F
2026-09-28T18:32:00Z,4167.60009765625,4167.60009765625,4165.2001953125,4165.7001953125,81.0,yahoo,GC=F
2026-09-28T18:33:00Z,4165.89990234375,4167.0,4164.89990234375,4165.0,79.0,yahoo,GC=F
2026-09-28T18:34:00Z,4164.89990234375,4165.7001953125,4164.10009765625,4164.89990234375,119.0,yahoo,GC=F
2026-09-28T18:35:00Z,4164.7998046875,4166.0,4164.7998046875,4165.39990234375,65.0,yahoo,GC=F
2026-09-28T18:36:00Z,4165.5,4166.5,4165.10009765625,4166.5,51.0,yahoo,GC=F
2026-09-28T18:37:00Z,4166.39990234375,4167.7998046875,4166.39990234375,4167.5,53.0,yahoo,GC=F
2026-09-28T18:38:00Z,4167.7998046875,4167.7998046875,4165.89990234375,4166.89990234375,86.0,yahoo,GC=F
2026-09-28T18:39:00Z,4166.7998046875,4167.2001953125,4165.89990234375,4166.89990234375,57.0,yahoo,GC=F
2026-09-28T18:40:00Z,4167.10009765625,4169.2998046875,4166.60009765625,4169.2001953125,60.0,yahoo,GC=F
2026-09-28T18:41:00Z,4169.10009765625,4170.2998046875,4168.5,4170.0,71.0,yahoo,GC=F
2026-09-28T18:42:00Z,4170.0,4171.2001953125,4169.89990234375,4171.0,88.0,yahoo,GC=F
2026-09-28T18:43:00Z,4170.89990234375,4171.7998046875,4170.89990234375,4171.10009765625,85.0,yahoo,GC=F
2026-09-28T18:44:00Z,4171.39990234375,4172.0,4171.0,4171.2001953125,73.0,yahoo,GC=F
2026-09-28T18:45:00Z,4171.39990234375,4171.60009765625,4170.10009765625,4170.2998046875,53.0,yahoo,GC=F
2026-09-28T18:46:00Z,4170.2998046875,4170.7001953125,4170.10009765625,4170.60009765625,32.0,yahoo,GC=F
2026-09-28T18:47:00Z,4170.60009765625,4171.7998046875,4170.39990234375,4171.7998046875,56.0,yahoo,GC=F
2026-09-28T18:48:00Z,4171.7001953125,4172.5,4169.2998046875,4171.7998046875,262.0,yahoo,GC=F
2026-09-28T18:49:00Z,4171.7998046875,4172.39990234375,4170.39990234375,4172.0,99.0,yahoo,GC=F
2026-09-28T18:50:00Z,4172.2001953125,4173.2001953125,4171.60009765625,4172.2998046875,107.0,yahoo,GC=F
2026-09-28T18:51:00Z,4172.10009765625,4172.2998046875,4171.0,4172.10009765625,54.0,yahoo,GC=F
2026-09-28T18:52:00Z,4172.0,4173.0,4172.0,4172.60009765625,22.0,yahoo,GC=F
2026-09-28T18:53:00Z,4172.39990234375,4175.2998046875,4171.2001953125,4171.7001953125,376.0,yahoo,GC=F
2026-09-28T18:54:00Z,4171.7998046875,4173.60009765625,4171.39990234375,4173.10009765625,97.0,yahoo,GC=F
2026-09-28T18:55:00Z,4173.10009765625,4173.2998046875,4171.2001953125,4171.89990234375,84.0,yahoo,GC=F
2026-09-28T18:56:00Z,4172.2001953125,4172.7998046875,4171.60009765625,4172.2001953125,33.0,yahoo,GC=F
2026-09-28T18:57:00Z,4172.5,4173.2998046875,4172.2001953125,4172.39990234375,70.0,yahoo,GC=F
2026-09-28T18:58:00Z,4172.60009765625,4173.60009765625,4172.60009765625,4173.39990234375,66.0,yahoo,GC=F
2026-09-28T18:59:00Z,4173.10009765625,4173.10009765625,4172.0,4172.0,42.0,yahoo,GC=F
2026-09-28T19:00:00Z,4172.2001953125,4172.39990234375,4167.89990234375,4168.0,119.0,yahoo,GC=F
2026-09-28T19:01:00Z,4167.7998046875,4167.89990234375,4166.60009765625,4166.7998046875,55.0,yahoo,GC=F
2026-09-28T19:02:00Z,4166.5,4167.10009765625,4164.7001953125,4165.89990234375,170.0,yahoo,GC=F
2026-09-28T19:03:00Z,4166.10009765625,4168.7998046875,4166.0,4168.39990234375,97.0,yahoo,GC=F
2026-09-28T19:04:00Z,4168.2001953125,4168.5,4167.5,4168.0,56.0,yahoo,GC=F
2026-09-28T19:05:00Z,4167.89990234375,4168.2998046875,4167.0,4167.2001953125,56.0,yahoo,GC=F
2026-09-28T19:06:00Z,4167.2998046875,4167.60009765625,4166.0,4166.0,75.0,yahoo,GC=F
2026-09-28T19:07:00Z,4166.2001953125,4166.60009765625,4164.0,4165.2001953125,90.0,yahoo,GC=F
2026-09-28T19:08:00Z,4165.10009765625,4165.60009765625,4164.60009765625,4165.0,88.0,yahoo,GC=F
2026-09-28T19:09:00Z,4165.10009765625,4166.0,4164.89990234375,4165.10009765625,58.0,yahoo,GC=F
2026-09-28T19:10:00Z,4165.2001953125,4166.2001953125,4164.60009765625,4165.10009765625,170.0,yahoo,GC=F
2026-09-28T19:11:00Z,4165.2001953125,4166.60009765625,4165.10009765625,4165.2998046875,45.0,yahoo,GC=F
2026-09-28T19:12:00Z,4165.2998046875,4166.0,4165.10009765625,4165.7001953125,41.0,yahoo,GC=F
2026-09-28T19:13:00Z,4165.2998046875,4166.7998046875,4165.0,4165.0,81.0,yahoo,GC=F
2026-09-28T19:14:00Z,4164.89990234375,4166.0,4164.7998046875,4165.89990234375,35.0,yahoo,GC=F
2026-09-28T19:15:00Z,4165.7001953125,4166.60009765625,4165.2001953125,4166.60009765625,68.0,yahoo,GC=F
2026-09-28T19:16:00Z,4166.7001953125,4168.2001953125,4166.5,4167.60009765625,87.0,yahoo,GC=F
2026-09-28T19:17:00Z,4167.2001953125,4167.89990234375,4166.7001953125,4167.7001953125,69.0,yahoo,GC=F
2026-09-28T19:18:00Z,4167.5,4167.7001953125,4166.7001953125,4167.0,24.0,yahoo,GC=F
2026-09-28T19:19:00Z,4167.2001953125,4168.10009765625,4167.2001953125,4168.10009765625,32.0,yahoo,GC=F
2026-09-28T19:20:00Z,4168.10009765625,4169.60009765625,4167.10009765625,4167.2001953125,118.0,yahoo,GC=F
2026-09-28T19:21:00Z,4167.0,4167.39990234375,4166.39990234375,4166.7998046875,53.0,yahoo,GC=F
2026-09-28T19:22:00Z,4166.60009765625,4167.2998046875,4166.2001953125,4166.60009765625,76.0,yahoo,GC=F
2026-09-28T19:23:00Z,4166.7001953125,4166.7001953125,4164.89990234375,4165.10009765625,91.0,yahoo,GC=F
2026-09-28T19:24:00Z,4165.10009765625,4166.10009765625,4164.89990234375,4165.60009765625,67.0,yahoo,GC=F
2026-09-28T19:25:00Z,4165.60009765625,4165.89990234375,4163.89990234375,4164.5,196.0,yahoo,GC=F
2026-09-28T19:26:00Z,4164.60009765625,4166.5,4163.89990234375,4166.2998046875,74.0,yahoo,GC=F
2026-09-28T19:27:00Z,4166.2001953125,4167.7001953125,4166.2001953125,4167.2998046875,28.0,yahoo,GC=F
2026-09-28T19:28:00Z,4167.2998046875,4167.89990234375,4166.7998046875,4167.7001953125,101.0,yahoo,GC=F
2026-09-28T19:29:00Z,4167.89990234375,4167.89990234375,4165.60009765625,4167.0,59.0,yahoo,GC=F
2026-09-28T19:30:00Z,4167.0,4167.5,4166.39990234375,4166.7998046875,50.0,yahoo,GC=F
2026-09-28T19:31:00Z,4166.7998046875,4168.2001953125,4166.60009765625,4167.2998046875,44.0,yahoo,GC=F
2026-09-28T19:32:00Z,4167.2998046875,4168.7001953125,4164.2001953125,4165.7001953125,195.0,yahoo,GC=F
2026-09-28T19:33:00Z,4166.39990234375,4166.39990234375,4163.0,4163.5,134.0,yahoo,GC=F
2026-09-28T19:34:00Z,4163.60009765625,4164.2998046875,4162.60009765625,4164.10009765625,75.0,yahoo,GC=F
2026-09-28T19:35:00Z,4164.2998046875,4166.60009765625,4164.2001953125,4165.2001953125,42.0,yahoo,GC=F
2026-09-28T19:36:00Z,4165.2998046875,4167.7001953125,4165.2001953125,4166.60009765625,35.0,yahoo,GC=F
2026-09-28T19:37:00Z,4166.7001953125,4166.7001953125,4166.10009765625,4166.39990234375,28.0,yahoo,GC=F
2026-09-28T19:38:00Z,4166.2001953125,4166.2001953125,4164.2998046875,4164.39990234375,73.0,yahoo,GC=F
2026-09-28T19:39:00Z,4164.39990234375,4164.39990234375,4161.89990234375,4162.2001953125,136.0,yahoo,GC=F
2026-09-28T19:40:00Z,4162.2001953125,4164.10009765625,4161.89990234375,4163.89990234375,132.0,yahoo,GC=F
2026-09-28T19:41:00Z,4163.89990234375,4164.2001953125,4163.39990234375,4164.10009765625,74.0,yahoo,GC=F
2026-09-28T19:42:00Z,4164.0,4164.39990234375,4161.10009765625,4162.2998046875,206.0,yahoo,GC=F
2026-09-28T19:43:00Z,4162.2998046875,4163.7001953125,4162.2001953125,4162.7998046875,56.0,yahoo,GC=F
2026-09-28T19:44:00Z,4163.0,4163.0,4162.2001953125,4162.5,41.0,yahoo,GC=F
2026-09-28T19:45:00Z,4162.2998046875,4162.2998046875,4160.5,4161.2998046875,90.0,yahoo,GC=F
2026-09-28T19:46:00Z,4161.39990234375,4162.2998046875,4161.10009765625,4161.10009765625,153.0,yahoo,GC=F
2026-09-28T19:47:00Z,4161.2001953125,4162.5,4160.7001953125,4160.7001953125,102.0,yahoo,GC=F
2026-09-28T19:48:00Z,4160.39990234375,4160.5,4159.60009765625,4160.39990234375,99.0,yahoo,GC=F
2026-09-28T19:49:00Z,4160.60009765625,4161.2001953125,4158.0,4158.89990234375,168.0,yahoo,GC=F
2026-09-28T19:50:00Z,4159.0,4160.0,4158.10009765625,4158.5,177.0,yahoo,GC=F
2026-09-28T19:51:00Z,4158.2998046875,4160.2998046875,4158.2998046875,4160.0,86.0,yahoo,GC=F
2026-09-28T19:52:00Z,4159.7998046875,4160.2001953125,4159.2001953125,4159.39990234375,48.0,yahoo,GC=F
2026-09-28T19:53:00Z,4159.2998046875,4159.60009765625,4158.5,4159.10009765625,104.0,yahoo,GC=F
2026-09-28T19:54:00Z,4158.89990234375,4159.10009765625,4156.7001953125,4157.10009765625,164.0,yahoo,GC=F
2026-09-28T19:55:00Z,4157.0,4157.7001953125,4155.7998046875,4155.89990234375,146.0,yahoo,GC=F
2026-09-28T19:56:00Z,4155.7998046875,4157.7001953125,4155.39990234375,4157.7001953125,315.0,yahoo,GC=F
2026-09-28T19:57:00Z,4157.60009765625,4158.0,4156.60009765625,4157.7001953125,163.0,yahoo,GC=F
2026-09-28T19:58:00Z,4157.60009765625,4157.60009765625,4156.39990234375,4156.39990234375,88.0,yahoo,GC=F
2026-09-28T19:59:00Z,4156.7998046875,4157.0,4155.2001953125,4156.2998046875,435.0,yahoo,GC=F
2026-09-28T20:00:00Z,4156.10009765625,4156.89990234375,4154.5,4154.7001953125,240.0,yahoo,GC=F
2026-09-28T20:01:00Z,4154.7001953125,4155.5,4153.39990234375,4153.7998046875,309.0,yahoo,GC=F
2026-09-28T20:02:00Z,4154.0,4154.7001953125,4153.7001953125,4154.7001953125,65.0,yahoo,GC=F
2026-09-28T20:03:00Z,4154.89990234375,4155.10009765625,4153.89990234375,4154.60009765625,35.0,yahoo,GC=F
2026-09-28T20:04:00Z,4154.7001953125,4155.2001953125,4154.2001953125,4154.7001953125,104.0,yahoo,GC=F
2026-09-28T20:05:00Z,4155.0,4155.2998046875,4154.0,4154.0,51.0,yahoo,GC=F
2026-09-28T20:06:00Z,4153.7998046875,4154.0,4152.7998046875,4153.0,62.0,yahoo,GC=F
2026-09-28T20:07:00Z,4153.10009765625,4153.2998046875,4151.5,4151.7998046875,105.0,yahoo,GC=F
2026-09-28T20:08:00Z,4152.0,4152.10009765625,4150.10009765625,4150.7001953125,126.0,yahoo,GC=F
2026-09-28T20:09:00Z,4150.89990234375,4151.60009765625,4150.39990234375,4151.2001953125,93.0,yahoo,GC=F
2026-09-28T20:10:00Z,4151.10009765625,4152.0,4151.10009765625,4151.89990234375,35.0,yahoo,GC=F
2026-09-28T20:11:00Z,4151.7998046875,4151.89990234375,4151.39990234375,4151.60009765625,32.0,yahoo,GC=F
2026-09-28T20:12:00Z,4151.2998046875,4152.10009765625,4151.10009765625,4152.0,42.0,yahoo,GC=F
2026-09-28T20:13:00Z,4152.2001953125,4153.89990234375,4152.2001953125,4153.89990234375,53.0,yahoo,GC=F
2026-09-28T20:14:00Z,4153.7998046875,4154.89990234375,4153.39990234375,4154.60009765625,73.0,yahoo,GC=F
2026-09-28T20:15:00Z,4154.7001953125,4154.7998046875,4154.10009765625,4154.2001953125,25.0,yahoo,GC=F
2026-09-28T20:16:00Z,4154.39990234375,4155.7998046875,4154.39990234375,4155.60009765625,76.0,yahoo,GC=F
2026-09-28T20:17:00Z,4155.60009765625,4155.7001953125,4154.89990234375,4155.7001953125,20.0,yahoo,GC=F
2026-09-28T20:18:00Z,4155.5,4155.89990234375,4154.89990234375,4155.7998046875,31.0,yahoo,GC=F
2026-09-28T20:19:00Z,4155.7001953125,4155.7998046875,4155.39990234375,4155.39990234375,15.0,yahoo,GC=F
2026-09-28T20:20:00Z,4155.60009765625,4155.7001953125,4155.39990234375,4155.5,12.0,yahoo,GC=F
2026-09-28T20:21:00Z,4155.5,4156.2998046875,4155.5,4155.89990234375,27.0,yahoo,GC=F
2026-09-28T20:22:00Z,4156.10009765625,4156.2001953125,4155.7001953125,4156.10009765625,21.0,yahoo,GC=F
2026-09-28T20:23:00Z,4156.10009765625,4156.7001953125,4155.7998046875,4155.89990234375,34.0,yahoo,GC=F
2026-09-28T20:24:00Z,4155.89990234375,4156.0,4153.89990234375,4154.2998046875,80.0,yahoo,GC=F
2026-09-28T20:25:00Z,4153.7001953125,4153.7001953125,4152.39990234375,4152.39990234375,60.0,yahoo,GC=F
2026-09-28T20:26:00Z,4152.2998046875,4153.10009765625,4151.89990234375,4151.89990234375,15.0,yahoo,GC=F
2026-09-28T20:27:00Z,4152.2998046875,4152.2998046875,4150.2001953125,4150.2001953125,106.0,yahoo,GC=F
2026-09-28T20:28:00Z,4150.39990234375,4150.7001953125,4150.0,4150.39990234375,78.0,yahoo,GC=F
2026-09-28T20:29:00Z,4150.39990234375,4151.0,4150.39990234375,4150.7001953125,26.0,yahoo,GC=F
2026-09-28T20:30:00Z,4150.89990234375,4151.5,4150.7001953125,4151.0,24.0,yahoo,GC=F
2026-09-28T20:31:00Z,4151.2001953125,4151.39990234375,4150.0,4150.7001953125,27.0,yahoo,GC=F
2026-09-28T20:32:00Z,4151.2001953125,4151.2998046875,4150.60009765625,4150.89990234375,19.0,yahoo,GC=F
2026-09-28T20:33:00Z,4151.2001953125,4151.2998046875,4150.5,4150.5,63.0,yahoo,GC=F
2026-09-28T20:34:00Z,4150.5,4150.5,4148.39990234375,4148.89990234375,119.0,yahoo,GC=F
2026-09-28T20:35:00Z,4149.0,4149.2001953125,4148.39990234375,4148.7001953125,72.0,yahoo,GC=F
2026-09-28T20:36:00Z,4149.10009765625,4149.10009765625,4148.2001953125,4148.5,52.0,yahoo,GC=F
2026-09-28T20:37:00Z,4148.60009765625,4149.10009765625,4148.60009765625,4149.10009765625,24.0,yahoo,GC=F
2026-09-28T20:38:00Z,4149.10009765625,4149.10009765625,4148.7001953125,4149.0,13.0,yahoo,GC=F
2026-09-28T20:39:00Z,4148.7998046875,4149.7998046875,4148.7001953125,4149.2998046875,51.0,yahoo,GC=F
2026-09-28T20:40:00Z,4149.39990234375,4150.2001953125,4149.39990234375,4150.2001953125,26.0,yahoo,GC=F
2026-09-28T20:41:00Z,4150.5,4150.5,4150.2998046875,4150.39990234375,9.0,yahoo,GC=F
2026-09-28T20:42:00Z,4150.2001953125,4150.89990234375,4149.2001953125,4149.2001953125,40.0,yahoo,GC=F
2026-09-28T20:43:00Z,4149.0,4149.10009765625,4146.60009765625,4147.5,153.0,yahoo,GC=F
2026-09-28T20:44:00Z,4147.2001953125,4147.7001953125,4146.60009765625,4146.89990234375,30.0,yahoo,GC=F
2026-09-28T20:45:00Z,4146.7998046875,4147.39990234375,4146.0,4146.0,67.0,yahoo,GC=F
2026-09-28T20:46:00Z,4146.2001953125,4147.2001953125,4146.0,4147.2001953125,63.0,yahoo,GC=F
2026-09-28T20:47:00Z,4147.2001953125,4147.2998046875,4145.5,4145.60009765625,123.0,yahoo,GC=F
2026-09-28T20:48:00Z,4145.89990234375,4146.2998046875,4144.2001953125,4144.7998046875,109.0,yahoo,GC=F
2026-09-28T20:49:00Z,4145.2998046875,4145.7001953125,4144.7998046875,4145.39990234375,42.0,yahoo,GC=F
2026-09-28T20:50:00Z,4145.5,4145.60009765625,4144.2998046875,4145.2001953125,57.0,yahoo,GC=F
2026-09-28T20:51:00Z,4145.0,4146.0,4144.7998046875,4146.0,70.0,yahoo,GC=F
2026-09-28T20:52:00Z,4145.89990234375,4146.0,4145.39990234375,4145.5,15.0,yahoo,GC=F
2026-09-28T20:53:00Z,4145.7998046875,4146.39990234375,4145.7001953125,4146.10009765625,26.0,yahoo,GC=F
2026-09-28T20:54:00Z,4146.0,4147.39990234375,4145.7998046875,4147.2001953125,44.0,yahoo,GC=F
2026-09-28T20:55:00Z,4147.10009765625,4147.10009765625,4145.7001953125,4146.10009765625,57.0,yahoo,GC=F
2026-09-28T20:56:00Z,4146.39990234375,4148.10009765625,4146.39990234375,4147.39990234375,42.0,yahoo,GC=F
2026-09-28T20:57:00Z,4147.5,4147.60009765625,4146.7998046875,4147.39990234375,26.0,yahoo,GC=F
2026-09-28T20:58:00Z,4147.2998046875,4148.2998046875,4147.2998046875,4148.0,16.0,yahoo,GC=F
2026-09-28T20:59:00Z,4148.0,4148.7998046875,4147.7998046875,4148.5,49.0,yahoo,GC=F
2026-09-28T22:00:00Z,4150.10009765625,4152.0,4148.10009765625,4148.60009765625,0.0,yahoo,GC=F
2026-09-28T22:01:00Z,4148.5,4150.7001953125,4147.7998046875,4150.7001953125,79.0,yahoo,GC=F
2026-09-28T22:02:00Z,4150.89990234375,4150.89990234375,4149.7001953125,4150.2001953125,35.0,yahoo,GC=F
2026-09-28T22:03:00Z,4149.60009765625,4151.60009765625,4149.60009765625,4150.89990234375,50.0,yahoo,GC=F
2026-09-28T22:04:00Z,4150.7001953125,4153.60009765625,4150.7001953125,4153.60009765625,45.0,yahoo,GC=F
2026-09-28T22:05:00Z,4153.39990234375,4153.89990234375,4153.39990234375,4153.7001953125,11.0,yahoo,GC=F
2026-09-28T22:06:00Z,4153.7001953125,4155.5,4153.2998046875,4154.7001953125,58.0,yahoo,GC=F
2026-09-28T22:07:00Z,4154.7998046875,4155.0,4154.2001953125,4155.0,19.0,yahoo,GC=F
2026-09-28T22:08:00Z,4155.10009765625,4155.2998046875,4154.2998046875,4154.2998046875,26.0,yahoo,GC=F
2026-09-28T22:09:00Z,4155.10009765625,4155.7998046875,4154.5,4155.60009765625,66.0,yahoo,GC=F
2026-09-28T22:10:00Z,4154.89990234375,4154.89990234375,4153.39990234375,4153.89990234375,44.0,yahoo,GC=F
2026-09-28T22:11:00Z,4153.2998046875,4153.2998046875,4152.2998046875,4152.7998046875,34.0,yahoo,GC=F
2026-09-28T22:12:00Z,4152.2998046875,4154.10009765625,4152.2998046875,4153.10009765625,27.0,yahoo,GC=F
2026-09-28T22:13:00Z,4153.39990234375,4154.2998046875,4153.39990234375,4153.89990234375,10.0,yahoo,GC=F
2026-09-28T22:14:00Z,4154.5,4155.10009765625,4154.39990234375,4155.10009765625,8.0,yahoo,GC=F
2026-09-28T22:15:00Z,4155.2998046875,4155.89990234375,4155.2998046875,4155.39990234375,17.0,yahoo,GC=F
2026-09-28T22:16:00Z,4155.2001953125,4155.39990234375,4154.60009765625,4155.39990234375,9.0,yahoo,GC=F
2026-09-28T22:17:00Z,4155.7001953125,4156.2001953125,4155.2001953125,4156.0,42.0,yahoo,GC=F
2026-09-28T22:18:00Z,4155.89990234375,4156.2998046875,4155.0,4155.0,27.0,yahoo,GC=F
2026-09-28T22:19:00Z,4154.89990234375,4155.7001953125,4154.89990234375,4155.39990234375,11.0,yahoo,GC=F
2026-09-28T22:20:00Z,4155.7998046875,4156.2001953125,4155.7998046875,4156.2001953125,40.0,yahoo,GC=F
2026-09-28T22:21:00Z,4156.0,4156.89990234375,4156.0,4156.7998046875,16.0,yahoo,GC=F
2026-09-28T22:22:00Z,4156.60009765625,4158.10009765625,4156.60009765625,4157.89990234375,43.0,yahoo,GC=F
2026-09-28T22:23:00Z,4158.0,4159.2001953125,4158.0,4158.10009765625,37.0,yahoo,GC=F
2026-09-28T22:24:00Z,4158.0,4158.10009765625,4157.2001953125,4157.7998046875,10.0,yahoo,GC=F
2026-09-28T22:25:00Z,4157.5,4157.5,4156.7998046875,4156.7998046875,13.0,yahoo,GC=F
2026-09-28T22:26:00Z,4156.89990234375,4157.2001953125,4156.5,4156.7001953125,26.0,yahoo,GC=F
2026-09-28T22:27:00Z,4156.7998046875,4157.39990234375,4156.7001953125,4157.39990234375,110.0,yahoo,GC=F
2026-09-28T22:28:00Z,4157.7998046875,4159.0,4157.60009765625,4158.39990234375,30.0,yahoo,GC=F
2026-09-28T22:29:00Z,4158.0,4158.2001953125,4157.60009765625,4157.7998046875,9.0,yahoo,GC=F
2026-09-28T22:30:00Z,4158.0,4158.10009765625,4154.5,4154.7998046875,86.0,yahoo,GC=F
2026-09-28T22:31:00Z,4154.7001953125,4154.7998046875,4154.2001953125,4154.39990234375,26.0,yahoo,GC=F
2026-09-28T22:32:00Z,4154.10009765625,4155.39990234375,4153.7998046875,4154.7998046875,38.0,yahoo,GC=F
2026-09-28T22:33:00Z,4154.89990234375,4155.39990234375,4154.60009765625,4155.39990234375,21.0,yahoo,GC=F
2026-09-28T22:34:00Z,4155.0,4155.2998046875,4155.0,4155.2998046875,4.0,yahoo,GC=F
2026-09-28T22:35:00Z,4155.39990234375,4155.5,4155.0,4155.5,16.0,yahoo,GC=F
2026-09-28T22:36:00Z,4155.7998046875,4156.39990234375,4155.0,4155.2001953125,37.0,yahoo,GC=F
2026-09-28T22:37:00Z,4155.2998046875,4155.7998046875,4155.0,4155.7001953125,18.0,yahoo,GC=F
2026-09-28T22:38:00Z,4155.89990234375,4156.2001953125,4155.89990234375,4156.2001953125,3.0,yahoo,GC=F
2026-09-28T22:39:00Z,4155.89990234375,4155.89990234375,4154.39990234375,4154.39990234375,13.0,yahoo,GC=F
2026-09-28T22:40:00Z,4154.7001953125,4156.89990234375,4154.60009765625,4156.89990234375,22.0,yahoo,GC=F
2026-09-28T22:41:00Z,4157.39990234375,4157.60009765625,4157.39990234375,4157.39990234375,10.0,yahoo,GC=F
2026-09-28T22:42:00Z,4157.7001953125,4157.7001953125,4157.2001953125,4157.5,8.0,yahoo,GC=F
2026-09-28T22:43:00Z,4157.2001953125,4157.2001953125,4157.0,4157.0,4.0,yahoo,GC=F
2026-09-28T22:44:00Z,4156.89990234375,4156.89990234375,4156.2998046875,4156.39990234375,14.0,yahoo,GC=F
2026-09-28T22:45:00Z,4156.2998046875,4157.7001953125,4156.2998046875,4157.7001953125,75.0,yahoo,GC=F
2026-09-28T22:46:00Z,4157.2001953125,4157.39990234375,4157.0,4157.39990234375,10.0,yahoo,GC=F
2026-09-28T22:47:00Z,4157.0,4157.0,4156.7998046875,4156.7998046875,2.0,yahoo,GC=F
2026-09-28T22:48:00Z,4156.39990234375,4156.7998046875,4156.39990234375,4156.7998046875,26.0,yahoo,GC=F
2026-09-28T22:49:00Z,4156.89990234375,4156.89990234375,4156.60009765625,4156.60009765625,14.0,yahoo,GC=F
2026-09-28T22:50:00Z,4156.7001953125,4156.7001953125,4155.60009765625,4155.89990234375,14.0,yahoo,GC=F
2026-09-28T22:51:00Z,4155.89990234375,4156.2998046875,4154.10009765625,4154.10009765625,32.0,yahoo,GC=F
2026-09-28T22:52:00Z,4154.2998046875,4154.2998046875,4153.2001953125,4153.2001953125,21.0,yahoo,GC=F
2026-09-28T22:53:00Z,4153.2998046875,4153.39990234375,4152.60009765625,4153.39990234375,27.0,yahoo,GC=F
2026-09-28T22:54:00Z,4153.5,4154.10009765625,4153.2998046875,4154.10009765625,10.0,yahoo,GC=F
2026-09-28T22:55:00Z,4153.60009765625,4153.89990234375,4153.60009765625,4153.89990234375,4.0,yahoo,GC=F
2026-09-28T22:56:00Z,4154.10009765625,4154.10009765625,4153.7998046875,4153.7998046875,7.0,yahoo,GC=F
2026-09-28T22:57:00Z,4154.10009765625,4154.2998046875,4154.10009765625,4154.2998046875,4.0,yahoo,GC=F
2026-09-28T22:58:00Z,4154.10009765625,4154.10009765625,4153.7998046875,4153.7998046875,3.0,yahoo,GC=F
2026-09-28T22:59:00Z,4153.60009765625,4154.10009765625,4153.60009765625,4154.10009765625,3.0,yahoo,GC=F
2026-09-28T23:00:00Z,4154.0,4155.5,4153.5,4155.5,26.0,yahoo,GC=F
2026-09-28T23:01:00Z,4155.5,4155.5,4154.7998046875,4155.2998046875,11.0,yahoo,GC=F
2026-09-28T23:02:00Z,4155.2998046875,4155.39990234375,4154.60009765625,4154.7001953125,17.0,yahoo,GC=F
2026-09-28T23:03:00Z,4154.39990234375,4155.0,4154.39990234375,4154.7998046875,4.0,yahoo,GC=F
2026-09-28T23:04:00Z,4154.7998046875,4154.7998046875,4154.2001953125,4154.2001953125,7.0,yahoo,GC=F
2026-09-28T23:05:00Z,4154.39990234375,4155.5,4154.39990234375,4155.39990234375,39.0,yahoo,GC=F
2026-09-28T23:06:00Z,4155.7001953125,4155.7001953125,4155.5,4155.5,2.0,yahoo,GC=F
2026-09-28T23:07:00Z,4155.2998046875,4155.2998046875,4154.7998046875,4154.7998046875,5.0,yahoo,GC=F
2026-09-28T23:08:00Z,4155.0,4155.0,4155.0,4155.0,1.0,yahoo,GC=F
2026-09-28T23:09:00Z,4155.2998046875,4155.2998046875,4155.2998046875,4155.2998046875,1.0,yahoo,GC=F
2026-09-28T23:10:00Z,4155.0,4155.89990234375,4154.7998046875,4155.89990234375,13.0,yahoo,GC=F
2026-09-28T23:11:00Z,4155.7001953125,4157.10009765625,4155.7001953125,4156.7998046875,31.0,yahoo,GC=F
2026-09-28T23:12:00Z,4156.7998046875,4157.2998046875,4156.7001953125,4157.0,18.0,yahoo,GC=F
2026-09-28T23:13:00Z,4157.0,4157.10009765625,4156.0,4156.2998046875,22.0,yahoo,GC=F
2026-09-28T23:14:00Z,4156.2998046875,4157.7001953125,4155.7001953125,4157.60009765625,67.0,yahoo,GC=F
2026-09-28T23:15:00Z,4157.7001953125,4157.7001953125,4156.60009765625,4156.7001953125,28.0,yahoo,GC=F
2026-09-28T23:16:00Z,4156.7001953125,4158.10009765625,4156.7001953125,4157.7998046875,47.0,yahoo,GC=F
2026-09-28T23:17:00Z,4157.60009765625,4157.60009765625,4156.2001953125,4157.10009765625,26.0,yahoo,GC=F
2026-09-28T23:18:00Z,4156.60009765625,4157.0,4156.5,4156.89990234375,15.0,yahoo,GC=F
2026-09-28T23:19:00Z,4156.89990234375,4157.39990234375,4156.0,4157.39990234375,18.0,yahoo,GC=F
2026-09-28T23:20:00Z,4157.2998046875,4157.2998046875,4156.7001953125,4157.2998046875,19.0,yahoo,GC=F
2026-09-28T23:21:00Z,4157.10009765625,4157.10009765625,4156.2001953125,4156.5,16.0,yahoo,GC=F
2026-09-28T23:22:00Z,4157.2998046875,4157.2998046875,4157.2001953125,4157.2001953125,2.0,yahoo,GC=F
2026-09-28T23:23:00Z,4158.0,4158.60009765625,4158.0,4158.39990234375,7.0,yahoo,GC=F
2026-09-28T23:24:00Z,4158.2001953125,4158.5,4158.10009765625,4158.5,11.0,yahoo,GC=F
2026-09-28T23:25:00Z,4158.7998046875,4160.2998046875,4158.60009765625,4160.2998046875,50.0,yahoo,GC=F
2026-09-28T23:26:00Z,4160.39990234375,4161.2001953125,4160.2001953125,4160.89990234375,70.0,yahoo,GC=F
2026-09-28T23:27:00Z,4160.7998046875,4161.2998046875,4160.2998046875,4160.2998046875,66.0,yahoo,GC=F
2026-09-28T23:28:00Z,4160.60009765625,4160.60009765625,4160.39990234375,4160.5,11.0,yahoo,GC=F
2026-09-28T23:29:00Z,4160.60009765625,4160.89990234375,4160.5,4160.5,44.0,yahoo,GC=F
2026-09-28T23:30:00Z,4160.60009765625,4161.39990234375,4160.2001953125,4160.7001953125,59.0,yahoo,GC=F
2026-09-28T23:31:00Z,4160.7001953125,4160.7001953125,4160.10009765625,4160.10009765625,20.0,yahoo,GC=F
2026-09-28T23:32:00Z,4160.10009765625,4160.89990234375,4159.7998046875,4160.89990234375,87.0,yahoo,GC=F
2026-09-28T23:33:00Z,4161.0,4161.10009765625,4160.0,4160.0,32.0,yahoo,GC=F
2026-09-28T23:34:00Z,4160.2001953125,4160.2998046875,4159.39990234375,4159.60009765625,33.0,yahoo,GC=F
2026-09-28T23:35:00Z,4159.7001953125,4159.7001953125,4158.2001953125,4158.2001953125,14.0,yahoo,GC=F
2026-09-28T23:36:00Z,4158.0,4158.7001953125,4157.89990234375,4158.0,15.0,yahoo,GC=F
2026-09-28T23:37:00Z,4158.2998046875,4159.5,4158.2998046875,4159.2998046875,17.0,yahoo,GC=F
2026-09-28T23:38:00Z,4159.2998046875,4159.89990234375,4159.2998046875,4159.60009765625,9.0,yahoo,GC=F
2026-09-28T23:39:00Z,4159.7998046875,4160.39990234375,4159.7998046875,4160.39990234375,5.0,yahoo,GC=F
2026-09-28T23:40:00Z,4160.2001953125,4160.2998046875,4159.60009765625,4159.60009765625,10.0,yahoo,GC=F
2026-09-28T23:41:00Z,4159.7001953125,4160.2001953125,4157.89990234375,4160.2001953125,53.0,yahoo,GC=F
2026-09-28T23:42:00Z,4160.0,4160.10009765625,4159.2998046875,4159.39990234375,20.0,yahoo,GC=F
2026-09-28T23:43:00Z,4159.60009765625,4159.89990234375,4159.60009765625,4159.60009765625,8.0,yahoo,GC=F
2026-09-28T23:44:00Z,4159.5,4159.5,4158.39990234375,4158.5,49.0,yahoo,GC=F
2026-09-28T23:45:00Z,4158.7001953125,4159.0,4156.60009765625,4156.60009765625,57.0,yahoo,GC=F
2026-09-28T23:46:00Z,4156.7001953125,4156.7001953125,4154.39990234375,4155.0,54.0,yahoo,GC=F
2026-09-28T23:47:00Z,4155.10009765625,4156.0,4155.10009765625,4155.5,20.0,yahoo,GC=F
2026-09-28T23:48:00Z,4155.2998046875,4155.7001953125,4154.60009765625,4154.60009765625,26.0,yahoo,GC=F
2026-09-28T23:49:00Z,4154.60009765625,4155.89990234375,4154.39990234375,4155.89990234375,15.0,yahoo,GC=F
2026-09-28T23:50:00Z,4156.0,4156.0,4155.2001953125,4155.7998046875,10.0,yahoo,GC=F
2026-09-28T23:51:00Z,4155.89990234375,4156.7001953125,4155.89990234375,4156.7001953125,4.0,yahoo,GC=F
2026-09-28T23:52:00Z,4156.2998046875,4156.7001953125,4156.2998046875,4156.5,7.0,yahoo,GC=F
2026-09-28T23:53:00Z,4156.7998046875,4157.2998046875,4156.60009765625,4156.89990234375,7.0,yahoo,GC=F
2026-09-28T23:54:00Z,4156.7001953125,4157.0,4156.0,4156.7998046875,29.0,yahoo,GC=F
2026-09-28T23:55:00Z,4157.2998046875,4157.7001953125,4156.5,4156.5,12.0,yahoo,GC=F
2026-09-28T23:56:00Z,4157.10009765625,4157.2998046875,4156.10009765625,4156.7001953125,14.0,yahoo,GC=F
2026-09-28T23:57:00Z,4156.2998046875,4158.5,4156.2998046875,4158.2001953125,17.0,yahoo,GC=F
2026-09-28T23:58:00Z,4158.2998046875,4159.10009765625,4157.7001953125,4158.89990234375,22.0,yahoo,GC=F
2026-09-28T23:59:00Z,4158.7998046875,4159.7998046875,4158.7998046875,4159.60009765625,12.0,yahoo,GC=F
