timestamp_utc,open,high,low,close,volume,source,symbol
2026-09-29T00:00:00Z,4160.0,4160.2998046875,4158.39990234375,4158.5,79.0,yahoo,GC=F
2026-09-29T00:01:00Z,4158.39990234375,4158.60009765625,4156.89990234375,4158.5,44.0,yahoo,GC=F
2026-09-29T00:02:00Z,4158.7001953125,4159.5,4158.10009765625,4159.2998046875,13.0,yahoo,GC=F
2026-09-29T00:03:00Z,4159.0,4159.0,4156.2001953125,4157.0,41.0,yahoo,GC=F
2026-09-29T00:04:00Z,4156.89990234375,4157.7001953125,4155.60009765625,4156.39990234375,42.0,yahoo,GC=F
2026-09-29T00:05:00Z,4156.2001953125,4157.39990234375,4155.5,4155.7001953125,16.0,yahoo,GC=F
2026-09-29T00:06:00Z,4156.10009765625,4158.2998046875,4155.2998046875,4157.39990234375,62.0,yahoo,GC=F
2026-09-29T00:07:00Z,4157.2001953125,4157.7998046875,4156.7998046875,4156.7998046875,31.0,yahoo,GC=F
2026-09-29T00:08:00Z,4156.60009765625,4157.10009765625,4156.0,4156.0,20.0,yahoo,GC=F
2026-09-29T00:09:00Z,4156.7001953125,4156.7001953125,4154.7998046875,4154.7998046875,24.0,yahoo,GC=F
2026-09-29T00:10:00Z,4155.0,4155.7998046875,4152.39990234375,4153.7001953125,97.0,yahoo,GC=F
2026-09-29T00:11:00Z,4153.2998046875,4153.60009765625,4152.39990234375,4153.10009765625,53.0,yahoo,GC=F
2026-09-29T00:12:00Z,4153.10009765625,4154.2001953125,4152.7998046875,4153.7998046875,20.0,yahoo,GC=F
2026-09-29T00:13:00Z,4153.10009765625,4155.5,4153.0,4155.2998046875,24.0,yahoo,GC=F
2026-09-29T00:14:00Z,4155.0,4155.0,4154.39990234375,4154.60009765625,28.0,yahoo,GC=F
2026-09-29T00:15:00Z,4155.0,4155.0,4152.2998046875,4152.2998046875,42.0,yahoo,GC=F
2026-09-29T00:16:00Z,4152.39990234375,4152.39990234375,4150.7998046875,4151.0,63.0,yahoo,GC=F
2026-09-29T00:17:00Z,4151.10009765625,4151.7001953125,4147.5,4148.7998046875,185.0,yahoo,GC=F
2026-09-29T00:18:00Z,4148.89990234375,4148.89990234375,4146.5,4147.89990234375,125.0,yahoo,GC=F
2026-09-29T00:19:00Z,4148.39990234375,4150.2001953125,4147.39990234375,4149.7998046875,81.0,yahoo,GC=F
2026-09-29T00:20:00Z,4149.7998046875,4150.5,4148.2998046875,4150.5,61.0,yahoo,GC=F
2026-09-29T00:21:00Z,4150.10009765625,4151.89990234375,4148.39990234375,4149.0,82.0,yahoo,GC=F
2026-09-29T00:22:00Z,4149.2001953125,4150.7998046875,4148.2998046875,4149.0,49.0,yahoo,GC=F
2026-09-29T00:23:00Z,4148.7998046875,4149.0,4146.7998046875,4147.2001953125,80.0,yahoo,GC=F
2026-09-29T00:24:00Z,4147.39990234375,4150.0,4147.10009765625,4149.5,47.0,yahoo,GC=F
2026-09-29T00:25:00Z,4149.39990234375,4150.39990234375,4147.7001953125,4147.7001953125,73.0,yahoo,GC=F
2026-09-29T00:26:00Z,4147.89990234375,4151.2998046875,4147.60009765625,4151.10009765625,159.0,yahoo,GC=F
2026-09-29T00:27:00Z,4150.89990234375,4151.39990234375,4148.2998046875,4151.39990234375,55.0,yahoo,GC=F
2026-09-29T00:28:00Z,4151.2998046875,4154.7001953125,4151.2998046875,4153.89990234375,74.0,yahoo,GC=F
2026-09-29T00:29:00Z,4153.89990234375,4154.7001953125,4153.0,4153.60009765625,48.0,yahoo,GC=F
2026-09-29T00:30:00Z,4153.10009765625,4154.60009765625,4152.7001953125,4153.5,78.0,yahoo,GC=F
2026-09-29T00:31:00Z,4152.7998046875,4153.60009765625,4151.2998046875,4152.10009765625,89.0,yahoo,GC=F
2026-09-29T00:32:00Z,4151.7001953125,4154.10009765625,4151.60009765625,4154.10009765625,32.0,yahoo,GC=F
2026-09-29T00:33:00Z,4153.89990234375,4155.5,4153.60009765625,4155.39990234375,31.0,yahoo,GC=F
2026-09-29T00:34:00Z,4155.2998046875,4158.60009765625,4154.0,4157.39990234375,89.0,yahoo,GC=F
2026-09-29T00:35:00Z,4157.2998046875,4158.60009765625,4157.2998046875,4157.2998046875,44.0,yahoo,GC=F
2026-09-29T00:36:00Z,4157.10009765625,4157.7998046875,4156.2001953125,4157.2001953125,38.0,yahoo,GC=F
2026-09-29T00:37:00Z,4156.39990234375,4156.5,4155.7001953125,4156.5,16.0,yahoo,GC=F
2026-09-29T00:38:00Z,4156.2998046875,4156.2998046875,4154.7001953125,4155.60009765625,93.0,yahoo,GC=F
2026-09-29T00:39:00Z,4156.10009765625,4156.2998046875,4154.39990234375,4154.39990234375,58.0,yahoo,GC=F
2026-09-29T00:40:00Z,4154.2001953125,4154.39990234375,4153.5,4153.60009765625,20.0,yahoo,GC=F
2026-09-29T00:41:00Z,4153.7001953125,4155.89990234375,4153.39990234375,4154.89990234375,24.0,yahoo,GC=F
2026-09-29T00:42:00Z,4154.7998046875,4155.0,4153.7998046875,4154.2998046875,26.0,yahoo,GC=F
2026-09-29T00:43:00Z,4153.5,4154.2998046875,4153.2998046875,4153.7001953125,23.0,yahoo,GC=F
2026-09-29T00:44:00Z,4153.2001953125,4153.2001953125,4151.60009765625,4152.7998046875,63.0,yahoo,GC=F
2026-09-29T00:45:00Z,4152.2001953125,4152.2998046875,4149.0,4149.60009765625,77.0,yahoo,GC=F
2026-09-29T00:46:00Z,4149.39990234375,4151.2001953125,4149.2001953125,4149.2998046875,81.0,yahoo,GC=F
2026-09-29T00:47:00Z,4149.0,4150.0,4147.89990234375,4149.7001953125,134.0,yahoo,GC=F
2026-09-29T00:48:00Z,4149.5,4149.7998046875,4146.5,4149.2998046875,138.0,yahoo,GC=F
2026-09-29T00:49:00Z,4149.2998046875,4152.2001953125,4148.7001953125,4148.7001953125,73.0,yahoo,GC=F
2026-09-29T00:50:00Z,4149.60009765625,4151.7998046875,4149.5,4151.39990234375,49.0,yahoo,GC=F
2026-09-29T00:51:00Z,4152.2001953125,4152.2001953125,4147.60009765625,4147.60009765625,80.0,yahoo,GC=F
2026-09-29T00:52:00Z,4147.7998046875,4148.0,4146.2001953125,4147.7998046875,56.0,yahoo,GC=F
2026-09-29T00:53:00Z,4147.89990234375,4148.60009765625,4147.7001953125,4148.5,33.0,yahoo,GC=F
2026-09-29T00:54:00Z,4148.39990234375,4148.7001953125,4147.60009765625,4148.60009765625,28.0,yahoo,GC=F
2026-09-29T00:55:00Z,4148.7001953125,4151.7001953125,4148.60009765625,4149.2998046875,116.0,yahoo,GC=F
2026-09-29T00:56:00Z,4149.39990234375,4150.89990234375,4149.39990234375,4150.89990234375,39.0,yahoo,GC=F
2026-09-29T00:57:00Z,4150.5,4150.7998046875,4148.5,4148.60009765625,29.0,yahoo,GC=F
2026-09-29T00:58:00Z,4149.0,4153.7998046875,4148.89990234375,4153.7998046875,107.0,yahoo,GC=F
2026-09-29T00:59:00Z,4153.60009765625,4154.2998046875,4150.0,4150.0,105.0,yahoo,GC=F
2026-09-29T01:00:00Z,4149.2998046875,4150.60009765625,4145.2001953125,4148.0,447.0,yahoo,GC=F
2026-09-29T01:01:00Z,4148.39990234375,4154.10009765625,4146.0,4152.60009765625,219.0,yahoo,GC=F
2026-09-29T01:02:00Z,4152.7998046875,4156.60009765625,4152.7998046875,4153.60009765625,194.0,yahoo,GC=F
2026-09-29T01:03:00Z,4153.7001953125,4156.2001953125,4151.0,4156.2001953125,209.0,yahoo,GC=F
2026-09-29T01:04:00Z,4155.39990234375,4155.39990234375,4150.0,4150.39990234375,161.0,yahoo,GC=F
2026-09-29T01:05:00Z,4150.10009765625,4154.5,4149.2998046875,4153.5,112.0,yahoo,GC=F
2026-09-29T01:06:00Z,4154.5,4155.39990234375,4150.0,4150.10009765625,132.0,yahoo,GC=F
2026-09-29T01:07:00Z,4150.39990234375,4150.7998046875,4146.10009765625,4146.89990234375,149.0,yahoo,GC=F
2026-09-29T01:08:00Z,4147.5,4153.0,4147.2998046875,4151.5,143.0,yahoo,GC=F
2026-09-29T01:09:00Z,4151.5,4152.60009765625,4150.7998046875,4152.10009765625,47.0,yahoo,GC=F
2026-09-29T01:10:00Z,4152.5,4153.7001953125,4151.39990234375,4153.0,50.0,yahoo,GC=F
2026-09-29T01:11:00Z,4152.89990234375,4153.39990234375,4149.7001953125,4149.89990234375,70.0,yahoo,GC=F
2026-09-29T01:12:00Z,4151.10009765625,4156.2998046875,4151.10009765625,4156.10009765625,93.0,yahoo,GC=F
2026-09-29T01:13:00Z,4155.0,4156.0,4153.60009765625,4154.7998046875,70.0,yahoo,GC=F
2026-09-29T01:14:00Z,4154.7998046875,4157.39990234375,4154.5,4156.39990234375,137.0,yahoo,GC=F
2026-09-29T01:15:00Z,4156.39990234375,4159.0,4154.7001953125,4158.7998046875,222.0,yahoo,GC=F
2026-09-29T01:16:00Z,4158.7001953125,4160.0,4156.5,4156.5,222.0,yahoo,GC=F
2026-09-29T01:17:00Z,4156.10009765625,4156.39990234375,4151.10009765625,4151.5,186.0,yahoo,GC=F
2026-09-29T01:18:00Z,4151.7998046875,4152.7998046875,4148.5,4152.2001953125,197.0,yahoo,GC=F
2026-09-29T01:19:00Z,4152.0,4157.2001953125,4151.89990234375,4155.89990234375,88.0,yahoo,GC=F
2026-09-29T01:20:00Z,4156.5,4158.0,4156.2998046875,4157.2998046875,52.0,yahoo,GC=F
2026-09-29T01:21:00Z,4157.39990234375,4161.60009765625,4156.60009765625,4161.2998046875,189.0,yahoo,GC=F
2026-09-29T01:22:00Z,4161.39990234375,4162.7001953125,4156.89990234375,4158.2998046875,214.0,yahoo,GC=F
2026-09-29T01:23:00Z,4158.60009765625,4161.39990234375,4158.2998046875,4161.2998046875,82.0,yahoo,GC=F
2026-09-29T01:24:00Z,4160.7998046875,4163.0,4160.39990234375,4162.5,145.0,yahoo,GC=F
2026-09-29T01:25:00Z,4162.2998046875,4163.2001953125,4161.7001953125,4162.2998046875,139.0,yahoo,GC=F
2026-09-29T01:26:00Z,4162.5,4163.39990234375,4158.7001953125,4159.60009765625,455.0,yahoo,GC=F
2026-09-29T01:27:00Z,4159.60009765625,4161.10009765625,4159.10009765625,4160.5,94.0,yahoo,GC=F
2026-09-29T01:28:00Z,4161.10009765625,4162.89990234375,4160.89990234375,4162.89990234375,69.0,yahoo,GC=F
2026-09-29T01:29:00Z,4162.89990234375,4163.7998046875,4162.10009765625,4162.10009765625,48.0,yahoo,GC=F
2026-09-29T01:30:00Z,4161.7998046875,4163.39990234375,4160.60009765625,4163.39990234375,165.0,yahoo,GC=F
2026-09-29T01:31:00Z,4163.2998046875,4163.2998046875,4160.0,4160.0,120.0,yahoo,GC=F
2026-09-29T01:32:00Z,4160.10009765625,4161.0,4158.89990234375,4161.0,76.0,yahoo,GC=F
2026-09-29T01:33:00Z,4161.0,4163.2001953125,4160.10009765625,4160.10009765625,70.0,yahoo,GC=F
2026-09-29T01:34:00Z,4159.89990234375,4162.7998046875,4159.7998046875,4162.7998046875,65.0,yahoo,GC=F
2026-09-29T01:35:00Z,4162.5,4162.60009765625,4158.89990234375,4159.7998046875,63.0,yahoo,GC=F
2026-09-29T01:36:00Z,4159.60009765625,4160.39990234375,4157.60009765625,4159.60009765625,137.0,yahoo,GC=F
2026-09-29T01:37:00Z,4159.60009765625,4161.7998046875,4158.60009765625,4158.7998046875,72.0,yahoo,GC=F
2026-09-29T01:38:00Z,4158.7998046875,4159.7001953125,4157.5,4157.5,199.0,yahoo,GC=F
2026-09-29T01:39:00Z,4157.39990234375,4158.89990234375,4156.2998046875,4157.2998046875,106.0,yahoo,GC=F
2026-09-29T01:40:00Z,4156.89990234375,4158.5,4155.89990234375,4158.0,133.0,yahoo,GC=F
2026-09-29T01:41:00Z,4157.89990234375,4161.5,4157.5,4161.5,88.0,yahoo,GC=F
2026-09-29T01:42:00Z,4161.2001953125,4165.0,4161.2001953125,4163.10009765625,140.0,yahoo,GC=F
2026-09-29T01:43:00Z,4162.39990234375,4163.7998046875,4162.2998046875,4162.39990234375,64.0,yahoo,GC=F
2026-09-29T01:44:00Z,4162.39990234375,4165.7998046875,4162.2998046875,4165.60009765625,75.0,yahoo,GC=F
2026-09-29T01:45:00Z,4165.5,4166.7998046875,4164.2998046875,4166.10009765625,162.0,yahoo,GC=F
2026-09-29T01:46:00Z,4166.7001953125,4166.7001953125,4164.39990234375,4165.10009765625,75.0,yahoo,GC=F
2026-09-29T01:47:00Z,4165.10009765625,4167.10009765625,4165.10009765625,4166.60009765625,179.0,yahoo,GC=F
2026-09-29T01:48:00Z,4166.7998046875,4168.39990234375,4166.7998046875,4168.10009765625,167.0,yahoo,GC=F
2026-09-29T01:49:00Z,4167.7998046875,4168.60009765625,4166.39990234375,4166.60009765625,54.0,yahoo,GC=F
2026-09-29T01:50:00Z,4166.89990234375,4167.7001953125,4164.0,4164.7001953125,145.0,yahoo,GC=F
2026-09-29T01:51:00Z,4164.7998046875,4165.10009765625,4162.2001953125,4162.2001953125,112.0,yahoo,GC=F
2026-09-29T01:52:00Z,4162.0,4166.89990234375,4161.7998046875,4166.89990234375,91.0,yahoo,GC=F
2026-09-29T01:53:00Z,4166.7001953125,4167.0,4164.7001953125,4164.7001953125,78.0,yahoo,GC=F
2026-09-29T01:54:00Z,4164.10009765625,4167.7001953125,4164.10009765625,4167.2998046875,65.0,yahoo,GC=F
2026-09-29T01:55:00Z,4166.7998046875,4167.39990234375,4166.10009765625,4166.39990234375,33.0,yahoo,GC=F
2026-09-29T01:56:00Z,4166.60009765625,4166.60009765625,4165.39990234375,4166.2001953125,28.0,yahoo,GC=F
2026-09-29T01:57:00Z,4166.60009765625,4167.2998046875,4166.2998046875,4166.89990234375,13.0,yahoo,GC=F
2026-09-29T01:58:00Z,4167.60009765625,4167.89990234375,4167.0,4167.0,30.0,yahoo,GC=F
2026-09-29T01:59:00Z,4167.0,4167.0,4165.89990234375,4166.89990234375,27.0,yahoo,GC=F
2026-09-29T02:00:00Z,4167.10009765625,4167.60009765625,4165.7998046875,4166.2001953125,98.0,yahoo,GC=F
2026-09-29T02:01:00Z,4166.60009765625,4167.10009765625,4162.89990234375,4163.89990234375,130.0,yahoo,GC=F
2026-09-29T02:02:00Z,4164.0,4165.2998046875,4163.10009765625,4163.10009765625,46.0,yahoo,GC=F
2026-09-29T02:03:00Z,4163.10009765625,4164.10009765625,4161.89990234375,4162.0,54.0,yahoo,GC=F
2026-09-29T02:04:00Z,4162.0,4163.10009765625,4161.60009765625,4162.60009765625,123.0,yahoo,GC=F
2026-09-29T02:05:00Z,4162.10009765625,4163.2998046875,4161.7001953125,4162.5,34.0,yahoo,GC=F
2026-09-29T02:06:00Z,4162.0,4162.7001953125,4160.39990234375,4161.60009765625,67.0,yahoo,GC=F
2026-09-29T02:07:00Z,4161.39990234375,4162.7001953125,4159.10009765625,4159.10009765625,154.0,yahoo,GC=F
2026-09-29T02:08:00Z,4159.2998046875,4159.7001953125,4157.7998046875,4159.39990234375,175.0,yahoo,GC=F
2026-09-29T02:09:00Z,4159.89990234375,4160.2001953125,4158.60009765625,4158.60009765625,61.0,yahoo,GC=F
2026-09-29T02:10:00Z,4159.0,4161.2001953125,4158.7001953125,4161.0,59.0,yahoo,GC=F
2026-09-29T02:11:00Z,4161.0,4163.0,4161.0,4162.89990234375,74.0,yahoo,GC=F
2026-09-29T02:12:00Z,4162.7001953125,4164.5,4161.7001953125,4163.7001953125,173.0,yahoo,GC=F
2026-09-29T02:13:00Z,4163.2001953125,4164.2001953125,4162.0,4164.0,81.0,yahoo,GC=F
2026-09-29T02:14:00Z,4164.0,4164.2998046875,4163.2998046875,4163.60009765625,36.0,yahoo,GC=F
2026-09-29T02:15:00Z,4163.7001953125,4164.5,4162.5,4163.39990234375,104.0,yahoo,GC=F
2026-09-29T02:16:00Z,4163.2998046875,4164.2998046875,4162.60009765625,4163.60009765625,130.0,yahoo,GC=F
2026-09-29T02:17:00Z,4163.5,4163.7998046875,4162.7001953125,4162.89990234375,140.0,yahoo,GC=F
2026-09-29T02:18:00Z,4163.10009765625,4165.7998046875,4163.10009765625,4165.2998046875,99.0,yahoo,GC=F
2026-09-29T02:19:00Z,4165.60009765625,4166.5,4165.5,4166.5,60.0,yahoo,GC=F
2026-09-29T02:20:00Z,4166.0,4166.7001953125,4164.5,4165.5,294.0,yahoo,GC=F
2026-09-29T02:21:00Z,4165.2998046875,4165.39990234375,4162.60009765625,4163.2001953125,295.0,yahoo,GC=F
2026-09-29T02:22:00Z,4163.39990234375,4164.39990234375,4162.10009765625,4163.2998046875,189.0,yahoo,GC=F
2026-09-29T02:23:00Z,4163.5,4166.7001953125,4163.39990234375,4165.7001953125,247.0,yahoo,GC=F
2026-09-29T02:24:00Z,4166.10009765625,4167.39990234375,4164.60009765625,4164.60009765625,76.0,yahoo,GC=F
2026-09-29T02:25:00Z,4164.7001953125,4166.0,4163.60009765625,4166.0,81.0,yahoo,GC=F
2026-09-29T02:26:00Z,4165.89990234375,4166.10009765625,4163.5,4163.89990234375,52.0,yahoo,GC=F
2026-09-29T02:27:00Z,4163.89990234375,4164.89990234375,4163.60009765625,4164.60009765625,36.0,yahoo,GC=F
2026-09-29T02:28:00Z,4164.5,4165.2998046875,4163.7001953125,4164.7001953125,55.0,yahoo,GC=F
2026-09-29T02:29:00Z,4164.60009765625,4166.39990234375,4164.60009765625,4166.10009765625,29.0,yahoo,GC=F
2026-09-29T02:30:00Z,4166.2001953125,4168.2998046875,4166.2001953125,4166.5,112.0,yahoo,GC=F
2026-09-29T02:31:00Z,4166.5,4169.2001953125,4166.39990234375,4168.7001953125,92.0,yahoo,GC=F
2026-09-29T02:32:00Z,4168.5,4169.10009765625,4167.39990234375,4167.39990234375,49.0,yahoo,GC=F
2026-09-29T02:33:00Z,4167.2998046875,4167.2998046875,4166.2001953125,4166.7998046875,44.0,yahoo,GC=F
2026-09-29T02:34:00Z,4167.39990234375,4168.89990234375,4167.10009765625,4168.2998046875,45.0,yahoo,GC=F
2026-09-29T02:35:00Z,4168.39990234375,4168.5,4164.89990234375,4164.89990234375,48.0,yahoo,GC=F
2026-09-29T02:36:00Z,4164.89990234375,4166.2998046875,4164.7998046875,4165.39990234375,34.0,yahoo,GC=F
2026-09-29T02:37:00Z,4165.2001953125,4166.7001953125,4165.2001953125,4166.7001953125,48.0,yahoo,GC=F
2026-09-29T02:38:00Z,4166.5,4168.2001953125,4166.39990234375,4167.7001953125,31.0,yahoo,GC=F
2026-09-29T02:39:00Z,4168.0,4168.89990234375,4167.2001953125,4167.60009765625,58.0,yahoo,GC=F
2026-09-29T02:40:00Z,4167.2998046875,4167.5,4164.7001953125,4165.0,109.0,yahoo,GC=F
2026-09-29T02:41:00Z,4164.89990234375,4165.89990234375,4164.10009765625,4164.39990234375,116.0,yahoo,GC=F
2026-09-29T02:42:00Z,4164.39990234375,4165.89990234375,4164.39990234375,4165.60009765625,91.0,yahoo,GC=F
2026-09-29T02:43:00Z,4165.2001953125,4169.39990234375,4165.2001953125,4169.0,108.0,yahoo,GC=F
2026-09-29T02:44:00Z,4168.7001953125,4168.89990234375,4167.10009765625,4167.7001953125,58.0,yahoo,GC=F
2026-09-29T02:45:00Z,4167.5,4169.0,4166.89990234375,4168.89990234375,90.0,yahoo,GC=F
2026-09-29T02:46:00Z,4168.7998046875,4169.5,4168.10009765625,4168.10009765625,58.0,yahoo,GC=F
2026-09-29T02:47:00Z,4168.2001953125,4169.2998046875,4167.7998046875,4168.7001953125,49.0,yahoo,GC=F
2026-09-29T02:48:00Z,4168.7998046875,4170.0,4168.0,4169.89990234375,58.0,yahoo,GC=F
2026-09-29T02:49:00Z,4169.89990234375,4169.89990234375,4168.2001953125,4169.39990234375,65.0,yahoo,GC=F
2026-09-29T02:50:00Z,4169.7001953125,4169.89990234375,4168.89990234375,4169.10009765625,27.0,yahoo,GC=F
2026-09-29T02:51:00Z,4169.0,4169.39990234375,4167.5,4167.7001953125,53.0,yahoo,GC=F
2026-09-29T02:52:00Z,4167.7001953125,4169.10009765625,4167.7001953125,4167.89990234375,76.0,yahoo,GC=F
2026-09-29T02:53:00Z,4168.0,4168.5,4167.60009765625,4168.2001953125,60.0,yahoo,GC=F
2026-09-29T02:54:00Z,4168.39990234375,4168.89990234375,4167.7001953125,4168.39990234375,60.0,yahoo,GC=F
2026-09-29T02:55:00Z,4168.5,4169.89990234375,4167.39990234375,4168.7001953125,70.0,yahoo,GC=F
2026-09-29T02:56:00Z,4168.89990234375,4169.2998046875,4167.89990234375,4167.89990234375,33.0,yahoo,GC=F
2026-09-29T02:57:00Z,4167.7001953125,4170.5,4167.7001953125,4169.60009765625,91.0,yahoo,GC=F
2026-09-29T02:58:00Z,4169.5,4170.7001953125,4169.10009765625,4170.7001953125,58.0,yahoo,GC=F
2026-09-29T02:59:00Z,4169.7998046875,4169.7998046875,4168.7001953125,4168.7001953125,53.0,yahoo,GC=F
2026-09-29T03:00:00Z,4169.10009765625,4169.5,4168.0,4168.7998046875,66.0,yahoo,GC=F
2026-09-29T03:01:00Z,4169.0,4170.0,4169.0,4169.5,25.0,yahoo,GC=F
2026-09-29T03:02:00Z,4169.5,4170.2001953125,4167.7998046875,4169.89990234375,37.0,yahoo,GC=F
2026-09-29T03:03:00Z,4169.7001953125,4170.7001953125,4168.2998046875,4168.2998046875,30.0,yahoo,GC=F
2026-09-29T03:04:00Z,4168.10009765625,4168.2001953125,4166.2001953125,4166.2001953125,76.0,yahoo,GC=F
2026-09-29T03:05:00Z,4166.5,4167.2001953125,4165.60009765625,4167.2001953125,90.0,yahoo,GC=F
2026-09-29T03:06:00Z,4167.2998046875,4168.60009765625,4166.89990234375,4168.60009765625,99.0,yahoo,GC=F
2026-09-29T03:07:00Z,4168.5,4170.39990234375,4167.89990234375,4169.7998046875,102.0,yahoo,GC=F
2026-09-29T03:08:00Z,4169.7001953125,4169.7001953125,4167.0,4167.2998046875,386.0,yahoo,GC=F
2026-09-29T03:09:00Z,4167.5,4167.89990234375,4166.2001953125,4167.39990234375,338.0,yahoo,GC=F
2026-09-29T03:10:00Z,4167.2001953125,4167.7001953125,4165.60009765625,4167.5,221.0,yahoo,GC=F
2026-09-29T03:11:00Z,4167.2998046875,4167.2998046875,4165.60009765625,4165.7998046875,111.0,yahoo,GC=F
2026-09-29T03:12:00Z,4165.7001953125,4166.39990234375,4165.39990234375,4166.0,49.0,yahoo,GC=F
2026-09-29T03:13:00Z,4166.10009765625,4166.89990234375,4166.0,4166.0,42.0,yahoo,GC=F
2026-09-29T03:14:00Z,4165.7001953125,4166.2998046875,4165.5,4166.2998046875,24.0,yahoo,GC=F
2026-09-29T03:15:00Z,4166.39990234375,4167.2998046875,4166.2001953125,4167.10009765625,27.0,yahoo,GC=F
2026-09-29T03:16:00Z,4167.2998046875,4167.7001953125,4166.89990234375,4167.2998046875,62.0,yahoo,GC=F
2026-09-29T03:17:00Z,4167.2998046875,4167.5,4166.2001953125,4166.2001953125,70.0,yahoo,GC=F
2026-09-29T03:18:00Z,4166.39990234375,4167.0,4165.2001953125,4165.60009765625,110.0,yahoo,GC=F
2026-09-29T03:19:00Z,4166.5,4166.5,4165.5,4166.0,111.0,yahoo,GC=F
2026-09-29T03:20:00Z,4166.2998046875,4167.10009765625,4165.60009765625,4166.89990234375,143.0,yahoo,GC=F
2026-09-29T03:21:00Z,4166.89990234375,4168.5,4166.39990234375,4167.2998046875,270.0,yahoo,GC=F
2026-09-29T03:22:00Z,4167.2998046875,4167.39990234375,4166.0,4166.5,120.0,yahoo,GC=F
2026-09-29T03:23:00Z,4166.60009765625,4168.39990234375,4166.39990234375,4167.89990234375,172.0,yahoo,GC=F
2026-09-29T03:24:00Z,4167.60009765625,4168.5,4167.5,4168.5,19.0,yahoo,GC=F
2026-09-29T03:25:00Z,4168.39990234375,4169.39990234375,4167.2001953125,4169.0,142.0,yahoo,GC=F
2026-09-29T03:26:00Z,4169.2998046875,4169.89990234375,4168.0,4168.0,69.0,yahoo,GC=F
2026-09-29T03:27:00Z,4167.89990234375,4168.89990234375,4167.7001953125,4168.39990234375,37.0,yahoo,GC=F
2026-09-29T03:28:00Z,4168.39990234375,4171.10009765625,4168.2998046875,4170.7998046875,126.0,yahoo,GC=F
2026-09-29T03:29:00Z,4170.7998046875,4171.2001953125,4170.10009765625,4170.7001953125,92.0,yahoo,GC=F
2026-09-29T03:30:00Z,4170.60009765625,4171.5,4169.7001953125,4171.2001953125,65.0,yahoo,GC=F
2026-09-29T03:31:00Z,4171.10009765625,4171.7998046875,4170.60009765625,4170.7001953125,38.0,yahoo,GC=F
2026-09-29T03:32:00Z,4170.39990234375,4170.60009765625,4169.7001953125,4169.89990234375,26.0,yahoo,GC=F
2026-09-29T03:33:00Z,4169.7998046875,4170.2001953125,4169.10009765625,4169.7998046875,20.0,yahoo,GC=F
2026-09-29T03:34:00Z,4169.89990234375,4169.89990234375,4169.39990234375,4169.7998046875,5.0,yahoo,GC=F
2026-09-29T03:35:00Z,4170.0,4170.2998046875,4167.7001953125,4168.10009765625,78.0,yahoo,GC=F
2026-09-29T03:36:00Z,4168.10009765625,4168.7998046875,4168.10009765625,4168.7998046875,28.0,yahoo,GC=F
2026-09-29T03:37:00Z,4168.60009765625,4169.0,4167.60009765625,4168.2998046875,25.0,yahoo,GC=F
2026-09-29T03:38:00Z,4168.39990234375,4170.7001953125,4168.39990234375,4169.2998046875,61.0,yahoo,GC=F
2026-09-29T03:39:00Z,4169.10009765625,4171.0,4169.0,4170.89990234375,80.0,yahoo,GC=F
2026-09-29T03:40:00Z,4170.7998046875,4171.5,4169.7998046875,4171.2998046875,113.0,yahoo,GC=F
2026-09-29T03:41:00Z,4171.5,4171.7998046875,4171.2001953125,4171.2998046875,40.0,yahoo,GC=F
2026-09-29T03:42:00Z,4171.2001953125,4171.7001953125,4170.7998046875,4170.7998046875,23.0,yahoo,GC=F
2026-09-29T03:43:00Z,4170.7998046875,4171.7998046875,4170.10009765625,4170.2001953125,153.0,yahoo,GC=F
2026-09-29T03:44:00Z,4170.2998046875,4170.39990234375,4168.10009765625,4168.10009765625,48.0,yahoo,GC=F
2026-09-29T03:45:00Z,4168.2001953125,4168.2001953125,4167.0,4167.10009765625,56.0,yahoo,GC=F
2026-09-29T03:46:00Z,4167.2001953125,4167.60009765625,4165.7001953125,4165.7001953125,55.0,yahoo,GC=F
2026-09-29T03:47:00Z,4165.7001953125,4168.2001953125,4165.60009765625,4167.89990234375,90.0,yahoo,GC=F
2026-09-29T03:48:00Z,4167.89990234375,4168.2001953125,4167.2998046875,4168.10009765625,123.0,yahoo,GC=F
2026-09-29T03:49:00Z,4168.2998046875,4168.7001953125,4168.10009765625,4168.10009765625,11.0,yahoo,GC=F
2026-09-29T03:50:00Z,4168.10009765625,4168.10009765625,4167.5,4167.5,7.0,yahoo,GC=F
2026-09-29T03:51:00Z,4167.7001953125,4168.10009765625,4166.7998046875,4166.89990234375,67.0,yahoo,GC=F
2026-09-29T03:52:00Z,4166.7998046875,4166.7998046875,4166.0,4166.7001953125,36.0,yahoo,GC=F
2026-09-29T03:53:00Z,4166.7001953125,4167.0,4165.5,4165.7001953125,65.0,yahoo,GC=F
2026-09-29T03:54:00Z,4165.60009765625,4166.7001953125,4165.60009765625,4166.7001953125,40.0,yahoo,GC=F
2026-09-29T03:55:00Z,4166.7001953125,4167.0,4164.2001953125,4164.39990234375,172.0,yahoo,GC=F
2026-09-29T03:56:00Z,4164.39990234375,4165.10009765625,4163.0,4164.10009765625,124.0,yahoo,GC=F
2026-09-29T03:57:00Z,4163.7998046875,4164.60009765625,4162.7998046875,4164.0,52.0,yahoo,GC=F
2026-09-29T03:58:00Z,4163.89990234375,4164.2998046875,4163.2998046875,4164.10009765625,239.0,yahoo,GC=F
2026-09-29T04:00:00Z,4165.10009765625,4165.60009765625,4163.7998046875,4164.10009765625,0.0,yahoo,GC=F
2026-09-29T04:01:00Z,4164.10009765625,4164.2001953125,4163.0,4163.5,30.0,yahoo,GC=F
2026-09-29T04:02:00Z,4163.2001953125,4163.7001953125,4162.60009765625,4163.5,35.0,yahoo,GC=F
2026-09-29T04:03:00Z,4163.39990234375,4163.7001953125,4162.7998046875,4163.7001953125,37.0,yahoo,GC=F
2026-09-29T04:04:00Z,4163.2998046875,4163.60009765625,4162.7998046875,4163.39990234375,20.0,yahoo,GC=F
2026-09-29T04:05:00Z,4163.2998046875,4163.2998046875,4161.7998046875,4162.2001953125,34.0,yahoo,GC=F
2026-09-29T04:06:00Z,4162.5,4163.0,4162.0,4162.0,14.0,yahoo,GC=F
2026-09-29T04:07:00Z,4162.2998046875,4162.60009765625,4161.89990234375,4162.2001953125,7.0,yahoo,GC=F
2026-09-29T04:08:00Z,4162.10009765625,4162.7998046875,4161.7998046875,4162.2998046875,15.0,yahoo,GC=F
2026-09-29T04:09:00Z,4162.2001953125,4163.39990234375,4162.0,4163.2998046875,30.0,yahoo,GC=F
2026-09-29T04:10:00Z,4163.7001953125,4163.7001953125,4162.7001953125,4162.7001953125,34.0,yahoo,GC=F
2026-09-29T04:11:00Z,4162.2998046875,4163.0,4161.7001953125,4161.7998046875,49.0,yahoo,GC=F
2026-09-29T04:12:00Z,4161.89990234375,4163.7001953125,4161.2998046875,4162.2001953125,108.0,yahoo,GC=F
2026-09-29T04:13:00Z,4162.5,4163.10009765625,4162.2998046875,4162.7998046875,185.0,yahoo,GC=F
2026-09-29T04:14:00Z,4162.39990234375,4163.2001953125,4161.7998046875,4162.60009765625,71.0,yahoo,GC=F
2026-09-29T04:15:00Z,4162.5,4162.89990234375,4161.2001953125,4161.7001953125,359.0,yahoo,GC=F
2026-09-29T04:16:00Z,4161.7001953125,4163.5,4161.10009765625,4162.39990234375,99.0,yahoo,GC=F
2026-09-29T04:17:00Z,4162.5,4163.5,4162.2001953125,4162.60009765625,59.0,yahoo,GC=F
2026-09-29T04:18:00Z,4162.7998046875,4163.2998046875,4162.60009765625,4162.89990234375,28.0,yahoo,GC=F
2026-09-29T04:19:00Z,4162.89990234375,4162.89990234375,4162.2001953125,4162.2001953125,17.0,yahoo,GC=F
2026-09-29T04:20:00Z,4162.2001953125,4162.2001953125,4161.10009765625,4161.89990234375,29.0,yahoo,GC=F
2026-09-29T04:21:00Z,4162.0,4162.60009765625,4161.89990234375,4162.60009765625,17.0,yahoo,GC=F
2026-09-29T04:22:00Z,4162.2998046875,4162.5,4161.0,4161.2001953125,28.0,yahoo,GC=F
2026-09-29T04:23:00Z,4161.2998046875,4161.39990234375,4160.7998046875,4160.7998046875,13.0,yahoo,GC=F
2026-09-29T04:24:00Z,4160.7998046875,4161.2998046875,4160.5,4161.2998046875,53.0,yahoo,GC=F
2026-09-29T04:25:00Z,4161.2998046875,4161.5,4161.0,4161.2001953125,37.0,yahoo,GC=F
2026-09-29T04:26:00Z,4161.10009765625,4161.10009765625,4160.2001953125,4160.2001953125,23.0,yahoo,GC=F
2026-09-29T04:27:00Z,4160.2001953125,4160.89990234375,4159.7998046875,4160.5,52.0,yahoo,GC=F
2026-09-29T04:28:00Z,4160.39990234375,4161.0,4160.2998046875,4160.5,48.0,yahoo,GC=F
2026-09-29T04:29:00Z,4160.5,4161.2998046875,4160.5,4161.0,30.0,yahoo,GC=F
2026-09-29T04:30:00Z,4160.7001953125,4163.2001953125,4160.5,4162.7998046875,86.0,yahoo,GC=F
2026-09-29T04:31:00Z,4162.39990234375,4163.2001953125,4160.7998046875,4161.0,122.0,yahoo,GC=F
2026-09-29T04:32:00Z,4161.2998046875,4162.10009765625,4160.89990234375,4161.0,223.0,yahoo,GC=F
2026-09-29T04:33:00Z,4160.89990234375,4161.10009765625,4159.0,4159.2001953125,78.0,yahoo,GC=F
2026-09-29T04:34:00Z,4159.60009765625,4159.60009765625,4157.39990234375,4157.60009765625,78.0,yahoo,GC=F
2026-09-29T04:35:00Z,4157.7001953125,4158.2001953125,4157.2001953125,4157.39990234375,71.0,yahoo,GC=F
2026-09-29T04:36:00Z,4157.2998046875,4157.7001953125,4157.0,4157.10009765625,25.0,yahoo,GC=F
2026-09-29T04:37:00Z,4157.5,4157.5,4156.39990234375,4156.5,45.0,yahoo,GC=F
2026-09-29T04:38:00Z,4156.39990234375,4157.2001953125,4155.89990234375,4157.10009765625,279.0,yahoo,GC=F
2026-09-29T04:39:00Z,4157.2998046875,4157.7001953125,4156.39990234375,4157.5,59.0,yahoo,GC=F
2026-09-29T04:40:00Z,4157.5,4158.2998046875,4157.0,4157.10009765625,58.0,yahoo,GC=F
2026-09-29T04:41:00Z,4157.10009765625,4157.60009765625,4156.7001953125,4156.7001953125,13.0,yahoo,GC=F
2026-09-29T04:42:00Z,4157.10009765625,4158.2001953125,4156.39990234375,4158.2001953125,48.0,yahoo,GC=F
2026-09-29T04:43:00Z,4157.89990234375,4158.89990234375,4157.60009765625,4157.60009765625,30.0,yahoo,GC=F
2026-09-29T04:44:00Z,4157.7001953125,4158.39990234375,4157.2998046875,4158.39990234375,24.0,yahoo,GC=F
2026-09-29T04:45:00Z,4158.5,4158.7998046875,4158.10009765625,4158.2001953125,11.0,yahoo,GC=F
2026-09-29T04:46:00Z,4158.39990234375,4158.7998046875,4158.0,4158.5,22.0,yahoo,GC=F
2026-09-29T04:47:00Z,4158.2001953125,4158.5,4157.39990234375,4157.7998046875,28.0,yahoo,GC=F
2026-09-29T04:48:00Z,4157.7998046875,4157.7998046875,4157.5,4157.7998046875,6.0,yahoo,GC=F
2026-09-29T04:49:00Z,4157.60009765625,4158.5,4157.2001953125,4158.0,82.0,yahoo,GC=F
2026-09-29T04:50:00Z,4157.7998046875,4158.2001953125,4157.39990234375,4157.89990234375,22.0,yahoo,GC=F
2026-09-29T04:51:00Z,4158.10009765625,4158.60009765625,4157.7998046875,4158.5,28.0,yahoo,GC=F
2026-09-29T04:52:00Z,4158.60009765625,4160.0,4158.60009765625,4159.0,38.0,yahoo,GC=F
2026-09-29T04:53:00Z,4159.0,4159.5,4158.7001953125,4159.5,11.0,yahoo,GC=F
2026-09-29T04:54:00Z,4159.39990234375,4160.0,4158.60009765625,4159.10009765625,24.0,yahoo,GC=F
2026-09-29T04:55:00Z,4159.0,4159.10009765625,4158.39990234375,4158.89990234375,35.0,yahoo,GC=F
2026-09-29T04:56:00Z,4158.7998046875,4158.7998046875,4157.5,4157.7001953125,18.0,yahoo,GC=F
2026-09-29T04:57:00Z,4158.10009765625,4158.39990234375,4157.89990234375,4158.0,12.0,yahoo,GC=F
2026-09-29T04:58:00Z,4157.89990234375,4158.7998046875,4157.89990234375,4158.7998046875,66.0,yahoo,GC=F
2026-09-29T04:59:00Z,4158.7001953125,4158.7998046875,4157.7001953125,4158.2001953125,26.0,yahoo,GC=F
2026-09-29T05:00:00Z,4157.89990234375,4158.60009765625,4157.39990234375,4158.2998046875,41.0,yahoo,GC=F
2026-09-29T05:01:00Z,4158.89990234375,4159.7001953125,4158.2998046875,4159.7001953125,63.0,yahoo,GC=F
2026-09-29T05:02:00Z,4159.5,4159.89990234375,4159.10009765625,4159.10009765625,41.0,yahoo,GC=F
2026-09-29T05:03:00Z,4159.2998046875,4159.5,4159.0,4159.2998046875,29.0,yahoo,GC=F
2026-09-29T05:04:00Z,4159.2001953125,4160.2001953125,4159.2001953125,4160.2001953125,11.0,yahoo,GC=F
2026-09-29T05:05:00Z,4159.7001953125,4159.7998046875,4157.10009765625,4157.10009765625,39.0,yahoo,GC=F
2026-09-29T05:06:00Z,4157.2001953125,4158.7998046875,4157.0,4158.0,55.0,yahoo,GC=F
2026-09-29T05:07:00Z,4158.0,4158.7998046875,4158.0,4158.5,42.0,yahoo,GC=F
2026-09-29T05:08:00Z,4158.7001953125,4160.7998046875,4158.7001953125,4160.0,80.0,yahoo,GC=F
2026-09-29T05:09:00Z,4160.2001953125,4161.60009765625,4160.2001953125,4161.0,53.0,yahoo,GC=F
2026-09-29T05:10:00Z,4161.0,4161.0,4157.89990234375,4158.2001953125,36.0,yahoo,GC=F
2026-09-29T05:11:00Z,4158.7001953125,4160.2001953125,4158.7001953125,4160.2001953125,12.0,yahoo,GC=F
2026-09-29T05:12:00Z,4160.39990234375,4160.39990234375,4158.7001953125,4159.60009765625,28.0,yahoo,GC=F
2026-09-29T05:13:00Z,4159.7001953125,4160.60009765625,4159.60009765625,4160.2998046875,39.0,yahoo,GC=F
2026-09-29T05:14:00Z,4160.10009765625,4160.10009765625,4159.7001953125,4159.7998046875,17.0,yahoo,GC=F
2026-09-29T05:15:00Z,4159.89990234375,4160.10009765625,4158.60009765625,4158.60009765625,50.0,yahoo,GC=F
2026-09-29T05:16:00Z,4158.60009765625,4159.2998046875,4158.10009765625,4159.10009765625,20.0,yahoo,GC=F
2026-09-29T05:17:00Z,4159.10009765625,4161.2001953125,4158.2998046875,4161.2001953125,51.0,yahoo,GC=F
2026-09-29T05:18:00Z,4161.60009765625,4162.5,4161.10009765625,4162.2001953125,82.0,yahoo,GC=F
2026-09-29T05:19:00Z,4162.39990234375,4162.7998046875,4161.2998046875,4161.7001953125,59.0,yahoo,GC=F
2026-09-29T05:20:00Z,4161.7998046875,4162.0,4160.39990234375,4162.0,87.0,yahoo,GC=F
2026-09-29T05:21:00Z,4162.10009765625,4162.2998046875,4160.39990234375,4161.2998046875,62.0,yahoo,GC=F
2026-09-29T05:22:00Z,4161.39990234375,4162.89990234375,4161.2998046875,4162.7998046875,56.0,yahoo,GC=F
2026-09-29T05:23:00Z,4162.7998046875,4163.60009765625,4162.7001953125,4163.2998046875,44.0,yahoo,GC=F
2026-09-29T05:24:00Z,4163.60009765625,4164.2998046875,4162.7001953125,4163.10009765625,114.0,yahoo,GC=F
2026-09-29T05:25:00Z,4163.0,4163.2998046875,4162.5,4162.7998046875,44.0,yahoo,GC=F
2026-09-29T05:26:00Z,4162.5,4163.5,4162.2998046875,4162.39990234375,34.0,yahoo,GC=F
2026-09-29T05:27:00Z,4162.5,4162.7998046875,4161.39990234375,4161.5,19.0,yahoo,GC=F
2026-09-29T05:28:00Z,4160.89990234375,4162.2998046875,4159.5,4162.2001953125,117.0,yahoo,GC=F
2026-09-29T05:29:00Z,4162.0,4162.2998046875,4161.2998046875,4161.2998046875,32.0,yahoo,GC=F
2026-09-29T05:30:00Z,4161.2001953125,4161.5,4157.2998046875,4158.7001953125,264.0,yahoo,GC=F
2026-09-29T05:31:00Z,4158.2001953125,4159.0,4157.0,4157.2998046875,70.0,yahoo,GC=F
2026-09-29T05:32:00Z,4157.10009765625,4157.2001953125,4155.39990234375,4155.5,81.0,yahoo,GC=F
2026-09-29T05:33:00Z,4155.39990234375,4155.7001953125,4153.2001953125,4153.39990234375,95.0,yahoo,GC=F
2026-09-29T05:34:00Z,4153.2998046875,4156.10009765625,4153.10009765625,4155.2998046875,95.0,yahoo,GC=F
2026-09-29T05:35:00Z,4155.2998046875,4156.7001953125,4154.39990234375,4156.5,75.0,yahoo,GC=F
2026-09-29T05:36:00Z,4156.39990234375,4157.0,4155.39990234375,4156.2001953125,61.0,yahoo,GC=F
2026-09-29T05:37:00Z,4156.5,4157.2998046875,4155.89990234375,4156.2001953125,69.0,yahoo,GC=F
2026-09-29T05:38:00Z,4156.39990234375,4161.10009765625,4156.39990234375,4161.10009765625,109.0,yahoo,GC=F
2026-09-29T05:39:00Z,4161.2001953125,4166.7998046875,4161.2001953125,4166.39990234375,440.0,yahoo,GC=F
2026-09-29T05:40:00Z,4166.5,4167.60009765625,4165.60009765625,4166.2998046875,205.0,yahoo,GC=F
2026-09-29T05:41:00Z,4166.2998046875,4166.2998046875,4165.2001953125,4166.2001953125,46.0,yahoo,GC=F
2026-09-29T05:42:00Z,4165.7001953125,4165.7001953125,4164.0,4164.2998046875,46.0,yahoo,GC=F
2026-09-29T05:43:00Z,4164.89990234375,4168.5,4163.7001953125,4168.2001953125,92.0,yahoo,GC=F
2026-09-29T05:44:00Z,4168.2001953125,4171.60009765625,4168.2001953125,4169.2001953125,191.0,yahoo,GC=F
2026-09-29T05:45:00Z,4170.2001953125,4170.2001953125,4165.5,4165.60009765625,131.0,yahoo,GC=F
2026-09-29T05:46:00Z,4166.10009765625,4166.89990234375,4165.60009765625,4166.5,51.0,yahoo,GC=F
2026-09-29T05:47:00Z,4166.7001953125,4167.5,4166.0,4167.2001953125,42.0,yahoo,GC=F
2026-09-29T05:48:00Z,4167.10009765625,4168.0,4166.7001953125,4167.39990234375,33.0,yahoo,GC=F
2026-09-29T05:49:00Z,4167.2001953125,4168.0,4167.10009765625,4168.0,19.0,yahoo,GC=F
2026-09-29T05:50:00Z,4167.39990234375,4168.89990234375,4167.39990234375,4168.89990234375,46.0,yahoo,GC=F
2026-09-29T05:51:00Z,4169.10009765625,4169.89990234375,4167.5,4168.5,33.0,yahoo,GC=F
2026-09-29T05:52:00Z,4168.7001953125,4170.89990234375,4168.2998046875,4170.0,139.0,yahoo,GC=F
2026-09-29T05:53:00Z,4170.5,4176.10009765625,4169.39990234375,4175.5,490.0,yahoo,GC=F
2026-09-29T05:54:00Z,4176.0,4176.2001953125,4173.2998046875,4173.60009765625,117.0,yahoo,GC=F
2026-09-29T05:55:00Z,4173.7998046875,4174.5,4173.10009765625,4174.5,70.0,yahoo,GC=F
2026-09-29T05:56:00Z,4173.2998046875,4174.39990234375,4172.0,4172.0,82.0,yahoo,GC=F
2026-09-29T05:57:00Z,4171.7998046875,4172.5,4169.89990234375,4169.89990234375,90.0,yahoo,GC=F
2026-09-29T05:58:00Z,4169.2998046875,4169.60009765625,4168.0,4169.2998046875,77.0,yahoo,GC=F
2026-09-29T05:59:00Z,4169.2001953125,4171.0,4168.7998046875,4169.7001953125,127.0,yahoo,GC=F
2026-09-29T06:00:00Z,4170.39990234375,4174.7001953125,4169.7998046875,4171.2001953125,377.0,yahoo,GC=F
2026-09-29T06:01:00Z,4171.10009765625,4172.10009765625,4170.2001953125,4170.2001953125,106.0,yahoo,GC=F
2026-09-29T06:02:00Z,4170.2001953125,4171.7998046875,4170.2001953125,4171.7998046875,88.0,yahoo,GC=F
2026-09-29T06:03:00Z,4172.0,4174.39990234375,4171.0,4174.0,119.0,yahoo,GC=F
2026-09-29T06:04:00Z,4174.10009765625,4174.39990234375,4172.60009765625,4173.60009765625,95.0,yahoo,GC=F
2026-09-29T06:05:00Z,4173.7998046875,4174.7998046875,4172.89990234375,4173.89990234375,71.0,yahoo,GC=F
2026-09-29T06:06:00Z,4173.7001953125,4174.10009765625,4172.39990234375,4173.2001953125,81.0,yahoo,GC=F
2026-09-29T06:07:00Z,4173.7001953125,4174.10009765625,4172.2001953125,4173.2001953125,99.0,yahoo,GC=F
2026-09-29T06:08:00Z,4173.2998046875,4176.7998046875,4173.2998046875,4176.0,202.0,yahoo,GC=F
2026-09-29T06:09:00Z,4175.89990234375,4176.10009765625,4174.7998046875,4175.10009765625,97.0,yahoo,GC=F
2026-09-29T06:10:00Z,4175.2998046875,4176.5,4174.7001953125,4176.5,116.0,yahoo,GC=F
2026-09-29T06:11:00Z,4176.5,4177.2001953125,4175.89990234375,4176.7001953125,157.0,yahoo,GC=F
2026-09-29T06:12:00Z,4176.7998046875,4177.0,4175.89990234375,4176.89990234375,73.0,yahoo,GC=F
2026-09-29T06:13:00Z,4176.7998046875,4179.39990234375,4176.7998046875,4178.89990234375,233.0,yahoo,GC=F
2026-09-29T06:14:00Z,4178.7998046875,4179.5,4178.2001953125,4178.2001953125,75.0,yahoo,GC=F
2026-09-29T06:15:00Z,4178.5,4179.2001953125,4176.60009765625,4176.7001953125,110.0,yahoo,GC=F
2026-09-29T06:16:00Z,4176.5,4176.7001953125,4175.2001953125,4176.2001953125,86.0,yahoo,GC=F
2026-09-29T06:17:00Z,4175.7998046875,4175.7998046875,4172.60009765625,4173.2001953125,173.0,yahoo,GC=F
2026-09-29T06:18:00Z,4172.89990234375,4174.0,4171.7001953125,4173.10009765625,122.0,yahoo,GC=F
2026-09-29T06:19:00Z,4173.2998046875,4175.2001953125,4173.0,4173.5,66.0,yahoo,GC=F
2026-09-29T06:20:00Z,4173.5,4174.0,4172.7998046875,4173.89990234375,80.0,yahoo,GC=F
2026-09-29T06:21:00Z,4174.2001953125,4175.2998046875,4174.2001953125,4175.2998046875,40.0,yahoo,GC=F
2026-09-29T06:22:00Z,4175.2001953125,4177.7998046875,4174.2998046875,4176.2001953125,254.0,yahoo,GC=F
2026-09-29T06:23:00Z,4176.2998046875,4176.5,4175.2001953125,4175.7001953125,92.0,yahoo,GC=F
2026-09-29T06:24:00Z,4175.5,4176.2001953125,4174.39990234375,4175.2998046875,46.0,yahoo,GC=F
2026-09-29T06:25:00Z,4174.89990234375,4175.7001953125,4173.2998046875,4173.2998046875,97.0,yahoo,GC=F
2026-09-29T06:26:00Z,4173.39990234375,4174.39990234375,4173.39990234375,4174.10009765625,36.0,yahoo,GC=F
2026-09-29T06:27:00Z,4174.0,4175.10009765625,4173.89990234375,4174.2001953125,26.0,yahoo,GC=F
2026-09-29T06:28:00Z,4174.60009765625,4176.10009765625,4174.39990234375,4174.7001953125,39.0,yahoo,GC=F
2026-09-29T06:29:00Z,4174.89990234375,4175.89990234375,4174.7001953125,4174.7001953125,51.0,yahoo,GC=F
2026-09-29T06:30:00Z,4175.10009765625,4175.10009765625,4174.2998046875,4175.0,148.0,yahoo,GC=F
2026-09-29T06:31:00Z,4175.0,4175.7998046875,4174.2998046875,4175.2998046875,49.0,yahoo,GC=F
2026-09-29T06:32:00Z,4175.2001953125,4176.7998046875,4174.0,4176.2998046875,30.0,yahoo,GC=F
2026-09-29T06:33:00Z,4176.2998046875,4177.0,4175.5,4175.89990234375,39.0,yahoo,GC=F
2026-09-29T06:34:00Z,4175.7998046875,4175.7998046875,4175.10009765625,4175.5,30.0,yahoo,GC=F
2026-09-29T06:35:00Z,4175.2001953125,4175.39990234375,4174.39990234375,4174.39990234375,35.0,yahoo,GC=F
2026-09-29T06:36:00Z,4174.60009765625,4174.60009765625,4174.0,4174.5,16.0,yahoo,GC=F
2026-09-29T06:37:00Z,4174.7001953125,4175.2001953125,4173.7998046875,4174.39990234375,47.0,yahoo,GC=F
2026-09-29T06:38:00Z,4174.2001953125,4175.2001953125,4174.10009765625,4174.7998046875,16.0,yahoo,GC=F
2026-09-29T06:39:00Z,4174.89990234375,4175.7998046875,4174.7001953125,4174.7001953125,48.0,yahoo,GC=F
2026-09-29T06:40:00Z,4174.7998046875,4175.0,4174.0,4175.0,34.0,yahoo,GC=F
2026-09-29T06:41:00Z,4174.39990234375,4175.7998046875,4174.39990234375,4175.39990234375,45.0,yahoo,GC=F
2026-09-29T06:42:00Z,4176.0,4176.7001953125,4175.7998046875,4176.2998046875,77.0,yahoo,GC=F
2026-09-29T06:43:00Z,4176.2001953125,4176.5,4175.2998046875,4175.60009765625,42.0,yahoo,GC=F
2026-09-29T06:44:00Z,4175.60009765625,4175.60009765625,4173.5,4175.2001953125,105.0,yahoo,GC=F
2026-09-29T06:45:00Z,4175.10009765625,4175.10009765625,4174.2001953125,4174.60009765625,47.0,yahoo,GC=F
2026-09-29T06:46:00Z,4174.60009765625,4175.0,4173.89990234375,4173.89990234375,47.0,yahoo,GC=F
2026-09-29T06:47:00Z,4173.7001953125,4174.2001953125,4173.2998046875,4173.7998046875,32.0,yahoo,GC=F
2026-09-29T06:48:00Z,4173.60009765625,4174.0,4173.2001953125,4173.60009765625,29.0,yahoo,GC=F
2026-09-29T06:49:00Z,4173.39990234375,4174.0,4173.2998046875,4173.60009765625,34.0,yahoo,GC=F
2026-09-29T06:50:00Z,4173.7001953125,4174.0,4172.10009765625,4172.2998046875,45.0,yahoo,GC=F
2026-09-29T06:51:00Z,4172.2001953125,4172.2001953125,4171.5,4171.5,45.0,yahoo,GC=F
2026-09-29T06:52:00Z,4172.2001953125,4173.0,4171.7998046875,4172.5,43.0,yahoo,GC=F
2026-09-29T06:53:00Z,4173.2001953125,4173.39990234375,4172.5,4172.5,14.0,yahoo,GC=F
2026-09-29T06:54:00Z,4172.5,4173.7998046875,4172.5,4173.2998046875,25.0,yahoo,GC=F
2026-09-29T06:55:00Z,4173.0,4173.2998046875,4172.2001953125,4172.2001953125,14.0,yahoo,GC=F
2026-09-29T06:56:00Z,4172.60009765625,4172.60009765625,4171.89990234375,4171.89990234375,7.0,yahoo,GC=F
2026-09-29T06:57:00Z,4172.60009765625,4172.89990234375,4171.5,4172.0,65.0,yahoo,GC=F
2026-09-29T06:58:00Z,4171.89990234375,4171.89990234375,4170.60009765625,4170.60009765625,82.0,yahoo,GC=F
2026-09-29T06:59:00Z,4170.7001953125,4172.10009765625,4170.7001953125,4171.7001953125,53.0,yahoo,GC=F
2026-09-29T07:00:00Z,4171.5,4172.10009765625,4169.7001953125,4169.89990234375,219.0,yahoo,GC=F
2026-09-29T07:01:00Z,4169.7001953125,4169.7001953125,4167.39990234375,4167.39990234375,87.0,yahoo,GC=F
2026-09-29T07:02:00Z,4167.7001953125,4169.0,4167.39990234375,4169.0,117.0,yahoo,GC=F
2026-09-29T07:03:00Z,4169.0,4170.7998046875,4168.5,4170.2998046875,91.0,yahoo,GC=F
2026-09-29T07:04:00Z,4170.39990234375,4172.5,4170.39990234375,4171.7998046875,88.0,yahoo,GC=F
2026-09-29T07:05:00Z,4172.0,4174.5,4172.0,4174.5,109.0,yahoo,GC=F
2026-09-29T07:06:00Z,4174.2998046875,4175.2001953125,4174.10009765625,4174.2998046875,94.0,yahoo,GC=F
2026-09-29T07:07:00Z,4174.10009765625,4175.89990234375,4174.0,4175.39990234375,68.0,yahoo,GC=F
2026-09-29T07:08:00Z,4175.7998046875,4176.60009765625,4175.0,4175.2001953125,110.0,yahoo,GC=F
2026-09-29T07:09:00Z,4175.2001953125,4176.5,4174.7001953125,4175.5,125.0,yahoo,GC=F
2026-09-29T07:10:00Z,4175.7998046875,4175.89990234375,4173.5,4175.10009765625,169.0,yahoo,GC=F
2026-09-29T07:11:00Z,4174.7001953125,4176.10009765625,4173.2998046875,4175.39990234375,71.0,yahoo,GC=F
2026-09-29T07:12:00Z,4174.89990234375,4175.5,4174.60009765625,4175.39990234375,32.0,yahoo,GC=F
2026-09-29T07:13:00Z,4175.2998046875,4176.0,4174.7998046875,4175.5,65.0,yahoo,GC=F
2026-09-29T07:14:00Z,4174.89990234375,4175.2998046875,4174.60009765625,4175.2001953125,34.0,yahoo,GC=F
2026-09-29T07:15:00Z,4175.7998046875,4177.2001953125,4175.39990234375,4175.89990234375,94.0,yahoo,GC=F
2026-09-29T07:16:00Z,4176.0,4176.0,4174.39990234375,4174.7001953125,128.0,yahoo,GC=F
2026-09-29T07:17:00Z,4174.7001953125,4175.2998046875,4174.10009765625,4174.2998046875,83.0,yahoo,GC=F
2026-09-29T07:18:00Z,4174.2998046875,4175.2998046875,4174.2001953125,4174.7998046875,78.0,yahoo,GC=F
2026-09-29T07:19:00Z,4174.7998046875,4177.10009765625,4174.7998046875,4177.10009765625,94.0,yahoo,GC=F
2026-09-29T07:20:00Z,4176.7998046875,4177.39990234375,4176.60009765625,4177.39990234375,87.0,yahoo,GC=F
2026-09-29T07:21:00Z,4177.2998046875,4178.0,4176.7998046875,4176.89990234375,74.0,yahoo,GC=F
2026-09-29T07:22:00Z,4176.7001953125,4177.89990234375,4175.7998046875,4177.89990234375,55.0,yahoo,GC=F
2026-09-29T07:23:00Z,4177.5,4178.7001953125,4176.89990234375,4178.0,94.0,yahoo,GC=F
2026-09-29T07:24:00Z,4178.0,4178.60009765625,4177.5,4178.2001953125,88.0,yahoo,GC=F
2026-09-29T07:25:00Z,4178.2998046875,4180.2998046875,4178.2998046875,4179.60009765625,205.0,yahoo,GC=F
2026-09-29T07:26:00Z,4179.5,4180.2998046875,4179.0,4179.2001953125,71.0,yahoo,GC=F
2026-09-29T07:27:00Z,4179.2998046875,4179.89990234375,4178.7001953125,4179.0,39.0,yahoo,GC=F
2026-09-29T07:28:00Z,4179.10009765625,4179.5,4178.10009765625,4179.39990234375,78.0,yahoo,GC=F
2026-09-29T07:29:00Z,4179.2001953125,4179.2001953125,4178.0,4178.10009765625,47.0,yahoo,GC=F
2026-09-29T07:30:00Z,4178.2001953125,4178.2998046875,4175.39990234375,4176.2001953125,137.0,yahoo,GC=F
2026-09-29T07:31:00Z,4176.10009765625,4176.2998046875,4172.5,4173.10009765625,218.0,yahoo,GC=F
2026-09-29T07:32:00Z,4173.2001953125,4175.10009765625,4172.89990234375,4175.10009765625,133.0,yahoo,GC=F
2026-09-29T07:33:00Z,4175.39990234375,4176.0,4174.60009765625,4175.39990234375,77.0,yahoo,GC=F
2026-09-29T07:34:00Z,4175.7001953125,4176.0,4174.2001953125,4175.10009765625,49.0,yahoo,GC=F
2026-09-29T07:35:00Z,4175.2001953125,4176.7998046875,4174.7998046875,4176.2998046875,42.0,yahoo,GC=F
2026-09-29T07:36:00Z,4176.2998046875,4176.89990234375,4175.10009765625,4176.60009765625,87.0,yahoo,GC=F
2026-09-29T07:37:00Z,4175.60009765625,4177.2998046875,4175.39990234375,4175.5,101.0,yahoo,GC=F
2026-09-29T07:38:00Z,4176.2001953125,4177.7001953125,4176.2001953125,4177.39990234375,32.0,yahoo,GC=F
2026-09-29T07:39:00Z,4177.39990234375,4180.89990234375,4176.10009765625,4176.7001953125,462.0,yahoo,GC=F
2026-09-29T07:40:00Z,4176.7998046875,4177.7998046875,4174.60009765625,4177.7998046875,122.0,yahoo,GC=F
2026-09-29T07:41:00Z,4177.60009765625,4177.7998046875,4175.39990234375,4176.0,96.0,yahoo,GC=F
2026-09-29T07:42:00Z,4175.7998046875,4175.89990234375,4175.10009765625,4175.39990234375,22.0,yahoo,GC=F
2026-09-29T07:43:00Z,4175.60009765625,4176.0,4174.89990234375,4174.89990234375,23.0,yahoo,GC=F
2026-09-29T07:44:00Z,4174.7998046875,4174.89990234375,4173.2998046875,4174.10009765625,67.0,yahoo,GC=F
2026-09-29T07:45:00Z,4174.39990234375,4174.5,4173.5,4174.2001953125,25.0,yahoo,GC=F
2026-09-29T07:46:00Z,4174.0,4174.0,4173.2998046875,4173.89990234375,16.0,yahoo,GC=F
2026-09-29T07:47:00Z,4174.5,4174.5,4173.60009765625,4174.0,37.0,yahoo,GC=F
2026-09-29T07:48:00Z,4173.89990234375,4174.89990234375,4173.7001953125,4174.7001953125,63.0,yahoo,GC=F
2026-09-29T07:49:00Z,4174.7001953125,4174.7998046875,4173.60009765625,4173.60009765625,16.0,yahoo,GC=F
2026-09-29T07:50:00Z,4173.5,4174.2001953125,4172.2998046875,4174.0,94.0,yahoo,GC=F
2026-09-29T07:51:00Z,4173.7998046875,4174.10009765625,4173.2998046875,4174.0,24.0,yahoo,GC=F
2026-09-29T07:52:00Z,4174.10009765625,4174.89990234375,4172.7998046875,4173.0,30.0,yahoo,GC=F
2026-09-29T07:53:00Z,4173.0,4173.2998046875,4172.2998046875,4173.2001953125,63.0,yahoo,GC=F
2026-09-29T07:54:00Z,4173.2998046875,4174.0,4172.39990234375,4172.39990234375,46.0,yahoo,GC=F
2026-09-29T07:55:00Z,4172.2001953125,4172.39990234375,4171.5,4171.89990234375,80.0,yahoo,GC=F
2026-09-29T07:56:00Z,4171.89990234375,4172.7001953125,4171.60009765625,4172.0,143.0,yahoo,GC=F
2026-09-29T07:57:00Z,4172.10009765625,4172.10009765625,4171.2001953125,4171.39990234375,56.0,yahoo,GC=F
2026-09-29T07:58:00Z,4171.39990234375,4172.5,4171.2998046875,4172.2998046875,44.0,yahoo,GC=F
2026-09-29T07:59:00Z,4171.7001953125,4173.0,4171.7001953125,4172.39990234375,62.0,yahoo,GC=F
2026-09-29T08:00:00Z,4172.89990234375,4173.7998046875,4172.2998046875,4172.89990234375,61.0,yahoo,GC=F
2026-09-29T08:01:00Z,4172.89990234375,4174.39990234375,4172.5,4174.0,41.0,yahoo,GC=F
2026-09-29T08:02:00Z,4173.89990234375,4175.0,4173.60009765625,4174.89990234375,41.0,yahoo,GC=F
2026-09-29T08:03:00Z,4174.7998046875,4175.5,4174.10009765625,4174.7998046875,80.0,yahoo,GC=F
2026-09-29T08:04:00Z,4174.5,4174.60009765625,4172.10009765625,4172.2998046875,78.0,yahoo,GC=F
2026-09-29T08:05:00Z,4172.5,4172.7001953125,4170.10009765625,4170.7998046875,216.0,yahoo,GC=F
2026-09-29T08:06:00Z,4170.60009765625,4171.60009765625,4170.39990234375,4170.7998046875,80.0,yahoo,GC=F
2026-09-29T08:07:00Z,4170.7998046875,4171.89990234375,4169.39990234375,4169.60009765625,68.0,yahoo,GC=F
2026-09-29T08:08:00Z,4169.89990234375,4170.5,4169.7001953125,4170.5,148.0,yahoo,GC=F
2026-09-29T08:09:00Z,4170.2001953125,4171.10009765625,4170.2001953125,4171.10009765625,47.0,yahoo,GC=F
2026-09-29T08:10:00Z,4171.10009765625,4171.89990234375,4170.0,4170.2001953125,48.0,yahoo,GC=F
2026-09-29T08:11:00Z,4170.0,4171.2001953125,4169.7001953125,4171.10009765625,51.0,yahoo,GC=F
2026-09-29T08:12:00Z,4171.2001953125,4171.7998046875,4170.5,4171.5,22.0,yahoo,GC=F
2026-09-29T08:13:00Z,4171.2998046875,4172.7001953125,4171.2001953125,4172.10009765625,28.0,yahoo,GC=F
2026-09-29T08:14:00Z,4172.39990234375,4173.2001953125,4172.10009765625,4172.10009765625,47.0,yahoo,GC=F
2026-09-29T08:15:00Z,4172.2998046875,4174.0,4172.2998046875,4173.5,79.0,yahoo,GC=F
2026-09-29T08:16:00Z,4173.2998046875,4174.7001953125,4173.2998046875,4174.7001953125,86.0,yahoo,GC=F
2026-09-29T08:17:00Z,4175.0,4176.10009765625,4174.89990234375,4175.0,81.0,yahoo,GC=F
2026-09-29T08:18:00Z,4175.0,4175.0,4174.0,4174.5,36.0,yahoo,GC=F
2026-09-29T08:19:00Z,4174.10009765625,4176.0,4174.10009765625,4175.89990234375,53.0,yahoo,GC=F
2026-09-29T08:20:00Z,4176.0,4176.39990234375,4175.39990234375,4176.39990234375,43.0,yahoo,GC=F
2026-09-29T08:21:00Z,4176.39990234375,4178.2998046875,4176.2998046875,4177.2001953125,214.0,yahoo,GC=F
2026-09-29T08:22:00Z,4177.2998046875,4177.60009765625,4175.39990234375,4175.5,68.0,yahoo,GC=F
2026-09-29T08:23:00Z,4175.7001953125,4176.2998046875,4175.0,4175.39990234375,50.0,yahoo,GC=F
2026-09-29T08:24:00Z,4175.2998046875,4175.5,4172.89990234375,4173.7998046875,119.0,yahoo,GC=F
2026-09-29T08:25:00Z,4173.60009765625,4173.60009765625,4172.7998046875,4173.10009765625,40.0,yahoo,GC=F
2026-09-29T08:26:00Z,4172.7001953125,4173.10009765625,4171.7998046875,4172.60009765625,57.0,yahoo,GC=F
2026-09-29T08:27:00Z,4172.89990234375,4173.5,4172.7001953125,4173.5,39.0,yahoo,GC=F
2026-09-29T08:28:00Z,4173.2998046875,4173.2998046875,4172.0,4172.2998046875,16.0,yahoo,GC=F
2026-09-29T08:29:00Z,4171.89990234375,4174.60009765625,4171.89990234375,4173.7001953125,58.0,yahoo,GC=F
2026-09-29T08:30:00Z,4173.5,4174.0,4172.10009765625,4172.10009765625,58.0,yahoo,GC=F
2026-09-29T08:31:00Z,4172.10009765625,4173.89990234375,4172.10009765625,4172.7001953125,54.0,yahoo,GC=F
2026-09-29T08:32:00Z,4172.7998046875,4173.5,4172.2001953125,4173.5,40.0,yahoo,GC=F
2026-09-29T08:33:00Z,4172.89990234375,4172.89990234375,4170.89990234375,4171.7998046875,36.0,yahoo,GC=F
2026-09-29T08:34:00Z,4171.5,4171.5,4169.5,4170.2001953125,109.0,yahoo,GC=F
2026-09-29T08:35:00Z,4170.2001953125,4170.89990234375,4169.7998046875,4170.7001953125,34.0,yahoo,GC=F
2026-09-29T08:36:00Z,4170.7001953125,4171.2001953125,4170.0,4171.0,49.0,yahoo,GC=F
2026-09-29T08:37:00Z,4170.7998046875,4170.7998046875,4169.89990234375,4170.60009765625,40.0,yahoo,GC=F
2026-09-29T08:38:00Z,4170.89990234375,4171.5,4170.60009765625,4171.0,51.0,yahoo,GC=F
2026-09-29T08:39:00Z,4171.39990234375,4173.10009765625,4171.39990234375,4172.10009765625,40.0,yahoo,GC=F
2026-09-29T08:40:00Z,4172.2001953125,4172.2001953125,4170.2998046875,4170.7998046875,41.0,yahoo,GC=F
2026-09-29T08:41:00Z,4170.7001953125,4171.5,4170.39990234375,4171.39990234375,47.0,yahoo,GC=F
2026-09-29T08:42:00Z,4171.39990234375,4171.60009765625,4170.5,4170.7001953125,20.0,yahoo,GC=F
2026-09-29T08:43:00Z,4170.7001953125,4171.39990234375,4170.7001953125,4171.10009765625,17.0,yahoo,GC=F
2026-09-29T08:44:00Z,4171.10009765625,4171.7998046875,4170.89990234375,4171.7998046875,17.0,yahoo,GC=F
2026-09-29T08:45:00Z,4171.7998046875,4171.7998046875,4170.5,4171.10009765625,75.0,yahoo,GC=F
2026-09-29T08:46:00Z,4171.10009765625,4171.60009765625,4170.7001953125,4171.39990234375,25.0,yahoo,GC=F
2026-09-29T08:47:00Z,4171.7001953125,4172.10009765625,4171.5,4172.10009765625,13.0,yahoo,GC=F
2026-09-29T08:48:00Z,4172.0,4173.7998046875,4171.89990234375,4173.2998046875,33.0,yahoo,GC=F
2026-09-29T08:49:00Z,4173.10009765625,4173.60009765625,4172.60009765625,4172.7001953125,32.0,yahoo,GC=F
2026-09-29T08:50:00Z,4172.89990234375,4173.0,4171.7998046875,4172.5,19.0,yahoo,GC=F
2026-09-29T08:51:00Z,4172.5,4173.39990234375,4172.39990234375,4172.5,12.0,yahoo,GC=F
2026-09-29T08:52:00Z,4172.10009765625,4172.10009765625,4171.39990234375,4172.0,13.0,yahoo,GC=F
2026-09-29T08:53:00Z,4172.0,4172.7998046875,4171.5,4171.7998046875,34.0,yahoo,GC=F
2026-09-29T08:54:00Z,4171.60009765625,4172.10009765625,4171.5,4171.7998046875,16.0,yahoo,GC=F
2026-09-29T08:55:00Z,4171.7001953125,4172.39990234375,4171.2001953125,4171.89990234375,23.0,yahoo,GC=F
2026-09-29T08:56:00Z,4172.5,4173.0,4171.60009765625,4171.60009765625,28.0,yahoo,GC=F
2026-09-29T08:57:00Z,4171.7001953125,4171.7998046875,4169.5,4169.60009765625,139.0,yahoo,GC=F
2026-09-29T08:58:00Z,4169.7998046875,4170.5,4169.2001953125,4169.7001953125,111.0,yahoo,GC=F
2026-09-29T08:59:00Z,4169.5,4172.0,4169.39990234375,4171.60009765625,46.0,yahoo,GC=F
2026-09-29T09:00:00Z,4171.0,4172.7998046875,4170.7001953125,4172.5,36.0,yahoo,GC=F
2026-09-29T09:01:00Z,4172.2998046875,4173.2001953125,4172.2001953125,4172.89990234375,48.0,yahoo,GC=F
2026-09-29T09:02:00Z,4173.5,4174.60009765625,4173.0,4173.7998046875,122.0,yahoo,GC=F
2026-09-29T09:03:00Z,4173.89990234375,4174.2001953125,4173.2998046875,4174.0,23.0,yahoo,GC=F
2026-09-29T09:04:00Z,4174.2998046875,4175.7001953125,4174.10009765625,4175.7001953125,44.0,yahoo,GC=F
2026-09-29T09:05:00Z,4175.7001953125,4176.60009765625,4175.39990234375,4175.7001953125,78.0,yahoo,GC=F
2026-09-29T09:06:00Z,4176.10009765625,4176.10009765625,4174.89990234375,4174.89990234375,45.0,yahoo,GC=F
2026-09-29T09:07:00Z,4174.7001953125,4174.7998046875,4172.39990234375,4172.7998046875,70.0,yahoo,GC=F
2026-09-29T09:08:00Z,4173.0,4173.89990234375,4172.39990234375,4173.89990234375,75.0,yahoo,GC=F
2026-09-29T09:09:00Z,4173.60009765625,4173.7001953125,4173.10009765625,4173.39990234375,18.0,yahoo,GC=F
2026-09-29T09:10:00Z,4173.39990234375,4174.39990234375,4173.2998046875,4174.0,59.0,yahoo,GC=F
2026-09-29T09:11:00Z,4173.7998046875,4174.10009765625,4173.39990234375,4174.10009765625,15.0,yahoo,GC=F
2026-09-29T09:12:00Z,4173.89990234375,4174.60009765625,4173.5,4173.5,20.0,yahoo,GC=F
2026-09-29T09:13:00Z,4173.60009765625,4173.60009765625,4171.7998046875,4172.39990234375,46.0,yahoo,GC=F
2026-09-29T09:14:00Z,4171.89990234375,4172.89990234375,4171.7001953125,4171.89990234375,33.0,yahoo,GC=F
2026-09-29T09:15:00Z,4172.2998046875,4172.60009765625,4171.7001953125,4172.39990234375,49.0,yahoo,GC=F
2026-09-29T09:16:00Z,4172.5,4174.10009765625,4172.10009765625,4173.60009765625,50.0,yahoo,GC=F
2026-09-29T09:17:00Z,4173.7998046875,4174.2001953125,4173.7001953125,4174.2001953125,18.0,yahoo,GC=F
2026-09-29T09:18:00Z,4173.7998046875,4175.0,4173.7998046875,4174.5,36.0,yahoo,GC=F
2026-09-29T09:19:00Z,4174.5,4174.89990234375,4174.10009765625,4174.7998046875,21.0,yahoo,GC=F
2026-09-29T09:20:00Z,4174.7001953125,4175.5,4174.10009765625,4175.2001953125,30.0,yahoo,GC=F
2026-09-29T09:21:00Z,4175.0,4175.2001953125,4174.39990234375,4174.60009765625,29.0,yahoo,GC=F
2026-09-29T09:22:00Z,4174.7998046875,4175.2998046875,4174.7998046875,4174.89990234375,22.0,yahoo,GC=F
2026-09-29T09:23:00Z,4174.60009765625,4174.60009765625,4172.7998046875,4172.89990234375,28.0,yahoo,GC=F
2026-09-29T09:24:00Z,4172.7001953125,4173.2001953125,4172.60009765625,4173.0,39.0,yahoo,GC=F
2026-09-29T09:25:00Z,4173.0,4173.2001953125,4172.2001953125,4172.5,65.0,yahoo,GC=F
2026-09-29T09:26:00Z,4172.7998046875,4172.89990234375,4171.89990234375,4172.89990234375,59.0,yahoo,GC=F
2026-09-29T09:27:00Z,4172.2998046875,4173.10009765625,4172.0,4173.10009765625,60.0,yahoo,GC=F
2026-09-29T09:28:00Z,4172.89990234375,4173.7001953125,4172.7001953125,4173.7001953125,75.0,yahoo,GC=F
2026-09-29T09:29:00Z,4173.7998046875,4173.7998046875,4172.10009765625,4172.10009765625,48.0,yahoo,GC=F
2026-09-29T09:30:00Z,4172.2998046875,4173.2001953125,4171.5,4173.0,204.0,yahoo,GC=F
2026-09-29T09:31:00Z,4172.89990234375,4173.2998046875,4171.7001953125,4172.89990234375,163.0,yahoo,GC=F
2026-09-29T09:32:00Z,4172.7001953125,4174.2998046875,4171.2001953125,4172.0,396.0,yahoo,GC=F
2026-09-29T09:33:00Z,4172.10009765625,4172.7001953125,4171.5,4172.2998046875,69.0,yahoo,GC=F
2026-09-29T09:34:00Z,4172.2001953125,4173.0,4171.89990234375,4172.7998046875,51.0,yahoo,GC=F
2026-09-29T09:35:00Z,4172.7998046875,4174.10009765625,4172.39990234375,4173.39990234375,51.0,yahoo,GC=F
2026-09-29T09:36:00Z,4173.60009765625,4173.7001953125,4172.5,4172.5,34.0,yahoo,GC=F
2026-09-29T09:37:00Z,4172.2998046875,4174.0,4172.2001953125,4174.0,40.0,yahoo,GC=F
2026-09-29T09:38:00Z,4174.10009765625,4174.2001953125,4173.5,4174.0,81.0,yahoo,GC=F
2026-09-29T09:39:00Z,4173.7001953125,4174.2001953125,4173.10009765625,4173.39990234375,38.0,yahoo,GC=F
2026-09-29T09:40:00Z,4173.5,4175.60009765625,4173.10009765625,4175.5,75.0,yahoo,GC=F
2026-09-29T09:41:00Z,4175.60009765625,4176.0,4174.39990234375,4174.5,360.0,yahoo,GC=F
2026-09-29T09:42:00Z,4174.5,4175.2001953125,4173.7998046875,4175.10009765625,61.0,yahoo,GC=F
2026-09-29T09:43:00Z,4175.5,4177.39990234375,4175.39990234375,4177.39990234375,66.0,yahoo,GC=F
2026-09-29T09:44:00Z,4177.60009765625,4178.39990234375,4176.89990234375,4177.60009765625,216.0,yahoo,GC=F
2026-09-29T09:45:00Z,4178.0,4178.2998046875,4177.5,4178.2001953125,75.0,yahoo,GC=F
2026-09-29T09:46:00Z,4178.2001953125,4179.39990234375,4177.7998046875,4179.2998046875,91.0,yahoo,GC=F
2026-09-29T09:47:00Z,4179.2001953125,4181.2001953125,4177.10009765625,4178.7001953125,363.0,yahoo,GC=F
2026-09-29T09:48:00Z,4178.7001953125,4179.60009765625,4178.60009765625,4179.2998046875,57.0,yahoo,GC=F
2026-09-29T09:49:00Z,4179.10009765625,4179.2998046875,4177.39990234375,4177.39990234375,107.0,yahoo,GC=F
2026-09-29T09:50:00Z,4177.7001953125,4178.0,4177.39990234375,4177.7998046875,27.0,yahoo,GC=F
2026-09-29T09:51:00Z,4177.7998046875,4178.0,4177.0,4177.0,53.0,yahoo,GC=F
2026-09-29T09:52:00Z,4176.7001953125,4176.7998046875,4174.60009765625,4174.7998046875,105.0,yahoo,GC=F
2026-09-29T09:53:00Z,4174.7001953125,4176.60009765625,4174.2001953125,4176.60009765625,76.0,yahoo,GC=F
2026-09-29T09:54:00Z,4177.0,4180.0,4176.7001953125,4178.60009765625,110.0,yahoo,GC=F
2026-09-29T09:55:00Z,4178.39990234375,4180.39990234375,4177.7998046875,4178.2001953125,271.0,yahoo,GC=F
2026-09-29T09:56:00Z,4178.10009765625,4178.60009765625,4176.2001953125,4177.7998046875,91.0,yahoo,GC=F
2026-09-29T09:57:00Z,4178.0,4179.7001953125,4177.60009765625,4178.10009765625,106.0,yahoo,GC=F
2026-09-29T09:58:00Z,4177.5,4178.2998046875,4177.39990234375,4177.7998046875,34.0,yahoo,GC=F
2026-09-29T09:59:00Z,4177.7001953125,4178.10009765625,4177.39990234375,4178.0,183.0,yahoo,GC=F
2026-09-29T10:00:00Z,4177.7998046875,4178.5,4177.2998046875,4177.2998046875,52.0,yahoo,GC=F
2026-09-29T10:01:00Z,4177.2998046875,4177.89990234375,4176.60009765625,4177.89990234375,54.0,yahoo,GC=F
2026-09-29T10:02:00Z,4177.89990234375,4178.5,4175.60009765625,4176.0,56.0,yahoo,GC=F
2026-09-29T10:03:00Z,4175.89990234375,4177.10009765625,4175.39990234375,4177.10009765625,43.0,yahoo,GC=F
2026-09-29T10:04:00Z,4177.2001953125,4177.89990234375,4177.0,4177.89990234375,22.0,yahoo,GC=F
2026-09-29T10:05:00Z,4178.2998046875,4179.7001953125,4178.2998046875,4179.2998046875,68.0,yahoo,GC=F
2026-09-29T10:06:00Z,4179.2998046875,4181.2998046875,4179.2001953125,4181.2998046875,104.0,yahoo,GC=F
2026-09-29T10:07:00Z,4181.2001953125,4181.7998046875,4180.60009765625,4181.7001953125,99.0,yahoo,GC=F
2026-09-29T10:08:00Z,4181.60009765625,4182.39990234375,4180.7998046875,4181.2001953125,210.0,yahoo,GC=F
2026-09-29T10:09:00Z,4181.0,4182.7998046875,4181.0,4182.10009765625,165.0,yahoo,GC=F
2026-09-29T10:10:00Z,4182.10009765625,4182.60009765625,4181.2001953125,4182.10009765625,196.0,yahoo,GC=F
2026-09-29T10:11:00Z,4181.89990234375,4182.2001953125,4181.39990234375,4182.2001953125,38.0,yahoo,GC=F
2026-09-29T10:12:00Z,4182.2998046875,4182.39990234375,4181.0,4181.60009765625,91.0,yahoo,GC=F
2026-09-29T10:13:00Z,4182.10009765625,4182.10009765625,4181.2998046875,4181.60009765625,28.0,yahoo,GC=F
2026-09-29T10:14:00Z,4181.5,4181.89990234375,4180.89990234375,4181.10009765625,20.0,yahoo,GC=F
2026-09-29T10:15:00Z,4181.2001953125,4181.2001953125,4179.7998046875,4180.39990234375,87.0,yahoo,GC=F
2026-09-29T10:16:00Z,4180.39990234375,4181.0,4180.2998046875,4180.60009765625,35.0,yahoo,GC=F
2026-09-29T10:17:00Z,4180.89990234375,4181.5,4180.2001953125,4181.0,46.0,yahoo,GC=F
2026-09-29T10:18:00Z,4181.0,4181.5,4179.89990234375,4181.39990234375,54.0,yahoo,GC=F
2026-09-29T10:19:00Z,4181.39990234375,4181.7001953125,4180.2998046875,4180.60009765625,32.0,yahoo,GC=F
2026-09-29T10:20:00Z,4180.7001953125,4181.10009765625,4180.2001953125,4180.2998046875,20.0,yahoo,GC=F
2026-09-29T10:21:00Z,4180.39990234375,4180.5,4180.10009765625,4180.2998046875,18.0,yahoo,GC=F
2026-09-29T10:22:00Z,4180.60009765625,4181.10009765625,4179.2001953125,4179.60009765625,78.0,yahoo,GC=F
2026-09-29T10:23:00Z,4179.60009765625,4179.7001953125,4179.2001953125,4179.2001953125,22.0,yahoo,GC=F
2026-09-29T10:24:00Z,4179.5,4180.89990234375,4179.5,4180.39990234375,103.0,yahoo,GC=F
2026-09-29T10:25:00Z,4180.2998046875,4181.39990234375,4180.2998046875,4181.39990234375,39.0,yahoo,GC=F
2026-09-29T10:26:00Z,4181.10009765625,4181.2001953125,4180.2001953125,4180.7001953125,75.0,yahoo,GC=F
2026-09-29T10:27:00Z,4181.10009765625,4181.5,4180.2001953125,4180.2998046875,51.0,yahoo,GC=F
2026-09-29T10:28:00Z,4180.0,4180.5,4179.7001953125,4180.2998046875,29.0,yahoo,GC=F
2026-09-29T10:29:00Z,4180.39990234375,4182.0,4180.10009765625,4182.0,174.0,yahoo,GC=F
2026-09-29T10:30:00Z,4182.10009765625,4183.5,4181.89990234375,4182.2001953125,81.0,yahoo,GC=F
2026-09-29T10:31:00Z,4182.5,4182.5,4180.7998046875,4181.2998046875,37.0,yahoo,GC=F
2026-09-29T10:32:00Z,4181.7001953125,4182.7001953125,4180.2001953125,4180.89990234375,217.0,yahoo,GC=F
2026-09-29T10:33:00Z,4181.10009765625,4182.10009765625,4180.2998046875,4181.2998046875,56.0,yahoo,GC=F
2026-09-29T10:34:00Z,4180.7998046875,4180.7998046875,4179.39990234375,4179.89990234375,41.0,yahoo,GC=F
2026-09-29T10:35:00Z,4180.0,4180.7001953125,4179.60009765625,4180.2998046875,37.0,yahoo,GC=F
2026-09-29T10:36:00Z,4179.89990234375,4181.0,4179.60009765625,4181.0,26.0,yahoo,GC=F
2026-09-29T10:37:00Z,4181.60009765625,4181.7001953125,4180.5,4180.60009765625,24.0,yahoo,GC=F
2026-09-29T10:38:00Z,4180.7001953125,4181.10009765625,4180.7001953125,4181.10009765625,15.0,yahoo,GC=F
2026-09-29T10:39:00Z,4180.60009765625,4181.5,4180.2001953125,4181.5,91.0,yahoo,GC=F
2026-09-29T10:40:00Z,4181.2998046875,4181.7001953125,4180.7001953125,4181.39990234375,39.0,yahoo,GC=F
2026-09-29T10:41:00Z,4181.2001953125,4181.5,4180.7998046875,4180.7998046875,28.0,yahoo,GC=F
2026-09-29T10:42:00Z,4180.7998046875,4181.2001953125,4180.7001953125,4180.89990234375,15.0,yahoo,GC=F
2026-09-29T10:43:00Z,4180.89990234375,4181.2001953125,4180.2001953125,4181.2001953125,22.0,yahoo,GC=F
2026-09-29T10:44:00Z,4181.2998046875,4182.89990234375,4181.2001953125,4182.89990234375,61.0,yahoo,GC=F
2026-09-29T10:45:00Z,4183.0,4183.7998046875,4181.7998046875,4183.2998046875,107.0,yahoo,GC=F
2026-09-29T10:46:00Z,4183.60009765625,4184.5,4183.2998046875,4184.2998046875,91.0,yahoo,GC=F
2026-09-29T10:47:00Z,4184.39990234375,4184.39990234375,4183.0,4183.7998046875,60.0,yahoo,GC=F
2026-09-29T10:48:00Z,4183.89990234375,4184.10009765625,4182.7001953125,4183.2998046875,91.0,yahoo,GC=F
2026-09-29T10:49:00Z,4183.39990234375,4184.7001953125,4182.89990234375,4184.7001953125,71.0,yahoo,GC=F
2026-09-29T10:50:00Z,4184.7001953125,4184.7001953125,4183.2998046875,4183.2998046875,54.0,yahoo,GC=F
2026-09-29T10:51:00Z,4183.2998046875,4184.10009765625,4183.2998046875,4183.7001953125,28.0,yahoo,GC=F
2026-09-29T10:52:00Z,4183.7998046875,4184.39990234375,4183.7001953125,4184.39990234375,38.0,yahoo,GC=F
2026-09-29T10:53:00Z,4184.2998046875,4184.7001953125,4183.5,4183.7001953125,64.0,yahoo,GC=F
2026-09-29T10:54:00Z,4183.89990234375,4184.0,4183.39990234375,4183.39990234375,24.0,yahoo,GC=F
2026-09-29T10:55:00Z,4183.2998046875,4184.10009765625,4182.7001953125,4183.89990234375,42.0,yahoo,GC=F
2026-09-29T10:56:00Z,4183.7001953125,4185.2998046875,4183.7001953125,4184.39990234375,119.0,yahoo,GC=F
2026-09-29T10:57:00Z,4184.7001953125,4186.10009765625,4184.60009765625,4186.10009765625,69.0,yahoo,GC=F
2026-09-29T10:58:00Z,4186.0,4186.7998046875,4185.89990234375,4186.10009765625,148.0,yahoo,GC=F
2026-09-29T10:59:00Z,4186.2001953125,4186.2998046875,4185.2998046875,4185.60009765625,415.0,yahoo,GC=F
2026-09-29T11:00:00Z,4185.7998046875,4186.5,4184.7998046875,4186.2001953125,142.0,yahoo,GC=F
2026-09-29T11:01:00Z,4186.2998046875,4187.5,4186.10009765625,4187.2001953125,147.0,yahoo,GC=F
2026-09-29T11:02:00Z,4187.10009765625,4187.60009765625,4186.5,4187.10009765625,103.0,yahoo,GC=F
2026-09-29T11:03:00Z,4187.2001953125,4188.60009765625,4185.7998046875,4187.2998046875,194.0,yahoo,GC=F
2026-09-29T11:04:00Z,4187.5,4187.60009765625,4184.89990234375,4186.2998046875,95.0,yahoo,GC=F
2026-09-29T11:05:00Z,4186.2001953125,4188.10009765625,4186.2001953125,4187.89990234375,124.0,yahoo,GC=F
2026-09-29T11:06:00Z,4187.7998046875,4188.7998046875,4186.39990234375,4187.2998046875,99.0,yahoo,GC=F
2026-09-29T11:07:00Z,4186.89990234375,4186.89990234375,4185.89990234375,4186.5,42.0,yahoo,GC=F
2026-09-29T11:08:00Z,4186.60009765625,4187.7001953125,4186.5,4187.60009765625,32.0,yahoo,GC=F
2026-09-29T11:09:00Z,4187.39990234375,4188.10009765625,4187.10009765625,4188.10009765625,113.0,yahoo,GC=F
2026-09-29T11:10:00Z,4187.7001953125,4187.7998046875,4186.7001953125,4187.2998046875,107.0,yahoo,GC=F
2026-09-29T11:11:00Z,4187.2001953125,4187.89990234375,4186.89990234375,4186.89990234375,51.0,yahoo,GC=F
2026-09-29T11:12:00Z,4186.89990234375,4187.5,4186.7998046875,4186.7998046875,46.0,yahoo,GC=F
2026-09-29T11:13:00Z,4186.7001953125,4187.0,4186.2001953125,4186.89990234375,35.0,yahoo,GC=F
2026-09-29T11:14:00Z,4187.0,4188.7998046875,4186.5,4188.7998046875,73.0,yahoo,GC=F
2026-09-29T11:15:00Z,4189.0,4189.60009765625,4188.60009765625,4188.89990234375,93.0,yahoo,GC=F
2026-09-29T11:16:00Z,4189.10009765625,4190.0,4188.39990234375,4189.39990234375,567.0,yahoo,GC=F
2026-09-29T11:17:00Z,4189.39990234375,4189.89990234375,4189.0,4189.89990234375,126.0,yahoo,GC=F
2026-09-29T11:18:00Z,4189.60009765625,4189.89990234375,4189.2001953125,4189.60009765625,210.0,yahoo,GC=F
2026-09-29T11:19:00Z,4189.39990234375,4189.7001953125,4189.0,4189.0,59.0,yahoo,GC=F
2026-09-29T11:20:00Z,4189.10009765625,4190.60009765625,4188.7001953125,4190.60009765625,79.0,yahoo,GC=F
2026-09-29T11:21:00Z,4190.60009765625,4191.2998046875,4190.39990234375,4190.5,86.0,yahoo,GC=F
2026-09-29T11:22:00Z,4190.7001953125,4191.39990234375,4190.2998046875,4191.39990234375,187.0,yahoo,GC=F
2026-09-29T11:23:00Z,4191.2998046875,4192.2998046875,4191.10009765625,4192.2998046875,149.0,yahoo,GC=F
2026-09-29T11:24:00Z,4192.5,4192.7998046875,4191.89990234375,4192.7001953125,85.0,yahoo,GC=F
2026-09-29T11:25:00Z,4192.5,4192.89990234375,4192.2001953125,4192.60009765625,195.0,yahoo,GC=F
2026-09-29T11:26:00Z,4192.7001953125,4192.7998046875,4192.0,4192.2998046875,39.0,yahoo,GC=F
2026-09-29T11:27:00Z,4192.39990234375,4193.0,4191.7001953125,4193.0,87.0,yahoo,GC=F
2026-09-29T11:28:00Z,4193.0,4193.2998046875,4191.5,4191.7001953125,125.0,yahoo,GC=F
2026-09-29T11:29:00Z,4191.0,4191.5,4190.7001953125,4191.5,48.0,yahoo,GC=F
2026-09-29T11:30:00Z,4191.60009765625,4191.60009765625,4189.5,4189.7001953125,61.0,yahoo,GC=F
2026-09-29T11:31:00Z,4189.7998046875,4189.89990234375,4189.10009765625,4189.39990234375,70.0,yahoo,GC=F
2026-09-29T11:32:00Z,4189.2001953125,4191.2001953125,4189.2001953125,4191.2001953125,112.0,yahoo,GC=F
2026-09-29T11:33:00Z,4191.0,4191.7001953125,4190.2998046875,4190.7998046875,50.0,yahoo,GC=F
2026-09-29T11:34:00Z,4190.2998046875,4190.60009765625,4190.2998046875,4190.60009765625,50.0,yahoo,GC=F
2026-09-29T11:35:00Z,4190.89990234375,4191.2998046875,4190.2998046875,4190.5,46.0,yahoo,GC=F
2026-09-29T11:36:00Z,4190.2998046875,4190.2998046875,4189.7998046875,4190.0,24.0,yahoo,GC=F
2026-09-29T11:37:00Z,4189.89990234375,4190.2998046875,4189.10009765625,4189.39990234375,79.0,yahoo,GC=F
2026-09-29T11:38:00Z,4189.2998046875,4189.7001953125,4188.0,4188.0,63.0,yahoo,GC=F
2026-09-29T11:39:00Z,4188.2001953125,4189.10009765625,4188.10009765625,4188.2001953125,80.0,yahoo,GC=F
2026-09-29T11:40:00Z,4188.5,4189.2998046875,4188.10009765625,4188.2998046875,94.0,yahoo,GC=F
2026-09-29T11:41:00Z,4188.39990234375,4188.39990234375,4186.10009765625,4186.5,67.0,yahoo,GC=F
2026-09-29T11:42:00Z,4186.2998046875,4186.60009765625,4183.10009765625,4183.60009765625,238.0,yahoo,GC=F
2026-09-29T11:43:00Z,4183.7998046875,4184.39990234375,4183.5,4184.39990234375,71.0,yahoo,GC=F
2026-09-29T11:44:00Z,4184.10009765625,4184.39990234375,4183.2001953125,4183.7001953125,62.0,yahoo,GC=F
2026-09-29T11:45:00Z,4184.0,4184.2998046875,4182.2001953125,4183.2001953125,102.0,yahoo,GC=F
2026-09-29T11:46:00Z,4183.2001953125,4183.5,4182.60009765625,4183.2001953125,62.0,yahoo,GC=F
2026-09-29T11:47:00Z,4182.89990234375,4183.7001953125,4182.7001953125,4183.0,66.0,yahoo,GC=F
2026-09-29T11:48:00Z,4183.0,4183.7998046875,4182.39990234375,4183.39990234375,51.0,yahoo,GC=F
2026-09-29T11:49:00Z,4183.39990234375,4190.7998046875,4181.5,4189.89990234375,698.0,yahoo,GC=F
2026-09-29T11:50:00Z,4189.89990234375,4192.7998046875,4187.39990234375,4190.5,288.0,yahoo,GC=F
2026-09-29T11:51:00Z,4190.2001953125,4190.5,4186.2998046875,4186.60009765625,198.0,yahoo,GC=F
2026-09-29T11:52:00Z,4186.89990234375,4189.89990234375,4186.89990234375,4189.10009765625,153.0,yahoo,GC=F
2026-09-29T11:53:00Z,4189.10009765625,4190.7998046875,4188.2001953125,4188.2998046875,103.0,yahoo,GC=F
2026-09-29T11:54:00Z,4188.2998046875,4188.39990234375,4186.0,4186.7998046875,105.0,yahoo,GC=F
2026-09-29T11:55:00Z,4187.2998046875,4188.60009765625,4186.7998046875,4187.5,79.0,yahoo,GC=F
2026-09-29T11:56:00Z,4187.5,4188.0,4186.7998046875,4186.7998046875,244.0,yahoo,GC=F
2026-09-29T11:57:00Z,4186.5,4186.89990234375,4185.10009765625,4185.10009765625,81.0,yahoo,GC=F
2026-09-29T11:58:00Z,4185.39990234375,4186.2998046875,4185.2001953125,4185.5,49.0,yahoo,GC=F
2026-09-29T11:59:00Z,4186.0,4186.0,4185.39990234375,4185.7001953125,32.0,yahoo,GC=F
2026-09-29T12:00:00Z,4185.5,4186.5,4185.2001953125,4186.0,84.0,yahoo,GC=F
2026-09-29T12:01:00Z,4186.60009765625,4188.60009765625,4186.39990234375,4188.2998046875,91.0,yahoo,GC=F
2026-09-29T12:02:00Z,4188.10009765625,4188.7001953125,4187.7998046875,4188.2001953125,42.0,yahoo,GC=F
2026-09-29T12:03:00Z,4187.89990234375,4188.2998046875,4186.2001953125,4188.2998046875,96.0,yahoo,GC=F
2026-09-29T12:04:00Z,4187.89990234375,4190.89990234375,4187.89990234375,4189.60009765625,150.0,yahoo,GC=F
2026-09-29T12:05:00Z,4189.89990234375,4189.89990234375,4188.2001953125,4188.60009765625,61.0,yahoo,GC=F
2026-09-29T12:06:00Z,4188.2998046875,4188.7001953125,4187.2001953125,4188.10009765625,49.0,yahoo,GC=F
2026-09-29T12:07:00Z,4188.0,4188.5,4185.89990234375,4186.7998046875,57.0,yahoo,GC=F
2026-09-29T12:08:00Z,4186.39990234375,4187.10009765625,4185.7001953125,4186.60009765625,28.0,yahoo,GC=F
2026-09-29T12:09:00Z,4186.39990234375,4188.0,4185.89990234375,4186.10009765625,40.0,yahoo,GC=F
2026-09-29T12:10:00Z,4186.10009765625,4187.0,4185.7001953125,4185.7998046875,55.0,yahoo,GC=F
2026-09-29T12:11:00Z,4185.7001953125,4185.7001953125,4183.5,4183.7998046875,72.0,yahoo,GC=F
2026-09-29T12:12:00Z,4183.7998046875,4184.2001953125,4183.10009765625,4184.10009765625,73.0,yahoo,GC=F
2026-09-29T12:13:00Z,4183.60009765625,4186.2998046875,4182.7998046875,4184.60009765625,143.0,yahoo,GC=F
2026-09-29T12:14:00Z,4184.10009765625,4185.2001953125,4183.5,4184.60009765625,43.0,yahoo,GC=F
2026-09-29T12:15:00Z,4184.89990234375,4187.7001953125,4184.89990234375,4187.7001953125,152.0,yahoo,GC=F
2026-09-29T12:16:00Z,4187.60009765625,4188.89990234375,4187.39990234375,4188.7001953125,77.0,yahoo,GC=F
2026-09-29T12:17:00Z,4188.60009765625,4188.60009765625,4185.89990234375,4185.89990234375,78.0,yahoo,GC=F
2026-09-29T12:18:00Z,4186.2001953125,4186.2998046875,4185.60009765625,4185.7998046875,67.0,yahoo,GC=F
2026-09-29T12:19:00Z,4185.89990234375,4185.89990234375,4183.39990234375,4184.39990234375,106.0,yahoo,GC=F
2026-09-29T12:20:00Z,4184.0,4185.5,4182.7001953125,4184.7001953125,261.0,yahoo,GC=F
2026-09-29T12:21:00Z,4184.89990234375,4185.10009765625,4183.89990234375,4184.7001953125,121.0,yahoo,GC=F
2026-09-29T12:22:00Z,4184.5,4184.5,4181.60009765625,4182.10009765625,178.0,yahoo,GC=F
2026-09-29T12:23:00Z,4182.2001953125,4182.60009765625,4181.10009765625,4181.2998046875,144.0,yahoo,GC=F
2026-09-29T12:24:00Z,4181.5,4182.10009765625,4180.60009765625,4181.89990234375,180.0,yahoo,GC=F
2026-09-29T12:25:00Z,4182.2001953125,4185.2001953125,4182.10009765625,4184.2998046875,244.0,yahoo,GC=F
2026-09-29T12:26:00Z,4184.2998046875,4185.10009765625,4182.7001953125,4184.39990234375,210.0,yahoo,GC=F
2026-09-29T12:27:00Z,4184.5,4185.60009765625,4183.39990234375,4184.0,114.0,yahoo,GC=F
2026-09-29T12:28:00Z,4184.2998046875,4184.7001953125,4183.39990234375,4184.2001953125,103.0,yahoo,GC=F
2026-09-29T12:29:00Z,4184.2998046875,4187.0,4184.2998046875,4187.0,98.0,yahoo,GC=F
2026-09-29T12:30:00Z,4186.89990234375,4187.7998046875,4185.7998046875,4186.39990234375,122.0,yahoo,GC=F
2026-09-29T12:31:00Z,4186.39990234375,4187.2998046875,4185.89990234375,4186.7001953125,107.0,yahoo,GC=F
2026-09-29T12:32:00Z,4187.0,4190.7001953125,4186.7998046875,4190.39990234375,327.0,yahoo,GC=F
2026-09-29T12:33:00Z,4190.10009765625,4190.7001953125,4187.0,4187.5,194.0,yahoo,GC=F
2026-09-29T12:34:00Z,4187.89990234375,4188.89990234375,4187.39990234375,4188.39990234375,81.0,yahoo,GC=F
2026-09-29T12:35:00Z,4188.39990234375,4188.7001953125,4187.0,4188.10009765625,88.0,yahoo,GC=F
2026-09-29T12:36:00Z,4188.10009765625,4188.39990234375,4187.10009765625,4187.39990234375,69.0,yahoo,GC=F
2026-09-29T12:37:00Z,4187.2998046875,4188.2998046875,4186.7998046875,4188.10009765625,75.0,yahoo,GC=F
2026-09-29T12:38:00Z,4188.10009765625,4188.7001953125,4187.2998046875,4187.7001953125,72.0,yahoo,GC=F
2026-09-29T12:39:00Z,4187.0,4187.2001953125,4183.7998046875,4184.10009765625,205.0,yahoo,GC=F
2026-09-29T12:40:00Z,4183.89990234375,4185.7998046875,4183.10009765625,4185.7998046875,148.0,yahoo,GC=F
2026-09-29T12:41:00Z,4185.60009765625,4186.89990234375,4184.7998046875,4186.7998046875,64.0,yahoo,GC=F
2026-09-29T12:42:00Z,4186.5,4187.10009765625,4185.7998046875,4186.5,52.0,yahoo,GC=F
2026-09-29T12:43:00Z,4186.5,4187.7998046875,4186.5,4187.7998046875,48.0,yahoo,GC=F
2026-09-29T12:44:00Z,4187.7001953125,4190.0,4186.10009765625,4188.60009765625,143.0,yahoo,GC=F
2026-09-29T12:45:00Z,4188.7998046875,4188.7998046875,4184.2998046875,4184.7998046875,105.0,yahoo,GC=F
2026-09-29T12:46:00Z,4184.5,4185.60009765625,4183.7001953125,4184.0,115.0,yahoo,GC=F
2026-09-29T12:47:00Z,4184.2998046875,4185.0,4184.0,4184.5,97.0,yahoo,GC=F
2026-09-29T12:48:00Z,4184.2998046875,4187.39990234375,4184.10009765625,4187.10009765625,65.0,yahoo,GC=F
2026-09-29T12:49:00Z,4186.7998046875,4187.2001953125,4185.89990234375,4186.89990234375,41.0,yahoo,GC=F
2026-09-29T12:50:00Z,4186.5,4187.89990234375,4186.10009765625,4186.60009765625,56.0,yahoo,GC=F
2026-09-29T12:51:00Z,4186.7001953125,4187.5,4186.0,4186.7001953125,33.0,yahoo,GC=F
2026-09-29T12:52:00Z,4186.7001953125,4187.2001953125,4184.89990234375,4185.0,43.0,yahoo,GC=F
2026-09-29T12:53:00Z,4184.5,4184.5,4182.7001953125,4183.60009765625,92.0,yahoo,GC=F
2026-09-29T12:54:00Z,4183.5,4184.5,4183.39990234375,4184.0,49.0,yahoo,GC=F
2026-09-29T12:55:00Z,4183.7001953125,4185.0,4183.2998046875,4184.2998046875,51.0,yahoo,GC=F
2026-09-29T12:56:00Z,4184.2001953125,4184.39990234375,4183.5,4184.2998046875,52.0,yahoo,GC=F
2026-09-29T12:57:00Z,4184.10009765625,4184.10009765625,4182.10009765625,4182.2998046875,113.0,yahoo,GC=F
2026-09-29T12:58:00Z,4182.2998046875,4182.2998046875,4181.2998046875,4181.89990234375,111.0,yahoo,GC=F
2026-09-29T12:59:00Z,4182.7998046875,4184.10009765625,4182.10009765625,4183.0,201.0,yahoo,GC=F
2026-09-29T13:00:00Z,4182.7001953125,4186.39990234375,4182.5,4184.2998046875,238.0,yahoo,GC=F
2026-09-29T13:01:00Z,4184.2001953125,4184.89990234375,4183.0,4183.2998046875,216.0,yahoo,GC=F
2026-09-29T13:02:00Z,4183.89990234375,4185.10009765625,4182.60009765625,4184.7001953125,159.0,yahoo,GC=F
2026-09-29T13:03:00Z,4184.7998046875,4186.89990234375,4184.60009765625,4185.2998046875,249.0,yahoo,GC=F
2026-09-29T13:04:00Z,4185.5,4186.7001953125,4185.39990234375,4186.2001953125,47.0,yahoo,GC=F
2026-09-29T13:05:00Z,4186.0,4187.60009765625,4185.0,4187.5,124.0,yahoo,GC=F
2026-09-29T13:06:00Z,4187.60009765625,4187.89990234375,4186.89990234375,4187.7001953125,102.0,yahoo,GC=F
2026-09-29T13:07:00Z,4188.10009765625,4190.2001953125,4187.7998046875,4189.39990234375,178.0,yahoo,GC=F
2026-09-29T13:08:00Z,4189.5,4191.39990234375,4188.60009765625,4190.89990234375,274.0,yahoo,GC=F
2026-09-29T13:09:00Z,4190.7998046875,4191.39990234375,4189.89990234375,4190.10009765625,362.0,yahoo,GC=F
2026-09-29T13:10:00Z,4190.10009765625,4190.7001953125,4188.5,4188.7998046875,195.0,yahoo,GC=F
2026-09-29T13:11:00Z,4188.7001953125,4189.2001953125,4187.89990234375,4188.10009765625,86.0,yahoo,GC=F
2026-09-29T13:12:00Z,4188.5,4189.39990234375,4188.0,4189.39990234375,46.0,yahoo,GC=F
2026-09-29T13:13:00Z,4189.2001953125,4189.39990234375,4187.39990234375,4188.2001953125,72.0,yahoo,GC=F
2026-09-29T13:14:00Z,4188.2998046875,4191.2001953125,4188.10009765625,4191.0,76.0,yahoo,GC=F
2026-09-29T13:15:00Z,4191.5,4191.89990234375,4188.7001953125,4189.7998046875,108.0,yahoo,GC=F
2026-09-29T13:16:00Z,4189.7998046875,4191.7001953125,4189.60009765625,4191.2001953125,72.0,yahoo,GC=F
2026-09-29T13:17:00Z,4191.10009765625,4191.10009765625,4189.60009765625,4190.39990234375,54.0,yahoo,GC=F
2026-09-29T13:18:00Z,4190.2001953125,4191.89990234375,4188.2998046875,4188.7001953125,118.0,yahoo,GC=F
2026-09-29T13:19:00Z,4188.39990234375,4190.0,4188.39990234375,4190.0,71.0,yahoo,GC=F
2026-09-29T13:20:00Z,4190.39990234375,4190.7001953125,4189.7001953125,4189.89990234375,58.0,yahoo,GC=F
2026-09-29T13:21:00Z,4189.7001953125,4190.2998046875,4188.60009765625,4189.39990234375,103.0,yahoo,GC=F
2026-09-29T13:22:00Z,4189.39990234375,4190.7998046875,4188.7998046875,4190.2001953125,51.0,yahoo,GC=F
2026-09-29T13:23:00Z,4190.2998046875,4191.0,4188.89990234375,4190.7998046875,85.0,yahoo,GC=F
2026-09-29T13:24:00Z,4190.60009765625,4191.7998046875,4190.5,4190.7998046875,67.0,yahoo,GC=F
2026-09-29T13:25:00Z,4190.89990234375,4191.2001953125,4189.39990234375,4189.39990234375,54.0,yahoo,GC=F
2026-09-29T13:26:00Z,4188.89990234375,4189.5,4187.2998046875,4187.39990234375,175.0,yahoo,GC=F
2026-09-29T13:27:00Z,4187.7998046875,4188.39990234375,4186.89990234375,4188.2998046875,210.0,yahoo,GC=F
2026-09-29T13:28:00Z,4187.89990234375,4188.39990234375,4187.0,4187.0,65.0,yahoo,GC=F
2026-09-29T13:29:00Z,4186.7998046875,4187.7998046875,4186.60009765625,4187.2998046875,70.0,yahoo,GC=F
2026-09-29T13:30:00Z,4187.10009765625,4190.89990234375,4185.60009765625,4190.60009765625,310.0,yahoo,GC=F
2026-09-29T13:31:00Z,4191.2001953125,4192.39990234375,4188.5,4188.5,404.0,yahoo,GC=F
2026-09-29T13:32:00Z,4189.10009765625,4189.89990234375,4185.89990234375,4187.89990234375,348.0,yahoo,GC=F
2026-09-29T13:33:00Z,4187.89990234375,4188.0,4184.39990234375,4186.10009765625,295.0,yahoo,GC=F
2026-09-29T13:34:00Z,4186.39990234375,4187.7998046875,4184.89990234375,4186.60009765625,180.0,yahoo,GC=F
2026-09-29T13:35:00Z,4186.0,4190.7001953125,4185.7998046875,4188.7998046875,279.0,yahoo,GC=F
2026-09-29T13:36:00Z,4189.0,4191.0,4188.2001953125,4188.60009765625,174.0,yahoo,GC=F
2026-09-29T13:37:00Z,4189.7001953125,4194.2001953125,4189.5,4193.2001953125,579.0,yahoo,GC=F
2026-09-29T13:38:00Z,4192.89990234375,4193.10009765625,4190.10009765625,4191.5,327.0,yahoo,GC=F
2026-09-29T13:39:00Z,4191.7001953125,4191.7998046875,4189.5,4191.7001953125,229.0,yahoo,GC=F
2026-09-29T13:40:00Z,4192.5,4193.2001953125,4191.2001953125,4192.39990234375,168.0,yahoo,GC=F
2026-09-29T13:41:00Z,4191.60009765625,4195.5,4191.2001953125,4195.2001953125,384.0,yahoo,GC=F
2026-09-29T13:42:00Z,4195.2001953125,4195.39990234375,4192.10009765625,4192.10009765625,317.0,yahoo,GC=F
2026-09-29T13:43:00Z,4192.5,4192.7001953125,4189.10009765625,4189.10009765625,302.0,yahoo,GC=F
2026-09-29T13:44:00Z,4189.0,4189.60009765625,4185.7998046875,4187.2998046875,368.0,yahoo,GC=F
2026-09-29T13:45:00Z,4187.2001953125,4188.2998046875,4185.60009765625,4188.2998046875,284.0,yahoo,GC=F
2026-09-29T13:46:00Z,4188.2998046875,4191.60009765625,4188.2998046875,4190.89990234375,253.0,yahoo,GC=F
2026-09-29T13:47:00Z,4190.7001953125,4195.5,4190.39990234375,4192.5,665.0,yahoo,GC=F
2026-09-29T13:48:00Z,4192.5,4193.5,4189.60009765625,4190.0,211.0,yahoo,GC=F
2026-09-29T13:49:00Z,4189.89990234375,4190.89990234375,4189.39990234375,4190.60009765625,128.0,yahoo,GC=F
2026-09-29T13:50:00Z,4190.60009765625,4192.7998046875,4190.60009765625,4192.39990234375,93.0,yahoo,GC=F
2026-09-29T13:51:00Z,4192.39990234375,4194.0,4192.10009765625,4193.39990234375,206.0,yahoo,GC=F
2026-09-29T13:52:00Z,4193.2001953125,4194.2998046875,4191.7001953125,4193.60009765625,140.0,yahoo,GC=F
2026-09-29T13:53:00Z,4194.0,4196.7998046875,4193.10009765625,4194.2998046875,388.0,yahoo,GC=F
2026-09-29T13:54:00Z,4194.10009765625,4194.60009765625,4193.2998046875,4194.2998046875,119.0,yahoo,GC=F
2026-09-29T13:55:00Z,4194.39990234375,4194.7001953125,4193.10009765625,4193.7998046875,112.0,yahoo,GC=F
2026-09-29T13:56:00Z,4193.89990234375,4194.0,4192.39990234375,4193.10009765625,102.0,yahoo,GC=F
2026-09-29T13:57:00Z,4193.10009765625,4193.2998046875,4191.0,4191.7998046875,120.0,yahoo,GC=F
2026-09-29T13:58:00Z,4192.2998046875,4192.2998046875,4190.7998046875,4190.89990234375,76.0,yahoo,GC=F
2026-09-29T13:59:00Z,4190.7001953125,4190.7998046875,4189.0,4189.7998046875,201.0,yahoo,GC=F
2026-09-29T14:00:00Z,4189.5,4198.10009765625,4188.5,4195.60009765625,779.0,yahoo,GC=F
2026-09-29T14:01:00Z,4195.5,4197.7998046875,4194.0,4194.2998046875,239.0,yahoo,GC=F
2026-09-29T14:02:00Z,4193.89990234375,4196.2998046875,4193.5,4195.7001953125,281.0,yahoo,GC=F
2026-09-29T14:03:00Z,4195.60009765625,4196.89990234375,4194.89990234375,4196.7998046875,197.0,yahoo,GC=F
2026-09-29T14:04:00Z,4196.89990234375,4197.7001953125,4195.89990234375,4197.2998046875,193.0,yahoo,GC=F
2026-09-29T14:05:00Z,4197.5,4200.60009765625,4197.2001953125,4198.2001953125,496.0,yahoo,GC=F
2026-09-29T14:06:00Z,4197.89990234375,4199.0,4197.0,4198.7998046875,375.0,yahoo,GC=F
2026-09-29T14:07:00Z,4199.0,4199.5,4196.89990234375,4198.10009765625,161.0,yahoo,GC=F
2026-09-29T14:08:00Z,4198.5,4201.2998046875,4198.39990234375,4200.60009765625,252.0,yahoo,GC=F
2026-09-29T14:09:00Z,4200.7001953125,4201.0,4199.0,4199.89990234375,220.0,yahoo,GC=F
2026-09-29T14:10:00Z,4199.7998046875,4199.89990234375,4198.2998046875,4198.5,153.0,yahoo,GC=F
2026-09-29T14:11:00Z,4198.2001953125,4199.0,4197.7998046875,4198.39990234375,75.0,yahoo,GC=F
2026-09-29T14:12:00Z,4198.0,4198.0,4196.89990234375,4197.60009765625,152.0,yahoo,GC=F
2026-09-29T14:13:00Z,4197.89990234375,4199.10009765625,4197.0,4197.2001953125,160.0,yahoo,GC=F
2026-09-29T14:14:00Z,4197.2001953125,4199.39990234375,4197.0,4198.2001953125,118.0,yahoo,GC=F
2026-09-29T14:15:00Z,4198.2001953125,4199.2998046875,4197.2998046875,4198.10009765625,260.0,yahoo,GC=F
2026-09-29T14:16:00Z,4198.39990234375,4200.0,4198.2001953125,4198.60009765625,224.0,yahoo,GC=F
2026-09-29T14:17:00Z,4198.2001953125,4200.5,4198.10009765625,4200.0,235.0,yahoo,GC=F
2026-09-29T14:18:00Z,4199.5,4203.0,4198.5,4202.89990234375,448.0,yahoo,GC=F
2026-09-29T14:19:00Z,4203.0,4204.39990234375,4202.10009765625,4202.39990234375,278.0,yahoo,GC=F
2026-09-29T14:20:00Z,4202.39990234375,4203.39990234375,4199.5,4200.5,690.0,yahoo,GC=F
2026-09-29T14:21:00Z,4200.0,4207.10009765625,4199.89990234375,4206.7998046875,577.0,yahoo,GC=F
2026-09-29T14:22:00Z,4207.0,4207.2001953125,4205.2998046875,4205.39990234375,263.0,yahoo,GC=F
2026-09-29T14:23:00Z,4205.7001953125,4206.5,4204.60009765625,4205.60009765625,249.0,yahoo,GC=F
2026-09-29T14:24:00Z,4205.89990234375,4207.0,4203.2998046875,4206.5,341.0,yahoo,GC=F
2026-09-29T14:25:00Z,4206.2998046875,4207.10009765625,4204.2998046875,4205.10009765625,192.0,yahoo,GC=F
2026-09-29T14:26:00Z,4204.89990234375,4205.39990234375,4203.89990234375,4205.10009765625,255.0,yahoo,GC=F
2026-09-29T14:27:00Z,4205.39990234375,4207.2001953125,4205.0,4205.2001953125,101.0,yahoo,GC=F
2026-09-29T14:28:00Z,4205.10009765625,4205.7001953125,4204.7001953125,4204.7001953125,110.0,yahoo,GC=F
2026-09-29T14:29:00Z,4204.7998046875,4204.7998046875,4203.7001953125,4204.10009765625,84.0,yahoo,GC=F
2026-09-29T14:30:00Z,4204.5,4206.5,4203.7998046875,4205.7001953125,163.0,yahoo,GC=F
2026-09-29T14:31:00Z,4205.60009765625,4205.60009765625,4203.5,4204.2998046875,182.0,yahoo,GC=F
2026-09-29T14:32:00Z,4204.2998046875,4204.39990234375,4201.39990234375,4201.89990234375,204.0,yahoo,GC=F
2026-09-29T14:33:00Z,4201.7998046875,4202.0,4199.7998046875,4200.2001953125,180.0,yahoo,GC=F
2026-09-29T14:34:00Z,4200.10009765625,4200.7001953125,4199.5,4199.7001953125,155.0,yahoo,GC=F
2026-09-29T14:35:00Z,4200.2001953125,4201.10009765625,4198.7998046875,4200.10009765625,197.0,yahoo,GC=F
2026-09-29T14:36:00Z,4200.0,4200.0,4196.7998046875,4197.0,224.0,yahoo,GC=F
2026-09-29T14:37:00Z,4196.39990234375,4196.89990234375,4194.5,4195.2001953125,269.0,yahoo,GC=F
2026-09-29T14:38:00Z,4195.5,4196.7998046875,4194.89990234375,4196.5,147.0,yahoo,GC=F
2026-09-29T14:39:00Z,4196.89990234375,4197.2001953125,4196.10009765625,4196.7998046875,87.0,yahoo,GC=F
2026-09-29T14:40:00Z,4197.0,4201.0,4196.89990234375,4197.60009765625,509.0,yahoo,GC=F
2026-09-29T14:41:00Z,4198.0,4200.7001953125,4196.7998046875,4199.2998046875,217.0,yahoo,GC=F
2026-09-29T14:42:00Z,4199.10009765625,4202.7001953125,4197.89990234375,4201.39990234375,368.0,yahoo,GC=F
2026-09-29T14:43:00Z,4201.39990234375,4201.60009765625,4199.10009765625,4199.10009765625,122.0,yahoo,GC=F
2026-09-29T14:44:00Z,4199.0,4199.7998046875,4198.60009765625,4199.39990234375,58.0,yahoo,GC=F
2026-09-29T14:45:00Z,4199.39990234375,4199.7998046875,4196.89990234375,4197.0,124.0,yahoo,GC=F
2026-09-29T14:46:00Z,4197.0,4197.7001953125,4195.39990234375,4195.60009765625,175.0,yahoo,GC=F
2026-09-29T14:47:00Z,4195.7998046875,4196.2001953125,4194.5,4195.2001953125,182.0,yahoo,GC=F
2026-09-29T14:48:00Z,4195.10009765625,4197.7001953125,4195.0,4196.39990234375,123.0,yahoo,GC=F
2026-09-29T14:49:00Z,4196.2001953125,4196.2998046875,4194.7001953125,4196.0,143.0,yahoo,GC=F
2026-09-29T14:50:00Z,4195.89990234375,4197.89990234375,4195.7001953125,4197.39990234375,232.0,yahoo,GC=F
2026-09-29T14:51:00Z,4197.2998046875,4201.0,4197.0,4200.0,218.0,yahoo,GC=F
2026-09-29T14:52:00Z,4199.7998046875,4200.2998046875,4198.39990234375,4199.2001953125,185.0,yahoo,GC=F
2026-09-29T14:53:00Z,4199.2998046875,4199.89990234375,4197.39990234375,4199.10009765625,67.0,yahoo,GC=F
2026-09-29T14:54:00Z,4199.0,4199.7998046875,4198.10009765625,4199.60009765625,58.0,yahoo,GC=F
2026-09-29T14:55:00Z,4199.2001953125,4199.60009765625,4197.89990234375,4198.2998046875,86.0,yahoo,GC=F
2026-09-29T14:56:00Z,4197.89990234375,4200.5,4197.89990234375,4200.2998046875,158.0,yahoo,GC=F
2026-09-29T14:57:00Z,4200.5,4203.7001953125,4200.2998046875,4203.7001953125,426.0,yahoo,GC=F
2026-09-29T14:58:00Z,4203.7001953125,4203.89990234375,4202.2001953125,4202.39990234375,142.0,yahoo,GC=F
2026-09-29T14:59:00Z,4202.60009765625,4203.60009765625,4201.2998046875,4202.0,117.0,yahoo,GC=F
2026-09-29T15:00:00Z,4202.2001953125,4202.2001953125,4200.2998046875,4200.7998046875,280.0,yahoo,GC=F
2026-09-29T15:01:00Z,4200.89990234375,4201.2998046875,4198.2998046875,4201.2998046875,283.0,yahoo,GC=F
2026-09-29T15:02:00Z,4200.7001953125,4200.7998046875,4199.0,4200.5,199.0,yahoo,GC=F
2026-09-29T15:03:00Z,4200.10009765625,4201.0,4199.2001953125,4200.60009765625,96.0,yahoo,GC=F
2026-09-29T15:04:00Z,4201.0,4201.60009765625,4199.7998046875,4199.89990234375,118.0,yahoo,GC=F
2026-09-29T15:05:00Z,4199.7001953125,4200.0,4198.0,4198.7998046875,204.0,yahoo,GC=F
2026-09-29T15:06:00Z,4198.5,4199.2998046875,4197.2998046875,4198.0,147.0,yahoo,GC=F
2026-09-29T15:07:00Z,4197.7001953125,4198.60009765625,4197.0,4197.5,322.0,yahoo,GC=F
2026-09-29T15:08:00Z,4197.2998046875,4197.2998046875,4194.7001953125,4195.5,445.0,yahoo,GC=F
2026-09-29T15:09:00Z,4195.7001953125,4196.2001953125,4194.7001953125,4195.39990234375,199.0,yahoo,GC=F
2026-09-29T15:10:00Z,4195.5,4197.2001953125,4195.2001953125,4195.2001953125,238.0,yahoo,GC=F
2026-09-29T15:11:00Z,4195.10009765625,4195.10009765625,4193.7001953125,4194.5,199.0,yahoo,GC=F
2026-09-29T15:12:00Z,4194.5,4194.89990234375,4192.7998046875,4193.7001953125,202.0,yahoo,GC=F
2026-09-29T15:13:00Z,4194.0,4194.5,4192.7998046875,4193.60009765625,215.0,yahoo,GC=F
2026-09-29T15:14:00Z,4193.5,4194.5,4192.7998046875,4193.7998046875,110.0,yahoo,GC=F
2026-09-29T15:15:00Z,4193.89990234375,4194.60009765625,4192.10009765625,4193.2998046875,207.0,yahoo,GC=F
2026-09-29T15:16:00Z,4193.5,4194.7998046875,4193.2001953125,4193.89990234375,190.0,yahoo,GC=F
2026-09-29T15:17:00Z,4194.0,4194.10009765625,4193.0,4193.5,107.0,yahoo,GC=F
2026-09-29T15:18:00Z,4193.2001953125,4193.2998046875,4192.0,4192.5,154.0,yahoo,GC=F
2026-09-29T15:19:00Z,4192.7001953125,4193.0,4191.0,4191.60009765625,266.0,yahoo,GC=F
2026-09-29T15:20:00Z,4191.89990234375,4192.5,4191.0,4191.2998046875,178.0,yahoo,GC=F
2026-09-29T15:21:00Z,4191.0,4191.39990234375,4190.0,4190.7001953125,233.0,yahoo,GC=F
2026-09-29T15:22:00Z,4190.5,4191.5,4187.7001953125,4188.2998046875,363.0,yahoo,GC=F
2026-09-29T15:23:00Z,4188.2001953125,4188.2001953125,4185.7998046875,4186.7998046875,519.0,yahoo,GC=F
2026-09-29T15:24:00Z,4186.89990234375,4189.0,4185.5,4188.5,399.0,yahoo,GC=F
2026-09-29T15:25:00Z,4188.7001953125,4189.10009765625,4186.7998046875,4187.2998046875,283.0,yahoo,GC=F
2026-09-29T15:26:00Z,4187.39990234375,4188.2001953125,4183.5,4183.5,266.0,yahoo,GC=F
2026-09-29T15:27:00Z,4183.7001953125,4183.7998046875,4182.2001953125,4183.0,242.0,yahoo,GC=F
2026-09-29T15:28:00Z,4182.7001953125,4183.39990234375,4181.10009765625,4181.2001953125,396.0,yahoo,GC=F
2026-09-29T15:29:00Z,4181.2001953125,4184.2998046875,4180.0,4184.2998046875,473.0,yahoo,GC=F
2026-09-29T15:30:00Z,4184.5,4185.7998046875,4182.60009765625,4182.60009765625,379.0,yahoo,GC=F
2026-09-29T15:31:00Z,4182.7998046875,4185.39990234375,4182.5,4184.5,191.0,yahoo,GC=F
2026-09-29T15:32:00Z,4184.39990234375,4186.60009765625,4184.39990234375,4186.2001953125,150.0,yahoo,GC=F
2026-09-29T15:33:00Z,4186.0,4188.10009765625,4186.0,4187.7001953125,246.0,yahoo,GC=F
2026-09-29T15:34:00Z,4187.89990234375,4190.0,4187.2998046875,4189.2001953125,335.0,yahoo,GC=F
2026-09-29T15:35:00Z,4189.60009765625,4191.0,4189.0,4189.10009765625,279.0,yahoo,GC=F
2026-09-29T15:36:00Z,4189.10009765625,4190.2001953125,4188.0,4188.5,128.0,yahoo,GC=F
2026-09-29T15:37:00Z,4188.5,4189.2998046875,4188.0,4188.89990234375,80.0,yahoo,GC=F
2026-09-29T15:38:00Z,4188.60009765625,4189.10009765625,4187.7001953125,4189.10009765625,89.0,yahoo,GC=F
2026-09-29T15:39:00Z,4188.89990234375,4190.0,4188.10009765625,4189.5,105.0,yahoo,GC=F
2026-09-29T15:40:00Z,4189.7001953125,4189.7001953125,4188.7001953125,4189.0,66.0,yahoo,GC=F
2026-09-29T15:41:00Z,4189.2998046875,4189.5,4186.7001953125,4186.89990234375,192.0,yahoo,GC=F
2026-09-29T15:42:00Z,4187.10009765625,4187.5,4186.39990234375,4186.7001953125,164.0,yahoo,GC=F
2026-09-29T15:43:00Z,4186.2998046875,4187.0,4185.60009765625,4186.7001953125,146.0,yahoo,GC=F
2026-09-29T15:44:00Z,4186.60009765625,4188.10009765625,4185.7001953125,4188.10009765625,166.0,yahoo,GC=F
2026-09-29T15:45:00Z,4188.0,4188.7998046875,4187.60009765625,4187.89990234375,87.0,yahoo,GC=F
2026-09-29T15:46:00Z,4187.7001953125,4189.0,4186.89990234375,4187.2001953125,137.0,yahoo,GC=F
2026-09-29T15:47:00Z,4187.0,4194.0,4186.7998046875,4192.89990234375,947.0,yahoo,GC=F
2026-09-29T15:48:00Z,4191.7001953125,4192.39990234375,4188.0,4191.0,240.0,yahoo,GC=F
2026-09-29T15:49:00Z,4191.10009765625,4192.60009765625,4190.39990234375,4190.89990234375,105.0,yahoo,GC=F
2026-09-29T15:50:00Z,4191.0,4191.60009765625,4188.89990234375,4189.10009765625,78.0,yahoo,GC=F
2026-09-29T15:51:00Z,4189.39990234375,4190.2998046875,4188.60009765625,4189.39990234375,95.0,yahoo,GC=F
2026-09-29T15:52:00Z,4189.0,4190.39990234375,4188.7998046875,4188.7998046875,82.0,yahoo,GC=F
2026-09-29T15:53:00Z,4189.2001953125,4189.7998046875,4187.10009765625,4187.39990234375,93.0,yahoo,GC=F
2026-09-29T15:54:00Z,4187.10009765625,4188.60009765625,4185.5,4187.60009765625,165.0,yahoo,GC=F
2026-09-29T15:55:00Z,4187.5,4187.7001953125,4186.7001953125,4186.7001953125,132.0,yahoo,GC=F
2026-09-29T15:56:00Z,4186.5,4189.10009765625,4186.5,4189.0,151.0,yahoo,GC=F
2026-09-29T15:57:00Z,4189.2001953125,4189.89990234375,4188.89990234375,4189.89990234375,125.0,yahoo,GC=F
2026-09-29T15:58:00Z,4189.5,4191.0,4188.89990234375,4188.89990234375,83.0,yahoo,GC=F
2026-09-29T15:59:00Z,4188.7998046875,4190.39990234375,4187.2001953125,4190.2998046875,121.0,yahoo,GC=F
2026-09-29T16:00:00Z,4190.39990234375,4190.89990234375,4187.89990234375,4188.2998046875,142.0,yahoo,GC=F
2026-09-29T16:01:00Z,4188.0,4188.89990234375,4187.39990234375,4187.89990234375,69.0,yahoo,GC=F
2026-09-29T16:02:00Z,4187.7998046875,4187.89990234375,4187.0,4187.89990234375,71.0,yahoo,GC=F
2026-09-29T16:03:00Z,4187.7998046875,4188.0,4186.39990234375,4186.60009765625,103.0,yahoo,GC=F
2026-09-29T16:04:00Z,4186.89990234375,4186.89990234375,4184.7001953125,4185.0,144.0,yahoo,GC=F
2026-09-29T16:05:00Z,4185.10009765625,4185.2998046875,4183.0,4183.0,193.0,yahoo,GC=F
2026-09-29T16:06:00Z,4183.2001953125,4184.10009765625,4182.7001953125,4184.10009765625,122.0,yahoo,GC=F
2026-09-29T16:07:00Z,4183.7001953125,4184.0,4182.7998046875,4183.5,89.0,yahoo,GC=F
2026-09-29T16:08:00Z,4183.2998046875,4183.7998046875,4182.7998046875,4183.7998046875,74.0,yahoo,GC=F
2026-09-29T16:09:00Z,4183.89990234375,4184.5,4183.10009765625,4184.10009765625,138.0,yahoo,GC=F
2026-09-29T16:10:00Z,4184.39990234375,4184.89990234375,4183.39990234375,4183.89990234375,76.0,yahoo,GC=F
2026-09-29T16:11:00Z,4184.10009765625,4185.7998046875,4184.0,4185.7001953125,82.0,yahoo,GC=F
2026-09-29T16:12:00Z,4185.60009765625,4186.0,4184.7998046875,4184.7998046875,115.0,yahoo,GC=F
2026-09-29T16:13:00Z,4185.0,4185.2001953125,4184.10009765625,4184.10009765625,84.0,yahoo,GC=F
2026-09-29T16:14:00Z,4184.10009765625,4184.39990234375,4182.5,4182.60009765625,102.0,yahoo,GC=F
2026-09-29T16:15:00Z,4182.5,4184.5,4182.5,4184.2001953125,201.0,yahoo,GC=F
2026-09-29T16:16:00Z,4184.5,4184.7998046875,4183.2998046875,4183.89990234375,80.0,yahoo,GC=F
2026-09-29T16:17:00Z,4183.60009765625,4184.10009765625,4183.2998046875,4183.2998046875,59.0,yahoo,GC=F
2026-09-29T16:18:00Z,4183.60009765625,4183.7998046875,4181.89990234375,4182.5,94.0,yahoo,GC=F
2026-09-29T16:19:00Z,4182.2998046875,4183.2001953125,4182.0,4182.89990234375,60.0,yahoo,GC=F
2026-09-29T16:20:00Z,4183.2001953125,4184.0,4182.7998046875,4182.7998046875,75.0,yahoo,GC=F
2026-09-29T16:21:00Z,4182.7998046875,4184.39990234375,4181.7001953125,4182.0,145.0,yahoo,GC=F
2026-09-29T16:22:00Z,4182.0,4183.5,4181.60009765625,4182.89990234375,63.0,yahoo,GC=F
2026-09-29T16:23:00Z,4182.7998046875,4184.60009765625,4182.7001953125,4184.60009765625,53.0,yahoo,GC=F
2026-09-29T16:24:00Z,4184.39990234375,4184.7998046875,4184.0,4184.0,44.0,yahoo,GC=F
2026-09-29T16:25:00Z,4184.2001953125,4185.60009765625,4184.0,4185.2001953125,44.0,yahoo,GC=F
2026-09-29T16:26:00Z,4185.0,4186.0,4184.39990234375,4185.7001953125,65.0,yahoo,GC=F
2026-09-29T16:27:00Z,4185.60009765625,4186.0,4185.10009765625,4185.7001953125,44.0,yahoo,GC=F
2026-09-29T16:28:00Z,4185.60009765625,4187.0,4185.39990234375,4186.60009765625,55.0,yahoo,GC=F
2026-09-29T16:29:00Z,4186.2998046875,4186.39990234375,4185.2998046875,4185.7001953125,39.0,yahoo,GC=F
2026-09-29T16:30:00Z,4185.7001953125,4186.10009765625,4184.5,4185.60009765625,73.0,yahoo,GC=F
2026-09-29T16:31:00Z,4185.0,4186.0,4184.89990234375,4185.60009765625,54.0,yahoo,GC=F
2026-09-29T16:32:00Z,4185.5,4186.0,4185.10009765625,4185.39990234375,36.0,yahoo,GC=F
2026-09-29T16:33:00Z,4185.5,4186.2001953125,4184.89990234375,4185.7998046875,35.0,yahoo,GC=F
2026-09-29T16:34:00Z,4185.7998046875,4185.89990234375,4185.2998046875,4185.89990234375,61.0,yahoo,GC=F
2026-09-29T16:35:00Z,4185.7998046875,4187.39990234375,4185.7998046875,4186.0,234.0,yahoo,GC=F
2026-09-29T16:36:00Z,4186.0,4187.2998046875,4185.7998046875,4187.0,63.0,yahoo,GC=F
2026-09-29T16:37:00Z,4186.60009765625,4186.89990234375,4186.2001953125,4186.2001953125,27.0,yahoo,GC=F
2026-09-29T16:38:00Z,4185.7001953125,4186.5,4185.5,4185.89990234375,77.0,yahoo,GC=F
2026-09-29T16:39:00Z,4185.39990234375,4185.60009765625,4183.89990234375,4184.89990234375,73.0,yahoo,GC=F
2026-09-29T16:40:00Z,4185.0,4185.0,4184.10009765625,4184.2998046875,57.0,yahoo,GC=F
2026-09-29T16:41:00Z,4184.2998046875,4185.0,4184.2998046875,4184.2998046875,36.0,yahoo,GC=F
2026-09-29T16:42:00Z,4184.0,4184.39990234375,4183.39990234375,4183.7998046875,74.0,yahoo,GC=F
2026-09-29T16:43:00Z,4183.7001953125,4183.89990234375,4182.2001953125,4182.5,115.0,yahoo,GC=F
2026-09-29T16:44:00Z,4182.10009765625,4182.5,4179.60009765625,4179.89990234375,242.0,yahoo,GC=F
2026-09-29T16:45:00Z,4179.39990234375,4179.7998046875,4176.89990234375,4177.7998046875,443.0,yahoo,GC=F
2026-09-29T16:46:00Z,4177.39990234375,4179.2998046875,4177.39990234375,4178.7001953125,228.0,yahoo,GC=F
2026-09-29T16:47:00Z,4178.7001953125,4179.2998046875,4178.39990234375,4178.60009765625,64.0,yahoo,GC=F
2026-09-29T16:48:00Z,4178.89990234375,4181.10009765625,4178.89990234375,4180.7998046875,112.0,yahoo,GC=F
2026-09-29T16:49:00Z,4180.7998046875,4181.0,4179.7001953125,4180.5,54.0,yahoo,GC=F
2026-09-29T16:50:00Z,4180.7998046875,4182.2998046875,4180.60009765625,4181.60009765625,104.0,yahoo,GC=F
2026-09-29T16:51:00Z,4181.60009765625,4183.10009765625,4181.60009765625,4181.7998046875,191.0,yahoo,GC=F
2026-09-29T16:52:00Z,4182.0,4182.39990234375,4180.0,4180.2998046875,80.0,yahoo,GC=F
2026-09-29T16:53:00Z,4180.5,4180.60009765625,4179.7001953125,4180.10009765625,58.0,yahoo,GC=F
2026-09-29T16:54:00Z,4180.2001953125,4180.60009765625,4179.2001953125,4179.60009765625,40.0,yahoo,GC=F
2026-09-29T16:55:00Z,4179.7998046875,4179.7998046875,4177.5,4177.7001953125,122.0,yahoo,GC=F
2026-09-29T16:56:00Z,4177.7001953125,4178.10009765625,4176.7001953125,4177.2998046875,183.0,yahoo,GC=F
2026-09-29T16:57:00Z,4177.2998046875,4177.7001953125,4176.89990234375,4177.39990234375,80.0,yahoo,GC=F
2026-09-29T16:58:00Z,4177.2998046875,4177.7001953125,4176.7001953125,4177.60009765625,75.0,yahoo,GC=F
2026-09-29T16:59:00Z,4177.2998046875,4178.39990234375,4177.0,4177.7998046875,88.0,yahoo,GC=F
2026-09-29T17:00:00Z,4177.7998046875,4178.10009765625,4177.10009765625,4177.39990234375,100.0,yahoo,GC=F
2026-09-29T17:01:00Z,4177.60009765625,4179.5,4177.2001953125,4177.60009765625,117.0,yahoo,GC=F
2026-09-29T17:02:00Z,4177.5,4178.39990234375,4177.2001953125,4177.39990234375,96.0,yahoo,GC=F
2026-09-29T17:03:00Z,4177.7001953125,4178.89990234375,4176.7001953125,4178.60009765625,85.0,yahoo,GC=F
2026-09-29T17:04:00Z,4178.60009765625,4180.0,4178.60009765625,4179.60009765625,68.0,yahoo,GC=F
2026-09-29T17:05:00Z,4179.39990234375,4180.10009765625,4179.10009765625,4179.60009765625,78.0,yahoo,GC=F
2026-09-29T17:06:00Z,4180.0,4180.2001953125,4178.5,4178.5,104.0,yahoo,GC=F
2026-09-29T17:07:00Z,4178.39990234375,4178.60009765625,4176.7001953125,4177.39990234375,131.0,yahoo,GC=F
2026-09-29T17:08:00Z,4177.39990234375,4177.5,4176.2998046875,4176.7998046875,110.0,yahoo,GC=F
2026-09-29T17:09:00Z,4177.0,4177.7998046875,4176.89990234375,4177.7001953125,56.0,yahoo,GC=F
2026-09-29T17:10:00Z,4178.0,4178.7998046875,4177.60009765625,4178.5,47.0,yahoo,GC=F
2026-09-29T17:11:00Z,4178.5,4179.7998046875,4178.5,4179.2998046875,80.0,yahoo,GC=F
2026-09-29T17:12:00Z,4179.60009765625,4180.2998046875,4179.5,4179.5,48.0,yahoo,GC=F
2026-09-29T17:13:00Z,4179.7001953125,4179.89990234375,4179.0,4179.2998046875,49.0,yahoo,GC=F
2026-09-29T17:14:00Z,4179.39990234375,4179.89990234375,4179.10009765625,4179.5,103.0,yahoo,GC=F
2026-09-29T17:15:00Z,4179.7998046875,4179.89990234375,4178.7998046875,4178.7998046875,77.0,yahoo,GC=F
2026-09-29T17:16:00Z,4178.60009765625,4179.7001953125,4178.60009765625,4179.2998046875,61.0,yahoo,GC=F
2026-09-29T17:17:00Z,4179.39990234375,4179.39990234375,4178.60009765625,4178.89990234375,52.0,yahoo,GC=F
2026-09-29T17:18:00Z,4178.89990234375,4179.60009765625,4178.60009765625,4179.2001953125,62.0,yahoo,GC=F
2026-09-29T17:19:00Z,4179.10009765625,4181.0,4178.89990234375,4180.0,66.0,yahoo,GC=F
2026-09-29T17:20:00Z,4180.10009765625,4180.5,4178.7998046875,4178.7998046875,72.0,yahoo,GC=F
2026-09-29T17:21:00Z,4179.0,4179.2001953125,4178.10009765625,4178.39990234375,77.0,yahoo,GC=F
2026-09-29T17:22:00Z,4178.7998046875,4180.10009765625,4178.7998046875,4180.10009765625,101.0,yahoo,GC=F
2026-09-29T17:23:00Z,4179.89990234375,4181.0,4179.5,4179.7001953125,236.0,yahoo,GC=F
2026-09-29T17:24:00Z,4179.60009765625,4180.2001953125,4179.2001953125,4180.0,58.0,yahoo,GC=F
2026-09-29T17:25:00Z,4179.7001953125,4180.0,4178.5,4178.7001953125,74.0,yahoo,GC=F
2026-09-29T17:26:00Z,4178.7001953125,4179.7998046875,4178.7001953125,4179.60009765625,102.0,yahoo,GC=F
2026-09-29T17:27:00Z,4179.60009765625,4180.10009765625,4179.2001953125,4179.7001953125,80.0,yahoo,GC=F
2026-09-29T17:28:00Z,4179.7001953125,4179.7998046875,4178.7998046875,4179.5,398.0,yahoo,GC=F
2026-09-29T17:29:00Z,4178.89990234375,4180.7998046875,4178.39990234375,4180.7001953125,923.0,yahoo,GC=F
2026-09-29T17:30:00Z,4180.7001953125,4181.0,4180.0,4180.39990234375,331.0,yahoo,GC=F
2026-09-29T17:31:00Z,4180.7001953125,4181.10009765625,4179.39990234375,4180.10009765625,127.0,yahoo,GC=F
2026-09-29T17:32:00Z,4179.89990234375,4180.2998046875,4179.0,4180.0,144.0,yahoo,GC=F
2026-09-29T17:33:00Z,4180.39990234375,4181.2001953125,4179.0,4179.2001953125,61.0,yahoo,GC=F
2026-09-29T17:34:00Z,4179.0,4180.10009765625,4178.7998046875,4179.7998046875,50.0,yahoo,GC=F
2026-09-29T17:35:00Z,4179.7998046875,4180.0,4179.10009765625,4179.10009765625,33.0,yahoo,GC=F
2026-09-29T17:36:00Z,4179.10009765625,4179.89990234375,4179.0,4179.60009765625,36.0,yahoo,GC=F
2026-09-29T17:37:00Z,4179.7998046875,4180.0,4178.89990234375,4179.2001953125,38.0,yahoo,GC=F
2026-09-29T17:38:00Z,4179.0,4179.39990234375,4177.2001953125,4177.2998046875,101.0,yahoo,GC=F
2026-09-29T17:39:00Z,4177.2001953125,4177.7001953125,4176.7001953125,4177.39990234375,141.0,yahoo,GC=F
2026-09-29T17:40:00Z,4177.2998046875,4177.5,4176.2001953125,4176.7001953125,92.0,yahoo,GC=F
2026-09-29T17:41:00Z,4176.39990234375,4176.7001953125,4175.7001953125,4175.89990234375,92.0,yahoo,GC=F
2026-09-29T17:42:00Z,4176.0,4177.0,4176.0,4177.0,99.0,yahoo,GC=F
2026-09-29T17:43:00Z,4176.89990234375,4177.5,4176.2001953125,4176.7001953125,96.0,yahoo,GC=F
2026-09-29T17:44:00Z,4176.60009765625,4177.7998046875,4176.39990234375,4176.89990234375,144.0,yahoo,GC=F
2026-09-29T17:45:00Z,4177.10009765625,4178.2001953125,4176.89990234375,4177.7001953125,113.0,yahoo,GC=F
2026-09-29T17:46:00Z,4177.60009765625,4179.7998046875,4175.5,4175.60009765625,404.0,yahoo,GC=F
2026-09-29T17:47:00Z,4175.60009765625,4176.5,4175.2998046875,4175.7001953125,77.0,yahoo,GC=F
2026-09-29T17:48:00Z,4176.10009765625,4177.10009765625,4176.0,4176.89990234375,83.0,yahoo,GC=F
2026-09-29T17:49:00Z,4176.60009765625,4177.60009765625,4176.39990234375,4177.10009765625,52.0,yahoo,GC=F
2026-09-29T17:50:00Z,4177.2001953125,4178.2998046875,4176.89990234375,4178.0,112.0,yahoo,GC=F
2026-09-29T17:51:00Z,4178.2001953125,4178.5,4177.7001953125,4178.0,96.0,yahoo,GC=F
2026-09-29T17:52:00Z,4177.7998046875,4178.0,4177.5,4177.7998046875,27.0,yahoo,GC=F
2026-09-29T17:53:00Z,4177.39990234375,4177.39990234375,4175.7998046875,4175.89990234375,137.0,yahoo,GC=F
2026-09-29T17:54:00Z,4175.89990234375,4175.89990234375,4174.7001953125,4175.0,89.0,yahoo,GC=F
2026-09-29T17:55:00Z,4174.7998046875,4175.5,4174.60009765625,4175.2001953125,76.0,yahoo,GC=F
2026-09-29T17:56:00Z,4175.2998046875,4175.7001953125,4174.89990234375,4175.39990234375,68.0,yahoo,GC=F
2026-09-29T17:57:00Z,4175.2998046875,4175.7001953125,4174.7001953125,4175.10009765625,79.0,yahoo,GC=F
2026-09-29T17:58:00Z,4175.0,4175.2998046875,4174.39990234375,4175.2998046875,90.0,yahoo,GC=F
2026-09-29T17:59:00Z,4175.60009765625,4176.5,4175.2001953125,4176.2998046875,66.0,yahoo,GC=F
2026-09-29T18:00:00Z,4176.7001953125,4190.5,4176.5,4190.10009765625,2187.0,yahoo,GC=F
2026-09-29T18:01:00Z,4189.60009765625,4192.2001953125,4187.60009765625,4189.39990234375,777.0,yahoo,GC=F
2026-09-29T18:02:00Z,4189.39990234375,4196.0,4189.2001953125,4195.7001953125,878.0,yahoo,GC=F
2026-09-29T18:03:00Z,4194.7998046875,4195.89990234375,4189.2998046875,4190.89990234375,395.0,yahoo,GC=F
2026-09-29T18:04:00Z,4190.39990234375,4196.2998046875,4189.7998046875,4196.0,435.0,yahoo,GC=F
2026-09-29T18:05:00Z,4195.7001953125,4197.2001953125,4194.2998046875,4195.60009765625,479.0,yahoo,GC=F
2026-09-29T18:06:00Z,4195.39990234375,4196.7001953125,4193.2001953125,4195.39990234375,502.0,yahoo,GC=F
2026-09-29T18:07:00Z,4195.39990234375,4195.7998046875,4189.89990234375,4190.2998046875,523.0,yahoo,GC=F
2026-09-29T18:08:00Z,4190.10009765625,4192.89990234375,4190.10009765625,4192.10009765625,324.0,yahoo,GC=F
2026-09-29T18:09:00Z,4192.39990234375,4194.0,4188.5,4190.2001953125,704.0,yahoo,GC=F
2026-09-29T18:10:00Z,4190.10009765625,4194.5,4190.10009765625,4194.0,645.0,yahoo,GC=F
2026-09-29T18:11:00Z,4194.5,4196.39990234375,4193.5,4195.60009765625,287.0,yahoo,GC=F
2026-09-29T18:12:00Z,4195.89990234375,4197.0,4195.0,4196.0,332.0,yahoo,GC=F
2026-09-29T18:13:00Z,4195.89990234375,4200.7001953125,4195.2001953125,4198.7001953125,444.0,yahoo,GC=F
2026-09-29T18:14:00Z,4199.0,4200.5,4198.2998046875,4198.7998046875,346.0,yahoo,GC=F
2026-09-29T18:15:00Z,4199.2001953125,4200.7998046875,4198.7998046875,4200.7001953125,217.0,yahoo,GC=F
2026-09-29T18:16:00Z,4200.60009765625,4203.10009765625,4200.5,4202.2998046875,310.0,yahoo,GC=F
2026-09-29T18:17:00Z,4202.2001953125,4203.10009765625,4199.2998046875,4200.2001953125,236.0,yahoo,GC=F
2026-09-29T18:18:00Z,4200.5,4201.7998046875,4200.2998046875,4200.89990234375,141.0,yahoo,GC=F
2026-09-29T18:19:00Z,4201.0,4201.0,4198.60009765625,4199.0,208.0,yahoo,GC=F
2026-09-29T18:20:00Z,4199.10009765625,4200.5,4198.5,4200.2001953125,224.0,yahoo,GC=F
2026-09-29T18:21:00Z,4200.2001953125,4200.2998046875,4198.60009765625,4199.39990234375,114.0,yahoo,GC=F
2026-09-29T18:22:00Z,4199.0,4200.2001953125,4198.10009765625,4199.39990234375,196.0,yahoo,GC=F
2026-09-29T18:23:00Z,4199.7001953125,4201.5,4197.2001953125,4197.39990234375,377.0,yahoo,GC=F
2026-09-29T18:24:00Z,4197.5,4198.5,4195.2998046875,4195.60009765625,237.0,yahoo,GC=F
2026-09-29T18:25:00Z,4195.7001953125,4198.2998046875,4195.39990234375,4197.60009765625,416.0,yahoo,GC=F
2026-09-29T18:26:00Z,4197.5,4198.10009765625,4195.7001953125,4195.89990234375,73.0,yahoo,GC=F
2026-09-29T18:27:00Z,4195.5,4197.5,4195.10009765625,4196.0,156.0,yahoo,GC=F
2026-09-29T18:28:00Z,4195.89990234375,4201.60009765625,4195.89990234375,4200.89990234375,211.0,yahoo,GC=F
2026-09-29T18:29:00Z,4200.7001953125,4201.10009765625,4198.39990234375,4198.7001953125,118.0,yahoo,GC=F
2026-09-29T18:30:00Z,4198.7001953125,4203.2998046875,4195.60009765625,4196.39990234375,1147.0,yahoo,GC=F
2026-09-29T18:31:00Z,4196.5,4197.60009765625,4196.0,4196.7001953125,220.0,yahoo,GC=F
2026-09-29T18:32:00Z,4196.60009765625,4198.2998046875,4195.60009765625,4196.7001953125,198.0,yahoo,GC=F
2026-09-29T18:33:00Z,4196.7001953125,4196.7998046875,4193.0,4193.7001953125,168.0,yahoo,GC=F
2026-09-29T18:34:00Z,4193.89990234375,4197.5,4193.39990234375,4197.2001953125,226.0,yahoo,GC=F
2026-09-29T18:35:00Z,4197.2001953125,4199.89990234375,4196.60009765625,4199.7001953125,388.0,yahoo,GC=F
2026-09-29T18:36:00Z,4200.0,4201.89990234375,4199.2998046875,4201.2998046875,197.0,yahoo,GC=F
2026-09-29T18:37:00Z,4201.0,4201.7998046875,4200.10009765625,4201.7001953125,99.0,yahoo,GC=F
2026-09-29T18:38:00Z,4201.5,4205.5,4200.7001953125,4205.5,247.0,yahoo,GC=F
2026-09-29T18:39:00Z,4205.39990234375,4208.5,4205.0,4207.7001953125,520.0,yahoo,GC=F
2026-09-29T18:40:00Z,4207.60009765625,4209.0,4205.10009765625,4206.2001953125,313.0,yahoo,GC=F
2026-09-29T18:41:00Z,4206.10009765625,4207.39990234375,4205.2998046875,4206.5,177.0,yahoo,GC=F
2026-09-29T18:42:00Z,4206.5,4206.7998046875,4203.89990234375,4205.39990234375,163.0,yahoo,GC=F
2026-09-29T18:43:00Z,4205.39990234375,4205.5,4203.2998046875,4203.39990234375,90.0,yahoo,GC=F
2026-09-29T18:44:00Z,4203.0,4203.7001953125,4202.2001953125,4203.60009765625,112.0,yahoo,GC=F
2026-09-29T18:45:00Z,4203.2001953125,4203.39990234375,4202.60009765625,4203.0,80.0,yahoo,GC=F
2026-09-29T18:46:00Z,4202.7001953125,4203.39990234375,4202.39990234375,4202.39990234375,49.0,yahoo,GC=F
2026-09-29T18:47:00Z,4202.39990234375,4202.39990234375,4199.10009765625,4200.7001953125,142.0,yahoo,GC=F
2026-09-29T18:48:00Z,4200.60009765625,4200.60009765625,4199.0,4199.7998046875,175.0,yahoo,GC=F
2026-09-29T18:49:00Z,4200.0,4200.10009765625,4197.7998046875,4198.7998046875,230.0,yahoo,GC=F
2026-09-29T18:50:00Z,4198.89990234375,4199.60009765625,4197.2998046875,4198.39990234375,288.0,yahoo,GC=F
2026-09-29T18:51:00Z,4198.5,4199.7998046875,4198.5,4199.39990234375,123.0,yahoo,GC=F
2026-09-29T18:52:00Z,4199.60009765625,4201.60009765625,4199.10009765625,4201.60009765625,150.0,yahoo,GC=F
2026-09-29T18:53:00Z,4201.60009765625,4204.2001953125,4201.60009765625,4203.60009765625,390.0,yahoo,GC=F
2026-09-29T18:54:00Z,4203.39990234375,4203.7001953125,4201.5,4201.60009765625,253.0,yahoo,GC=F
2026-09-29T18:55:00Z,4201.5,4202.5,4200.7998046875,4201.60009765625,76.0,yahoo,GC=F
2026-09-29T18:56:00Z,4201.89990234375,4202.7001953125,4201.60009765625,4202.5,64.0,yahoo,GC=F
2026-09-29T18:57:00Z,4202.10009765625,4202.5,4201.2998046875,4201.89990234375,42.0,yahoo,GC=F
2026-09-29T18:58:00Z,4202.2001953125,4203.5,4202.2001953125,4203.39990234375,61.0,yahoo,GC=F
2026-09-29T18:59:00Z,4203.7001953125,4205.2001953125,4203.2001953125,4203.89990234375,290.0,yahoo,GC=F
2026-09-29T19:00:00Z,4203.60009765625,4204.10009765625,4203.10009765625,4203.60009765625,156.0,yahoo,GC=F
2026-09-29T19:01:00Z,4203.5,4204.10009765625,4203.0,4203.5,94.0,yahoo,GC=F
2026-09-29T19:02:00Z,4203.39990234375,4204.2001953125,4202.7998046875,4204.0,108.0,yahoo,GC=F
2026-09-29T19:03:00Z,4204.0,4204.7001953125,4203.89990234375,4204.10009765625,97.0,yahoo,GC=F
2026-09-29T19:04:00Z,4204.0,4206.5,4203.2001953125,4205.2001953125,160.0,yahoo,GC=F
2026-09-29T19:05:00Z,4205.39990234375,4205.39990234375,4204.2001953125,4204.7998046875,28.0,yahoo,GC=F
2026-09-29T19:06:00Z,4204.7998046875,4205.2001953125,4204.0,4204.10009765625,77.0,yahoo,GC=F
2026-09-29T19:07:00Z,4204.0,4205.2001953125,4203.7001953125,4204.10009765625,120.0,yahoo,GC=F
2026-09-29T19:08:00Z,4204.0,4205.5,4203.7998046875,4203.7998046875,61.0,yahoo,GC=F
2026-09-29T19:09:00Z,4203.60009765625,4203.89990234375,4202.7001953125,4202.89990234375,48.0,yahoo,GC=F
2026-09-29T19:10:00Z,4203.2001953125,4203.39990234375,4202.10009765625,4202.7001953125,84.0,yahoo,GC=F
2026-09-29T19:11:00Z,4202.39990234375,4203.2001953125,4202.2998046875,4202.2998046875,44.0,yahoo,GC=F
2026-09-29T19:12:00Z,4202.2001953125,4202.5,4200.5,4200.7998046875,124.0,yahoo,GC=F
2026-09-29T19:13:00Z,4200.7001953125,4202.0,4200.7001953125,4201.5,112.0,yahoo,GC=F
2026-09-29T19:14:00Z,4201.60009765625,4201.7998046875,4201.2001953125,4201.2998046875,28.0,yahoo,GC=F
2026-09-29T19:15:00Z,4201.5,4201.5,4200.39990234375,4201.0,40.0,yahoo,GC=F
2026-09-29T19:16:00Z,4201.39990234375,4202.2001953125,4201.2001953125,4202.10009765625,55.0,yahoo,GC=F
2026-09-29T19:17:00Z,4201.7001953125,4202.2001953125,4201.0,4201.10009765625,83.0,yahoo,GC=F
2026-09-29T19:18:00Z,4201.2001953125,4203.2998046875,4201.10009765625,4202.7001953125,203.0,yahoo,GC=F
2026-09-29T19:19:00Z,4202.89990234375,4202.89990234375,4202.10009765625,4202.89990234375,13.0,yahoo,GC=F
2026-09-29T19:20:00Z,4202.7998046875,4203.2001953125,4202.5,4202.5,23.0,yahoo,GC=F
2026-09-29T19:21:00Z,4202.60009765625,4204.2998046875,4202.60009765625,4203.39990234375,64.0,yahoo,GC=F
2026-09-29T19:22:00Z,4203.7001953125,4203.7001953125,4202.5,4202.60009765625,30.0,yahoo,GC=F
2026-09-29T19:23:00Z,4202.7998046875,4202.89990234375,4201.89990234375,4202.2001953125,22.0,yahoo,GC=F
2026-09-29T19:24:00Z,4202.10009765625,4202.5,4202.0,4202.2001953125,42.0,yahoo,GC=F
2026-09-29T19:25:00Z,4202.2001953125,4202.7001953125,4201.7001953125,4202.39990234375,37.0,yahoo,GC=F
2026-09-29T19:26:00Z,4202.2001953125,4202.2001953125,4201.10009765625,4201.5,40.0,yahoo,GC=F
2026-09-29T19:27:00Z,4201.5,4202.7001953125,4201.2001953125,4202.7001953125,28.0,yahoo,GC=F
2026-09-29T19:28:00Z,4202.7001953125,4203.5,4202.39990234375,4202.39990234375,103.0,yahoo,GC=F
2026-09-29T19:29:00Z,4203.0,4204.0,4202.60009765625,4203.89990234375,115.0,yahoo,GC=F
2026-09-29T19:30:00Z,4203.7998046875,4203.7998046875,4202.2001953125,4202.39990234375,76.0,yahoo,GC=F
2026-09-29T19:31:00Z,4202.60009765625,4203.5,4202.60009765625,4203.5,35.0,yahoo,GC=F
2026-09-29T19:32:00Z,4203.39990234375,4204.0,4202.89990234375,4203.89990234375,35.0,yahoo,GC=F
2026-09-29T19:33:00Z,4203.7998046875,4203.89990234375,4201.89990234375,4202.60009765625,28.0,yahoo,GC=F
2026-09-29T19:34:00Z,4202.7001953125,4203.2998046875,4202.39990234375,4202.89990234375,15.0,yahoo,GC=F
2026-09-29T19:35:00Z,4203.10009765625,4204.0,4202.89990234375,4203.89990234375,31.0,yahoo,GC=F
2026-09-29T19:36:00Z,4203.7001953125,4204.7998046875,4203.7001953125,4204.7998046875,57.0,yahoo,GC=F
2026-09-29T19:37:00Z,4204.7001953125,4205.10009765625,4203.7998046875,4204.60009765625,83.0,yahoo,GC=F
2026-09-29T19:38:00Z,4204.5,4204.89990234375,4204.2998046875,4204.7001953125,50.0,yahoo,GC=F
2026-09-29T19:39:00Z,4204.7998046875,4206.2998046875,4204.7998046875,4204.89990234375,103.0,yahoo,GC=F
2026-09-29T19:40:00Z,4204.7001953125,4204.7001953125,4203.10009765625,4204.5,39.0,yahoo,GC=F
2026-09-29T19:41:00Z,4204.2001953125,4204.39990234375,4203.2001953125,4203.60009765625,44.0,yahoo,GC=F
2026-09-29T19:42:00Z,4203.2001953125,4204.10009765625,4202.7998046875,4204.0,33.0,yahoo,GC=F
2026-09-29T19:43:00Z,4204.0,4204.7998046875,4203.60009765625,4203.60009765625,64.0,yahoo,GC=F
2026-09-29T19:44:00Z,4203.60009765625,4204.89990234375,4203.39990234375,4204.7998046875,43.0,yahoo,GC=F
2026-09-29T19:45:00Z,4204.7001953125,4204.7001953125,4202.5,4202.7001953125,52.0,yahoo,GC=F
2026-09-29T19:46:00Z,4202.7001953125,4203.39990234375,4202.60009765625,4203.2998046875,53.0,yahoo,GC=F
2026-09-29T19:47:00Z,4203.10009765625,4203.60009765625,4202.89990234375,4203.10009765625,44.0,yahoo,GC=F
2026-09-29T19:48:00Z,4203.60009765625,4203.89990234375,4203.0,4203.39990234375,38.0,yahoo,GC=F
2026-09-29T19:49:00Z,4203.5,4203.60009765625,4202.7001953125,4203.0,63.0,yahoo,GC=F
2026-09-29T19:50:00Z,4202.89990234375,4203.7001953125,4202.39990234375,4202.39990234375,55.0,yahoo,GC=F
2026-09-29T19:51:00Z,4202.39990234375,4204.0,4202.39990234375,4203.0,72.0,yahoo,GC=F
2026-09-29T19:52:00Z,4202.89990234375,4203.60009765625,4202.5,4203.10009765625,51.0,yahoo,GC=F
2026-09-29T19:53:00Z,4203.0,4206.2998046875,4203.0,4206.2998046875,131.0,yahoo,GC=F
2026-09-29T19:54:00Z,4206.60009765625,4207.7998046875,4205.7998046875,4206.7998046875,216.0,yahoo,GC=F
2026-09-29T19:55:00Z,4206.60009765625,4207.7001953125,4206.0,4207.2998046875,187.0,yahoo,GC=F
2026-09-29T19:56:00Z,4207.2998046875,4208.2001953125,4206.89990234375,4207.2998046875,181.0,yahoo,GC=F
2026-09-29T19:57:00Z,4207.60009765625,4207.7998046875,4205.5,4205.60009765625,96.0,yahoo,GC=F
2026-09-29T19:58:00Z,4205.5,4207.0,4205.5,4206.60009765625,78.0,yahoo,GC=F
2026-09-29T19:59:00Z,4206.7001953125,4210.10009765625,4206.7001953125,4209.89990234375,252.0,yahoo,GC=F
2026-09-29T20:00:00Z,4209.89990234375,4210.2001953125,4209.0,4209.60009765625,179.0,yahoo,GC=F
2026-09-29T20:01:00Z,4209.5,4209.7001953125,4206.2998046875,4206.60009765625,204.0,yahoo,GC=F
2026-09-29T20:02:00Z,4206.5,4207.2001953125,4206.2001953125,4206.39990234375,40.0,yahoo,GC=F
2026-09-29T20:03:00Z,4206.39990234375,4207.39990234375,4206.39990234375,4206.89990234375,13.0,yahoo,GC=F
2026-09-29T20:04:00Z,4206.89990234375,4207.39990234375,4206.39990234375,4207.2001953125,53.0,yahoo,GC=F
2026-09-29T20:05:00Z,4207.0,4207.2001953125,4206.39990234375,4206.89990234375,10.0,yahoo,GC=F
2026-09-29T20:06:00Z,4206.7998046875,4207.7998046875,4206.7998046875,4207.60009765625,19.0,yahoo,GC=F
2026-09-29T20:07:00Z,4207.60009765625,4207.89990234375,4207.10009765625,4207.89990234375,16.0,yahoo,GC=F
2026-09-29T20:08:00Z,4207.89990234375,4208.2001953125,4207.10009765625,4207.39990234375,59.0,yahoo,GC=F
2026-09-29T20:09:00Z,4207.7001953125,4208.7998046875,4207.7001953125,4208.60009765625,37.0,yahoo,GC=F
2026-09-29T20:10:00Z,4208.2998046875,4208.2998046875,4205.39990234375,4205.60009765625,172.0,yahoo,GC=F
2026-09-29T20:11:00Z,4205.60009765625,4205.7001953125,4205.2001953125,4205.7001953125,22.0,yahoo,GC=F
2026-09-29T20:12:00Z,4205.7998046875,4206.60009765625,4205.7998046875,4206.2001953125,33.0,yahoo,GC=F
2026-09-29T20:13:00Z,4206.2001953125,4206.2001953125,4205.10009765625,4205.2998046875,78.0,yahoo,GC=F
2026-09-29T20:14:00Z,4205.10009765625,4205.5,4204.7998046875,4204.7998046875,13.0,yahoo,GC=F
2026-09-29T20:15:00Z,4204.89990234375,4205.5,4204.5,4204.5,64.0,yahoo,GC=F
2026-09-29T20:16:00Z,4204.5,4204.7001953125,4204.2001953125,4204.2998046875,14.0,yahoo,GC=F
2026-09-29T20:17:00Z,4204.60009765625,4205.89990234375,4204.60009765625,4205.2998046875,34.0,yahoo,GC=F
2026-09-29T20:18:00Z,4205.39990234375,4206.5,4205.2998046875,4206.5,40.0,yahoo,GC=F
2026-09-29T20:19:00Z,4206.5,4206.60009765625,4205.7001953125,4206.0,24.0,yahoo,GC=F
2026-09-29T20:20:00Z,4205.7001953125,4206.0,4205.60009765625,4205.89990234375,14.0,yahoo,GC=F
2026-09-29T20:21:00Z,4206.10009765625,4207.7001953125,4206.10009765625,4207.7001953125,65.0,yahoo,GC=F
2026-09-29T20:22:00Z,4207.5,4208.0,4207.10009765625,4208.0,35.0,yahoo,GC=F
2026-09-29T20:23:00Z,4208.0,4208.0,4206.7998046875,4207.0,26.0,yahoo,GC=F
2026-09-29T20:24:00Z,4207.10009765625,4207.10009765625,4206.2001953125,4206.5,11.0,yahoo,GC=F
2026-09-29T20:25:00Z,4207.2998046875,4207.2998046875,4206.7998046875,4207.0,8.0,yahoo,GC=F
2026-09-29T20:26:00Z,4207.0,4207.10009765625,4206.60009765625,4207.10009765625,6.0,yahoo,GC=F
2026-09-29T20:27:00Z,4207.2998046875,4207.5,4206.7001953125,4207.0,17.0,yahoo,GC=F
2026-09-29T20:28:00Z,4207.10009765625,4207.7001953125,4207.0,4207.7001953125,16.0,yahoo,GC=F
2026-09-29T20:29:00Z,4208.10009765625,4209.2998046875,4207.7001953125,4208.7001953125,54.0,yahoo,GC=F
2026-09-29T20:30:00Z,4208.5,4208.7998046875,4207.7998046875,4207.7998046875,38.0,yahoo,GC=F
2026-09-29T20:31:00Z,4207.89990234375,4209.0,4207.7998046875,4208.5,57.0,yahoo,GC=F
2026-09-29T20:32:00Z,4208.60009765625,4209.60009765625,4208.5,4209.39990234375,52.0,yahoo,GC=F
2026-09-29T20:33:00Z,4209.7001953125,4211.7998046875,4209.7001953125,4211.7998046875,63.0,yahoo,GC=F
2026-09-29T20:34:00Z,4211.5,4211.89990234375,4210.10009765625,4210.60009765625,38.0,yahoo,GC=F
2026-09-29T20:35:00Z,4211.0,4211.60009765625,4210.60009765625,4211.2998046875,28.0,yahoo,GC=F
2026-09-29T20:36:00Z,4211.5,4212.10009765625,4211.39990234375,4211.39990234375,24.0,yahoo,GC=F
2026-09-29T20:37:00Z,4211.2998046875,4212.39990234375,4211.2998046875,4212.2001953125,19.0,yahoo,GC=F
2026-09-29T20:38:00Z,4212.2998046875,4212.39990234375,4210.89990234375,4211.39990234375,31.0,yahoo,GC=F
2026-09-29T20:39:00Z,4211.60009765625,4214.60009765625,4211.60009765625,4214.0,136.0,yahoo,GC=F
2026-09-29T20:40:00Z,4213.7001953125,4214.7998046875,4213.7001953125,4214.5,41.0,yahoo,GC=F
2026-09-29T20:41:00Z,4214.60009765625,4216.10009765625,4214.60009765625,4216.10009765625,80.0,yahoo,GC=F
2026-09-29T20:42:00Z,4216.10009765625,4217.0,4215.89990234375,4216.5,74.0,yahoo,GC=F
2026-09-29T20:43:00Z,4216.7001953125,4217.7001953125,4216.10009765625,4216.39990234375,124.0,yahoo,GC=F
2026-09-29T20:44:00Z,4216.10009765625,4217.39990234375,4215.7001953125,4217.39990234375,52.0,yahoo,GC=F
2026-09-29T20:45:00Z,4217.39990234375,4218.10009765625,4215.7001953125,4215.7001953125,52.0,yahoo,GC=F
2026-09-29T20:46:00Z,4215.89990234375,4215.89990234375,4215.0,4215.7998046875,31.0,yahoo,GC=F
2026-09-29T20:47:00Z,4215.7998046875,4216.60009765625,4215.7001953125,4216.10009765625,35.0,yahoo,GC=F
2026-09-29T20:48:00Z,4216.10009765625,4216.5,4215.10009765625,4215.10009765625,30.0,yahoo,GC=F
2026-09-29T20:49:00Z,4215.2001953125,4215.2001953125,4214.60009765625,4214.7998046875,45.0,yahoo,GC=F
2026-09-29T20:50:00Z,4214.7998046875,4214.89990234375,4212.89990234375,4213.2001953125,41.0,yahoo,GC=F
2026-09-29T20:51:00Z,4213.2998046875,4214.2998046875,4213.2998046875,4213.5,36.0,yahoo,GC=F
2026-09-29T20:52:00Z,4213.39990234375,4213.39990234375,4212.7001953125,4212.7001953125,48.0,yahoo,GC=F
2026-09-29T20:53:00Z,4212.89990234375,4212.89990234375,4212.2001953125,4212.2001953125,11.0,yahoo,GC=F
2026-09-29T20:54:00Z,4212.2001953125,4213.10009765625,4211.7001953125,4212.89990234375,33.0,yahoo,GC=F
2026-09-29T20:55:00Z,4212.7998046875,4213.89990234375,4212.7998046875,4213.7998046875,37.0,yahoo,GC=F
2026-09-29T20:56:00Z,4213.7001953125,4214.2001953125,4213.7001953125,4214.0,32.0,yahoo,GC=F
2026-09-29T20:57:00Z,4214.10009765625,4214.2001953125,4213.7998046875,4214.10009765625,14.0,yahoo,GC=F
2026-09-29T20:58:00Z,4214.10009765625,4215.0,4214.10009765625,4215.0,58.0,yahoo,GC=F
2026-09-29T20:59:00Z,4215.0,4215.2001953125,4214.5,4215.0,80.0,yahoo,GC=F
2026-09-29T22:00:00Z,4216.2001953125,4217.2998046875,4215.7998046875,4216.2998046875,0.0,yahoo,GC=F
2026-09-29T22:01:00Z,4216.2998046875,4216.60009765625,4215.39990234375,4215.39990234375,27.0,yahoo,GC=F
2026-09-29T22:02:00Z,4215.5,4215.7998046875,4215.2998046875,4215.7001953125,11.0,yahoo,GC=F
2026-09-29T22:03:00Z,4215.5,4216.60009765625,4215.5,4216.2998046875,36.0,yahoo,GC=F
2026-09-29T22:04:00Z,4216.0,4216.39990234375,4215.60009765625,4216.39990234375,44.0,yahoo,GC=F
2026-09-29T22:05:00Z,4216.0,4216.2001953125,4212.7998046875,4214.7998046875,110.0,yahoo,GC=F
2026-09-29T22:06:00Z,4214.5,4215.7001953125,4214.2998046875,4214.5,44.0,yahoo,GC=F
2026-09-29T22:07:00Z,4214.89990234375,4215.7998046875,4214.7998046875,4215.0,19.0,yahoo,GC=F
2026-09-29T22:08:00Z,4215.39990234375,4215.7001953125,4215.0,4215.7001953125,17.0,yahoo,GC=F
2026-09-29T22:09:00Z,4215.7001953125,4215.7001953125,4214.39990234375,4214.7001953125,28.0,yahoo,GC=F
2026-09-29T22:10:00Z,4215.0,4215.5,4214.39990234375,4215.5,26.0,yahoo,GC=F
2026-09-29T22:11:00Z,4215.10009765625,4215.89990234375,4214.39990234375,4214.39990234375,15.0,yahoo,GC=F
2026-09-29T22:12:00Z,4215.10009765625,4215.2998046875,4214.89990234375,4215.2998046875,5.0,yahoo,GC=F
2026-09-29T22:13:00Z,4214.7001953125,4214.7001953125,4213.7998046875,4213.7998046875,14.0,yahoo,GC=F
2026-09-29T22:14:00Z,4214.2001953125,4214.2998046875,4213.89990234375,4213.89990234375,20.0,yahoo,GC=F
2026-09-29T22:15:00Z,4214.10009765625,4214.2998046875,4213.60009765625,4213.89990234375,8.0,yahoo,GC=F
2026-09-29T22:16:00Z,4214.2001953125,4214.2001953125,4213.7001953125,4213.7998046875,21.0,yahoo,GC=F
2026-09-29T22:17:00Z,4213.7001953125,4213.89990234375,4213.5,4213.7998046875,8.0,yahoo,GC=F
2026-09-29T22:18:00Z,4213.7998046875,4214.10009765625,4213.60009765625,4214.10009765625,10.0,yahoo,GC=F
2026-09-29T22:19:00Z,4213.60009765625,4214.39990234375,4213.5,4214.2998046875,14.0,yahoo,GC=F
2026-09-29T22:20:00Z,4214.0,4214.10009765625,4214.0,4214.0,5.0,yahoo,GC=F
2026-09-29T22:21:00Z,4214.2998046875,4215.10009765625,4214.2998046875,4214.7998046875,11.0,yahoo,GC=F
2026-09-29T22:22:00Z,4215.10009765625,4215.2001953125,4214.60009765625,4215.0,20.0,yahoo,GC=F
2026-09-29T22:23:00Z,4214.7998046875,4214.89990234375,4214.7001953125,4214.7998046875,9.0,yahoo,GC=F
2026-09-29T22:25:00Z,4214.89990234375,4214.89990234375,4214.60009765625,4214.7001953125,6.0,yahoo,GC=F
2026-09-29T22:26:00Z,4214.89990234375,4214.89990234375,4214.5,4214.5,9.0,yahoo,GC=F
2026-09-29T22:27:00Z,4214.39990234375,4214.7001953125,4214.0,4214.10009765625,14.0,yahoo,GC=F
2026-09-29T22:28:00Z,4213.89990234375,4213.89990234375,4213.2998046875,4213.7001953125,21.0,yahoo,GC=F
2026-09-29T22:29:00Z,4213.60009765625,4213.7998046875,4212.2998046875,4212.2998046875,54.0,yahoo,GC=F
2026-09-29T22:30:00Z,4212.39990234375,4212.7001953125,4211.89990234375,4212.10009765625,29.0,yahoo,GC=F
2026-09-29T22:31:00Z,4211.89990234375,4212.2998046875,4211.7998046875,4212.2998046875,31.0,yahoo,GC=F
2026-09-29T22:32:00Z,4212.2001953125,4212.2998046875,4211.89990234375,4212.10009765625,6.0,yahoo,GC=F
2026-09-29T22:33:00Z,4212.0,4212.2998046875,4211.60009765625,4211.60009765625,41.0,yahoo,GC=F
2026-09-29T22:34:00Z,4211.7001953125,4211.89990234375,4211.2001953125,4211.2998046875,57.0,yahoo,GC=F
2026-09-29T22:35:00Z,4211.39990234375,4211.5,4209.7998046875,4210.0,70.0,yahoo,GC=F
2026-09-29T22:36:00Z,4209.7001953125,4210.39990234375,4209.2001953125,4210.2001953125,56.0,yahoo,GC=F
2026-09-29T22:37:00Z,4210.10009765625,4210.2998046875,4209.7998046875,4210.2001953125,15.0,yahoo,GC=F
2026-09-29T22:38:00Z,4210.0,4210.5,4210.0,4210.5,20.0,yahoo,GC=F
2026-09-29T22:39:00Z,4210.2001953125,4210.7998046875,4209.7001953125,4210.7001953125,27.0,yahoo,GC=F
2026-09-29T22:40:00Z,4210.39990234375,4210.5,4210.2998046875,4210.39990234375,6.0,yahoo,GC=F
2026-09-29T22:41:00Z,4210.60009765625,4210.60009765625,4210.60009765625,4210.60009765625,2.0,yahoo,GC=F
2026-09-29T22:42:00Z,4211.2001953125,4211.39990234375,4210.7001953125,4210.7998046875,12.0,yahoo,GC=F
2026-09-29T22:43:00Z,4210.89990234375,4210.89990234375,4210.2001953125,4210.2998046875,26.0,yahoo,GC=F
2026-09-29T22:44:00Z,4210.39990234375,4210.39990234375,4210.10009765625,4210.2001953125,20.0,yahoo,GC=F
2026-09-29T22:45:00Z,4210.0,4210.5,4210.0,4210.5,8.0,yahoo,GC=F
2026-09-29T22:46:00Z,4210.2001953125,4210.39990234375,4210.10009765625,4210.2001953125,13.0,yahoo,GC=F
2026-09-29T22:47:00Z,4210.2998046875,4210.89990234375,4210.2998046875,4210.89990234375,6.0,yahoo,GC=F
2026-09-29T22:48:00Z,4210.7998046875,4211.0,4210.7001953125,4211.0,11.0,yahoo,GC=F
2026-09-29T22:49:00Z,4210.7001953125,4210.89990234375,4210.5,4210.7001953125,12.0,yahoo,GC=F
2026-09-29T22:50:00Z,4210.89990234375,4210.89990234375,4210.89990234375,4210.89990234375,1.0,yahoo,GC=F
2026-09-29T22:51:00Z,4211.0,4211.2001953125,4210.60009765625,4210.7001953125,27.0,yahoo,GC=F
2026-09-29T22:52:00Z,4210.60009765625,4211.0,4210.60009765625,4210.7001953125,20.0,yahoo,GC=F
2026-09-29T22:53:00Z,4210.5,4210.89990234375,4210.10009765625,4210.89990234375,13.0,yahoo,GC=F
2026-09-29T22:54:00Z,4211.0,4212.0,4211.0,4211.7998046875,16.0,yahoo,GC=F
2026-09-29T22:55:00Z,4211.7001953125,4212.39990234375,4211.2998046875,4212.39990234375,30.0,yahoo,GC=F
2026-09-29T22:56:00Z,4212.10009765625,4212.60009765625,4212.0,4212.39990234375,35.0,yahoo,GC=F
2026-09-29T22:57:00Z,4212.2001953125,4212.2001953125,4211.2001953125,4211.2001953125,20.0,yahoo,GC=F
2026-09-29T22:58:00Z,4211.39990234375,4211.7001953125,4211.39990234375,4211.39990234375,7.0,yahoo,GC=F
2026-09-29T22:59:00Z,4211.2001953125,4211.2998046875,4211.2001953125,4211.2998046875,2.0,yahoo,GC=F
2026-09-29T23:00:00Z,4211.5,4213.0,4211.5,4212.89990234375,42.0,yahoo,GC=F
2026-09-29T23:01:00Z,4213.0,4213.0,4212.5,4212.89990234375,18.0,yahoo,GC=F
2026-09-29T23:02:00Z,4212.7001953125,4213.10009765625,4212.7001953125,4213.0,15.0,yahoo,GC=F
2026-09-29T23:03:00Z,4213.10009765625,4213.2001953125,4212.89990234375,4212.89990234375,4.0,yahoo,GC=F
2026-09-29T23:04:00Z,4213.0,4213.10009765625,4211.7001953125,4211.89990234375,33.0,yahoo,GC=F
2026-09-29T23:05:00Z,4212.2001953125,4212.7001953125,4212.2001953125,4212.60009765625,19.0,yahoo,GC=F
2026-09-29T23:06:00Z,4212.60009765625,4213.5,4212.60009765625,4213.5,55.0,yahoo,GC=F
2026-09-29T23:07:00Z,4213.10009765625,4213.2001953125,4213.0,4213.2001953125,9.0,yahoo,GC=F
2026-09-29T23:08:00Z,4213.10009765625,4213.2998046875,4213.0,4213.2998046875,15.0,yahoo,GC=F
2026-09-29T23:09:00Z,4213.2001953125,4213.39990234375,4213.10009765625,4213.2998046875,9.0,yahoo,GC=F
2026-09-29T23:10:00Z,4213.2001953125,4213.5,4212.7998046875,4213.5,17.0,yahoo,GC=F
2026-09-29T23:11:00Z,4213.2998046875,4213.2998046875,4213.2998046875,4213.2998046875,110.0,yahoo,GC=F
2026-09-29T23:12:00Z,4213.39990234375,4214.2998046875,4213.2998046875,4214.10009765625,28.0,yahoo,GC=F
2026-09-29T23:13:00Z,4214.2001953125,4214.2998046875,4214.2001953125,4214.2998046875,4.0,yahoo,GC=F
2026-09-29T23:14:00Z,4214.2001953125,4214.7001953125,4214.10009765625,4214.7001953125,14.0,yahoo,GC=F
2026-09-29T23:15:00Z,4214.7998046875,4215.2001953125,4214.5,4215.0,29.0,yahoo,GC=F
2026-09-29T23:16:00Z,4214.7998046875,4215.10009765625,4214.60009765625,4215.10009765625,21.0,yahoo,GC=F
2026-09-29T23:17:00Z,4215.0,4215.5,4214.5,4215.5,86.0,yahoo,GC=F
2026-09-29T23:18:00Z,4215.7001953125,4216.0,4215.5,4215.5,31.0,yahoo,GC=F
2026-09-29T23:19:00Z,4215.2998046875,4215.2998046875,4214.89990234375,4214.89990234375,20.0,yahoo,GC=F
2026-09-29T23:20:00Z,4214.7998046875,4215.10009765625,4214.39990234375,4214.39990234375,25.0,yahoo,GC=F
2026-09-29T23:21:00Z,4214.39990234375,4214.60009765625,4213.5,4213.5,28.0,yahoo,GC=F
2026-09-29T23:22:00Z,4213.39990234375,4213.60009765625,4212.2998046875,4212.2998046875,40.0,yahoo,GC=F
2026-09-29T23:23:00Z,4212.60009765625,4213.0,4212.2001953125,4212.2001953125,27.0,yahoo,GC=F
2026-09-29T23:24:00Z,4212.60009765625,4213.5,4212.5,4213.10009765625,22.0,yahoo,GC=F
2026-09-29T23:25:00Z,4213.10009765625,4213.2001953125,4212.7001953125,4212.7001953125,7.0,yahoo,GC=F
2026-09-29T23:26:00Z,4213.0,4213.0,4212.60009765625,4212.89990234375,12.0,yahoo,GC=F
2026-09-29T23:27:00Z,4213.0,4213.60009765625,4213.0,4213.60009765625,5.0,yahoo,GC=F
2026-09-29T23:28:00Z,4214.0,4214.0,4214.0,4214.0,3.0,yahoo,GC=F
2026-09-29T23:29:00Z,4213.60009765625,4213.7001953125,4213.39990234375,4213.5,5.0,yahoo,GC=F
2026-09-29T23:30:00Z,4212.7998046875,4212.7998046875,4212.39990234375,4212.7998046875,7.0,yahoo,GC=F
2026-09-29T23:31:00Z,4212.5,4212.5,4211.2998046875,4211.39990234375,20.0,yahoo,GC=F
2026-09-29T23:32:00Z,4211.39990234375,4211.39990234375,4211.0,4211.39990234375,11.0,yahoo,GC=F
2026-09-29T23:33:00Z,4211.39990234375,4211.89990234375,4211.2001953125,4211.2998046875,11.0,yahoo,GC=F
2026-09-29T23:34:00Z,4212.0,4212.60009765625,4211.89990234375,4212.0,22.0,yahoo,GC=F
2026-09-29T23:35:00Z,4212.10009765625,4212.2998046875,4211.89990234375,4212.0,6.0,yahoo,GC=F
2026-09-29T23:36:00Z,4212.10009765625,4212.10009765625,4212.10009765625,4212.10009765625,2.0,yahoo,GC=F
2026-09-29T23:37:00Z,4212.0,4212.0,4211.60009765625,4211.89990234375,9.0,yahoo,GC=F
2026-09-29T23:38:00Z,4211.7998046875,4212.0,4211.60009765625,4211.7998046875,12.0,yahoo,GC=F
2026-09-29T23:39:00Z,4212.0,4212.0,4211.39990234375,4211.89990234375,31.0,yahoo,GC=F
2026-09-29T23:40:00Z,4211.7001953125,4212.0,4211.5,4211.5,20.0,yahoo,GC=F
2026-09-29T23:41:00Z,4211.39990234375,4212.89990234375,4211.2998046875,4212.89990234375,15.0,yahoo,GC=F
2026-09-29T23:42:00Z,4212.89990234375,4212.89990234375,4212.39990234375,4212.39990234375,12.0,yahoo,GC=F
2026-09-29T23:43:00Z,4212.0,4212.39990234375,4211.89990234375,4212.39990234375,8.0,yahoo,GC=F
2026-09-29T23:44:00Z,4212.5,4212.89990234375,4212.5,4212.89990234375,5.0,yahoo,GC=F
2026-09-29T23:45:00Z,4212.10009765625,4215.39990234375,4212.0,4214.7998046875,67.0,yahoo,GC=F
2026-09-29T23:46:00Z,4215.2998046875,4216.89990234375,4214.7998046875,4216.89990234375,79.0,yahoo,GC=F
2026-09-29T23:47:00Z,4216.89990234375,4217.0,4215.60009765625,4216.0,48.0,yahoo,GC=F
2026-09-29T23:48:00Z,4216.39990234375,4216.60009765625,4216.10009765625,4216.39990234375,16.0,yahoo,GC=F
2026-09-29T23:49:00Z,4216.5,4217.7001953125,4216.5,4217.10009765625,39.0,yahoo,GC=F
2026-09-29T23:50:00Z,4216.89990234375,4216.89990234375,4216.39990234375,4216.7001953125,10.0,yahoo,GC=F
2026-09-29T23:51:00Z,4216.5,4216.60009765625,4216.39990234375,4216.5,14.0,yahoo,GC=F
2026-09-29T23:52:00Z,4216.2001953125,4216.5,4216.2001953125,4216.2998046875,7.0,yahoo,GC=F
2026-09-29T23:53:00Z,4216.10009765625,4218.7001953125,4216.0,4218.10009765625,77.0,yahoo,GC=F
2026-09-29T23:54:00Z,4218.2001953125,4219.60009765625,4217.89990234375,4219.10009765625,71.0,yahoo,GC=F
2026-09-29T23:55:00Z,4219.2001953125,4219.7001953125,4218.89990234375,4219.7001953125,70.0,yahoo,GC=F
2026-09-29T23:56:00Z,4219.2998046875,4219.60009765625,4219.10009765625,4219.2998046875,24.0,yahoo,GC=F
2026-09-29T23:57:00Z,4219.2001953125,4219.2001953125,4217.2998046875,4217.5,74.0,yahoo,GC=F
2026-09-29T23:58:00Z,4217.39990234375,4217.89990234375,4217.2998046875,4217.2998046875,26.0,yahoo,GC=F
2026-09-29T23:59:00Z,4216.89990234375,4217.39990234375,4216.5,4216.7998046875,29.0,yahoo,GC=F
