timestamp_utc,open,high,low,close,volume,source,symbol
2026-10-07T00:00:00Z,4193.2001953125,4194.2001953125,4191.60009765625,4193.0,138.0,yahoo,GC=F
2026-10-07T00:01:00Z,4192.60009765625,4193.7001953125,4192.60009765625,4193.60009765625,44.0,yahoo,GC=F
2026-10-07T00:02:00Z,4193.7001953125,4194.7998046875,4193.0,4193.0,26.0,yahoo,GC=F
2026-10-07T00:03:00Z,4193.10009765625,4193.2998046875,4192.7998046875,4192.7998046875,16.0,yahoo,GC=F
2026-10-07T00:04:00Z,4192.7001953125,4192.7001953125,4191.39990234375,4191.89990234375,21.0,yahoo,GC=F
2026-10-07T00:05:00Z,4191.7998046875,4193.0,4191.39990234375,4191.60009765625,46.0,yahoo,GC=F
2026-10-07T00:06:00Z,4191.7001953125,4191.89990234375,4191.39990234375,4191.89990234375,17.0,yahoo,GC=F
2026-10-07T00:07:00Z,4191.7998046875,4191.7998046875,4191.10009765625,4191.2998046875,11.0,yahoo,GC=F
2026-10-07T00:08:00Z,4191.2998046875,4192.39990234375,4190.39990234375,4190.5,67.0,yahoo,GC=F
2026-10-07T00:09:00Z,4190.0,4191.5,4189.60009765625,4191.2998046875,69.0,yahoo,GC=F
2026-10-07T00:10:00Z,4191.10009765625,4192.89990234375,4190.7998046875,4191.60009765625,47.0,yahoo,GC=F
2026-10-07T00:11:00Z,4191.60009765625,4194.5,4191.60009765625,4194.5,61.0,yahoo,GC=F
2026-10-07T00:12:00Z,4194.2998046875,4197.2998046875,4194.2998046875,4196.5,110.0,yahoo,GC=F
2026-10-07T00:13:00Z,4196.39990234375,4196.39990234375,4195.2998046875,4196.0,40.0,yahoo,GC=F
2026-10-07T00:14:00Z,4196.5,4197.10009765625,4196.2001953125,4197.10009765625,31.0,yahoo,GC=F
2026-10-07T00:15:00Z,4197.0,4197.0,4194.39990234375,4195.10009765625,69.0,yahoo,GC=F
2026-10-07T00:16:00Z,4195.5,4197.2998046875,4195.10009765625,4196.89990234375,41.0,yahoo,GC=F
2026-10-07T00:17:00Z,4196.60009765625,4196.60009765625,4195.0,4195.60009765625,27.0,yahoo,GC=F
2026-10-07T00:18:00Z,4195.39990234375,4195.39990234375,4194.10009765625,4194.10009765625,27.0,yahoo,GC=F
2026-10-07T00:19:00Z,4194.10009765625,4194.5,4192.60009765625,4193.39990234375,43.0,yahoo,GC=F
2026-10-07T00:20:00Z,4193.60009765625,4193.60009765625,4191.60009765625,4191.60009765625,37.0,yahoo,GC=F
2026-10-07T00:21:00Z,4191.5,4191.5,4190.10009765625,4190.7998046875,46.0,yahoo,GC=F
2026-10-07T00:22:00Z,4191.0,4191.2998046875,4190.5,4190.60009765625,20.0,yahoo,GC=F
2026-10-07T00:23:00Z,4190.10009765625,4190.60009765625,4190.10009765625,4190.60009765625,16.0,yahoo,GC=F
2026-10-07T00:24:00Z,4190.89990234375,4191.39990234375,4190.2998046875,4190.89990234375,17.0,yahoo,GC=F
2026-10-07T00:25:00Z,4190.7001953125,4191.2001953125,4189.60009765625,4190.0,65.0,yahoo,GC=F
2026-10-07T00:26:00Z,4190.2001953125,4190.2001953125,4189.2998046875,4190.0,36.0,yahoo,GC=F
2026-10-07T00:27:00Z,4189.7998046875,4189.89990234375,4189.5,4189.7001953125,14.0,yahoo,GC=F
2026-10-07T00:28:00Z,4189.60009765625,4189.7001953125,4187.89990234375,4188.39990234375,116.0,yahoo,GC=F
2026-10-07T00:29:00Z,4188.2001953125,4189.0,4187.7998046875,4187.7998046875,54.0,yahoo,GC=F
2026-10-07T00:30:00Z,4187.60009765625,4188.0,4186.10009765625,4186.2001953125,112.0,yahoo,GC=F
2026-10-07T00:31:00Z,4186.2001953125,4186.89990234375,4186.0,4186.5,75.0,yahoo,GC=F
2026-10-07T00:32:00Z,4186.5,4186.5,4184.60009765625,4185.5,106.0,yahoo,GC=F
2026-10-07T00:33:00Z,4185.7001953125,4185.7001953125,4183.39990234375,4183.7001953125,94.0,yahoo,GC=F
2026-10-07T00:34:00Z,4183.60009765625,4184.2998046875,4183.0,4184.2998046875,104.0,yahoo,GC=F
2026-10-07T00:35:00Z,4184.60009765625,4185.2001953125,4182.89990234375,4184.0,162.0,yahoo,GC=F
2026-10-07T00:36:00Z,4184.2998046875,4186.0,4183.89990234375,4186.0,104.0,yahoo,GC=F
2026-10-07T00:37:00Z,4185.7998046875,4187.60009765625,4185.7998046875,4187.39990234375,84.0,yahoo,GC=F
2026-10-07T00:38:00Z,4187.60009765625,4188.0,4186.89990234375,4187.7001953125,37.0,yahoo,GC=F
2026-10-07T00:39:00Z,4187.2001953125,4188.7001953125,4187.0,4188.60009765625,53.0,yahoo,GC=F
2026-10-07T00:40:00Z,4188.2998046875,4189.39990234375,4188.10009765625,4188.7998046875,43.0,yahoo,GC=F
2026-10-07T00:41:00Z,4189.10009765625,4189.7001953125,4188.60009765625,4189.0,34.0,yahoo,GC=F
2026-10-07T00:42:00Z,4188.89990234375,4189.2998046875,4188.7998046875,4188.89990234375,33.0,yahoo,GC=F
2026-10-07T00:43:00Z,4189.0,4190.5,4188.0,4189.2001953125,131.0,yahoo,GC=F
2026-10-07T00:44:00Z,4189.5,4190.10009765625,4189.39990234375,4189.89990234375,9.0,yahoo,GC=F
2026-10-07T00:45:00Z,4190.10009765625,4190.10009765625,4187.5,4188.10009765625,43.0,yahoo,GC=F
2026-10-07T00:46:00Z,4188.2001953125,4188.2998046875,4186.10009765625,4186.2001953125,56.0,yahoo,GC=F
2026-10-07T00:47:00Z,4185.89990234375,4185.89990234375,4185.10009765625,4185.2998046875,28.0,yahoo,GC=F
2026-10-07T00:48:00Z,4185.2001953125,4186.89990234375,4185.0,4186.39990234375,47.0,yahoo,GC=F
2026-10-07T00:49:00Z,4185.89990234375,4185.89990234375,4185.0,4185.39990234375,19.0,yahoo,GC=F
2026-10-07T00:50:00Z,4185.7998046875,4186.2001953125,4184.60009765625,4185.5,30.0,yahoo,GC=F
2026-10-07T00:51:00Z,4185.2998046875,4185.5,4184.89990234375,4185.10009765625,21.0,yahoo,GC=F
2026-10-07T00:52:00Z,4185.10009765625,4185.89990234375,4184.2998046875,4185.89990234375,34.0,yahoo,GC=F
2026-10-07T00:53:00Z,4185.5,4185.5,4184.7998046875,4185.10009765625,8.0,yahoo,GC=F
2026-10-07T00:54:00Z,4185.7001953125,4185.7001953125,4185.0,4185.10009765625,6.0,yahoo,GC=F
2026-10-07T00:55:00Z,4185.39990234375,4185.39990234375,4184.10009765625,4184.7001953125,22.0,yahoo,GC=F
2026-10-07T00:56:00Z,4184.2998046875,4184.39990234375,4184.0,4184.2001953125,17.0,yahoo,GC=F
2026-10-07T00:57:00Z,4183.89990234375,4184.60009765625,4183.0,4184.39990234375,50.0,yahoo,GC=F
2026-10-07T00:58:00Z,4184.5,4185.2001953125,4184.39990234375,4185.10009765625,41.0,yahoo,GC=F
2026-10-07T00:59:00Z,4184.7001953125,4184.7001953125,4183.60009765625,4183.60009765625,29.0,yahoo,GC=F
2026-10-07T01:00:00Z,4183.7998046875,4183.7998046875,4181.7001953125,4181.7001953125,172.0,yahoo,GC=F
2026-10-07T01:01:00Z,4181.7001953125,4183.0,4180.5,4180.5,111.0,yahoo,GC=F
2026-10-07T01:02:00Z,4180.60009765625,4181.60009765625,4180.2001953125,4180.7001953125,105.0,yahoo,GC=F
2026-10-07T01:03:00Z,4180.5,4181.2001953125,4180.10009765625,4180.60009765625,37.0,yahoo,GC=F
2026-10-07T01:04:00Z,4180.39990234375,4181.39990234375,4179.60009765625,4181.39990234375,166.0,yahoo,GC=F
2026-10-07T01:05:00Z,4181.2001953125,4181.2001953125,4180.0,4180.10009765625,35.0,yahoo,GC=F
2026-10-07T01:06:00Z,4180.10009765625,4181.60009765625,4179.0,4180.39990234375,96.0,yahoo,GC=F
2026-10-07T01:07:00Z,4180.60009765625,4180.7998046875,4179.5,4180.2998046875,39.0,yahoo,GC=F
2026-10-07T01:08:00Z,4180.2998046875,4181.0,4180.10009765625,4180.7001953125,19.0,yahoo,GC=F
2026-10-07T01:09:00Z,4181.0,4181.2001953125,4180.0,4180.89990234375,35.0,yahoo,GC=F
2026-10-07T01:10:00Z,4180.5,4180.60009765625,4179.7998046875,4179.89990234375,21.0,yahoo,GC=F
2026-10-07T01:11:00Z,4179.89990234375,4180.7001953125,4179.7998046875,4180.2001953125,42.0,yahoo,GC=F
2026-10-07T01:12:00Z,4180.0,4181.2998046875,4179.7998046875,4180.5,39.0,yahoo,GC=F
2026-10-07T01:13:00Z,4180.2998046875,4180.7998046875,4180.0,4180.0,17.0,yahoo,GC=F
2026-10-07T01:14:00Z,4180.10009765625,4180.10009765625,4179.39990234375,4179.5,30.0,yahoo,GC=F
2026-10-07T01:15:00Z,4179.2001953125,4179.89990234375,4179.0,4179.5,45.0,yahoo,GC=F
2026-10-07T01:16:00Z,4179.2001953125,4180.5,4179.0,4179.89990234375,27.0,yahoo,GC=F
2026-10-07T01:17:00Z,4179.7998046875,4179.7998046875,4179.10009765625,4179.5,12.0,yahoo,GC=F
2026-10-07T01:18:00Z,4179.2998046875,4179.60009765625,4178.60009765625,4179.0,27.0,yahoo,GC=F
2026-10-07T01:19:00Z,4179.0,4179.2998046875,4178.39990234375,4179.2998046875,27.0,yahoo,GC=F
2026-10-07T01:20:00Z,4179.2998046875,4179.39990234375,4178.39990234375,4178.39990234375,35.0,yahoo,GC=F
2026-10-07T01:21:00Z,4178.2998046875,4178.2998046875,4177.2001953125,4177.5,64.0,yahoo,GC=F
2026-10-07T01:22:00Z,4177.60009765625,4177.89990234375,4177.2998046875,4177.7998046875,29.0,yahoo,GC=F
2026-10-07T01:23:00Z,4177.2998046875,4177.60009765625,4176.7998046875,4177.2998046875,27.0,yahoo,GC=F
2026-10-07T01:24:00Z,4177.10009765625,4177.7001953125,4177.0,4177.60009765625,53.0,yahoo,GC=F
2026-10-07T01:25:00Z,4177.7998046875,4178.60009765625,4177.5,4178.39990234375,138.0,yahoo,GC=F
2026-10-07T01:26:00Z,4178.2998046875,4179.7001953125,4178.2998046875,4179.0,86.0,yahoo,GC=F
2026-10-07T01:27:00Z,4179.2001953125,4180.0,4179.10009765625,4179.60009765625,36.0,yahoo,GC=F
2026-10-07T01:28:00Z,4179.7998046875,4180.2001953125,4179.39990234375,4180.0,30.0,yahoo,GC=F
2026-10-07T01:29:00Z,4179.7001953125,4180.10009765625,4179.2998046875,4179.5,35.0,yahoo,GC=F
2026-10-07T01:30:00Z,4179.39990234375,4181.60009765625,4179.10009765625,4181.2001953125,119.0,yahoo,GC=F
2026-10-07T01:31:00Z,4181.2998046875,4181.89990234375,4180.89990234375,4181.7001953125,58.0,yahoo,GC=F
2026-10-07T01:32:00Z,4181.7001953125,4182.2998046875,4181.0,4181.2001953125,98.0,yahoo,GC=F
2026-10-07T01:33:00Z,4181.2998046875,4181.60009765625,4181.2001953125,4181.5,19.0,yahoo,GC=F
2026-10-07T01:34:00Z,4181.2998046875,4181.7998046875,4179.10009765625,4179.5,109.0,yahoo,GC=F
2026-10-07T01:35:00Z,4179.7001953125,4180.60009765625,4178.89990234375,4180.2998046875,91.0,yahoo,GC=F
2026-10-07T01:36:00Z,4180.5,4180.89990234375,4180.2998046875,4180.7001953125,13.0,yahoo,GC=F
2026-10-07T01:37:00Z,4180.5,4181.5,4180.2998046875,4180.7001953125,63.0,yahoo,GC=F
2026-10-07T01:38:00Z,4180.7998046875,4180.89990234375,4179.60009765625,4180.10009765625,74.0,yahoo,GC=F
2026-10-07T01:39:00Z,4180.2001953125,4181.5,4179.7998046875,4180.7998046875,132.0,yahoo,GC=F
2026-10-07T01:40:00Z,4180.60009765625,4181.2001953125,4180.2001953125,4181.0,44.0,yahoo,GC=F
2026-10-07T01:41:00Z,4181.2001953125,4181.39990234375,4179.2998046875,4179.60009765625,28.0,yahoo,GC=F
2026-10-07T01:42:00Z,4179.39990234375,4179.39990234375,4177.5,4177.7998046875,42.0,yahoo,GC=F
2026-10-07T01:43:00Z,4178.10009765625,4178.10009765625,4176.2998046875,4176.7001953125,68.0,yahoo,GC=F
2026-10-07T01:44:00Z,4176.39990234375,4178.5,4176.39990234375,4178.2998046875,79.0,yahoo,GC=F
2026-10-07T01:45:00Z,4178.2998046875,4178.89990234375,4177.60009765625,4177.89990234375,52.0,yahoo,GC=F
2026-10-07T01:46:00Z,4177.60009765625,4178.10009765625,4175.10009765625,4175.5,95.0,yahoo,GC=F
2026-10-07T01:47:00Z,4175.7001953125,4176.2998046875,4175.2998046875,4176.2998046875,43.0,yahoo,GC=F
2026-10-07T01:48:00Z,4176.60009765625,4177.60009765625,4176.60009765625,4176.60009765625,24.0,yahoo,GC=F
2026-10-07T01:49:00Z,4176.2998046875,4177.0,4176.2998046875,4176.60009765625,19.0,yahoo,GC=F
2026-10-07T01:50:00Z,4176.7001953125,4176.7001953125,4174.2001953125,4174.7001953125,91.0,yahoo,GC=F
2026-10-07T01:51:00Z,4174.7001953125,4175.2001953125,4174.2001953125,4175.0,31.0,yahoo,GC=F
2026-10-07T01:52:00Z,4175.0,4175.60009765625,4175.0,4175.2998046875,16.0,yahoo,GC=F
2026-10-07T01:53:00Z,4174.89990234375,4175.10009765625,4174.2998046875,4174.5,43.0,yahoo,GC=F
2026-10-07T01:54:00Z,4174.5,4174.5,4173.10009765625,4174.10009765625,141.0,yahoo,GC=F
2026-10-07T01:55:00Z,4174.0,4175.39990234375,4173.7998046875,4174.89990234375,119.0,yahoo,GC=F
2026-10-07T01:56:00Z,4174.5,4175.39990234375,4174.39990234375,4174.89990234375,28.0,yahoo,GC=F
2026-10-07T01:57:00Z,4174.7001953125,4175.10009765625,4174.60009765625,4175.0,19.0,yahoo,GC=F
2026-10-07T01:58:00Z,4175.0,4175.0,4174.2998046875,4174.5,10.0,yahoo,GC=F
2026-10-07T01:59:00Z,4174.2998046875,4174.7998046875,4173.89990234375,4174.2998046875,82.0,yahoo,GC=F
2026-10-07T02:00:00Z,4174.2998046875,4174.7998046875,4173.10009765625,4173.60009765625,84.0,yahoo,GC=F
2026-10-07T02:01:00Z,4173.39990234375,4173.39990234375,4172.10009765625,4172.39990234375,145.0,yahoo,GC=F
2026-10-07T02:02:00Z,4172.39990234375,4173.0,4171.89990234375,4172.2998046875,69.0,yahoo,GC=F
2026-10-07T02:03:00Z,4172.39990234375,4172.7998046875,4171.5,4172.2998046875,92.0,yahoo,GC=F
2026-10-07T02:04:00Z,4171.7998046875,4172.2001953125,4170.7001953125,4171.5,170.0,yahoo,GC=F
2026-10-07T02:05:00Z,4171.5,4171.5,4169.2998046875,4169.5,350.0,yahoo,GC=F
2026-10-07T02:06:00Z,4169.39990234375,4170.10009765625,4168.2001953125,4168.7998046875,157.0,yahoo,GC=F
2026-10-07T02:07:00Z,4168.7001953125,4169.5,4166.7998046875,4168.39990234375,219.0,yahoo,GC=F
2026-10-07T02:08:00Z,4168.39990234375,4171.2998046875,4168.2998046875,4169.89990234375,176.0,yahoo,GC=F
2026-10-07T02:09:00Z,4169.60009765625,4169.7998046875,4168.7998046875,4169.5,46.0,yahoo,GC=F
2026-10-07T02:10:00Z,4169.60009765625,4170.60009765625,4169.39990234375,4170.5,115.0,yahoo,GC=F
2026-10-07T02:11:00Z,4170.60009765625,4170.89990234375,4169.7001953125,4169.7001953125,51.0,yahoo,GC=F
2026-10-07T02:12:00Z,4169.5,4170.39990234375,4169.10009765625,4170.39990234375,95.0,yahoo,GC=F
2026-10-07T02:13:00Z,4170.2998046875,4170.7001953125,4169.60009765625,4170.7001953125,36.0,yahoo,GC=F
2026-10-07T02:14:00Z,4170.7001953125,4171.0,4168.7998046875,4169.0,108.0,yahoo,GC=F
2026-10-07T02:15:00Z,4169.2001953125,4170.2001953125,4168.7998046875,4170.2001953125,32.0,yahoo,GC=F
2026-10-07T02:16:00Z,4170.10009765625,4171.0,4170.0,4170.5,46.0,yahoo,GC=F
2026-10-07T02:17:00Z,4169.89990234375,4171.0,4169.5,4171.0,61.0,yahoo,GC=F
2026-10-07T02:18:00Z,4171.10009765625,4171.5,4170.7001953125,4170.7001953125,42.0,yahoo,GC=F
2026-10-07T02:19:00Z,4170.7998046875,4170.89990234375,4170.2998046875,4170.2998046875,28.0,yahoo,GC=F
2026-10-07T02:20:00Z,4170.2998046875,4170.5,4169.7998046875,4170.2998046875,34.0,yahoo,GC=F
2026-10-07T02:21:00Z,4170.5,4170.7998046875,4169.89990234375,4169.89990234375,42.0,yahoo,GC=F
2026-10-07T02:22:00Z,4169.60009765625,4169.7998046875,4169.2001953125,4169.60009765625,30.0,yahoo,GC=F
2026-10-07T02:23:00Z,4169.7998046875,4171.0,4169.7998046875,4170.60009765625,45.0,yahoo,GC=F
2026-10-07T02:24:00Z,4170.39990234375,4170.89990234375,4169.89990234375,4170.2001953125,96.0,yahoo,GC=F
2026-10-07T02:25:00Z,4170.0,4172.10009765625,4170.0,4172.0,59.0,yahoo,GC=F
2026-10-07T02:26:00Z,4172.10009765625,4172.60009765625,4171.7998046875,4171.89990234375,35.0,yahoo,GC=F
2026-10-07T02:27:00Z,4171.89990234375,4172.2998046875,4171.2998046875,4172.2001953125,41.0,yahoo,GC=F
2026-10-07T02:28:00Z,4172.0,4172.89990234375,4172.0,4172.7998046875,29.0,yahoo,GC=F
2026-10-07T02:29:00Z,4172.89990234375,4173.7998046875,4172.7998046875,4173.5,84.0,yahoo,GC=F
2026-10-07T02:30:00Z,4173.39990234375,4174.5,4173.2998046875,4174.39990234375,47.0,yahoo,GC=F
2026-10-07T02:31:00Z,4174.2998046875,4174.39990234375,4172.7001953125,4173.2998046875,50.0,yahoo,GC=F
2026-10-07T02:32:00Z,4173.2998046875,4173.7998046875,4173.2998046875,4173.7998046875,24.0,yahoo,GC=F
2026-10-07T02:33:00Z,4173.7998046875,4174.7001953125,4173.60009765625,4174.7001953125,36.0,yahoo,GC=F
2026-10-07T02:34:00Z,4174.7001953125,4175.10009765625,4173.7001953125,4174.5,67.0,yahoo,GC=F
2026-10-07T02:35:00Z,4174.60009765625,4175.10009765625,4174.10009765625,4174.39990234375,47.0,yahoo,GC=F
2026-10-07T02:36:00Z,4174.2001953125,4174.2998046875,4173.60009765625,4173.60009765625,17.0,yahoo,GC=F
2026-10-07T02:37:00Z,4173.39990234375,4173.39990234375,4172.5,4172.5,26.0,yahoo,GC=F
2026-10-07T02:38:00Z,4172.7001953125,4173.0,4171.7998046875,4172.2001953125,81.0,yahoo,GC=F
2026-10-07T02:39:00Z,4172.2001953125,4172.89990234375,4171.2998046875,4172.39990234375,110.0,yahoo,GC=F
2026-10-07T02:40:00Z,4172.2998046875,4173.0,4171.7998046875,4172.7001953125,96.0,yahoo,GC=F
2026-10-07T02:41:00Z,4173.0,4173.39990234375,4172.39990234375,4173.2001953125,59.0,yahoo,GC=F
2026-10-07T02:42:00Z,4173.2001953125,4174.2998046875,4173.2001953125,4173.89990234375,53.0,yahoo,GC=F
2026-10-07T02:43:00Z,4173.89990234375,4174.7001953125,4173.89990234375,4174.10009765625,14.0,yahoo,GC=F
2026-10-07T02:44:00Z,4174.0,4174.2998046875,4173.5,4174.0,47.0,yahoo,GC=F
2026-10-07T02:45:00Z,4174.10009765625,4175.7001953125,4174.10009765625,4174.7001953125,73.0,yahoo,GC=F
2026-10-07T02:46:00Z,4174.60009765625,4174.7001953125,4174.2001953125,4174.2998046875,37.0,yahoo,GC=F
2026-10-07T02:47:00Z,4174.5,4174.60009765625,4173.5,4173.5,30.0,yahoo,GC=F
2026-10-07T02:48:00Z,4173.7998046875,4173.89990234375,4172.7998046875,4173.10009765625,31.0,yahoo,GC=F
2026-10-07T02:49:00Z,4172.7998046875,4173.39990234375,4172.7998046875,4173.0,28.0,yahoo,GC=F
2026-10-07T02:50:00Z,4173.0,4173.60009765625,4173.0,4173.2001953125,16.0,yahoo,GC=F
2026-10-07T02:51:00Z,4172.89990234375,4173.10009765625,4171.7001953125,4172.5,48.0,yahoo,GC=F
2026-10-07T02:52:00Z,4172.2998046875,4173.10009765625,4172.0,4173.0,30.0,yahoo,GC=F
2026-10-07T02:53:00Z,4172.7001953125,4172.7998046875,4172.2001953125,4172.5,25.0,yahoo,GC=F
2026-10-07T02:54:00Z,4172.5,4172.60009765625,4171.89990234375,4172.2001953125,29.0,yahoo,GC=F
2026-10-07T02:55:00Z,4171.89990234375,4172.10009765625,4171.7001953125,4171.7001953125,26.0,yahoo,GC=F
2026-10-07T02:56:00Z,4171.10009765625,4171.2001953125,4170.0,4170.39990234375,77.0,yahoo,GC=F
2026-10-07T02:57:00Z,4170.60009765625,4170.60009765625,4168.60009765625,4168.7001953125,117.0,yahoo,GC=F
2026-10-07T02:58:00Z,4168.89990234375,4169.10009765625,4168.39990234375,4168.7001953125,36.0,yahoo,GC=F
2026-10-07T02:59:00Z,4169.10009765625,4169.2998046875,4168.5,4168.89990234375,28.0,yahoo,GC=F
2026-10-07T03:00:00Z,4168.89990234375,4168.89990234375,4167.7998046875,4168.2998046875,139.0,yahoo,GC=F
2026-10-07T03:01:00Z,4168.39990234375,4168.5,4167.2998046875,4167.7001953125,80.0,yahoo,GC=F
2026-10-07T03:02:00Z,4167.60009765625,4168.7001953125,4167.60009765625,4168.39990234375,45.0,yahoo,GC=F
2026-10-07T03:03:00Z,4168.60009765625,4168.7998046875,4168.2998046875,4168.5,26.0,yahoo,GC=F
2026-10-07T03:04:00Z,4168.60009765625,4168.89990234375,4167.7998046875,4167.89990234375,39.0,yahoo,GC=F
2026-10-07T03:05:00Z,4168.0,4168.10009765625,4166.39990234375,4167.39990234375,141.0,yahoo,GC=F
2026-10-07T03:06:00Z,4167.2001953125,4167.7998046875,4166.5,4167.60009765625,65.0,yahoo,GC=F
2026-10-07T03:07:00Z,4167.39990234375,4169.10009765625,4166.89990234375,4168.60009765625,127.0,yahoo,GC=F
2026-10-07T03:08:00Z,4168.39990234375,4169.10009765625,4168.2001953125,4168.89990234375,82.0,yahoo,GC=F
2026-10-07T03:09:00Z,4169.10009765625,4169.5,4168.0,4168.0,22.0,yahoo,GC=F
2026-10-07T03:10:00Z,4167.89990234375,4168.2001953125,4166.89990234375,4167.10009765625,39.0,yahoo,GC=F
2026-10-07T03:11:00Z,4166.89990234375,4167.60009765625,4166.5,4167.2001953125,36.0,yahoo,GC=F
2026-10-07T03:12:00Z,4167.2001953125,4167.2001953125,4165.7001953125,4165.7998046875,82.0,yahoo,GC=F
2026-10-07T03:13:00Z,4165.7998046875,4166.60009765625,4165.60009765625,4165.7998046875,52.0,yahoo,GC=F
2026-10-07T03:14:00Z,4165.60009765625,4166.89990234375,4164.7001953125,4165.89990234375,186.0,yahoo,GC=F
2026-10-07T03:15:00Z,4165.7001953125,4166.7001953125,4165.7001953125,4166.10009765625,58.0,yahoo,GC=F
2026-10-07T03:16:00Z,4166.2998046875,4166.2998046875,4164.2001953125,4164.89990234375,101.0,yahoo,GC=F
2026-10-07T03:17:00Z,4164.7998046875,4165.7998046875,4164.7998046875,4165.2998046875,30.0,yahoo,GC=F
2026-10-07T03:18:00Z,4165.2998046875,4166.2001953125,4165.2998046875,4165.7001953125,36.0,yahoo,GC=F
2026-10-07T03:19:00Z,4166.10009765625,4166.5,4165.7001953125,4165.89990234375,44.0,yahoo,GC=F
2026-10-07T03:20:00Z,4166.0,4166.60009765625,4165.60009765625,4165.89990234375,71.0,yahoo,GC=F
2026-10-07T03:21:00Z,4165.7998046875,4166.39990234375,4165.5,4165.60009765625,39.0,yahoo,GC=F
2026-10-07T03:22:00Z,4165.60009765625,4165.89990234375,4165.0,4165.7998046875,29.0,yahoo,GC=F
2026-10-07T03:23:00Z,4165.7998046875,4166.0,4165.7001953125,4165.7001953125,10.0,yahoo,GC=F
2026-10-07T03:24:00Z,4165.89990234375,4165.89990234375,4165.7998046875,4165.7998046875,4.0,yahoo,GC=F
2026-10-07T03:25:00Z,4165.7998046875,4168.7001953125,4165.60009765625,4168.7001953125,86.0,yahoo,GC=F
2026-10-07T03:26:00Z,4168.5,4170.2998046875,4168.5,4169.89990234375,91.0,yahoo,GC=F
2026-10-07T03:27:00Z,4169.89990234375,4170.2998046875,4169.5,4169.7001953125,42.0,yahoo,GC=F
2026-10-07T03:28:00Z,4169.5,4170.10009765625,4168.7998046875,4168.89990234375,41.0,yahoo,GC=F
2026-10-07T03:29:00Z,4168.7998046875,4169.2001953125,4168.5,4168.7998046875,22.0,yahoo,GC=F
2026-10-07T03:30:00Z,4168.7001953125,4169.39990234375,4168.7001953125,4169.0,39.0,yahoo,GC=F
2026-10-07T03:31:00Z,4168.7001953125,4170.0,4168.7001953125,4169.7998046875,37.0,yahoo,GC=F
2026-10-07T03:32:00Z,4169.89990234375,4170.39990234375,4169.60009765625,4169.7001953125,32.0,yahoo,GC=F
2026-10-07T03:33:00Z,4169.5,4170.2998046875,4169.5,4170.0,24.0,yahoo,GC=F
2026-10-07T03:34:00Z,4169.89990234375,4170.2998046875,4169.0,4169.10009765625,29.0,yahoo,GC=F
2026-10-07T03:35:00Z,4169.2001953125,4169.7001953125,4168.7998046875,4169.60009765625,21.0,yahoo,GC=F
2026-10-07T03:36:00Z,4169.5,4169.60009765625,4169.2001953125,4169.2998046875,24.0,yahoo,GC=F
2026-10-07T03:37:00Z,4169.2998046875,4169.89990234375,4169.2001953125,4169.89990234375,33.0,yahoo,GC=F
2026-10-07T03:38:00Z,4169.89990234375,4170.39990234375,4169.7001953125,4170.39990234375,32.0,yahoo,GC=F
2026-10-07T03:39:00Z,4170.39990234375,4171.10009765625,4170.0,4170.5,50.0,yahoo,GC=F
2026-10-07T03:40:00Z,4170.60009765625,4171.0,4170.10009765625,4170.2998046875,41.0,yahoo,GC=F
2026-10-07T03:41:00Z,4170.2998046875,4171.10009765625,4170.2998046875,4170.7001953125,22.0,yahoo,GC=F
2026-10-07T03:42:00Z,4170.7998046875,4171.0,4170.2001953125,4170.60009765625,19.0,yahoo,GC=F
2026-10-07T03:43:00Z,4170.7001953125,4173.2001953125,4170.39990234375,4173.0,105.0,yahoo,GC=F
2026-10-07T03:44:00Z,4172.60009765625,4172.7998046875,4172.0,4172.0,61.0,yahoo,GC=F
2026-10-07T03:45:00Z,4172.2001953125,4172.89990234375,4172.10009765625,4172.39990234375,34.0,yahoo,GC=F
2026-10-07T03:46:00Z,4172.5,4172.89990234375,4171.10009765625,4171.2001953125,73.0,yahoo,GC=F
2026-10-07T03:47:00Z,4171.2001953125,4171.7998046875,4170.89990234375,4171.60009765625,42.0,yahoo,GC=F
2026-10-07T03:48:00Z,4171.5,4173.10009765625,4171.0,4172.39990234375,112.0,yahoo,GC=F
2026-10-07T03:49:00Z,4172.60009765625,4174.5,4172.5,4174.5,119.0,yahoo,GC=F
2026-10-07T03:50:00Z,4174.39990234375,4174.39990234375,4171.39990234375,4171.39990234375,100.0,yahoo,GC=F
2026-10-07T03:51:00Z,4171.5,4171.7001953125,4171.2998046875,4171.5,23.0,yahoo,GC=F
2026-10-07T03:52:00Z,4171.2001953125,4171.7001953125,4170.89990234375,4171.60009765625,31.0,yahoo,GC=F
2026-10-07T03:53:00Z,4171.2998046875,4171.2998046875,4170.7001953125,4171.10009765625,17.0,yahoo,GC=F
2026-10-07T03:54:00Z,4170.7998046875,4171.2001953125,4170.39990234375,4171.0,29.0,yahoo,GC=F
2026-10-07T03:55:00Z,4171.2998046875,4171.7998046875,4171.10009765625,4171.39990234375,26.0,yahoo,GC=F
2026-10-07T03:56:00Z,4171.39990234375,4172.2001953125,4171.39990234375,4172.2001953125,12.0,yahoo,GC=F
2026-10-07T03:57:00Z,4172.2001953125,4172.39990234375,4170.2001953125,4170.2001953125,31.0,yahoo,GC=F
2026-10-07T03:58:00Z,4170.0,4170.2998046875,4169.7998046875,4170.2998046875,13.0,yahoo,GC=F
2026-10-07T04:00:00Z,4169.89990234375,4170.10009765625,4169.10009765625,4169.89990234375,30.0,yahoo,GC=F
2026-10-07T04:01:00Z,4169.89990234375,4171.0,4169.7001953125,4171.0,19.0,yahoo,GC=F
2026-10-07T04:02:00Z,4171.10009765625,4171.10009765625,4170.2001953125,4170.7001953125,24.0,yahoo,GC=F
2026-10-07T04:03:00Z,4170.60009765625,4170.7998046875,4170.0,4170.39990234375,23.0,yahoo,GC=F
2026-10-07T04:04:00Z,4169.89990234375,4169.89990234375,4168.89990234375,4169.39990234375,20.0,yahoo,GC=F
2026-10-07T04:05:00Z,4169.2998046875,4169.7001953125,4168.7001953125,4169.10009765625,38.0,yahoo,GC=F
2026-10-07T04:06:00Z,4168.89990234375,4169.5,4168.89990234375,4169.2001953125,12.0,yahoo,GC=F
2026-10-07T04:07:00Z,4169.0,4169.0,4167.7998046875,4168.2001953125,79.0,yahoo,GC=F
2026-10-07T04:08:00Z,4168.2001953125,4168.60009765625,4168.10009765625,4168.39990234375,24.0,yahoo,GC=F
2026-10-07T04:09:00Z,4168.7998046875,4169.2001953125,4168.7998046875,4168.89990234375,6.0,yahoo,GC=F
2026-10-07T04:10:00Z,4169.10009765625,4169.5,4168.7001953125,4168.89990234375,26.0,yahoo,GC=F
2026-10-07T04:11:00Z,4169.0,4169.7998046875,4169.0,4169.39990234375,32.0,yahoo,GC=F
2026-10-07T04:12:00Z,4169.10009765625,4169.5,4169.10009765625,4169.39990234375,13.0,yahoo,GC=F
2026-10-07T04:13:00Z,4169.39990234375,4170.2998046875,4169.39990234375,4169.7998046875,45.0,yahoo,GC=F
2026-10-07T04:14:00Z,4169.7998046875,4169.7998046875,4168.7001953125,4169.0,31.0,yahoo,GC=F
2026-10-07T04:15:00Z,4168.89990234375,4169.10009765625,4168.89990234375,4169.10009765625,4.0,yahoo,GC=F
2026-10-07T04:16:00Z,4169.0,4169.0,4167.89990234375,4167.89990234375,46.0,yahoo,GC=F
2026-10-07T04:17:00Z,4167.7001953125,4168.2998046875,4167.2998046875,4168.2998046875,45.0,yahoo,GC=F
2026-10-07T04:18:00Z,4168.10009765625,4168.10009765625,4167.7998046875,4167.89990234375,7.0,yahoo,GC=F
2026-10-07T04:19:00Z,4168.0,4168.39990234375,4167.7998046875,4167.7998046875,19.0,yahoo,GC=F
2026-10-07T04:20:00Z,4168.0,4168.2001953125,4167.0,4167.7998046875,71.0,yahoo,GC=F
2026-10-07T04:21:00Z,4168.10009765625,4169.0,4168.0,4169.0,18.0,yahoo,GC=F
2026-10-07T04:22:00Z,4168.7001953125,4169.39990234375,4168.7001953125,4168.89990234375,18.0,yahoo,GC=F
2026-10-07T04:23:00Z,4168.7001953125,4169.0,4168.60009765625,4169.0,5.0,yahoo,GC=F
2026-10-07T04:24:00Z,4168.7998046875,4168.7998046875,4168.7998046875,4168.7998046875,3.0,yahoo,GC=F
2026-10-07T04:25:00Z,4168.5,4169.5,4168.5,4169.10009765625,17.0,yahoo,GC=F
2026-10-07T04:26:00Z,4169.0,4169.5,4169.0,4169.5,18.0,yahoo,GC=F
2026-10-07T04:27:00Z,4169.0,4169.10009765625,4168.5,4168.7998046875,18.0,yahoo,GC=F
2026-10-07T04:28:00Z,4168.89990234375,4169.0,4168.39990234375,4168.60009765625,32.0,yahoo,GC=F
2026-10-07T04:29:00Z,4168.60009765625,4168.89990234375,4168.2998046875,4168.5,40.0,yahoo,GC=F
2026-10-07T04:30:00Z,4168.5,4168.7998046875,4168.2998046875,4168.2998046875,11.0,yahoo,GC=F
2026-10-07T04:31:00Z,4168.2998046875,4168.39990234375,4167.2001953125,4167.2001953125,22.0,yahoo,GC=F
2026-10-07T04:32:00Z,4167.10009765625,4167.2001953125,4165.5,4166.39990234375,78.0,yahoo,GC=F
2026-10-07T04:33:00Z,4166.5,4166.60009765625,4166.10009765625,4166.10009765625,12.0,yahoo,GC=F
2026-10-07T04:34:00Z,4165.89990234375,4166.7001953125,4165.89990234375,4166.10009765625,23.0,yahoo,GC=F
2026-10-07T04:35:00Z,4166.10009765625,4166.10009765625,4165.0,4165.39990234375,55.0,yahoo,GC=F
2026-10-07T04:36:00Z,4165.2001953125,4165.39990234375,4164.89990234375,4165.2001953125,25.0,yahoo,GC=F
2026-10-07T04:37:00Z,4165.2998046875,4165.2998046875,4165.0,4165.10009765625,7.0,yahoo,GC=F
2026-10-07T04:38:00Z,4165.5,4165.89990234375,4165.2001953125,4165.7998046875,43.0,yahoo,GC=F
2026-10-07T04:39:00Z,4165.89990234375,4166.10009765625,4165.7001953125,4165.7001953125,10.0,yahoo,GC=F
2026-10-07T04:40:00Z,4165.5,4165.7001953125,4165.0,4165.0,23.0,yahoo,GC=F
2026-10-07T04:41:00Z,4164.89990234375,4165.10009765625,4164.39990234375,4165.10009765625,35.0,yahoo,GC=F
2026-10-07T04:42:00Z,4165.60009765625,4165.60009765625,4164.7998046875,4165.0,10.0,yahoo,GC=F
2026-10-07T04:43:00Z,4165.0,4165.2001953125,4163.7001953125,4164.2001953125,64.0,yahoo,GC=F
2026-10-07T04:44:00Z,4164.2001953125,4164.39990234375,4163.2998046875,4163.7001953125,36.0,yahoo,GC=F
2026-10-07T04:45:00Z,4163.7001953125,4164.89990234375,4163.10009765625,4164.89990234375,44.0,yahoo,GC=F
2026-10-07T04:46:00Z,4164.7001953125,4164.89990234375,4164.39990234375,4164.7998046875,15.0,yahoo,GC=F
2026-10-07T04:47:00Z,4165.0,4165.2998046875,4164.60009765625,4164.89990234375,16.0,yahoo,GC=F
2026-10-07T04:48:00Z,4165.0,4165.0,4164.7001953125,4164.7001953125,10.0,yahoo,GC=F
2026-10-07T04:49:00Z,4164.89990234375,4165.10009765625,4163.89990234375,4164.7998046875,55.0,yahoo,GC=F
2026-10-07T04:50:00Z,4164.5,4165.60009765625,4164.39990234375,4165.60009765625,26.0,yahoo,GC=F
2026-10-07T04:51:00Z,4165.60009765625,4165.60009765625,4164.7001953125,4164.7998046875,20.0,yahoo,GC=F
2026-10-07T04:52:00Z,4164.7001953125,4164.7001953125,4163.7001953125,4163.7001953125,15.0,yahoo,GC=F
2026-10-07T04:53:00Z,4163.7998046875,4164.2998046875,4162.7998046875,4163.2001953125,86.0,yahoo,GC=F
2026-10-07T04:54:00Z,4163.39990234375,4164.60009765625,4163.0,4163.60009765625,74.0,yahoo,GC=F
2026-10-07T04:55:00Z,4163.60009765625,4164.10009765625,4163.10009765625,4164.10009765625,36.0,yahoo,GC=F
2026-10-07T04:56:00Z,4164.10009765625,4164.2001953125,4163.2001953125,4163.2001953125,25.0,yahoo,GC=F
2026-10-07T04:57:00Z,4162.7998046875,4163.39990234375,4162.7998046875,4163.39990234375,11.0,yahoo,GC=F
2026-10-07T04:58:00Z,4163.5,4163.60009765625,4162.5,4162.60009765625,34.0,yahoo,GC=F
2026-10-07T04:59:00Z,4162.2998046875,4162.5,4161.0,4161.60009765625,171.0,yahoo,GC=F
2026-10-07T05:00:00Z,4161.7001953125,4162.0,4160.2998046875,4161.10009765625,108.0,yahoo,GC=F
2026-10-07T05:01:00Z,4161.10009765625,4161.5,4160.5,4161.0,57.0,yahoo,GC=F
2026-10-07T05:02:00Z,4160.7998046875,4161.0,4159.89990234375,4160.2998046875,56.0,yahoo,GC=F
2026-10-07T05:03:00Z,4160.2998046875,4160.5,4159.7001953125,4159.7998046875,25.0,yahoo,GC=F
2026-10-07T05:04:00Z,4159.89990234375,4161.60009765625,4159.89990234375,4161.2001953125,100.0,yahoo,GC=F
2026-10-07T05:05:00Z,4161.5,4163.2998046875,4161.5,4162.2998046875,103.0,yahoo,GC=F
2026-10-07T05:06:00Z,4162.60009765625,4162.89990234375,4162.60009765625,4162.7001953125,26.0,yahoo,GC=F
2026-10-07T05:07:00Z,4162.5,4163.0,4162.10009765625,4163.0,40.0,yahoo,GC=F
2026-10-07T05:08:00Z,4162.5,4162.60009765625,4160.89990234375,4160.89990234375,47.0,yahoo,GC=F
2026-10-07T05:09:00Z,4160.89990234375,4161.10009765625,4160.39990234375,4160.39990234375,40.0,yahoo,GC=F
2026-10-07T05:10:00Z,4160.5,4161.2001953125,4159.2998046875,4161.0,159.0,yahoo,GC=F
2026-10-07T05:11:00Z,4161.2998046875,4161.60009765625,4160.60009765625,4161.0,48.0,yahoo,GC=F
2026-10-07T05:12:00Z,4160.7998046875,4160.89990234375,4160.2001953125,4160.89990234375,42.0,yahoo,GC=F
2026-10-07T05:13:00Z,4160.89990234375,4161.0,4160.2998046875,4161.0,36.0,yahoo,GC=F
2026-10-07T05:14:00Z,4161.10009765625,4161.2998046875,4160.39990234375,4160.39990234375,73.0,yahoo,GC=F
2026-10-07T05:15:00Z,4160.2001953125,4160.60009765625,4159.39990234375,4159.89990234375,37.0,yahoo,GC=F
2026-10-07T05:16:00Z,4160.0,4160.0,4159.39990234375,4159.60009765625,29.0,yahoo,GC=F
2026-10-07T05:17:00Z,4159.39990234375,4159.7998046875,4158.7001953125,4159.39990234375,99.0,yahoo,GC=F
2026-10-07T05:18:00Z,4159.2998046875,4160.0,4158.89990234375,4159.10009765625,69.0,yahoo,GC=F
2026-10-07T05:19:00Z,4159.0,4159.5,4158.7998046875,4158.89990234375,38.0,yahoo,GC=F
2026-10-07T05:20:00Z,4159.10009765625,4159.60009765625,4158.7001953125,4159.10009765625,37.0,yahoo,GC=F
2026-10-07T05:21:00Z,4159.10009765625,4159.39990234375,4158.0,4158.0,53.0,yahoo,GC=F
2026-10-07T05:22:00Z,4158.2001953125,4158.39990234375,4157.7001953125,4158.2998046875,77.0,yahoo,GC=F
2026-10-07T05:23:00Z,4158.2998046875,4159.60009765625,4158.2998046875,4159.39990234375,47.0,yahoo,GC=F
2026-10-07T05:24:00Z,4159.10009765625,4159.39990234375,4158.60009765625,4158.89990234375,24.0,yahoo,GC=F
2026-10-07T05:25:00Z,4159.0,4160.5,4159.0,4160.10009765625,67.0,yahoo,GC=F
2026-10-07T05:26:00Z,4159.89990234375,4160.7001953125,4159.5,4159.7998046875,48.0,yahoo,GC=F
2026-10-07T05:27:00Z,4159.7001953125,4160.2998046875,4159.7001953125,4159.7998046875,23.0,yahoo,GC=F
2026-10-07T05:28:00Z,4159.60009765625,4160.7001953125,4159.60009765625,4160.2998046875,69.0,yahoo,GC=F
2026-10-07T05:29:00Z,4160.2001953125,4160.39990234375,4159.5,4160.10009765625,35.0,yahoo,GC=F
2026-10-07T05:30:00Z,4160.10009765625,4160.2001953125,4159.10009765625,4159.7001953125,81.0,yahoo,GC=F
2026-10-07T05:31:00Z,4159.5,4159.7998046875,4158.39990234375,4159.2998046875,63.0,yahoo,GC=F
2026-10-07T05:32:00Z,4159.5,4159.7998046875,4159.5,4159.5,11.0,yahoo,GC=F
2026-10-07T05:33:00Z,4159.39990234375,4160.2001953125,4158.7001953125,4159.7998046875,51.0,yahoo,GC=F
2026-10-07T05:34:00Z,4160.10009765625,4160.7001953125,4159.5,4159.7001953125,64.0,yahoo,GC=F
2026-10-07T05:35:00Z,4159.60009765625,4161.10009765625,4159.60009765625,4160.39990234375,89.0,yahoo,GC=F
2026-10-07T05:36:00Z,4160.39990234375,4161.10009765625,4159.5,4160.7001953125,81.0,yahoo,GC=F
2026-10-07T05:37:00Z,4161.0,4162.60009765625,4160.39990234375,4161.7998046875,102.0,yahoo,GC=F
2026-10-07T05:38:00Z,4161.7998046875,4163.2998046875,4161.60009765625,4162.60009765625,186.0,yahoo,GC=F
2026-10-07T05:39:00Z,4162.5,4163.39990234375,4161.39990234375,4161.89990234375,107.0,yahoo,GC=F
2026-10-07T05:40:00Z,4161.89990234375,4163.39990234375,4161.89990234375,4162.7001953125,42.0,yahoo,GC=F
2026-10-07T05:41:00Z,4162.7001953125,4163.5,4162.7001953125,4163.5,19.0,yahoo,GC=F
2026-10-07T05:42:00Z,4163.10009765625,4163.2998046875,4162.39990234375,4162.7001953125,55.0,yahoo,GC=F
2026-10-07T05:43:00Z,4162.7998046875,4163.2998046875,4162.60009765625,4162.7998046875,41.0,yahoo,GC=F
2026-10-07T05:44:00Z,4162.7998046875,4163.2001953125,4162.7998046875,4163.0,46.0,yahoo,GC=F
2026-10-07T05:45:00Z,4163.0,4163.89990234375,4162.10009765625,4162.2001953125,95.0,yahoo,GC=F
2026-10-07T05:46:00Z,4162.10009765625,4162.2001953125,4161.39990234375,4161.89990234375,80.0,yahoo,GC=F
2026-10-07T05:47:00Z,4162.0,4162.89990234375,4161.89990234375,4162.7001953125,20.0,yahoo,GC=F
2026-10-07T05:48:00Z,4162.89990234375,4163.7001953125,4162.39990234375,4162.60009765625,53.0,yahoo,GC=F
2026-10-07T05:49:00Z,4162.5,4163.10009765625,4162.39990234375,4162.7998046875,22.0,yahoo,GC=F
2026-10-07T05:50:00Z,4163.2998046875,4163.7998046875,4162.5,4162.7998046875,19.0,yahoo,GC=F
2026-10-07T05:51:00Z,4163.2001953125,4163.5,4162.39990234375,4162.39990234375,26.0,yahoo,GC=F
2026-10-07T05:52:00Z,4162.60009765625,4163.2001953125,4162.5,4162.60009765625,26.0,yahoo,GC=F
2026-10-07T05:53:00Z,4162.7998046875,4162.7998046875,4161.2001953125,4161.60009765625,69.0,yahoo,GC=F
2026-10-07T05:54:00Z,4161.60009765625,4161.7001953125,4159.89990234375,4160.0,60.0,yahoo,GC=F
2026-10-07T05:55:00Z,4159.89990234375,4160.60009765625,4158.0,4158.89990234375,141.0,yahoo,GC=F
2026-10-07T05:56:00Z,4159.10009765625,4159.2998046875,4158.5,4159.10009765625,55.0,yahoo,GC=F
2026-10-07T05:57:00Z,4158.7998046875,4158.7998046875,4156.89990234375,4157.7001953125,180.0,yahoo,GC=F
2026-10-07T05:58:00Z,4157.89990234375,4159.60009765625,4157.7998046875,4158.0,227.0,yahoo,GC=F
2026-10-07T05:59:00Z,4158.2001953125,4158.2998046875,4154.7001953125,4154.7001953125,332.0,yahoo,GC=F
2026-10-07T06:00:00Z,4154.7998046875,4156.0,4154.39990234375,4155.0,176.0,yahoo,GC=F
2026-10-07T06:01:00Z,4155.2001953125,4155.60009765625,4153.5,4153.7998046875,226.0,yahoo,GC=F
2026-10-07T06:02:00Z,4153.60009765625,4154.2998046875,4153.2001953125,4153.89990234375,132.0,yahoo,GC=F
2026-10-07T06:03:00Z,4154.0,4155.7001953125,4154.0,4155.7001953125,102.0,yahoo,GC=F
2026-10-07T06:04:00Z,4156.0,4157.0,4154.7001953125,4156.7998046875,121.0,yahoo,GC=F
2026-10-07T06:05:00Z,4156.89990234375,4158.7998046875,4156.60009765625,4158.0,145.0,yahoo,GC=F
2026-10-07T06:06:00Z,4158.2001953125,4158.2001953125,4157.7001953125,4157.7001953125,30.0,yahoo,GC=F
2026-10-07T06:07:00Z,4157.7001953125,4158.7001953125,4157.10009765625,4158.2998046875,57.0,yahoo,GC=F
2026-10-07T06:08:00Z,4158.39990234375,4158.89990234375,4157.7001953125,4158.89990234375,61.0,yahoo,GC=F
2026-10-07T06:09:00Z,4158.89990234375,4159.10009765625,4158.2998046875,4158.7001953125,25.0,yahoo,GC=F
2026-10-07T06:10:00Z,4158.7001953125,4160.5,4158.60009765625,4159.5,117.0,yahoo,GC=F
2026-10-07T06:11:00Z,4159.5,4160.2998046875,4159.2001953125,4160.2998046875,72.0,yahoo,GC=F
2026-10-07T06:12:00Z,4160.5,4161.89990234375,4160.2998046875,4161.7001953125,116.0,yahoo,GC=F
2026-10-07T06:13:00Z,4161.5,4161.7001953125,4159.7001953125,4160.5,130.0,yahoo,GC=F
2026-10-07T06:14:00Z,4160.5,4160.7998046875,4160.39990234375,4160.5,24.0,yahoo,GC=F
2026-10-07T06:15:00Z,4160.39990234375,4160.7001953125,4160.0,4160.60009765625,56.0,yahoo,GC=F
2026-10-07T06:16:00Z,4160.89990234375,4161.7001953125,4159.60009765625,4160.89990234375,75.0,yahoo,GC=F
2026-10-07T06:17:00Z,4161.0,4161.0,4160.2998046875,4160.5,15.0,yahoo,GC=F
2026-10-07T06:18:00Z,4160.5,4160.5,4159.5,4160.0,44.0,yahoo,GC=F
2026-10-07T06:19:00Z,4159.89990234375,4160.5,4159.89990234375,4160.2001953125,25.0,yahoo,GC=F
2026-10-07T06:20:00Z,4160.2001953125,4160.2998046875,4159.60009765625,4160.10009765625,39.0,yahoo,GC=F
2026-10-07T06:21:00Z,4159.89990234375,4160.2998046875,4159.2998046875,4160.0,16.0,yahoo,GC=F
2026-10-07T06:22:00Z,4159.7001953125,4159.7001953125,4157.89990234375,4157.89990234375,83.0,yahoo,GC=F
2026-10-07T06:23:00Z,4158.10009765625,4158.39990234375,4156.7001953125,4157.2001953125,53.0,yahoo,GC=F
2026-10-07T06:24:00Z,4157.10009765625,4157.10009765625,4156.0,4156.5,38.0,yahoo,GC=F
2026-10-07T06:25:00Z,4156.7998046875,4157.5,4156.39990234375,4157.5,36.0,yahoo,GC=F
2026-10-07T06:26:00Z,4157.10009765625,4157.2001953125,4156.2998046875,4156.7001953125,44.0,yahoo,GC=F
2026-10-07T06:27:00Z,4157.10009765625,4157.39990234375,4156.5,4156.5,47.0,yahoo,GC=F
2026-10-07T06:28:00Z,4156.5,4157.2998046875,4156.5,4156.89990234375,48.0,yahoo,GC=F
2026-10-07T06:29:00Z,4157.0,4157.7001953125,4156.7001953125,4157.39990234375,38.0,yahoo,GC=F
2026-10-07T06:30:00Z,4157.5,4158.7998046875,4157.39990234375,4158.7998046875,87.0,yahoo,GC=F
2026-10-07T06:31:00Z,4158.2998046875,4158.7998046875,4156.89990234375,4156.89990234375,159.0,yahoo,GC=F
2026-10-07T06:32:00Z,4156.7998046875,4156.89990234375,4156.0,4156.7001953125,85.0,yahoo,GC=F
2026-10-07T06:33:00Z,4157.10009765625,4160.10009765625,4156.7998046875,4159.7001953125,89.0,yahoo,GC=F
2026-10-07T06:34:00Z,4159.7001953125,4160.2001953125,4159.2001953125,4159.5,101.0,yahoo,GC=F
2026-10-07T06:35:00Z,4159.60009765625,4161.2001953125,4159.60009765625,4160.5,94.0,yahoo,GC=F
2026-10-07T06:36:00Z,4160.2001953125,4160.2998046875,4158.39990234375,4158.39990234375,100.0,yahoo,GC=F
2026-10-07T06:37:00Z,4158.10009765625,4158.60009765625,4157.7998046875,4157.7998046875,20.0,yahoo,GC=F
2026-10-07T06:38:00Z,4157.89990234375,4158.5,4157.7001953125,4158.2001953125,46.0,yahoo,GC=F
2026-10-07T06:39:00Z,4158.2001953125,4158.7998046875,4158.0,4158.60009765625,34.0,yahoo,GC=F
2026-10-07T06:40:00Z,4158.7998046875,4159.89990234375,4158.5,4159.7998046875,75.0,yahoo,GC=F
2026-10-07T06:41:00Z,4159.89990234375,4161.2001953125,4159.7998046875,4160.0,60.0,yahoo,GC=F
2026-10-07T06:42:00Z,4160.2998046875,4160.2998046875,4159.2998046875,4160.2998046875,58.0,yahoo,GC=F
2026-10-07T06:43:00Z,4160.2001953125,4160.39990234375,4159.7998046875,4160.10009765625,51.0,yahoo,GC=F
2026-10-07T06:44:00Z,4159.89990234375,4160.2001953125,4159.39990234375,4159.7001953125,37.0,yahoo,GC=F
2026-10-07T06:45:00Z,4159.5,4161.0,4159.5,4160.39990234375,60.0,yahoo,GC=F
2026-10-07T06:46:00Z,4160.2001953125,4161.0,4159.7001953125,4160.2998046875,40.0,yahoo,GC=F
2026-10-07T06:47:00Z,4160.39990234375,4160.60009765625,4159.39990234375,4159.89990234375,28.0,yahoo,GC=F
2026-10-07T06:48:00Z,4160.0,4160.7001953125,4159.7001953125,4160.0,35.0,yahoo,GC=F
2026-10-07T06:49:00Z,4160.2998046875,4160.89990234375,4160.2998046875,4160.60009765625,20.0,yahoo,GC=F
2026-10-07T06:50:00Z,4160.60009765625,4161.2001953125,4160.0,4160.2998046875,48.0,yahoo,GC=F
2026-10-07T06:51:00Z,4160.39990234375,4160.39990234375,4159.7001953125,4159.7998046875,42.0,yahoo,GC=F
2026-10-07T06:52:00Z,4159.7998046875,4160.10009765625,4159.2998046875,4159.2998046875,12.0,yahoo,GC=F
2026-10-07T06:53:00Z,4159.39990234375,4159.39990234375,4158.5,4158.89990234375,27.0,yahoo,GC=F
2026-10-07T06:54:00Z,4158.7998046875,4158.7998046875,4158.2001953125,4158.5,36.0,yahoo,GC=F
2026-10-07T06:55:00Z,4158.2001953125,4158.60009765625,4157.7998046875,4158.2998046875,20.0,yahoo,GC=F
2026-10-07T06:56:00Z,4158.10009765625,4158.10009765625,4157.2001953125,4157.7001953125,42.0,yahoo,GC=F
2026-10-07T06:57:00Z,4157.7001953125,4159.0,4157.7001953125,4159.0,37.0,yahoo,GC=F
2026-10-07T06:58:00Z,4159.0,4160.10009765625,4158.10009765625,4158.10009765625,74.0,yahoo,GC=F
2026-10-07T06:59:00Z,4158.10009765625,4158.10009765625,4156.7001953125,4156.7001953125,83.0,yahoo,GC=F
2026-10-07T07:00:00Z,4156.7001953125,4157.60009765625,4156.5,4157.10009765625,117.0,yahoo,GC=F
2026-10-07T07:01:00Z,4157.39990234375,4158.5,4156.5,4158.2998046875,67.0,yahoo,GC=F
2026-10-07T07:02:00Z,4158.2001953125,4158.60009765625,4156.60009765625,4157.89990234375,153.0,yahoo,GC=F
2026-10-07T07:03:00Z,4157.7998046875,4158.2998046875,4156.7001953125,4157.39990234375,114.0,yahoo,GC=F
2026-10-07T07:04:00Z,4157.39990234375,4160.10009765625,4157.39990234375,4159.89990234375,99.0,yahoo,GC=F
2026-10-07T07:05:00Z,4159.89990234375,4159.89990234375,4159.2001953125,4159.5,22.0,yahoo,GC=F
2026-10-07T07:06:00Z,4159.5,4160.39990234375,4158.60009765625,4160.0,223.0,yahoo,GC=F
2026-10-07T07:07:00Z,4160.0,4160.0,4158.7001953125,4159.2001953125,40.0,yahoo,GC=F
2026-10-07T07:08:00Z,4159.0,4161.0,4158.89990234375,4160.7998046875,100.0,yahoo,GC=F
2026-10-07T07:09:00Z,4160.7998046875,4160.89990234375,4159.60009765625,4160.60009765625,71.0,yahoo,GC=F
2026-10-07T07:10:00Z,4160.60009765625,4161.39990234375,4160.39990234375,4160.89990234375,55.0,yahoo,GC=F
2026-10-07T07:11:00Z,4160.7998046875,4161.0,4158.5,4159.39990234375,146.0,yahoo,GC=F
2026-10-07T07:12:00Z,4159.60009765625,4160.60009765625,4159.0,4159.2998046875,114.0,yahoo,GC=F
2026-10-07T07:13:00Z,4159.0,4159.7998046875,4158.2998046875,4159.5,98.0,yahoo,GC=F
2026-10-07T07:14:00Z,4159.39990234375,4159.60009765625,4158.0,4158.0,33.0,yahoo,GC=F
2026-10-07T07:15:00Z,4157.89990234375,4158.10009765625,4156.39990234375,4157.2998046875,94.0,yahoo,GC=F
2026-10-07T07:16:00Z,4157.10009765625,4157.2998046875,4155.60009765625,4155.60009765625,73.0,yahoo,GC=F
2026-10-07T07:17:00Z,4155.39990234375,4156.0,4154.5,4155.60009765625,177.0,yahoo,GC=F
2026-10-07T07:18:00Z,4155.5,4155.7998046875,4154.7998046875,4155.2998046875,100.0,yahoo,GC=F
2026-10-07T07:19:00Z,4155.2998046875,4156.10009765625,4154.7001953125,4155.5,137.0,yahoo,GC=F
2026-10-07T07:20:00Z,4155.39990234375,4157.2001953125,4155.39990234375,4157.2001953125,61.0,yahoo,GC=F
2026-10-07T07:21:00Z,4157.10009765625,4158.7998046875,4156.89990234375,4158.10009765625,79.0,yahoo,GC=F
2026-10-07T07:22:00Z,4157.7998046875,4160.2001953125,4157.60009765625,4159.7001953125,124.0,yahoo,GC=F
2026-10-07T07:23:00Z,4159.7998046875,4159.89990234375,4159.10009765625,4159.7998046875,27.0,yahoo,GC=F
2026-10-07T07:24:00Z,4159.89990234375,4160.2001953125,4158.89990234375,4159.60009765625,50.0,yahoo,GC=F
2026-10-07T07:25:00Z,4159.7998046875,4160.2001953125,4159.10009765625,4159.60009765625,64.0,yahoo,GC=F
2026-10-07T07:26:00Z,4159.60009765625,4160.89990234375,4159.39990234375,4160.10009765625,59.0,yahoo,GC=F
2026-10-07T07:27:00Z,4159.7001953125,4161.60009765625,4159.2998046875,4161.60009765625,81.0,yahoo,GC=F
2026-10-07T07:28:00Z,4161.5,4162.39990234375,4159.7001953125,4159.7001953125,158.0,yahoo,GC=F
2026-10-07T07:29:00Z,4159.60009765625,4159.89990234375,4158.7001953125,4159.10009765625,89.0,yahoo,GC=F
2026-10-07T07:30:00Z,4159.5,4159.7998046875,4158.7998046875,4159.7001953125,51.0,yahoo,GC=F
2026-10-07T07:31:00Z,4160.0,4160.2998046875,4159.10009765625,4159.89990234375,57.0,yahoo,GC=F
2026-10-07T07:32:00Z,4160.7998046875,4164.39990234375,4160.7998046875,4164.39990234375,135.0,yahoo,GC=F
2026-10-07T07:33:00Z,4164.10009765625,4165.7998046875,4163.2998046875,4163.2998046875,249.0,yahoo,GC=F
2026-10-07T07:34:00Z,4163.2998046875,4163.7998046875,4162.39990234375,4163.2998046875,57.0,yahoo,GC=F
2026-10-07T07:35:00Z,4163.2998046875,4164.0,4162.2001953125,4162.2998046875,88.0,yahoo,GC=F
2026-10-07T07:36:00Z,4162.10009765625,4163.0,4161.39990234375,4163.0,56.0,yahoo,GC=F
2026-10-07T07:37:00Z,4162.60009765625,4163.2998046875,4162.2001953125,4163.2998046875,34.0,yahoo,GC=F
2026-10-07T07:38:00Z,4163.2001953125,4164.2998046875,4161.2998046875,4161.7998046875,124.0,yahoo,GC=F
2026-10-07T07:39:00Z,4161.60009765625,4162.10009765625,4161.10009765625,4161.2998046875,50.0,yahoo,GC=F
2026-10-07T07:40:00Z,4161.5,4162.60009765625,4161.2998046875,4161.89990234375,42.0,yahoo,GC=F
2026-10-07T07:41:00Z,4162.0,4163.10009765625,4161.7001953125,4161.7001953125,42.0,yahoo,GC=F
2026-10-07T07:42:00Z,4161.89990234375,4164.7001953125,4161.7998046875,4164.10009765625,56.0,yahoo,GC=F
2026-10-07T07:43:00Z,4163.89990234375,4164.2001953125,4163.2001953125,4163.39990234375,65.0,yahoo,GC=F
2026-10-07T07:44:00Z,4163.10009765625,4164.60009765625,4162.7998046875,4163.60009765625,58.0,yahoo,GC=F
2026-10-07T07:45:00Z,4163.60009765625,4163.7001953125,4163.2998046875,4163.7001953125,15.0,yahoo,GC=F
2026-10-07T07:46:00Z,4163.2001953125,4163.2001953125,4161.5,4162.0,116.0,yahoo,GC=F
2026-10-07T07:47:00Z,4161.7998046875,4161.7998046875,4160.39990234375,4160.7998046875,82.0,yahoo,GC=F
2026-10-07T07:48:00Z,4160.7001953125,4161.10009765625,4160.10009765625,4160.60009765625,60.0,yahoo,GC=F
2026-10-07T07:49:00Z,4160.5,4160.60009765625,4159.60009765625,4160.2001953125,91.0,yahoo,GC=F
2026-10-07T07:50:00Z,4160.0,4160.2001953125,4159.5,4159.89990234375,84.0,yahoo,GC=F
2026-10-07T07:51:00Z,4160.2998046875,4161.2998046875,4157.89990234375,4160.89990234375,213.0,yahoo,GC=F
2026-10-07T07:52:00Z,4161.0,4161.10009765625,4160.0,4160.2001953125,112.0,yahoo,GC=F
2026-10-07T07:53:00Z,4159.39990234375,4159.5,4158.39990234375,4158.7001953125,62.0,yahoo,GC=F
2026-10-07T07:54:00Z,4158.7998046875,4159.7001953125,4158.60009765625,4159.7001953125,27.0,yahoo,GC=F
2026-10-07T07:55:00Z,4159.7998046875,4159.7998046875,4157.60009765625,4157.60009765625,72.0,yahoo,GC=F
2026-10-07T07:56:00Z,4157.5,4158.0,4156.89990234375,4157.5,67.0,yahoo,GC=F
2026-10-07T07:57:00Z,4157.7001953125,4157.89990234375,4155.0,4155.2998046875,242.0,yahoo,GC=F
2026-10-07T07:58:00Z,4155.2001953125,4158.39990234375,4155.0,4158.39990234375,74.0,yahoo,GC=F
2026-10-07T07:59:00Z,4158.60009765625,4160.0,4157.7998046875,4159.0,101.0,yahoo,GC=F
2026-10-07T08:00:00Z,4159.10009765625,4159.7001953125,4158.2998046875,4158.60009765625,90.0,yahoo,GC=F
2026-10-07T08:01:00Z,4158.10009765625,4158.60009765625,4155.2001953125,4156.10009765625,124.0,yahoo,GC=F
2026-10-07T08:02:00Z,4156.10009765625,4157.2001953125,4155.0,4157.0,125.0,yahoo,GC=F
2026-10-07T08:03:00Z,4157.2998046875,4161.39990234375,4157.0,4161.10009765625,99.0,yahoo,GC=F
2026-10-07T08:04:00Z,4160.89990234375,4161.39990234375,4160.39990234375,4161.39990234375,92.0,yahoo,GC=F
2026-10-07T08:05:00Z,4161.89990234375,4163.2998046875,4161.2998046875,4162.39990234375,75.0,yahoo,GC=F
2026-10-07T08:06:00Z,4162.10009765625,4162.60009765625,4161.60009765625,4161.60009765625,53.0,yahoo,GC=F
2026-10-07T08:07:00Z,4161.60009765625,4161.60009765625,4159.7001953125,4161.10009765625,115.0,yahoo,GC=F
2026-10-07T08:08:00Z,4160.7998046875,4161.7001953125,4160.2001953125,4160.2998046875,66.0,yahoo,GC=F
2026-10-07T08:09:00Z,4160.39990234375,4160.60009765625,4158.10009765625,4159.10009765625,65.0,yahoo,GC=F
2026-10-07T08:10:00Z,4159.10009765625,4159.5,4158.0,4158.2998046875,95.0,yahoo,GC=F
2026-10-07T08:11:00Z,4158.0,4158.0,4156.7998046875,4157.39990234375,108.0,yahoo,GC=F
2026-10-07T08:12:00Z,4157.7998046875,4158.39990234375,4156.7001953125,4158.39990234375,36.0,yahoo,GC=F
2026-10-07T08:13:00Z,4158.7001953125,4158.89990234375,4157.39990234375,4157.7998046875,60.0,yahoo,GC=F
2026-10-07T08:14:00Z,4157.7998046875,4159.0,4157.7998046875,4158.10009765625,42.0,yahoo,GC=F
2026-10-07T08:15:00Z,4158.7001953125,4158.7001953125,4156.7998046875,4157.60009765625,37.0,yahoo,GC=F
2026-10-07T08:16:00Z,4157.0,4157.0,4155.0,4155.5,174.0,yahoo,GC=F
2026-10-07T08:17:00Z,4155.39990234375,4157.0,4154.60009765625,4156.60009765625,160.0,yahoo,GC=F
2026-10-07T08:18:00Z,4156.89990234375,4157.2998046875,4156.10009765625,4156.2998046875,58.0,yahoo,GC=F
2026-10-07T08:19:00Z,4156.39990234375,4156.5,4155.2001953125,4156.2001953125,84.0,yahoo,GC=F
2026-10-07T08:20:00Z,4156.5,4156.89990234375,4155.7998046875,4156.2001953125,61.0,yahoo,GC=F
2026-10-07T08:21:00Z,4156.2998046875,4157.10009765625,4156.2998046875,4156.5,66.0,yahoo,GC=F
2026-10-07T08:22:00Z,4156.5,4156.89990234375,4155.7001953125,4155.7001953125,40.0,yahoo,GC=F
2026-10-07T08:23:00Z,4155.7001953125,4156.89990234375,4155.0,4155.39990234375,48.0,yahoo,GC=F
2026-10-07T08:24:00Z,4155.2998046875,4155.2998046875,4152.7001953125,4152.89990234375,282.0,yahoo,GC=F
2026-10-07T08:25:00Z,4152.89990234375,4154.2001953125,4150.60009765625,4153.7001953125,665.0,yahoo,GC=F
2026-10-07T08:26:00Z,4153.89990234375,4155.2001953125,4153.2001953125,4153.2001953125,112.0,yahoo,GC=F
2026-10-07T08:27:00Z,4153.39990234375,4155.0,4153.10009765625,4153.7001953125,131.0,yahoo,GC=F
2026-10-07T08:28:00Z,4153.7001953125,4154.5,4152.60009765625,4152.7001953125,111.0,yahoo,GC=F
2026-10-07T08:29:00Z,4152.5,4153.39990234375,4151.60009765625,4152.2998046875,117.0,yahoo,GC=F
2026-10-07T08:30:00Z,4152.39990234375,4153.7001953125,4151.10009765625,4153.39990234375,97.0,yahoo,GC=F
2026-10-07T08:31:00Z,4153.7998046875,4154.89990234375,4153.0,4154.0,124.0,yahoo,GC=F
2026-10-07T08:32:00Z,4153.7998046875,4155.0,4153.39990234375,4154.7001953125,100.0,yahoo,GC=F
2026-10-07T08:33:00Z,4154.60009765625,4155.0,4153.2001953125,4153.89990234375,55.0,yahoo,GC=F
2026-10-07T08:34:00Z,4153.5,4154.10009765625,4152.5,4154.10009765625,87.0,yahoo,GC=F
2026-10-07T08:35:00Z,4154.39990234375,4154.7998046875,4153.60009765625,4154.2001953125,62.0,yahoo,GC=F
2026-10-07T08:36:00Z,4153.89990234375,4154.2001953125,4153.0,4153.5,49.0,yahoo,GC=F
2026-10-07T08:37:00Z,4153.7998046875,4153.7998046875,4152.7001953125,4153.60009765625,61.0,yahoo,GC=F
2026-10-07T08:38:00Z,4153.2998046875,4154.0,4153.0,4153.2001953125,28.0,yahoo,GC=F
2026-10-07T08:39:00Z,4153.39990234375,4154.10009765625,4153.39990234375,4153.7998046875,23.0,yahoo,GC=F
2026-10-07T08:40:00Z,4153.5,4153.5,4151.60009765625,4151.7998046875,78.0,yahoo,GC=F
2026-10-07T08:41:00Z,4151.89990234375,4152.7998046875,4151.39990234375,4151.60009765625,58.0,yahoo,GC=F
2026-10-07T08:42:00Z,4152.0,4152.39990234375,4151.0,4152.0,68.0,yahoo,GC=F
2026-10-07T08:43:00Z,4151.89990234375,4153.39990234375,4151.7998046875,4152.7001953125,119.0,yahoo,GC=F
2026-10-07T08:44:00Z,4153.10009765625,4153.7998046875,4153.0,4153.10009765625,37.0,yahoo,GC=F
2026-10-07T08:45:00Z,4153.0,4153.39990234375,4152.2001953125,4152.89990234375,53.0,yahoo,GC=F
2026-10-07T08:46:00Z,4152.5,4152.89990234375,4152.10009765625,4152.7998046875,42.0,yahoo,GC=F
2026-10-07T08:47:00Z,4153.10009765625,4153.7998046875,4152.7001953125,4153.0,59.0,yahoo,GC=F
2026-10-07T08:48:00Z,4153.2001953125,4153.39990234375,4151.7001953125,4152.60009765625,76.0,yahoo,GC=F
2026-10-07T08:49:00Z,4152.5,4152.7998046875,4151.7998046875,4152.0,28.0,yahoo,GC=F
2026-10-07T08:50:00Z,4152.2001953125,4152.39990234375,4150.10009765625,4151.39990234375,108.0,yahoo,GC=F
2026-10-07T08:51:00Z,4151.5,4151.5,4150.10009765625,4151.2998046875,83.0,yahoo,GC=F
2026-10-07T08:52:00Z,4151.60009765625,4151.7998046875,4151.2001953125,4151.2998046875,57.0,yahoo,GC=F
2026-10-07T08:53:00Z,4151.39990234375,4151.5,4150.39990234375,4150.39990234375,91.0,yahoo,GC=F
2026-10-07T08:54:00Z,4150.39990234375,4151.60009765625,4150.0,4150.5,86.0,yahoo,GC=F
2026-10-07T08:55:00Z,4151.2001953125,4151.89990234375,4150.7998046875,4150.7998046875,69.0,yahoo,GC=F
2026-10-07T08:56:00Z,4150.7001953125,4151.2998046875,4150.0,4151.2998046875,111.0,yahoo,GC=F
2026-10-07T08:57:00Z,4151.2998046875,4151.2998046875,4150.39990234375,4150.89990234375,50.0,yahoo,GC=F
2026-10-07T08:58:00Z,4150.89990234375,4150.89990234375,4148.39990234375,4149.2998046875,252.0,yahoo,GC=F
2026-10-07T08:59:00Z,4149.2001953125,4150.10009765625,4149.0,4149.7998046875,74.0,yahoo,GC=F
2026-10-07T09:00:00Z,4149.7001953125,4151.2998046875,4149.39990234375,4151.0,121.0,yahoo,GC=F
2026-10-07T09:01:00Z,4150.7998046875,4151.5,4150.5,4151.10009765625,62.0,yahoo,GC=F
2026-10-07T09:02:00Z,4151.10009765625,4151.89990234375,4150.60009765625,4151.10009765625,49.0,yahoo,GC=F
2026-10-07T09:03:00Z,4151.2001953125,4151.2001953125,4149.10009765625,4149.2001953125,43.0,yahoo,GC=F
2026-10-07T09:04:00Z,4149.39990234375,4149.60009765625,4148.5,4149.2001953125,122.0,yahoo,GC=F
2026-10-07T09:05:00Z,4149.39990234375,4149.89990234375,4148.39990234375,4148.89990234375,50.0,yahoo,GC=F
2026-10-07T09:06:00Z,4148.89990234375,4149.2001953125,4145.7998046875,4146.5,313.0,yahoo,GC=F
2026-10-07T09:07:00Z,4146.39990234375,4146.39990234375,4145.39990234375,4145.89990234375,111.0,yahoo,GC=F
2026-10-07T09:08:00Z,4145.89990234375,4147.7998046875,4145.7998046875,4147.7001953125,294.0,yahoo,GC=F
2026-10-07T09:09:00Z,4147.89990234375,4149.60009765625,4147.2998046875,4149.39990234375,147.0,yahoo,GC=F
2026-10-07T09:10:00Z,4149.2998046875,4149.60009765625,4148.2001953125,4148.2001953125,88.0,yahoo,GC=F
2026-10-07T09:11:00Z,4148.2998046875,4148.7001953125,4148.0,4148.5,44.0,yahoo,GC=F
2026-10-07T09:12:00Z,4148.89990234375,4149.39990234375,4148.2998046875,4148.2998046875,111.0,yahoo,GC=F
2026-10-07T09:13:00Z,4148.10009765625,4148.7001953125,4148.0,4148.7001953125,70.0,yahoo,GC=F
2026-10-07T09:14:00Z,4148.89990234375,4150.2001953125,4148.89990234375,4149.7998046875,57.0,yahoo,GC=F
2026-10-07T09:15:00Z,4149.60009765625,4150.0,4149.2001953125,4149.39990234375,76.0,yahoo,GC=F
2026-10-07T09:16:00Z,4149.60009765625,4149.60009765625,4147.89990234375,4148.10009765625,86.0,yahoo,GC=F
2026-10-07T09:17:00Z,4148.0,4149.10009765625,4147.7998046875,4148.0,119.0,yahoo,GC=F
2026-10-07T09:18:00Z,4148.10009765625,4148.7001953125,4147.60009765625,4148.7001953125,54.0,yahoo,GC=F
2026-10-07T09:19:00Z,4148.7998046875,4148.89990234375,4147.2001953125,4147.60009765625,282.0,yahoo,GC=F
2026-10-07T09:20:00Z,4147.5,4148.10009765625,4147.10009765625,4147.5,111.0,yahoo,GC=F
2026-10-07T09:21:00Z,4147.39990234375,4147.5,4146.2998046875,4147.39990234375,153.0,yahoo,GC=F
2026-10-07T09:22:00Z,4147.2998046875,4148.10009765625,4146.7998046875,4148.0,84.0,yahoo,GC=F
2026-10-07T09:23:00Z,4147.60009765625,4148.2998046875,4147.39990234375,4147.7001953125,81.0,yahoo,GC=F
2026-10-07T09:24:00Z,4147.7998046875,4148.2001953125,4147.0,4147.60009765625,88.0,yahoo,GC=F
2026-10-07T09:25:00Z,4147.7001953125,4148.2998046875,4147.2001953125,4148.2001953125,77.0,yahoo,GC=F
2026-10-07T09:26:00Z,4148.2998046875,4149.0,4148.2998046875,4148.39990234375,53.0,yahoo,GC=F
2026-10-07T09:27:00Z,4148.5,4148.89990234375,4147.7998046875,4148.5,98.0,yahoo,GC=F
2026-10-07T09:28:00Z,4148.39990234375,4148.60009765625,4147.2998046875,4147.2998046875,79.0,yahoo,GC=F
2026-10-07T09:29:00Z,4147.60009765625,4148.10009765625,4146.2998046875,4146.39990234375,160.0,yahoo,GC=F
2026-10-07T09:30:00Z,4146.5,4147.39990234375,4145.2001953125,4146.10009765625,375.0,yahoo,GC=F
2026-10-07T09:31:00Z,4146.2998046875,4146.39990234375,4144.60009765625,4145.2998046875,231.0,yahoo,GC=F
2026-10-07T09:32:00Z,4145.0,4146.7001953125,4144.39990234375,4146.10009765625,266.0,yahoo,GC=F
2026-10-07T09:33:00Z,4146.10009765625,4146.7998046875,4145.7001953125,4145.7998046875,147.0,yahoo,GC=F
2026-10-07T09:34:00Z,4145.7998046875,4145.89990234375,4144.7001953125,4144.7001953125,98.0,yahoo,GC=F
2026-10-07T09:35:00Z,4144.7001953125,4145.5,4144.7001953125,4145.2998046875,52.0,yahoo,GC=F
2026-10-07T09:36:00Z,4145.10009765625,4145.39990234375,4144.0,4145.39990234375,68.0,yahoo,GC=F
2026-10-07T09:37:00Z,4145.7998046875,4146.89990234375,4145.7998046875,4146.7001953125,78.0,yahoo,GC=F
2026-10-07T09:38:00Z,4146.5,4146.60009765625,4145.0,4145.2001953125,91.0,yahoo,GC=F
2026-10-07T09:39:00Z,4145.5,4145.7001953125,4144.39990234375,4145.7001953125,84.0,yahoo,GC=F
2026-10-07T09:40:00Z,4145.89990234375,4146.0,4144.7001953125,4144.7998046875,75.0,yahoo,GC=F
2026-10-07T09:41:00Z,4144.7998046875,4144.7998046875,4143.39990234375,4144.0,96.0,yahoo,GC=F
2026-10-07T09:42:00Z,4144.0,4144.39990234375,4143.39990234375,4144.2998046875,85.0,yahoo,GC=F
2026-10-07T09:43:00Z,4144.2001953125,4145.5,4143.7998046875,4145.2998046875,66.0,yahoo,GC=F
2026-10-07T09:44:00Z,4145.39990234375,4146.0,4145.10009765625,4145.7001953125,99.0,yahoo,GC=F
2026-10-07T09:45:00Z,4145.89990234375,4145.89990234375,4144.60009765625,4145.0,33.0,yahoo,GC=F
2026-10-07T09:46:00Z,4144.7998046875,4144.7998046875,4143.10009765625,4143.7001953125,179.0,yahoo,GC=F
2026-10-07T09:47:00Z,4143.7001953125,4145.5,4143.0,4145.39990234375,225.0,yahoo,GC=F
2026-10-07T09:48:00Z,4145.10009765625,4145.5,4144.7001953125,4145.2001953125,83.0,yahoo,GC=F
2026-10-07T09:49:00Z,4145.10009765625,4145.10009765625,4144.60009765625,4144.89990234375,74.0,yahoo,GC=F
2026-10-07T09:50:00Z,4144.89990234375,4145.2001953125,4144.2001953125,4144.7998046875,77.0,yahoo,GC=F
2026-10-07T09:51:00Z,4145.0,4145.0,4144.39990234375,4144.39990234375,48.0,yahoo,GC=F
2026-10-07T09:52:00Z,4144.10009765625,4144.89990234375,4144.10009765625,4144.7001953125,95.0,yahoo,GC=F
2026-10-07T09:53:00Z,4144.7001953125,4144.89990234375,4143.0,4143.7998046875,146.0,yahoo,GC=F
2026-10-07T09:54:00Z,4143.7001953125,4145.0,4143.5,4145.0,71.0,yahoo,GC=F
2026-10-07T09:55:00Z,4145.0,4146.0,4143.2001953125,4143.60009765625,208.0,yahoo,GC=F
2026-10-07T09:56:00Z,4143.39990234375,4143.7998046875,4142.60009765625,4142.60009765625,73.0,yahoo,GC=F
2026-10-07T09:57:00Z,4143.0,4144.5,4142.89990234375,4144.39990234375,98.0,yahoo,GC=F
2026-10-07T09:58:00Z,4144.60009765625,4145.10009765625,4144.2001953125,4144.39990234375,63.0,yahoo,GC=F
2026-10-07T09:59:00Z,4144.2998046875,4146.60009765625,4144.2998046875,4145.89990234375,107.0,yahoo,GC=F
2026-10-07T10:00:00Z,4145.7001953125,4146.10009765625,4143.7998046875,4144.2001953125,113.0,yahoo,GC=F
2026-10-07T10:01:00Z,4143.89990234375,4144.0,4142.7998046875,4143.39990234375,121.0,yahoo,GC=F
2026-10-07T10:02:00Z,4143.2998046875,4143.7001953125,4142.2998046875,4142.89990234375,194.0,yahoo,GC=F
2026-10-07T10:03:00Z,4143.2001953125,4145.60009765625,4143.10009765625,4145.39990234375,78.0,yahoo,GC=F
2026-10-07T10:04:00Z,4145.2001953125,4146.89990234375,4144.89990234375,4146.2998046875,59.0,yahoo,GC=F
2026-10-07T10:05:00Z,4146.10009765625,4146.39990234375,4143.7001953125,4144.2001953125,233.0,yahoo,GC=F
2026-10-07T10:06:00Z,4143.89990234375,4144.2998046875,4142.5,4143.7001953125,107.0,yahoo,GC=F
2026-10-07T10:07:00Z,4143.2001953125,4143.7998046875,4141.60009765625,4142.7998046875,214.0,yahoo,GC=F
2026-10-07T10:08:00Z,4142.7998046875,4143.2998046875,4141.2001953125,4141.89990234375,217.0,yahoo,GC=F
2026-10-07T10:09:00Z,4142.2001953125,4143.60009765625,4141.89990234375,4142.7001953125,92.0,yahoo,GC=F
2026-10-07T10:10:00Z,4142.7998046875,4143.2001953125,4142.60009765625,4143.2001953125,23.0,yahoo,GC=F
2026-10-07T10:11:00Z,4143.10009765625,4144.10009765625,4142.7001953125,4144.0,41.0,yahoo,GC=F
2026-10-07T10:12:00Z,4143.7998046875,4143.7998046875,4141.7001953125,4141.89990234375,155.0,yahoo,GC=F
2026-10-07T10:13:00Z,4141.7998046875,4142.0,4141.0,4141.10009765625,74.0,yahoo,GC=F
2026-10-07T10:14:00Z,4141.5,4142.39990234375,4141.10009765625,4142.2001953125,72.0,yahoo,GC=F
2026-10-07T10:15:00Z,4142.0,4143.10009765625,4141.89990234375,4142.89990234375,114.0,yahoo,GC=F
2026-10-07T10:16:00Z,4142.89990234375,4143.10009765625,4141.0,4141.0,108.0,yahoo,GC=F
2026-10-07T10:17:00Z,4141.10009765625,4141.7001953125,4140.2001953125,4141.2001953125,132.0,yahoo,GC=F
2026-10-07T10:18:00Z,4141.2001953125,4141.60009765625,4140.7998046875,4141.5,94.0,yahoo,GC=F
2026-10-07T10:19:00Z,4141.60009765625,4142.2001953125,4141.39990234375,4141.60009765625,45.0,yahoo,GC=F
2026-10-07T10:20:00Z,4141.7998046875,4142.5,4139.7998046875,4140.2998046875,223.0,yahoo,GC=F
2026-10-07T10:21:00Z,4140.0,4141.2998046875,4139.89990234375,4141.10009765625,83.0,yahoo,GC=F
2026-10-07T10:22:00Z,4141.39990234375,4141.39990234375,4140.7001953125,4140.89990234375,35.0,yahoo,GC=F
2026-10-07T10:23:00Z,4141.2998046875,4142.10009765625,4140.89990234375,4141.89990234375,61.0,yahoo,GC=F
2026-10-07T10:24:00Z,4141.7001953125,4142.39990234375,4141.5,4142.39990234375,27.0,yahoo,GC=F
2026-10-07T10:25:00Z,4142.7001953125,4143.39990234375,4142.2001953125,4143.0,81.0,yahoo,GC=F
2026-10-07T10:26:00Z,4143.2001953125,4143.39990234375,4142.2998046875,4142.60009765625,118.0,yahoo,GC=F
2026-10-07T10:27:00Z,4142.39990234375,4142.89990234375,4142.0,4142.2998046875,96.0,yahoo,GC=F
2026-10-07T10:28:00Z,4142.2998046875,4143.0,4141.7998046875,4142.2998046875,75.0,yahoo,GC=F
2026-10-07T10:29:00Z,4141.7998046875,4142.10009765625,4140.2998046875,4140.2998046875,141.0,yahoo,GC=F
2026-10-07T10:30:00Z,4140.2001953125,4141.2001953125,4137.7998046875,4138.10009765625,284.0,yahoo,GC=F
2026-10-07T10:31:00Z,4138.2001953125,4138.39990234375,4135.89990234375,4136.2001953125,306.0,yahoo,GC=F
2026-10-07T10:32:00Z,4135.89990234375,4136.39990234375,4135.0,4136.39990234375,278.0,yahoo,GC=F
2026-10-07T10:33:00Z,4136.2001953125,4137.39990234375,4136.2001953125,4136.5,95.0,yahoo,GC=F
2026-10-07T10:34:00Z,4136.5,4137.10009765625,4135.2001953125,4137.0,184.0,yahoo,GC=F
2026-10-07T10:35:00Z,4137.2001953125,4138.7001953125,4137.10009765625,4138.39990234375,111.0,yahoo,GC=F
2026-10-07T10:36:00Z,4138.5,4138.60009765625,4137.0,4138.60009765625,125.0,yahoo,GC=F
2026-10-07T10:37:00Z,4138.5,4140.60009765625,4138.5,4140.5,222.0,yahoo,GC=F
2026-10-07T10:38:00Z,4140.7001953125,4141.39990234375,4140.60009765625,4141.2001953125,46.0,yahoo,GC=F
2026-10-07T10:39:00Z,4141.0,4142.2998046875,4140.89990234375,4142.10009765625,56.0,yahoo,GC=F
2026-10-07T10:40:00Z,4142.10009765625,4142.2001953125,4141.0,4141.7001953125,64.0,yahoo,GC=F
2026-10-07T10:41:00Z,4141.5,4141.5,4140.39990234375,4140.5,38.0,yahoo,GC=F
2026-10-07T10:42:00Z,4140.2998046875,4140.60009765625,4137.89990234375,4138.7001953125,182.0,yahoo,GC=F
2026-10-07T10:43:00Z,4138.89990234375,4140.2998046875,4138.2998046875,4139.7001953125,115.0,yahoo,GC=F
2026-10-07T10:44:00Z,4139.60009765625,4139.89990234375,4138.60009765625,4139.0,48.0,yahoo,GC=F
2026-10-07T10:45:00Z,4139.10009765625,4139.89990234375,4138.39990234375,4138.7998046875,90.0,yahoo,GC=F
2026-10-07T10:46:00Z,4138.7001953125,4138.7998046875,4136.89990234375,4138.5,162.0,yahoo,GC=F
2026-10-07T10:47:00Z,4138.5,4139.7998046875,4138.2998046875,4139.2001953125,71.0,yahoo,GC=F
2026-10-07T10:48:00Z,4139.2001953125,4140.39990234375,4139.10009765625,4140.2998046875,54.0,yahoo,GC=F
2026-10-07T10:49:00Z,4140.10009765625,4140.2998046875,4139.2998046875,4139.7998046875,46.0,yahoo,GC=F
2026-10-07T10:50:00Z,4139.89990234375,4142.0,4139.89990234375,4141.2001953125,66.0,yahoo,GC=F
2026-10-07T10:51:00Z,4141.2998046875,4143.5,4141.2998046875,4143.39990234375,148.0,yahoo,GC=F
2026-10-07T10:52:00Z,4143.2001953125,4143.5,4142.2001953125,4143.2998046875,103.0,yahoo,GC=F
2026-10-07T10:53:00Z,4143.39990234375,4143.5,4142.2998046875,4142.39990234375,68.0,yahoo,GC=F
2026-10-07T10:54:00Z,4142.5,4144.0,4142.5,4143.7998046875,96.0,yahoo,GC=F
2026-10-07T10:55:00Z,4143.7001953125,4144.39990234375,4143.5,4143.7998046875,101.0,yahoo,GC=F
2026-10-07T10:56:00Z,4143.60009765625,4144.0,4142.89990234375,4143.2998046875,97.0,yahoo,GC=F
2026-10-07T10:57:00Z,4143.5,4144.7998046875,4143.5,4143.7001953125,95.0,yahoo,GC=F
2026-10-07T10:58:00Z,4143.5,4144.2998046875,4142.60009765625,4143.5,94.0,yahoo,GC=F
2026-10-07T10:59:00Z,4143.60009765625,4143.60009765625,4142.7998046875,4142.89990234375,21.0,yahoo,GC=F
2026-10-07T11:00:00Z,4143.10009765625,4143.5,4142.2001953125,4143.5,124.0,yahoo,GC=F
2026-10-07T11:01:00Z,4143.2998046875,4144.2998046875,4143.10009765625,4144.10009765625,28.0,yahoo,GC=F
2026-10-07T11:02:00Z,4144.39990234375,4144.5,4143.2998046875,4143.5,43.0,yahoo,GC=F
2026-10-07T11:03:00Z,4143.5,4144.7998046875,4143.5,4144.10009765625,106.0,yahoo,GC=F
2026-10-07T11:04:00Z,4144.2001953125,4144.7001953125,4143.89990234375,4144.39990234375,68.0,yahoo,GC=F
2026-10-07T11:05:00Z,4144.7001953125,4145.7998046875,4144.0,4145.2998046875,208.0,yahoo,GC=F
2026-10-07T11:06:00Z,4145.2998046875,4145.89990234375,4144.89990234375,4145.2998046875,101.0,yahoo,GC=F
2026-10-07T11:07:00Z,4145.2001953125,4146.2998046875,4145.2001953125,4145.7001953125,86.0,yahoo,GC=F
2026-10-07T11:08:00Z,4145.5,4145.7001953125,4145.10009765625,4145.60009765625,42.0,yahoo,GC=F
2026-10-07T11:09:00Z,4145.2998046875,4145.89990234375,4145.2998046875,4145.7998046875,60.0,yahoo,GC=F
2026-10-07T11:10:00Z,4145.7998046875,4146.2998046875,4145.7001953125,4145.7001953125,48.0,yahoo,GC=F
2026-10-07T11:11:00Z,4145.7998046875,4147.39990234375,4145.7998046875,4147.39990234375,96.0,yahoo,GC=F
2026-10-07T11:12:00Z,4147.2998046875,4147.89990234375,4146.2998046875,4146.60009765625,185.0,yahoo,GC=F
2026-10-07T11:13:00Z,4146.5,4147.39990234375,4146.2001953125,4147.0,113.0,yahoo,GC=F
2026-10-07T11:14:00Z,4146.89990234375,4147.2001953125,4146.2001953125,4147.10009765625,112.0,yahoo,GC=F
2026-10-07T11:15:00Z,4147.39990234375,4147.39990234375,4145.7998046875,4146.2998046875,119.0,yahoo,GC=F
2026-10-07T11:16:00Z,4146.2998046875,4146.39990234375,4145.2001953125,4145.39990234375,53.0,yahoo,GC=F
2026-10-07T11:17:00Z,4145.2998046875,4146.0,4145.0,4145.60009765625,100.0,yahoo,GC=F
2026-10-07T11:18:00Z,4145.7998046875,4146.5,4145.7998046875,4146.39990234375,12.0,yahoo,GC=F
2026-10-07T11:19:00Z,4146.5,4147.2998046875,4145.60009765625,4146.10009765625,143.0,yahoo,GC=F
2026-10-07T11:20:00Z,4146.2001953125,4146.2998046875,4145.5,4145.60009765625,70.0,yahoo,GC=F
2026-10-07T11:21:00Z,4145.5,4146.0,4145.39990234375,4145.7001953125,54.0,yahoo,GC=F
2026-10-07T11:22:00Z,4146.0,4146.5,4145.7998046875,4145.7998046875,44.0,yahoo,GC=F
2026-10-07T11:23:00Z,4145.7001953125,4146.2001953125,4145.5,4146.0,20.0,yahoo,GC=F
2026-10-07T11:24:00Z,4145.60009765625,4145.7001953125,4145.0,4145.7001953125,33.0,yahoo,GC=F
2026-10-07T11:25:00Z,4145.7998046875,4146.0,4143.2998046875,4144.60009765625,81.0,yahoo,GC=F
2026-10-07T11:26:00Z,4144.2998046875,4145.10009765625,4144.10009765625,4145.0,40.0,yahoo,GC=F
2026-10-07T11:27:00Z,4145.2998046875,4145.39990234375,4144.60009765625,4144.7998046875,21.0,yahoo,GC=F
2026-10-07T11:28:00Z,4144.7001953125,4145.5,4144.60009765625,4145.5,19.0,yahoo,GC=F
2026-10-07T11:29:00Z,4145.5,4148.2998046875,4145.5,4145.7998046875,372.0,yahoo,GC=F
2026-10-07T11:30:00Z,4145.60009765625,4145.7001953125,4143.39990234375,4145.2998046875,309.0,yahoo,GC=F
2026-10-07T11:31:00Z,4145.7001953125,4146.2001953125,4143.89990234375,4144.39990234375,418.0,yahoo,GC=F
2026-10-07T11:32:00Z,4144.60009765625,4144.60009765625,4143.60009765625,4144.2998046875,56.0,yahoo,GC=F
2026-10-07T11:33:00Z,4144.10009765625,4144.7998046875,4143.7001953125,4144.7001953125,76.0,yahoo,GC=F
2026-10-07T11:34:00Z,4145.2998046875,4145.7998046875,4144.7001953125,4145.7001953125,58.0,yahoo,GC=F
2026-10-07T11:35:00Z,4145.60009765625,4147.39990234375,4145.60009765625,4146.7001953125,72.0,yahoo,GC=F
2026-10-07T11:36:00Z,4146.60009765625,4147.10009765625,4145.89990234375,4146.10009765625,125.0,yahoo,GC=F
2026-10-07T11:37:00Z,4146.10009765625,4146.5,4145.7998046875,4146.5,38.0,yahoo,GC=F
2026-10-07T11:38:00Z,4146.60009765625,4146.60009765625,4145.0,4145.10009765625,34.0,yahoo,GC=F
2026-10-07T11:39:00Z,4144.89990234375,4145.5,4143.89990234375,4143.89990234375,40.0,yahoo,GC=F
2026-10-07T11:40:00Z,4143.7998046875,4143.7998046875,4142.0,4142.39990234375,120.0,yahoo,GC=F
2026-10-07T11:41:00Z,4142.7001953125,4143.60009765625,4142.7001953125,4143.2998046875,60.0,yahoo,GC=F
2026-10-07T11:42:00Z,4143.2998046875,4143.60009765625,4142.60009765625,4142.7998046875,79.0,yahoo,GC=F
2026-10-07T11:43:00Z,4142.7998046875,4143.2998046875,4142.2998046875,4142.60009765625,82.0,yahoo,GC=F
2026-10-07T11:44:00Z,4142.60009765625,4144.10009765625,4142.60009765625,4143.2998046875,25.0,yahoo,GC=F
2026-10-07T11:45:00Z,4143.0,4143.2998046875,4142.5,4143.2998046875,21.0,yahoo,GC=F
2026-10-07T11:46:00Z,4143.0,4143.0,4141.7998046875,4142.60009765625,95.0,yahoo,GC=F
2026-10-07T11:47:00Z,4142.7998046875,4143.2998046875,4141.60009765625,4141.60009765625,31.0,yahoo,GC=F
2026-10-07T11:48:00Z,4141.7998046875,4143.5,4141.7998046875,4143.2998046875,48.0,yahoo,GC=F
2026-10-07T11:49:00Z,4143.39990234375,4143.89990234375,4142.89990234375,4143.60009765625,56.0,yahoo,GC=F
2026-10-07T11:50:00Z,4143.7001953125,4143.7001953125,4141.39990234375,4141.39990234375,62.0,yahoo,GC=F
2026-10-07T11:51:00Z,4141.5,4142.2001953125,4141.0,4141.7998046875,93.0,yahoo,GC=F
2026-10-07T11:52:00Z,4141.7998046875,4142.0,4140.89990234375,4140.89990234375,38.0,yahoo,GC=F
2026-10-07T11:53:00Z,4141.2998046875,4142.39990234375,4141.10009765625,4141.7998046875,35.0,yahoo,GC=F
2026-10-07T11:54:00Z,4142.2998046875,4144.2001953125,4141.7998046875,4144.10009765625,51.0,yahoo,GC=F
2026-10-07T11:55:00Z,4144.0,4145.60009765625,4143.2998046875,4145.2998046875,80.0,yahoo,GC=F
2026-10-07T11:56:00Z,4145.5,4146.2001953125,4144.7001953125,4146.2001953125,65.0,yahoo,GC=F
2026-10-07T11:57:00Z,4146.10009765625,4147.5,4145.39990234375,4146.89990234375,95.0,yahoo,GC=F
2026-10-07T11:58:00Z,4147.10009765625,4148.10009765625,4145.7001953125,4147.39990234375,191.0,yahoo,GC=F
2026-10-07T11:59:00Z,4147.5,4148.89990234375,4146.39990234375,4147.60009765625,219.0,yahoo,GC=F
2026-10-07T12:00:00Z,4147.39990234375,4149.7001953125,4146.89990234375,4149.2998046875,142.0,yahoo,GC=F
2026-10-07T12:01:00Z,4149.39990234375,4149.7001953125,4147.7001953125,4148.10009765625,258.0,yahoo,GC=F
2026-10-07T12:02:00Z,4148.2001953125,4149.0,4147.7001953125,4148.39990234375,73.0,yahoo,GC=F
2026-10-07T12:03:00Z,4148.2998046875,4150.10009765625,4148.2998046875,4149.2998046875,135.0,yahoo,GC=F
2026-10-07T12:04:00Z,4149.10009765625,4149.89990234375,4148.39990234375,4148.60009765625,81.0,yahoo,GC=F
2026-10-07T12:05:00Z,4148.2998046875,4149.39990234375,4148.2998046875,4149.2001953125,71.0,yahoo,GC=F
2026-10-07T12:06:00Z,4149.5,4150.39990234375,4149.10009765625,4149.7998046875,99.0,yahoo,GC=F
2026-10-07T12:07:00Z,4149.60009765625,4150.0,4149.39990234375,4149.7001953125,52.0,yahoo,GC=F
2026-10-07T12:08:00Z,4149.7998046875,4150.2001953125,4149.2998046875,4149.89990234375,53.0,yahoo,GC=F
2026-10-07T12:09:00Z,4150.10009765625,4150.2998046875,4148.2998046875,4148.7001953125,74.0,yahoo,GC=F
2026-10-07T12:10:00Z,4149.0,4149.0,4147.89990234375,4148.0,37.0,yahoo,GC=F
2026-10-07T12:11:00Z,4148.0,4148.10009765625,4145.89990234375,4146.10009765625,104.0,yahoo,GC=F
2026-10-07T12:12:00Z,4146.2001953125,4146.39990234375,4145.39990234375,4146.2001953125,95.0,yahoo,GC=F
2026-10-07T12:13:00Z,4146.0,4146.5,4145.89990234375,4146.2998046875,41.0,yahoo,GC=F
2026-10-07T12:14:00Z,4146.39990234375,4146.7001953125,4145.39990234375,4145.5,38.0,yahoo,GC=F
2026-10-07T12:15:00Z,4145.7001953125,4145.89990234375,4142.2998046875,4142.2998046875,94.0,yahoo,GC=F
2026-10-07T12:16:00Z,4142.10009765625,4144.2001953125,4141.60009765625,4144.2001953125,154.0,yahoo,GC=F
2026-10-07T12:17:00Z,4144.10009765625,4145.39990234375,4144.10009765625,4144.7998046875,83.0,yahoo,GC=F
2026-10-07T12:18:00Z,4144.89990234375,4145.10009765625,4143.5,4143.5,41.0,yahoo,GC=F
2026-10-07T12:19:00Z,4143.5,4144.2998046875,4142.7001953125,4144.10009765625,110.0,yahoo,GC=F
2026-10-07T12:20:00Z,4144.2001953125,4149.2998046875,4144.0,4147.0,526.0,yahoo,GC=F
2026-10-07T12:21:00Z,4146.7998046875,4146.89990234375,4142.89990234375,4143.0,122.0,yahoo,GC=F
2026-10-07T12:22:00Z,4142.89990234375,4144.0,4141.89990234375,4142.60009765625,195.0,yahoo,GC=F
2026-10-07T12:23:00Z,4142.5,4142.5,4138.5,4139.39990234375,516.0,yahoo,GC=F
2026-10-07T12:24:00Z,4139.2998046875,4140.5,4137.7998046875,4138.60009765625,398.0,yahoo,GC=F
2026-10-07T12:25:00Z,4138.5,4138.7001953125,4132.7001953125,4132.7001953125,1002.0,yahoo,GC=F
2026-10-07T12:26:00Z,4132.7998046875,4132.7998046875,4121.60009765625,4122.2001953125,2313.0,yahoo,GC=F
2026-10-07T12:27:00Z,4121.89990234375,4123.7001953125,4109.7001953125,4112.2001953125,2271.0,yahoo,GC=F
2026-10-07T12:28:00Z,4112.2998046875,4113.10009765625,4106.0,4106.0,1266.0,yahoo,GC=F
2026-10-07T12:29:00Z,4105.7998046875,4109.89990234375,4105.39990234375,4106.0,1266.0,yahoo,GC=F
2026-10-07T12:30:00Z,4106.0,4107.0,4098.5,4100.7998046875,2212.0,yahoo,GC=F
2026-10-07T12:31:00Z,4100.7998046875,4109.5,4100.7998046875,4109.2001953125,1321.0,yahoo,GC=F
2026-10-07T12:32:00Z,4109.2998046875,4114.2001953125,4107.2001953125,4113.0,975.0,yahoo,GC=F
2026-10-07T12:33:00Z,4112.89990234375,4112.89990234375,4107.7998046875,4108.10009765625,604.0,yahoo,GC=F
2026-10-07T12:34:00Z,4107.7998046875,4108.0,4104.2998046875,4105.89990234375,565.0,yahoo,GC=F
2026-10-07T12:35:00Z,4106.0,4110.2001953125,4105.2001953125,4109.0,583.0,yahoo,GC=F
2026-10-07T12:36:00Z,4109.2001953125,4111.39990234375,4108.2001953125,4109.2998046875,533.0,yahoo,GC=F
2026-10-07T12:37:00Z,4109.2998046875,4111.89990234375,4103.7998046875,4105.5,812.0,yahoo,GC=F
2026-10-07T12:38:00Z,4106.2001953125,4109.60009765625,4104.2001953125,4108.10009765625,527.0,yahoo,GC=F
2026-10-07T12:39:00Z,4108.60009765625,4112.39990234375,4102.60009765625,4102.7998046875,621.0,yahoo,GC=F
2026-10-07T12:40:00Z,4102.7998046875,4103.7001953125,4097.2001953125,4098.2001953125,1036.0,yahoo,GC=F
2026-10-07T12:41:00Z,4098.0,4103.10009765625,4097.39990234375,4102.2001953125,594.0,yahoo,GC=F
2026-10-07T12:42:00Z,4102.5,4104.39990234375,4099.5,4104.0,654.0,yahoo,GC=F
2026-10-07T12:43:00Z,4103.7001953125,4105.5,4101.0,4101.7001953125,477.0,yahoo,GC=F
2026-10-07T12:44:00Z,4101.10009765625,4101.2998046875,4096.7998046875,4096.89990234375,658.0,yahoo,GC=F
2026-10-07T12:45:00Z,4096.7001953125,4099.10009765625,4096.10009765625,4097.39990234375,550.0,yahoo,GC=F
2026-10-07T12:46:00Z,4097.2998046875,4097.2998046875,4093.699951171875,4093.800048828125,963.0,yahoo,GC=F
2026-10-07T12:47:00Z,4093.699951171875,4101.89990234375,4093.0,4101.60009765625,1451.0,yahoo,GC=F
2026-10-07T12:48:00Z,4101.60009765625,4102.89990234375,4099.0,4101.60009765625,838.0,yahoo,GC=F
2026-10-07T12:49:00Z,4101.2998046875,4102.60009765625,4098.2001953125,4099.2001953125,602.0,yahoo,GC=F
2026-10-07T12:50:00Z,4099.10009765625,4099.10009765625,4093.0,4093.199951171875,852.0,yahoo,GC=F
2026-10-07T12:51:00Z,4093.199951171875,4095.60009765625,4091.199951171875,4095.10009765625,714.0,yahoo,GC=F
2026-10-07T12:52:00Z,4095.10009765625,4105.10009765625,4095.10009765625,4104.7998046875,1074.0,yahoo,GC=F
2026-10-07T12:53:00Z,4105.2001953125,4107.7998046875,4104.7998046875,4107.5,684.0,yahoo,GC=F
2026-10-07T12:54:00Z,4107.60009765625,4109.60009765625,4106.10009765625,4106.10009765625,467.0,yahoo,GC=F
2026-10-07T12:55:00Z,4105.89990234375,4110.0,4104.89990234375,4109.7001953125,344.0,yahoo,GC=F
2026-10-07T12:56:00Z,4109.2998046875,4111.0,4107.2998046875,4110.60009765625,211.0,yahoo,GC=F
2026-10-07T12:57:00Z,4110.7998046875,4113.5,4110.7001953125,4113.2001953125,452.0,yahoo,GC=F
2026-10-07T12:58:00Z,4113.5,4114.39990234375,4110.2998046875,4111.5,361.0,yahoo,GC=F
2026-10-07T12:59:00Z,4111.2998046875,4113.0,4110.2001953125,4112.7998046875,351.0,yahoo,GC=F
2026-10-07T13:00:00Z,4112.60009765625,4117.10009765625,4112.0,4116.89990234375,516.0,yahoo,GC=F
2026-10-07T13:01:00Z,4116.89990234375,4121.10009765625,4114.10009765625,4116.7001953125,1274.0,yahoo,GC=F
2026-10-07T13:02:00Z,4116.2001953125,4116.2001953125,4112.10009765625,4114.5,569.0,yahoo,GC=F
2026-10-07T13:03:00Z,4114.7001953125,4116.60009765625,4114.2001953125,4114.60009765625,377.0,yahoo,GC=F
2026-10-07T13:04:00Z,4114.7998046875,4117.2001953125,4114.60009765625,4115.0,340.0,yahoo,GC=F
2026-10-07T13:05:00Z,4115.10009765625,4117.39990234375,4114.89990234375,4115.89990234375,245.0,yahoo,GC=F
2026-10-07T13:06:00Z,4116.10009765625,4116.5,4114.39990234375,4116.0,247.0,yahoo,GC=F
2026-10-07T13:07:00Z,4116.2001953125,4117.2001953125,4115.0,4115.7998046875,208.0,yahoo,GC=F
2026-10-07T13:08:00Z,4115.89990234375,4116.2001953125,4113.2001953125,4114.60009765625,253.0,yahoo,GC=F
2026-10-07T13:09:00Z,4114.7001953125,4115.2001953125,4112.39990234375,4114.10009765625,181.0,yahoo,GC=F
2026-10-07T13:10:00Z,4113.89990234375,4114.89990234375,4112.60009765625,4113.0,113.0,yahoo,GC=F
2026-10-07T13:11:00Z,4113.60009765625,4114.10009765625,4112.0,4113.5,140.0,yahoo,GC=F
2026-10-07T13:12:00Z,4113.39990234375,4116.60009765625,4113.2998046875,4114.5,214.0,yahoo,GC=F
2026-10-07T13:13:00Z,4114.7001953125,4118.60009765625,4114.60009765625,4118.10009765625,232.0,yahoo,GC=F
2026-10-07T13:14:00Z,4118.39990234375,4119.7998046875,4117.60009765625,4119.7001953125,167.0,yahoo,GC=F
2026-10-07T13:15:00Z,4119.89990234375,4120.2998046875,4118.0,4118.7998046875,409.0,yahoo,GC=F
2026-10-07T13:16:00Z,4118.60009765625,4120.89990234375,4118.60009765625,4119.7998046875,205.0,yahoo,GC=F
2026-10-07T13:17:00Z,4119.7001953125,4120.7001953125,4118.2001953125,4120.7001953125,161.0,yahoo,GC=F
2026-10-07T13:18:00Z,4120.60009765625,4121.39990234375,4119.7998046875,4121.10009765625,84.0,yahoo,GC=F
2026-10-07T13:19:00Z,4121.39990234375,4123.10009765625,4121.2998046875,4122.2998046875,203.0,yahoo,GC=F
2026-10-07T13:20:00Z,4122.2998046875,4122.89990234375,4120.89990234375,4122.7998046875,155.0,yahoo,GC=F
2026-10-07T13:21:00Z,4122.89990234375,4124.0,4121.89990234375,4121.89990234375,248.0,yahoo,GC=F
2026-10-07T13:22:00Z,4122.0,4122.7998046875,4121.39990234375,4121.5,111.0,yahoo,GC=F
2026-10-07T13:23:00Z,4121.2001953125,4122.2001953125,4119.89990234375,4122.10009765625,180.0,yahoo,GC=F
2026-10-07T13:24:00Z,4121.89990234375,4121.89990234375,4116.2001953125,4116.2998046875,440.0,yahoo,GC=F
2026-10-07T13:25:00Z,4116.39990234375,4117.2998046875,4115.2001953125,4115.2001953125,219.0,yahoo,GC=F
2026-10-07T13:26:00Z,4115.0,4115.7001953125,4113.5,4113.5,185.0,yahoo,GC=F
2026-10-07T13:27:00Z,4113.7998046875,4115.2998046875,4113.39990234375,4114.89990234375,140.0,yahoo,GC=F
2026-10-07T13:28:00Z,4114.7001953125,4116.39990234375,4114.10009765625,4116.2001953125,90.0,yahoo,GC=F
2026-10-07T13:29:00Z,4116.10009765625,4117.0,4115.7001953125,4115.89990234375,92.0,yahoo,GC=F
2026-10-07T13:30:00Z,4116.0,4118.5,4115.39990234375,4117.5,397.0,yahoo,GC=F
2026-10-07T13:31:00Z,4117.5,4120.10009765625,4117.39990234375,4117.7998046875,240.0,yahoo,GC=F
2026-10-07T13:32:00Z,4117.60009765625,4117.7001953125,4112.0,4112.2001953125,299.0,yahoo,GC=F
2026-10-07T13:33:00Z,4112.10009765625,4113.7001953125,4111.60009765625,4112.10009765625,273.0,yahoo,GC=F
2026-10-07T13:34:00Z,4111.7998046875,4113.0,4110.10009765625,4112.7001953125,482.0,yahoo,GC=F
2026-10-07T13:35:00Z,4112.7001953125,4114.5,4112.0,4112.2998046875,146.0,yahoo,GC=F
2026-10-07T13:36:00Z,4112.2001953125,4112.7001953125,4110.0,4112.39990234375,216.0,yahoo,GC=F
2026-10-07T13:37:00Z,4112.0,4112.39990234375,4110.2001953125,4110.7001953125,81.0,yahoo,GC=F
2026-10-07T13:38:00Z,4110.89990234375,4111.0,4108.0,4109.39990234375,522.0,yahoo,GC=F
2026-10-07T13:39:00Z,4109.5,4111.0,4108.60009765625,4108.89990234375,222.0,yahoo,GC=F
2026-10-07T13:40:00Z,4108.7998046875,4109.7001953125,4108.10009765625,4109.2998046875,144.0,yahoo,GC=F
2026-10-07T13:41:00Z,4109.60009765625,4110.7001953125,4108.2001953125,4110.39990234375,153.0,yahoo,GC=F
2026-10-07T13:42:00Z,4109.7998046875,4114.10009765625,4109.7998046875,4113.7001953125,276.0,yahoo,GC=F
2026-10-07T13:43:00Z,4113.7998046875,4114.39990234375,4112.60009765625,4113.7001953125,154.0,yahoo,GC=F
2026-10-07T13:44:00Z,4113.89990234375,4116.10009765625,4113.60009765625,4114.7001953125,234.0,yahoo,GC=F
2026-10-07T13:45:00Z,4114.89990234375,4120.2001953125,4114.89990234375,4120.0,387.0,yahoo,GC=F
2026-10-07T13:46:00Z,4119.89990234375,4122.5,4118.89990234375,4118.89990234375,393.0,yahoo,GC=F
2026-10-07T13:47:00Z,4118.60009765625,4118.7001953125,4115.89990234375,4116.89990234375,203.0,yahoo,GC=F
2026-10-07T13:48:00Z,4117.0,4118.60009765625,4116.39990234375,4116.7998046875,172.0,yahoo,GC=F
2026-10-07T13:49:00Z,4116.7998046875,4121.39990234375,4116.7001953125,4118.60009765625,142.0,yahoo,GC=F
2026-10-07T13:50:00Z,4118.89990234375,4124.5,4118.89990234375,4123.7001953125,243.0,yahoo,GC=F
2026-10-07T13:51:00Z,4123.60009765625,4125.0,4122.7001953125,4123.2998046875,231.0,yahoo,GC=F
2026-10-07T13:52:00Z,4123.2998046875,4124.7001953125,4121.2001953125,4123.7998046875,143.0,yahoo,GC=F
2026-10-07T13:53:00Z,4123.39990234375,4124.2998046875,4121.60009765625,4122.2001953125,278.0,yahoo,GC=F
2026-10-07T13:54:00Z,4122.39990234375,4122.7001953125,4121.2001953125,4122.7001953125,147.0,yahoo,GC=F
2026-10-07T13:55:00Z,4122.60009765625,4123.0,4120.7001953125,4122.0,135.0,yahoo,GC=F
2026-10-07T13:56:00Z,4122.2998046875,4122.2998046875,4118.60009765625,4119.2001953125,169.0,yahoo,GC=F
2026-10-07T13:57:00Z,4119.0,4119.2001953125,4116.39990234375,4118.10009765625,171.0,yahoo,GC=F
2026-10-07T13:58:00Z,4118.2998046875,4120.7001953125,4118.10009765625,4120.5,143.0,yahoo,GC=F
2026-10-07T13:59:00Z,4120.39990234375,4124.2001953125,4120.10009765625,4124.0,142.0,yahoo,GC=F
2026-10-07T14:00:00Z,4124.0,4125.7001953125,4123.2001953125,4125.0,388.0,yahoo,GC=F
2026-10-07T14:01:00Z,4124.89990234375,4127.39990234375,4124.60009765625,4125.2998046875,555.0,yahoo,GC=F
2026-10-07T14:02:00Z,4125.39990234375,4125.7998046875,4119.89990234375,4121.2001953125,553.0,yahoo,GC=F
2026-10-07T14:03:00Z,4121.39990234375,4121.7001953125,4120.0,4121.10009765625,216.0,yahoo,GC=F
2026-10-07T14:04:00Z,4121.0,4122.10009765625,4120.2001953125,4121.2998046875,140.0,yahoo,GC=F
2026-10-07T14:05:00Z,4121.2998046875,4122.2001953125,4119.5,4119.60009765625,95.0,yahoo,GC=F
2026-10-07T14:06:00Z,4120.2998046875,4121.89990234375,4119.0,4121.89990234375,142.0,yahoo,GC=F
2026-10-07T14:07:00Z,4122.2001953125,4123.2998046875,4120.7998046875,4120.7998046875,222.0,yahoo,GC=F
2026-10-07T14:08:00Z,4121.10009765625,4122.7001953125,4120.7001953125,4122.0,97.0,yahoo,GC=F
2026-10-07T14:09:00Z,4121.7998046875,4121.7998046875,4120.0,4121.60009765625,112.0,yahoo,GC=F
2026-10-07T14:10:00Z,4121.7998046875,4123.89990234375,4121.2001953125,4123.7001953125,135.0,yahoo,GC=F
2026-10-07T14:11:00Z,4123.7001953125,4125.5,4122.7998046875,4125.5,161.0,yahoo,GC=F
2026-10-07T14:12:00Z,4125.5,4126.0,4123.89990234375,4124.5,286.0,yahoo,GC=F
2026-10-07T14:13:00Z,4124.5,4124.5,4122.60009765625,4122.89990234375,135.0,yahoo,GC=F
2026-10-07T14:14:00Z,4122.7998046875,4124.2001953125,4122.7998046875,4123.7998046875,69.0,yahoo,GC=F
2026-10-07T14:15:00Z,4123.7998046875,4127.10009765625,4123.5,4124.7001953125,185.0,yahoo,GC=F
2026-10-07T14:16:00Z,4124.89990234375,4125.7998046875,4123.7001953125,4125.39990234375,209.0,yahoo,GC=F
2026-10-07T14:17:00Z,4125.39990234375,4126.2001953125,4124.10009765625,4126.2001953125,83.0,yahoo,GC=F
2026-10-07T14:18:00Z,4126.10009765625,4129.60009765625,4126.10009765625,4128.10009765625,261.0,yahoo,GC=F
2026-10-07T14:19:00Z,4128.2001953125,4128.89990234375,4122.7001953125,4123.0,345.0,yahoo,GC=F
2026-10-07T14:20:00Z,4123.0,4125.0,4121.2001953125,4123.7001953125,168.0,yahoo,GC=F
2026-10-07T14:21:00Z,4123.89990234375,4124.2998046875,4121.7998046875,4123.10009765625,98.0,yahoo,GC=F
2026-10-07T14:22:00Z,4123.2001953125,4125.2001953125,4122.7998046875,4123.7998046875,86.0,yahoo,GC=F
2026-10-07T14:23:00Z,4123.60009765625,4126.0,4123.39990234375,4124.0,128.0,yahoo,GC=F
2026-10-07T14:24:00Z,4124.0,4124.39990234375,4122.2998046875,4124.0,77.0,yahoo,GC=F
2026-10-07T14:25:00Z,4124.5,4126.10009765625,4123.89990234375,4125.10009765625,107.0,yahoo,GC=F
2026-10-07T14:26:00Z,4125.2998046875,4125.2998046875,4122.39990234375,4122.5,101.0,yahoo,GC=F
2026-10-07T14:27:00Z,4122.60009765625,4123.7001953125,4121.0,4123.7001953125,159.0,yahoo,GC=F
2026-10-07T14:28:00Z,4124.0,4125.5,4123.39990234375,4123.7001953125,135.0,yahoo,GC=F
2026-10-07T14:29:00Z,4123.60009765625,4125.2998046875,4123.39990234375,4125.2998046875,124.0,yahoo,GC=F
2026-10-07T14:30:00Z,4125.7998046875,4128.7001953125,4124.89990234375,4126.5,641.0,yahoo,GC=F
2026-10-07T14:31:00Z,4126.39990234375,4130.0,4126.2998046875,4129.60009765625,161.0,yahoo,GC=F
2026-10-07T14:32:00Z,4129.60009765625,4132.10009765625,4128.60009765625,4130.39990234375,391.0,yahoo,GC=F
2026-10-07T14:33:00Z,4130.39990234375,4131.89990234375,4128.10009765625,4129.2001953125,361.0,yahoo,GC=F
2026-10-07T14:34:00Z,4129.2001953125,4131.7998046875,4128.7998046875,4131.0,230.0,yahoo,GC=F
2026-10-07T14:35:00Z,4131.0,4132.60009765625,4127.7001953125,4132.2001953125,395.0,yahoo,GC=F
2026-10-07T14:36:00Z,4132.0,4132.60009765625,4129.5,4129.5,208.0,yahoo,GC=F
2026-10-07T14:37:00Z,4129.7001953125,4130.89990234375,4127.5,4128.2001953125,141.0,yahoo,GC=F
2026-10-07T14:38:00Z,4128.5,4131.2001953125,4128.39990234375,4130.7001953125,167.0,yahoo,GC=F
2026-10-07T14:39:00Z,4130.7998046875,4132.0,4129.7998046875,4131.89990234375,59.0,yahoo,GC=F
2026-10-07T14:40:00Z,4132.10009765625,4134.89990234375,4132.0,4134.60009765625,373.0,yahoo,GC=F
2026-10-07T14:41:00Z,4134.39990234375,4134.60009765625,4131.7001953125,4132.2001953125,206.0,yahoo,GC=F
2026-10-07T14:42:00Z,4132.5,4132.7001953125,4129.7001953125,4130.2998046875,184.0,yahoo,GC=F
2026-10-07T14:43:00Z,4130.2001953125,4130.7001953125,4128.7001953125,4130.2998046875,105.0,yahoo,GC=F
2026-10-07T14:44:00Z,4130.2001953125,4130.60009765625,4128.5,4128.7998046875,104.0,yahoo,GC=F
2026-10-07T14:45:00Z,4128.2998046875,4130.89990234375,4128.2001953125,4130.39990234375,98.0,yahoo,GC=F
2026-10-07T14:46:00Z,4130.39990234375,4131.7001953125,4130.2001953125,4131.2998046875,85.0,yahoo,GC=F
2026-10-07T14:47:00Z,4131.7001953125,4131.7998046875,4129.0,4130.2998046875,111.0,yahoo,GC=F
2026-10-07T14:48:00Z,4129.7001953125,4130.60009765625,4129.39990234375,4130.2001953125,61.0,yahoo,GC=F
2026-10-07T14:49:00Z,4129.7998046875,4129.7998046875,4128.39990234375,4128.89990234375,115.0,yahoo,GC=F
2026-10-07T14:50:00Z,4128.89990234375,4131.0,4128.5,4131.0,121.0,yahoo,GC=F
2026-10-07T14:51:00Z,4131.2998046875,4132.7998046875,4130.7998046875,4132.7998046875,114.0,yahoo,GC=F
2026-10-07T14:52:00Z,4133.10009765625,4133.60009765625,4132.0,4132.0,89.0,yahoo,GC=F
2026-10-07T14:53:00Z,4131.89990234375,4132.7998046875,4131.5,4131.60009765625,83.0,yahoo,GC=F
2026-10-07T14:54:00Z,4131.2001953125,4132.39990234375,4129.89990234375,4130.2001953125,179.0,yahoo,GC=F
2026-10-07T14:55:00Z,4130.2998046875,4132.7001953125,4129.7998046875,4132.60009765625,218.0,yahoo,GC=F
2026-10-07T14:56:00Z,4133.0,4134.60009765625,4132.7998046875,4133.7998046875,198.0,yahoo,GC=F
2026-10-07T14:57:00Z,4133.7998046875,4133.89990234375,4130.39990234375,4130.89990234375,196.0,yahoo,GC=F
2026-10-07T14:58:00Z,4131.2001953125,4131.2998046875,4129.7001953125,4130.7998046875,96.0,yahoo,GC=F
2026-10-07T14:59:00Z,4130.7998046875,4130.7998046875,4128.10009765625,4130.10009765625,255.0,yahoo,GC=F
2026-10-07T15:00:00Z,4130.39990234375,4130.5,4126.89990234375,4127.0,230.0,yahoo,GC=F
2026-10-07T15:01:00Z,4127.2001953125,4130.10009765625,4126.5,4129.60009765625,148.0,yahoo,GC=F
2026-10-07T15:02:00Z,4129.7001953125,4131.0,4128.7998046875,4128.7998046875,106.0,yahoo,GC=F
2026-10-07T15:03:00Z,4128.60009765625,4128.60009765625,4124.7998046875,4126.2998046875,130.0,yahoo,GC=F
2026-10-07T15:04:00Z,4126.10009765625,4127.10009765625,4125.89990234375,4126.2001953125,44.0,yahoo,GC=F
2026-10-07T15:05:00Z,4126.2998046875,4128.5,4126.2998046875,4128.39990234375,103.0,yahoo,GC=F
2026-10-07T15:06:00Z,4128.10009765625,4130.0,4127.5,4129.10009765625,140.0,yahoo,GC=F
2026-10-07T15:07:00Z,4129.2998046875,4129.39990234375,4127.7001953125,4128.10009765625,83.0,yahoo,GC=F
2026-10-07T15:08:00Z,4128.39990234375,4130.89990234375,4127.5,4130.39990234375,114.0,yahoo,GC=F
2026-10-07T15:09:00Z,4130.7998046875,4131.2998046875,4129.2001953125,4130.0,66.0,yahoo,GC=F
2026-10-07T15:10:00Z,4129.89990234375,4130.5,4127.7001953125,4128.10009765625,103.0,yahoo,GC=F
2026-10-07T15:11:00Z,4128.2001953125,4128.5,4127.10009765625,4127.39990234375,96.0,yahoo,GC=F
2026-10-07T15:12:00Z,4127.2998046875,4127.7001953125,4125.2998046875,4125.39990234375,79.0,yahoo,GC=F
2026-10-07T15:13:00Z,4125.39990234375,4133.7001953125,4125.2998046875,4133.10009765625,959.0,yahoo,GC=F
2026-10-07T15:14:00Z,4133.0,4133.60009765625,4129.60009765625,4129.60009765625,184.0,yahoo,GC=F
2026-10-07T15:15:00Z,4129.39990234375,4132.7001953125,4129.10009765625,4130.89990234375,86.0,yahoo,GC=F
2026-10-07T15:16:00Z,4130.10009765625,4130.39990234375,4127.7001953125,4129.10009765625,123.0,yahoo,GC=F
2026-10-07T15:17:00Z,4128.89990234375,4129.10009765625,4127.5,4128.0,143.0,yahoo,GC=F
2026-10-07T15:18:00Z,4127.60009765625,4127.7998046875,4125.0,4126.7001953125,150.0,yahoo,GC=F
2026-10-07T15:19:00Z,4126.7998046875,4129.39990234375,4126.7001953125,4128.2001953125,82.0,yahoo,GC=F
2026-10-07T15:20:00Z,4128.10009765625,4129.2001953125,4128.10009765625,4128.2998046875,66.0,yahoo,GC=F
2026-10-07T15:21:00Z,4128.2001953125,4128.5,4124.89990234375,4125.5,269.0,yahoo,GC=F
2026-10-07T15:22:00Z,4125.60009765625,4126.7998046875,4124.5,4126.5,300.0,yahoo,GC=F
2026-10-07T15:23:00Z,4126.60009765625,4126.60009765625,4125.7001953125,4125.7001953125,63.0,yahoo,GC=F
2026-10-07T15:24:00Z,4125.7998046875,4127.5,4125.7001953125,4127.0,87.0,yahoo,GC=F
2026-10-07T15:25:00Z,4126.89990234375,4126.89990234375,4125.5,4126.2998046875,82.0,yahoo,GC=F
2026-10-07T15:26:00Z,4126.60009765625,4126.60009765625,4124.89990234375,4126.0,191.0,yahoo,GC=F
2026-10-07T15:27:00Z,4126.0,4126.89990234375,4125.89990234375,4126.2001953125,91.0,yahoo,GC=F
2026-10-07T15:28:00Z,4126.0,4127.2998046875,4125.7001953125,4127.2001953125,40.0,yahoo,GC=F
2026-10-07T15:29:00Z,4127.2998046875,4129.2001953125,4126.39990234375,4128.60009765625,121.0,yahoo,GC=F
2026-10-07T15:30:00Z,4128.7001953125,4132.2001953125,4128.0,4131.7998046875,213.0,yahoo,GC=F
2026-10-07T15:31:00Z,4132.10009765625,4136.0,4131.7998046875,4135.2998046875,758.0,yahoo,GC=F
2026-10-07T15:32:00Z,4135.2998046875,4136.89990234375,4132.10009765625,4132.10009765625,290.0,yahoo,GC=F
2026-10-07T15:33:00Z,4132.0,4133.60009765625,4131.2998046875,4132.5,219.0,yahoo,GC=F
2026-10-07T15:34:00Z,4132.2998046875,4133.7001953125,4131.0,4133.7001953125,88.0,yahoo,GC=F
2026-10-07T15:35:00Z,4133.7998046875,4136.2001953125,4133.7998046875,4135.7998046875,160.0,yahoo,GC=F
2026-10-07T15:36:00Z,4135.7001953125,4137.2998046875,4134.60009765625,4137.2998046875,115.0,yahoo,GC=F
2026-10-07T15:37:00Z,4137.5,4139.10009765625,4137.0,4137.0,335.0,yahoo,GC=F
2026-10-07T15:38:00Z,4137.2001953125,4137.2001953125,4135.10009765625,4136.2001953125,169.0,yahoo,GC=F
2026-10-07T15:39:00Z,4136.2001953125,4136.2001953125,4134.7001953125,4134.7001953125,43.0,yahoo,GC=F
2026-10-07T15:40:00Z,4134.39990234375,4134.7998046875,4133.2001953125,4134.60009765625,127.0,yahoo,GC=F
2026-10-07T15:41:00Z,4134.7998046875,4135.39990234375,4133.2001953125,4134.39990234375,97.0,yahoo,GC=F
2026-10-07T15:42:00Z,4134.7001953125,4134.7998046875,4133.2998046875,4133.89990234375,65.0,yahoo,GC=F
2026-10-07T15:43:00Z,4134.0,4134.7998046875,4133.5,4133.89990234375,94.0,yahoo,GC=F
2026-10-07T15:44:00Z,4133.7998046875,4135.0,4133.2001953125,4134.5,110.0,yahoo,GC=F
2026-10-07T15:45:00Z,4134.7001953125,4135.60009765625,4134.60009765625,4134.7001953125,92.0,yahoo,GC=F
2026-10-07T15:46:00Z,4134.89990234375,4135.2998046875,4133.89990234375,4134.7001953125,96.0,yahoo,GC=F
2026-10-07T15:47:00Z,4135.0,4135.0,4132.7001953125,4133.2998046875,81.0,yahoo,GC=F
2026-10-07T15:48:00Z,4133.2001953125,4133.5,4131.89990234375,4132.7998046875,115.0,yahoo,GC=F
2026-10-07T15:49:00Z,4132.7998046875,4133.10009765625,4131.10009765625,4131.39990234375,90.0,yahoo,GC=F
2026-10-07T15:50:00Z,4131.2001953125,4131.89990234375,4131.10009765625,4131.39990234375,89.0,yahoo,GC=F
2026-10-07T15:51:00Z,4131.39990234375,4131.7998046875,4129.2998046875,4129.60009765625,89.0,yahoo,GC=F
2026-10-07T15:52:00Z,4129.60009765625,4129.7998046875,4127.89990234375,4129.2001953125,214.0,yahoo,GC=F
2026-10-07T15:53:00Z,4129.2998046875,4130.0,4128.7001953125,4129.7001953125,80.0,yahoo,GC=F
2026-10-07T15:54:00Z,4129.5,4131.0,4129.0,4131.0,89.0,yahoo,GC=F
2026-10-07T15:55:00Z,4131.10009765625,4131.89990234375,4130.60009765625,4131.39990234375,64.0,yahoo,GC=F
2026-10-07T15:56:00Z,4131.5,4132.89990234375,4131.2001953125,4131.7998046875,198.0,yahoo,GC=F
2026-10-07T15:57:00Z,4131.7998046875,4132.60009765625,4131.7001953125,4132.2001953125,104.0,yahoo,GC=F
2026-10-07T15:58:00Z,4132.2001953125,4132.2998046875,4131.10009765625,4132.2998046875,93.0,yahoo,GC=F
2026-10-07T15:59:00Z,4132.39990234375,4132.39990234375,4130.7998046875,4131.2998046875,71.0,yahoo,GC=F
2026-10-07T16:00:00Z,4131.10009765625,4133.0,4131.0,4132.60009765625,239.0,yahoo,GC=F
2026-10-07T16:01:00Z,4132.5,4134.10009765625,4128.2998046875,4128.7998046875,971.0,yahoo,GC=F
2026-10-07T16:02:00Z,4129.10009765625,4133.2001953125,4127.5,4132.39990234375,454.0,yahoo,GC=F
2026-10-07T16:03:00Z,4132.5,4133.7001953125,4132.10009765625,4133.0,104.0,yahoo,GC=F
2026-10-07T16:04:00Z,4133.2001953125,4135.60009765625,4132.5,4135.39990234375,247.0,yahoo,GC=F
2026-10-07T16:05:00Z,4135.2001953125,4136.10009765625,4134.89990234375,4135.7001953125,159.0,yahoo,GC=F
2026-10-07T16:06:00Z,4135.7998046875,4140.89990234375,4135.7998046875,4139.2998046875,564.0,yahoo,GC=F
2026-10-07T16:07:00Z,4139.39990234375,4140.5,4137.60009765625,4137.7001953125,166.0,yahoo,GC=F
2026-10-07T16:08:00Z,4137.89990234375,4138.10009765625,4136.89990234375,4138.10009765625,135.0,yahoo,GC=F
2026-10-07T16:09:00Z,4137.7001953125,4138.7998046875,4137.2998046875,4137.7998046875,109.0,yahoo,GC=F
2026-10-07T16:10:00Z,4137.7998046875,4139.10009765625,4136.7001953125,4137.5,216.0,yahoo,GC=F
2026-10-07T16:11:00Z,4137.39990234375,4137.39990234375,4136.2998046875,4137.10009765625,72.0,yahoo,GC=F
2026-10-07T16:12:00Z,4137.2998046875,4138.0,4136.5,4137.89990234375,111.0,yahoo,GC=F
2026-10-07T16:13:00Z,4137.7998046875,4138.2998046875,4137.39990234375,4137.60009765625,48.0,yahoo,GC=F
2026-10-07T16:14:00Z,4137.7001953125,4137.7001953125,4135.60009765625,4136.2001953125,65.0,yahoo,GC=F
2026-10-07T16:15:00Z,4136.39990234375,4137.2998046875,4136.0,4136.7001953125,56.0,yahoo,GC=F
2026-10-07T16:16:00Z,4136.60009765625,4137.5,4136.39990234375,4136.7001953125,84.0,yahoo,GC=F
2026-10-07T16:17:00Z,4136.7001953125,4137.7998046875,4135.7998046875,4137.2998046875,108.0,yahoo,GC=F
2026-10-07T16:18:00Z,4137.2998046875,4138.10009765625,4136.7998046875,4138.0,38.0,yahoo,GC=F
2026-10-07T16:19:00Z,4138.10009765625,4138.60009765625,4137.7001953125,4138.39990234375,67.0,yahoo,GC=F
2026-10-07T16:20:00Z,4138.39990234375,4139.0,4138.2001953125,4138.7001953125,44.0,yahoo,GC=F
2026-10-07T16:21:00Z,4138.5,4138.7998046875,4137.7998046875,4138.5,76.0,yahoo,GC=F
2026-10-07T16:22:00Z,4138.7001953125,4140.10009765625,4138.5,4139.2001953125,153.0,yahoo,GC=F
2026-10-07T16:23:00Z,4139.60009765625,4140.2998046875,4139.2001953125,4140.0,97.0,yahoo,GC=F
2026-10-07T16:24:00Z,4140.2001953125,4140.2998046875,4138.7998046875,4139.2998046875,50.0,yahoo,GC=F
2026-10-07T16:25:00Z,4139.10009765625,4140.10009765625,4139.10009765625,4139.60009765625,52.0,yahoo,GC=F
2026-10-07T16:26:00Z,4139.7001953125,4139.89990234375,4137.89990234375,4139.39990234375,250.0,yahoo,GC=F
2026-10-07T16:27:00Z,4139.60009765625,4139.7998046875,4138.7998046875,4139.5,121.0,yahoo,GC=F
2026-10-07T16:28:00Z,4139.60009765625,4140.39990234375,4139.2998046875,4139.39990234375,99.0,yahoo,GC=F
2026-10-07T16:29:00Z,4139.39990234375,4140.2001953125,4138.89990234375,4140.0,95.0,yahoo,GC=F
2026-10-07T16:30:00Z,4139.89990234375,4140.89990234375,4139.10009765625,4139.60009765625,167.0,yahoo,GC=F
2026-10-07T16:31:00Z,4139.7998046875,4139.7998046875,4139.0,4139.10009765625,50.0,yahoo,GC=F
2026-10-07T16:32:00Z,4138.89990234375,4139.60009765625,4138.39990234375,4139.10009765625,108.0,yahoo,GC=F
2026-10-07T16:33:00Z,4139.10009765625,4139.5,4138.39990234375,4138.5,48.0,yahoo,GC=F
2026-10-07T16:34:00Z,4138.5,4138.5,4136.89990234375,4137.0,81.0,yahoo,GC=F
2026-10-07T16:35:00Z,4136.7998046875,4137.0,4135.60009765625,4135.7001953125,113.0,yahoo,GC=F
2026-10-07T16:36:00Z,4135.89990234375,4136.89990234375,4135.2998046875,4136.89990234375,60.0,yahoo,GC=F
2026-10-07T16:37:00Z,4136.7998046875,4137.5,4136.2001953125,4136.2998046875,53.0,yahoo,GC=F
2026-10-07T16:38:00Z,4136.39990234375,4138.39990234375,4135.89990234375,4136.7001953125,147.0,yahoo,GC=F
2026-10-07T16:39:00Z,4136.7001953125,4137.2001953125,4134.7998046875,4135.39990234375,332.0,yahoo,GC=F
2026-10-07T16:40:00Z,4135.2001953125,4135.39990234375,4133.2998046875,4133.7001953125,298.0,yahoo,GC=F
2026-10-07T16:41:00Z,4133.5,4134.2998046875,4132.89990234375,4134.2998046875,122.0,yahoo,GC=F
2026-10-07T16:42:00Z,4134.2001953125,4135.0,4133.7001953125,4134.89990234375,42.0,yahoo,GC=F
2026-10-07T16:43:00Z,4134.89990234375,4135.0,4133.10009765625,4133.2998046875,99.0,yahoo,GC=F
2026-10-07T16:44:00Z,4133.2001953125,4134.5,4133.0,4134.10009765625,126.0,yahoo,GC=F
2026-10-07T16:45:00Z,4134.10009765625,4135.60009765625,4134.10009765625,4135.5,70.0,yahoo,GC=F
2026-10-07T16:46:00Z,4135.60009765625,4137.7001953125,4135.0,4135.10009765625,274.0,yahoo,GC=F
2026-10-07T16:47:00Z,4135.39990234375,4135.7998046875,4134.7998046875,4135.2001953125,75.0,yahoo,GC=F
2026-10-07T16:48:00Z,4135.10009765625,4135.10009765625,4134.10009765625,4134.39990234375,34.0,yahoo,GC=F
2026-10-07T16:49:00Z,4134.39990234375,4134.60009765625,4133.0,4133.2998046875,365.0,yahoo,GC=F
2026-10-07T16:50:00Z,4133.10009765625,4134.2001953125,4132.89990234375,4134.10009765625,40.0,yahoo,GC=F
2026-10-07T16:51:00Z,4134.2001953125,4134.7998046875,4134.0,4134.2001953125,37.0,yahoo,GC=F
2026-10-07T16:52:00Z,4134.2998046875,4135.7998046875,4134.2998046875,4135.39990234375,69.0,yahoo,GC=F
2026-10-07T16:53:00Z,4135.39990234375,4135.39990234375,4134.2001953125,4134.39990234375,124.0,yahoo,GC=F
2026-10-07T16:54:00Z,4134.2998046875,4135.39990234375,4134.2998046875,4135.0,30.0,yahoo,GC=F
2026-10-07T16:55:00Z,4135.0,4135.7998046875,4134.60009765625,4135.2998046875,286.0,yahoo,GC=F
2026-10-07T16:56:00Z,4135.2998046875,4135.89990234375,4135.10009765625,4135.7998046875,36.0,yahoo,GC=F
2026-10-07T16:57:00Z,4135.7998046875,4136.7998046875,4135.2001953125,4135.60009765625,60.0,yahoo,GC=F
2026-10-07T16:58:00Z,4135.7001953125,4135.7001953125,4134.60009765625,4135.10009765625,49.0,yahoo,GC=F
2026-10-07T16:59:00Z,4134.7001953125,4135.39990234375,4134.60009765625,4135.10009765625,45.0,yahoo,GC=F
2026-10-07T17:00:00Z,4135.0,4135.60009765625,4134.5,4135.0,111.0,yahoo,GC=F
2026-10-07T17:01:00Z,4134.7998046875,4135.2998046875,4133.89990234375,4134.2001953125,69.0,yahoo,GC=F
2026-10-07T17:02:00Z,4134.2001953125,4140.5,4134.2001953125,4139.7998046875,1148.0,yahoo,GC=F
2026-10-07T17:03:00Z,4139.60009765625,4141.2998046875,4137.0,4137.0,277.0,yahoo,GC=F
2026-10-07T17:04:00Z,4136.89990234375,4139.2001953125,4136.89990234375,4138.60009765625,126.0,yahoo,GC=F
2026-10-07T17:05:00Z,4138.2998046875,4139.0,4137.7001953125,4138.39990234375,105.0,yahoo,GC=F
2026-10-07T17:06:00Z,4138.10009765625,4141.39990234375,4137.2998046875,4140.39990234375,201.0,yahoo,GC=F
2026-10-07T17:07:00Z,4140.10009765625,4143.5,4139.5,4143.2001953125,202.0,yahoo,GC=F
2026-10-07T17:08:00Z,4143.2998046875,4144.60009765625,4142.5,4143.7001953125,382.0,yahoo,GC=F
2026-10-07T17:09:00Z,4143.39990234375,4145.60009765625,4142.5,4145.39990234375,261.0,yahoo,GC=F
2026-10-07T17:10:00Z,4145.7001953125,4148.7001953125,4144.7998046875,4148.5,458.0,yahoo,GC=F
2026-10-07T17:11:00Z,4148.7001953125,4153.2001953125,4147.7998046875,4148.60009765625,1207.0,yahoo,GC=F
2026-10-07T17:12:00Z,4148.7001953125,4149.2998046875,4146.7998046875,4148.7001953125,259.0,yahoo,GC=F
2026-10-07T17:13:00Z,4148.5,4148.60009765625,4145.7001953125,4145.7001953125,125.0,yahoo,GC=F
2026-10-07T17:14:00Z,4145.89990234375,4146.7998046875,4144.5,4146.10009765625,304.0,yahoo,GC=F
2026-10-07T17:15:00Z,4146.2001953125,4147.0,4144.10009765625,4146.60009765625,323.0,yahoo,GC=F
2026-10-07T17:16:00Z,4146.89990234375,4147.7998046875,4146.2001953125,4146.7001953125,190.0,yahoo,GC=F
2026-10-07T17:17:00Z,4146.39990234375,4146.5,4144.89990234375,4145.5,124.0,yahoo,GC=F
2026-10-07T17:18:00Z,4145.60009765625,4147.5,4145.39990234375,4147.0,138.0,yahoo,GC=F
2026-10-07T17:19:00Z,4147.10009765625,4147.2998046875,4146.2001953125,4146.60009765625,105.0,yahoo,GC=F
2026-10-07T17:20:00Z,4146.7001953125,4149.39990234375,4146.2001953125,4147.2001953125,356.0,yahoo,GC=F
2026-10-07T17:21:00Z,4147.0,4147.60009765625,4145.7001953125,4146.7998046875,112.0,yahoo,GC=F
2026-10-07T17:22:00Z,4146.7998046875,4146.89990234375,4146.39990234375,4146.7001953125,88.0,yahoo,GC=F
2026-10-07T17:23:00Z,4146.7998046875,4147.2998046875,4145.10009765625,4146.2001953125,228.0,yahoo,GC=F
2026-10-07T17:24:00Z,4146.0,4146.2001953125,4144.5,4145.0,335.0,yahoo,GC=F
2026-10-07T17:25:00Z,4144.89990234375,4145.60009765625,4143.0,4143.2001953125,265.0,yahoo,GC=F
2026-10-07T17:26:00Z,4143.39990234375,4143.7998046875,4142.10009765625,4142.60009765625,412.0,yahoo,GC=F
2026-10-07T17:27:00Z,4142.5,4143.0,4140.89990234375,4141.39990234375,228.0,yahoo,GC=F
2026-10-07T17:28:00Z,4141.2998046875,4142.89990234375,4140.0,4142.60009765625,418.0,yahoo,GC=F
2026-10-07T17:29:00Z,4142.5,4142.60009765625,4139.89990234375,4140.2001953125,1442.0,yahoo,GC=F
2026-10-07T17:30:00Z,4140.2998046875,4142.7001953125,4139.10009765625,4142.60009765625,308.0,yahoo,GC=F
2026-10-07T17:31:00Z,4142.5,4143.10009765625,4141.2998046875,4141.39990234375,388.0,yahoo,GC=F
2026-10-07T17:32:00Z,4141.2001953125,4141.5,4139.2001953125,4140.0,106.0,yahoo,GC=F
2026-10-07T17:33:00Z,4140.0,4141.2001953125,4140.0,4140.5,124.0,yahoo,GC=F
2026-10-07T17:34:00Z,4140.2001953125,4141.0,4139.60009765625,4140.7001953125,168.0,yahoo,GC=F
2026-10-07T17:35:00Z,4140.60009765625,4141.7001953125,4140.2001953125,4141.10009765625,41.0,yahoo,GC=F
2026-10-07T17:36:00Z,4141.2998046875,4141.2998046875,4139.7998046875,4141.0,145.0,yahoo,GC=F
2026-10-07T17:37:00Z,4140.89990234375,4141.0,4139.10009765625,4140.0,124.0,yahoo,GC=F
2026-10-07T17:38:00Z,4139.89990234375,4140.0,4138.5,4139.0,225.0,yahoo,GC=F
2026-10-07T17:39:00Z,4139.0,4139.39990234375,4138.5,4138.7001953125,32.0,yahoo,GC=F
2026-10-07T17:40:00Z,4138.2998046875,4138.7001953125,4136.7001953125,4138.5,184.0,yahoo,GC=F
2026-10-07T17:41:00Z,4138.60009765625,4138.60009765625,4137.5,4137.7001953125,95.0,yahoo,GC=F
2026-10-07T17:42:00Z,4137.60009765625,4139.0,4137.5,4137.7001953125,29.0,yahoo,GC=F
2026-10-07T17:43:00Z,4137.7998046875,4138.10009765625,4137.10009765625,4137.89990234375,46.0,yahoo,GC=F
2026-10-07T17:44:00Z,4137.7001953125,4137.7001953125,4137.2998046875,4137.2998046875,10.0,yahoo,GC=F
2026-10-07T17:45:00Z,4137.39990234375,4138.39990234375,4137.39990234375,4137.89990234375,66.0,yahoo,GC=F
2026-10-07T17:46:00Z,4137.89990234375,4140.39990234375,4137.89990234375,4139.89990234375,179.0,yahoo,GC=F
2026-10-07T17:47:00Z,4139.7001953125,4141.7001953125,4139.5,4140.0,111.0,yahoo,GC=F
2026-10-07T17:48:00Z,4140.0,4140.39990234375,4138.2998046875,4138.60009765625,72.0,yahoo,GC=F
2026-10-07T17:49:00Z,4138.2001953125,4138.89990234375,4138.2001953125,4138.2998046875,23.0,yahoo,GC=F
2026-10-07T17:50:00Z,4138.2001953125,4138.7001953125,4137.2998046875,4137.7001953125,40.0,yahoo,GC=F
2026-10-07T17:51:00Z,4137.60009765625,4138.0,4137.2998046875,4138.0,14.0,yahoo,GC=F
2026-10-07T17:52:00Z,4137.7001953125,4137.7001953125,4136.39990234375,4136.39990234375,70.0,yahoo,GC=F
2026-10-07T17:53:00Z,4136.5,4136.7001953125,4135.10009765625,4136.10009765625,119.0,yahoo,GC=F
2026-10-07T17:54:00Z,4136.60009765625,4136.89990234375,4135.7998046875,4135.89990234375,33.0,yahoo,GC=F
2026-10-07T17:55:00Z,4135.89990234375,4136.2001953125,4135.39990234375,4135.39990234375,29.0,yahoo,GC=F
2026-10-07T17:56:00Z,4135.5,4135.7998046875,4134.2001953125,4135.2998046875,66.0,yahoo,GC=F
2026-10-07T17:57:00Z,4135.2001953125,4136.0,4135.10009765625,4135.7998046875,60.0,yahoo,GC=F
2026-10-07T17:58:00Z,4135.7001953125,4136.2001953125,4135.7001953125,4136.10009765625,32.0,yahoo,GC=F
2026-10-07T17:59:00Z,4136.5,4136.89990234375,4136.2998046875,4136.39990234375,64.0,yahoo,GC=F
2026-10-07T18:00:00Z,4136.5,4136.89990234375,4135.39990234375,4136.60009765625,234.0,yahoo,GC=F
2026-10-07T18:01:00Z,4136.10009765625,4136.2001953125,4135.2001953125,4136.10009765625,53.0,yahoo,GC=F
2026-10-07T18:02:00Z,4135.89990234375,4137.60009765625,4135.89990234375,4137.10009765625,70.0,yahoo,GC=F
2026-10-07T18:03:00Z,4136.89990234375,4137.7998046875,4136.5,4137.0,72.0,yahoo,GC=F
2026-10-07T18:04:00Z,4137.10009765625,4141.39990234375,4137.0,4141.2001953125,155.0,yahoo,GC=F
2026-10-07T18:05:00Z,4141.2998046875,4146.0,4141.2998046875,4143.7998046875,335.0,yahoo,GC=F
2026-10-07T18:06:00Z,4144.0,4144.60009765625,4142.7998046875,4143.10009765625,117.0,yahoo,GC=F
2026-10-07T18:07:00Z,4142.7998046875,4142.7998046875,4141.39990234375,4142.39990234375,49.0,yahoo,GC=F
2026-10-07T18:08:00Z,4142.39990234375,4142.39990234375,4140.7998046875,4141.2998046875,54.0,yahoo,GC=F
2026-10-07T18:09:00Z,4141.10009765625,4141.2998046875,4139.7001953125,4141.10009765625,75.0,yahoo,GC=F
2026-10-07T18:10:00Z,4140.89990234375,4140.89990234375,4139.5,4140.10009765625,65.0,yahoo,GC=F
2026-10-07T18:11:00Z,4140.2001953125,4140.5,4139.2001953125,4140.2001953125,51.0,yahoo,GC=F
2026-10-07T18:12:00Z,4140.10009765625,4140.5,4139.5,4140.5,16.0,yahoo,GC=F
2026-10-07T18:13:00Z,4140.5,4140.7998046875,4139.5,4139.5,14.0,yahoo,GC=F
2026-10-07T18:14:00Z,4139.7001953125,4140.0,4139.10009765625,4139.10009765625,54.0,yahoo,GC=F
2026-10-07T18:15:00Z,4139.5,4139.7001953125,4138.2998046875,4138.89990234375,100.0,yahoo,GC=F
2026-10-07T18:16:00Z,4138.7001953125,4139.0,4138.5,4138.7001953125,12.0,yahoo,GC=F
2026-10-07T18:17:00Z,4138.39990234375,4139.39990234375,4138.2001953125,4138.89990234375,31.0,yahoo,GC=F
2026-10-07T18:18:00Z,4138.60009765625,4139.0,4137.89990234375,4137.89990234375,78.0,yahoo,GC=F
2026-10-07T18:19:00Z,4137.89990234375,4139.7998046875,4137.89990234375,4139.2998046875,30.0,yahoo,GC=F
2026-10-07T18:20:00Z,4139.0,4139.2001953125,4138.5,4138.5,23.0,yahoo,GC=F
2026-10-07T18:21:00Z,4138.39990234375,4138.39990234375,4138.0,4138.2998046875,11.0,yahoo,GC=F
2026-10-07T18:22:00Z,4138.39990234375,4138.89990234375,4137.2001953125,4137.5,59.0,yahoo,GC=F
2026-10-07T18:23:00Z,4137.60009765625,4137.7001953125,4137.0,4137.0,31.0,yahoo,GC=F
2026-10-07T18:24:00Z,4137.10009765625,4137.7998046875,4136.2001953125,4137.2001953125,36.0,yahoo,GC=F
2026-10-07T18:25:00Z,4137.2998046875,4137.5,4136.10009765625,4136.2998046875,38.0,yahoo,GC=F
2026-10-07T18:26:00Z,4136.2998046875,4137.5,4136.2998046875,4137.39990234375,28.0,yahoo,GC=F
2026-10-07T18:27:00Z,4137.7998046875,4138.39990234375,4136.60009765625,4137.60009765625,95.0,yahoo,GC=F
2026-10-07T18:28:00Z,4137.89990234375,4139.0,4137.89990234375,4138.0,40.0,yahoo,GC=F
2026-10-07T18:29:00Z,4137.89990234375,4138.10009765625,4137.0,4138.0,33.0,yahoo,GC=F
2026-10-07T18:30:00Z,4138.10009765625,4138.2001953125,4136.5,4136.7998046875,32.0,yahoo,GC=F
2026-10-07T18:31:00Z,4136.7001953125,4137.10009765625,4136.10009765625,4136.7001953125,34.0,yahoo,GC=F
2026-10-07T18:32:00Z,4136.7001953125,4137.2998046875,4136.60009765625,4137.0,22.0,yahoo,GC=F
2026-10-07T18:33:00Z,4137.2001953125,4137.39990234375,4136.89990234375,4137.10009765625,22.0,yahoo,GC=F
2026-10-07T18:34:00Z,4137.10009765625,4137.10009765625,4136.2998046875,4136.7998046875,25.0,yahoo,GC=F
2026-10-07T18:35:00Z,4136.89990234375,4138.7001953125,4135.7998046875,4137.7998046875,192.0,yahoo,GC=F
2026-10-07T18:36:00Z,4137.60009765625,4137.89990234375,4136.5,4137.2998046875,34.0,yahoo,GC=F
2026-10-07T18:37:00Z,4137.10009765625,4137.7998046875,4137.10009765625,4137.10009765625,11.0,yahoo,GC=F
2026-10-07T18:38:00Z,4136.7001953125,4136.7001953125,4132.7998046875,4133.7998046875,184.0,yahoo,GC=F
2026-10-07T18:39:00Z,4134.2001953125,4135.10009765625,4134.2001953125,4134.7998046875,43.0,yahoo,GC=F
2026-10-07T18:40:00Z,4135.0,4136.7998046875,4135.0,4136.39990234375,42.0,yahoo,GC=F
2026-10-07T18:41:00Z,4136.7001953125,4137.0,4135.89990234375,4136.10009765625,52.0,yahoo,GC=F
2026-10-07T18:42:00Z,4136.0,4137.0,4135.7998046875,4137.0,36.0,yahoo,GC=F
2026-10-07T18:43:00Z,4136.89990234375,4138.89990234375,4136.5,4136.60009765625,257.0,yahoo,GC=F
2026-10-07T18:44:00Z,4136.7001953125,4137.2998046875,4136.10009765625,4136.2998046875,22.0,yahoo,GC=F
2026-10-07T18:45:00Z,4136.10009765625,4136.2001953125,4135.60009765625,4135.7001953125,24.0,yahoo,GC=F
2026-10-07T18:46:00Z,4135.39990234375,4136.7001953125,4135.0,4135.60009765625,119.0,yahoo,GC=F
2026-10-07T18:47:00Z,4135.60009765625,4136.2001953125,4135.39990234375,4135.89990234375,24.0,yahoo,GC=F
2026-10-07T18:48:00Z,4136.0,4137.5,4136.0,4137.10009765625,333.0,yahoo,GC=F
2026-10-07T18:49:00Z,4137.39990234375,4138.2001953125,4137.2998046875,4138.0,29.0,yahoo,GC=F
2026-10-07T18:50:00Z,4138.2001953125,4139.60009765625,4137.7001953125,4138.39990234375,113.0,yahoo,GC=F
2026-10-07T18:51:00Z,4138.10009765625,4138.2998046875,4137.7998046875,4138.2998046875,16.0,yahoo,GC=F
2026-10-07T18:52:00Z,4138.2998046875,4138.89990234375,4138.0,4138.89990234375,21.0,yahoo,GC=F
2026-10-07T18:53:00Z,4138.7998046875,4138.7998046875,4137.39990234375,4137.7998046875,33.0,yahoo,GC=F
2026-10-07T18:54:00Z,4137.7001953125,4137.7998046875,4136.89990234375,4136.89990234375,17.0,yahoo,GC=F
2026-10-07T18:55:00Z,4137.5,4137.7001953125,4137.10009765625,4137.2998046875,17.0,yahoo,GC=F
2026-10-07T18:56:00Z,4137.2001953125,4137.7001953125,4137.10009765625,4137.7001953125,15.0,yahoo,GC=F
2026-10-07T18:57:00Z,4137.2998046875,4137.5,4136.2001953125,4136.2001953125,18.0,yahoo,GC=F
2026-10-07T18:58:00Z,4136.2998046875,4136.2998046875,4135.7001953125,4135.7001953125,15.0,yahoo,GC=F
2026-10-07T18:59:00Z,4135.7001953125,4136.0,4135.2998046875,4135.5,10.0,yahoo,GC=F
2026-10-07T19:00:00Z,4135.60009765625,4136.5,4134.89990234375,4136.39990234375,43.0,yahoo,GC=F
2026-10-07T19:01:00Z,4136.2998046875,4136.7998046875,4136.0,4136.7998046875,18.0,yahoo,GC=F
2026-10-07T19:02:00Z,4137.0,4137.0,4133.7998046875,4134.89990234375,163.0,yahoo,GC=F
2026-10-07T19:03:00Z,4134.7998046875,4135.2001953125,4132.10009765625,4132.2998046875,181.0,yahoo,GC=F
2026-10-07T19:04:00Z,4132.2998046875,4133.89990234375,4132.0,4133.89990234375,176.0,yahoo,GC=F
2026-10-07T19:05:00Z,4133.7001953125,4135.10009765625,4133.2998046875,4134.5,46.0,yahoo,GC=F
2026-10-07T19:06:00Z,4134.60009765625,4134.7001953125,4130.10009765625,4131.2998046875,299.0,yahoo,GC=F
2026-10-07T19:07:00Z,4131.7001953125,4132.2998046875,4130.7001953125,4131.2998046875,81.0,yahoo,GC=F
2026-10-07T19:08:00Z,4131.0,4132.10009765625,4129.10009765625,4131.89990234375,136.0,yahoo,GC=F
2026-10-07T19:09:00Z,4132.2001953125,4133.2001953125,4131.10009765625,4131.2001953125,53.0,yahoo,GC=F
2026-10-07T19:10:00Z,4131.60009765625,4132.7001953125,4131.39990234375,4132.10009765625,67.0,yahoo,GC=F
2026-10-07T19:11:00Z,4132.10009765625,4133.10009765625,4132.10009765625,4132.7001953125,28.0,yahoo,GC=F
2026-10-07T19:12:00Z,4132.60009765625,4134.2001953125,4132.60009765625,4133.7001953125,52.0,yahoo,GC=F
2026-10-07T19:13:00Z,4133.5,4134.39990234375,4133.5,4133.89990234375,26.0,yahoo,GC=F
2026-10-07T19:14:00Z,4134.0,4134.60009765625,4133.10009765625,4133.39990234375,25.0,yahoo,GC=F
2026-10-07T19:15:00Z,4133.5,4133.7998046875,4132.10009765625,4133.7998046875,34.0,yahoo,GC=F
2026-10-07T19:16:00Z,4133.5,4135.5,4133.5,4135.0,40.0,yahoo,GC=F
2026-10-07T19:17:00Z,4135.2001953125,4135.2998046875,4134.2001953125,4134.2998046875,20.0,yahoo,GC=F
2026-10-07T19:18:00Z,4134.7998046875,4135.0,4134.2001953125,4134.89990234375,28.0,yahoo,GC=F
2026-10-07T19:19:00Z,4135.0,4135.2998046875,4134.5,4135.2998046875,21.0,yahoo,GC=F
2026-10-07T19:20:00Z,4135.5,4136.2001953125,4134.2998046875,4134.60009765625,55.0,yahoo,GC=F
2026-10-07T19:21:00Z,4134.60009765625,4135.2998046875,4134.5,4135.2998046875,34.0,yahoo,GC=F
2026-10-07T19:22:00Z,4135.0,4135.0,4134.0,4134.60009765625,21.0,yahoo,GC=F
2026-10-07T19:23:00Z,4134.39990234375,4135.10009765625,4134.39990234375,4135.10009765625,6.0,yahoo,GC=F
2026-10-07T19:24:00Z,4135.5,4135.5,4134.7001953125,4134.7001953125,6.0,yahoo,GC=F
2026-10-07T19:25:00Z,4134.2001953125,4134.5,4133.2998046875,4133.5,42.0,yahoo,GC=F
2026-10-07T19:26:00Z,4133.60009765625,4133.7001953125,4132.60009765625,4133.5,58.0,yahoo,GC=F
2026-10-07T19:27:00Z,4133.2998046875,4133.39990234375,4133.2001953125,4133.2998046875,14.0,yahoo,GC=F
2026-10-07T19:28:00Z,4133.39990234375,4133.60009765625,4132.7998046875,4132.89990234375,17.0,yahoo,GC=F
2026-10-07T19:29:00Z,4133.0,4133.0,4132.5,4132.7998046875,65.0,yahoo,GC=F
2026-10-07T19:30:00Z,4132.60009765625,4133.7001953125,4132.5,4133.39990234375,47.0,yahoo,GC=F
2026-10-07T19:31:00Z,4133.39990234375,4133.5,4131.7001953125,4132.39990234375,40.0,yahoo,GC=F
2026-10-07T19:32:00Z,4132.89990234375,4133.39990234375,4132.39990234375,4132.60009765625,25.0,yahoo,GC=F
2026-10-07T19:33:00Z,4132.5,4132.7001953125,4131.60009765625,4132.2998046875,30.0,yahoo,GC=F
2026-10-07T19:34:00Z,4132.5,4132.7998046875,4131.89990234375,4132.7998046875,36.0,yahoo,GC=F
2026-10-07T19:35:00Z,4132.39990234375,4132.5,4131.7001953125,4131.89990234375,23.0,yahoo,GC=F
2026-10-07T19:36:00Z,4131.7998046875,4132.39990234375,4131.39990234375,4131.89990234375,28.0,yahoo,GC=F
2026-10-07T19:37:00Z,4131.7998046875,4132.39990234375,4131.2998046875,4131.7001953125,48.0,yahoo,GC=F
2026-10-07T19:38:00Z,4132.2001953125,4133.2998046875,4131.7001953125,4132.5,106.0,yahoo,GC=F
2026-10-07T19:39:00Z,4132.60009765625,4132.60009765625,4132.0,4132.10009765625,24.0,yahoo,GC=F
2026-10-07T19:40:00Z,4132.10009765625,4133.5,4131.39990234375,4131.60009765625,74.0,yahoo,GC=F
2026-10-07T19:41:00Z,4131.39990234375,4131.7001953125,4131.0,4131.10009765625,40.0,yahoo,GC=F
2026-10-07T19:42:00Z,4131.39990234375,4132.2001953125,4131.2001953125,4132.10009765625,29.0,yahoo,GC=F
2026-10-07T19:43:00Z,4132.0,4132.0,4131.2998046875,4131.60009765625,48.0,yahoo,GC=F
2026-10-07T19:44:00Z,4131.2998046875,4131.60009765625,4130.2998046875,4130.60009765625,80.0,yahoo,GC=F
2026-10-07T19:45:00Z,4130.7001953125,4130.7001953125,4129.39990234375,4130.10009765625,51.0,yahoo,GC=F
2026-10-07T19:46:00Z,4129.89990234375,4130.5,4129.39990234375,4129.60009765625,75.0,yahoo,GC=F
2026-10-07T19:47:00Z,4129.60009765625,4130.2998046875,4128.7001953125,4129.5,156.0,yahoo,GC=F
2026-10-07T19:48:00Z,4129.5,4129.5,4127.5,4129.0,123.0,yahoo,GC=F
2026-10-07T19:49:00Z,4129.0,4129.7998046875,4129.0,4129.5,26.0,yahoo,GC=F
2026-10-07T19:50:00Z,4129.39990234375,4130.0,4128.5,4129.0,52.0,yahoo,GC=F
2026-10-07T19:51:00Z,4128.7998046875,4129.60009765625,4128.2998046875,4128.2998046875,42.0,yahoo,GC=F
2026-10-07T19:52:00Z,4128.5,4128.89990234375,4127.89990234375,4128.2001953125,70.0,yahoo,GC=F
2026-10-07T19:53:00Z,4128.2998046875,4128.7998046875,4127.0,4128.7998046875,112.0,yahoo,GC=F
2026-10-07T19:54:00Z,4129.0,4129.2998046875,4127.60009765625,4127.7998046875,99.0,yahoo,GC=F
2026-10-07T19:55:00Z,4127.7998046875,4128.7001953125,4127.7998046875,4128.0,121.0,yahoo,GC=F
2026-10-07T19:56:00Z,4128.10009765625,4129.2001953125,4128.10009765625,4128.89990234375,79.0,yahoo,GC=F
2026-10-07T19:57:00Z,4128.7001953125,4128.7001953125,4127.2998046875,4127.2998046875,74.0,yahoo,GC=F
2026-10-07T19:58:00Z,4127.2998046875,4128.0,4126.89990234375,4127.5,174.0,yahoo,GC=F
2026-10-07T19:59:00Z,4127.2998046875,4128.2001953125,4127.2001953125,4127.60009765625,256.0,yahoo,GC=F
2026-10-07T20:00:00Z,4127.7001953125,4131.10009765625,4127.2998046875,4130.39990234375,170.0,yahoo,GC=F
2026-10-07T20:01:00Z,4130.39990234375,4131.2001953125,4129.39990234375,4130.10009765625,75.0,yahoo,GC=F
2026-10-07T20:02:00Z,4130.0,4130.10009765625,4129.0,4129.7001953125,32.0,yahoo,GC=F
2026-10-07T20:03:00Z,4130.0,4130.10009765625,4129.0,4129.7001953125,129.0,yahoo,GC=F
2026-10-07T20:04:00Z,4129.7001953125,4130.2001953125,4129.60009765625,4129.89990234375,28.0,yahoo,GC=F
2026-10-07T20:05:00Z,4129.89990234375,4131.0,4129.60009765625,4130.5,58.0,yahoo,GC=F
2026-10-07T20:06:00Z,4130.60009765625,4131.0,4130.10009765625,4130.89990234375,55.0,yahoo,GC=F
2026-10-07T20:07:00Z,4130.7998046875,4131.60009765625,4130.60009765625,4131.39990234375,44.0,yahoo,GC=F
2026-10-07T20:08:00Z,4131.39990234375,4131.60009765625,4131.10009765625,4131.2998046875,25.0,yahoo,GC=F
2026-10-07T20:09:00Z,4131.39990234375,4131.39990234375,4130.7001953125,4131.0,61.0,yahoo,GC=F
2026-10-07T20:10:00Z,4131.0,4131.2001953125,4130.60009765625,4131.0,23.0,yahoo,GC=F
2026-10-07T20:11:00Z,4130.7001953125,4132.2998046875,4130.7001953125,4132.0,53.0,yahoo,GC=F
2026-10-07T20:12:00Z,4131.89990234375,4132.60009765625,4131.2998046875,4132.60009765625,35.0,yahoo,GC=F
2026-10-07T20:13:00Z,4132.5,4133.39990234375,4132.2998046875,4133.0,62.0,yahoo,GC=F
2026-10-07T20:14:00Z,4132.89990234375,4133.0,4132.60009765625,4132.7998046875,29.0,yahoo,GC=F
2026-10-07T20:15:00Z,4132.89990234375,4134.10009765625,4132.5,4133.89990234375,158.0,yahoo,GC=F
2026-10-07T20:16:00Z,4133.89990234375,4134.2001953125,4133.39990234375,4133.89990234375,36.0,yahoo,GC=F
2026-10-07T20:17:00Z,4134.0,4134.39990234375,4133.7998046875,4134.10009765625,26.0,yahoo,GC=F
2026-10-07T20:18:00Z,4134.2998046875,4134.39990234375,4133.7998046875,4134.0,34.0,yahoo,GC=F
2026-10-07T20:19:00Z,4134.0,4134.60009765625,4134.0,4134.2001953125,80.0,yahoo,GC=F
2026-10-07T20:20:00Z,4134.2998046875,4134.89990234375,4134.2001953125,4134.89990234375,45.0,yahoo,GC=F
2026-10-07T20:21:00Z,4134.7001953125,4135.39990234375,4134.5,4135.39990234375,26.0,yahoo,GC=F
2026-10-07T20:22:00Z,4135.5,4136.7998046875,4135.5,4136.7001953125,73.0,yahoo,GC=F
2026-10-07T20:23:00Z,4136.60009765625,4137.0,4136.2001953125,4136.2001953125,21.0,yahoo,GC=F
2026-10-07T20:24:00Z,4136.10009765625,4136.39990234375,4136.0,4136.10009765625,10.0,yahoo,GC=F
2026-10-07T20:25:00Z,4136.5,4137.7001953125,4136.5,4137.7001953125,15.0,yahoo,GC=F
2026-10-07T20:26:00Z,4137.7001953125,4138.7001953125,4137.5,4138.2998046875,63.0,yahoo,GC=F
2026-10-07T20:27:00Z,4138.2998046875,4138.60009765625,4137.89990234375,4138.60009765625,23.0,yahoo,GC=F
2026-10-07T20:28:00Z,4138.60009765625,4138.7001953125,4137.7998046875,4138.2998046875,45.0,yahoo,GC=F
2026-10-07T20:29:00Z,4138.5,4139.7998046875,4138.2998046875,4138.89990234375,65.0,yahoo,GC=F
2026-10-07T20:30:00Z,4139.0,4139.7001953125,4138.7001953125,4139.7001953125,26.0,yahoo,GC=F
2026-10-07T20:31:00Z,4140.0,4140.0,4138.2998046875,4138.39990234375,50.0,yahoo,GC=F
2026-10-07T20:32:00Z,4138.2998046875,4138.2998046875,4137.7998046875,4137.7998046875,16.0,yahoo,GC=F
2026-10-07T20:33:00Z,4137.7001953125,4137.7001953125,4136.7001953125,4136.7001953125,49.0,yahoo,GC=F
2026-10-07T20:34:00Z,4136.7998046875,4137.0,4136.0,4136.0,11.0,yahoo,GC=F
2026-10-07T20:35:00Z,4136.2001953125,4136.2001953125,4135.60009765625,4136.0,16.0,yahoo,GC=F
2026-10-07T20:36:00Z,4136.0,4136.60009765625,4135.89990234375,4136.60009765625,22.0,yahoo,GC=F
2026-10-07T20:37:00Z,4136.5,4137.2998046875,4136.5,4136.60009765625,43.0,yahoo,GC=F
2026-10-07T20:38:00Z,4136.60009765625,4136.7001953125,4136.10009765625,4136.10009765625,6.0,yahoo,GC=F
2026-10-07T20:39:00Z,4135.7998046875,4136.0,4135.0,4136.0,38.0,yahoo,GC=F
2026-10-07T20:40:00Z,4135.7998046875,4136.10009765625,4135.7998046875,4136.0,25.0,yahoo,GC=F
2026-10-07T20:41:00Z,4136.10009765625,4136.2001953125,4134.60009765625,4134.60009765625,40.0,yahoo,GC=F
2026-10-07T20:42:00Z,4134.60009765625,4134.7998046875,4134.0,4134.7998046875,32.0,yahoo,GC=F
2026-10-07T20:43:00Z,4135.10009765625,4135.39990234375,4135.10009765625,4135.2998046875,11.0,yahoo,GC=F
2026-10-07T20:44:00Z,4135.2998046875,4135.39990234375,4134.7998046875,4135.2001953125,11.0,yahoo,GC=F
2026-10-07T20:45:00Z,4135.39990234375,4135.7001953125,4134.89990234375,4134.89990234375,14.0,yahoo,GC=F
2026-10-07T20:46:00Z,4134.89990234375,4135.2001953125,4134.7998046875,4135.2001953125,7.0,yahoo,GC=F
2026-10-07T20:47:00Z,4135.39990234375,4135.39990234375,4134.7998046875,4135.0,7.0,yahoo,GC=F
2026-10-07T20:48:00Z,4135.39990234375,4135.7998046875,4135.39990234375,4135.39990234375,12.0,yahoo,GC=F
2026-10-07T20:49:00Z,4135.2998046875,4135.7001953125,4135.2998046875,4135.7001953125,6.0,yahoo,GC=F
2026-10-07T20:50:00Z,4136.0,4137.2998046875,4134.5,4134.5,128.0,yahoo,GC=F
2026-10-07T20:51:00Z,4134.2001953125,4134.2998046875,4133.5,4133.5,48.0,yahoo,GC=F
2026-10-07T20:52:00Z,4133.5,4133.7001953125,4132.7001953125,4132.7998046875,49.0,yahoo,GC=F
2026-10-07T20:53:00Z,4132.89990234375,4133.2998046875,4132.2001953125,4133.10009765625,36.0,yahoo,GC=F
2026-10-07T20:54:00Z,4133.2001953125,4133.60009765625,4132.89990234375,4133.2998046875,73.0,yahoo,GC=F
2026-10-07T20:55:00Z,4133.2998046875,4135.7001953125,4133.2998046875,4135.7001953125,79.0,yahoo,GC=F
2026-10-07T20:56:00Z,4135.5,4136.2998046875,4135.5,4136.2998046875,26.0,yahoo,GC=F
2026-10-07T20:57:00Z,4136.2001953125,4136.7001953125,4135.60009765625,4135.60009765625,85.0,yahoo,GC=F
2026-10-07T20:58:00Z,4136.0,4137.0,4136.0,4136.7001953125,60.0,yahoo,GC=F
2026-10-07T20:59:00Z,4137.2001953125,4137.39990234375,4136.5,4136.7001953125,0.0,yahoo,GC=F
2026-10-07T22:00:00Z,4139.89990234375,4140.7998046875,4138.7998046875,4139.2001953125,60.0,yahoo,GC=F
2026-10-07T22:01:00Z,4139.2998046875,4139.39990234375,4138.0,4138.7998046875,110.0,yahoo,GC=F
2026-10-07T22:02:00Z,4138.7001953125,4139.0,4138.2998046875,4138.7998046875,28.0,yahoo,GC=F
2026-10-07T22:03:00Z,4138.60009765625,4138.7998046875,4138.2001953125,4138.5,15.0,yahoo,GC=F
2026-10-07T22:04:00Z,4138.39990234375,4138.60009765625,4137.2001953125,4137.2001953125,97.0,yahoo,GC=F
2026-10-07T22:05:00Z,4137.10009765625,4137.39990234375,4136.2001953125,4136.2998046875,89.0,yahoo,GC=F
2026-10-07T22:06:00Z,4136.60009765625,4136.7001953125,4135.10009765625,4135.10009765625,50.0,yahoo,GC=F
2026-10-07T22:07:00Z,4135.2998046875,4135.7998046875,4134.0,4134.39990234375,62.0,yahoo,GC=F
2026-10-07T22:08:00Z,4134.5,4134.5,4133.7001953125,4134.2998046875,65.0,yahoo,GC=F
2026-10-07T22:09:00Z,4134.2998046875,4135.0,4134.2001953125,4134.39990234375,20.0,yahoo,GC=F
2026-10-07T22:10:00Z,4134.5,4135.39990234375,4134.5,4135.0,39.0,yahoo,GC=F
2026-10-07T22:11:00Z,4134.7998046875,4135.7001953125,4133.89990234375,4135.39990234375,46.0,yahoo,GC=F
2026-10-07T22:12:00Z,4135.2998046875,4135.2998046875,4134.10009765625,4134.5,37.0,yahoo,GC=F
2026-10-07T22:13:00Z,4134.7001953125,4134.7001953125,4133.60009765625,4133.60009765625,50.0,yahoo,GC=F
2026-10-07T22:14:00Z,4132.89990234375,4134.0,4132.5,4132.7001953125,64.0,yahoo,GC=F
2026-10-07T22:15:00Z,4132.89990234375,4133.7001953125,4132.5,4133.0,44.0,yahoo,GC=F
2026-10-07T22:16:00Z,4132.7998046875,4133.2001953125,4132.60009765625,4132.60009765625,40.0,yahoo,GC=F
2026-10-07T22:17:00Z,4132.7998046875,4133.2998046875,4132.5,4132.89990234375,43.0,yahoo,GC=F
2026-10-07T22:18:00Z,4133.10009765625,4133.2998046875,4132.7998046875,4132.7998046875,17.0,yahoo,GC=F
2026-10-07T22:19:00Z,4133.2001953125,4133.2001953125,4132.5,4132.5,16.0,yahoo,GC=F
2026-10-07T22:20:00Z,4132.2998046875,4132.39990234375,4131.0,4131.10009765625,70.0,yahoo,GC=F
2026-10-07T22:21:00Z,4131.39990234375,4131.39990234375,4130.7001953125,4131.2001953125,23.0,yahoo,GC=F
2026-10-07T22:22:00Z,4130.7998046875,4131.39990234375,4130.5,4131.39990234375,23.0,yahoo,GC=F
2026-10-07T22:23:00Z,4131.39990234375,4131.5,4130.7001953125,4131.10009765625,36.0,yahoo,GC=F
2026-10-07T22:24:00Z,4131.0,4131.0,4130.10009765625,4130.39990234375,23.0,yahoo,GC=F
2026-10-07T22:25:00Z,4130.2998046875,4130.39990234375,4129.60009765625,4130.0,36.0,yahoo,GC=F
2026-10-07T22:26:00Z,4130.0,4130.0,4129.5,4129.5,25.0,yahoo,GC=F
2026-10-07T22:27:00Z,4129.7001953125,4129.7998046875,4129.39990234375,4129.60009765625,40.0,yahoo,GC=F
2026-10-07T22:28:00Z,4129.60009765625,4130.0,4128.10009765625,4129.2998046875,95.0,yahoo,GC=F
2026-10-07T22:29:00Z,4129.5,4130.60009765625,4129.2998046875,4130.39990234375,33.0,yahoo,GC=F
2026-10-07T22:30:00Z,4130.7001953125,4131.2998046875,4130.2998046875,4131.10009765625,41.0,yahoo,GC=F
2026-10-07T22:31:00Z,4131.0,4131.60009765625,4130.7001953125,4131.0,34.0,yahoo,GC=F
2026-10-07T22:32:00Z,4131.10009765625,4131.10009765625,4130.5,4130.89990234375,23.0,yahoo,GC=F
2026-10-07T22:33:00Z,4130.7998046875,4131.10009765625,4130.0,4130.39990234375,34.0,yahoo,GC=F
2026-10-07T22:34:00Z,4130.0,4130.10009765625,4129.2998046875,4129.7001953125,29.0,yahoo,GC=F
2026-10-07T22:35:00Z,4129.89990234375,4130.10009765625,4128.2001953125,4128.89990234375,82.0,yahoo,GC=F
2026-10-07T22:36:00Z,4129.10009765625,4129.10009765625,4128.5,4129.0,12.0,yahoo,GC=F
2026-10-07T22:37:00Z,4129.10009765625,4129.2998046875,4128.7001953125,4128.7001953125,14.0,yahoo,GC=F
2026-10-07T22:38:00Z,4128.7998046875,4129.39990234375,4128.7998046875,4129.10009765625,7.0,yahoo,GC=F
2026-10-07T22:39:00Z,4129.0,4129.2998046875,4129.0,4129.2998046875,6.0,yahoo,GC=F
2026-10-07T22:40:00Z,4128.89990234375,4129.5,4128.89990234375,4129.5,9.0,yahoo,GC=F
2026-10-07T22:41:00Z,4129.60009765625,4129.60009765625,4129.2001953125,4129.2998046875,10.0,yahoo,GC=F
2026-10-07T22:42:00Z,4129.60009765625,4129.60009765625,4129.10009765625,4129.2001953125,8.0,yahoo,GC=F
2026-10-07T22:43:00Z,4129.60009765625,4130.0,4129.5,4129.5,11.0,yahoo,GC=F
2026-10-07T22:44:00Z,4129.7998046875,4129.89990234375,4129.7998046875,4129.7998046875,3.0,yahoo,GC=F
2026-10-07T22:45:00Z,4130.0,4130.0,4129.7001953125,4129.7998046875,10.0,yahoo,GC=F
2026-10-07T22:46:00Z,4130.0,4130.2001953125,4129.7001953125,4130.2001953125,7.0,yahoo,GC=F
2026-10-07T22:47:00Z,4130.2001953125,4130.2001953125,4130.0,4130.10009765625,4.0,yahoo,GC=F
2026-10-07T22:48:00Z,4130.2001953125,4130.7998046875,4130.2001953125,4130.60009765625,21.0,yahoo,GC=F
2026-10-07T22:49:00Z,4130.2998046875,4130.5,4130.2998046875,4130.39990234375,4.0,yahoo,GC=F
2026-10-07T22:50:00Z,4130.5,4131.5,4130.39990234375,4131.39990234375,20.0,yahoo,GC=F
2026-10-07T22:51:00Z,4131.10009765625,4131.5,4131.0,4131.5,16.0,yahoo,GC=F
2026-10-07T22:52:00Z,4131.2001953125,4131.60009765625,4131.0,4131.60009765625,15.0,yahoo,GC=F
2026-10-07T22:53:00Z,4131.39990234375,4131.7001953125,4131.10009765625,4131.39990234375,48.0,yahoo,GC=F
2026-10-07T22:54:00Z,4131.0,4131.2998046875,4131.0,4131.10009765625,16.0,yahoo,GC=F
2026-10-07T22:55:00Z,4130.89990234375,4130.89990234375,4130.2001953125,4130.39990234375,16.0,yahoo,GC=F
2026-10-07T22:56:00Z,4130.2998046875,4130.2998046875,4129.89990234375,4129.89990234375,11.0,yahoo,GC=F
2026-10-07T22:57:00Z,4129.89990234375,4130.89990234375,4129.89990234375,4130.89990234375,24.0,yahoo,GC=F
2026-10-07T22:58:00Z,4130.5,4130.89990234375,4130.0,4130.2998046875,32.0,yahoo,GC=F
2026-10-07T22:59:00Z,4130.7001953125,4131.5,4130.7001953125,4131.39990234375,18.0,yahoo,GC=F
2026-10-07T23:00:00Z,4131.2001953125,4132.5,4131.0,4131.89990234375,50.0,yahoo,GC=F
2026-10-07T23:01:00Z,4132.0,4132.5,4131.7998046875,4132.0,18.0,yahoo,GC=F
2026-10-07T23:02:00Z,4132.10009765625,4132.39990234375,4132.10009765625,4132.2001953125,10.0,yahoo,GC=F
2026-10-07T23:03:00Z,4132.2001953125,4133.10009765625,4132.10009765625,4133.10009765625,56.0,yahoo,GC=F
2026-10-07T23:04:00Z,4133.2001953125,4134.7998046875,4133.2001953125,4134.7001953125,37.0,yahoo,GC=F
2026-10-07T23:05:00Z,4134.2001953125,4134.39990234375,4133.39990234375,4133.39990234375,19.0,yahoo,GC=F
2026-10-07T23:06:00Z,4133.2998046875,4134.0,4133.2998046875,4133.60009765625,19.0,yahoo,GC=F
2026-10-07T23:07:00Z,4133.5,4133.5,4131.89990234375,4133.10009765625,68.0,yahoo,GC=F
2026-10-07T23:08:00Z,4133.2001953125,4134.7998046875,4132.7998046875,4134.2998046875,79.0,yahoo,GC=F
2026-10-07T23:09:00Z,4134.0,4134.7001953125,4133.89990234375,4134.5,30.0,yahoo,GC=F
2026-10-07T23:10:00Z,4134.60009765625,4134.60009765625,4134.2998046875,4134.5,11.0,yahoo,GC=F
2026-10-07T23:11:00Z,4134.2001953125,4134.60009765625,4133.89990234375,4134.60009765625,15.0,yahoo,GC=F
2026-10-07T23:12:00Z,4134.7001953125,4134.7001953125,4134.2001953125,4134.2001953125,11.0,yahoo,GC=F
2026-10-07T23:13:00Z,4134.2998046875,4134.39990234375,4134.2001953125,4134.2001953125,4.0,yahoo,GC=F
2026-10-07T23:14:00Z,4134.2998046875,4134.60009765625,4134.2998046875,4134.60009765625,5.0,yahoo,GC=F
2026-10-07T23:15:00Z,4134.39990234375,4135.60009765625,4134.2998046875,4135.60009765625,27.0,yahoo,GC=F
2026-10-07T23:16:00Z,4135.5,4136.0,4135.10009765625,4135.2998046875,29.0,yahoo,GC=F
2026-10-07T23:17:00Z,4135.2001953125,4135.7998046875,4135.2001953125,4135.60009765625,17.0,yahoo,GC=F
2026-10-07T23:18:00Z,4135.7998046875,4136.2998046875,4135.7998046875,4136.0,10.0,yahoo,GC=F
2026-10-07T23:19:00Z,4136.0,4136.0,4135.7998046875,4135.7998046875,8.0,yahoo,GC=F
2026-10-07T23:20:00Z,4135.89990234375,4136.10009765625,4135.60009765625,4135.7998046875,11.0,yahoo,GC=F
2026-10-07T23:21:00Z,4136.10009765625,4136.89990234375,4135.5,4136.2998046875,69.0,yahoo,GC=F
2026-10-07T23:22:00Z,4136.2998046875,4136.7998046875,4135.2998046875,4135.60009765625,58.0,yahoo,GC=F
2026-10-07T23:23:00Z,4136.0,4136.2998046875,4134.39990234375,4135.0,89.0,yahoo,GC=F
2026-10-07T23:24:00Z,4135.0,4135.7001953125,4133.89990234375,4135.2001953125,86.0,yahoo,GC=F
2026-10-07T23:25:00Z,4135.2001953125,4135.5,4134.5,4134.7001953125,43.0,yahoo,GC=F
2026-10-07T23:26:00Z,4134.89990234375,4135.2001953125,4134.7001953125,4135.10009765625,12.0,yahoo,GC=F
2026-10-07T23:27:00Z,4135.2001953125,4136.0,4134.39990234375,4134.7998046875,61.0,yahoo,GC=F
2026-10-07T23:28:00Z,4134.7998046875,4135.7001953125,4134.10009765625,4134.10009765625,136.0,yahoo,GC=F
2026-10-07T23:29:00Z,4134.2998046875,4134.39990234375,4132.89990234375,4133.60009765625,73.0,yahoo,GC=F
2026-10-07T23:30:00Z,4133.60009765625,4134.0,4132.89990234375,4134.0,60.0,yahoo,GC=F
2026-10-07T23:31:00Z,4134.10009765625,4134.89990234375,4133.39990234375,4134.10009765625,94.0,yahoo,GC=F
2026-10-07T23:32:00Z,4134.10009765625,4134.7001953125,4134.0,4134.39990234375,47.0,yahoo,GC=F
2026-10-07T23:33:00Z,4134.5,4137.0,4134.5,4136.7998046875,109.0,yahoo,GC=F
2026-10-07T23:34:00Z,4136.7998046875,4137.7998046875,4135.2001953125,4136.5,328.0,yahoo,GC=F
2026-10-07T23:35:00Z,4136.39990234375,4137.2998046875,4136.2998046875,4137.2001953125,60.0,yahoo,GC=F
2026-10-07T23:36:00Z,4137.2998046875,4138.89990234375,4136.89990234375,4138.5,116.0,yahoo,GC=F
2026-10-07T23:37:00Z,4138.5,4139.0,4137.10009765625,4138.89990234375,157.0,yahoo,GC=F
2026-10-07T23:38:00Z,4138.7998046875,4139.2001953125,4138.39990234375,4139.2001953125,92.0,yahoo,GC=F
2026-10-07T23:39:00Z,4139.10009765625,4139.89990234375,4137.60009765625,4137.7998046875,118.0,yahoo,GC=F
2026-10-07T23:40:00Z,4137.7998046875,4138.39990234375,4137.5,4137.60009765625,39.0,yahoo,GC=F
2026-10-07T23:41:00Z,4137.7001953125,4138.0,4137.2998046875,4137.7998046875,13.0,yahoo,GC=F
2026-10-07T23:42:00Z,4137.89990234375,4138.60009765625,4137.89990234375,4137.89990234375,37.0,yahoo,GC=F
2026-10-07T23:43:00Z,4138.0,4138.0,4137.39990234375,4137.60009765625,22.0,yahoo,GC=F
2026-10-07T23:44:00Z,4137.2998046875,4137.89990234375,4136.60009765625,4136.7998046875,29.0,yahoo,GC=F
2026-10-07T23:45:00Z,4137.2001953125,4137.60009765625,4135.89990234375,4136.89990234375,83.0,yahoo,GC=F
2026-10-07T23:46:00Z,4136.5,4136.7998046875,4136.2001953125,4136.2998046875,101.0,yahoo,GC=F
2026-10-07T23:47:00Z,4136.39990234375,4136.5,4135.5,4135.5,9.0,yahoo,GC=F
2026-10-07T23:48:00Z,4135.2998046875,4135.7998046875,4135.2998046875,4135.60009765625,18.0,yahoo,GC=F
2026-10-07T23:49:00Z,4135.60009765625,4136.0,4134.7001953125,4135.10009765625,34.0,yahoo,GC=F
2026-10-07T23:50:00Z,4135.0,4135.7001953125,4134.89990234375,4135.39990234375,26.0,yahoo,GC=F
2026-10-07T23:51:00Z,4135.2998046875,4135.2998046875,4134.2001953125,4134.60009765625,18.0,yahoo,GC=F
2026-10-07T23:52:00Z,4134.7001953125,4134.7001953125,4133.89990234375,4134.10009765625,24.0,yahoo,GC=F
2026-10-07T23:53:00Z,4134.2998046875,4135.2001953125,4134.0,4134.39990234375,37.0,yahoo,GC=F
2026-10-07T23:54:00Z,4134.2998046875,4134.2998046875,4133.5,4134.0,15.0,yahoo,GC=F
2026-10-07T23:55:00Z,4133.7998046875,4134.2998046875,4133.0,4134.2998046875,43.0,yahoo,GC=F
2026-10-07T23:56:00Z,4134.89990234375,4135.10009765625,4134.0,4134.2998046875,17.0,yahoo,GC=F
2026-10-07T23:57:00Z,4133.89990234375,4134.39990234375,4133.2998046875,4134.39990234375,53.0,yahoo,GC=F
2026-10-07T23:58:00Z,4134.5,4134.60009765625,4134.10009765625,4134.10009765625,34.0,yahoo,GC=F
2026-10-07T23:59:00Z,4134.0,4134.2998046875,4132.7998046875,4133.0,38.0,yahoo,GC=F
