timestamp_utc,open,high,low,close,volume,source,symbol
2026-10-01T00:00:00Z,4186.10009765625,4186.2001953125,4183.7001953125,4183.7001953125,58.0,yahoo,GC=F
2026-10-01T00:01:00Z,4184.0,4184.2001953125,4182.89990234375,4183.7998046875,48.0,yahoo,GC=F
2026-10-01T00:02:00Z,4184.2001953125,4184.2001953125,4183.0,4183.10009765625,13.0,yahoo,GC=F
2026-10-01T00:03:00Z,4183.10009765625,4183.2998046875,4182.2998046875,4182.5,25.0,yahoo,GC=F
2026-10-01T00:04:00Z,4182.2001953125,4182.2998046875,4180.89990234375,4180.89990234375,74.0,yahoo,GC=F
2026-10-01T00:05:00Z,4180.7998046875,4181.7998046875,4180.60009765625,4181.39990234375,64.0,yahoo,GC=F
2026-10-01T00:06:00Z,4181.10009765625,4182.0,4181.0,4181.2998046875,17.0,yahoo,GC=F
2026-10-01T00:07:00Z,4181.2998046875,4181.39990234375,4180.5,4181.10009765625,26.0,yahoo,GC=F
2026-10-01T00:08:00Z,4181.5,4182.10009765625,4181.39990234375,4181.7001953125,19.0,yahoo,GC=F
2026-10-01T00:09:00Z,4181.2998046875,4181.60009765625,4180.5,4181.5,38.0,yahoo,GC=F
2026-10-01T00:10:00Z,4181.7001953125,4182.2001953125,4181.39990234375,4182.0,18.0,yahoo,GC=F
2026-10-01T00:11:00Z,4181.7998046875,4182.0,4180.7001953125,4181.2998046875,39.0,yahoo,GC=F
2026-10-01T00:12:00Z,4181.7998046875,4183.7998046875,4181.7998046875,4182.5,41.0,yahoo,GC=F
2026-10-01T00:13:00Z,4182.7001953125,4182.7998046875,4181.7001953125,4182.5,16.0,yahoo,GC=F
2026-10-01T00:14:00Z,4182.2998046875,4182.7998046875,4182.10009765625,4182.7998046875,14.0,yahoo,GC=F
2026-10-01T00:15:00Z,4182.60009765625,4182.7001953125,4181.0,4181.0,19.0,yahoo,GC=F
2026-10-01T00:16:00Z,4180.7998046875,4180.7998046875,4176.39990234375,4177.2998046875,325.0,yahoo,GC=F
2026-10-01T00:17:00Z,4177.0,4177.5,4176.2001953125,4176.2998046875,80.0,yahoo,GC=F
2026-10-01T00:18:00Z,4176.2998046875,4177.39990234375,4172.2998046875,4172.7998046875,344.0,yahoo,GC=F
2026-10-01T00:19:00Z,4172.60009765625,4173.2001953125,4171.60009765625,4171.7001953125,205.0,yahoo,GC=F
2026-10-01T00:20:00Z,4171.7001953125,4173.7001953125,4171.2998046875,4173.7001953125,95.0,yahoo,GC=F
2026-10-01T00:21:00Z,4173.7998046875,4174.60009765625,4173.0,4173.2001953125,67.0,yahoo,GC=F
2026-10-01T00:22:00Z,4172.7001953125,4174.2001953125,4172.7001953125,4174.0,27.0,yahoo,GC=F
2026-10-01T00:23:00Z,4174.0,4174.7998046875,4173.0,4174.2001953125,39.0,yahoo,GC=F
2026-10-01T00:24:00Z,4174.0,4177.7001953125,4173.89990234375,4176.5,120.0,yahoo,GC=F
2026-10-01T00:25:00Z,4176.60009765625,4178.60009765625,4176.5,4177.60009765625,138.0,yahoo,GC=F
2026-10-01T00:26:00Z,4177.7001953125,4178.60009765625,4177.7001953125,4178.0,29.0,yahoo,GC=F
2026-10-01T00:27:00Z,4177.5,4177.7998046875,4176.2998046875,4176.7001953125,50.0,yahoo,GC=F
2026-10-01T00:28:00Z,4176.60009765625,4177.10009765625,4175.39990234375,4176.2001953125,75.0,yahoo,GC=F
2026-10-01T00:29:00Z,4175.89990234375,4176.0,4173.2001953125,4174.2001953125,93.0,yahoo,GC=F
2026-10-01T00:30:00Z,4173.7998046875,4173.89990234375,4171.60009765625,4171.60009765625,212.0,yahoo,GC=F
2026-10-01T00:31:00Z,4171.60009765625,4174.0,4170.60009765625,4173.89990234375,149.0,yahoo,GC=F
2026-10-01T00:32:00Z,4174.10009765625,4174.39990234375,4172.89990234375,4173.2001953125,35.0,yahoo,GC=F
2026-10-01T00:33:00Z,4173.10009765625,4173.10009765625,4170.2998046875,4171.0,86.0,yahoo,GC=F
2026-10-01T00:34:00Z,4170.7998046875,4171.7001953125,4170.0,4170.2001953125,87.0,yahoo,GC=F
2026-10-01T00:35:00Z,4170.5,4171.5,4170.0,4171.2001953125,93.0,yahoo,GC=F
2026-10-01T00:36:00Z,4171.0,4171.5,4170.39990234375,4171.2998046875,11.0,yahoo,GC=F
2026-10-01T00:37:00Z,4171.2998046875,4171.7998046875,4170.5,4171.7001953125,37.0,yahoo,GC=F
2026-10-01T00:38:00Z,4171.39990234375,4172.39990234375,4171.39990234375,4172.39990234375,18.0,yahoo,GC=F
2026-10-01T00:39:00Z,4172.2998046875,4173.2998046875,4172.0,4172.60009765625,70.0,yahoo,GC=F
2026-10-01T00:40:00Z,4172.7001953125,4173.39990234375,4172.7001953125,4173.10009765625,31.0,yahoo,GC=F
2026-10-01T00:41:00Z,4173.10009765625,4173.89990234375,4170.89990234375,4171.39990234375,110.0,yahoo,GC=F
2026-10-01T00:42:00Z,4171.10009765625,4171.7998046875,4171.0,4171.5,32.0,yahoo,GC=F
2026-10-01T00:43:00Z,4172.0,4173.2998046875,4172.0,4173.2998046875,5.0,yahoo,GC=F
2026-10-01T00:44:00Z,4173.7998046875,4175.7001953125,4173.60009765625,4175.2998046875,78.0,yahoo,GC=F
2026-10-01T00:45:00Z,4174.7001953125,4174.7001953125,4173.7001953125,4174.2001953125,11.0,yahoo,GC=F
2026-10-01T00:46:00Z,4174.0,4175.89990234375,4173.60009765625,4175.7998046875,32.0,yahoo,GC=F
2026-10-01T00:47:00Z,4175.60009765625,4175.60009765625,4173.2998046875,4173.5,22.0,yahoo,GC=F
2026-10-01T00:48:00Z,4173.7001953125,4174.7001953125,4173.7001953125,4174.5,10.0,yahoo,GC=F
2026-10-01T00:49:00Z,4174.5,4176.0,4174.5,4175.39990234375,33.0,yahoo,GC=F
2026-10-01T00:50:00Z,4175.39990234375,4175.39990234375,4174.2001953125,4174.5,25.0,yahoo,GC=F
2026-10-01T00:51:00Z,4174.2998046875,4174.2998046875,4172.2001953125,4172.39990234375,47.0,yahoo,GC=F
2026-10-01T00:52:00Z,4172.60009765625,4172.60009765625,4171.60009765625,4171.89990234375,47.0,yahoo,GC=F
2026-10-01T00:53:00Z,4172.10009765625,4172.10009765625,4170.2001953125,4170.2998046875,57.0,yahoo,GC=F
2026-10-01T00:54:00Z,4170.2998046875,4171.60009765625,4169.39990234375,4170.7001953125,91.0,yahoo,GC=F
2026-10-01T00:55:00Z,4170.89990234375,4173.5,4170.89990234375,4172.60009765625,69.0,yahoo,GC=F
2026-10-01T00:56:00Z,4172.7998046875,4173.7001953125,4172.5,4172.60009765625,57.0,yahoo,GC=F
2026-10-01T00:57:00Z,4172.7998046875,4175.2001953125,4172.7998046875,4175.10009765625,44.0,yahoo,GC=F
2026-10-01T00:58:00Z,4175.10009765625,4175.7998046875,4174.89990234375,4174.89990234375,28.0,yahoo,GC=F
2026-10-01T00:59:00Z,4175.2998046875,4176.2998046875,4175.10009765625,4175.2998046875,66.0,yahoo,GC=F
2026-10-01T01:00:00Z,4175.5,4178.5,4175.2001953125,4177.10009765625,135.0,yahoo,GC=F
2026-10-01T01:01:00Z,4177.2001953125,4179.60009765625,4176.7001953125,4179.39990234375,53.0,yahoo,GC=F
2026-10-01T01:02:00Z,4179.60009765625,4181.5,4179.2998046875,4179.7001953125,117.0,yahoo,GC=F
2026-10-01T01:03:00Z,4179.60009765625,4181.10009765625,4179.60009765625,4181.0,57.0,yahoo,GC=F
2026-10-01T01:04:00Z,4181.2001953125,4183.5,4181.10009765625,4182.10009765625,132.0,yahoo,GC=F
2026-10-01T01:05:00Z,4182.10009765625,4183.10009765625,4181.5,4183.0,31.0,yahoo,GC=F
2026-10-01T01:06:00Z,4182.7998046875,4187.2998046875,4182.60009765625,4186.7998046875,171.0,yahoo,GC=F
2026-10-01T01:07:00Z,4187.0,4189.7998046875,4186.7998046875,4187.89990234375,157.0,yahoo,GC=F
2026-10-01T01:08:00Z,4187.89990234375,4190.2001953125,4187.60009765625,4189.60009765625,125.0,yahoo,GC=F
2026-10-01T01:09:00Z,4189.60009765625,4190.7998046875,4188.0,4190.7998046875,58.0,yahoo,GC=F
2026-10-01T01:10:00Z,4190.2998046875,4191.39990234375,4189.89990234375,4190.39990234375,98.0,yahoo,GC=F
2026-10-01T01:11:00Z,4190.39990234375,4190.89990234375,4189.2998046875,4190.7998046875,67.0,yahoo,GC=F
2026-10-01T01:12:00Z,4190.60009765625,4190.7998046875,4188.7998046875,4190.7001953125,95.0,yahoo,GC=F
2026-10-01T01:13:00Z,4191.0,4191.0,4189.39990234375,4189.89990234375,52.0,yahoo,GC=F
2026-10-01T01:14:00Z,4189.7998046875,4190.10009765625,4188.89990234375,4189.7998046875,32.0,yahoo,GC=F
2026-10-01T01:15:00Z,4189.7001953125,4191.7998046875,4189.2998046875,4191.7001953125,70.0,yahoo,GC=F
2026-10-01T01:16:00Z,4191.60009765625,4192.7998046875,4191.0,4191.7001953125,120.0,yahoo,GC=F
2026-10-01T01:17:00Z,4191.5,4191.60009765625,4190.2001953125,4191.60009765625,40.0,yahoo,GC=F
2026-10-01T01:18:00Z,4191.7998046875,4192.7998046875,4191.7998046875,4192.0,50.0,yahoo,GC=F
2026-10-01T01:19:00Z,4191.7001953125,4193.60009765625,4191.60009765625,4193.10009765625,139.0,yahoo,GC=F
2026-10-01T01:20:00Z,4193.2998046875,4194.2001953125,4192.89990234375,4193.60009765625,61.0,yahoo,GC=F
2026-10-01T01:21:00Z,4193.5,4194.60009765625,4193.0,4193.7001953125,123.0,yahoo,GC=F
2026-10-01T01:22:00Z,4193.7998046875,4193.89990234375,4193.0,4193.89990234375,32.0,yahoo,GC=F
2026-10-01T01:23:00Z,4193.39990234375,4194.5,4193.2001953125,4194.2001953125,28.0,yahoo,GC=F
2026-10-01T01:24:00Z,4194.5,4194.5,4193.60009765625,4193.7001953125,29.0,yahoo,GC=F
2026-10-01T01:25:00Z,4193.5,4193.5,4192.2998046875,4192.5,175.0,yahoo,GC=F
2026-10-01T01:26:00Z,4192.7001953125,4193.10009765625,4190.39990234375,4190.39990234375,143.0,yahoo,GC=F
2026-10-01T01:27:00Z,4190.2998046875,4191.0,4190.10009765625,4190.10009765625,26.0,yahoo,GC=F
2026-10-01T01:28:00Z,4190.60009765625,4191.60009765625,4190.39990234375,4191.5,24.0,yahoo,GC=F
2026-10-01T01:29:00Z,4191.39990234375,4191.39990234375,4189.2001953125,4189.2001953125,36.0,yahoo,GC=F
2026-10-01T01:30:00Z,4189.5,4190.39990234375,4188.89990234375,4190.0,71.0,yahoo,GC=F
2026-10-01T01:31:00Z,4190.0,4192.5,4189.89990234375,4191.2998046875,128.0,yahoo,GC=F
2026-10-01T01:32:00Z,4191.2001953125,4192.7001953125,4191.10009765625,4192.2001953125,57.0,yahoo,GC=F
2026-10-01T01:33:00Z,4192.10009765625,4194.2001953125,4192.0,4193.2001953125,183.0,yahoo,GC=F
2026-10-01T01:34:00Z,4193.10009765625,4193.5,4192.5,4192.7998046875,39.0,yahoo,GC=F
2026-10-01T01:35:00Z,4192.89990234375,4192.89990234375,4191.7001953125,4192.7998046875,11.0,yahoo,GC=F
2026-10-01T01:36:00Z,4192.7001953125,4193.2001953125,4192.39990234375,4192.39990234375,12.0,yahoo,GC=F
2026-10-01T01:37:00Z,4192.2998046875,4192.39990234375,4191.2998046875,4192.10009765625,25.0,yahoo,GC=F
2026-10-01T01:38:00Z,4191.89990234375,4192.10009765625,4191.2998046875,4191.5,8.0,yahoo,GC=F
2026-10-01T01:39:00Z,4191.2998046875,4192.7001953125,4191.2998046875,4192.2998046875,20.0,yahoo,GC=F
2026-10-01T01:40:00Z,4192.2998046875,4192.7001953125,4191.7001953125,4191.7001953125,26.0,yahoo,GC=F
2026-10-01T01:41:00Z,4191.5,4192.0,4191.10009765625,4192.0,11.0,yahoo,GC=F
2026-10-01T01:42:00Z,4192.0,4192.5,4191.2998046875,4192.2998046875,17.0,yahoo,GC=F
2026-10-01T01:43:00Z,4192.2998046875,4192.2998046875,4191.5,4191.5,8.0,yahoo,GC=F
2026-10-01T01:44:00Z,4191.2998046875,4191.2998046875,4191.0,4191.0,6.0,yahoo,GC=F
2026-10-01T01:45:00Z,4191.2998046875,4191.7998046875,4191.10009765625,4191.7998046875,12.0,yahoo,GC=F
2026-10-01T01:46:00Z,4191.0,4191.0,4190.2998046875,4190.39990234375,9.0,yahoo,GC=F
2026-10-01T01:47:00Z,4190.2001953125,4190.60009765625,4189.89990234375,4190.2998046875,60.0,yahoo,GC=F
2026-10-01T01:48:00Z,4190.5,4190.7001953125,4189.2998046875,4190.5,41.0,yahoo,GC=F
2026-10-01T01:49:00Z,4190.60009765625,4192.2998046875,4190.5,4192.2998046875,37.0,yahoo,GC=F
2026-10-01T01:50:00Z,4192.5,4193.2001953125,4191.7998046875,4192.0,39.0,yahoo,GC=F
2026-10-01T01:51:00Z,4191.7998046875,4191.89990234375,4191.39990234375,4191.89990234375,10.0,yahoo,GC=F
2026-10-01T01:52:00Z,4191.89990234375,4192.2998046875,4191.7001953125,4191.7998046875,12.0,yahoo,GC=F
2026-10-01T01:53:00Z,4191.7998046875,4192.10009765625,4190.60009765625,4191.5,23.0,yahoo,GC=F
2026-10-01T01:54:00Z,4191.2998046875,4191.2998046875,4191.2001953125,4191.2001953125,6.0,yahoo,GC=F
2026-10-01T01:55:00Z,4191.0,4191.10009765625,4190.7001953125,4191.0,12.0,yahoo,GC=F
2026-10-01T01:56:00Z,4190.89990234375,4191.2998046875,4190.5,4190.5,8.0,yahoo,GC=F
2026-10-01T01:57:00Z,4190.2998046875,4190.5,4189.0,4189.39990234375,63.0,yahoo,GC=F
2026-10-01T01:58:00Z,4189.39990234375,4189.39990234375,4186.7001953125,4187.89990234375,180.0,yahoo,GC=F
2026-10-01T01:59:00Z,4188.0,4188.60009765625,4186.2001953125,4186.2001953125,63.0,yahoo,GC=F
2026-10-01T02:00:00Z,4186.10009765625,4187.7001953125,4186.0,4186.5,41.0,yahoo,GC=F
2026-10-01T02:01:00Z,4186.39990234375,4186.39990234375,4184.7998046875,4185.5,85.0,yahoo,GC=F
2026-10-01T02:02:00Z,4186.0,4186.7998046875,4185.0,4186.7998046875,33.0,yahoo,GC=F
2026-10-01T02:03:00Z,4187.0,4187.5,4185.2001953125,4185.2998046875,40.0,yahoo,GC=F
2026-10-01T02:04:00Z,4185.10009765625,4186.0,4184.89990234375,4185.5,23.0,yahoo,GC=F
2026-10-01T02:05:00Z,4185.5,4186.2001953125,4184.10009765625,4184.5,32.0,yahoo,GC=F
2026-10-01T02:06:00Z,4184.39990234375,4184.39990234375,4183.2998046875,4183.60009765625,54.0,yahoo,GC=F
2026-10-01T02:07:00Z,4183.39990234375,4183.60009765625,4181.2001953125,4182.7001953125,151.0,yahoo,GC=F
2026-10-01T02:08:00Z,4183.0,4183.7998046875,4182.7998046875,4183.7001953125,47.0,yahoo,GC=F
2026-10-01T02:09:00Z,4183.10009765625,4183.5,4182.2998046875,4182.2998046875,28.0,yahoo,GC=F
2026-10-01T02:10:00Z,4182.5,4183.10009765625,4181.7998046875,4182.5,52.0,yahoo,GC=F
2026-10-01T02:11:00Z,4182.60009765625,4184.39990234375,4182.60009765625,4184.39990234375,57.0,yahoo,GC=F
2026-10-01T02:12:00Z,4184.39990234375,4184.7001953125,4183.5,4183.7998046875,19.0,yahoo,GC=F
2026-10-01T02:13:00Z,4184.10009765625,4185.39990234375,4184.10009765625,4184.2998046875,38.0,yahoo,GC=F
2026-10-01T02:14:00Z,4184.5,4185.0,4183.2998046875,4183.60009765625,20.0,yahoo,GC=F
2026-10-01T02:15:00Z,4183.5,4185.0,4183.5,4184.60009765625,47.0,yahoo,GC=F
2026-10-01T02:16:00Z,4184.7001953125,4186.60009765625,4184.7001953125,4186.0,58.0,yahoo,GC=F
2026-10-01T02:17:00Z,4185.60009765625,4186.2001953125,4184.60009765625,4184.60009765625,24.0,yahoo,GC=F
2026-10-01T02:18:00Z,4184.2998046875,4184.2998046875,4182.5,4182.5,23.0,yahoo,GC=F
2026-10-01T02:19:00Z,4182.2001953125,4183.5,4182.10009765625,4183.2001953125,70.0,yahoo,GC=F
2026-10-01T02:20:00Z,4182.89990234375,4182.89990234375,4181.0,4181.2001953125,58.0,yahoo,GC=F
2026-10-01T02:21:00Z,4181.5,4182.7001953125,4181.39990234375,4182.2998046875,45.0,yahoo,GC=F
2026-10-01T02:22:00Z,4182.60009765625,4183.7001953125,4182.60009765625,4183.5,28.0,yahoo,GC=F
2026-10-01T02:23:00Z,4183.89990234375,4185.0,4183.5,4184.2998046875,52.0,yahoo,GC=F
2026-10-01T02:24:00Z,4184.89990234375,4184.89990234375,4182.7001953125,4182.7998046875,19.0,yahoo,GC=F
2026-10-01T02:25:00Z,4182.7998046875,4182.7998046875,4180.89990234375,4181.89990234375,37.0,yahoo,GC=F
2026-10-01T02:26:00Z,4181.89990234375,4183.7998046875,4181.89990234375,4183.2001953125,45.0,yahoo,GC=F
2026-10-01T02:27:00Z,4183.39990234375,4183.39990234375,4183.2998046875,4183.2998046875,4.0,yahoo,GC=F
2026-10-01T02:28:00Z,4182.39990234375,4183.7001953125,4182.2001953125,4183.7001953125,14.0,yahoo,GC=F
2026-10-01T02:29:00Z,4183.7998046875,4184.60009765625,4183.5,4184.39990234375,44.0,yahoo,GC=F
2026-10-01T02:30:00Z,4184.60009765625,4184.89990234375,4183.2998046875,4184.0,45.0,yahoo,GC=F
2026-10-01T02:31:00Z,4183.7001953125,4183.7998046875,4182.39990234375,4182.60009765625,24.0,yahoo,GC=F
2026-10-01T02:32:00Z,4182.7001953125,4184.10009765625,4182.2998046875,4183.7001953125,18.0,yahoo,GC=F
2026-10-01T02:33:00Z,4184.10009765625,4184.60009765625,4183.39990234375,4183.39990234375,25.0,yahoo,GC=F
2026-10-01T02:34:00Z,4183.5,4185.39990234375,4183.5,4185.39990234375,39.0,yahoo,GC=F
2026-10-01T02:35:00Z,4185.2001953125,4185.2001953125,4184.60009765625,4184.7001953125,12.0,yahoo,GC=F
2026-10-01T02:36:00Z,4184.7001953125,4184.7998046875,4184.0,4184.60009765625,32.0,yahoo,GC=F
2026-10-01T02:37:00Z,4185.10009765625,4185.5,4184.2001953125,4184.39990234375,31.0,yahoo,GC=F
2026-10-01T02:38:00Z,4184.39990234375,4184.60009765625,4184.2001953125,4184.2998046875,5.0,yahoo,GC=F
2026-10-01T02:39:00Z,4184.7998046875,4184.7998046875,4183.60009765625,4183.60009765625,10.0,yahoo,GC=F
2026-10-01T02:40:00Z,4183.5,4185.0,4183.2998046875,4183.2998046875,54.0,yahoo,GC=F
2026-10-01T02:41:00Z,4183.7001953125,4184.5,4183.7001953125,4184.5,13.0,yahoo,GC=F
2026-10-01T02:42:00Z,4184.0,4184.5,4183.89990234375,4184.5,5.0,yahoo,GC=F
2026-10-01T02:43:00Z,4184.60009765625,4184.7998046875,4184.60009765625,4184.7998046875,3.0,yahoo,GC=F
2026-10-01T02:44:00Z,4184.7998046875,4185.39990234375,4184.2998046875,4184.2998046875,55.0,yahoo,GC=F
2026-10-01T02:45:00Z,4184.0,4185.5,4184.0,4185.5,18.0,yahoo,GC=F
2026-10-01T02:46:00Z,4186.0,4187.10009765625,4186.0,4186.7998046875,43.0,yahoo,GC=F
2026-10-01T02:47:00Z,4186.5,4186.7001953125,4185.89990234375,4186.60009765625,17.0,yahoo,GC=F
2026-10-01T02:48:00Z,4186.2998046875,4186.5,4185.5,4185.5,25.0,yahoo,GC=F
2026-10-01T02:49:00Z,4185.60009765625,4187.2998046875,4185.60009765625,4187.10009765625,21.0,yahoo,GC=F
2026-10-01T02:50:00Z,4186.60009765625,4186.60009765625,4185.2001953125,4185.7001953125,11.0,yahoo,GC=F
2026-10-01T02:51:00Z,4186.60009765625,4188.7001953125,4186.60009765625,4187.5,67.0,yahoo,GC=F
2026-10-01T02:52:00Z,4187.2998046875,4189.0,4187.10009765625,4188.7001953125,47.0,yahoo,GC=F
2026-10-01T02:53:00Z,4188.7998046875,4189.5,4188.5,4189.2001953125,44.0,yahoo,GC=F
2026-10-01T02:54:00Z,4189.2998046875,4190.5,4189.10009765625,4190.2998046875,76.0,yahoo,GC=F
2026-10-01T02:55:00Z,4190.5,4191.2001953125,4189.2998046875,4189.2998046875,88.0,yahoo,GC=F
2026-10-01T02:56:00Z,4189.5,4191.0,4189.2998046875,4191.0,44.0,yahoo,GC=F
2026-10-01T02:57:00Z,4191.0,4191.0,4188.60009765625,4188.60009765625,53.0,yahoo,GC=F
2026-10-01T02:58:00Z,4188.7998046875,4189.39990234375,4188.10009765625,4189.2001953125,62.0,yahoo,GC=F
2026-10-01T02:59:00Z,4189.60009765625,4191.39990234375,4189.2998046875,4190.2998046875,75.0,yahoo,GC=F
2026-10-01T03:00:00Z,4190.2998046875,4192.0,4188.7998046875,4191.60009765625,86.0,yahoo,GC=F
2026-10-01T03:01:00Z,4191.60009765625,4192.2001953125,4190.39990234375,4191.5,67.0,yahoo,GC=F
2026-10-01T03:02:00Z,4191.7998046875,4192.5,4191.7998046875,4192.0,22.0,yahoo,GC=F
2026-10-01T03:03:00Z,4192.10009765625,4192.7998046875,4190.10009765625,4192.2001953125,119.0,yahoo,GC=F
2026-10-01T03:04:00Z,4192.10009765625,4192.2001953125,4190.89990234375,4191.2998046875,16.0,yahoo,GC=F
2026-10-01T03:05:00Z,4191.0,4193.7998046875,4191.0,4193.2001953125,68.0,yahoo,GC=F
2026-10-01T03:06:00Z,4193.5,4194.2998046875,4193.0,4193.5,43.0,yahoo,GC=F
2026-10-01T03:07:00Z,4193.7001953125,4194.39990234375,4193.5,4193.5,36.0,yahoo,GC=F
2026-10-01T03:08:00Z,4193.7998046875,4195.2998046875,4193.39990234375,4194.60009765625,150.0,yahoo,GC=F
2026-10-01T03:09:00Z,4194.60009765625,4196.0,4194.60009765625,4195.0,151.0,yahoo,GC=F
2026-10-01T03:10:00Z,4195.2001953125,4195.7001953125,4195.0,4195.5,25.0,yahoo,GC=F
2026-10-01T03:11:00Z,4195.60009765625,4198.2001953125,4195.60009765625,4197.7001953125,208.0,yahoo,GC=F
2026-10-01T03:12:00Z,4197.89990234375,4198.0,4195.7998046875,4196.2998046875,83.0,yahoo,GC=F
2026-10-01T03:13:00Z,4196.7001953125,4196.7001953125,4195.2998046875,4195.2998046875,26.0,yahoo,GC=F
2026-10-01T03:14:00Z,4195.2001953125,4197.0,4195.2001953125,4197.0,22.0,yahoo,GC=F
2026-10-01T03:15:00Z,4197.0,4198.0,4195.10009765625,4195.10009765625,52.0,yahoo,GC=F
2026-10-01T03:16:00Z,4195.0,4195.2998046875,4194.0,4194.10009765625,31.0,yahoo,GC=F
2026-10-01T03:17:00Z,4194.2998046875,4194.5,4194.10009765625,4194.2998046875,8.0,yahoo,GC=F
2026-10-01T03:18:00Z,4194.2001953125,4194.7998046875,4194.2001953125,4194.7001953125,16.0,yahoo,GC=F
2026-10-01T03:19:00Z,4194.39990234375,4194.7001953125,4194.2001953125,4194.7001953125,14.0,yahoo,GC=F
2026-10-01T03:20:00Z,4194.60009765625,4194.7001953125,4193.2001953125,4193.39990234375,33.0,yahoo,GC=F
2026-10-01T03:21:00Z,4193.2998046875,4194.60009765625,4193.2998046875,4194.2998046875,29.0,yahoo,GC=F
2026-10-01T03:22:00Z,4193.7998046875,4194.2001953125,4193.39990234375,4194.2001953125,16.0,yahoo,GC=F
2026-10-01T03:23:00Z,4194.0,4194.5,4193.7998046875,4194.5,8.0,yahoo,GC=F
2026-10-01T03:24:00Z,4194.2998046875,4194.39990234375,4193.2998046875,4193.5,12.0,yahoo,GC=F
2026-10-01T03:25:00Z,4193.5,4193.5,4193.2998046875,4193.5,9.0,yahoo,GC=F
2026-10-01T03:26:00Z,4193.60009765625,4193.7001953125,4192.89990234375,4193.39990234375,18.0,yahoo,GC=F
2026-10-01T03:27:00Z,4193.39990234375,4193.39990234375,4193.10009765625,4193.10009765625,10.0,yahoo,GC=F
2026-10-01T03:28:00Z,4193.0,4194.0,4192.89990234375,4194.0,11.0,yahoo,GC=F
2026-10-01T03:29:00Z,4193.7998046875,4193.7998046875,4193.7001953125,4193.7001953125,3.0,yahoo,GC=F
2026-10-01T03:30:00Z,4194.2001953125,4195.39990234375,4194.2001953125,4194.60009765625,22.0,yahoo,GC=F
2026-10-01T03:31:00Z,4193.7001953125,4194.2998046875,4193.10009765625,4193.60009765625,25.0,yahoo,GC=F
2026-10-01T03:32:00Z,4193.7001953125,4193.7001953125,4193.2001953125,4193.2001953125,3.0,yahoo,GC=F
2026-10-01T03:33:00Z,4193.5,4194.0,4193.5,4194.0,8.0,yahoo,GC=F
2026-10-01T03:34:00Z,4194.39990234375,4194.60009765625,4194.2001953125,4194.60009765625,15.0,yahoo,GC=F
2026-10-01T03:35:00Z,4194.5,4194.7001953125,4193.7001953125,4193.7001953125,18.0,yahoo,GC=F
2026-10-01T03:36:00Z,4193.10009765625,4193.7001953125,4192.7001953125,4193.7001953125,17.0,yahoo,GC=F
2026-10-01T03:37:00Z,4193.7001953125,4194.39990234375,4193.2998046875,4193.2998046875,10.0,yahoo,GC=F
2026-10-01T03:38:00Z,4193.2001953125,4193.2998046875,4193.2001953125,4193.2998046875,2.0,yahoo,GC=F
2026-10-01T03:39:00Z,4192.89990234375,4192.89990234375,4192.5,4192.60009765625,14.0,yahoo,GC=F
2026-10-01T03:40:00Z,4193.7001953125,4196.2001953125,4193.7001953125,4195.39990234375,26.0,yahoo,GC=F
2026-10-01T03:41:00Z,4195.2998046875,4197.7998046875,4195.10009765625,4197.7998046875,40.0,yahoo,GC=F
2026-10-01T03:42:00Z,4197.7998046875,4198.2998046875,4197.7998046875,4198.0,17.0,yahoo,GC=F
2026-10-01T03:43:00Z,4198.2998046875,4199.5,4198.2001953125,4199.10009765625,126.0,yahoo,GC=F
2026-10-01T03:44:00Z,4199.10009765625,4199.60009765625,4198.0,4199.10009765625,81.0,yahoo,GC=F
2026-10-01T03:45:00Z,4199.0,4199.2998046875,4198.39990234375,4199.2001953125,39.0,yahoo,GC=F
2026-10-01T03:46:00Z,4198.7001953125,4199.89990234375,4198.5,4199.2998046875,50.0,yahoo,GC=F
2026-10-01T03:47:00Z,4199.10009765625,4201.10009765625,4198.7998046875,4200.5,159.0,yahoo,GC=F
2026-10-01T03:48:00Z,4200.5,4202.0,4200.5,4201.5,125.0,yahoo,GC=F
2026-10-01T03:49:00Z,4201.60009765625,4203.7001953125,4201.60009765625,4202.60009765625,132.0,yahoo,GC=F
2026-10-01T03:50:00Z,4203.0,4204.2001953125,4202.89990234375,4204.10009765625,81.0,yahoo,GC=F
2026-10-01T03:51:00Z,4203.89990234375,4204.2998046875,4203.2001953125,4204.2998046875,91.0,yahoo,GC=F
2026-10-01T03:52:00Z,4204.2001953125,4204.60009765625,4203.2998046875,4203.7998046875,84.0,yahoo,GC=F
2026-10-01T03:53:00Z,4204.0,4204.7998046875,4202.7001953125,4204.5,113.0,yahoo,GC=F
2026-10-01T03:54:00Z,4204.60009765625,4206.39990234375,4204.60009765625,4205.39990234375,142.0,yahoo,GC=F
2026-10-01T03:55:00Z,4205.2001953125,4205.89990234375,4204.7001953125,4205.10009765625,46.0,yahoo,GC=F
2026-10-01T03:56:00Z,4205.0,4205.60009765625,4204.7998046875,4205.2998046875,26.0,yahoo,GC=F
2026-10-01T03:57:00Z,4205.2998046875,4205.5,4204.7998046875,4204.7998046875,21.0,yahoo,GC=F
2026-10-01T03:58:00Z,4204.7998046875,4205.39990234375,4204.2998046875,4205.39990234375,51.0,yahoo,GC=F
2026-10-01T04:00:00Z,4205.0,4205.5,4204.7998046875,4205.10009765625,26.0,yahoo,GC=F
2026-10-01T04:01:00Z,4205.2001953125,4206.0,4204.60009765625,4206.0,33.0,yahoo,GC=F
2026-10-01T04:02:00Z,4205.7001953125,4205.7001953125,4204.5,4205.2001953125,28.0,yahoo,GC=F
2026-10-01T04:03:00Z,4205.2998046875,4205.7001953125,4205.0,4205.0,30.0,yahoo,GC=F
2026-10-01T04:04:00Z,4205.0,4205.5,4204.89990234375,4205.10009765625,64.0,yahoo,GC=F
2026-10-01T04:05:00Z,4205.2998046875,4205.2998046875,4204.39990234375,4205.10009765625,23.0,yahoo,GC=F
2026-10-01T04:06:00Z,4205.10009765625,4205.2001953125,4204.39990234375,4204.7001953125,16.0,yahoo,GC=F
2026-10-01T04:07:00Z,4204.89990234375,4206.10009765625,4204.7001953125,4205.7001953125,44.0,yahoo,GC=F
2026-10-01T04:08:00Z,4205.7001953125,4205.7998046875,4204.60009765625,4204.60009765625,35.0,yahoo,GC=F
2026-10-01T04:09:00Z,4204.7001953125,4205.60009765625,4204.5,4205.60009765625,52.0,yahoo,GC=F
2026-10-01T04:10:00Z,4205.5,4206.0,4204.89990234375,4205.89990234375,72.0,yahoo,GC=F
2026-10-01T04:11:00Z,4205.89990234375,4207.0,4205.89990234375,4206.7001953125,42.0,yahoo,GC=F
2026-10-01T04:12:00Z,4206.7998046875,4207.7998046875,4206.2998046875,4206.7998046875,98.0,yahoo,GC=F
2026-10-01T04:13:00Z,4206.7998046875,4207.10009765625,4206.0,4206.10009765625,60.0,yahoo,GC=F
2026-10-01T04:14:00Z,4206.5,4207.2998046875,4206.5,4207.0,40.0,yahoo,GC=F
2026-10-01T04:15:00Z,4206.60009765625,4206.60009765625,4203.60009765625,4204.7998046875,155.0,yahoo,GC=F
2026-10-01T04:16:00Z,4204.2998046875,4205.7998046875,4204.0,4204.7001953125,115.0,yahoo,GC=F
2026-10-01T04:17:00Z,4204.7998046875,4205.89990234375,4202.5,4202.5,129.0,yahoo,GC=F
2026-10-01T04:18:00Z,4202.7998046875,4202.7998046875,4202.0,4202.5,42.0,yahoo,GC=F
2026-10-01T04:19:00Z,4202.2001953125,4202.2001953125,4201.2001953125,4201.5,98.0,yahoo,GC=F
2026-10-01T04:20:00Z,4201.39990234375,4201.7001953125,4201.39990234375,4201.60009765625,22.0,yahoo,GC=F
2026-10-01T04:21:00Z,4201.39990234375,4202.39990234375,4200.7998046875,4201.7998046875,70.0,yahoo,GC=F
2026-10-01T04:22:00Z,4201.7998046875,4202.10009765625,4201.60009765625,4201.89990234375,16.0,yahoo,GC=F
2026-10-01T04:23:00Z,4201.7001953125,4201.89990234375,4201.60009765625,4201.89990234375,11.0,yahoo,GC=F
2026-10-01T04:24:00Z,4201.5,4202.89990234375,4201.5,4202.2001953125,28.0,yahoo,GC=F
2026-10-01T04:25:00Z,4202.39990234375,4202.7001953125,4202.0,4202.5,29.0,yahoo,GC=F
2026-10-01T04:26:00Z,4202.7001953125,4202.7001953125,4201.89990234375,4202.0,7.0,yahoo,GC=F
2026-10-01T04:27:00Z,4202.2998046875,4202.5,4201.39990234375,4201.39990234375,18.0,yahoo,GC=F
2026-10-01T04:28:00Z,4201.5,4202.10009765625,4201.5,4201.7998046875,17.0,yahoo,GC=F
2026-10-01T04:29:00Z,4202.0,4202.0,4201.60009765625,4201.7001953125,4.0,yahoo,GC=F
2026-10-01T04:30:00Z,4201.2998046875,4202.39990234375,4201.2998046875,4202.39990234375,20.0,yahoo,GC=F
2026-10-01T04:31:00Z,4202.5,4204.2998046875,4202.5,4204.2998046875,54.0,yahoo,GC=F
2026-10-01T04:32:00Z,4204.2001953125,4204.7001953125,4203.7001953125,4203.7001953125,46.0,yahoo,GC=F
2026-10-01T04:33:00Z,4203.89990234375,4205.2001953125,4203.89990234375,4204.89990234375,44.0,yahoo,GC=F
2026-10-01T04:34:00Z,4205.10009765625,4206.0,4205.10009765625,4205.5,40.0,yahoo,GC=F
2026-10-01T04:35:00Z,4205.39990234375,4205.39990234375,4204.10009765625,4204.10009765625,42.0,yahoo,GC=F
2026-10-01T04:36:00Z,4204.2001953125,4205.7998046875,4204.2001953125,4205.7998046875,18.0,yahoo,GC=F
2026-10-01T04:37:00Z,4205.5,4206.39990234375,4205.39990234375,4206.39990234375,22.0,yahoo,GC=F
2026-10-01T04:38:00Z,4206.2998046875,4206.2998046875,4205.39990234375,4205.39990234375,13.0,yahoo,GC=F
2026-10-01T04:39:00Z,4205.60009765625,4205.7001953125,4205.39990234375,4205.7001953125,8.0,yahoo,GC=F
2026-10-01T04:40:00Z,4205.7001953125,4206.0,4205.39990234375,4205.7998046875,47.0,yahoo,GC=F
2026-10-01T04:41:00Z,4205.89990234375,4205.89990234375,4205.0,4205.0,9.0,yahoo,GC=F
2026-10-01T04:42:00Z,4205.10009765625,4205.2001953125,4204.60009765625,4204.7998046875,13.0,yahoo,GC=F
2026-10-01T04:43:00Z,4205.10009765625,4205.10009765625,4204.89990234375,4204.89990234375,3.0,yahoo,GC=F
2026-10-01T04:44:00Z,4204.7998046875,4205.2998046875,4204.7998046875,4205.0,14.0,yahoo,GC=F
2026-10-01T04:45:00Z,4205.0,4205.60009765625,4204.89990234375,4205.60009765625,17.0,yahoo,GC=F
2026-10-01T04:46:00Z,4205.10009765625,4207.10009765625,4204.7001953125,4206.7998046875,41.0,yahoo,GC=F
2026-10-01T04:47:00Z,4206.7001953125,4206.7998046875,4206.2998046875,4206.7998046875,19.0,yahoo,GC=F
2026-10-01T04:48:00Z,4207.10009765625,4208.0,4207.10009765625,4207.7001953125,17.0,yahoo,GC=F
2026-10-01T04:49:00Z,4207.7001953125,4207.89990234375,4206.89990234375,4207.60009765625,34.0,yahoo,GC=F
2026-10-01T04:50:00Z,4207.5,4207.89990234375,4207.39990234375,4207.5,24.0,yahoo,GC=F
2026-10-01T04:51:00Z,4207.39990234375,4208.39990234375,4207.2001953125,4208.39990234375,33.0,yahoo,GC=F
2026-10-01T04:52:00Z,4208.5,4208.5,4207.10009765625,4207.2998046875,26.0,yahoo,GC=F
2026-10-01T04:53:00Z,4207.7001953125,4208.0,4207.5,4207.5,20.0,yahoo,GC=F
2026-10-01T04:54:00Z,4207.7001953125,4208.7001953125,4207.7001953125,4208.7001953125,38.0,yahoo,GC=F
2026-10-01T04:55:00Z,4208.7001953125,4209.5,4208.60009765625,4209.39990234375,79.0,yahoo,GC=F
2026-10-01T04:56:00Z,4209.0,4209.0,4207.5,4208.5,53.0,yahoo,GC=F
2026-10-01T04:57:00Z,4208.5,4208.89990234375,4208.5,4208.60009765625,23.0,yahoo,GC=F
2026-10-01T04:58:00Z,4208.7001953125,4209.10009765625,4208.39990234375,4208.89990234375,31.0,yahoo,GC=F
2026-10-01T04:59:00Z,4209.39990234375,4210.2998046875,4209.2001953125,4209.5,69.0,yahoo,GC=F
2026-10-01T05:00:00Z,4209.89990234375,4210.60009765625,4209.39990234375,4210.2998046875,49.0,yahoo,GC=F
2026-10-01T05:01:00Z,4210.60009765625,4210.60009765625,4209.0,4209.10009765625,40.0,yahoo,GC=F
2026-10-01T05:02:00Z,4209.2998046875,4210.10009765625,4209.10009765625,4210.0,26.0,yahoo,GC=F
2026-10-01T05:03:00Z,4210.2998046875,4212.7998046875,4210.2998046875,4212.39990234375,168.0,yahoo,GC=F
2026-10-01T05:04:00Z,4212.2998046875,4212.7998046875,4212.10009765625,4212.2001953125,37.0,yahoo,GC=F
2026-10-01T05:05:00Z,4212.39990234375,4212.60009765625,4210.89990234375,4211.39990234375,69.0,yahoo,GC=F
2026-10-01T05:06:00Z,4211.2001953125,4212.39990234375,4211.2001953125,4211.60009765625,49.0,yahoo,GC=F
2026-10-01T05:07:00Z,4211.5,4212.0,4210.7001953125,4212.0,58.0,yahoo,GC=F
2026-10-01T05:08:00Z,4212.0,4212.89990234375,4211.60009765625,4212.0,77.0,yahoo,GC=F
2026-10-01T05:09:00Z,4211.60009765625,4212.0,4211.2001953125,4211.89990234375,12.0,yahoo,GC=F
2026-10-01T05:10:00Z,4211.60009765625,4213.0,4211.60009765625,4212.39990234375,40.0,yahoo,GC=F
2026-10-01T05:11:00Z,4212.10009765625,4212.2001953125,4211.7001953125,4211.7998046875,10.0,yahoo,GC=F
2026-10-01T05:12:00Z,4211.89990234375,4211.89990234375,4210.89990234375,4211.7998046875,43.0,yahoo,GC=F
2026-10-01T05:13:00Z,4211.60009765625,4212.7001953125,4211.2998046875,4212.5,22.0,yahoo,GC=F
2026-10-01T05:14:00Z,4212.2998046875,4212.5,4212.0,4212.0,22.0,yahoo,GC=F
2026-10-01T05:15:00Z,4212.2001953125,4212.60009765625,4211.39990234375,4211.89990234375,38.0,yahoo,GC=F
2026-10-01T05:16:00Z,4211.89990234375,4212.2001953125,4211.89990234375,4212.10009765625,6.0,yahoo,GC=F
2026-10-01T05:17:00Z,4212.5,4213.2001953125,4212.39990234375,4212.7001953125,44.0,yahoo,GC=F
2026-10-01T05:18:00Z,4212.7001953125,4213.10009765625,4212.39990234375,4212.89990234375,16.0,yahoo,GC=F
2026-10-01T05:19:00Z,4212.60009765625,4213.5,4212.5,4213.5,67.0,yahoo,GC=F
2026-10-01T05:20:00Z,4213.5,4214.2001953125,4213.39990234375,4213.89990234375,46.0,yahoo,GC=F
2026-10-01T05:21:00Z,4214.0,4214.2998046875,4213.0,4213.0,73.0,yahoo,GC=F
2026-10-01T05:22:00Z,4213.10009765625,4214.7998046875,4213.10009765625,4214.39990234375,327.0,yahoo,GC=F
2026-10-01T05:23:00Z,4214.2001953125,4214.2998046875,4213.39990234375,4214.0,33.0,yahoo,GC=F
2026-10-01T05:24:00Z,4213.89990234375,4214.10009765625,4213.7001953125,4214.0,17.0,yahoo,GC=F
2026-10-01T05:25:00Z,4214.10009765625,4214.7998046875,4214.0,4214.5,32.0,yahoo,GC=F
2026-10-01T05:26:00Z,4214.5,4216.39990234375,4214.10009765625,4215.7998046875,102.0,yahoo,GC=F
2026-10-01T05:27:00Z,4215.7998046875,4217.10009765625,4215.60009765625,4215.89990234375,167.0,yahoo,GC=F
2026-10-01T05:28:00Z,4215.7998046875,4216.7998046875,4215.2001953125,4216.60009765625,89.0,yahoo,GC=F
2026-10-01T05:29:00Z,4216.7998046875,4217.2998046875,4215.7001953125,4216.89990234375,132.0,yahoo,GC=F
2026-10-01T05:30:00Z,4217.10009765625,4217.2001953125,4215.10009765625,4215.7998046875,150.0,yahoo,GC=F
2026-10-01T05:31:00Z,4215.7001953125,4217.7998046875,4214.7998046875,4217.0,114.0,yahoo,GC=F
2026-10-01T05:32:00Z,4216.7001953125,4217.7001953125,4216.10009765625,4217.39990234375,76.0,yahoo,GC=F
2026-10-01T05:33:00Z,4217.39990234375,4219.10009765625,4217.39990234375,4219.0,97.0,yahoo,GC=F
2026-10-01T05:34:00Z,4218.89990234375,4219.60009765625,4218.7001953125,4219.60009765625,66.0,yahoo,GC=F
2026-10-01T05:35:00Z,4219.39990234375,4221.0,4218.39990234375,4221.0,175.0,yahoo,GC=F
2026-10-01T05:36:00Z,4221.0,4222.0,4220.2998046875,4221.60009765625,160.0,yahoo,GC=F
2026-10-01T05:37:00Z,4221.5,4222.7998046875,4220.7998046875,4222.0,114.0,yahoo,GC=F
2026-10-01T05:38:00Z,4221.89990234375,4221.89990234375,4220.60009765625,4220.89990234375,72.0,yahoo,GC=F
2026-10-01T05:39:00Z,4220.60009765625,4220.7998046875,4218.5,4218.7998046875,50.0,yahoo,GC=F
2026-10-01T05:40:00Z,4219.0,4219.5,4218.2998046875,4218.60009765625,28.0,yahoo,GC=F
2026-10-01T05:41:00Z,4218.60009765625,4219.10009765625,4217.7001953125,4218.39990234375,63.0,yahoo,GC=F
2026-10-01T05:42:00Z,4218.5,4218.5,4217.5,4218.2001953125,66.0,yahoo,GC=F
2026-10-01T05:43:00Z,4218.7001953125,4219.10009765625,4218.2001953125,4218.39990234375,27.0,yahoo,GC=F
2026-10-01T05:44:00Z,4218.0,4218.0,4216.7998046875,4216.7998046875,57.0,yahoo,GC=F
2026-10-01T05:45:00Z,4216.5,4218.7998046875,4216.39990234375,4218.60009765625,116.0,yahoo,GC=F
2026-10-01T05:46:00Z,4218.7001953125,4219.39990234375,4217.2001953125,4217.7998046875,66.0,yahoo,GC=F
2026-10-01T05:47:00Z,4217.2001953125,4217.7998046875,4217.10009765625,4217.5,50.0,yahoo,GC=F
2026-10-01T05:48:00Z,4217.2001953125,4217.89990234375,4217.10009765625,4217.5,57.0,yahoo,GC=F
2026-10-01T05:49:00Z,4217.10009765625,4217.10009765625,4216.39990234375,4217.10009765625,31.0,yahoo,GC=F
2026-10-01T05:50:00Z,4217.2998046875,4218.10009765625,4217.2001953125,4217.2001953125,75.0,yahoo,GC=F
2026-10-01T05:51:00Z,4217.2001953125,4217.7998046875,4216.89990234375,4217.10009765625,39.0,yahoo,GC=F
2026-10-01T05:52:00Z,4217.0,4217.0,4215.2998046875,4215.5,72.0,yahoo,GC=F
2026-10-01T05:53:00Z,4215.2998046875,4215.7998046875,4215.2001953125,4215.60009765625,48.0,yahoo,GC=F
2026-10-01T05:54:00Z,4215.7998046875,4216.7001953125,4215.60009765625,4216.0,32.0,yahoo,GC=F
2026-10-01T05:55:00Z,4216.2001953125,4216.7001953125,4215.5,4215.7998046875,41.0,yahoo,GC=F
2026-10-01T05:56:00Z,4215.5,4216.0,4215.0,4216.0,42.0,yahoo,GC=F
2026-10-01T05:57:00Z,4215.7998046875,4216.7001953125,4215.7001953125,4216.39990234375,33.0,yahoo,GC=F
2026-10-01T05:58:00Z,4216.2001953125,4216.89990234375,4216.2001953125,4216.7001953125,36.0,yahoo,GC=F
2026-10-01T05:59:00Z,4216.7998046875,4217.7998046875,4216.60009765625,4217.7998046875,66.0,yahoo,GC=F
2026-10-01T06:00:00Z,4217.60009765625,4219.89990234375,4217.2998046875,4219.60009765625,315.0,yahoo,GC=F
2026-10-01T06:01:00Z,4219.7001953125,4220.5,4218.10009765625,4219.39990234375,269.0,yahoo,GC=F
2026-10-01T06:02:00Z,4219.2998046875,4219.89990234375,4218.60009765625,4219.0,81.0,yahoo,GC=F
2026-10-01T06:03:00Z,4219.2998046875,4220.60009765625,4219.2998046875,4219.5,64.0,yahoo,GC=F
2026-10-01T06:04:00Z,4219.60009765625,4220.39990234375,4218.7001953125,4220.2998046875,44.0,yahoo,GC=F
2026-10-01T06:05:00Z,4220.2001953125,4221.2001953125,4220.2001953125,4220.89990234375,80.0,yahoo,GC=F
2026-10-01T06:06:00Z,4220.7998046875,4220.89990234375,4220.0,4220.5,66.0,yahoo,GC=F
2026-10-01T06:07:00Z,4220.60009765625,4221.2001953125,4220.60009765625,4220.7001953125,23.0,yahoo,GC=F
2026-10-01T06:08:00Z,4220.5,4220.5,4219.7998046875,4220.5,85.0,yahoo,GC=F
2026-10-01T06:09:00Z,4220.5,4221.2998046875,4220.5,4221.10009765625,31.0,yahoo,GC=F
2026-10-01T06:10:00Z,4220.7998046875,4221.0,4220.5,4220.7998046875,34.0,yahoo,GC=F
2026-10-01T06:11:00Z,4220.89990234375,4221.10009765625,4219.7998046875,4221.10009765625,124.0,yahoo,GC=F
2026-10-01T06:12:00Z,4221.2001953125,4221.2001953125,4220.39990234375,4221.10009765625,22.0,yahoo,GC=F
2026-10-01T06:13:00Z,4221.0,4221.7998046875,4221.0,4221.7998046875,63.0,yahoo,GC=F
2026-10-01T06:14:00Z,4221.5,4222.10009765625,4221.2998046875,4221.2998046875,51.0,yahoo,GC=F
2026-10-01T06:15:00Z,4221.10009765625,4221.10009765625,4219.60009765625,4219.60009765625,62.0,yahoo,GC=F
2026-10-01T06:16:00Z,4219.7998046875,4220.0,4219.2998046875,4219.60009765625,43.0,yahoo,GC=F
2026-10-01T06:17:00Z,4219.7998046875,4220.39990234375,4219.7001953125,4219.7001953125,49.0,yahoo,GC=F
2026-10-01T06:18:00Z,4219.60009765625,4220.2998046875,4219.5,4219.5,25.0,yahoo,GC=F
2026-10-01T06:19:00Z,4219.7001953125,4220.0,4219.0,4219.39990234375,49.0,yahoo,GC=F
2026-10-01T06:20:00Z,4219.10009765625,4219.2001953125,4218.10009765625,4219.0,41.0,yahoo,GC=F
2026-10-01T06:21:00Z,4219.5,4220.10009765625,4219.2001953125,4219.2001953125,71.0,yahoo,GC=F
2026-10-01T06:22:00Z,4219.0,4221.0,4218.7001953125,4220.39990234375,99.0,yahoo,GC=F
2026-10-01T06:23:00Z,4220.5,4220.5,4219.2998046875,4219.7001953125,71.0,yahoo,GC=F
2026-10-01T06:24:00Z,4219.7001953125,4219.89990234375,4218.2998046875,4218.5,42.0,yahoo,GC=F
2026-10-01T06:25:00Z,4218.7001953125,4219.0,4217.2001953125,4217.5,70.0,yahoo,GC=F
2026-10-01T06:26:00Z,4217.39990234375,4218.2001953125,4217.39990234375,4218.2001953125,88.0,yahoo,GC=F
2026-10-01T06:27:00Z,4218.2001953125,4218.39990234375,4217.5,4218.2001953125,28.0,yahoo,GC=F
2026-10-01T06:28:00Z,4217.89990234375,4219.39990234375,4217.7001953125,4219.2998046875,74.0,yahoo,GC=F
2026-10-01T06:29:00Z,4219.10009765625,4219.89990234375,4218.7001953125,4219.5,34.0,yahoo,GC=F
2026-10-01T06:30:00Z,4219.60009765625,4221.39990234375,4219.5,4219.60009765625,121.0,yahoo,GC=F
2026-10-01T06:31:00Z,4219.7001953125,4219.7998046875,4217.89990234375,4218.7001953125,64.0,yahoo,GC=F
2026-10-01T06:32:00Z,4218.39990234375,4219.7998046875,4218.39990234375,4219.2998046875,88.0,yahoo,GC=F
2026-10-01T06:33:00Z,4219.39990234375,4219.7001953125,4219.10009765625,4219.39990234375,37.0,yahoo,GC=F
2026-10-01T06:34:00Z,4219.2001953125,4219.60009765625,4218.60009765625,4218.60009765625,54.0,yahoo,GC=F
2026-10-01T06:35:00Z,4218.5,4218.89990234375,4218.0,4218.89990234375,37.0,yahoo,GC=F
2026-10-01T06:36:00Z,4218.2001953125,4218.5,4217.2998046875,4217.2998046875,87.0,yahoo,GC=F
2026-10-01T06:37:00Z,4217.2998046875,4217.89990234375,4216.2998046875,4216.5,168.0,yahoo,GC=F
2026-10-01T06:38:00Z,4216.7001953125,4216.89990234375,4216.5,4216.60009765625,106.0,yahoo,GC=F
2026-10-01T06:39:00Z,4216.7001953125,4216.7998046875,4214.2001953125,4214.5,159.0,yahoo,GC=F
2026-10-01T06:40:00Z,4214.7001953125,4215.0,4211.7998046875,4212.5,211.0,yahoo,GC=F
2026-10-01T06:41:00Z,4212.2998046875,4213.10009765625,4211.5,4211.7001953125,153.0,yahoo,GC=F
2026-10-01T06:42:00Z,4211.7001953125,4212.5,4210.7001953125,4212.0,98.0,yahoo,GC=F
2026-10-01T06:43:00Z,4212.10009765625,4212.7001953125,4211.39990234375,4212.2001953125,59.0,yahoo,GC=F
2026-10-01T06:44:00Z,4212.2001953125,4214.7001953125,4212.2001953125,4214.2001953125,100.0,yahoo,GC=F
2026-10-01T06:45:00Z,4214.2001953125,4214.2998046875,4212.5,4213.39990234375,61.0,yahoo,GC=F
2026-10-01T06:46:00Z,4213.5,4214.0,4212.7001953125,4213.0,65.0,yahoo,GC=F
2026-10-01T06:47:00Z,4213.2998046875,4215.10009765625,4213.2998046875,4213.89990234375,80.0,yahoo,GC=F
2026-10-01T06:48:00Z,4213.7998046875,4215.2001953125,4213.60009765625,4213.7998046875,131.0,yahoo,GC=F
2026-10-01T06:49:00Z,4213.7001953125,4213.7001953125,4210.39990234375,4210.5,147.0,yahoo,GC=F
2026-10-01T06:50:00Z,4210.7998046875,4211.7998046875,4210.60009765625,4211.0,101.0,yahoo,GC=F
2026-10-01T06:51:00Z,4211.2001953125,4213.2001953125,4211.10009765625,4213.10009765625,85.0,yahoo,GC=F
2026-10-01T06:52:00Z,4213.10009765625,4213.7998046875,4213.10009765625,4213.39990234375,34.0,yahoo,GC=F
2026-10-01T06:53:00Z,4213.2998046875,4213.5,4212.2998046875,4212.5,18.0,yahoo,GC=F
2026-10-01T06:54:00Z,4212.5,4213.2001953125,4212.39990234375,4212.39990234375,28.0,yahoo,GC=F
2026-10-01T06:55:00Z,4212.7001953125,4213.7001953125,4212.5,4213.7001953125,23.0,yahoo,GC=F
2026-10-01T06:56:00Z,4214.0,4215.2998046875,4213.7998046875,4214.89990234375,56.0,yahoo,GC=F
2026-10-01T06:57:00Z,4214.7998046875,4214.7998046875,4213.7001953125,4214.0,27.0,yahoo,GC=F
2026-10-01T06:58:00Z,4214.0,4214.7998046875,4212.7001953125,4212.7998046875,59.0,yahoo,GC=F
2026-10-01T06:59:00Z,4212.89990234375,4212.89990234375,4211.2001953125,4211.60009765625,65.0,yahoo,GC=F
2026-10-01T07:00:00Z,4211.5,4213.5,4211.2998046875,4212.10009765625,119.0,yahoo,GC=F
2026-10-01T07:01:00Z,4211.7998046875,4211.7998046875,4210.10009765625,4210.60009765625,107.0,yahoo,GC=F
2026-10-01T07:02:00Z,4210.39990234375,4210.7998046875,4209.7001953125,4209.7998046875,127.0,yahoo,GC=F
2026-10-01T07:03:00Z,4209.89990234375,4211.5,4209.89990234375,4210.7998046875,53.0,yahoo,GC=F
2026-10-01T07:04:00Z,4211.0,4211.0,4209.7001953125,4210.7001953125,48.0,yahoo,GC=F
2026-10-01T07:05:00Z,4210.7998046875,4210.89990234375,4209.7998046875,4209.7998046875,48.0,yahoo,GC=F
2026-10-01T07:06:00Z,4209.7001953125,4210.2001953125,4209.10009765625,4209.2001953125,48.0,yahoo,GC=F
2026-10-01T07:07:00Z,4209.2998046875,4210.2998046875,4209.10009765625,4209.7001953125,56.0,yahoo,GC=F
2026-10-01T07:08:00Z,4209.7001953125,4210.39990234375,4209.2998046875,4210.2998046875,67.0,yahoo,GC=F
2026-10-01T07:09:00Z,4210.39990234375,4211.60009765625,4209.7001953125,4210.89990234375,118.0,yahoo,GC=F
2026-10-01T07:10:00Z,4210.7998046875,4211.2998046875,4210.0,4210.0,155.0,yahoo,GC=F
2026-10-01T07:11:00Z,4209.7998046875,4210.60009765625,4209.7998046875,4210.10009765625,56.0,yahoo,GC=F
2026-10-01T07:12:00Z,4209.7998046875,4209.7998046875,4206.89990234375,4206.89990234375,101.0,yahoo,GC=F
2026-10-01T07:13:00Z,4206.7998046875,4207.2998046875,4204.7998046875,4205.2001953125,158.0,yahoo,GC=F
2026-10-01T07:14:00Z,4205.2001953125,4205.2001953125,4202.0,4202.2998046875,147.0,yahoo,GC=F
2026-10-01T07:15:00Z,4202.39990234375,4203.0,4201.39990234375,4202.89990234375,297.0,yahoo,GC=F
2026-10-01T07:16:00Z,4202.7998046875,4204.5,4202.7001953125,4204.2001953125,88.0,yahoo,GC=F
2026-10-01T07:17:00Z,4204.39990234375,4204.39990234375,4200.7001953125,4200.89990234375,154.0,yahoo,GC=F
2026-10-01T07:18:00Z,4200.7001953125,4203.2001953125,4200.60009765625,4202.7001953125,78.0,yahoo,GC=F
2026-10-01T07:19:00Z,4202.60009765625,4202.60009765625,4200.2001953125,4201.10009765625,74.0,yahoo,GC=F
2026-10-01T07:20:00Z,4200.89990234375,4201.0,4197.7001953125,4198.0,189.0,yahoo,GC=F
2026-10-01T07:21:00Z,4197.7001953125,4198.2998046875,4193.60009765625,4194.2998046875,641.0,yahoo,GC=F
2026-10-01T07:22:00Z,4194.5,4195.7001953125,4193.39990234375,4194.60009765625,221.0,yahoo,GC=F
2026-10-01T07:23:00Z,4194.5,4194.7001953125,4191.5,4192.0,336.0,yahoo,GC=F
2026-10-01T07:24:00Z,4191.7001953125,4192.60009765625,4190.39990234375,4190.7001953125,177.0,yahoo,GC=F
2026-10-01T07:25:00Z,4190.7001953125,4190.89990234375,4186.89990234375,4187.10009765625,190.0,yahoo,GC=F
2026-10-01T07:26:00Z,4187.0,4188.0,4185.60009765625,4186.60009765625,195.0,yahoo,GC=F
2026-10-01T07:27:00Z,4186.89990234375,4186.89990234375,4185.0,4185.39990234375,109.0,yahoo,GC=F
2026-10-01T07:28:00Z,4185.2998046875,4186.89990234375,4185.2998046875,4186.60009765625,72.0,yahoo,GC=F
2026-10-01T07:29:00Z,4186.60009765625,4188.2001953125,4185.5,4186.39990234375,219.0,yahoo,GC=F
2026-10-01T07:30:00Z,4186.39990234375,4187.7998046875,4185.2001953125,4185.2998046875,206.0,yahoo,GC=F
2026-10-01T07:31:00Z,4185.2998046875,4188.0,4184.2001953125,4187.89990234375,265.0,yahoo,GC=F
2026-10-01T07:32:00Z,4187.5,4193.39990234375,4187.5,4193.2001953125,383.0,yahoo,GC=F
2026-10-01T07:33:00Z,4192.89990234375,4194.5,4192.7998046875,4193.2998046875,155.0,yahoo,GC=F
2026-10-01T07:34:00Z,4193.60009765625,4195.0,4192.7001953125,4194.2998046875,150.0,yahoo,GC=F
2026-10-01T07:35:00Z,4194.2998046875,4194.89990234375,4193.0,4193.39990234375,86.0,yahoo,GC=F
2026-10-01T07:36:00Z,4192.60009765625,4193.0,4190.10009765625,4191.2998046875,172.0,yahoo,GC=F
2026-10-01T07:37:00Z,4191.60009765625,4191.60009765625,4189.7998046875,4190.7998046875,59.0,yahoo,GC=F
2026-10-01T07:38:00Z,4190.39990234375,4192.5,4190.39990234375,4192.10009765625,55.0,yahoo,GC=F
2026-10-01T07:39:00Z,4192.39990234375,4192.7001953125,4190.7998046875,4190.7998046875,43.0,yahoo,GC=F
2026-10-01T07:40:00Z,4190.2998046875,4191.7001953125,4189.89990234375,4191.60009765625,115.0,yahoo,GC=F
2026-10-01T07:41:00Z,4192.0,4192.7001953125,4191.89990234375,4192.7001953125,10.0,yahoo,GC=F
2026-10-01T07:42:00Z,4192.5,4193.89990234375,4191.89990234375,4192.5,78.0,yahoo,GC=F
2026-10-01T07:43:00Z,4192.7998046875,4193.2001953125,4190.7998046875,4190.7998046875,78.0,yahoo,GC=F
2026-10-01T07:44:00Z,4190.7998046875,4195.39990234375,4190.60009765625,4193.39990234375,249.0,yahoo,GC=F
2026-10-01T07:45:00Z,4193.39990234375,4195.2001953125,4193.0,4193.89990234375,95.0,yahoo,GC=F
2026-10-01T07:46:00Z,4194.10009765625,4196.2998046875,4193.60009765625,4195.10009765625,70.0,yahoo,GC=F
2026-10-01T07:47:00Z,4195.2998046875,4196.7001953125,4195.2001953125,4196.2001953125,98.0,yahoo,GC=F
2026-10-01T07:48:00Z,4196.5,4196.5,4192.39990234375,4192.7001953125,95.0,yahoo,GC=F
2026-10-01T07:49:00Z,4193.0,4193.60009765625,4192.39990234375,4193.60009765625,24.0,yahoo,GC=F
2026-10-01T07:50:00Z,4193.7001953125,4194.89990234375,4193.60009765625,4194.5,42.0,yahoo,GC=F
2026-10-01T07:51:00Z,4194.39990234375,4196.0,4193.5,4193.7998046875,93.0,yahoo,GC=F
2026-10-01T07:52:00Z,4193.5,4193.7998046875,4191.89990234375,4192.2001953125,31.0,yahoo,GC=F
2026-10-01T07:53:00Z,4192.7998046875,4195.39990234375,4192.7001953125,4195.39990234375,38.0,yahoo,GC=F
2026-10-01T07:54:00Z,4195.2001953125,4196.7001953125,4195.0,4195.89990234375,113.0,yahoo,GC=F
2026-10-01T07:55:00Z,4195.7001953125,4196.2998046875,4195.2001953125,4196.2998046875,120.0,yahoo,GC=F
2026-10-01T07:56:00Z,4195.89990234375,4196.5,4193.7998046875,4194.0,97.0,yahoo,GC=F
2026-10-01T07:57:00Z,4194.5,4194.5,4193.5,4194.2001953125,54.0,yahoo,GC=F
2026-10-01T07:58:00Z,4193.60009765625,4194.39990234375,4192.0,4194.39990234375,56.0,yahoo,GC=F
2026-10-01T07:59:00Z,4194.2001953125,4194.7001953125,4193.2998046875,4193.7001953125,106.0,yahoo,GC=F
2026-10-01T08:00:00Z,4193.7998046875,4196.0,4193.5,4195.7998046875,66.0,yahoo,GC=F
2026-10-01T08:01:00Z,4195.2001953125,4195.60009765625,4194.10009765625,4194.5,27.0,yahoo,GC=F
2026-10-01T08:02:00Z,4194.7998046875,4195.89990234375,4194.39990234375,4194.39990234375,67.0,yahoo,GC=F
2026-10-01T08:03:00Z,4193.89990234375,4196.2001953125,4193.7001953125,4195.0,52.0,yahoo,GC=F
2026-10-01T08:04:00Z,4194.7998046875,4197.2998046875,4194.60009765625,4197.2998046875,81.0,yahoo,GC=F
2026-10-01T08:05:00Z,4197.10009765625,4197.89990234375,4196.39990234375,4196.39990234375,66.0,yahoo,GC=F
2026-10-01T08:06:00Z,4196.39990234375,4196.89990234375,4195.60009765625,4196.60009765625,67.0,yahoo,GC=F
2026-10-01T08:07:00Z,4196.39990234375,4196.5,4194.5,4195.0,45.0,yahoo,GC=F
2026-10-01T08:08:00Z,4193.89990234375,4194.0,4192.7998046875,4192.89990234375,50.0,yahoo,GC=F
2026-10-01T08:09:00Z,4192.7001953125,4193.39990234375,4191.60009765625,4193.10009765625,72.0,yahoo,GC=F
2026-10-01T08:10:00Z,4193.10009765625,4194.39990234375,4192.10009765625,4193.7001953125,62.0,yahoo,GC=F
2026-10-01T08:11:00Z,4194.0,4194.10009765625,4190.2998046875,4190.7998046875,125.0,yahoo,GC=F
2026-10-01T08:12:00Z,4190.2998046875,4190.39990234375,4188.2998046875,4189.5,117.0,yahoo,GC=F
2026-10-01T08:13:00Z,4188.7998046875,4189.5,4188.7001953125,4189.10009765625,111.0,yahoo,GC=F
2026-10-01T08:14:00Z,4189.0,4189.60009765625,4188.60009765625,4189.5,61.0,yahoo,GC=F
2026-10-01T08:15:00Z,4189.39990234375,4191.60009765625,4189.39990234375,4190.89990234375,134.0,yahoo,GC=F
2026-10-01T08:16:00Z,4191.2998046875,4191.39990234375,4189.89990234375,4189.89990234375,59.0,yahoo,GC=F
2026-10-01T08:17:00Z,4189.7998046875,4189.7998046875,4187.5,4187.7001953125,105.0,yahoo,GC=F
2026-10-01T08:18:00Z,4187.5,4189.2998046875,4187.5,4188.2998046875,52.0,yahoo,GC=F
2026-10-01T08:19:00Z,4187.5,4187.5,4185.89990234375,4186.2001953125,71.0,yahoo,GC=F
2026-10-01T08:20:00Z,4186.5,4186.60009765625,4184.5,4184.89990234375,194.0,yahoo,GC=F
2026-10-01T08:21:00Z,4184.89990234375,4186.7998046875,4184.39990234375,4185.5,158.0,yahoo,GC=F
2026-10-01T08:22:00Z,4185.60009765625,4187.5,4185.60009765625,4187.2998046875,82.0,yahoo,GC=F
2026-10-01T08:23:00Z,4187.5,4188.39990234375,4186.2001953125,4186.7001953125,75.0,yahoo,GC=F
2026-10-01T08:24:00Z,4186.39990234375,4187.0,4186.0,4186.5,32.0,yahoo,GC=F
2026-10-01T08:25:00Z,4186.7001953125,4190.5,4186.5,4190.5,104.0,yahoo,GC=F
2026-10-01T08:26:00Z,4190.60009765625,4192.39990234375,4190.2998046875,4191.89990234375,78.0,yahoo,GC=F
2026-10-01T08:27:00Z,4192.10009765625,4192.39990234375,4191.39990234375,4191.7001953125,62.0,yahoo,GC=F
2026-10-01T08:28:00Z,4191.39990234375,4191.7998046875,4189.5,4189.5,66.0,yahoo,GC=F
2026-10-01T08:29:00Z,4189.39990234375,4189.7998046875,4186.60009765625,4186.60009765625,100.0,yahoo,GC=F
2026-10-01T08:30:00Z,4186.60009765625,4187.39990234375,4185.0,4185.7998046875,133.0,yahoo,GC=F
2026-10-01T08:31:00Z,4185.7998046875,4186.39990234375,4185.2001953125,4185.2998046875,56.0,yahoo,GC=F
2026-10-01T08:32:00Z,4184.60009765625,4185.0,4183.7998046875,4184.7001953125,227.0,yahoo,GC=F
2026-10-01T08:33:00Z,4184.2001953125,4187.0,4184.2001953125,4186.89990234375,73.0,yahoo,GC=F
2026-10-01T08:34:00Z,4186.60009765625,4188.0,4186.2001953125,4187.60009765625,56.0,yahoo,GC=F
2026-10-01T08:35:00Z,4187.60009765625,4188.2998046875,4187.2998046875,4187.5,71.0,yahoo,GC=F
2026-10-01T08:36:00Z,4187.39990234375,4188.0,4185.7998046875,4186.39990234375,81.0,yahoo,GC=F
2026-10-01T08:37:00Z,4187.10009765625,4187.60009765625,4186.39990234375,4186.89990234375,21.0,yahoo,GC=F
2026-10-01T08:38:00Z,4186.2001953125,4187.89990234375,4186.10009765625,4186.39990234375,50.0,yahoo,GC=F
2026-10-01T08:39:00Z,4186.60009765625,4187.89990234375,4185.7001953125,4186.7001953125,121.0,yahoo,GC=F
2026-10-01T08:40:00Z,4187.0,4187.7998046875,4185.7998046875,4185.7998046875,61.0,yahoo,GC=F
2026-10-01T08:41:00Z,4185.39990234375,4185.39990234375,4182.5,4182.7998046875,315.0,yahoo,GC=F
2026-10-01T08:42:00Z,4183.0,4183.0,4180.89990234375,4181.0,220.0,yahoo,GC=F
2026-10-01T08:43:00Z,4181.2001953125,4181.2001953125,4179.10009765625,4180.89990234375,171.0,yahoo,GC=F
2026-10-01T08:44:00Z,4181.0,4181.60009765625,4180.39990234375,4181.5,105.0,yahoo,GC=F
2026-10-01T08:45:00Z,4181.2001953125,4181.2001953125,4178.39990234375,4179.89990234375,148.0,yahoo,GC=F
2026-10-01T08:46:00Z,4179.5,4181.0,4179.2001953125,4181.0,38.0,yahoo,GC=F
2026-10-01T08:47:00Z,4181.10009765625,4183.10009765625,4180.89990234375,4182.2998046875,137.0,yahoo,GC=F
2026-10-01T08:48:00Z,4182.2998046875,4183.7998046875,4182.0,4183.7998046875,90.0,yahoo,GC=F
2026-10-01T08:49:00Z,4183.39990234375,4184.10009765625,4182.5,4184.10009765625,51.0,yahoo,GC=F
2026-10-01T08:50:00Z,4184.2001953125,4184.2998046875,4183.39990234375,4183.89990234375,72.0,yahoo,GC=F
2026-10-01T08:51:00Z,4183.7998046875,4184.89990234375,4182.7001953125,4183.7001953125,75.0,yahoo,GC=F
2026-10-01T08:52:00Z,4183.7998046875,4184.60009765625,4182.39990234375,4182.39990234375,35.0,yahoo,GC=F
2026-10-01T08:53:00Z,4182.60009765625,4182.7001953125,4180.7001953125,4181.2001953125,61.0,yahoo,GC=F
2026-10-01T08:54:00Z,4181.2998046875,4181.7001953125,4180.10009765625,4180.89990234375,25.0,yahoo,GC=F
2026-10-01T08:55:00Z,4180.89990234375,4183.10009765625,4180.89990234375,4183.0,206.0,yahoo,GC=F
2026-10-01T08:56:00Z,4183.2001953125,4183.89990234375,4182.10009765625,4182.2998046875,51.0,yahoo,GC=F
2026-10-01T08:57:00Z,4182.0,4183.0,4182.0,4182.7998046875,43.0,yahoo,GC=F
2026-10-01T08:58:00Z,4182.60009765625,4183.2998046875,4181.60009765625,4181.60009765625,81.0,yahoo,GC=F
2026-10-01T08:59:00Z,4181.2998046875,4183.10009765625,4181.2001953125,4182.7998046875,59.0,yahoo,GC=F
2026-10-01T09:00:00Z,4182.2998046875,4183.7998046875,4182.10009765625,4183.7998046875,56.0,yahoo,GC=F
2026-10-01T09:01:00Z,4183.7998046875,4183.7998046875,4183.0,4183.2001953125,24.0,yahoo,GC=F
2026-10-01T09:02:00Z,4183.2001953125,4184.89990234375,4183.0,4183.10009765625,58.0,yahoo,GC=F
2026-10-01T09:03:00Z,4183.0,4185.39990234375,4182.7001953125,4185.39990234375,48.0,yahoo,GC=F
2026-10-01T09:04:00Z,4185.10009765625,4187.60009765625,4184.5,4187.60009765625,105.0,yahoo,GC=F
2026-10-01T09:05:00Z,4187.2001953125,4188.2001953125,4187.10009765625,4187.39990234375,69.0,yahoo,GC=F
2026-10-01T09:06:00Z,4187.2998046875,4188.2001953125,4186.2001953125,4188.2001953125,59.0,yahoo,GC=F
2026-10-01T09:07:00Z,4188.10009765625,4188.7998046875,4187.60009765625,4188.5,116.0,yahoo,GC=F
2026-10-01T09:08:00Z,4188.7998046875,4189.60009765625,4188.39990234375,4189.0,96.0,yahoo,GC=F
2026-10-01T09:09:00Z,4189.0,4189.7001953125,4188.7998046875,4188.89990234375,26.0,yahoo,GC=F
2026-10-01T09:10:00Z,4189.0,4190.2001953125,4189.0,4190.10009765625,88.0,yahoo,GC=F
2026-10-01T09:11:00Z,4190.0,4190.10009765625,4189.39990234375,4189.89990234375,24.0,yahoo,GC=F
2026-10-01T09:12:00Z,4190.2998046875,4191.0,4189.89990234375,4190.5,66.0,yahoo,GC=F
2026-10-01T09:13:00Z,4190.7998046875,4191.60009765625,4189.89990234375,4191.2001953125,110.0,yahoo,GC=F
2026-10-01T09:14:00Z,4191.2998046875,4191.39990234375,4189.7001953125,4190.60009765625,60.0,yahoo,GC=F
2026-10-01T09:15:00Z,4190.60009765625,4191.7998046875,4189.0,4189.60009765625,116.0,yahoo,GC=F
2026-10-01T09:16:00Z,4189.39990234375,4191.0,4189.39990234375,4189.89990234375,45.0,yahoo,GC=F
2026-10-01T09:17:00Z,4190.10009765625,4190.60009765625,4189.5,4190.0,66.0,yahoo,GC=F
2026-10-01T09:18:00Z,4190.39990234375,4190.5,4189.5,4189.7001953125,50.0,yahoo,GC=F
2026-10-01T09:19:00Z,4189.60009765625,4190.2001953125,4188.7998046875,4189.2998046875,54.0,yahoo,GC=F
2026-10-01T09:20:00Z,4189.2001953125,4190.2001953125,4188.2998046875,4189.0,61.0,yahoo,GC=F
2026-10-01T09:21:00Z,4189.2001953125,4192.0,4187.89990234375,4188.89990234375,343.0,yahoo,GC=F
2026-10-01T09:22:00Z,4188.89990234375,4190.10009765625,4188.7998046875,4189.5,42.0,yahoo,GC=F
2026-10-01T09:23:00Z,4189.89990234375,4190.7998046875,4189.7001953125,4190.0,23.0,yahoo,GC=F
2026-10-01T09:24:00Z,4190.39990234375,4192.2998046875,4190.39990234375,4190.60009765625,41.0,yahoo,GC=F
2026-10-01T09:25:00Z,4190.2001953125,4190.39990234375,4189.0,4189.2998046875,49.0,yahoo,GC=F
2026-10-01T09:26:00Z,4189.2001953125,4189.7998046875,4188.7001953125,4189.60009765625,35.0,yahoo,GC=F
2026-10-01T09:27:00Z,4189.5,4190.5,4189.39990234375,4190.2998046875,70.0,yahoo,GC=F
2026-10-01T09:28:00Z,4190.2998046875,4190.60009765625,4189.0,4189.0,55.0,yahoo,GC=F
2026-10-01T09:29:00Z,4189.0,4190.10009765625,4188.7998046875,4188.89990234375,32.0,yahoo,GC=F
2026-10-01T09:30:00Z,4189.10009765625,4191.2998046875,4189.0,4190.7998046875,96.0,yahoo,GC=F
2026-10-01T09:31:00Z,4190.39990234375,4190.5,4188.7998046875,4190.39990234375,197.0,yahoo,GC=F
2026-10-01T09:32:00Z,4190.2001953125,4190.89990234375,4189.2998046875,4190.2998046875,142.0,yahoo,GC=F
2026-10-01T09:33:00Z,4190.39990234375,4191.5,4190.39990234375,4191.5,29.0,yahoo,GC=F
2026-10-01T09:34:00Z,4191.5,4192.0,4191.39990234375,4191.7001953125,41.0,yahoo,GC=F
2026-10-01T09:35:00Z,4191.7998046875,4193.0,4191.7998046875,4192.2001953125,61.0,yahoo,GC=F
2026-10-01T09:36:00Z,4192.10009765625,4192.39990234375,4190.5,4190.7001953125,59.0,yahoo,GC=F
2026-10-01T09:37:00Z,4190.60009765625,4191.2001953125,4190.39990234375,4191.10009765625,47.0,yahoo,GC=F
2026-10-01T09:38:00Z,4191.39990234375,4192.2998046875,4191.2998046875,4192.0,37.0,yahoo,GC=F
2026-10-01T09:39:00Z,4191.7001953125,4192.10009765625,4191.10009765625,4192.10009765625,16.0,yahoo,GC=F
2026-10-01T09:40:00Z,4191.7998046875,4192.0,4191.5,4191.89990234375,18.0,yahoo,GC=F
2026-10-01T09:41:00Z,4191.89990234375,4192.60009765625,4191.60009765625,4192.0,34.0,yahoo,GC=F
2026-10-01T09:42:00Z,4191.7001953125,4191.89990234375,4190.89990234375,4191.39990234375,23.0,yahoo,GC=F
2026-10-01T09:43:00Z,4191.2998046875,4192.0,4191.10009765625,4192.0,20.0,yahoo,GC=F
2026-10-01T09:44:00Z,4191.7998046875,4191.89990234375,4190.7001953125,4191.10009765625,33.0,yahoo,GC=F
2026-10-01T09:45:00Z,4191.2001953125,4192.5,4190.5,4192.5,44.0,yahoo,GC=F
2026-10-01T09:46:00Z,4192.5,4193.2001953125,4191.60009765625,4192.2001953125,38.0,yahoo,GC=F
2026-10-01T09:47:00Z,4191.7998046875,4192.5,4191.5,4192.39990234375,112.0,yahoo,GC=F
2026-10-01T09:48:00Z,4192.5,4193.5,4192.5,4192.7998046875,37.0,yahoo,GC=F
2026-10-01T09:49:00Z,4192.60009765625,4192.60009765625,4191.5,4191.5,24.0,yahoo,GC=F
2026-10-01T09:50:00Z,4191.10009765625,4191.10009765625,4189.7998046875,4190.2998046875,44.0,yahoo,GC=F
2026-10-01T09:51:00Z,4189.89990234375,4191.39990234375,4189.7001953125,4191.39990234375,27.0,yahoo,GC=F
2026-10-01T09:52:00Z,4191.0,4191.10009765625,4190.60009765625,4190.7001953125,13.0,yahoo,GC=F
2026-10-01T09:53:00Z,4190.7998046875,4191.0,4189.5,4189.7998046875,25.0,yahoo,GC=F
2026-10-01T09:54:00Z,4189.39990234375,4189.39990234375,4187.39990234375,4187.60009765625,76.0,yahoo,GC=F
2026-10-01T09:55:00Z,4187.5,4188.10009765625,4184.60009765625,4184.7998046875,135.0,yahoo,GC=F
2026-10-01T09:56:00Z,4185.0,4185.0,4183.5,4184.60009765625,167.0,yahoo,GC=F
2026-10-01T09:57:00Z,4184.7001953125,4186.7001953125,4184.39990234375,4186.10009765625,54.0,yahoo,GC=F
2026-10-01T09:58:00Z,4185.89990234375,4185.89990234375,4185.5,4185.7998046875,21.0,yahoo,GC=F
2026-10-01T09:59:00Z,4185.7998046875,4185.7998046875,4184.10009765625,4184.10009765625,55.0,yahoo,GC=F
2026-10-01T10:00:00Z,4184.10009765625,4185.60009765625,4182.7001953125,4184.0,190.0,yahoo,GC=F
2026-10-01T10:01:00Z,4183.60009765625,4183.60009765625,4182.60009765625,4183.10009765625,43.0,yahoo,GC=F
2026-10-01T10:02:00Z,4183.2998046875,4183.2998046875,4179.89990234375,4181.10009765625,117.0,yahoo,GC=F
2026-10-01T10:03:00Z,4180.89990234375,4182.0,4180.5,4181.60009765625,77.0,yahoo,GC=F
2026-10-01T10:04:00Z,4181.7001953125,4183.39990234375,4181.7001953125,4182.60009765625,39.0,yahoo,GC=F
2026-10-01T10:05:00Z,4182.10009765625,4183.10009765625,4181.7001953125,4181.7001953125,40.0,yahoo,GC=F
2026-10-01T10:06:00Z,4181.5,4183.2001953125,4181.39990234375,4183.2001953125,37.0,yahoo,GC=F
2026-10-01T10:07:00Z,4182.89990234375,4184.89990234375,4182.7998046875,4184.2998046875,53.0,yahoo,GC=F
2026-10-01T10:08:00Z,4184.2998046875,4184.60009765625,4183.5,4183.7998046875,35.0,yahoo,GC=F
2026-10-01T10:09:00Z,4184.2001953125,4185.5,4184.2001953125,4184.2998046875,37.0,yahoo,GC=F
2026-10-01T10:10:00Z,4184.0,4184.39990234375,4183.5,4183.89990234375,31.0,yahoo,GC=F
2026-10-01T10:11:00Z,4183.7998046875,4186.0,4183.7001953125,4186.0,61.0,yahoo,GC=F
2026-10-01T10:12:00Z,4186.10009765625,4187.2998046875,4185.89990234375,4187.2998046875,35.0,yahoo,GC=F
2026-10-01T10:13:00Z,4187.5,4187.89990234375,4186.89990234375,4187.39990234375,21.0,yahoo,GC=F
2026-10-01T10:14:00Z,4187.7001953125,4188.89990234375,4187.39990234375,4188.89990234375,41.0,yahoo,GC=F
2026-10-01T10:15:00Z,4188.60009765625,4189.5,4188.5,4189.39990234375,61.0,yahoo,GC=F
2026-10-01T10:16:00Z,4189.39990234375,4189.39990234375,4187.7998046875,4188.10009765625,20.0,yahoo,GC=F
2026-10-01T10:17:00Z,4188.10009765625,4190.89990234375,4188.10009765625,4189.60009765625,151.0,yahoo,GC=F
2026-10-01T10:18:00Z,4189.39990234375,4193.0,4189.2998046875,4192.7001953125,193.0,yahoo,GC=F
2026-10-01T10:19:00Z,4192.10009765625,4192.39990234375,4191.60009765625,4192.10009765625,42.0,yahoo,GC=F
2026-10-01T10:20:00Z,4192.2998046875,4195.2998046875,4192.10009765625,4194.7001953125,101.0,yahoo,GC=F
2026-10-01T10:21:00Z,4194.39990234375,4195.2998046875,4192.0,4192.2001953125,98.0,yahoo,GC=F
2026-10-01T10:22:00Z,4192.2001953125,4192.7998046875,4191.60009765625,4191.89990234375,40.0,yahoo,GC=F
2026-10-01T10:23:00Z,4192.0,4193.2001953125,4191.5,4193.0,43.0,yahoo,GC=F
2026-10-01T10:24:00Z,4193.0,4194.89990234375,4192.5,4194.60009765625,48.0,yahoo,GC=F
2026-10-01T10:25:00Z,4194.2998046875,4195.7998046875,4194.2001953125,4195.5,43.0,yahoo,GC=F
2026-10-01T10:26:00Z,4195.39990234375,4196.0,4194.7001953125,4194.7001953125,40.0,yahoo,GC=F
2026-10-01T10:27:00Z,4194.60009765625,4195.2998046875,4193.89990234375,4194.10009765625,90.0,yahoo,GC=F
2026-10-01T10:28:00Z,4194.10009765625,4195.2998046875,4193.7001953125,4194.2998046875,59.0,yahoo,GC=F
2026-10-01T10:29:00Z,4193.89990234375,4197.39990234375,4193.89990234375,4197.39990234375,158.0,yahoo,GC=F
2026-10-01T10:30:00Z,4197.39990234375,4197.7998046875,4196.60009765625,4197.7001953125,91.0,yahoo,GC=F
2026-10-01T10:31:00Z,4197.5,4198.2001953125,4197.39990234375,4197.7001953125,57.0,yahoo,GC=F
2026-10-01T10:32:00Z,4197.60009765625,4198.39990234375,4197.5,4197.5,38.0,yahoo,GC=F
2026-10-01T10:33:00Z,4197.2998046875,4197.2998046875,4196.89990234375,4197.2001953125,28.0,yahoo,GC=F
2026-10-01T10:34:00Z,4197.2001953125,4200.39990234375,4197.2001953125,4200.2998046875,253.0,yahoo,GC=F
2026-10-01T10:35:00Z,4200.5,4201.60009765625,4199.7001953125,4200.2998046875,150.0,yahoo,GC=F
2026-10-01T10:36:00Z,4200.2998046875,4202.10009765625,4200.2998046875,4202.10009765625,76.0,yahoo,GC=F
2026-10-01T10:37:00Z,4202.0,4202.2001953125,4199.10009765625,4199.2001953125,116.0,yahoo,GC=F
2026-10-01T10:38:00Z,4199.10009765625,4199.2998046875,4198.2001953125,4198.5,41.0,yahoo,GC=F
2026-10-01T10:39:00Z,4198.89990234375,4199.2001953125,4198.2998046875,4198.60009765625,19.0,yahoo,GC=F
2026-10-01T10:40:00Z,4198.5,4198.60009765625,4198.10009765625,4198.2998046875,12.0,yahoo,GC=F
2026-10-01T10:41:00Z,4198.10009765625,4198.10009765625,4197.39990234375,4197.60009765625,35.0,yahoo,GC=F
2026-10-01T10:42:00Z,4197.7001953125,4201.5,4197.7001953125,4200.7998046875,232.0,yahoo,GC=F
2026-10-01T10:43:00Z,4200.5,4202.2001953125,4200.0,4201.89990234375,40.0,yahoo,GC=F
2026-10-01T10:44:00Z,4200.7998046875,4201.5,4200.5,4201.5,34.0,yahoo,GC=F
2026-10-01T10:45:00Z,4201.10009765625,4202.10009765625,4200.7998046875,4202.10009765625,76.0,yahoo,GC=F
2026-10-01T10:46:00Z,4202.10009765625,4204.89990234375,4201.7001953125,4204.39990234375,267.0,yahoo,GC=F
2026-10-01T10:47:00Z,4204.5,4207.2001953125,4204.39990234375,4207.0,276.0,yahoo,GC=F
2026-10-01T10:48:00Z,4206.89990234375,4207.2001953125,4204.7998046875,4205.0,384.0,yahoo,GC=F
2026-10-01T10:49:00Z,4204.89990234375,4204.89990234375,4202.2001953125,4204.2001953125,121.0,yahoo,GC=F
2026-10-01T10:50:00Z,4204.39990234375,4205.60009765625,4204.0,4204.5,82.0,yahoo,GC=F
2026-10-01T10:51:00Z,4204.60009765625,4205.39990234375,4204.5,4205.10009765625,61.0,yahoo,GC=F
2026-10-01T10:52:00Z,4205.5,4206.7001953125,4205.2001953125,4205.89990234375,90.0,yahoo,GC=F
2026-10-01T10:53:00Z,4206.0,4207.60009765625,4205.5,4206.2998046875,213.0,yahoo,GC=F
2026-10-01T10:54:00Z,4206.2998046875,4208.5,4206.2998046875,4208.2998046875,181.0,yahoo,GC=F
2026-10-01T10:55:00Z,4208.10009765625,4208.10009765625,4206.2998046875,4206.7001953125,67.0,yahoo,GC=F
2026-10-01T10:56:00Z,4206.5,4206.7001953125,4205.10009765625,4205.10009765625,79.0,yahoo,GC=F
2026-10-01T10:57:00Z,4204.89990234375,4205.39990234375,4204.39990234375,4204.60009765625,46.0,yahoo,GC=F
2026-10-01T10:58:00Z,4204.5,4205.2001953125,4204.10009765625,4204.7998046875,57.0,yahoo,GC=F
2026-10-01T10:59:00Z,4204.89990234375,4206.10009765625,4204.89990234375,4205.89990234375,36.0,yahoo,GC=F
2026-10-01T11:00:00Z,4206.10009765625,4206.10009765625,4203.89990234375,4204.10009765625,63.0,yahoo,GC=F
2026-10-01T11:01:00Z,4203.7998046875,4203.7998046875,4201.89990234375,4202.89990234375,173.0,yahoo,GC=F
2026-10-01T11:02:00Z,4203.10009765625,4205.60009765625,4203.10009765625,4203.89990234375,252.0,yahoo,GC=F
2026-10-01T11:03:00Z,4203.7001953125,4204.2001953125,4203.0,4204.2001953125,28.0,yahoo,GC=F
2026-10-01T11:04:00Z,4203.60009765625,4203.60009765625,4202.7001953125,4203.10009765625,35.0,yahoo,GC=F
2026-10-01T11:05:00Z,4203.2001953125,4203.7001953125,4201.2001953125,4202.10009765625,201.0,yahoo,GC=F
2026-10-01T11:06:00Z,4202.10009765625,4202.5,4200.7998046875,4201.0,144.0,yahoo,GC=F
2026-10-01T11:07:00Z,4201.2001953125,4202.7001953125,4200.0,4202.5,84.0,yahoo,GC=F
2026-10-01T11:08:00Z,4202.60009765625,4202.60009765625,4200.89990234375,4200.89990234375,27.0,yahoo,GC=F
2026-10-01T11:09:00Z,4201.2001953125,4201.2001953125,4200.10009765625,4200.7001953125,28.0,yahoo,GC=F
2026-10-01T11:10:00Z,4200.60009765625,4201.2001953125,4199.7001953125,4201.0,46.0,yahoo,GC=F
2026-10-01T11:11:00Z,4201.0,4201.60009765625,4200.60009765625,4200.60009765625,23.0,yahoo,GC=F
2026-10-01T11:12:00Z,4200.60009765625,4200.7998046875,4199.89990234375,4200.0,36.0,yahoo,GC=F
2026-10-01T11:13:00Z,4200.2001953125,4201.39990234375,4199.60009765625,4200.39990234375,105.0,yahoo,GC=F
2026-10-01T11:14:00Z,4200.2001953125,4200.2998046875,4198.7001953125,4199.2001953125,81.0,yahoo,GC=F
2026-10-01T11:15:00Z,4199.2001953125,4199.2001953125,4197.2998046875,4197.7998046875,112.0,yahoo,GC=F
2026-10-01T11:16:00Z,4197.7998046875,4198.2001953125,4197.2998046875,4197.2998046875,44.0,yahoo,GC=F
2026-10-01T11:17:00Z,4197.60009765625,4197.7998046875,4196.7998046875,4197.10009765625,43.0,yahoo,GC=F
2026-10-01T11:18:00Z,4197.10009765625,4197.89990234375,4196.7001953125,4197.39990234375,38.0,yahoo,GC=F
2026-10-01T11:19:00Z,4197.5,4198.2001953125,4196.7998046875,4197.60009765625,54.0,yahoo,GC=F
2026-10-01T11:20:00Z,4197.60009765625,4197.7001953125,4196.39990234375,4196.60009765625,54.0,yahoo,GC=F
2026-10-01T11:21:00Z,4196.60009765625,4198.10009765625,4196.39990234375,4197.7001953125,49.0,yahoo,GC=F
2026-10-01T11:22:00Z,4197.39990234375,4200.2998046875,4197.2001953125,4199.39990234375,144.0,yahoo,GC=F
2026-10-01T11:23:00Z,4198.5,4199.89990234375,4198.5,4199.2001953125,42.0,yahoo,GC=F
2026-10-01T11:24:00Z,4199.10009765625,4199.2998046875,4198.60009765625,4199.0,26.0,yahoo,GC=F
2026-10-01T11:25:00Z,4199.39990234375,4201.2998046875,4199.39990234375,4200.89990234375,45.0,yahoo,GC=F
2026-10-01T11:26:00Z,4200.7001953125,4201.2001953125,4200.2001953125,4200.89990234375,35.0,yahoo,GC=F
2026-10-01T11:27:00Z,4200.7998046875,4203.0,4200.2001953125,4202.89990234375,115.0,yahoo,GC=F
2026-10-01T11:28:00Z,4202.89990234375,4202.89990234375,4201.2998046875,4201.2998046875,40.0,yahoo,GC=F
2026-10-01T11:29:00Z,4201.2001953125,4202.10009765625,4201.2001953125,4201.7001953125,25.0,yahoo,GC=F
2026-10-01T11:30:00Z,4201.5,4202.10009765625,4201.0,4202.10009765625,48.0,yahoo,GC=F
2026-10-01T11:31:00Z,4202.2001953125,4203.0,4201.5,4201.5,27.0,yahoo,GC=F
2026-10-01T11:32:00Z,4201.10009765625,4202.7998046875,4201.10009765625,4201.7998046875,18.0,yahoo,GC=F
2026-10-01T11:33:00Z,4202.2001953125,4202.2001953125,4201.7001953125,4202.0,18.0,yahoo,GC=F
2026-10-01T11:34:00Z,4201.7998046875,4202.89990234375,4201.5,4201.60009765625,27.0,yahoo,GC=F
2026-10-01T11:35:00Z,4201.7001953125,4203.39990234375,4201.39990234375,4203.2001953125,44.0,yahoo,GC=F
2026-10-01T11:36:00Z,4202.89990234375,4205.2998046875,4202.89990234375,4204.2001953125,98.0,yahoo,GC=F
2026-10-01T11:37:00Z,4204.7998046875,4206.2998046875,4204.60009765625,4204.7001953125,47.0,yahoo,GC=F
2026-10-01T11:38:00Z,4205.0,4205.89990234375,4204.39990234375,4205.2998046875,38.0,yahoo,GC=F
2026-10-01T11:39:00Z,4205.7001953125,4207.7001953125,4205.7001953125,4206.89990234375,111.0,yahoo,GC=F
2026-10-01T11:40:00Z,4207.10009765625,4208.2998046875,4206.5,4208.0,70.0,yahoo,GC=F
2026-10-01T11:41:00Z,4207.89990234375,4209.2001953125,4207.89990234375,4208.7001953125,95.0,yahoo,GC=F
2026-10-01T11:42:00Z,4208.5,4209.7001953125,4207.7001953125,4208.39990234375,120.0,yahoo,GC=F
2026-10-01T11:43:00Z,4208.2998046875,4210.60009765625,4208.2998046875,4209.39990234375,130.0,yahoo,GC=F
2026-10-01T11:44:00Z,4209.2998046875,4209.5,4207.2998046875,4208.7998046875,101.0,yahoo,GC=F
2026-10-01T11:45:00Z,4208.89990234375,4210.0,4208.89990234375,4209.39990234375,56.0,yahoo,GC=F
2026-10-01T11:46:00Z,4209.39990234375,4211.5,4209.10009765625,4211.10009765625,100.0,yahoo,GC=F
2026-10-01T11:47:00Z,4211.2998046875,4213.2998046875,4210.7001953125,4213.2998046875,325.0,yahoo,GC=F
2026-10-01T11:48:00Z,4213.39990234375,4213.7001953125,4212.5,4212.89990234375,78.0,yahoo,GC=F
2026-10-01T11:49:00Z,4213.0,4213.10009765625,4211.7998046875,4212.5,55.0,yahoo,GC=F
2026-10-01T11:50:00Z,4212.2998046875,4213.7001953125,4211.39990234375,4213.2001953125,80.0,yahoo,GC=F
2026-10-01T11:51:00Z,4213.2998046875,4213.39990234375,4211.89990234375,4212.39990234375,42.0,yahoo,GC=F
2026-10-01T11:52:00Z,4212.2001953125,4212.7998046875,4211.2001953125,4212.60009765625,78.0,yahoo,GC=F
2026-10-01T11:53:00Z,4212.5,4213.10009765625,4212.2998046875,4212.60009765625,88.0,yahoo,GC=F
2026-10-01T11:54:00Z,4212.89990234375,4213.89990234375,4212.10009765625,4213.5,35.0,yahoo,GC=F
2026-10-01T11:55:00Z,4213.7001953125,4214.39990234375,4213.2998046875,4214.39990234375,69.0,yahoo,GC=F
2026-10-01T11:56:00Z,4214.2998046875,4214.7001953125,4213.89990234375,4214.0,60.0,yahoo,GC=F
2026-10-01T11:57:00Z,4214.5,4215.2998046875,4212.89990234375,4213.0,92.0,yahoo,GC=F
2026-10-01T11:58:00Z,4213.0,4213.7998046875,4212.7998046875,4213.7001953125,285.0,yahoo,GC=F
2026-10-01T11:59:00Z,4213.60009765625,4213.7998046875,4212.10009765625,4212.2001953125,98.0,yahoo,GC=F
2026-10-01T12:00:00Z,4212.5,4213.10009765625,4211.7998046875,4212.7998046875,137.0,yahoo,GC=F
2026-10-01T12:01:00Z,4212.7001953125,4213.10009765625,4210.7001953125,4212.10009765625,127.0,yahoo,GC=F
2026-10-01T12:02:00Z,4212.2001953125,4215.10009765625,4211.60009765625,4214.2001953125,172.0,yahoo,GC=F
2026-10-01T12:03:00Z,4214.2001953125,4215.10009765625,4213.7001953125,4214.2998046875,84.0,yahoo,GC=F
2026-10-01T12:04:00Z,4214.2001953125,4214.2001953125,4210.39990234375,4210.39990234375,177.0,yahoo,GC=F
2026-10-01T12:05:00Z,4210.5,4210.7998046875,4209.89990234375,4210.10009765625,139.0,yahoo,GC=F
2026-10-01T12:06:00Z,4209.89990234375,4210.0,4208.60009765625,4209.60009765625,116.0,yahoo,GC=F
2026-10-01T12:07:00Z,4209.5,4209.5,4208.0,4208.60009765625,60.0,yahoo,GC=F
2026-10-01T12:08:00Z,4208.5,4208.5,4207.60009765625,4207.89990234375,63.0,yahoo,GC=F
2026-10-01T12:09:00Z,4207.7001953125,4208.2998046875,4206.39990234375,4206.60009765625,241.0,yahoo,GC=F
2026-10-01T12:10:00Z,4206.39990234375,4207.5,4206.2001953125,4206.7001953125,159.0,yahoo,GC=F
2026-10-01T12:11:00Z,4207.0,4207.2001953125,4206.60009765625,4206.7998046875,39.0,yahoo,GC=F
2026-10-01T12:12:00Z,4207.0,4207.5,4206.2998046875,4206.89990234375,33.0,yahoo,GC=F
2026-10-01T12:13:00Z,4207.0,4207.0,4205.7998046875,4206.89990234375,34.0,yahoo,GC=F
2026-10-01T12:14:00Z,4207.10009765625,4207.10009765625,4205.89990234375,4206.2998046875,27.0,yahoo,GC=F
2026-10-01T12:15:00Z,4206.10009765625,4206.5,4205.2998046875,4206.39990234375,41.0,yahoo,GC=F
2026-10-01T12:16:00Z,4206.0,4206.39990234375,4205.39990234375,4205.5,75.0,yahoo,GC=F
2026-10-01T12:17:00Z,4205.5,4207.7001953125,4204.5,4207.2001953125,309.0,yahoo,GC=F
2026-10-01T12:18:00Z,4207.0,4209.7998046875,4206.89990234375,4208.39990234375,177.0,yahoo,GC=F
2026-10-01T12:19:00Z,4208.60009765625,4208.60009765625,4207.60009765625,4207.89990234375,73.0,yahoo,GC=F
2026-10-01T12:20:00Z,4208.10009765625,4209.89990234375,4206.10009765625,4206.89990234375,381.0,yahoo,GC=F
2026-10-01T12:21:00Z,4207.0,4209.2998046875,4206.39990234375,4208.7001953125,129.0,yahoo,GC=F
2026-10-01T12:22:00Z,4209.0,4209.2998046875,4207.7998046875,4208.10009765625,46.0,yahoo,GC=F
2026-10-01T12:23:00Z,4207.7998046875,4208.0,4204.60009765625,4205.10009765625,180.0,yahoo,GC=F
2026-10-01T12:24:00Z,4205.2998046875,4206.60009765625,4204.7001953125,4205.5,210.0,yahoo,GC=F
2026-10-01T12:25:00Z,4205.2998046875,4207.60009765625,4204.60009765625,4207.2998046875,147.0,yahoo,GC=F
2026-10-01T12:26:00Z,4207.60009765625,4208.2001953125,4204.60009765625,4207.10009765625,247.0,yahoo,GC=F
2026-10-01T12:27:00Z,4207.10009765625,4208.10009765625,4206.7998046875,4207.0,82.0,yahoo,GC=F
2026-10-01T12:28:00Z,4207.2998046875,4207.89990234375,4206.7001953125,4207.7001953125,54.0,yahoo,GC=F
2026-10-01T12:29:00Z,4207.60009765625,4209.7001953125,4207.5,4209.5,78.0,yahoo,GC=F
2026-10-01T12:30:00Z,4209.2001953125,4212.60009765625,4207.7998046875,4211.2001953125,406.0,yahoo,GC=F
2026-10-01T12:31:00Z,4211.2998046875,4214.2001953125,4210.5,4213.89990234375,131.0,yahoo,GC=F
2026-10-01T12:32:00Z,4213.5,4214.2001953125,4211.89990234375,4212.0,102.0,yahoo,GC=F
2026-10-01T12:33:00Z,4212.10009765625,4214.10009765625,4211.2001953125,4212.2998046875,102.0,yahoo,GC=F
2026-10-01T12:34:00Z,4212.39990234375,4214.89990234375,4212.10009765625,4213.39990234375,151.0,yahoo,GC=F
2026-10-01T12:35:00Z,4213.5,4215.10009765625,4212.7998046875,4214.2998046875,104.0,yahoo,GC=F
2026-10-01T12:36:00Z,4214.10009765625,4215.0,4212.7998046875,4213.7998046875,119.0,yahoo,GC=F
2026-10-01T12:37:00Z,4213.2001953125,4214.10009765625,4212.0,4213.5,93.0,yahoo,GC=F
2026-10-01T12:38:00Z,4213.10009765625,4213.7998046875,4211.7001953125,4212.0,172.0,yahoo,GC=F
2026-10-01T12:39:00Z,4211.7998046875,4214.89990234375,4211.60009765625,4214.2998046875,135.0,yahoo,GC=F
2026-10-01T12:40:00Z,4214.0,4216.7998046875,4213.7001953125,4216.0,137.0,yahoo,GC=F
2026-10-01T12:41:00Z,4215.7998046875,4216.7001953125,4214.7001953125,4214.7998046875,82.0,yahoo,GC=F
2026-10-01T12:42:00Z,4214.7998046875,4215.7001953125,4212.60009765625,4214.10009765625,97.0,yahoo,GC=F
2026-10-01T12:43:00Z,4214.10009765625,4215.2998046875,4212.7998046875,4213.2001953125,81.0,yahoo,GC=F
2026-10-01T12:44:00Z,4213.5,4213.7001953125,4211.39990234375,4212.2001953125,171.0,yahoo,GC=F
2026-10-01T12:45:00Z,4212.60009765625,4215.39990234375,4212.60009765625,4215.39990234375,130.0,yahoo,GC=F
2026-10-01T12:46:00Z,4215.5,4217.60009765625,4215.0,4217.2001953125,521.0,yahoo,GC=F
2026-10-01T12:47:00Z,4217.5,4217.7998046875,4213.5,4213.5,205.0,yahoo,GC=F
2026-10-01T12:48:00Z,4213.7998046875,4215.7998046875,4213.2001953125,4215.39990234375,80.0,yahoo,GC=F
2026-10-01T12:49:00Z,4214.89990234375,4215.7001953125,4213.7001953125,4214.2998046875,228.0,yahoo,GC=F
2026-10-01T12:50:00Z,4214.7001953125,4215.10009765625,4214.10009765625,4214.89990234375,76.0,yahoo,GC=F
2026-10-01T12:51:00Z,4214.89990234375,4215.5,4212.89990234375,4213.60009765625,116.0,yahoo,GC=F
2026-10-01T12:52:00Z,4213.2998046875,4214.0,4211.7001953125,4211.89990234375,68.0,yahoo,GC=F
2026-10-01T12:53:00Z,4211.7998046875,4212.0,4210.39990234375,4211.0,116.0,yahoo,GC=F
2026-10-01T12:54:00Z,4211.2001953125,4212.5,4211.2001953125,4212.2998046875,67.0,yahoo,GC=F
2026-10-01T12:55:00Z,4212.2998046875,4212.7001953125,4211.0,4211.0,48.0,yahoo,GC=F
2026-10-01T12:56:00Z,4211.2001953125,4211.7001953125,4209.7001953125,4209.89990234375,104.0,yahoo,GC=F
2026-10-01T12:57:00Z,4209.89990234375,4211.0,4209.2998046875,4211.0,42.0,yahoo,GC=F
2026-10-01T12:58:00Z,4210.7998046875,4211.0,4210.0,4210.89990234375,47.0,yahoo,GC=F
2026-10-01T12:59:00Z,4210.7001953125,4210.89990234375,4208.60009765625,4208.7998046875,71.0,yahoo,GC=F
2026-10-01T13:00:00Z,4208.89990234375,4211.7998046875,4207.7001953125,4208.2001953125,421.0,yahoo,GC=F
2026-10-01T13:01:00Z,4208.39990234375,4209.39990234375,4207.89990234375,4209.2001953125,104.0,yahoo,GC=F
2026-10-01T13:02:00Z,4209.39990234375,4211.10009765625,4209.2998046875,4209.7001953125,121.0,yahoo,GC=F
2026-10-01T13:03:00Z,4209.39990234375,4209.39990234375,4208.2998046875,4208.39990234375,70.0,yahoo,GC=F
2026-10-01T13:04:00Z,4208.2998046875,4208.89990234375,4206.2998046875,4206.39990234375,50.0,yahoo,GC=F
2026-10-01T13:05:00Z,4206.39990234375,4207.7998046875,4205.89990234375,4206.7998046875,136.0,yahoo,GC=F
2026-10-01T13:06:00Z,4206.7001953125,4206.7001953125,4205.7998046875,4206.10009765625,51.0,yahoo,GC=F
2026-10-01T13:07:00Z,4205.7001953125,4207.0,4205.39990234375,4206.2001953125,108.0,yahoo,GC=F
2026-10-01T13:08:00Z,4206.2001953125,4206.60009765625,4205.2998046875,4206.0,54.0,yahoo,GC=F
2026-10-01T13:09:00Z,4205.2998046875,4206.2001953125,4204.60009765625,4205.89990234375,115.0,yahoo,GC=F
2026-10-01T13:10:00Z,4205.5,4205.60009765625,4203.89990234375,4205.60009765625,79.0,yahoo,GC=F
2026-10-01T13:11:00Z,4205.5,4206.2998046875,4204.10009765625,4204.60009765625,80.0,yahoo,GC=F
2026-10-01T13:12:00Z,4204.7001953125,4205.5,4203.60009765625,4205.10009765625,99.0,yahoo,GC=F
2026-10-01T13:13:00Z,4205.2998046875,4205.7998046875,4203.10009765625,4203.89990234375,89.0,yahoo,GC=F
2026-10-01T13:14:00Z,4203.7998046875,4204.2001953125,4203.10009765625,4203.2001953125,155.0,yahoo,GC=F
2026-10-01T13:15:00Z,4203.0,4203.2001953125,4201.7001953125,4202.2001953125,283.0,yahoo,GC=F
2026-10-01T13:16:00Z,4202.10009765625,4202.10009765625,4200.2001953125,4200.7998046875,115.0,yahoo,GC=F
2026-10-01T13:17:00Z,4200.2001953125,4200.89990234375,4199.60009765625,4200.5,139.0,yahoo,GC=F
2026-10-01T13:18:00Z,4200.7998046875,4201.7998046875,4200.7998046875,4201.39990234375,76.0,yahoo,GC=F
2026-10-01T13:19:00Z,4201.7001953125,4204.10009765625,4201.0,4204.10009765625,214.0,yahoo,GC=F
2026-10-01T13:20:00Z,4204.39990234375,4204.7001953125,4202.0,4202.0,104.0,yahoo,GC=F
2026-10-01T13:21:00Z,4202.39990234375,4203.10009765625,4201.7998046875,4202.7001953125,89.0,yahoo,GC=F
2026-10-01T13:22:00Z,4202.7998046875,4204.7001953125,4202.60009765625,4203.89990234375,40.0,yahoo,GC=F
2026-10-01T13:23:00Z,4204.0,4204.39990234375,4202.10009765625,4202.2001953125,68.0,yahoo,GC=F
2026-10-01T13:24:00Z,4202.10009765625,4202.2001953125,4200.89990234375,4201.10009765625,39.0,yahoo,GC=F
2026-10-01T13:25:00Z,4201.39990234375,4202.0,4200.39990234375,4200.39990234375,62.0,yahoo,GC=F
2026-10-01T13:26:00Z,4200.10009765625,4201.39990234375,4200.10009765625,4201.2001953125,81.0,yahoo,GC=F
2026-10-01T13:27:00Z,4201.10009765625,4201.10009765625,4199.5,4200.2001953125,64.0,yahoo,GC=F
2026-10-01T13:28:00Z,4200.10009765625,4200.10009765625,4198.2998046875,4198.7998046875,112.0,yahoo,GC=F
2026-10-01T13:29:00Z,4198.89990234375,4198.89990234375,4197.10009765625,4197.10009765625,112.0,yahoo,GC=F
2026-10-01T13:30:00Z,4197.2998046875,4198.7998046875,4196.89990234375,4197.89990234375,290.0,yahoo,GC=F
2026-10-01T13:31:00Z,4197.7001953125,4201.2001953125,4197.10009765625,4197.60009765625,231.0,yahoo,GC=F
2026-10-01T13:32:00Z,4197.5,4200.7998046875,4195.89990234375,4200.7998046875,236.0,yahoo,GC=F
2026-10-01T13:33:00Z,4200.2001953125,4202.39990234375,4200.0,4200.60009765625,200.0,yahoo,GC=F
2026-10-01T13:34:00Z,4200.60009765625,4200.60009765625,4197.7001953125,4198.0,140.0,yahoo,GC=F
2026-10-01T13:35:00Z,4197.7001953125,4198.39990234375,4195.89990234375,4196.7998046875,206.0,yahoo,GC=F
2026-10-01T13:36:00Z,4196.89990234375,4197.2998046875,4195.7001953125,4196.7001953125,130.0,yahoo,GC=F
2026-10-01T13:37:00Z,4196.60009765625,4197.10009765625,4195.10009765625,4195.5,126.0,yahoo,GC=F
2026-10-01T13:38:00Z,4195.2001953125,4197.39990234375,4194.2998046875,4196.0,168.0,yahoo,GC=F
2026-10-01T13:39:00Z,4196.10009765625,4196.89990234375,4193.7001953125,4193.7001953125,102.0,yahoo,GC=F
2026-10-01T13:40:00Z,4193.60009765625,4194.2001953125,4189.7001953125,4190.10009765625,302.0,yahoo,GC=F
2026-10-01T13:41:00Z,4190.10009765625,4192.39990234375,4189.60009765625,4189.89990234375,239.0,yahoo,GC=F
2026-10-01T13:42:00Z,4189.89990234375,4190.5,4188.7998046875,4189.5,265.0,yahoo,GC=F
2026-10-01T13:43:00Z,4189.60009765625,4191.5,4189.2998046875,4190.39990234375,148.0,yahoo,GC=F
2026-10-01T13:44:00Z,4190.2998046875,4193.10009765625,4190.2001953125,4192.60009765625,101.0,yahoo,GC=F
2026-10-01T13:45:00Z,4192.7001953125,4194.60009765625,4191.89990234375,4192.5,260.0,yahoo,GC=F
2026-10-01T13:46:00Z,4192.89990234375,4194.0,4191.7001953125,4192.0,119.0,yahoo,GC=F
2026-10-01T13:47:00Z,4192.5,4195.2998046875,4191.60009765625,4192.89990234375,168.0,yahoo,GC=F
2026-10-01T13:48:00Z,4193.10009765625,4194.60009765625,4191.7998046875,4194.0,75.0,yahoo,GC=F
2026-10-01T13:49:00Z,4194.2998046875,4194.2998046875,4191.39990234375,4191.5,91.0,yahoo,GC=F
2026-10-01T13:50:00Z,4191.39990234375,4192.60009765625,4191.2001953125,4192.60009765625,72.0,yahoo,GC=F
2026-10-01T13:51:00Z,4193.2001953125,4193.2001953125,4191.0,4192.2998046875,77.0,yahoo,GC=F
2026-10-01T13:52:00Z,4192.2998046875,4195.39990234375,4192.0,4195.0,138.0,yahoo,GC=F
2026-10-01T13:53:00Z,4194.7998046875,4194.89990234375,4192.89990234375,4193.2998046875,154.0,yahoo,GC=F
2026-10-01T13:54:00Z,4193.60009765625,4194.2998046875,4192.2998046875,4193.2001953125,96.0,yahoo,GC=F
2026-10-01T13:55:00Z,4193.2001953125,4194.2001953125,4190.0,4190.89990234375,197.0,yahoo,GC=F
2026-10-01T13:56:00Z,4190.60009765625,4191.2001953125,4190.2001953125,4190.7998046875,58.0,yahoo,GC=F
2026-10-01T13:57:00Z,4191.10009765625,4194.2998046875,4191.10009765625,4193.7001953125,79.0,yahoo,GC=F
2026-10-01T13:58:00Z,4193.5,4194.7001953125,4193.2001953125,4194.10009765625,78.0,yahoo,GC=F
2026-10-01T13:59:00Z,4193.89990234375,4195.60009765625,4193.39990234375,4195.10009765625,103.0,yahoo,GC=F
2026-10-01T14:00:00Z,4195.39990234375,4196.2998046875,4188.2998046875,4189.5,597.0,yahoo,GC=F
2026-10-01T14:01:00Z,4188.7998046875,4189.0,4184.2998046875,4185.89990234375,674.0,yahoo,GC=F
2026-10-01T14:02:00Z,4185.60009765625,4189.2998046875,4184.89990234375,4186.2001953125,345.0,yahoo,GC=F
2026-10-01T14:03:00Z,4186.10009765625,4187.0,4184.0,4184.60009765625,333.0,yahoo,GC=F
2026-10-01T14:04:00Z,4184.7998046875,4186.39990234375,4183.7001953125,4183.89990234375,580.0,yahoo,GC=F
2026-10-01T14:05:00Z,4184.10009765625,4184.10009765625,4181.2001953125,4182.2001953125,409.0,yahoo,GC=F
2026-10-01T14:06:00Z,4182.2998046875,4185.2001953125,4181.5,4182.10009765625,470.0,yahoo,GC=F
2026-10-01T14:07:00Z,4182.10009765625,4185.60009765625,4181.7001953125,4185.39990234375,323.0,yahoo,GC=F
2026-10-01T14:08:00Z,4185.60009765625,4192.0,4185.60009765625,4188.10009765625,622.0,yahoo,GC=F
2026-10-01T14:09:00Z,4188.2001953125,4191.7998046875,4187.7998046875,4190.60009765625,197.0,yahoo,GC=F
2026-10-01T14:10:00Z,4190.7001953125,4190.7998046875,4188.10009765625,4188.10009765625,158.0,yahoo,GC=F
2026-10-01T14:11:00Z,4188.39990234375,4188.7998046875,4184.5,4184.5,157.0,yahoo,GC=F
2026-10-01T14:12:00Z,4184.5,4187.10009765625,4183.7998046875,4185.2001953125,182.0,yahoo,GC=F
2026-10-01T14:13:00Z,4185.0,4185.5,4183.10009765625,4183.2001953125,217.0,yahoo,GC=F
2026-10-01T14:14:00Z,4183.2998046875,4183.60009765625,4180.7998046875,4183.60009765625,224.0,yahoo,GC=F
2026-10-01T14:15:00Z,4183.39990234375,4185.89990234375,4183.2998046875,4185.10009765625,184.0,yahoo,GC=F
2026-10-01T14:16:00Z,4184.7998046875,4186.10009765625,4183.89990234375,4184.5,136.0,yahoo,GC=F
2026-10-01T14:17:00Z,4184.7001953125,4188.10009765625,4184.7001953125,4187.2998046875,98.0,yahoo,GC=F
2026-10-01T14:18:00Z,4187.0,4187.0,4183.7998046875,4185.2998046875,130.0,yahoo,GC=F
2026-10-01T14:19:00Z,4185.2001953125,4187.10009765625,4183.5,4186.2001953125,97.0,yahoo,GC=F
2026-10-01T14:20:00Z,4186.10009765625,4188.10009765625,4186.0,4187.39990234375,106.0,yahoo,GC=F
2026-10-01T14:21:00Z,4187.5,4188.7001953125,4185.39990234375,4186.2001953125,106.0,yahoo,GC=F
2026-10-01T14:22:00Z,4186.39990234375,4187.39990234375,4185.7001953125,4186.60009765625,74.0,yahoo,GC=F
2026-10-01T14:23:00Z,4186.2001953125,4191.2998046875,4185.7998046875,4189.5,181.0,yahoo,GC=F
2026-10-01T14:24:00Z,4189.89990234375,4190.89990234375,4189.2001953125,4190.2998046875,122.0,yahoo,GC=F
2026-10-01T14:25:00Z,4190.39990234375,4190.7001953125,4187.89990234375,4188.2001953125,79.0,yahoo,GC=F
2026-10-01T14:26:00Z,4189.10009765625,4193.0,4187.7001953125,4192.60009765625,165.0,yahoo,GC=F
2026-10-01T14:27:00Z,4193.0,4195.2998046875,4191.89990234375,4192.5,305.0,yahoo,GC=F
2026-10-01T14:28:00Z,4192.7998046875,4192.7998046875,4188.7001953125,4190.5,157.0,yahoo,GC=F
2026-10-01T14:29:00Z,4190.60009765625,4192.60009765625,4190.2001953125,4192.10009765625,78.0,yahoo,GC=F
2026-10-01T14:30:00Z,4191.7001953125,4194.5,4191.2001953125,4193.0,283.0,yahoo,GC=F
2026-10-01T14:31:00Z,4192.60009765625,4193.2998046875,4189.7998046875,4190.60009765625,146.0,yahoo,GC=F
2026-10-01T14:32:00Z,4191.2998046875,4198.10009765625,4191.0,4195.0,343.0,yahoo,GC=F
2026-10-01T14:33:00Z,4194.60009765625,4198.5,4194.5,4195.7001953125,312.0,yahoo,GC=F
2026-10-01T14:34:00Z,4195.2998046875,4196.60009765625,4193.10009765625,4196.39990234375,203.0,yahoo,GC=F
2026-10-01T14:35:00Z,4196.60009765625,4196.89990234375,4195.0,4196.10009765625,145.0,yahoo,GC=F
2026-10-01T14:36:00Z,4197.0,4199.89990234375,4196.39990234375,4199.2001953125,350.0,yahoo,GC=F
2026-10-01T14:37:00Z,4199.39990234375,4201.2998046875,4199.2001953125,4200.2998046875,294.0,yahoo,GC=F
2026-10-01T14:38:00Z,4200.2001953125,4201.39990234375,4197.5,4201.0,136.0,yahoo,GC=F
2026-10-01T14:39:00Z,4201.10009765625,4204.7998046875,4201.0,4203.39990234375,344.0,yahoo,GC=F
2026-10-01T14:40:00Z,4203.10009765625,4204.2001953125,4201.2001953125,4201.5,292.0,yahoo,GC=F
2026-10-01T14:41:00Z,4201.0,4201.0,4196.60009765625,4197.89990234375,179.0,yahoo,GC=F
2026-10-01T14:42:00Z,4197.2998046875,4199.7998046875,4197.10009765625,4198.60009765625,74.0,yahoo,GC=F
2026-10-01T14:43:00Z,4198.10009765625,4199.2001953125,4197.10009765625,4198.0,144.0,yahoo,GC=F
2026-10-01T14:44:00Z,4197.89990234375,4198.2998046875,4195.39990234375,4196.10009765625,93.0,yahoo,GC=F
2026-10-01T14:45:00Z,4196.2998046875,4198.5,4195.89990234375,4198.5,98.0,yahoo,GC=F
2026-10-01T14:46:00Z,4198.60009765625,4199.7001953125,4194.10009765625,4194.2001953125,168.0,yahoo,GC=F
2026-10-01T14:47:00Z,4194.5,4195.60009765625,4193.39990234375,4195.0,132.0,yahoo,GC=F
2026-10-01T14:48:00Z,4195.2001953125,4196.7001953125,4194.7998046875,4194.7998046875,136.0,yahoo,GC=F
2026-10-01T14:49:00Z,4195.10009765625,4200.2998046875,4195.10009765625,4199.0,223.0,yahoo,GC=F
2026-10-01T14:50:00Z,4198.2998046875,4199.7001953125,4196.7001953125,4198.2001953125,110.0,yahoo,GC=F
2026-10-01T14:51:00Z,4198.5,4198.60009765625,4193.60009765625,4194.0,119.0,yahoo,GC=F
2026-10-01T14:52:00Z,4193.7998046875,4194.39990234375,4191.5,4192.7998046875,172.0,yahoo,GC=F
2026-10-01T14:53:00Z,4192.7001953125,4196.39990234375,4192.5,4194.10009765625,204.0,yahoo,GC=F
2026-10-01T14:54:00Z,4193.7998046875,4195.60009765625,4193.2998046875,4193.7001953125,45.0,yahoo,GC=F
2026-10-01T14:55:00Z,4193.5,4197.0,4192.60009765625,4195.5,152.0,yahoo,GC=F
2026-10-01T14:56:00Z,4195.7001953125,4197.2001953125,4195.0,4196.10009765625,85.0,yahoo,GC=F
2026-10-01T14:57:00Z,4196.2998046875,4197.0,4194.7001953125,4195.5,157.0,yahoo,GC=F
2026-10-01T14:58:00Z,4195.5,4197.0,4189.7998046875,4190.2001953125,640.0,yahoo,GC=F
2026-10-01T14:59:00Z,4190.2998046875,4192.89990234375,4189.2998046875,4192.5,135.0,yahoo,GC=F
2026-10-01T15:00:00Z,4192.2998046875,4192.60009765625,4187.60009765625,4187.89990234375,261.0,yahoo,GC=F
2026-10-01T15:01:00Z,4188.5,4188.7001953125,4184.7001953125,4184.89990234375,290.0,yahoo,GC=F
2026-10-01T15:02:00Z,4184.89990234375,4185.60009765625,4182.5,4183.39990234375,312.0,yahoo,GC=F
2026-10-01T15:03:00Z,4183.10009765625,4185.7998046875,4183.10009765625,4184.7001953125,156.0,yahoo,GC=F
2026-10-01T15:04:00Z,4184.5,4184.89990234375,4183.39990234375,4183.60009765625,49.0,yahoo,GC=F
2026-10-01T15:05:00Z,4184.10009765625,4185.60009765625,4182.89990234375,4183.2001953125,118.0,yahoo,GC=F
2026-10-01T15:06:00Z,4183.10009765625,4183.2998046875,4181.60009765625,4183.2001953125,107.0,yahoo,GC=F
2026-10-01T15:07:00Z,4182.89990234375,4185.10009765625,4182.7001953125,4183.0,106.0,yahoo,GC=F
2026-10-01T15:08:00Z,4183.10009765625,4185.39990234375,4181.60009765625,4185.10009765625,102.0,yahoo,GC=F
2026-10-01T15:09:00Z,4185.2001953125,4185.7998046875,4181.5,4183.0,224.0,yahoo,GC=F
2026-10-01T15:10:00Z,4182.7001953125,4182.7001953125,4180.60009765625,4181.2001953125,339.0,yahoo,GC=F
2026-10-01T15:11:00Z,4180.7998046875,4182.0,4179.5,4180.5,247.0,yahoo,GC=F
2026-10-01T15:12:00Z,4180.60009765625,4184.5,4180.60009765625,4182.7001953125,232.0,yahoo,GC=F
2026-10-01T15:13:00Z,4182.60009765625,4184.7001953125,4182.60009765625,4183.7001953125,83.0,yahoo,GC=F
2026-10-01T15:14:00Z,4183.89990234375,4186.7001953125,4183.7998046875,4185.89990234375,204.0,yahoo,GC=F
2026-10-01T15:15:00Z,4185.7001953125,4187.10009765625,4184.2998046875,4185.5,184.0,yahoo,GC=F
2026-10-01T15:16:00Z,4185.7001953125,4186.39990234375,4184.5,4186.39990234375,135.0,yahoo,GC=F
2026-10-01T15:17:00Z,4186.60009765625,4190.89990234375,4186.60009765625,4190.89990234375,207.0,yahoo,GC=F
2026-10-01T15:18:00Z,4191.0,4191.2998046875,4187.7001953125,4188.2998046875,257.0,yahoo,GC=F
2026-10-01T15:19:00Z,4188.7001953125,4193.7998046875,4188.5,4193.5,302.0,yahoo,GC=F
2026-10-01T15:20:00Z,4193.5,4197.5,4193.39990234375,4193.7998046875,610.0,yahoo,GC=F
2026-10-01T15:21:00Z,4193.7998046875,4195.7001953125,4191.89990234375,4195.0,215.0,yahoo,GC=F
2026-10-01T15:22:00Z,4194.7001953125,4194.7001953125,4189.7001953125,4190.7998046875,111.0,yahoo,GC=F
2026-10-01T15:23:00Z,4191.10009765625,4192.0,4189.39990234375,4190.2998046875,61.0,yahoo,GC=F
2026-10-01T15:24:00Z,4190.2998046875,4193.89990234375,4190.2998046875,4192.60009765625,102.0,yahoo,GC=F
2026-10-01T15:25:00Z,4192.7001953125,4193.60009765625,4192.5,4192.60009765625,110.0,yahoo,GC=F
2026-10-01T15:26:00Z,4192.2998046875,4194.2998046875,4191.39990234375,4193.7001953125,200.0,yahoo,GC=F
2026-10-01T15:27:00Z,4193.7998046875,4198.39990234375,4193.7998046875,4197.7998046875,255.0,yahoo,GC=F
2026-10-01T15:28:00Z,4197.7998046875,4198.5,4195.60009765625,4196.7001953125,243.0,yahoo,GC=F
2026-10-01T15:29:00Z,4196.7001953125,4197.7001953125,4195.60009765625,4196.5,134.0,yahoo,GC=F
2026-10-01T15:30:00Z,4196.10009765625,4197.5,4194.89990234375,4195.60009765625,342.0,yahoo,GC=F
2026-10-01T15:31:00Z,4195.7998046875,4196.10009765625,4191.10009765625,4191.2001953125,264.0,yahoo,GC=F
2026-10-01T15:32:00Z,4191.0,4191.60009765625,4188.89990234375,4189.60009765625,344.0,yahoo,GC=F
2026-10-01T15:33:00Z,4189.7001953125,4191.10009765625,4187.7998046875,4190.10009765625,233.0,yahoo,GC=F
2026-10-01T15:34:00Z,4189.39990234375,4189.7001953125,4184.5,4187.2998046875,385.0,yahoo,GC=F
2026-10-01T15:35:00Z,4187.2001953125,4188.0,4184.89990234375,4185.89990234375,319.0,yahoo,GC=F
2026-10-01T15:36:00Z,4185.7998046875,4193.2001953125,4185.7998046875,4192.10009765625,308.0,yahoo,GC=F
2026-10-01T15:37:00Z,4192.7998046875,4196.39990234375,4191.89990234375,4195.7001953125,396.0,yahoo,GC=F
2026-10-01T15:38:00Z,4195.60009765625,4203.2001953125,4195.39990234375,4202.10009765625,782.0,yahoo,GC=F
2026-10-01T15:39:00Z,4202.2001953125,4203.39990234375,4199.10009765625,4200.10009765625,256.0,yahoo,GC=F
2026-10-01T15:40:00Z,4200.5,4203.2998046875,4200.10009765625,4202.39990234375,208.0,yahoo,GC=F
2026-10-01T15:41:00Z,4202.5,4203.2998046875,4196.7001953125,4197.7998046875,278.0,yahoo,GC=F
2026-10-01T15:42:00Z,4197.7998046875,4199.10009765625,4197.5,4198.89990234375,107.0,yahoo,GC=F
2026-10-01T15:43:00Z,4198.7001953125,4199.10009765625,4194.39990234375,4195.2998046875,164.0,yahoo,GC=F
2026-10-01T15:44:00Z,4195.2998046875,4199.7998046875,4193.60009765625,4199.0,405.0,yahoo,GC=F
2026-10-01T15:45:00Z,4199.0,4201.2001953125,4197.7001953125,4201.2001953125,215.0,yahoo,GC=F
2026-10-01T15:46:00Z,4201.0,4201.7998046875,4199.2998046875,4199.5,200.0,yahoo,GC=F
2026-10-01T15:47:00Z,4199.39990234375,4199.7001953125,4197.10009765625,4197.10009765625,108.0,yahoo,GC=F
2026-10-01T15:48:00Z,4197.2001953125,4199.2001953125,4194.89990234375,4198.0,448.0,yahoo,GC=F
2026-10-01T15:49:00Z,4198.10009765625,4198.7998046875,4195.7001953125,4195.7001953125,104.0,yahoo,GC=F
2026-10-01T15:50:00Z,4195.39990234375,4195.7998046875,4191.60009765625,4191.60009765625,213.0,yahoo,GC=F
2026-10-01T15:51:00Z,4191.2001953125,4192.0,4189.7998046875,4190.7998046875,242.0,yahoo,GC=F
2026-10-01T15:52:00Z,4191.0,4193.39990234375,4190.7998046875,4192.39990234375,92.0,yahoo,GC=F
2026-10-01T15:53:00Z,4192.39990234375,4192.60009765625,4190.0,4190.2998046875,103.0,yahoo,GC=F
2026-10-01T15:54:00Z,4190.5,4196.39990234375,4190.5,4195.2998046875,375.0,yahoo,GC=F
2026-10-01T15:55:00Z,4195.5,4196.5,4194.2998046875,4196.5,132.0,yahoo,GC=F
2026-10-01T15:56:00Z,4196.60009765625,4200.89990234375,4195.2998046875,4198.2998046875,463.0,yahoo,GC=F
2026-10-01T15:57:00Z,4198.2998046875,4201.7001953125,4197.2001953125,4200.5,221.0,yahoo,GC=F
2026-10-01T15:58:00Z,4200.0,4200.0,4197.10009765625,4198.39990234375,101.0,yahoo,GC=F
2026-10-01T15:59:00Z,4198.5,4199.60009765625,4198.2001953125,4199.2001953125,103.0,yahoo,GC=F
2026-10-01T16:00:00Z,4199.10009765625,4200.10009765625,4198.5,4199.0,159.0,yahoo,GC=F
2026-10-01T16:01:00Z,4198.7001953125,4201.2998046875,4198.0,4200.39990234375,68.0,yahoo,GC=F
2026-10-01T16:02:00Z,4200.10009765625,4200.7998046875,4198.7001953125,4199.60009765625,86.0,yahoo,GC=F
2026-10-01T16:03:00Z,4199.5,4201.60009765625,4198.39990234375,4200.89990234375,113.0,yahoo,GC=F
2026-10-01T16:04:00Z,4201.2001953125,4202.39990234375,4201.10009765625,4201.39990234375,113.0,yahoo,GC=F
2026-10-01T16:05:00Z,4201.2001953125,4202.10009765625,4199.89990234375,4200.5,138.0,yahoo,GC=F
2026-10-01T16:06:00Z,4200.2998046875,4204.7998046875,4200.2998046875,4204.2001953125,167.0,yahoo,GC=F
2026-10-01T16:07:00Z,4204.10009765625,4206.60009765625,4203.89990234375,4205.5,280.0,yahoo,GC=F
2026-10-01T16:08:00Z,4205.7001953125,4206.60009765625,4204.7998046875,4205.10009765625,147.0,yahoo,GC=F
2026-10-01T16:09:00Z,4204.89990234375,4205.39990234375,4203.2001953125,4204.2001953125,118.0,yahoo,GC=F
2026-10-01T16:10:00Z,4205.0,4206.2001953125,4203.2998046875,4203.2998046875,159.0,yahoo,GC=F
2026-10-01T16:11:00Z,4203.0,4203.2998046875,4201.89990234375,4202.2001953125,55.0,yahoo,GC=F
2026-10-01T16:12:00Z,4201.89990234375,4202.89990234375,4200.7001953125,4202.0,103.0,yahoo,GC=F
2026-10-01T16:13:00Z,4202.10009765625,4202.10009765625,4200.2998046875,4200.2998046875,76.0,yahoo,GC=F
2026-10-01T16:14:00Z,4200.39990234375,4201.2001953125,4199.2001953125,4199.5,177.0,yahoo,GC=F
2026-10-01T16:15:00Z,4199.2998046875,4200.5,4198.5,4200.0,182.0,yahoo,GC=F
2026-10-01T16:16:00Z,4199.7001953125,4200.2998046875,4198.5,4200.10009765625,216.0,yahoo,GC=F
2026-10-01T16:17:00Z,4199.7998046875,4201.0,4199.39990234375,4200.7001953125,128.0,yahoo,GC=F
2026-10-01T16:18:00Z,4200.7998046875,4201.7998046875,4200.0,4200.5,188.0,yahoo,GC=F
2026-10-01T16:19:00Z,4200.2998046875,4200.2998046875,4197.5,4197.89990234375,89.0,yahoo,GC=F
2026-10-01T16:20:00Z,4198.0,4198.60009765625,4197.2998046875,4197.89990234375,90.0,yahoo,GC=F
2026-10-01T16:21:00Z,4197.7001953125,4198.7998046875,4196.7998046875,4197.89990234375,73.0,yahoo,GC=F
2026-10-01T16:22:00Z,4197.7001953125,4198.0,4196.89990234375,4197.0,40.0,yahoo,GC=F
2026-10-01T16:23:00Z,4197.0,4197.2001953125,4195.39990234375,4197.0,148.0,yahoo,GC=F
2026-10-01T16:24:00Z,4196.7001953125,4199.5,4196.7001953125,4199.2998046875,170.0,yahoo,GC=F
2026-10-01T16:25:00Z,4198.89990234375,4199.5,4198.39990234375,4199.2001953125,77.0,yahoo,GC=F
2026-10-01T16:26:00Z,4199.2001953125,4199.7998046875,4197.5,4197.5,57.0,yahoo,GC=F
2026-10-01T16:27:00Z,4197.39990234375,4198.5,4196.7998046875,4196.7998046875,59.0,yahoo,GC=F
2026-10-01T16:28:00Z,4196.89990234375,4196.89990234375,4193.89990234375,4195.2001953125,85.0,yahoo,GC=F
2026-10-01T16:29:00Z,4195.0,4197.39990234375,4194.89990234375,4197.0,96.0,yahoo,GC=F
2026-10-01T16:30:00Z,4197.60009765625,4200.5,4197.2001953125,4199.10009765625,105.0,yahoo,GC=F
2026-10-01T16:31:00Z,4199.2001953125,4199.7001953125,4198.10009765625,4198.60009765625,58.0,yahoo,GC=F
2026-10-01T16:32:00Z,4197.7001953125,4198.60009765625,4196.89990234375,4198.60009765625,66.0,yahoo,GC=F
2026-10-01T16:33:00Z,4198.10009765625,4200.0,4198.10009765625,4199.10009765625,39.0,yahoo,GC=F
2026-10-01T16:34:00Z,4199.7998046875,4199.89990234375,4198.2998046875,4199.60009765625,65.0,yahoo,GC=F
2026-10-01T16:35:00Z,4199.7001953125,4199.89990234375,4198.89990234375,4199.2998046875,46.0,yahoo,GC=F
2026-10-01T16:36:00Z,4198.7998046875,4198.7998046875,4196.2001953125,4196.2001953125,87.0,yahoo,GC=F
2026-10-01T16:37:00Z,4196.2001953125,4197.2998046875,4195.60009765625,4196.0,30.0,yahoo,GC=F
2026-10-01T16:38:00Z,4195.7998046875,4196.0,4194.0,4195.10009765625,216.0,yahoo,GC=F
2026-10-01T16:39:00Z,4195.0,4195.89990234375,4194.89990234375,4195.39990234375,61.0,yahoo,GC=F
2026-10-01T16:40:00Z,4195.7998046875,4196.39990234375,4193.7001953125,4194.5,96.0,yahoo,GC=F
2026-10-01T16:41:00Z,4194.0,4194.10009765625,4192.7998046875,4193.0,194.0,yahoo,GC=F
2026-10-01T16:42:00Z,4193.2001953125,4195.5,4192.2998046875,4194.7998046875,84.0,yahoo,GC=F
2026-10-01T16:43:00Z,4194.89990234375,4196.0,4194.89990234375,4195.2998046875,47.0,yahoo,GC=F
2026-10-01T16:44:00Z,4195.2998046875,4195.60009765625,4194.0,4195.60009765625,36.0,yahoo,GC=F
2026-10-01T16:45:00Z,4195.39990234375,4195.7998046875,4194.5,4195.2998046875,52.0,yahoo,GC=F
2026-10-01T16:46:00Z,4194.89990234375,4195.2998046875,4194.2001953125,4195.2001953125,53.0,yahoo,GC=F
2026-10-01T16:47:00Z,4195.60009765625,4196.39990234375,4195.10009765625,4196.2001953125,39.0,yahoo,GC=F
2026-10-01T16:48:00Z,4196.39990234375,4197.39990234375,4195.89990234375,4196.10009765625,33.0,yahoo,GC=F
2026-10-01T16:49:00Z,4195.89990234375,4195.89990234375,4193.7001953125,4194.2998046875,55.0,yahoo,GC=F
2026-10-01T16:50:00Z,4194.60009765625,4194.7998046875,4191.7998046875,4192.5,203.0,yahoo,GC=F
2026-10-01T16:51:00Z,4192.60009765625,4192.7998046875,4191.2001953125,4191.2998046875,76.0,yahoo,GC=F
2026-10-01T16:52:00Z,4191.2998046875,4191.60009765625,4190.0,4191.39990234375,165.0,yahoo,GC=F
2026-10-01T16:53:00Z,4191.2998046875,4192.60009765625,4191.2998046875,4191.89990234375,42.0,yahoo,GC=F
2026-10-01T16:54:00Z,4191.60009765625,4192.60009765625,4191.2001953125,4192.5,61.0,yahoo,GC=F
2026-10-01T16:55:00Z,4192.2998046875,4192.2998046875,4191.39990234375,4191.60009765625,63.0,yahoo,GC=F
2026-10-01T16:56:00Z,4191.2998046875,4191.60009765625,4189.60009765625,4190.2001953125,70.0,yahoo,GC=F
2026-10-01T16:57:00Z,4190.10009765625,4190.89990234375,4189.5,4190.89990234375,53.0,yahoo,GC=F
2026-10-01T16:58:00Z,4190.7001953125,4192.7001953125,4190.2001953125,4191.60009765625,109.0,yahoo,GC=F
2026-10-01T16:59:00Z,4191.7998046875,4192.60009765625,4191.7998046875,4192.2001953125,48.0,yahoo,GC=F
2026-10-01T17:00:00Z,4192.2001953125,4193.2001953125,4191.7001953125,4193.0,75.0,yahoo,GC=F
2026-10-01T17:01:00Z,4193.2001953125,4193.7998046875,4191.60009765625,4193.7998046875,222.0,yahoo,GC=F
2026-10-01T17:02:00Z,4193.7001953125,4196.0,4193.7001953125,4195.60009765625,124.0,yahoo,GC=F
2026-10-01T17:03:00Z,4195.0,4195.7998046875,4194.2998046875,4195.7001953125,38.0,yahoo,GC=F
2026-10-01T17:04:00Z,4195.60009765625,4198.39990234375,4195.10009765625,4198.39990234375,97.0,yahoo,GC=F
2026-10-01T17:05:00Z,4198.10009765625,4200.7998046875,4198.0,4199.2998046875,193.0,yahoo,GC=F
2026-10-01T17:06:00Z,4199.2998046875,4202.2998046875,4199.10009765625,4201.39990234375,160.0,yahoo,GC=F
2026-10-01T17:07:00Z,4201.7998046875,4202.10009765625,4199.2998046875,4199.7001953125,97.0,yahoo,GC=F
2026-10-01T17:08:00Z,4199.89990234375,4202.7001953125,4199.7998046875,4202.39990234375,84.0,yahoo,GC=F
2026-10-01T17:09:00Z,4202.0,4202.39990234375,4201.2998046875,4201.7998046875,57.0,yahoo,GC=F
2026-10-01T17:10:00Z,4201.7001953125,4202.2001953125,4201.10009765625,4201.10009765625,50.0,yahoo,GC=F
2026-10-01T17:11:00Z,4201.2001953125,4202.60009765625,4200.7001953125,4202.2001953125,76.0,yahoo,GC=F
2026-10-01T17:12:00Z,4202.39990234375,4203.5,4202.10009765625,4202.5,96.0,yahoo,GC=F
2026-10-01T17:13:00Z,4202.2998046875,4202.39990234375,4200.7001953125,4201.60009765625,58.0,yahoo,GC=F
2026-10-01T17:14:00Z,4201.39990234375,4202.10009765625,4200.60009765625,4201.39990234375,180.0,yahoo,GC=F
2026-10-01T17:15:00Z,4201.5,4203.2998046875,4201.39990234375,4203.0,137.0,yahoo,GC=F
2026-10-01T17:16:00Z,4203.0,4204.2998046875,4202.89990234375,4203.39990234375,116.0,yahoo,GC=F
2026-10-01T17:17:00Z,4203.5,4203.7001953125,4201.7001953125,4201.7001953125,102.0,yahoo,GC=F
2026-10-01T17:18:00Z,4201.60009765625,4201.60009765625,4200.10009765625,4201.5,112.0,yahoo,GC=F
2026-10-01T17:19:00Z,4201.5,4202.60009765625,4201.2998046875,4201.89990234375,125.0,yahoo,GC=F
2026-10-01T17:20:00Z,4201.89990234375,4206.39990234375,4201.7998046875,4205.0,274.0,yahoo,GC=F
2026-10-01T17:21:00Z,4205.2998046875,4206.89990234375,4205.2001953125,4206.7001953125,140.0,yahoo,GC=F
2026-10-01T17:22:00Z,4206.60009765625,4207.2998046875,4205.89990234375,4206.39990234375,185.0,yahoo,GC=F
2026-10-01T17:23:00Z,4206.39990234375,4207.60009765625,4205.39990234375,4206.60009765625,307.0,yahoo,GC=F
2026-10-01T17:24:00Z,4206.2998046875,4207.5,4205.2001953125,4206.7998046875,218.0,yahoo,GC=F
2026-10-01T17:25:00Z,4206.7998046875,4207.60009765625,4205.7001953125,4206.7998046875,166.0,yahoo,GC=F
2026-10-01T17:26:00Z,4206.89990234375,4207.39990234375,4206.2998046875,4207.10009765625,159.0,yahoo,GC=F
2026-10-01T17:27:00Z,4207.2001953125,4207.2001953125,4205.0,4205.2998046875,216.0,yahoo,GC=F
2026-10-01T17:28:00Z,4205.39990234375,4205.39990234375,4202.39990234375,4202.7001953125,383.0,yahoo,GC=F
2026-10-01T17:29:00Z,4202.89990234375,4203.2001953125,4200.89990234375,4203.10009765625,800.0,yahoo,GC=F
2026-10-01T17:30:00Z,4202.89990234375,4217.60009765625,4202.7998046875,4211.2001953125,2996.0,yahoo,GC=F
2026-10-01T17:31:00Z,4211.39990234375,4211.7001953125,4204.60009765625,4208.5,846.0,yahoo,GC=F
2026-10-01T17:32:00Z,4208.39990234375,4209.5,4204.89990234375,4205.7001953125,397.0,yahoo,GC=F
2026-10-01T17:33:00Z,4205.60009765625,4206.60009765625,4204.5,4206.0,194.0,yahoo,GC=F
2026-10-01T17:34:00Z,4206.10009765625,4208.0,4205.10009765625,4206.10009765625,354.0,yahoo,GC=F
2026-10-01T17:35:00Z,4206.0,4206.2998046875,4204.2001953125,4204.60009765625,191.0,yahoo,GC=F
2026-10-01T17:36:00Z,4204.5,4209.0,4203.7001953125,4208.2998046875,309.0,yahoo,GC=F
2026-10-01T17:37:00Z,4208.2001953125,4210.10009765625,4207.7001953125,4208.2001953125,128.0,yahoo,GC=F
2026-10-01T17:38:00Z,4208.2998046875,4209.60009765625,4208.2998046875,4208.60009765625,102.0,yahoo,GC=F
2026-10-01T17:39:00Z,4208.7001953125,4208.7998046875,4207.7998046875,4208.2001953125,102.0,yahoo,GC=F
2026-10-01T17:40:00Z,4208.2001953125,4208.5,4206.0,4206.7998046875,169.0,yahoo,GC=F
2026-10-01T17:41:00Z,4206.60009765625,4206.7001953125,4205.5,4206.2001953125,118.0,yahoo,GC=F
2026-10-01T17:42:00Z,4206.2001953125,4207.2001953125,4205.2001953125,4207.0,168.0,yahoo,GC=F
2026-10-01T17:43:00Z,4207.10009765625,4207.7001953125,4206.10009765625,4206.39990234375,75.0,yahoo,GC=F
2026-10-01T17:44:00Z,4206.60009765625,4209.0,4206.60009765625,4207.5,134.0,yahoo,GC=F
2026-10-01T17:45:00Z,4207.7001953125,4208.7998046875,4207.2001953125,4208.5,234.0,yahoo,GC=F
2026-10-01T17:46:00Z,4208.5,4209.60009765625,4207.7998046875,4209.2998046875,175.0,yahoo,GC=F
2026-10-01T17:47:00Z,4209.2998046875,4210.39990234375,4208.7001953125,4208.7998046875,239.0,yahoo,GC=F
2026-10-01T17:48:00Z,4209.0,4209.5,4206.7001953125,4208.7998046875,156.0,yahoo,GC=F
2026-10-01T17:49:00Z,4208.60009765625,4209.7001953125,4207.7998046875,4208.0,93.0,yahoo,GC=F
2026-10-01T17:50:00Z,4208.0,4208.0,4206.0,4206.2001953125,110.0,yahoo,GC=F
2026-10-01T17:51:00Z,4206.10009765625,4207.39990234375,4205.7001953125,4206.10009765625,119.0,yahoo,GC=F
2026-10-01T17:52:00Z,4206.10009765625,4208.10009765625,4205.89990234375,4208.10009765625,70.0,yahoo,GC=F
2026-10-01T17:53:00Z,4207.7998046875,4208.10009765625,4206.7998046875,4207.5,77.0,yahoo,GC=F
2026-10-01T17:54:00Z,4207.2998046875,4207.7998046875,4199.89990234375,4200.0,884.0,yahoo,GC=F
2026-10-01T17:55:00Z,4200.5,4203.2001953125,4198.7998046875,4202.89990234375,456.0,yahoo,GC=F
2026-10-01T17:56:00Z,4202.89990234375,4205.10009765625,4201.0,4201.7998046875,185.0,yahoo,GC=F
2026-10-01T17:57:00Z,4201.7998046875,4202.10009765625,4197.2998046875,4199.2998046875,308.0,yahoo,GC=F
2026-10-01T17:58:00Z,4199.10009765625,4199.7998046875,4198.39990234375,4199.0,101.0,yahoo,GC=F
2026-10-01T17:59:00Z,4198.7998046875,4201.89990234375,4198.0,4201.0,269.0,yahoo,GC=F
2026-10-01T18:00:00Z,4200.89990234375,4201.60009765625,4197.7001953125,4199.39990234375,231.0,yahoo,GC=F
2026-10-01T18:01:00Z,4199.2998046875,4203.60009765625,4198.2001953125,4203.60009765625,436.0,yahoo,GC=F
2026-10-01T18:02:00Z,4203.2001953125,4203.7001953125,4201.2998046875,4201.60009765625,121.0,yahoo,GC=F
2026-10-01T18:03:00Z,4201.89990234375,4202.10009765625,4199.39990234375,4199.39990234375,66.0,yahoo,GC=F
2026-10-01T18:04:00Z,4199.39990234375,4200.2998046875,4196.10009765625,4196.7998046875,185.0,yahoo,GC=F
2026-10-01T18:05:00Z,4196.7001953125,4197.39990234375,4194.0,4194.2001953125,113.0,yahoo,GC=F
2026-10-01T18:06:00Z,4194.39990234375,4196.7001953125,4193.89990234375,4196.2998046875,100.0,yahoo,GC=F
2026-10-01T18:07:00Z,4196.2001953125,4197.39990234375,4194.2998046875,4195.60009765625,163.0,yahoo,GC=F
2026-10-01T18:08:00Z,4195.60009765625,4197.10009765625,4195.60009765625,4196.10009765625,73.0,yahoo,GC=F
2026-10-01T18:09:00Z,4196.39990234375,4199.2001953125,4195.7998046875,4198.7998046875,198.0,yahoo,GC=F
2026-10-01T18:10:00Z,4198.7001953125,4199.7998046875,4198.39990234375,4199.2001953125,56.0,yahoo,GC=F
2026-10-01T18:11:00Z,4199.60009765625,4200.60009765625,4198.39990234375,4200.39990234375,44.0,yahoo,GC=F
2026-10-01T18:12:00Z,4200.7001953125,4202.10009765625,4200.7001953125,4201.7998046875,117.0,yahoo,GC=F
2026-10-01T18:13:00Z,4201.7998046875,4205.60009765625,4201.7998046875,4202.5,281.0,yahoo,GC=F
2026-10-01T18:14:00Z,4202.2998046875,4202.60009765625,4200.89990234375,4201.60009765625,81.0,yahoo,GC=F
2026-10-01T18:15:00Z,4201.60009765625,4202.5,4200.89990234375,4200.89990234375,109.0,yahoo,GC=F
2026-10-01T18:16:00Z,4200.89990234375,4203.0,4200.89990234375,4202.2998046875,52.0,yahoo,GC=F
2026-10-01T18:17:00Z,4202.39990234375,4203.39990234375,4201.89990234375,4202.5,38.0,yahoo,GC=F
2026-10-01T18:18:00Z,4203.0,4205.10009765625,4203.0,4203.89990234375,114.0,yahoo,GC=F
2026-10-01T18:19:00Z,4204.2001953125,4204.2001953125,4202.39990234375,4202.5,154.0,yahoo,GC=F
2026-10-01T18:20:00Z,4202.39990234375,4202.7001953125,4201.39990234375,4202.10009765625,69.0,yahoo,GC=F
2026-10-01T18:21:00Z,4202.2998046875,4203.10009765625,4202.2001953125,4202.7998046875,16.0,yahoo,GC=F
2026-10-01T18:22:00Z,4203.0,4204.89990234375,4202.89990234375,4204.7998046875,134.0,yahoo,GC=F
2026-10-01T18:23:00Z,4204.7998046875,4210.7001953125,4204.10009765625,4209.7998046875,647.0,yahoo,GC=F
2026-10-01T18:24:00Z,4210.2001953125,4211.7001953125,4208.0,4208.10009765625,176.0,yahoo,GC=F
2026-10-01T18:25:00Z,4207.7998046875,4207.7998046875,4205.39990234375,4207.2998046875,161.0,yahoo,GC=F
2026-10-01T18:26:00Z,4206.89990234375,4207.10009765625,4203.89990234375,4204.2001953125,57.0,yahoo,GC=F
2026-10-01T18:27:00Z,4204.0,4204.2998046875,4203.0,4203.7998046875,133.0,yahoo,GC=F
2026-10-01T18:28:00Z,4203.60009765625,4205.0,4202.89990234375,4203.2001953125,67.0,yahoo,GC=F
2026-10-01T18:29:00Z,4203.2001953125,4205.89990234375,4203.2001953125,4204.5,215.0,yahoo,GC=F
2026-10-01T18:30:00Z,4204.7998046875,4205.2998046875,4202.60009765625,4203.2001953125,89.0,yahoo,GC=F
2026-10-01T18:31:00Z,4203.2998046875,4203.60009765625,4202.5,4202.60009765625,58.0,yahoo,GC=F
2026-10-01T18:32:00Z,4202.89990234375,4205.2001953125,4202.89990234375,4204.7998046875,32.0,yahoo,GC=F
2026-10-01T18:33:00Z,4204.7001953125,4207.0,4204.60009765625,4207.0,34.0,yahoo,GC=F
2026-10-01T18:34:00Z,4207.10009765625,4213.2998046875,4206.60009765625,4211.7001953125,262.0,yahoo,GC=F
2026-10-01T18:35:00Z,4211.39990234375,4213.10009765625,4210.7001953125,4212.7001953125,138.0,yahoo,GC=F
2026-10-01T18:36:00Z,4212.39990234375,4212.39990234375,4209.39990234375,4209.7998046875,131.0,yahoo,GC=F
2026-10-01T18:37:00Z,4209.39990234375,4210.2998046875,4208.2001953125,4209.60009765625,53.0,yahoo,GC=F
2026-10-01T18:38:00Z,4209.5,4209.7998046875,4208.0,4208.39990234375,60.0,yahoo,GC=F
2026-10-01T18:39:00Z,4208.2998046875,4208.89990234375,4207.5,4207.60009765625,181.0,yahoo,GC=F
2026-10-01T18:40:00Z,4208.2001953125,4208.39990234375,4207.60009765625,4207.89990234375,27.0,yahoo,GC=F
2026-10-01T18:41:00Z,4208.2001953125,4209.89990234375,4208.2001953125,4209.5,74.0,yahoo,GC=F
2026-10-01T18:42:00Z,4209.7001953125,4209.89990234375,4208.7998046875,4209.0,59.0,yahoo,GC=F
2026-10-01T18:43:00Z,4209.0,4209.39990234375,4208.2001953125,4208.7998046875,56.0,yahoo,GC=F
2026-10-01T18:44:00Z,4208.7998046875,4209.5,4208.7998046875,4209.5,22.0,yahoo,GC=F
2026-10-01T18:45:00Z,4209.0,4209.7998046875,4208.7001953125,4209.2001953125,21.0,yahoo,GC=F
2026-10-01T18:46:00Z,4208.89990234375,4209.10009765625,4208.39990234375,4209.10009765625,16.0,yahoo,GC=F
2026-10-01T18:47:00Z,4208.89990234375,4209.0,4208.2998046875,4209.0,29.0,yahoo,GC=F
2026-10-01T18:48:00Z,4209.10009765625,4209.10009765625,4208.39990234375,4208.39990234375,6.0,yahoo,GC=F
2026-10-01T18:49:00Z,4208.2998046875,4208.60009765625,4208.0,4208.5,15.0,yahoo,GC=F
2026-10-01T18:50:00Z,4207.89990234375,4208.2998046875,4206.89990234375,4208.0,71.0,yahoo,GC=F
2026-10-01T18:51:00Z,4207.7998046875,4207.7998046875,4206.5,4206.7001953125,27.0,yahoo,GC=F
2026-10-01T18:52:00Z,4207.2998046875,4208.2998046875,4207.2001953125,4207.2998046875,19.0,yahoo,GC=F
2026-10-01T18:53:00Z,4207.2998046875,4208.2998046875,4207.2998046875,4207.89990234375,23.0,yahoo,GC=F
2026-10-01T18:54:00Z,4207.7001953125,4207.7001953125,4207.2001953125,4207.2998046875,8.0,yahoo,GC=F
2026-10-01T18:55:00Z,4207.0,4207.39990234375,4205.89990234375,4207.39990234375,53.0,yahoo,GC=F
2026-10-01T18:56:00Z,4207.39990234375,4207.89990234375,4207.39990234375,4207.7001953125,30.0,yahoo,GC=F
2026-10-01T18:57:00Z,4207.7998046875,4207.7998046875,4207.2001953125,4207.60009765625,24.0,yahoo,GC=F
2026-10-01T18:58:00Z,4208.0,4208.0,4207.2998046875,4207.2998046875,16.0,yahoo,GC=F
2026-10-01T18:59:00Z,4207.2001953125,4208.7001953125,4207.2001953125,4207.7998046875,105.0,yahoo,GC=F
2026-10-01T19:00:00Z,4207.2001953125,4208.60009765625,4207.10009765625,4207.7998046875,137.0,yahoo,GC=F
2026-10-01T19:01:00Z,4207.5,4208.2001953125,4207.0,4207.10009765625,46.0,yahoo,GC=F
2026-10-01T19:02:00Z,4207.2001953125,4207.39990234375,4206.39990234375,4206.39990234375,9.0,yahoo,GC=F
2026-10-01T19:03:00Z,4206.39990234375,4207.0,4205.2998046875,4206.2001953125,49.0,yahoo,GC=F
2026-10-01T19:04:00Z,4206.60009765625,4207.0,4205.89990234375,4206.2998046875,49.0,yahoo,GC=F
2026-10-01T19:05:00Z,4206.39990234375,4206.89990234375,4205.2998046875,4206.60009765625,70.0,yahoo,GC=F
2026-10-01T19:06:00Z,4206.5,4206.7998046875,4204.7001953125,4204.7001953125,82.0,yahoo,GC=F
2026-10-01T19:07:00Z,4204.89990234375,4205.2998046875,4204.2998046875,4204.60009765625,16.0,yahoo,GC=F
2026-10-01T19:08:00Z,4204.7001953125,4206.7001953125,4204.7001953125,4206.60009765625,28.0,yahoo,GC=F
2026-10-01T19:09:00Z,4206.2001953125,4206.7998046875,4206.2001953125,4206.2998046875,29.0,yahoo,GC=F
2026-10-01T19:10:00Z,4206.39990234375,4207.7998046875,4206.2998046875,4207.2001953125,79.0,yahoo,GC=F
2026-10-01T19:11:00Z,4206.89990234375,4207.0,4206.60009765625,4206.60009765625,14.0,yahoo,GC=F
2026-10-01T19:12:00Z,4206.2998046875,4206.7998046875,4205.7001953125,4206.60009765625,33.0,yahoo,GC=F
2026-10-01T19:13:00Z,4206.7001953125,4207.89990234375,4206.7001953125,4207.89990234375,17.0,yahoo,GC=F
2026-10-01T19:14:00Z,4207.60009765625,4208.0,4207.2001953125,4207.5,16.0,yahoo,GC=F
2026-10-01T19:15:00Z,4207.39990234375,4209.2001953125,4207.39990234375,4209.2001953125,82.0,yahoo,GC=F
2026-10-01T19:16:00Z,4209.10009765625,4209.39990234375,4208.2998046875,4208.5,43.0,yahoo,GC=F
2026-10-01T19:17:00Z,4208.0,4208.0,4206.7001953125,4206.7998046875,86.0,yahoo,GC=F
2026-10-01T19:18:00Z,4206.7001953125,4207.89990234375,4206.7001953125,4207.7998046875,27.0,yahoo,GC=F
2026-10-01T19:19:00Z,4207.7001953125,4209.10009765625,4207.7001953125,4209.10009765625,24.0,yahoo,GC=F
2026-10-01T19:20:00Z,4208.89990234375,4209.7001953125,4208.60009765625,4209.2998046875,35.0,yahoo,GC=F
2026-10-01T19:21:00Z,4209.2998046875,4210.7001953125,4209.2998046875,4210.39990234375,74.0,yahoo,GC=F
2026-10-01T19:22:00Z,4210.39990234375,4210.7998046875,4209.39990234375,4209.5,56.0,yahoo,GC=F
2026-10-01T19:23:00Z,4209.60009765625,4209.7998046875,4208.60009765625,4208.60009765625,53.0,yahoo,GC=F
2026-10-01T19:24:00Z,4208.89990234375,4209.60009765625,4208.2998046875,4208.39990234375,38.0,yahoo,GC=F
2026-10-01T19:25:00Z,4208.2998046875,4208.39990234375,4207.39990234375,4207.60009765625,32.0,yahoo,GC=F
2026-10-01T19:26:00Z,4207.7001953125,4208.0,4207.2998046875,4207.39990234375,25.0,yahoo,GC=F
2026-10-01T19:27:00Z,4207.2001953125,4207.2001953125,4206.0,4206.7001953125,88.0,yahoo,GC=F
2026-10-01T19:28:00Z,4206.60009765625,4207.5,4206.60009765625,4207.2998046875,38.0,yahoo,GC=F
2026-10-01T19:29:00Z,4207.2001953125,4207.60009765625,4206.60009765625,4207.2001953125,37.0,yahoo,GC=F
2026-10-01T19:30:00Z,4207.39990234375,4208.10009765625,4206.7001953125,4206.89990234375,69.0,yahoo,GC=F
2026-10-01T19:31:00Z,4207.39990234375,4209.60009765625,4207.39990234375,4209.10009765625,51.0,yahoo,GC=F
2026-10-01T19:32:00Z,4209.2998046875,4209.39990234375,4208.2998046875,4208.39990234375,33.0,yahoo,GC=F
2026-10-01T19:33:00Z,4208.5,4208.5,4207.0,4207.2001953125,24.0,yahoo,GC=F
2026-10-01T19:34:00Z,4207.60009765625,4209.10009765625,4206.7998046875,4207.60009765625,108.0,yahoo,GC=F
2026-10-01T19:35:00Z,4207.60009765625,4207.7998046875,4207.2998046875,4207.5,43.0,yahoo,GC=F
2026-10-01T19:36:00Z,4207.60009765625,4207.60009765625,4206.7998046875,4206.89990234375,57.0,yahoo,GC=F
2026-10-01T19:37:00Z,4206.7998046875,4206.89990234375,4206.0,4206.60009765625,56.0,yahoo,GC=F
2026-10-01T19:38:00Z,4206.60009765625,4206.60009765625,4205.2998046875,4205.89990234375,92.0,yahoo,GC=F
2026-10-01T19:39:00Z,4206.10009765625,4206.2998046875,4205.39990234375,4205.7001953125,20.0,yahoo,GC=F
2026-10-01T19:40:00Z,4205.60009765625,4206.2001953125,4204.60009765625,4206.2001953125,41.0,yahoo,GC=F
2026-10-01T19:41:00Z,4206.60009765625,4207.0,4206.2001953125,4206.89990234375,30.0,yahoo,GC=F
2026-10-01T19:42:00Z,4206.7998046875,4206.7998046875,4205.89990234375,4206.60009765625,28.0,yahoo,GC=F
2026-10-01T19:43:00Z,4205.5,4206.7001953125,4205.5,4206.7001953125,20.0,yahoo,GC=F
2026-10-01T19:44:00Z,4206.60009765625,4207.89990234375,4206.0,4206.89990234375,91.0,yahoo,GC=F
2026-10-01T19:45:00Z,4207.0,4207.10009765625,4206.39990234375,4206.7001953125,20.0,yahoo,GC=F
2026-10-01T19:46:00Z,4206.89990234375,4207.10009765625,4206.39990234375,4206.39990234375,19.0,yahoo,GC=F
2026-10-01T19:47:00Z,4206.10009765625,4206.60009765625,4205.89990234375,4206.0,17.0,yahoo,GC=F
2026-10-01T19:48:00Z,4205.7001953125,4205.7001953125,4205.0,4205.10009765625,25.0,yahoo,GC=F
2026-10-01T19:49:00Z,4205.2001953125,4205.39990234375,4204.7001953125,4205.2001953125,22.0,yahoo,GC=F
2026-10-01T19:50:00Z,4205.2001953125,4209.39990234375,4205.2001953125,4208.7001953125,183.0,yahoo,GC=F
2026-10-01T19:51:00Z,4208.7998046875,4210.7998046875,4207.2001953125,4207.2001953125,94.0,yahoo,GC=F
2026-10-01T19:52:00Z,4207.39990234375,4208.5,4205.2001953125,4207.60009765625,133.0,yahoo,GC=F
2026-10-01T19:53:00Z,4207.39990234375,4208.2001953125,4206.60009765625,4206.89990234375,41.0,yahoo,GC=F
2026-10-01T19:54:00Z,4206.5,4207.2998046875,4206.2998046875,4207.10009765625,32.0,yahoo,GC=F
2026-10-01T19:55:00Z,4206.7998046875,4207.0,4206.0,4206.60009765625,43.0,yahoo,GC=F
2026-10-01T19:56:00Z,4206.7998046875,4207.10009765625,4206.5,4206.7001953125,21.0,yahoo,GC=F
2026-10-01T19:57:00Z,4206.39990234375,4207.2998046875,4206.2001953125,4207.2998046875,43.0,yahoo,GC=F
2026-10-01T19:58:00Z,4206.7001953125,4206.7001953125,4205.7998046875,4206.2998046875,42.0,yahoo,GC=F
2026-10-01T19:59:00Z,4206.2998046875,4207.39990234375,4206.10009765625,4207.0,161.0,yahoo,GC=F
2026-10-01T20:00:00Z,4207.10009765625,4208.7001953125,4206.39990234375,4208.60009765625,69.0,yahoo,GC=F
2026-10-01T20:01:00Z,4208.60009765625,4209.2998046875,4208.5,4208.7998046875,39.0,yahoo,GC=F
2026-10-01T20:02:00Z,4208.7998046875,4210.5,4208.7998046875,4209.60009765625,75.0,yahoo,GC=F
2026-10-01T20:03:00Z,4209.5,4209.60009765625,4208.39990234375,4208.39990234375,57.0,yahoo,GC=F
2026-10-01T20:04:00Z,4208.39990234375,4209.0,4206.7001953125,4207.39990234375,52.0,yahoo,GC=F
2026-10-01T20:05:00Z,4207.60009765625,4208.2001953125,4207.10009765625,4207.2998046875,32.0,yahoo,GC=F
2026-10-01T20:06:00Z,4206.89990234375,4207.0,4206.60009765625,4206.7001953125,39.0,yahoo,GC=F
2026-10-01T20:07:00Z,4206.39990234375,4206.7001953125,4206.39990234375,4206.5,10.0,yahoo,GC=F
2026-10-01T20:08:00Z,4206.39990234375,4207.5,4206.2998046875,4206.89990234375,29.0,yahoo,GC=F
2026-10-01T20:09:00Z,4207.5,4207.5,4207.2998046875,4207.2998046875,4.0,yahoo,GC=F
2026-10-01T20:10:00Z,4207.0,4207.2998046875,4206.7001953125,4207.10009765625,12.0,yahoo,GC=F
2026-10-01T20:11:00Z,4207.2998046875,4207.60009765625,4207.2001953125,4207.60009765625,5.0,yahoo,GC=F
2026-10-01T20:12:00Z,4207.60009765625,4207.60009765625,4207.10009765625,4207.2001953125,13.0,yahoo,GC=F
2026-10-01T20:13:00Z,4207.60009765625,4208.0,4207.60009765625,4208.0,4.0,yahoo,GC=F
2026-10-01T20:14:00Z,4208.10009765625,4208.39990234375,4207.7998046875,4208.0,9.0,yahoo,GC=F
2026-10-01T20:15:00Z,4208.10009765625,4208.7001953125,4207.39990234375,4207.39990234375,19.0,yahoo,GC=F
2026-10-01T20:16:00Z,4207.7998046875,4209.7001953125,4207.7998046875,4209.0,84.0,yahoo,GC=F
2026-10-01T20:17:00Z,4209.2998046875,4209.5,4209.2998046875,4209.2998046875,4.0,yahoo,GC=F
2026-10-01T20:18:00Z,4209.7001953125,4209.7001953125,4209.2001953125,4209.2001953125,9.0,yahoo,GC=F
2026-10-01T20:19:00Z,4209.0,4209.0,4208.10009765625,4208.2998046875,6.0,yahoo,GC=F
2026-10-01T20:20:00Z,4208.5,4208.89990234375,4208.5,4208.60009765625,9.0,yahoo,GC=F
2026-10-01T20:21:00Z,4208.7001953125,4208.7998046875,4208.2998046875,4208.39990234375,8.0,yahoo,GC=F
2026-10-01T20:22:00Z,4208.39990234375,4208.60009765625,4208.10009765625,4208.60009765625,6.0,yahoo,GC=F
2026-10-01T20:23:00Z,4208.39990234375,4208.5,4208.39990234375,4208.5,3.0,yahoo,GC=F
2026-10-01T20:24:00Z,4208.2998046875,4208.2998046875,4208.2998046875,4208.2998046875,1.0,yahoo,GC=F
2026-10-01T20:25:00Z,4208.2001953125,4208.2001953125,4206.5,4206.5,71.0,yahoo,GC=F
2026-10-01T20:26:00Z,4206.7001953125,4206.7001953125,4205.60009765625,4205.60009765625,7.0,yahoo,GC=F
2026-10-01T20:27:00Z,4205.7001953125,4205.89990234375,4205.2001953125,4205.5,29.0,yahoo,GC=F
2026-10-01T20:28:00Z,4205.60009765625,4205.89990234375,4205.60009765625,4205.89990234375,3.0,yahoo,GC=F
2026-10-01T20:29:00Z,4205.89990234375,4205.89990234375,4205.89990234375,4205.89990234375,1.0,yahoo,GC=F
2026-10-01T20:30:00Z,4205.7001953125,4206.2001953125,4205.60009765625,4205.89990234375,16.0,yahoo,GC=F
2026-10-01T20:31:00Z,4205.89990234375,4205.89990234375,4205.60009765625,4205.60009765625,6.0,yahoo,GC=F
2026-10-01T20:32:00Z,4205.39990234375,4205.7001953125,4205.39990234375,4205.39990234375,12.0,yahoo,GC=F
2026-10-01T20:33:00Z,4205.7998046875,4206.2001953125,4205.7998046875,4206.10009765625,7.0,yahoo,GC=F
2026-10-01T20:34:00Z,4205.7998046875,4205.7998046875,4204.7998046875,4204.7998046875,19.0,yahoo,GC=F
2026-10-01T20:35:00Z,4205.0,4205.0,4204.60009765625,4204.7998046875,9.0,yahoo,GC=F
2026-10-01T20:36:00Z,4204.2998046875,4204.39990234375,4203.89990234375,4204.39990234375,29.0,yahoo,GC=F
2026-10-01T20:37:00Z,4204.5,4204.5,4204.0,4204.2001953125,12.0,yahoo,GC=F
2026-10-01T20:38:00Z,4203.89990234375,4204.7001953125,4203.7998046875,4204.7001953125,11.0,yahoo,GC=F
2026-10-01T20:39:00Z,4204.60009765625,4204.7001953125,4204.2001953125,4204.2001953125,10.0,yahoo,GC=F
2026-10-01T20:40:00Z,4204.0,4204.39990234375,4203.89990234375,4204.39990234375,13.0,yahoo,GC=F
2026-10-01T20:41:00Z,4204.7001953125,4204.7001953125,4204.5,4204.7001953125,6.0,yahoo,GC=F
2026-10-01T20:42:00Z,4204.89990234375,4204.89990234375,4204.2998046875,4204.2998046875,8.0,yahoo,GC=F
2026-10-01T20:43:00Z,4203.89990234375,4203.89990234375,4203.39990234375,4203.89990234375,18.0,yahoo,GC=F
2026-10-01T20:44:00Z,4204.2001953125,4204.2998046875,4204.0,4204.2998046875,90.0,yahoo,GC=F
2026-10-01T20:45:00Z,4204.39990234375,4205.2001953125,4204.2001953125,4205.10009765625,29.0,yahoo,GC=F
2026-10-01T20:46:00Z,4205.0,4205.7001953125,4204.7001953125,4205.5,30.0,yahoo,GC=F
2026-10-01T20:47:00Z,4205.39990234375,4206.2001953125,4205.39990234375,4205.89990234375,12.0,yahoo,GC=F
2026-10-01T20:48:00Z,4206.2001953125,4207.39990234375,4206.2001953125,4206.89990234375,42.0,yahoo,GC=F
2026-10-01T20:49:00Z,4207.0,4207.2998046875,4206.7998046875,4206.7998046875,44.0,yahoo,GC=F
2026-10-01T20:50:00Z,4207.2998046875,4208.7001953125,4207.10009765625,4208.5,46.0,yahoo,GC=F
2026-10-01T20:51:00Z,4209.0,4209.10009765625,4206.7001953125,4206.7001953125,56.0,yahoo,GC=F
2026-10-01T20:52:00Z,4206.89990234375,4207.39990234375,4206.89990234375,4207.2001953125,40.0,yahoo,GC=F
2026-10-01T20:53:00Z,4207.0,4207.39990234375,4207.0,4207.39990234375,21.0,yahoo,GC=F
2026-10-01T20:54:00Z,4207.39990234375,4207.39990234375,4206.89990234375,4207.2001953125,46.0,yahoo,GC=F
2026-10-01T20:55:00Z,4207.2001953125,4207.89990234375,4207.0,4207.2998046875,24.0,yahoo,GC=F
2026-10-01T20:56:00Z,4207.2998046875,4207.2998046875,4206.5,4206.7998046875,18.0,yahoo,GC=F
2026-10-01T20:57:00Z,4207.10009765625,4207.60009765625,4206.60009765625,4206.89990234375,33.0,yahoo,GC=F
2026-10-01T20:58:00Z,4207.2001953125,4207.7001953125,4207.0,4207.7001953125,15.0,yahoo,GC=F
2026-10-01T20:59:00Z,4207.39990234375,4207.7998046875,4207.10009765625,4207.7998046875,56.0,yahoo,GC=F
2026-10-01T22:00:00Z,4204.60009765625,4206.89990234375,4204.2001953125,4205.60009765625,0.0,yahoo,GC=F
2026-10-01T22:01:00Z,4206.0,4206.2998046875,4205.0,4206.10009765625,41.0,yahoo,GC=F
2026-10-01T22:02:00Z,4206.0,4207.2001953125,4206.0,4207.2001953125,12.0,yahoo,GC=F
2026-10-01T22:03:00Z,4206.7001953125,4207.0,4205.10009765625,4205.39990234375,30.0,yahoo,GC=F
2026-10-01T22:04:00Z,4205.5,4205.60009765625,4203.5,4204.7998046875,42.0,yahoo,GC=F
2026-10-01T22:05:00Z,4204.89990234375,4206.10009765625,4204.89990234375,4205.89990234375,40.0,yahoo,GC=F
2026-10-01T22:06:00Z,4205.60009765625,4205.60009765625,4205.2998046875,4205.39990234375,6.0,yahoo,GC=F
2026-10-01T22:07:00Z,4204.89990234375,4205.7001953125,4204.89990234375,4205.7001953125,13.0,yahoo,GC=F
2026-10-01T22:08:00Z,4205.60009765625,4205.60009765625,4204.7998046875,4204.7998046875,9.0,yahoo,GC=F
2026-10-01T22:09:00Z,4204.7998046875,4205.0,4203.89990234375,4204.39990234375,33.0,yahoo,GC=F
2026-10-01T22:10:00Z,4204.39990234375,4204.5,4203.5,4204.2998046875,17.0,yahoo,GC=F
2026-10-01T22:11:00Z,4204.10009765625,4204.60009765625,4203.7998046875,4204.0,26.0,yahoo,GC=F
2026-10-01T22:12:00Z,4204.39990234375,4204.39990234375,4202.10009765625,4202.5,35.0,yahoo,GC=F
2026-10-01T22:13:00Z,4202.39990234375,4202.89990234375,4202.10009765625,4202.89990234375,29.0,yahoo,GC=F
2026-10-01T22:14:00Z,4202.7001953125,4203.10009765625,4202.7001953125,4202.7001953125,17.0,yahoo,GC=F
2026-10-01T22:15:00Z,4202.7001953125,4202.89990234375,4202.2001953125,4202.2001953125,22.0,yahoo,GC=F
2026-10-01T22:16:00Z,4202.60009765625,4202.60009765625,4201.39990234375,4201.39990234375,23.0,yahoo,GC=F
2026-10-01T22:17:00Z,4201.7001953125,4202.2998046875,4201.7001953125,4202.2001953125,16.0,yahoo,GC=F
2026-10-01T22:18:00Z,4202.2001953125,4202.2001953125,4201.60009765625,4201.89990234375,9.0,yahoo,GC=F
2026-10-01T22:19:00Z,4202.0,4202.2001953125,4201.60009765625,4201.7001953125,11.0,yahoo,GC=F
2026-10-01T22:20:00Z,4201.7001953125,4202.39990234375,4201.10009765625,4202.10009765625,44.0,yahoo,GC=F
2026-10-01T22:21:00Z,4202.10009765625,4202.39990234375,4201.89990234375,4202.10009765625,8.0,yahoo,GC=F
2026-10-01T22:22:00Z,4202.0,4202.2001953125,4201.89990234375,4201.89990234375,7.0,yahoo,GC=F
2026-10-01T22:23:00Z,4201.7998046875,4201.89990234375,4201.39990234375,4201.60009765625,11.0,yahoo,GC=F
2026-10-01T22:24:00Z,4201.5,4201.7998046875,4201.39990234375,4201.7998046875,4.0,yahoo,GC=F
2026-10-01T22:25:00Z,4202.2001953125,4202.2998046875,4201.7001953125,4202.0,36.0,yahoo,GC=F
2026-10-01T22:26:00Z,4202.2001953125,4202.89990234375,4202.0,4202.0,22.0,yahoo,GC=F
2026-10-01T22:27:00Z,4201.7001953125,4201.89990234375,4201.39990234375,4201.60009765625,23.0,yahoo,GC=F
2026-10-01T22:28:00Z,4201.7001953125,4201.89990234375,4201.2998046875,4201.2998046875,15.0,yahoo,GC=F
2026-10-01T22:29:00Z,4201.39990234375,4201.7001953125,4201.2998046875,4201.5,15.0,yahoo,GC=F
2026-10-01T22:30:00Z,4201.60009765625,4202.60009765625,4201.2998046875,4202.2998046875,14.0,yahoo,GC=F
2026-10-01T22:31:00Z,4202.0,4203.2998046875,4201.7001953125,4203.2001953125,28.0,yahoo,GC=F
2026-10-01T22:32:00Z,4203.60009765625,4205.10009765625,4203.60009765625,4205.10009765625,34.0,yahoo,GC=F
2026-10-01T22:33:00Z,4204.89990234375,4204.89990234375,4204.0,4204.5,26.0,yahoo,GC=F
2026-10-01T22:34:00Z,4204.5,4204.89990234375,4204.5,4204.89990234375,5.0,yahoo,GC=F
2026-10-01T22:35:00Z,4205.2998046875,4205.2998046875,4204.60009765625,4204.7001953125,20.0,yahoo,GC=F
2026-10-01T22:36:00Z,4204.89990234375,4205.2998046875,4204.60009765625,4205.2001953125,9.0,yahoo,GC=F
2026-10-01T22:37:00Z,4205.2998046875,4205.89990234375,4205.2998046875,4205.60009765625,18.0,yahoo,GC=F
2026-10-01T22:38:00Z,4205.5,4205.7001953125,4205.0,4205.2001953125,18.0,yahoo,GC=F
2026-10-01T22:39:00Z,4205.2001953125,4205.7001953125,4205.2001953125,4205.2001953125,22.0,yahoo,GC=F
2026-10-01T22:40:00Z,4205.2001953125,4205.5,4205.2001953125,4205.39990234375,4.0,yahoo,GC=F
2026-10-01T22:41:00Z,4205.2998046875,4205.7998046875,4204.7998046875,4205.7998046875,12.0,yahoo,GC=F
2026-10-01T22:42:00Z,4205.60009765625,4205.7998046875,4205.2001953125,4205.7001953125,31.0,yahoo,GC=F
2026-10-01T22:43:00Z,4205.2998046875,4205.7998046875,4205.2998046875,4205.7998046875,13.0,yahoo,GC=F
2026-10-01T22:44:00Z,4205.7001953125,4205.7001953125,4205.60009765625,4205.60009765625,2.0,yahoo,GC=F
2026-10-01T22:45:00Z,4205.5,4206.10009765625,4205.5,4206.10009765625,6.0,yahoo,GC=F
2026-10-01T22:46:00Z,4206.0,4206.0,4205.7001953125,4205.7001953125,7.0,yahoo,GC=F
2026-10-01T22:47:00Z,4206.10009765625,4206.39990234375,4205.7001953125,4205.7001953125,20.0,yahoo,GC=F
2026-10-01T22:48:00Z,4205.89990234375,4206.0,4205.7001953125,4205.7001953125,10.0,yahoo,GC=F
2026-10-01T22:49:00Z,4205.7001953125,4205.7998046875,4205.2998046875,4205.2998046875,4.0,yahoo,GC=F
2026-10-01T22:50:00Z,4205.39990234375,4205.7998046875,4204.89990234375,4205.2001953125,36.0,yahoo,GC=F
2026-10-01T22:51:00Z,4205.2001953125,4205.60009765625,4205.2001953125,4205.60009765625,2.0,yahoo,GC=F
2026-10-01T22:52:00Z,4205.5,4205.89990234375,4205.2001953125,4205.89990234375,9.0,yahoo,GC=F
2026-10-01T22:53:00Z,4205.7998046875,4206.0,4205.7998046875,4206.0,3.0,yahoo,GC=F
2026-10-01T22:54:00Z,4205.7998046875,4206.2998046875,4205.7998046875,4206.2998046875,9.0,yahoo,GC=F
2026-10-01T22:55:00Z,4206.2001953125,4206.2001953125,4205.89990234375,4206.2001953125,8.0,yahoo,GC=F
2026-10-01T22:56:00Z,4206.0,4207.89990234375,4206.0,4207.5,24.0,yahoo,GC=F
2026-10-01T22:57:00Z,4207.39990234375,4208.10009765625,4207.39990234375,4207.60009765625,20.0,yahoo,GC=F
2026-10-01T22:58:00Z,4207.7998046875,4208.5,4207.7001953125,4208.5,20.0,yahoo,GC=F
2026-10-01T22:59:00Z,4208.60009765625,4208.60009765625,4208.0,4208.2998046875,22.0,yahoo,GC=F
2026-10-01T23:00:00Z,4208.5,4208.7001953125,4207.89990234375,4207.89990234375,28.0,yahoo,GC=F
2026-10-01T23:01:00Z,4207.7001953125,4208.2001953125,4207.7001953125,4207.7998046875,10.0,yahoo,GC=F
2026-10-01T23:02:00Z,4207.89990234375,4208.0,4207.89990234375,4207.89990234375,4.0,yahoo,GC=F
2026-10-01T23:03:00Z,4207.89990234375,4208.5,4207.89990234375,4208.5,10.0,yahoo,GC=F
2026-10-01T23:04:00Z,4208.5,4209.2998046875,4208.2998046875,4208.89990234375,17.0,yahoo,GC=F
2026-10-01T23:05:00Z,4208.5,4208.5,4207.10009765625,4207.39990234375,30.0,yahoo,GC=F
2026-10-01T23:06:00Z,4207.60009765625,4208.10009765625,4207.2998046875,4208.10009765625,11.0,yahoo,GC=F
2026-10-01T23:07:00Z,4208.0,4208.39990234375,4207.7001953125,4207.7001953125,12.0,yahoo,GC=F
2026-10-01T23:08:00Z,4207.7001953125,4207.7001953125,4207.39990234375,4207.5,7.0,yahoo,GC=F
2026-10-01T23:09:00Z,4207.5,4208.0,4207.2998046875,4208.0,11.0,yahoo,GC=F
2026-10-01T23:10:00Z,4208.2001953125,4209.0,4208.2001953125,4209.0,58.0,yahoo,GC=F
2026-10-01T23:11:00Z,4208.89990234375,4210.2998046875,4208.89990234375,4209.7001953125,43.0,yahoo,GC=F
2026-10-01T23:12:00Z,4209.7998046875,4210.10009765625,4209.10009765625,4209.10009765625,38.0,yahoo,GC=F
2026-10-01T23:13:00Z,4209.0,4209.0,4208.7998046875,4208.7998046875,7.0,yahoo,GC=F
2026-10-01T23:14:00Z,4208.89990234375,4210.2001953125,4208.89990234375,4209.5,16.0,yahoo,GC=F
2026-10-01T23:15:00Z,4209.7001953125,4209.7998046875,4209.7001953125,4209.7998046875,10.0,yahoo,GC=F
2026-10-01T23:16:00Z,4209.5,4210.2998046875,4209.39990234375,4210.0,30.0,yahoo,GC=F
2026-10-01T23:17:00Z,4210.0,4210.10009765625,4209.2998046875,4209.2998046875,15.0,yahoo,GC=F
2026-10-01T23:18:00Z,4209.2998046875,4210.39990234375,4209.2998046875,4210.39990234375,25.0,yahoo,GC=F
2026-10-01T23:19:00Z,4210.2001953125,4212.0,4210.10009765625,4211.7998046875,50.0,yahoo,GC=F
2026-10-01T23:20:00Z,4211.60009765625,4212.39990234375,4211.60009765625,4212.2001953125,23.0,yahoo,GC=F
2026-10-01T23:21:00Z,4212.2998046875,4212.39990234375,4211.7001953125,4212.10009765625,41.0,yahoo,GC=F
2026-10-01T23:22:00Z,4211.39990234375,4211.7001953125,4211.10009765625,4211.39990234375,23.0,yahoo,GC=F
2026-10-01T23:23:00Z,4211.10009765625,4211.10009765625,4210.2001953125,4210.2001953125,29.0,yahoo,GC=F
2026-10-01T23:24:00Z,4210.39990234375,4210.39990234375,4209.7001953125,4210.10009765625,27.0,yahoo,GC=F
2026-10-01T23:25:00Z,4210.39990234375,4210.39990234375,4210.39990234375,4210.39990234375,0.0,yahoo,GC=F
