timestamp_utc,open,high,low,close,volume,source,symbol
2026-10-05T00:00:00Z,4170.7998046875,4174.39990234375,4170.7998046875,4174.10009765625,91.0,yahoo,GC=F
2026-10-05T00:01:00Z,4174.5,4174.5,4173.10009765625,4173.2998046875,30.0,yahoo,GC=F
2026-10-05T00:02:00Z,4174.10009765625,4176.7998046875,4174.10009765625,4176.5,86.0,yahoo,GC=F
2026-10-05T00:03:00Z,4175.89990234375,4176.7001953125,4175.60009765625,4176.2998046875,31.0,yahoo,GC=F
2026-10-05T00:04:00Z,4177.0,4178.7001953125,4177.0,4178.60009765625,92.0,yahoo,GC=F
2026-10-05T00:05:00Z,4178.60009765625,4178.7001953125,4177.7001953125,4178.0,47.0,yahoo,GC=F
2026-10-05T00:06:00Z,4178.2001953125,4178.39990234375,4177.0,4178.2998046875,54.0,yahoo,GC=F
2026-10-05T00:07:00Z,4177.7998046875,4178.2001953125,4176.7001953125,4176.89990234375,18.0,yahoo,GC=F
2026-10-05T00:08:00Z,4176.89990234375,4178.10009765625,4176.2001953125,4177.5,37.0,yahoo,GC=F
2026-10-05T00:09:00Z,4177.2998046875,4178.0,4177.0,4177.39990234375,33.0,yahoo,GC=F
2026-10-05T00:10:00Z,4176.89990234375,4178.7998046875,4176.89990234375,4178.7998046875,12.0,yahoo,GC=F
2026-10-05T00:11:00Z,4178.7001953125,4181.39990234375,4178.39990234375,4179.89990234375,75.0,yahoo,GC=F
2026-10-05T00:12:00Z,4179.7998046875,4179.7998046875,4178.2001953125,4178.2998046875,16.0,yahoo,GC=F
2026-10-05T00:13:00Z,4178.2001953125,4178.2001953125,4177.10009765625,4177.2998046875,24.0,yahoo,GC=F
2026-10-05T00:14:00Z,4176.89990234375,4177.60009765625,4176.0,4177.0,90.0,yahoo,GC=F
2026-10-05T00:15:00Z,4177.2998046875,4180.7001953125,4176.89990234375,4180.2001953125,105.0,yahoo,GC=F
2026-10-05T00:16:00Z,4180.5,4181.60009765625,4178.0,4178.2998046875,69.0,yahoo,GC=F
2026-10-05T00:17:00Z,4177.60009765625,4177.60009765625,4176.0,4177.10009765625,48.0,yahoo,GC=F
2026-10-05T00:18:00Z,4177.0,4177.2001953125,4176.2998046875,4177.2001953125,10.0,yahoo,GC=F
2026-10-05T00:19:00Z,4178.2998046875,4180.2001953125,4178.2998046875,4179.7998046875,32.0,yahoo,GC=F
2026-10-05T00:20:00Z,4179.60009765625,4180.7001953125,4179.60009765625,4180.7001953125,23.0,yahoo,GC=F
2026-10-05T00:21:00Z,4180.2998046875,4181.5,4180.10009765625,4180.7998046875,40.0,yahoo,GC=F
2026-10-05T00:22:00Z,4180.7001953125,4183.5,4180.7001953125,4183.2998046875,66.0,yahoo,GC=F
2026-10-05T00:23:00Z,4183.2001953125,4185.10009765625,4183.2001953125,4185.10009765625,97.0,yahoo,GC=F
2026-10-05T00:24:00Z,4185.5,4185.89990234375,4183.7001953125,4185.2998046875,146.0,yahoo,GC=F
2026-10-05T00:25:00Z,4185.10009765625,4185.7998046875,4184.10009765625,4185.60009765625,98.0,yahoo,GC=F
2026-10-05T00:26:00Z,4185.89990234375,4186.39990234375,4182.7998046875,4183.2998046875,150.0,yahoo,GC=F
2026-10-05T00:27:00Z,4183.60009765625,4184.7001953125,4183.10009765625,4184.39990234375,133.0,yahoo,GC=F
2026-10-05T00:28:00Z,4184.89990234375,4185.2998046875,4182.7998046875,4182.7998046875,57.0,yahoo,GC=F
2026-10-05T00:29:00Z,4183.10009765625,4183.7001953125,4182.5,4183.7001953125,28.0,yahoo,GC=F
2026-10-05T00:30:00Z,4183.7998046875,4184.10009765625,4182.0,4183.0,58.0,yahoo,GC=F
2026-10-05T00:31:00Z,4182.5,4183.2998046875,4182.2998046875,4182.7998046875,43.0,yahoo,GC=F
2026-10-05T00:32:00Z,4182.60009765625,4182.60009765625,4181.0,4181.2001953125,50.0,yahoo,GC=F
2026-10-05T00:33:00Z,4181.0,4181.7001953125,4180.7998046875,4181.7001953125,47.0,yahoo,GC=F
2026-10-05T00:34:00Z,4181.5,4182.2001953125,4180.89990234375,4181.2001953125,33.0,yahoo,GC=F
2026-10-05T00:35:00Z,4181.10009765625,4181.2001953125,4180.39990234375,4180.7998046875,25.0,yahoo,GC=F
2026-10-05T00:36:00Z,4181.2001953125,4181.2001953125,4180.10009765625,4180.7001953125,17.0,yahoo,GC=F
2026-10-05T00:37:00Z,4180.60009765625,4181.39990234375,4180.10009765625,4181.0,44.0,yahoo,GC=F
2026-10-05T00:38:00Z,4181.10009765625,4181.7998046875,4181.10009765625,4181.7998046875,41.0,yahoo,GC=F
2026-10-05T00:39:00Z,4181.2001953125,4182.10009765625,4181.2001953125,4181.89990234375,41.0,yahoo,GC=F
2026-10-05T00:40:00Z,4181.60009765625,4181.60009765625,4180.2998046875,4180.2998046875,16.0,yahoo,GC=F
2026-10-05T00:41:00Z,4180.2998046875,4180.7001953125,4180.2998046875,4180.5,12.0,yahoo,GC=F
2026-10-05T00:42:00Z,4180.39990234375,4181.0,4179.60009765625,4181.0,45.0,yahoo,GC=F
2026-10-05T00:43:00Z,4181.0,4181.39990234375,4180.5,4180.60009765625,17.0,yahoo,GC=F
2026-10-05T00:44:00Z,4180.89990234375,4181.39990234375,4180.89990234375,4181.2998046875,14.0,yahoo,GC=F
2026-10-05T00:45:00Z,4181.2001953125,4181.2001953125,4180.89990234375,4181.0,8.0,yahoo,GC=F
2026-10-05T00:46:00Z,4181.2001953125,4182.60009765625,4180.60009765625,4182.10009765625,27.0,yahoo,GC=F
2026-10-05T00:47:00Z,4182.2998046875,4183.7001953125,4182.10009765625,4183.0,60.0,yahoo,GC=F
2026-10-05T00:48:00Z,4182.89990234375,4184.60009765625,4182.60009765625,4184.5,31.0,yahoo,GC=F
2026-10-05T00:49:00Z,4184.39990234375,4184.60009765625,4183.7998046875,4184.0,27.0,yahoo,GC=F
2026-10-05T00:50:00Z,4184.0,4184.60009765625,4183.89990234375,4184.10009765625,26.0,yahoo,GC=F
2026-10-05T00:51:00Z,4183.7998046875,4184.10009765625,4182.7001953125,4183.2001953125,25.0,yahoo,GC=F
2026-10-05T00:52:00Z,4182.7998046875,4183.2998046875,4182.7998046875,4183.2998046875,9.0,yahoo,GC=F
2026-10-05T00:53:00Z,4182.7998046875,4184.2001953125,4182.60009765625,4184.0,20.0,yahoo,GC=F
2026-10-05T00:54:00Z,4183.39990234375,4183.7998046875,4183.2001953125,4183.39990234375,21.0,yahoo,GC=F
2026-10-05T00:55:00Z,4183.60009765625,4184.0,4183.60009765625,4184.0,7.0,yahoo,GC=F
2026-10-05T00:56:00Z,4184.10009765625,4184.10009765625,4182.60009765625,4182.7998046875,17.0,yahoo,GC=F
2026-10-05T00:57:00Z,4182.2001953125,4183.5,4182.2001953125,4182.60009765625,53.0,yahoo,GC=F
2026-10-05T00:58:00Z,4183.2998046875,4185.2998046875,4183.2998046875,4184.89990234375,71.0,yahoo,GC=F
2026-10-05T00:59:00Z,4184.89990234375,4185.2001953125,4184.5,4185.0,24.0,yahoo,GC=F
2026-10-05T01:00:00Z,4184.89990234375,4185.0,4181.7998046875,4184.0,87.0,yahoo,GC=F
2026-10-05T01:01:00Z,4184.2001953125,4186.5,4184.2001953125,4186.39990234375,78.0,yahoo,GC=F
2026-10-05T01:02:00Z,4186.2001953125,4186.5,4184.7001953125,4186.39990234375,40.0,yahoo,GC=F
2026-10-05T01:03:00Z,4186.60009765625,4187.10009765625,4186.0,4187.0,82.0,yahoo,GC=F
2026-10-05T01:04:00Z,4186.7998046875,4188.0,4186.39990234375,4187.7001953125,51.0,yahoo,GC=F
2026-10-05T01:05:00Z,4188.0,4189.0,4187.7001953125,4188.60009765625,70.0,yahoo,GC=F
2026-10-05T01:06:00Z,4188.10009765625,4189.60009765625,4188.10009765625,4189.0,109.0,yahoo,GC=F
2026-10-05T01:07:00Z,4188.7998046875,4190.0,4188.2998046875,4189.7998046875,34.0,yahoo,GC=F
2026-10-05T01:08:00Z,4189.39990234375,4189.39990234375,4187.10009765625,4188.2001953125,64.0,yahoo,GC=F
2026-10-05T01:09:00Z,4188.10009765625,4188.10009765625,4185.39990234375,4185.60009765625,20.0,yahoo,GC=F
2026-10-05T01:10:00Z,4185.2998046875,4185.7001953125,4184.39990234375,4185.39990234375,48.0,yahoo,GC=F
2026-10-05T01:11:00Z,4185.39990234375,4186.39990234375,4185.2998046875,4186.10009765625,28.0,yahoo,GC=F
2026-10-05T01:12:00Z,4186.0,4186.0,4184.89990234375,4184.89990234375,16.0,yahoo,GC=F
2026-10-05T01:13:00Z,4184.89990234375,4186.5,4184.7998046875,4186.0,21.0,yahoo,GC=F
2026-10-05T01:14:00Z,4186.0,4186.60009765625,4186.0,4186.2001953125,20.0,yahoo,GC=F
2026-10-05T01:15:00Z,4186.0,4186.0,4184.7998046875,4185.7998046875,36.0,yahoo,GC=F
2026-10-05T01:16:00Z,4185.7001953125,4187.7001953125,4185.7001953125,4187.39990234375,36.0,yahoo,GC=F
2026-10-05T01:17:00Z,4187.0,4187.2001953125,4186.10009765625,4186.2001953125,27.0,yahoo,GC=F
2026-10-05T01:18:00Z,4185.89990234375,4186.10009765625,4185.39990234375,4185.89990234375,12.0,yahoo,GC=F
2026-10-05T01:19:00Z,4185.7001953125,4186.60009765625,4185.0,4186.60009765625,22.0,yahoo,GC=F
2026-10-05T01:20:00Z,4186.2001953125,4186.2001953125,4182.39990234375,4182.39990234375,80.0,yahoo,GC=F
2026-10-05T01:21:00Z,4182.2998046875,4182.7001953125,4181.60009765625,4181.7998046875,52.0,yahoo,GC=F
2026-10-05T01:22:00Z,4182.10009765625,4182.5,4181.5,4182.10009765625,30.0,yahoo,GC=F
2026-10-05T01:23:00Z,4182.0,4182.7001953125,4180.60009765625,4181.60009765625,65.0,yahoo,GC=F
2026-10-05T01:24:00Z,4182.0,4184.7001953125,4182.0,4183.60009765625,126.0,yahoo,GC=F
2026-10-05T01:25:00Z,4184.10009765625,4185.7998046875,4184.10009765625,4184.7001953125,49.0,yahoo,GC=F
2026-10-05T01:26:00Z,4184.60009765625,4185.2998046875,4183.2001953125,4183.39990234375,49.0,yahoo,GC=F
2026-10-05T01:27:00Z,4183.39990234375,4184.10009765625,4182.89990234375,4183.10009765625,32.0,yahoo,GC=F
2026-10-05T01:28:00Z,4183.2998046875,4183.39990234375,4182.7998046875,4183.0,33.0,yahoo,GC=F
2026-10-05T01:29:00Z,4182.7998046875,4184.39990234375,4182.7998046875,4184.39990234375,33.0,yahoo,GC=F
2026-10-05T01:30:00Z,4184.2998046875,4185.39990234375,4183.0,4183.39990234375,80.0,yahoo,GC=F
2026-10-05T01:31:00Z,4183.60009765625,4183.60009765625,4182.7001953125,4183.5,27.0,yahoo,GC=F
2026-10-05T01:32:00Z,4183.7998046875,4184.7001953125,4183.5,4184.5,23.0,yahoo,GC=F
2026-10-05T01:33:00Z,4184.7001953125,4184.7001953125,4183.0,4183.10009765625,32.0,yahoo,GC=F
2026-10-05T01:34:00Z,4182.7001953125,4183.10009765625,4181.60009765625,4182.5,27.0,yahoo,GC=F
2026-10-05T01:35:00Z,4182.2001953125,4182.2998046875,4180.7998046875,4181.60009765625,45.0,yahoo,GC=F
2026-10-05T01:36:00Z,4181.7998046875,4182.60009765625,4181.7998046875,4182.39990234375,16.0,yahoo,GC=F
2026-10-05T01:37:00Z,4182.39990234375,4182.7001953125,4181.7998046875,4181.7998046875,14.0,yahoo,GC=F
2026-10-05T01:38:00Z,4181.5,4182.2001953125,4181.10009765625,4182.0,29.0,yahoo,GC=F
2026-10-05T01:39:00Z,4182.2001953125,4182.89990234375,4182.0,4182.7001953125,17.0,yahoo,GC=F
2026-10-05T01:40:00Z,4182.7998046875,4183.0,4182.10009765625,4182.7998046875,48.0,yahoo,GC=F
2026-10-05T01:41:00Z,4182.5,4182.60009765625,4182.0,4182.39990234375,18.0,yahoo,GC=F
2026-10-05T01:42:00Z,4182.60009765625,4183.2001953125,4181.7998046875,4182.0,34.0,yahoo,GC=F
2026-10-05T01:43:00Z,4181.7001953125,4182.2001953125,4180.2001953125,4181.39990234375,62.0,yahoo,GC=F
2026-10-05T01:44:00Z,4181.7001953125,4181.7001953125,4180.39990234375,4180.5,18.0,yahoo,GC=F
2026-10-05T01:45:00Z,4180.7001953125,4183.10009765625,4180.0,4183.10009765625,56.0,yahoo,GC=F
2026-10-05T01:46:00Z,4182.89990234375,4184.5,4182.2001953125,4184.5,52.0,yahoo,GC=F
2026-10-05T01:47:00Z,4184.2998046875,4186.7998046875,4184.2998046875,4185.60009765625,99.0,yahoo,GC=F
2026-10-05T01:48:00Z,4185.60009765625,4186.5,4185.10009765625,4186.5,29.0,yahoo,GC=F
2026-10-05T01:49:00Z,4186.10009765625,4186.5,4186.0,4186.5,18.0,yahoo,GC=F
2026-10-05T01:50:00Z,4186.5,4187.60009765625,4186.39990234375,4186.39990234375,34.0,yahoo,GC=F
2026-10-05T01:51:00Z,4186.7998046875,4187.89990234375,4186.7001953125,4187.10009765625,69.0,yahoo,GC=F
2026-10-05T01:52:00Z,4187.10009765625,4188.2001953125,4186.7001953125,4187.7998046875,33.0,yahoo,GC=F
2026-10-05T01:53:00Z,4187.89990234375,4188.60009765625,4187.10009765625,4188.10009765625,25.0,yahoo,GC=F
2026-10-05T01:54:00Z,4188.10009765625,4188.2998046875,4187.39990234375,4187.39990234375,22.0,yahoo,GC=F
2026-10-05T01:55:00Z,4187.2001953125,4188.10009765625,4186.7998046875,4187.60009765625,25.0,yahoo,GC=F
2026-10-05T01:56:00Z,4187.5,4188.89990234375,4187.2998046875,4188.89990234375,28.0,yahoo,GC=F
2026-10-05T01:57:00Z,4188.5,4189.2001953125,4188.10009765625,4188.7998046875,44.0,yahoo,GC=F
2026-10-05T01:58:00Z,4188.7001953125,4189.7998046875,4188.7001953125,4188.89990234375,51.0,yahoo,GC=F
2026-10-05T01:59:00Z,4188.7998046875,4189.0,4187.60009765625,4188.10009765625,33.0,yahoo,GC=F
2026-10-05T02:00:00Z,4188.2998046875,4188.7998046875,4187.39990234375,4187.60009765625,54.0,yahoo,GC=F
2026-10-05T02:01:00Z,4187.60009765625,4188.89990234375,4186.7998046875,4188.2998046875,56.0,yahoo,GC=F
2026-10-05T02:02:00Z,4188.5,4188.7998046875,4187.7998046875,4188.0,23.0,yahoo,GC=F
2026-10-05T02:03:00Z,4187.7001953125,4187.7001953125,4186.60009765625,4187.5,58.0,yahoo,GC=F
2026-10-05T02:04:00Z,4187.7998046875,4189.39990234375,4187.60009765625,4188.2001953125,85.0,yahoo,GC=F
2026-10-05T02:05:00Z,4187.7998046875,4188.2998046875,4187.5,4188.10009765625,36.0,yahoo,GC=F
2026-10-05T02:06:00Z,4188.2001953125,4188.7001953125,4187.89990234375,4188.39990234375,64.0,yahoo,GC=F
2026-10-05T02:07:00Z,4188.0,4188.39990234375,4187.39990234375,4187.7998046875,37.0,yahoo,GC=F
2026-10-05T02:08:00Z,4187.89990234375,4191.0,4187.89990234375,4189.7001953125,114.0,yahoo,GC=F
2026-10-05T02:09:00Z,4189.89990234375,4190.0,4188.10009765625,4188.5,47.0,yahoo,GC=F
2026-10-05T02:10:00Z,4188.5,4189.60009765625,4188.5,4189.2998046875,17.0,yahoo,GC=F
2026-10-05T02:11:00Z,4188.5,4189.0,4187.89990234375,4187.89990234375,23.0,yahoo,GC=F
2026-10-05T02:12:00Z,4187.7998046875,4188.0,4185.89990234375,4187.89990234375,114.0,yahoo,GC=F
2026-10-05T02:13:00Z,4187.39990234375,4189.0,4187.10009765625,4188.89990234375,39.0,yahoo,GC=F
2026-10-05T02:14:00Z,4189.39990234375,4190.2001953125,4187.60009765625,4188.0,51.0,yahoo,GC=F
2026-10-05T02:15:00Z,4187.89990234375,4188.10009765625,4187.2001953125,4187.7998046875,14.0,yahoo,GC=F
2026-10-05T02:16:00Z,4187.5,4188.5,4187.2998046875,4188.2001953125,36.0,yahoo,GC=F
2026-10-05T02:17:00Z,4187.7998046875,4188.0,4186.5,4186.89990234375,48.0,yahoo,GC=F
2026-10-05T02:18:00Z,4186.7998046875,4186.7998046875,4186.5,4186.60009765625,13.0,yahoo,GC=F
2026-10-05T02:19:00Z,4186.60009765625,4186.89990234375,4185.2001953125,4186.39990234375,296.0,yahoo,GC=F
2026-10-05T02:20:00Z,4186.5,4187.2998046875,4185.89990234375,4186.0,36.0,yahoo,GC=F
2026-10-05T02:21:00Z,4186.0,4186.0,4183.7001953125,4185.2998046875,89.0,yahoo,GC=F
2026-10-05T02:22:00Z,4185.7001953125,4187.7998046875,4185.7001953125,4186.10009765625,35.0,yahoo,GC=F
2026-10-05T02:23:00Z,4186.2001953125,4188.7998046875,4185.7998046875,4187.7001953125,53.0,yahoo,GC=F
2026-10-05T02:24:00Z,4187.7001953125,4188.89990234375,4187.2998046875,4188.2001953125,62.0,yahoo,GC=F
2026-10-05T02:25:00Z,4188.60009765625,4188.7001953125,4188.2001953125,4188.5,15.0,yahoo,GC=F
2026-10-05T02:26:00Z,4188.89990234375,4190.2001953125,4188.7998046875,4190.10009765625,35.0,yahoo,GC=F
2026-10-05T02:27:00Z,4190.39990234375,4190.39990234375,4188.7001953125,4188.7998046875,34.0,yahoo,GC=F
2026-10-05T02:28:00Z,4188.7001953125,4189.5,4187.2001953125,4187.39990234375,42.0,yahoo,GC=F
2026-10-05T02:29:00Z,4187.10009765625,4187.89990234375,4186.7001953125,4186.7001953125,31.0,yahoo,GC=F
2026-10-05T02:30:00Z,4186.89990234375,4186.89990234375,4185.7001953125,4186.5,21.0,yahoo,GC=F
2026-10-05T02:31:00Z,4186.10009765625,4187.10009765625,4186.10009765625,4186.7001953125,21.0,yahoo,GC=F
2026-10-05T02:32:00Z,4186.39990234375,4186.39990234375,4184.2998046875,4185.2998046875,48.0,yahoo,GC=F
2026-10-05T02:33:00Z,4185.2001953125,4185.60009765625,4183.0,4183.2001953125,43.0,yahoo,GC=F
2026-10-05T02:34:00Z,4183.10009765625,4183.7001953125,4182.2001953125,4182.2001953125,27.0,yahoo,GC=F
2026-10-05T02:35:00Z,4182.10009765625,4182.5,4181.2001953125,4182.5,43.0,yahoo,GC=F
2026-10-05T02:36:00Z,4181.89990234375,4182.89990234375,4181.89990234375,4182.5,14.0,yahoo,GC=F
2026-10-05T02:37:00Z,4182.5,4183.10009765625,4182.10009765625,4183.0,48.0,yahoo,GC=F
2026-10-05T02:38:00Z,4182.10009765625,4182.7998046875,4181.2998046875,4181.2998046875,42.0,yahoo,GC=F
2026-10-05T02:39:00Z,4181.0,4182.5,4180.89990234375,4182.0,109.0,yahoo,GC=F
2026-10-05T02:40:00Z,4182.2998046875,4182.7001953125,4181.89990234375,4181.89990234375,11.0,yahoo,GC=F
2026-10-05T02:41:00Z,4182.10009765625,4182.7001953125,4180.7998046875,4182.7001953125,55.0,yahoo,GC=F
2026-10-05T02:42:00Z,4182.5,4182.5,4182.10009765625,4182.10009765625,10.0,yahoo,GC=F
2026-10-05T02:43:00Z,4182.2001953125,4182.2998046875,4180.2001953125,4181.2998046875,63.0,yahoo,GC=F
2026-10-05T02:44:00Z,4181.7001953125,4181.7998046875,4180.39990234375,4181.2001953125,38.0,yahoo,GC=F
2026-10-05T02:45:00Z,4181.39990234375,4183.10009765625,4181.39990234375,4181.5,54.0,yahoo,GC=F
2026-10-05T02:46:00Z,4181.7998046875,4181.7998046875,4180.2001953125,4181.39990234375,52.0,yahoo,GC=F
2026-10-05T02:47:00Z,4180.89990234375,4180.89990234375,4179.2998046875,4179.2998046875,94.0,yahoo,GC=F
2026-10-05T02:48:00Z,4179.60009765625,4180.2001953125,4177.7001953125,4178.2998046875,146.0,yahoo,GC=F
2026-10-05T02:49:00Z,4177.7998046875,4177.89990234375,4174.60009765625,4174.89990234375,208.0,yahoo,GC=F
2026-10-05T02:50:00Z,4174.89990234375,4175.60009765625,4173.7998046875,4173.7998046875,192.0,yahoo,GC=F
2026-10-05T02:51:00Z,4173.7001953125,4175.2001953125,4173.2001953125,4173.60009765625,115.0,yahoo,GC=F
2026-10-05T02:52:00Z,4173.7001953125,4174.10009765625,4172.89990234375,4173.2998046875,47.0,yahoo,GC=F
2026-10-05T02:53:00Z,4173.5,4173.7998046875,4171.89990234375,4172.60009765625,108.0,yahoo,GC=F
2026-10-05T02:54:00Z,4171.89990234375,4172.5,4171.60009765625,4171.7998046875,75.0,yahoo,GC=F
2026-10-05T02:55:00Z,4171.89990234375,4172.0,4168.0,4169.5,364.0,yahoo,GC=F
2026-10-05T02:56:00Z,4169.39990234375,4170.10009765625,4167.7001953125,4168.7001953125,135.0,yahoo,GC=F
2026-10-05T02:57:00Z,4169.10009765625,4170.0,4167.7998046875,4169.89990234375,104.0,yahoo,GC=F
2026-10-05T02:58:00Z,4170.0,4171.2998046875,4167.89990234375,4168.10009765625,156.0,yahoo,GC=F
2026-10-05T02:59:00Z,4168.0,4170.7001953125,4167.2998046875,4170.2998046875,255.0,yahoo,GC=F
2026-10-05T03:00:00Z,4170.39990234375,4171.60009765625,4170.2001953125,4171.39990234375,118.0,yahoo,GC=F
2026-10-05T03:01:00Z,4171.39990234375,4171.7998046875,4170.7998046875,4171.10009765625,48.0,yahoo,GC=F
2026-10-05T03:02:00Z,4171.0,4172.7001953125,4169.60009765625,4171.60009765625,161.0,yahoo,GC=F
2026-10-05T03:03:00Z,4171.2998046875,4171.2998046875,4168.5,4169.89990234375,80.0,yahoo,GC=F
2026-10-05T03:04:00Z,4170.0,4170.60009765625,4168.89990234375,4170.60009765625,110.0,yahoo,GC=F
2026-10-05T03:05:00Z,4170.10009765625,4170.7001953125,4167.5,4168.2998046875,143.0,yahoo,GC=F
2026-10-05T03:06:00Z,4168.0,4168.2998046875,4164.5,4166.2001953125,221.0,yahoo,GC=F
2026-10-05T03:07:00Z,4165.7998046875,4166.39990234375,4164.39990234375,4164.7998046875,280.0,yahoo,GC=F
2026-10-05T03:08:00Z,4164.7001953125,4165.39990234375,4164.0,4164.89990234375,159.0,yahoo,GC=F
2026-10-05T03:09:00Z,4165.0,4165.7001953125,4164.10009765625,4165.0,82.0,yahoo,GC=F
2026-10-05T03:10:00Z,4164.89990234375,4165.7998046875,4164.5,4164.60009765625,71.0,yahoo,GC=F
2026-10-05T03:11:00Z,4165.0,4166.39990234375,4165.0,4166.39990234375,66.0,yahoo,GC=F
2026-10-05T03:12:00Z,4166.0,4166.2998046875,4164.5,4164.89990234375,275.0,yahoo,GC=F
2026-10-05T03:13:00Z,4165.10009765625,4166.10009765625,4164.5,4164.7998046875,160.0,yahoo,GC=F
2026-10-05T03:14:00Z,4164.7001953125,4166.39990234375,4164.7001953125,4165.39990234375,111.0,yahoo,GC=F
2026-10-05T03:15:00Z,4165.7001953125,4165.89990234375,4164.89990234375,4165.0,108.0,yahoo,GC=F
2026-10-05T03:16:00Z,4164.7998046875,4166.5,4164.2001953125,4166.5,66.0,yahoo,GC=F
2026-10-05T03:17:00Z,4166.60009765625,4168.2998046875,4166.5,4167.2001953125,115.0,yahoo,GC=F
2026-10-05T03:18:00Z,4167.39990234375,4168.60009765625,4167.39990234375,4167.89990234375,42.0,yahoo,GC=F
2026-10-05T03:19:00Z,4168.0,4169.2001953125,4167.60009765625,4169.0,92.0,yahoo,GC=F
2026-10-05T03:20:00Z,4169.2001953125,4169.89990234375,4168.7998046875,4169.5,72.0,yahoo,GC=F
2026-10-05T03:21:00Z,4168.60009765625,4169.60009765625,4168.60009765625,4169.10009765625,30.0,yahoo,GC=F
2026-10-05T03:22:00Z,4169.5,4169.5,4168.5,4169.10009765625,76.0,yahoo,GC=F
2026-10-05T03:23:00Z,4169.0,4169.10009765625,4166.7998046875,4166.89990234375,156.0,yahoo,GC=F
2026-10-05T03:24:00Z,4167.0,4168.2998046875,4166.7998046875,4167.7001953125,46.0,yahoo,GC=F
2026-10-05T03:25:00Z,4167.60009765625,4169.0,4167.60009765625,4168.89990234375,23.0,yahoo,GC=F
2026-10-05T03:26:00Z,4169.10009765625,4169.60009765625,4168.10009765625,4169.60009765625,42.0,yahoo,GC=F
2026-10-05T03:27:00Z,4169.7001953125,4171.2001953125,4169.60009765625,4171.10009765625,60.0,yahoo,GC=F
2026-10-05T03:28:00Z,4171.2998046875,4171.7998046875,4170.5,4171.2998046875,31.0,yahoo,GC=F
2026-10-05T03:29:00Z,4171.2001953125,4171.2998046875,4170.60009765625,4170.89990234375,18.0,yahoo,GC=F
2026-10-05T03:30:00Z,4171.0,4171.2001953125,4169.89990234375,4170.60009765625,92.0,yahoo,GC=F
2026-10-05T03:31:00Z,4170.60009765625,4172.60009765625,4170.0,4171.10009765625,119.0,yahoo,GC=F
2026-10-05T03:32:00Z,4170.89990234375,4172.0,4170.60009765625,4171.39990234375,64.0,yahoo,GC=F
2026-10-05T03:33:00Z,4171.2998046875,4174.0,4171.2998046875,4173.7998046875,71.0,yahoo,GC=F
2026-10-05T03:34:00Z,4174.0,4174.0,4172.2998046875,4172.7998046875,42.0,yahoo,GC=F
2026-10-05T03:35:00Z,4172.10009765625,4172.10009765625,4170.60009765625,4171.60009765625,52.0,yahoo,GC=F
2026-10-05T03:36:00Z,4172.0,4172.39990234375,4171.2998046875,4171.60009765625,25.0,yahoo,GC=F
2026-10-05T03:37:00Z,4171.60009765625,4172.2998046875,4171.60009765625,4171.60009765625,7.0,yahoo,GC=F
2026-10-05T03:38:00Z,4171.2998046875,4171.7001953125,4170.5,4171.39990234375,13.0,yahoo,GC=F
2026-10-05T03:39:00Z,4171.60009765625,4172.2001953125,4171.39990234375,4172.2001953125,27.0,yahoo,GC=F
2026-10-05T03:40:00Z,4172.5,4173.39990234375,4172.2001953125,4173.2001953125,45.0,yahoo,GC=F
2026-10-05T03:41:00Z,4173.10009765625,4173.10009765625,4171.39990234375,4172.0,17.0,yahoo,GC=F
2026-10-05T03:42:00Z,4171.89990234375,4171.89990234375,4170.5,4171.0,16.0,yahoo,GC=F
2026-10-05T03:43:00Z,4170.89990234375,4171.2001953125,4169.5,4169.7001953125,53.0,yahoo,GC=F
2026-10-05T03:44:00Z,4169.7001953125,4171.89990234375,4169.60009765625,4171.2998046875,52.0,yahoo,GC=F
2026-10-05T03:45:00Z,4171.39990234375,4174.39990234375,4171.10009765625,4174.39990234375,63.0,yahoo,GC=F
2026-10-05T03:46:00Z,4174.2998046875,4174.39990234375,4173.7998046875,4174.39990234375,30.0,yahoo,GC=F
2026-10-05T03:47:00Z,4174.2001953125,4174.2998046875,4173.2998046875,4173.60009765625,21.0,yahoo,GC=F
2026-10-05T03:48:00Z,4173.60009765625,4173.60009765625,4172.7998046875,4172.89990234375,23.0,yahoo,GC=F
2026-10-05T03:49:00Z,4172.2001953125,4173.10009765625,4172.0,4172.39990234375,113.0,yahoo,GC=F
2026-10-05T03:50:00Z,4172.5,4173.39990234375,4172.5,4173.0,35.0,yahoo,GC=F
2026-10-05T03:51:00Z,4172.89990234375,4173.89990234375,4172.89990234375,4173.0,19.0,yahoo,GC=F
2026-10-05T03:52:00Z,4173.2001953125,4173.2001953125,4171.89990234375,4172.10009765625,23.0,yahoo,GC=F
2026-10-05T03:53:00Z,4172.5,4172.5,4171.7001953125,4171.7998046875,16.0,yahoo,GC=F
2026-10-05T03:54:00Z,4171.89990234375,4172.10009765625,4171.60009765625,4172.0,17.0,yahoo,GC=F
2026-10-05T03:55:00Z,4172.2001953125,4173.7001953125,4172.2001953125,4172.89990234375,20.0,yahoo,GC=F
2026-10-05T03:56:00Z,4172.7001953125,4172.7998046875,4171.2998046875,4171.2998046875,19.0,yahoo,GC=F
2026-10-05T03:57:00Z,4171.89990234375,4172.39990234375,4171.7998046875,4172.39990234375,19.0,yahoo,GC=F
2026-10-05T03:58:00Z,4172.0,4172.39990234375,4171.7001953125,4172.0,27.0,yahoo,GC=F
2026-10-05T04:00:00Z,4171.2001953125,4171.2998046875,4170.5,4170.7998046875,30.0,yahoo,GC=F
2026-10-05T04:01:00Z,4170.5,4171.2001953125,4169.7998046875,4171.2001953125,43.0,yahoo,GC=F
2026-10-05T04:02:00Z,4170.89990234375,4170.89990234375,4170.2998046875,4170.39990234375,15.0,yahoo,GC=F
2026-10-05T04:03:00Z,4170.2001953125,4170.89990234375,4168.7998046875,4170.7001953125,70.0,yahoo,GC=F
2026-10-05T04:04:00Z,4170.7001953125,4170.7001953125,4167.5,4167.5,63.0,yahoo,GC=F
2026-10-05T04:05:00Z,4167.7001953125,4168.0,4167.0,4167.7001953125,34.0,yahoo,GC=F
2026-10-05T04:06:00Z,4167.2001953125,4168.0,4167.2001953125,4167.5,37.0,yahoo,GC=F
2026-10-05T04:07:00Z,4168.10009765625,4168.89990234375,4166.5,4166.60009765625,33.0,yahoo,GC=F
2026-10-05T04:08:00Z,4166.2001953125,4168.5,4166.2001953125,4167.2001953125,42.0,yahoo,GC=F
2026-10-05T04:09:00Z,4167.2998046875,4167.5,4166.89990234375,4167.2998046875,15.0,yahoo,GC=F
2026-10-05T04:10:00Z,4167.2998046875,4167.2998046875,4165.7998046875,4166.7001953125,33.0,yahoo,GC=F
2026-10-05T04:11:00Z,4166.39990234375,4166.7001953125,4164.60009765625,4164.7998046875,53.0,yahoo,GC=F
2026-10-05T04:12:00Z,4165.10009765625,4165.60009765625,4164.7001953125,4164.89990234375,28.0,yahoo,GC=F
2026-10-05T04:13:00Z,4165.10009765625,4165.39990234375,4164.60009765625,4164.7998046875,15.0,yahoo,GC=F
2026-10-05T04:14:00Z,4165.0,4165.0,4162.60009765625,4162.7001953125,122.0,yahoo,GC=F
2026-10-05T04:15:00Z,4162.60009765625,4163.39990234375,4161.2998046875,4162.39990234375,109.0,yahoo,GC=F
2026-10-05T04:16:00Z,4162.7998046875,4163.10009765625,4161.2001953125,4161.2001953125,52.0,yahoo,GC=F
2026-10-05T04:17:00Z,4161.2998046875,4162.5,4159.2001953125,4160.2998046875,223.0,yahoo,GC=F
2026-10-05T04:18:00Z,4160.2001953125,4160.2998046875,4158.2001953125,4158.89990234375,117.0,yahoo,GC=F
2026-10-05T04:19:00Z,4158.7001953125,4161.10009765625,4158.60009765625,4161.10009765625,110.0,yahoo,GC=F
2026-10-05T04:20:00Z,4160.7001953125,4161.10009765625,4159.7001953125,4159.7001953125,31.0,yahoo,GC=F
2026-10-05T04:21:00Z,4159.89990234375,4160.5,4158.89990234375,4159.2998046875,95.0,yahoo,GC=F
2026-10-05T04:22:00Z,4159.0,4160.10009765625,4159.0,4159.2998046875,46.0,yahoo,GC=F
2026-10-05T04:23:00Z,4159.5,4160.0,4157.7001953125,4159.0,137.0,yahoo,GC=F
2026-10-05T04:24:00Z,4159.39990234375,4160.5,4159.39990234375,4159.7001953125,36.0,yahoo,GC=F
2026-10-05T04:25:00Z,4159.7998046875,4160.89990234375,4159.7998046875,4160.5,13.0,yahoo,GC=F
2026-10-05T04:26:00Z,4160.39990234375,4160.39990234375,4157.7998046875,4158.2001953125,65.0,yahoo,GC=F
2026-10-05T04:27:00Z,4157.7998046875,4157.7998046875,4156.7998046875,4156.7998046875,64.0,yahoo,GC=F
2026-10-05T04:28:00Z,4156.7998046875,4156.89990234375,4155.89990234375,4156.2001953125,57.0,yahoo,GC=F
2026-10-05T04:29:00Z,4156.0,4156.0,4152.2998046875,4153.89990234375,407.0,yahoo,GC=F
2026-10-05T04:30:00Z,4154.0,4155.2001953125,4153.2998046875,4155.2001953125,149.0,yahoo,GC=F
2026-10-05T04:31:00Z,4155.2001953125,4156.0,4153.39990234375,4154.5,96.0,yahoo,GC=F
2026-10-05T04:32:00Z,4154.2998046875,4155.5,4153.7998046875,4154.2001953125,68.0,yahoo,GC=F
2026-10-05T04:33:00Z,4153.89990234375,4156.2998046875,4153.89990234375,4156.2998046875,55.0,yahoo,GC=F
2026-10-05T04:34:00Z,4156.5,4157.2001953125,4156.2001953125,4157.2001953125,64.0,yahoo,GC=F
2026-10-05T04:35:00Z,4157.0,4158.0,4155.0,4155.10009765625,73.0,yahoo,GC=F
2026-10-05T04:36:00Z,4155.10009765625,4159.2998046875,4155.10009765625,4158.39990234375,90.0,yahoo,GC=F
2026-10-05T04:37:00Z,4158.5,4159.2001953125,4158.10009765625,4159.10009765625,42.0,yahoo,GC=F
2026-10-05T04:38:00Z,4159.2001953125,4159.60009765625,4158.7001953125,4158.89990234375,18.0,yahoo,GC=F
2026-10-05T04:39:00Z,4158.7998046875,4159.2998046875,4157.7001953125,4159.2001953125,86.0,yahoo,GC=F
2026-10-05T04:40:00Z,4159.7001953125,4160.7001953125,4159.0,4160.39990234375,62.0,yahoo,GC=F
2026-10-05T04:41:00Z,4160.5,4161.2001953125,4159.89990234375,4161.0,80.0,yahoo,GC=F
2026-10-05T04:42:00Z,4161.2001953125,4161.60009765625,4160.5,4161.60009765625,16.0,yahoo,GC=F
2026-10-05T04:43:00Z,4160.7998046875,4161.39990234375,4160.2001953125,4160.5,25.0,yahoo,GC=F
2026-10-05T04:44:00Z,4160.0,4161.2998046875,4160.0,4161.10009765625,52.0,yahoo,GC=F
2026-10-05T04:45:00Z,4161.0,4162.5,4160.7998046875,4162.2998046875,96.0,yahoo,GC=F
2026-10-05T04:46:00Z,4162.10009765625,4162.2001953125,4160.89990234375,4161.39990234375,86.0,yahoo,GC=F
2026-10-05T04:47:00Z,4161.60009765625,4161.60009765625,4161.10009765625,4161.2998046875,42.0,yahoo,GC=F
2026-10-05T04:48:00Z,4161.39990234375,4162.0,4161.2001953125,4162.0,21.0,yahoo,GC=F
2026-10-05T04:49:00Z,4162.2001953125,4162.2001953125,4161.2998046875,4161.5,35.0,yahoo,GC=F
2026-10-05T04:50:00Z,4161.89990234375,4162.10009765625,4161.2001953125,4161.2001953125,22.0,yahoo,GC=F
2026-10-05T04:51:00Z,4161.2998046875,4161.5,4160.5,4160.7001953125,23.0,yahoo,GC=F
2026-10-05T04:52:00Z,4160.7998046875,4160.7998046875,4159.2998046875,4160.39990234375,86.0,yahoo,GC=F
2026-10-05T04:53:00Z,4160.2998046875,4160.5,4159.60009765625,4160.39990234375,40.0,yahoo,GC=F
2026-10-05T04:54:00Z,4160.10009765625,4160.2998046875,4159.39990234375,4159.7998046875,20.0,yahoo,GC=F
2026-10-05T04:55:00Z,4160.0,4160.0,4158.89990234375,4159.0,36.0,yahoo,GC=F
2026-10-05T04:56:00Z,4158.7998046875,4158.7998046875,4157.60009765625,4158.39990234375,32.0,yahoo,GC=F
2026-10-05T04:57:00Z,4158.5,4159.60009765625,4158.5,4159.2001953125,13.0,yahoo,GC=F
2026-10-05T04:58:00Z,4159.2998046875,4159.60009765625,4158.2998046875,4159.2998046875,26.0,yahoo,GC=F
2026-10-05T04:59:00Z,4159.0,4159.10009765625,4158.39990234375,4158.7998046875,22.0,yahoo,GC=F
2026-10-05T05:00:00Z,4159.0,4160.0,4158.7998046875,4159.2001953125,36.0,yahoo,GC=F
2026-10-05T05:01:00Z,4158.89990234375,4159.60009765625,4158.89990234375,4159.60009765625,12.0,yahoo,GC=F
2026-10-05T05:02:00Z,4159.7998046875,4160.60009765625,4159.5,4159.5,42.0,yahoo,GC=F
2026-10-05T05:03:00Z,4159.7001953125,4160.0,4158.7001953125,4159.5,30.0,yahoo,GC=F
2026-10-05T05:04:00Z,4158.7998046875,4159.2001953125,4158.2998046875,4159.0,16.0,yahoo,GC=F
2026-10-05T05:05:00Z,4159.7998046875,4160.7001953125,4159.7998046875,4160.2001953125,15.0,yahoo,GC=F
2026-10-05T05:06:00Z,4160.39990234375,4162.7998046875,4159.7001953125,4162.5,77.0,yahoo,GC=F
2026-10-05T05:07:00Z,4162.39990234375,4164.10009765625,4162.0,4163.5,46.0,yahoo,GC=F
2026-10-05T05:08:00Z,4163.2001953125,4164.7001953125,4163.10009765625,4164.0,56.0,yahoo,GC=F
2026-10-05T05:09:00Z,4164.0,4164.60009765625,4163.7998046875,4164.0,21.0,yahoo,GC=F
2026-10-05T05:10:00Z,4164.10009765625,4164.10009765625,4163.2001953125,4163.2001953125,49.0,yahoo,GC=F
2026-10-05T05:11:00Z,4163.2001953125,4163.89990234375,4163.2001953125,4163.60009765625,25.0,yahoo,GC=F
2026-10-05T05:12:00Z,4163.7001953125,4164.39990234375,4163.7001953125,4164.2001953125,25.0,yahoo,GC=F
2026-10-05T05:13:00Z,4164.2998046875,4165.7001953125,4164.2998046875,4165.2001953125,153.0,yahoo,GC=F
2026-10-05T05:14:00Z,4165.2001953125,4167.89990234375,4164.7998046875,4166.39990234375,207.0,yahoo,GC=F
2026-10-05T05:15:00Z,4166.2998046875,4167.0,4164.5,4165.2001953125,84.0,yahoo,GC=F
2026-10-05T05:16:00Z,4165.2998046875,4165.60009765625,4164.2001953125,4165.2001953125,51.0,yahoo,GC=F
2026-10-05T05:17:00Z,4165.39990234375,4165.89990234375,4165.0,4165.89990234375,28.0,yahoo,GC=F
2026-10-05T05:18:00Z,4165.2001953125,4165.89990234375,4165.2001953125,4165.39990234375,12.0,yahoo,GC=F
2026-10-05T05:19:00Z,4165.2001953125,4166.89990234375,4165.10009765625,4166.2001953125,82.0,yahoo,GC=F
2026-10-05T05:20:00Z,4166.5,4167.2001953125,4165.60009765625,4166.10009765625,47.0,yahoo,GC=F
2026-10-05T05:21:00Z,4166.2998046875,4167.60009765625,4166.2998046875,4167.39990234375,30.0,yahoo,GC=F
2026-10-05T05:22:00Z,4167.7998046875,4168.10009765625,4166.7998046875,4166.7998046875,129.0,yahoo,GC=F
2026-10-05T05:23:00Z,4167.0,4167.10009765625,4163.60009765625,4163.7998046875,84.0,yahoo,GC=F
2026-10-05T05:24:00Z,4164.2001953125,4165.2998046875,4163.39990234375,4165.2998046875,62.0,yahoo,GC=F
2026-10-05T05:25:00Z,4165.39990234375,4166.5,4165.10009765625,4165.60009765625,31.0,yahoo,GC=F
2026-10-05T05:26:00Z,4165.7998046875,4166.10009765625,4165.10009765625,4165.39990234375,22.0,yahoo,GC=F
2026-10-05T05:27:00Z,4165.2998046875,4165.60009765625,4164.5,4164.60009765625,13.0,yahoo,GC=F
2026-10-05T05:28:00Z,4164.5,4165.89990234375,4164.39990234375,4164.5,67.0,yahoo,GC=F
2026-10-05T05:29:00Z,4165.0,4165.2998046875,4164.60009765625,4165.0,114.0,yahoo,GC=F
2026-10-05T05:30:00Z,4164.60009765625,4164.7001953125,4162.0,4163.2001953125,143.0,yahoo,GC=F
2026-10-05T05:31:00Z,4163.39990234375,4163.7998046875,4162.5,4162.5,26.0,yahoo,GC=F
2026-10-05T05:32:00Z,4162.5,4163.39990234375,4161.0,4161.0,63.0,yahoo,GC=F
2026-10-05T05:33:00Z,4161.10009765625,4162.2998046875,4161.10009765625,4161.2998046875,42.0,yahoo,GC=F
2026-10-05T05:34:00Z,4161.39990234375,4162.2001953125,4161.2998046875,4162.10009765625,9.0,yahoo,GC=F
2026-10-05T05:35:00Z,4161.60009765625,4162.2001953125,4160.7998046875,4161.7001953125,56.0,yahoo,GC=F
2026-10-05T05:36:00Z,4162.0,4165.0,4162.0,4164.89990234375,105.0,yahoo,GC=F
2026-10-05T05:37:00Z,4165.10009765625,4165.7998046875,4164.7001953125,4165.0,38.0,yahoo,GC=F
2026-10-05T05:38:00Z,4165.0,4165.2998046875,4164.60009765625,4165.0,14.0,yahoo,GC=F
2026-10-05T05:39:00Z,4164.60009765625,4164.7001953125,4164.5,4164.5,7.0,yahoo,GC=F
2026-10-05T05:40:00Z,4164.2998046875,4164.7001953125,4164.0,4164.2001953125,17.0,yahoo,GC=F
2026-10-05T05:41:00Z,4164.10009765625,4164.2001953125,4162.7998046875,4162.89990234375,24.0,yahoo,GC=F
2026-10-05T05:42:00Z,4163.7001953125,4164.60009765625,4163.5,4164.60009765625,10.0,yahoo,GC=F
2026-10-05T05:43:00Z,4164.7998046875,4165.0,4164.5,4164.5,6.0,yahoo,GC=F
2026-10-05T05:44:00Z,4165.0,4168.60009765625,4165.0,4168.2001953125,73.0,yahoo,GC=F
2026-10-05T05:45:00Z,4168.10009765625,4168.2001953125,4166.2998046875,4166.2998046875,42.0,yahoo,GC=F
2026-10-05T05:46:00Z,4166.2001953125,4167.7001953125,4165.2998046875,4167.7001953125,66.0,yahoo,GC=F
2026-10-05T05:47:00Z,4167.5,4167.7001953125,4166.7998046875,4166.7998046875,28.0,yahoo,GC=F
2026-10-05T05:48:00Z,4167.0,4168.2998046875,4167.0,4167.5,83.0,yahoo,GC=F
2026-10-05T05:49:00Z,4167.2001953125,4167.2001953125,4165.7001953125,4165.89990234375,22.0,yahoo,GC=F
2026-10-05T05:50:00Z,4165.89990234375,4166.10009765625,4165.60009765625,4165.60009765625,24.0,yahoo,GC=F
2026-10-05T05:51:00Z,4165.60009765625,4166.60009765625,4165.5,4165.5,12.0,yahoo,GC=F
2026-10-05T05:52:00Z,4165.2001953125,4165.2001953125,4163.5,4164.5,71.0,yahoo,GC=F
2026-10-05T05:53:00Z,4164.0,4164.10009765625,4162.60009765625,4162.7998046875,23.0,yahoo,GC=F
2026-10-05T05:54:00Z,4162.0,4162.0,4160.0,4160.60009765625,100.0,yahoo,GC=F
2026-10-05T05:55:00Z,4160.2001953125,4160.7001953125,4159.0,4159.0,90.0,yahoo,GC=F
2026-10-05T05:56:00Z,4159.10009765625,4159.5,4157.60009765625,4159.39990234375,105.0,yahoo,GC=F
2026-10-05T05:57:00Z,4159.2001953125,4161.39990234375,4159.2001953125,4160.7001953125,54.0,yahoo,GC=F
2026-10-05T05:58:00Z,4160.60009765625,4161.7998046875,4160.60009765625,4161.39990234375,80.0,yahoo,GC=F
2026-10-05T05:59:00Z,4161.5,4162.7998046875,4161.5,4162.39990234375,67.0,yahoo,GC=F
2026-10-05T06:00:00Z,4162.10009765625,4167.2001953125,4161.7001953125,4167.2001953125,227.0,yahoo,GC=F
2026-10-05T06:01:00Z,4167.39990234375,4171.2001953125,4167.2998046875,4170.2001953125,183.0,yahoo,GC=F
2026-10-05T06:02:00Z,4170.5,4171.7001953125,4168.39990234375,4171.0,134.0,yahoo,GC=F
2026-10-05T06:03:00Z,4171.0,4172.2998046875,4170.60009765625,4171.5,140.0,yahoo,GC=F
2026-10-05T06:04:00Z,4171.2001953125,4172.39990234375,4169.60009765625,4169.7001953125,135.0,yahoo,GC=F
2026-10-05T06:05:00Z,4169.5,4171.60009765625,4169.2001953125,4171.2998046875,123.0,yahoo,GC=F
2026-10-05T06:06:00Z,4171.10009765625,4175.2998046875,4171.0,4174.0,205.0,yahoo,GC=F
2026-10-05T06:07:00Z,4173.7998046875,4174.10009765625,4172.7998046875,4173.2998046875,98.0,yahoo,GC=F
2026-10-05T06:08:00Z,4173.0,4174.2998046875,4172.7001953125,4173.5,105.0,yahoo,GC=F
2026-10-05T06:09:00Z,4173.5,4174.39990234375,4172.7998046875,4174.0,32.0,yahoo,GC=F
2026-10-05T06:10:00Z,4174.2998046875,4174.60009765625,4173.39990234375,4174.60009765625,59.0,yahoo,GC=F
2026-10-05T06:11:00Z,4174.7998046875,4176.2998046875,4174.7001953125,4176.0,70.0,yahoo,GC=F
2026-10-05T06:12:00Z,4175.7998046875,4177.2001953125,4175.5,4176.60009765625,105.0,yahoo,GC=F
2026-10-05T06:13:00Z,4176.7001953125,4178.60009765625,4176.7001953125,4178.10009765625,57.0,yahoo,GC=F
2026-10-05T06:14:00Z,4178.2998046875,4181.5,4178.2998046875,4179.39990234375,308.0,yahoo,GC=F
2026-10-05T06:15:00Z,4179.5,4181.5,4178.89990234375,4181.0,141.0,yahoo,GC=F
2026-10-05T06:16:00Z,4180.7001953125,4182.0,4180.2998046875,4180.89990234375,116.0,yahoo,GC=F
2026-10-05T06:17:00Z,4181.0,4181.89990234375,4180.5,4180.5,160.0,yahoo,GC=F
2026-10-05T06:18:00Z,4180.89990234375,4181.10009765625,4179.2001953125,4180.0,131.0,yahoo,GC=F
2026-10-05T06:19:00Z,4180.2998046875,4180.7998046875,4178.89990234375,4179.2001953125,154.0,yahoo,GC=F
2026-10-05T06:20:00Z,4179.7001953125,4179.7001953125,4175.89990234375,4176.0,253.0,yahoo,GC=F
2026-10-05T06:21:00Z,4175.7998046875,4177.39990234375,4174.60009765625,4177.2998046875,184.0,yahoo,GC=F
2026-10-05T06:22:00Z,4177.5,4182.5,4177.39990234375,4181.5,267.0,yahoo,GC=F
2026-10-05T06:23:00Z,4181.60009765625,4181.7998046875,4180.5,4181.2998046875,119.0,yahoo,GC=F
2026-10-05T06:24:00Z,4181.60009765625,4183.2001953125,4181.5,4182.0,80.0,yahoo,GC=F
2026-10-05T06:25:00Z,4182.2998046875,4183.60009765625,4181.10009765625,4183.39990234375,133.0,yahoo,GC=F
2026-10-05T06:26:00Z,4183.7001953125,4183.7001953125,4182.39990234375,4182.39990234375,64.0,yahoo,GC=F
2026-10-05T06:27:00Z,4182.60009765625,4183.2001953125,4181.10009765625,4181.60009765625,52.0,yahoo,GC=F
2026-10-05T06:28:00Z,4181.7998046875,4183.89990234375,4181.2998046875,4183.89990234375,111.0,yahoo,GC=F
2026-10-05T06:29:00Z,4183.7998046875,4184.10009765625,4182.7001953125,4183.10009765625,138.0,yahoo,GC=F
2026-10-05T06:30:00Z,4182.60009765625,4182.7001953125,4181.2001953125,4182.39990234375,136.0,yahoo,GC=F
2026-10-05T06:31:00Z,4182.10009765625,4183.0,4181.39990234375,4181.89990234375,93.0,yahoo,GC=F
2026-10-05T06:32:00Z,4181.89990234375,4183.5,4181.7998046875,4182.2001953125,96.0,yahoo,GC=F
2026-10-05T06:33:00Z,4182.2001953125,4182.39990234375,4178.89990234375,4179.39990234375,73.0,yahoo,GC=F
2026-10-05T06:34:00Z,4179.10009765625,4179.5,4177.7998046875,4178.5,101.0,yahoo,GC=F
2026-10-05T06:35:00Z,4178.2998046875,4179.5,4177.7001953125,4178.39990234375,88.0,yahoo,GC=F
2026-10-05T06:36:00Z,4178.5,4179.5,4177.89990234375,4178.2001953125,57.0,yahoo,GC=F
2026-10-05T06:37:00Z,4178.7998046875,4180.7998046875,4178.7001953125,4180.2998046875,94.0,yahoo,GC=F
2026-10-05T06:38:00Z,4180.39990234375,4180.7001953125,4177.89990234375,4178.0,35.0,yahoo,GC=F
2026-10-05T06:39:00Z,4177.7001953125,4178.7998046875,4176.89990234375,4178.39990234375,38.0,yahoo,GC=F
2026-10-05T06:40:00Z,4177.89990234375,4178.7998046875,4177.60009765625,4178.39990234375,30.0,yahoo,GC=F
2026-10-05T06:41:00Z,4178.39990234375,4178.5,4177.5,4178.39990234375,16.0,yahoo,GC=F
2026-10-05T06:42:00Z,4179.10009765625,4180.60009765625,4178.7001953125,4180.60009765625,31.0,yahoo,GC=F
2026-10-05T06:43:00Z,4180.39990234375,4181.39990234375,4179.5,4180.39990234375,64.0,yahoo,GC=F
2026-10-05T06:44:00Z,4180.10009765625,4180.7998046875,4178.39990234375,4180.7998046875,58.0,yahoo,GC=F
2026-10-05T06:45:00Z,4180.7001953125,4180.89990234375,4179.39990234375,4179.7001953125,49.0,yahoo,GC=F
2026-10-05T06:46:00Z,4179.89990234375,4180.60009765625,4179.39990234375,4179.39990234375,37.0,yahoo,GC=F
2026-10-05T06:47:00Z,4179.39990234375,4179.89990234375,4179.0,4179.7001953125,28.0,yahoo,GC=F
2026-10-05T06:48:00Z,4179.5,4179.5,4178.2001953125,4178.60009765625,46.0,yahoo,GC=F
2026-10-05T06:49:00Z,4178.60009765625,4179.0,4177.10009765625,4177.2001953125,45.0,yahoo,GC=F
2026-10-05T06:50:00Z,4177.39990234375,4177.7001953125,4176.10009765625,4176.2001953125,66.0,yahoo,GC=F
2026-10-05T06:51:00Z,4176.10009765625,4178.39990234375,4176.10009765625,4178.2001953125,33.0,yahoo,GC=F
2026-10-05T06:52:00Z,4177.5,4178.5,4177.5,4178.2998046875,14.0,yahoo,GC=F
2026-10-05T06:53:00Z,4178.2001953125,4180.60009765625,4178.2001953125,4180.2001953125,34.0,yahoo,GC=F
2026-10-05T06:54:00Z,4179.89990234375,4179.89990234375,4176.2998046875,4178.5,176.0,yahoo,GC=F
2026-10-05T06:55:00Z,4178.5,4180.0,4178.10009765625,4178.7998046875,28.0,yahoo,GC=F
2026-10-05T06:56:00Z,4179.2001953125,4180.2001953125,4179.2001953125,4179.7001953125,33.0,yahoo,GC=F
2026-10-05T06:57:00Z,4179.2001953125,4181.10009765625,4179.2001953125,4181.0,29.0,yahoo,GC=F
2026-10-05T06:58:00Z,4181.10009765625,4182.89990234375,4181.10009765625,4182.7998046875,73.0,yahoo,GC=F
2026-10-05T06:59:00Z,4182.7001953125,4183.89990234375,4182.39990234375,4183.7001953125,122.0,yahoo,GC=F
2026-10-05T07:00:00Z,4183.7001953125,4184.2998046875,4179.7998046875,4180.2998046875,159.0,yahoo,GC=F
2026-10-05T07:01:00Z,4180.39990234375,4181.5,4178.2001953125,4179.39990234375,80.0,yahoo,GC=F
2026-10-05T07:02:00Z,4179.7001953125,4179.7001953125,4177.89990234375,4179.10009765625,58.0,yahoo,GC=F
2026-10-05T07:03:00Z,4178.7998046875,4180.89990234375,4178.7001953125,4180.2001953125,54.0,yahoo,GC=F
2026-10-05T07:04:00Z,4180.5,4182.10009765625,4180.5,4180.7001953125,44.0,yahoo,GC=F
2026-10-05T07:05:00Z,4180.7998046875,4183.39990234375,4180.5,4183.2998046875,52.0,yahoo,GC=F
2026-10-05T07:06:00Z,4183.5,4185.5,4183.0,4184.7998046875,155.0,yahoo,GC=F
2026-10-05T07:07:00Z,4184.89990234375,4187.2998046875,4184.7001953125,4186.2001953125,136.0,yahoo,GC=F
2026-10-05T07:08:00Z,4186.2998046875,4186.60009765625,4184.7001953125,4185.5,135.0,yahoo,GC=F
2026-10-05T07:09:00Z,4185.5,4186.0,4183.7998046875,4184.0,100.0,yahoo,GC=F
2026-10-05T07:10:00Z,4184.10009765625,4184.5,4183.39990234375,4184.0,38.0,yahoo,GC=F
2026-10-05T07:11:00Z,4183.7998046875,4183.7998046875,4181.60009765625,4181.60009765625,60.0,yahoo,GC=F
2026-10-05T07:12:00Z,4182.0,4185.2001953125,4182.0,4184.89990234375,76.0,yahoo,GC=F
2026-10-05T07:13:00Z,4184.7998046875,4185.2001953125,4183.0,4184.39990234375,46.0,yahoo,GC=F
2026-10-05T07:14:00Z,4184.5,4184.5,4183.5,4184.10009765625,28.0,yahoo,GC=F
2026-10-05T07:15:00Z,4184.39990234375,4184.39990234375,4183.0,4183.2001953125,22.0,yahoo,GC=F
2026-10-05T07:16:00Z,4183.39990234375,4183.5,4182.2998046875,4182.5,43.0,yahoo,GC=F
2026-10-05T07:17:00Z,4182.5,4184.5,4182.5,4183.5,41.0,yahoo,GC=F
2026-10-05T07:18:00Z,4183.7998046875,4185.2001953125,4183.5,4183.5,91.0,yahoo,GC=F
2026-10-05T07:19:00Z,4183.0,4183.2998046875,4182.2001953125,4182.5,38.0,yahoo,GC=F
2026-10-05T07:20:00Z,4182.7001953125,4182.7001953125,4180.60009765625,4181.7001953125,56.0,yahoo,GC=F
2026-10-05T07:21:00Z,4181.60009765625,4183.5,4181.39990234375,4183.0,49.0,yahoo,GC=F
2026-10-05T07:22:00Z,4182.7998046875,4182.7998046875,4181.60009765625,4182.0,57.0,yahoo,GC=F
2026-10-05T07:23:00Z,4181.7001953125,4182.5,4180.10009765625,4180.5,67.0,yahoo,GC=F
2026-10-05T07:24:00Z,4180.60009765625,4180.7998046875,4179.7998046875,4180.7001953125,50.0,yahoo,GC=F
2026-10-05T07:25:00Z,4180.7998046875,4182.7001953125,4180.60009765625,4182.39990234375,43.0,yahoo,GC=F
2026-10-05T07:26:00Z,4182.39990234375,4183.0,4181.89990234375,4182.2001953125,89.0,yahoo,GC=F
2026-10-05T07:27:00Z,4181.89990234375,4182.5,4179.0,4179.39990234375,71.0,yahoo,GC=F
2026-10-05T07:28:00Z,4179.5,4180.2998046875,4179.10009765625,4179.7001953125,60.0,yahoo,GC=F
2026-10-05T07:29:00Z,4180.0,4181.2001953125,4180.0,4181.10009765625,53.0,yahoo,GC=F
2026-10-05T07:30:00Z,4181.7001953125,4181.7001953125,4180.2001953125,4180.7998046875,32.0,yahoo,GC=F
2026-10-05T07:31:00Z,4180.7998046875,4181.7001953125,4179.89990234375,4179.89990234375,51.0,yahoo,GC=F
2026-10-05T07:32:00Z,4179.7001953125,4181.60009765625,4179.7001953125,4181.2998046875,42.0,yahoo,GC=F
2026-10-05T07:33:00Z,4180.89990234375,4183.39990234375,4180.5,4182.2001953125,65.0,yahoo,GC=F
2026-10-05T07:34:00Z,4182.10009765625,4182.60009765625,4181.2001953125,4181.5,25.0,yahoo,GC=F
2026-10-05T07:35:00Z,4181.2001953125,4182.7001953125,4180.7998046875,4181.7998046875,40.0,yahoo,GC=F
2026-10-05T07:36:00Z,4181.7998046875,4183.2001953125,4181.7001953125,4182.5,46.0,yahoo,GC=F
2026-10-05T07:37:00Z,4182.5,4183.39990234375,4182.39990234375,4183.39990234375,35.0,yahoo,GC=F
2026-10-05T07:38:00Z,4183.39990234375,4184.0,4182.5,4182.5,42.0,yahoo,GC=F
2026-10-05T07:39:00Z,4182.2001953125,4183.0,4181.7001953125,4183.0,30.0,yahoo,GC=F
2026-10-05T07:40:00Z,4183.39990234375,4184.60009765625,4183.39990234375,4184.60009765625,43.0,yahoo,GC=F
2026-10-05T07:41:00Z,4184.7001953125,4186.10009765625,4183.39990234375,4184.2998046875,152.0,yahoo,GC=F
2026-10-05T07:42:00Z,4184.2998046875,4186.39990234375,4184.2998046875,4186.2998046875,50.0,yahoo,GC=F
2026-10-05T07:43:00Z,4186.2998046875,4187.2001953125,4186.0,4186.89990234375,37.0,yahoo,GC=F
2026-10-05T07:44:00Z,4186.7998046875,4187.7001953125,4185.60009765625,4187.60009765625,78.0,yahoo,GC=F
2026-10-05T07:45:00Z,4187.60009765625,4194.89990234375,4187.60009765625,4188.5,1100.0,yahoo,GC=F
2026-10-05T07:46:00Z,4188.60009765625,4190.60009765625,4187.39990234375,4188.5,298.0,yahoo,GC=F
2026-10-05T07:47:00Z,4188.5,4190.60009765625,4188.10009765625,4188.10009765625,124.0,yahoo,GC=F
2026-10-05T07:48:00Z,4188.10009765625,4188.2001953125,4186.10009765625,4186.10009765625,101.0,yahoo,GC=F
2026-10-05T07:49:00Z,4186.10009765625,4187.2998046875,4186.0,4186.7998046875,47.0,yahoo,GC=F
2026-10-05T07:50:00Z,4186.7001953125,4187.60009765625,4186.2001953125,4186.5,45.0,yahoo,GC=F
2026-10-05T07:51:00Z,4186.39990234375,4192.60009765625,4186.39990234375,4192.2001953125,134.0,yahoo,GC=F
2026-10-05T07:52:00Z,4192.2001953125,4192.5,4190.39990234375,4190.39990234375,82.0,yahoo,GC=F
2026-10-05T07:53:00Z,4190.7998046875,4191.2001953125,4190.39990234375,4191.0,159.0,yahoo,GC=F
2026-10-05T07:54:00Z,4190.89990234375,4191.2001953125,4189.7001953125,4189.7001953125,74.0,yahoo,GC=F
2026-10-05T07:55:00Z,4189.5,4190.89990234375,4189.2998046875,4190.39990234375,57.0,yahoo,GC=F
2026-10-05T07:56:00Z,4190.39990234375,4190.39990234375,4189.2001953125,4189.7001953125,49.0,yahoo,GC=F
2026-10-05T07:57:00Z,4189.5,4191.0,4189.5,4190.0,34.0,yahoo,GC=F
2026-10-05T07:58:00Z,4190.10009765625,4190.7998046875,4189.60009765625,4190.39990234375,53.0,yahoo,GC=F
2026-10-05T07:59:00Z,4190.10009765625,4190.60009765625,4188.7001953125,4188.7001953125,51.0,yahoo,GC=F
2026-10-05T08:00:00Z,4189.0,4190.0,4187.5,4189.2001953125,180.0,yahoo,GC=F
2026-10-05T08:01:00Z,4189.39990234375,4193.2001953125,4189.2001953125,4191.39990234375,140.0,yahoo,GC=F
2026-10-05T08:02:00Z,4191.2998046875,4192.7001953125,4191.10009765625,4191.2998046875,88.0,yahoo,GC=F
2026-10-05T08:03:00Z,4191.60009765625,4193.2998046875,4190.7998046875,4192.10009765625,108.0,yahoo,GC=F
2026-10-05T08:04:00Z,4192.5,4193.2998046875,4191.2001953125,4191.89990234375,80.0,yahoo,GC=F
2026-10-05T08:05:00Z,4192.2001953125,4194.2001953125,4192.10009765625,4193.10009765625,91.0,yahoo,GC=F
2026-10-05T08:06:00Z,4193.2001953125,4194.5,4193.2001953125,4194.10009765625,114.0,yahoo,GC=F
2026-10-05T08:07:00Z,4193.89990234375,4194.2998046875,4192.2001953125,4192.60009765625,65.0,yahoo,GC=F
2026-10-05T08:08:00Z,4192.2998046875,4192.39990234375,4190.2998046875,4192.10009765625,202.0,yahoo,GC=F
2026-10-05T08:09:00Z,4192.2001953125,4194.5,4192.10009765625,4193.7001953125,63.0,yahoo,GC=F
2026-10-05T08:10:00Z,4193.89990234375,4194.7001953125,4192.89990234375,4194.5,48.0,yahoo,GC=F
2026-10-05T08:11:00Z,4194.5,4196.7001953125,4194.5,4196.2001953125,178.0,yahoo,GC=F
2026-10-05T08:12:00Z,4196.0,4197.89990234375,4195.2998046875,4196.0,375.0,yahoo,GC=F
2026-10-05T08:13:00Z,4196.10009765625,4197.0,4195.7998046875,4196.0,107.0,yahoo,GC=F
2026-10-05T08:14:00Z,4195.89990234375,4197.39990234375,4195.60009765625,4196.89990234375,142.0,yahoo,GC=F
2026-10-05T08:15:00Z,4196.7998046875,4197.7998046875,4196.0,4196.89990234375,71.0,yahoo,GC=F
2026-10-05T08:16:00Z,4197.0,4198.89990234375,4197.0,4198.5,198.0,yahoo,GC=F
2026-10-05T08:17:00Z,4198.39990234375,4198.39990234375,4195.5,4196.10009765625,105.0,yahoo,GC=F
2026-10-05T08:18:00Z,4196.2001953125,4197.2998046875,4196.2001953125,4196.5,70.0,yahoo,GC=F
2026-10-05T08:19:00Z,4196.60009765625,4197.2001953125,4196.0,4196.5,130.0,yahoo,GC=F
2026-10-05T08:20:00Z,4196.89990234375,4196.89990234375,4195.5,4196.39990234375,62.0,yahoo,GC=F
2026-10-05T08:21:00Z,4196.2001953125,4196.39990234375,4194.2001953125,4194.7998046875,75.0,yahoo,GC=F
2026-10-05T08:22:00Z,4194.7998046875,4197.5,4194.7998046875,4196.0,134.0,yahoo,GC=F
2026-10-05T08:23:00Z,4196.2998046875,4196.2998046875,4195.10009765625,4195.89990234375,53.0,yahoo,GC=F
2026-10-05T08:24:00Z,4195.89990234375,4197.0,4195.7001953125,4196.2001953125,69.0,yahoo,GC=F
2026-10-05T08:25:00Z,4195.89990234375,4196.2998046875,4194.39990234375,4194.89990234375,189.0,yahoo,GC=F
2026-10-05T08:26:00Z,4194.89990234375,4196.7001953125,4194.10009765625,4196.2001953125,136.0,yahoo,GC=F
2026-10-05T08:27:00Z,4196.2001953125,4197.89990234375,4195.39990234375,4197.5,79.0,yahoo,GC=F
2026-10-05T08:28:00Z,4198.0,4198.7001953125,4195.89990234375,4196.0,70.0,yahoo,GC=F
2026-10-05T08:29:00Z,4195.89990234375,4196.60009765625,4194.39990234375,4194.39990234375,40.0,yahoo,GC=F
2026-10-05T08:30:00Z,4194.60009765625,4195.0,4193.2998046875,4194.0,78.0,yahoo,GC=F
2026-10-05T08:31:00Z,4193.89990234375,4194.89990234375,4193.5,4194.39990234375,43.0,yahoo,GC=F
2026-10-05T08:32:00Z,4194.10009765625,4196.2001953125,4193.89990234375,4195.7998046875,65.0,yahoo,GC=F
2026-10-05T08:33:00Z,4195.60009765625,4195.60009765625,4194.10009765625,4194.10009765625,79.0,yahoo,GC=F
2026-10-05T08:34:00Z,4193.7998046875,4194.7998046875,4191.5,4191.7001953125,359.0,yahoo,GC=F
2026-10-05T08:35:00Z,4191.7998046875,4192.7001953125,4191.10009765625,4191.89990234375,102.0,yahoo,GC=F
2026-10-05T08:36:00Z,4191.7001953125,4192.10009765625,4190.39990234375,4191.10009765625,249.0,yahoo,GC=F
2026-10-05T08:37:00Z,4191.39990234375,4192.5,4190.60009765625,4192.2001953125,129.0,yahoo,GC=F
2026-10-05T08:38:00Z,4192.5,4195.0,4192.5,4194.5,127.0,yahoo,GC=F
2026-10-05T08:39:00Z,4194.60009765625,4194.7998046875,4192.7998046875,4193.39990234375,119.0,yahoo,GC=F
2026-10-05T08:40:00Z,4193.89990234375,4194.7001953125,4192.5,4192.7001953125,114.0,yahoo,GC=F
2026-10-05T08:41:00Z,4192.89990234375,4193.0,4191.60009765625,4192.10009765625,63.0,yahoo,GC=F
2026-10-05T08:42:00Z,4191.7001953125,4192.39990234375,4190.60009765625,4191.10009765625,69.0,yahoo,GC=F
2026-10-05T08:43:00Z,4191.0,4193.89990234375,4190.2001953125,4192.2998046875,260.0,yahoo,GC=F
2026-10-05T08:44:00Z,4192.0,4192.0,4190.0,4191.0,61.0,yahoo,GC=F
2026-10-05T08:45:00Z,4190.7998046875,4190.7998046875,4188.39990234375,4189.5,137.0,yahoo,GC=F
2026-10-05T08:46:00Z,4189.60009765625,4190.39990234375,4189.39990234375,4190.0,43.0,yahoo,GC=F
2026-10-05T08:47:00Z,4190.10009765625,4190.7001953125,4189.5,4189.89990234375,106.0,yahoo,GC=F
2026-10-05T08:48:00Z,4190.0,4194.10009765625,4189.7998046875,4193.2998046875,205.0,yahoo,GC=F
2026-10-05T08:49:00Z,4193.39990234375,4198.60009765625,4192.7001953125,4197.60009765625,763.0,yahoo,GC=F
2026-10-05T08:50:00Z,4197.2998046875,4197.2998046875,4193.7998046875,4195.7998046875,143.0,yahoo,GC=F
2026-10-05T08:51:00Z,4195.39990234375,4197.39990234375,4195.2998046875,4196.7998046875,49.0,yahoo,GC=F
2026-10-05T08:52:00Z,4197.0,4197.7998046875,4195.7001953125,4196.60009765625,111.0,yahoo,GC=F
2026-10-05T08:53:00Z,4196.7998046875,4196.89990234375,4194.10009765625,4194.2998046875,58.0,yahoo,GC=F
2026-10-05T08:54:00Z,4194.2001953125,4194.2998046875,4192.60009765625,4192.60009765625,49.0,yahoo,GC=F
2026-10-05T08:55:00Z,4192.60009765625,4194.0,4192.2001953125,4193.2001953125,68.0,yahoo,GC=F
2026-10-05T08:56:00Z,4193.2998046875,4194.0,4192.5,4193.0,44.0,yahoo,GC=F
2026-10-05T08:57:00Z,4193.5,4194.89990234375,4192.89990234375,4194.89990234375,45.0,yahoo,GC=F
2026-10-05T08:58:00Z,4194.7001953125,4195.89990234375,4193.89990234375,4195.89990234375,75.0,yahoo,GC=F
2026-10-05T08:59:00Z,4196.10009765625,4196.7001953125,4195.0,4195.7001953125,59.0,yahoo,GC=F
2026-10-05T09:00:00Z,4195.5,4195.89990234375,4194.60009765625,4195.0,45.0,yahoo,GC=F
2026-10-05T09:01:00Z,4194.7001953125,4195.5,4194.2001953125,4195.5,34.0,yahoo,GC=F
2026-10-05T09:02:00Z,4195.89990234375,4197.39990234375,4195.10009765625,4197.0,135.0,yahoo,GC=F
2026-10-05T09:03:00Z,4196.7001953125,4196.7001953125,4195.39990234375,4196.2998046875,41.0,yahoo,GC=F
2026-10-05T09:04:00Z,4196.5,4196.89990234375,4196.2001953125,4196.89990234375,13.0,yahoo,GC=F
2026-10-05T09:05:00Z,4196.7998046875,4197.89990234375,4196.7001953125,4196.89990234375,58.0,yahoo,GC=F
2026-10-05T09:06:00Z,4196.7001953125,4198.10009765625,4196.5,4197.7001953125,54.0,yahoo,GC=F
2026-10-05T09:07:00Z,4197.5,4197.60009765625,4196.39990234375,4196.7001953125,37.0,yahoo,GC=F
2026-10-05T09:08:00Z,4196.60009765625,4197.89990234375,4196.2998046875,4196.39990234375,90.0,yahoo,GC=F
2026-10-05T09:09:00Z,4196.2001953125,4196.60009765625,4196.0,4196.2001953125,16.0,yahoo,GC=F
2026-10-05T09:10:00Z,4196.0,4196.5,4195.7001953125,4196.2001953125,32.0,yahoo,GC=F
2026-10-05T09:11:00Z,4196.2001953125,4196.5,4195.89990234375,4196.10009765625,11.0,yahoo,GC=F
2026-10-05T09:12:00Z,4196.39990234375,4196.39990234375,4195.5,4195.7001953125,15.0,yahoo,GC=F
2026-10-05T09:13:00Z,4195.5,4195.7998046875,4195.2001953125,4195.2001953125,13.0,yahoo,GC=F
2026-10-05T09:14:00Z,4195.2998046875,4195.60009765625,4195.0,4195.39990234375,32.0,yahoo,GC=F
2026-10-05T09:15:00Z,4195.5,4196.0,4194.7998046875,4195.2998046875,33.0,yahoo,GC=F
2026-10-05T09:16:00Z,4195.60009765625,4196.60009765625,4194.0,4194.39990234375,129.0,yahoo,GC=F
2026-10-05T09:17:00Z,4194.5,4195.2001953125,4194.2001953125,4194.89990234375,119.0,yahoo,GC=F
2026-10-05T09:18:00Z,4195.10009765625,4195.5,4194.2998046875,4194.7001953125,124.0,yahoo,GC=F
2026-10-05T09:19:00Z,4195.0,4198.2001953125,4194.7998046875,4197.0,237.0,yahoo,GC=F
2026-10-05T09:20:00Z,4197.2001953125,4197.60009765625,4196.0,4196.0,58.0,yahoo,GC=F
2026-10-05T09:21:00Z,4196.10009765625,4197.0,4195.39990234375,4196.60009765625,26.0,yahoo,GC=F
2026-10-05T09:22:00Z,4196.60009765625,4198.0,4196.2001953125,4198.0,36.0,yahoo,GC=F
2026-10-05T09:23:00Z,4197.89990234375,4198.7001953125,4196.10009765625,4196.7001953125,166.0,yahoo,GC=F
2026-10-05T09:24:00Z,4196.5,4197.2001953125,4196.0,4196.5,143.0,yahoo,GC=F
2026-10-05T09:25:00Z,4196.39990234375,4196.39990234375,4195.2001953125,4195.5,35.0,yahoo,GC=F
2026-10-05T09:26:00Z,4195.60009765625,4196.2001953125,4195.5,4195.60009765625,33.0,yahoo,GC=F
2026-10-05T09:27:00Z,4195.5,4196.5,4195.5,4195.60009765625,34.0,yahoo,GC=F
2026-10-05T09:28:00Z,4195.5,4196.2998046875,4195.39990234375,4195.60009765625,40.0,yahoo,GC=F
2026-10-05T09:29:00Z,4195.7998046875,4195.7998046875,4194.39990234375,4194.5,45.0,yahoo,GC=F
2026-10-05T09:30:00Z,4194.39990234375,4195.2001953125,4193.60009765625,4193.60009765625,149.0,yahoo,GC=F
2026-10-05T09:31:00Z,4194.0,4195.10009765625,4193.7001953125,4194.0,284.0,yahoo,GC=F
2026-10-05T09:32:00Z,4194.10009765625,4194.10009765625,4191.60009765625,4192.10009765625,233.0,yahoo,GC=F
2026-10-05T09:33:00Z,4192.39990234375,4192.7001953125,4190.5,4191.5,201.0,yahoo,GC=F
2026-10-05T09:34:00Z,4191.2001953125,4192.2998046875,4190.2001953125,4190.5,165.0,yahoo,GC=F
2026-10-05T09:35:00Z,4190.39990234375,4190.7998046875,4189.7998046875,4189.89990234375,102.0,yahoo,GC=F
2026-10-05T09:36:00Z,4190.2001953125,4190.7001953125,4189.10009765625,4189.39990234375,85.0,yahoo,GC=F
2026-10-05T09:37:00Z,4189.10009765625,4190.7001953125,4189.0,4190.2998046875,102.0,yahoo,GC=F
2026-10-05T09:38:00Z,4190.10009765625,4190.10009765625,4189.2998046875,4189.89990234375,62.0,yahoo,GC=F
2026-10-05T09:39:00Z,4189.7001953125,4190.39990234375,4189.2998046875,4189.89990234375,14.0,yahoo,GC=F
2026-10-05T09:40:00Z,4189.60009765625,4190.0,4188.5,4189.39990234375,69.0,yahoo,GC=F
2026-10-05T09:41:00Z,4189.7001953125,4189.89990234375,4189.0,4189.2001953125,24.0,yahoo,GC=F
2026-10-05T09:42:00Z,4189.0,4189.2001953125,4187.89990234375,4187.89990234375,78.0,yahoo,GC=F
2026-10-05T09:43:00Z,4188.10009765625,4189.89990234375,4188.10009765625,4189.39990234375,74.0,yahoo,GC=F
2026-10-05T09:44:00Z,4189.5,4189.5,4187.89990234375,4187.89990234375,55.0,yahoo,GC=F
2026-10-05T09:45:00Z,4188.2001953125,4188.2001953125,4185.2998046875,4186.0,187.0,yahoo,GC=F
2026-10-05T09:46:00Z,4185.89990234375,4186.5,4184.89990234375,4186.0,116.0,yahoo,GC=F
2026-10-05T09:47:00Z,4186.0,4187.60009765625,4186.0,4187.5,46.0,yahoo,GC=F
2026-10-05T09:48:00Z,4187.10009765625,4188.10009765625,4187.10009765625,4187.89990234375,60.0,yahoo,GC=F
2026-10-05T09:49:00Z,4187.7998046875,4187.89990234375,4187.2001953125,4187.2001953125,9.0,yahoo,GC=F
2026-10-05T09:50:00Z,4187.5,4188.2001953125,4186.5,4186.7998046875,101.0,yahoo,GC=F
2026-10-05T09:51:00Z,4186.89990234375,4187.60009765625,4186.7001953125,4187.10009765625,215.0,yahoo,GC=F
2026-10-05T09:52:00Z,4187.2001953125,4187.89990234375,4186.60009765625,4187.0,73.0,yahoo,GC=F
2026-10-05T09:53:00Z,4187.10009765625,4187.2998046875,4186.7998046875,4187.2001953125,30.0,yahoo,GC=F
2026-10-05T09:54:00Z,4187.39990234375,4188.39990234375,4187.0,4187.0,77.0,yahoo,GC=F
2026-10-05T09:55:00Z,4187.0,4187.60009765625,4186.89990234375,4187.2001953125,27.0,yahoo,GC=F
2026-10-05T09:56:00Z,4187.10009765625,4188.2998046875,4186.5,4188.0,57.0,yahoo,GC=F
2026-10-05T09:57:00Z,4188.2001953125,4188.39990234375,4187.60009765625,4188.10009765625,14.0,yahoo,GC=F
2026-10-05T09:58:00Z,4188.0,4188.2001953125,4187.2001953125,4188.2001953125,29.0,yahoo,GC=F
2026-10-05T09:59:00Z,4188.10009765625,4188.2001953125,4187.2001953125,4187.2001953125,14.0,yahoo,GC=F
2026-10-05T10:00:00Z,4187.2001953125,4187.5,4186.2998046875,4187.0,59.0,yahoo,GC=F
2026-10-05T10:01:00Z,4186.7998046875,4187.2001953125,4186.2001953125,4187.2001953125,40.0,yahoo,GC=F
2026-10-05T10:02:00Z,4187.39990234375,4188.0,4186.10009765625,4186.10009765625,57.0,yahoo,GC=F
2026-10-05T10:03:00Z,4186.0,4187.5,4186.0,4187.2998046875,20.0,yahoo,GC=F
2026-10-05T10:04:00Z,4186.7998046875,4187.10009765625,4186.7998046875,4186.7998046875,20.0,yahoo,GC=F
2026-10-05T10:05:00Z,4186.5,4187.10009765625,4185.7001953125,4185.89990234375,35.0,yahoo,GC=F
2026-10-05T10:06:00Z,4186.10009765625,4187.5,4186.10009765625,4187.10009765625,38.0,yahoo,GC=F
2026-10-05T10:07:00Z,4186.7998046875,4186.7998046875,4185.39990234375,4185.60009765625,28.0,yahoo,GC=F
2026-10-05T10:08:00Z,4185.2001953125,4187.89990234375,4185.2001953125,4187.5,92.0,yahoo,GC=F
2026-10-05T10:09:00Z,4187.2998046875,4188.0,4185.7001953125,4186.5,85.0,yahoo,GC=F
2026-10-05T10:10:00Z,4186.2001953125,4187.89990234375,4185.60009765625,4186.39990234375,143.0,yahoo,GC=F
2026-10-05T10:11:00Z,4186.2001953125,4186.2001953125,4185.39990234375,4186.10009765625,9.0,yahoo,GC=F
2026-10-05T10:12:00Z,4186.0,4186.10009765625,4185.60009765625,4186.0,19.0,yahoo,GC=F
2026-10-05T10:13:00Z,4185.5,4185.7001953125,4185.0,4185.39990234375,31.0,yahoo,GC=F
2026-10-05T10:14:00Z,4185.60009765625,4187.60009765625,4185.5,4187.5,26.0,yahoo,GC=F
2026-10-05T10:15:00Z,4187.39990234375,4187.39990234375,4185.2998046875,4186.0,22.0,yahoo,GC=F
2026-10-05T10:16:00Z,4185.7998046875,4185.7998046875,4184.39990234375,4184.89990234375,28.0,yahoo,GC=F
2026-10-05T10:17:00Z,4184.5,4185.5,4184.5,4185.10009765625,88.0,yahoo,GC=F
2026-10-05T10:18:00Z,4185.10009765625,4185.7001953125,4184.7001953125,4185.2001953125,35.0,yahoo,GC=F
2026-10-05T10:19:00Z,4185.2998046875,4185.2998046875,4184.60009765625,4185.2001953125,20.0,yahoo,GC=F
2026-10-05T10:20:00Z,4185.2998046875,4186.10009765625,4184.7998046875,4185.60009765625,85.0,yahoo,GC=F
2026-10-05T10:21:00Z,4185.39990234375,4186.60009765625,4185.0,4185.89990234375,47.0,yahoo,GC=F
2026-10-05T10:22:00Z,4186.0,4186.2998046875,4185.5,4186.0,16.0,yahoo,GC=F
2026-10-05T10:23:00Z,4185.60009765625,4186.89990234375,4185.60009765625,4186.7998046875,29.0,yahoo,GC=F
2026-10-05T10:24:00Z,4187.10009765625,4187.5,4186.89990234375,4187.10009765625,26.0,yahoo,GC=F
2026-10-05T10:25:00Z,4187.10009765625,4187.10009765625,4185.89990234375,4186.39990234375,34.0,yahoo,GC=F
2026-10-05T10:26:00Z,4186.5,4187.39990234375,4186.2998046875,4187.2998046875,20.0,yahoo,GC=F
2026-10-05T10:27:00Z,4186.60009765625,4187.39990234375,4186.2001953125,4186.7001953125,64.0,yahoo,GC=F
2026-10-05T10:28:00Z,4186.39990234375,4188.10009765625,4186.39990234375,4187.10009765625,33.0,yahoo,GC=F
2026-10-05T10:29:00Z,4187.2001953125,4187.7998046875,4186.5,4186.5,125.0,yahoo,GC=F
2026-10-05T10:30:00Z,4186.39990234375,4187.2001953125,4186.2998046875,4187.2001953125,9.0,yahoo,GC=F
2026-10-05T10:31:00Z,4187.0,4187.5,4186.60009765625,4187.10009765625,10.0,yahoo,GC=F
2026-10-05T10:32:00Z,4186.89990234375,4187.2998046875,4186.5,4187.2998046875,12.0,yahoo,GC=F
2026-10-05T10:33:00Z,4187.10009765625,4187.7998046875,4187.10009765625,4187.7998046875,26.0,yahoo,GC=F
2026-10-05T10:34:00Z,4187.7998046875,4187.89990234375,4187.0,4187.0,14.0,yahoo,GC=F
2026-10-05T10:35:00Z,4187.10009765625,4187.39990234375,4186.89990234375,4187.2001953125,12.0,yahoo,GC=F
2026-10-05T10:36:00Z,4187.2001953125,4187.39990234375,4186.7998046875,4187.10009765625,16.0,yahoo,GC=F
2026-10-05T10:37:00Z,4187.5,4187.5,4186.7001953125,4186.7001953125,18.0,yahoo,GC=F
2026-10-05T10:38:00Z,4186.7001953125,4187.5,4186.5,4186.5,15.0,yahoo,GC=F
2026-10-05T10:39:00Z,4186.2998046875,4186.7998046875,4185.89990234375,4186.7998046875,24.0,yahoo,GC=F
2026-10-05T10:40:00Z,4186.7998046875,4187.2998046875,4186.60009765625,4186.60009765625,22.0,yahoo,GC=F
2026-10-05T10:41:00Z,4186.7998046875,4186.89990234375,4185.60009765625,4185.7998046875,12.0,yahoo,GC=F
2026-10-05T10:42:00Z,4186.10009765625,4186.7998046875,4186.10009765625,4186.2998046875,10.0,yahoo,GC=F
2026-10-05T10:43:00Z,4186.39990234375,4187.5,4186.39990234375,4187.2998046875,23.0,yahoo,GC=F
2026-10-05T10:44:00Z,4187.2001953125,4187.39990234375,4185.60009765625,4185.60009765625,26.0,yahoo,GC=F
2026-10-05T10:45:00Z,4185.7001953125,4186.39990234375,4185.39990234375,4185.39990234375,17.0,yahoo,GC=F
2026-10-05T10:46:00Z,4185.60009765625,4186.0,4185.2998046875,4185.89990234375,7.0,yahoo,GC=F
2026-10-05T10:47:00Z,4185.7001953125,4186.60009765625,4185.5,4186.10009765625,20.0,yahoo,GC=F
2026-10-05T10:48:00Z,4186.5,4187.39990234375,4186.5,4187.2998046875,20.0,yahoo,GC=F
2026-10-05T10:49:00Z,4186.7998046875,4187.39990234375,4186.7001953125,4187.2998046875,23.0,yahoo,GC=F
2026-10-05T10:50:00Z,4187.2001953125,4188.0,4186.89990234375,4187.2001953125,30.0,yahoo,GC=F
2026-10-05T10:51:00Z,4187.10009765625,4188.0,4186.7001953125,4188.0,14.0,yahoo,GC=F
2026-10-05T10:52:00Z,4187.7001953125,4188.7001953125,4187.7001953125,4188.2001953125,26.0,yahoo,GC=F
2026-10-05T10:53:00Z,4188.2001953125,4188.60009765625,4187.89990234375,4187.89990234375,18.0,yahoo,GC=F
2026-10-05T10:54:00Z,4187.60009765625,4191.7998046875,4187.5,4189.60009765625,579.0,yahoo,GC=F
2026-10-05T10:55:00Z,4189.2001953125,4194.0,4189.2001953125,4192.2001953125,297.0,yahoo,GC=F
2026-10-05T10:56:00Z,4192.5,4193.0,4190.7998046875,4191.39990234375,139.0,yahoo,GC=F
2026-10-05T10:57:00Z,4191.2998046875,4192.0,4190.89990234375,4191.0,35.0,yahoo,GC=F
2026-10-05T10:58:00Z,4191.2001953125,4191.5,4190.2001953125,4191.5,36.0,yahoo,GC=F
2026-10-05T10:59:00Z,4191.0,4191.2998046875,4190.5,4190.5,35.0,yahoo,GC=F
2026-10-05T11:00:00Z,4190.7998046875,4190.89990234375,4188.39990234375,4189.89990234375,113.0,yahoo,GC=F
2026-10-05T11:01:00Z,4189.89990234375,4190.0,4188.5,4189.7998046875,47.0,yahoo,GC=F
2026-10-05T11:02:00Z,4189.60009765625,4189.60009765625,4187.39990234375,4187.7001953125,53.0,yahoo,GC=F
2026-10-05T11:03:00Z,4187.7998046875,4189.7001953125,4187.7001953125,4188.89990234375,240.0,yahoo,GC=F
2026-10-05T11:04:00Z,4188.89990234375,4189.5,4188.89990234375,4189.10009765625,31.0,yahoo,GC=F
2026-10-05T11:05:00Z,4189.0,4189.7001953125,4188.89990234375,4189.5,28.0,yahoo,GC=F
2026-10-05T11:06:00Z,4189.5,4190.10009765625,4189.39990234375,4190.0,20.0,yahoo,GC=F
2026-10-05T11:07:00Z,4190.0,4190.2001953125,4188.2998046875,4188.5,38.0,yahoo,GC=F
2026-10-05T11:08:00Z,4188.60009765625,4189.2001953125,4188.5,4189.2001953125,26.0,yahoo,GC=F
2026-10-05T11:09:00Z,4189.10009765625,4189.5,4189.0,4189.5,7.0,yahoo,GC=F
2026-10-05T11:10:00Z,4188.89990234375,4188.89990234375,4188.10009765625,4188.60009765625,43.0,yahoo,GC=F
2026-10-05T11:11:00Z,4188.39990234375,4190.0,4188.2001953125,4189.0,46.0,yahoo,GC=F
2026-10-05T11:12:00Z,4188.7998046875,4189.10009765625,4188.2001953125,4188.89990234375,38.0,yahoo,GC=F
2026-10-05T11:13:00Z,4188.7998046875,4189.89990234375,4188.7998046875,4189.7998046875,27.0,yahoo,GC=F
2026-10-05T11:14:00Z,4190.39990234375,4190.39990234375,4189.60009765625,4189.60009765625,12.0,yahoo,GC=F
2026-10-05T11:15:00Z,4189.39990234375,4190.5,4189.10009765625,4189.89990234375,28.0,yahoo,GC=F
2026-10-05T11:16:00Z,4189.7998046875,4190.60009765625,4188.5,4190.60009765625,70.0,yahoo,GC=F
2026-10-05T11:17:00Z,4190.2998046875,4191.7998046875,4190.2998046875,4191.60009765625,71.0,yahoo,GC=F
2026-10-05T11:18:00Z,4191.2998046875,4191.39990234375,4189.7998046875,4189.7998046875,117.0,yahoo,GC=F
2026-10-05T11:19:00Z,4190.10009765625,4190.5,4189.5,4189.7001953125,89.0,yahoo,GC=F
2026-10-05T11:20:00Z,4189.7998046875,4189.89990234375,4188.7001953125,4189.2998046875,41.0,yahoo,GC=F
2026-10-05T11:21:00Z,4189.10009765625,4189.2998046875,4188.89990234375,4189.10009765625,19.0,yahoo,GC=F
2026-10-05T11:22:00Z,4189.0,4189.0,4187.89990234375,4188.7001953125,33.0,yahoo,GC=F
2026-10-05T11:23:00Z,4188.7998046875,4189.89990234375,4188.7998046875,4188.89990234375,59.0,yahoo,GC=F
2026-10-05T11:24:00Z,4189.10009765625,4190.2998046875,4188.89990234375,4189.5,26.0,yahoo,GC=F
2026-10-05T11:25:00Z,4190.2998046875,4190.60009765625,4189.2998046875,4189.7001953125,31.0,yahoo,GC=F
2026-10-05T11:26:00Z,4189.7001953125,4190.0,4189.2998046875,4189.2998046875,35.0,yahoo,GC=F
2026-10-05T11:27:00Z,4189.2001953125,4194.2001953125,4189.2001953125,4191.7001953125,816.0,yahoo,GC=F
2026-10-05T11:28:00Z,4192.0,4194.39990234375,4191.0,4194.2001953125,105.0,yahoo,GC=F
2026-10-05T11:29:00Z,4194.60009765625,4195.60009765625,4193.7001953125,4195.60009765625,109.0,yahoo,GC=F
2026-10-05T11:30:00Z,4195.7998046875,4197.10009765625,4193.60009765625,4193.60009765625,177.0,yahoo,GC=F
2026-10-05T11:31:00Z,4193.7001953125,4195.0,4193.2001953125,4193.2001953125,82.0,yahoo,GC=F
2026-10-05T11:32:00Z,4193.39990234375,4194.2998046875,4189.89990234375,4190.2001953125,95.0,yahoo,GC=F
2026-10-05T11:33:00Z,4190.2998046875,4190.2998046875,4186.89990234375,4188.10009765625,236.0,yahoo,GC=F
2026-10-05T11:34:00Z,4187.89990234375,4188.89990234375,4187.7998046875,4188.2998046875,70.0,yahoo,GC=F
2026-10-05T11:35:00Z,4188.89990234375,4189.2001953125,4188.2001953125,4189.0,28.0,yahoo,GC=F
2026-10-05T11:36:00Z,4188.7001953125,4189.7001953125,4188.39990234375,4189.39990234375,53.0,yahoo,GC=F
2026-10-05T11:37:00Z,4189.7001953125,4189.7001953125,4188.5,4189.0,28.0,yahoo,GC=F
2026-10-05T11:38:00Z,4189.0,4189.10009765625,4188.0,4188.2001953125,87.0,yahoo,GC=F
2026-10-05T11:39:00Z,4188.2998046875,4188.2998046875,4186.89990234375,4187.0,32.0,yahoo,GC=F
2026-10-05T11:40:00Z,4186.89990234375,4187.5,4186.2998046875,4187.39990234375,29.0,yahoo,GC=F
2026-10-05T11:41:00Z,4187.2001953125,4187.2001953125,4185.7001953125,4186.0,35.0,yahoo,GC=F
2026-10-05T11:42:00Z,4186.2001953125,4186.2998046875,4183.89990234375,4184.10009765625,92.0,yahoo,GC=F
2026-10-05T11:43:00Z,4184.2001953125,4184.7001953125,4183.5,4184.0,83.0,yahoo,GC=F
2026-10-05T11:44:00Z,4183.7998046875,4183.7998046875,4182.7001953125,4182.7998046875,167.0,yahoo,GC=F
2026-10-05T11:45:00Z,4182.7001953125,4183.2001953125,4181.39990234375,4182.7998046875,147.0,yahoo,GC=F
2026-10-05T11:46:00Z,4183.0,4183.0,4181.7001953125,4182.2998046875,90.0,yahoo,GC=F
2026-10-05T11:47:00Z,4182.2001953125,4182.60009765625,4181.0,4182.39990234375,67.0,yahoo,GC=F
2026-10-05T11:48:00Z,4182.60009765625,4183.0,4181.7001953125,4181.7001953125,44.0,yahoo,GC=F
2026-10-05T11:49:00Z,4181.7001953125,4182.2998046875,4180.60009765625,4180.60009765625,48.0,yahoo,GC=F
2026-10-05T11:50:00Z,4180.60009765625,4181.0,4179.7998046875,4180.5,88.0,yahoo,GC=F
2026-10-05T11:51:00Z,4180.7998046875,4182.2998046875,4179.89990234375,4180.5,82.0,yahoo,GC=F
2026-10-05T11:52:00Z,4180.0,4181.39990234375,4179.7998046875,4180.7998046875,101.0,yahoo,GC=F
2026-10-05T11:53:00Z,4180.89990234375,4181.10009765625,4179.10009765625,4179.60009765625,65.0,yahoo,GC=F
2026-10-05T11:54:00Z,4179.2998046875,4180.89990234375,4179.2998046875,4180.7998046875,82.0,yahoo,GC=F
2026-10-05T11:55:00Z,4180.7998046875,4182.89990234375,4180.60009765625,4182.89990234375,83.0,yahoo,GC=F
2026-10-05T11:56:00Z,4182.7001953125,4183.2001953125,4182.0,4182.0,69.0,yahoo,GC=F
2026-10-05T11:57:00Z,4182.0,4182.7998046875,4181.7998046875,4182.5,34.0,yahoo,GC=F
2026-10-05T11:58:00Z,4182.5,4183.60009765625,4182.39990234375,4183.39990234375,67.0,yahoo,GC=F
2026-10-05T11:59:00Z,4183.60009765625,4184.89990234375,4182.89990234375,4184.10009765625,124.0,yahoo,GC=F
2026-10-05T12:00:00Z,4184.39990234375,4185.39990234375,4182.39990234375,4184.0,273.0,yahoo,GC=F
2026-10-05T12:01:00Z,4184.39990234375,4185.2998046875,4183.89990234375,4185.2998046875,48.0,yahoo,GC=F
2026-10-05T12:02:00Z,4185.5,4185.5,4181.89990234375,4183.2998046875,114.0,yahoo,GC=F
2026-10-05T12:03:00Z,4184.39990234375,4185.7001953125,4184.2998046875,4185.7001953125,33.0,yahoo,GC=F
2026-10-05T12:04:00Z,4185.7001953125,4186.2998046875,4185.0,4185.5,59.0,yahoo,GC=F
2026-10-05T12:05:00Z,4185.2001953125,4186.7998046875,4185.10009765625,4186.7998046875,115.0,yahoo,GC=F
2026-10-05T12:06:00Z,4186.7998046875,4187.2998046875,4185.7998046875,4185.7998046875,31.0,yahoo,GC=F
2026-10-05T12:07:00Z,4185.7001953125,4186.10009765625,4185.10009765625,4185.60009765625,44.0,yahoo,GC=F
2026-10-05T12:08:00Z,4185.60009765625,4186.39990234375,4184.2998046875,4186.39990234375,16.0,yahoo,GC=F
2026-10-05T12:09:00Z,4186.39990234375,4186.7001953125,4185.0,4185.0,43.0,yahoo,GC=F
2026-10-05T12:10:00Z,4185.0,4186.89990234375,4184.39990234375,4185.60009765625,120.0,yahoo,GC=F
2026-10-05T12:11:00Z,4186.0,4186.2998046875,4185.10009765625,4185.39990234375,60.0,yahoo,GC=F
2026-10-05T12:12:00Z,4185.7001953125,4186.2998046875,4185.10009765625,4186.2998046875,85.0,yahoo,GC=F
2026-10-05T12:13:00Z,4186.10009765625,4186.7001953125,4185.7998046875,4186.7001953125,73.0,yahoo,GC=F
2026-10-05T12:14:00Z,4186.5,4186.5,4185.0,4185.2001953125,58.0,yahoo,GC=F
2026-10-05T12:15:00Z,4185.2001953125,4185.39990234375,4183.5,4183.60009765625,45.0,yahoo,GC=F
2026-10-05T12:16:00Z,4183.7001953125,4185.7001953125,4183.60009765625,4184.39990234375,58.0,yahoo,GC=F
2026-10-05T12:17:00Z,4184.2001953125,4184.39990234375,4183.7001953125,4184.10009765625,24.0,yahoo,GC=F
2026-10-05T12:18:00Z,4183.7001953125,4184.2998046875,4183.2001953125,4183.39990234375,46.0,yahoo,GC=F
2026-10-05T12:19:00Z,4183.5,4184.2998046875,4182.10009765625,4182.10009765625,328.0,yahoo,GC=F
2026-10-05T12:20:00Z,4182.10009765625,4183.7998046875,4181.60009765625,4183.5,171.0,yahoo,GC=F
2026-10-05T12:21:00Z,4183.60009765625,4184.2001953125,4183.0,4183.10009765625,151.0,yahoo,GC=F
2026-10-05T12:22:00Z,4183.2001953125,4184.39990234375,4182.89990234375,4183.7998046875,148.0,yahoo,GC=F
2026-10-05T12:23:00Z,4183.5,4185.7001953125,4183.2998046875,4184.7998046875,105.0,yahoo,GC=F
2026-10-05T12:24:00Z,4184.5,4185.60009765625,4184.39990234375,4185.5,110.0,yahoo,GC=F
2026-10-05T12:25:00Z,4185.7998046875,4187.0,4185.39990234375,4187.0,145.0,yahoo,GC=F
2026-10-05T12:26:00Z,4186.89990234375,4188.39990234375,4185.5,4188.2998046875,114.0,yahoo,GC=F
2026-10-05T12:27:00Z,4188.39990234375,4189.2001953125,4188.10009765625,4188.2001953125,85.0,yahoo,GC=F
2026-10-05T12:28:00Z,4188.2001953125,4189.5,4188.10009765625,4188.10009765625,77.0,yahoo,GC=F
2026-10-05T12:29:00Z,4187.7998046875,4191.5,4187.2998046875,4191.5,168.0,yahoo,GC=F
2026-10-05T12:30:00Z,4191.2001953125,4191.7998046875,4190.10009765625,4191.5,178.0,yahoo,GC=F
2026-10-05T12:31:00Z,4191.0,4192.2001953125,4189.60009765625,4190.10009765625,86.0,yahoo,GC=F
2026-10-05T12:32:00Z,4190.0,4191.89990234375,4189.60009765625,4191.10009765625,81.0,yahoo,GC=F
2026-10-05T12:33:00Z,4190.5,4192.2001953125,4190.2001953125,4192.10009765625,143.0,yahoo,GC=F
2026-10-05T12:34:00Z,4192.2998046875,4193.60009765625,4192.10009765625,4192.10009765625,159.0,yahoo,GC=F
2026-10-05T12:35:00Z,4192.5,4193.7998046875,4191.7998046875,4193.5,130.0,yahoo,GC=F
2026-10-05T12:36:00Z,4193.60009765625,4194.0,4192.2998046875,4193.0,90.0,yahoo,GC=F
2026-10-05T12:37:00Z,4193.10009765625,4193.5,4190.5,4191.5,84.0,yahoo,GC=F
2026-10-05T12:38:00Z,4191.5,4191.7998046875,4189.7998046875,4191.0,76.0,yahoo,GC=F
2026-10-05T12:39:00Z,4191.2998046875,4191.7001953125,4189.7001953125,4189.7001953125,83.0,yahoo,GC=F
2026-10-05T12:40:00Z,4189.7998046875,4190.0,4188.5,4189.5,164.0,yahoo,GC=F
2026-10-05T12:41:00Z,4189.60009765625,4190.5,4189.0,4189.60009765625,49.0,yahoo,GC=F
2026-10-05T12:42:00Z,4189.2998046875,4190.60009765625,4189.2001953125,4189.89990234375,116.0,yahoo,GC=F
2026-10-05T12:43:00Z,4190.39990234375,4190.60009765625,4188.2001953125,4188.7998046875,115.0,yahoo,GC=F
2026-10-05T12:44:00Z,4189.10009765625,4190.10009765625,4188.60009765625,4189.0,269.0,yahoo,GC=F
2026-10-05T12:45:00Z,4189.0,4190.7998046875,4188.39990234375,4190.60009765625,116.0,yahoo,GC=F
2026-10-05T12:46:00Z,4190.7998046875,4190.89990234375,4187.7001953125,4188.0,78.0,yahoo,GC=F
2026-10-05T12:47:00Z,4187.7001953125,4188.2998046875,4186.5,4188.0,185.0,yahoo,GC=F
2026-10-05T12:48:00Z,4187.7998046875,4188.0,4184.7998046875,4185.10009765625,90.0,yahoo,GC=F
2026-10-05T12:49:00Z,4184.7998046875,4185.5,4184.2001953125,4184.5,90.0,yahoo,GC=F
2026-10-05T12:50:00Z,4184.39990234375,4184.60009765625,4182.7998046875,4183.39990234375,146.0,yahoo,GC=F
2026-10-05T12:51:00Z,4183.5,4184.89990234375,4183.5,4183.89990234375,57.0,yahoo,GC=F
2026-10-05T12:52:00Z,4183.7001953125,4188.2001953125,4183.2001953125,4184.89990234375,257.0,yahoo,GC=F
2026-10-05T12:53:00Z,4184.0,4185.0,4183.60009765625,4184.89990234375,70.0,yahoo,GC=F
2026-10-05T12:54:00Z,4184.7998046875,4185.10009765625,4183.7998046875,4184.2001953125,84.0,yahoo,GC=F
2026-10-05T12:55:00Z,4183.89990234375,4183.89990234375,4182.60009765625,4183.2001953125,94.0,yahoo,GC=F
2026-10-05T12:56:00Z,4183.2998046875,4184.2998046875,4182.89990234375,4183.89990234375,66.0,yahoo,GC=F
2026-10-05T12:57:00Z,4183.7001953125,4185.89990234375,4183.60009765625,4184.89990234375,63.0,yahoo,GC=F
2026-10-05T12:58:00Z,4184.89990234375,4185.2001953125,4184.39990234375,4184.60009765625,34.0,yahoo,GC=F
2026-10-05T12:59:00Z,4184.60009765625,4184.7998046875,4183.5,4184.60009765625,72.0,yahoo,GC=F
2026-10-05T13:00:00Z,4184.2998046875,4186.10009765625,4183.7998046875,4184.89990234375,116.0,yahoo,GC=F
2026-10-05T13:01:00Z,4185.10009765625,4185.7998046875,4184.0,4184.39990234375,62.0,yahoo,GC=F
2026-10-05T13:02:00Z,4184.7001953125,4184.7001953125,4183.2001953125,4183.7001953125,96.0,yahoo,GC=F
2026-10-05T13:03:00Z,4183.60009765625,4183.7001953125,4182.5,4183.0,108.0,yahoo,GC=F
2026-10-05T13:04:00Z,4183.10009765625,4184.2001953125,4181.7001953125,4181.7001953125,71.0,yahoo,GC=F
2026-10-05T13:05:00Z,4181.7001953125,4181.7998046875,4179.10009765625,4179.2001953125,202.0,yahoo,GC=F
2026-10-05T13:06:00Z,4179.2998046875,4179.39990234375,4176.0,4176.5,268.0,yahoo,GC=F
2026-10-05T13:07:00Z,4176.39990234375,4177.2998046875,4174.7998046875,4176.5,145.0,yahoo,GC=F
2026-10-05T13:08:00Z,4176.0,4179.2998046875,4175.60009765625,4178.7001953125,109.0,yahoo,GC=F
2026-10-05T13:09:00Z,4178.7998046875,4180.5,4178.7001953125,4180.2998046875,130.0,yahoo,GC=F
2026-10-05T13:10:00Z,4180.60009765625,4181.5,4179.39990234375,4179.7001953125,92.0,yahoo,GC=F
2026-10-05T13:11:00Z,4179.60009765625,4180.2001953125,4178.7998046875,4179.7001953125,103.0,yahoo,GC=F
2026-10-05T13:12:00Z,4179.7001953125,4180.2998046875,4178.2998046875,4179.2998046875,84.0,yahoo,GC=F
2026-10-05T13:13:00Z,4179.2001953125,4179.7001953125,4178.2001953125,4179.2001953125,57.0,yahoo,GC=F
2026-10-05T13:14:00Z,4179.5,4180.7001953125,4177.89990234375,4180.10009765625,243.0,yahoo,GC=F
2026-10-05T13:15:00Z,4180.0,4181.5,4179.7998046875,4181.0,84.0,yahoo,GC=F
2026-10-05T13:16:00Z,4181.5,4182.2998046875,4180.5,4181.2001953125,152.0,yahoo,GC=F
2026-10-05T13:17:00Z,4181.10009765625,4182.10009765625,4179.89990234375,4181.10009765625,134.0,yahoo,GC=F
2026-10-05T13:18:00Z,4181.2998046875,4181.89990234375,4181.10009765625,4181.10009765625,77.0,yahoo,GC=F
2026-10-05T13:19:00Z,4181.2998046875,4181.2998046875,4179.2001953125,4179.5,69.0,yahoo,GC=F
2026-10-05T13:20:00Z,4179.0,4180.0,4178.10009765625,4178.7001953125,90.0,yahoo,GC=F
2026-10-05T13:21:00Z,4178.5,4179.2001953125,4178.2001953125,4179.10009765625,35.0,yahoo,GC=F
2026-10-05T13:22:00Z,4179.2001953125,4180.39990234375,4178.5,4178.89990234375,53.0,yahoo,GC=F
2026-10-05T13:23:00Z,4178.60009765625,4180.60009765625,4178.60009765625,4180.60009765625,31.0,yahoo,GC=F
2026-10-05T13:24:00Z,4180.60009765625,4181.60009765625,4178.5,4181.2001953125,407.0,yahoo,GC=F
2026-10-05T13:25:00Z,4181.10009765625,4182.0,4180.10009765625,4181.0,260.0,yahoo,GC=F
2026-10-05T13:26:00Z,4181.0,4181.2998046875,4179.7998046875,4180.2001953125,56.0,yahoo,GC=F
2026-10-05T13:27:00Z,4180.2001953125,4181.2998046875,4179.89990234375,4180.60009765625,91.0,yahoo,GC=F
2026-10-05T13:28:00Z,4180.7001953125,4181.0,4179.2998046875,4179.89990234375,53.0,yahoo,GC=F
2026-10-05T13:29:00Z,4180.10009765625,4181.2998046875,4179.39990234375,4180.89990234375,57.0,yahoo,GC=F
2026-10-05T13:30:00Z,4180.7998046875,4182.0,4179.60009765625,4180.39990234375,286.0,yahoo,GC=F
2026-10-05T13:31:00Z,4180.60009765625,4180.89990234375,4177.7001953125,4177.7998046875,199.0,yahoo,GC=F
2026-10-05T13:32:00Z,4177.7001953125,4177.89990234375,4175.89990234375,4176.5,199.0,yahoo,GC=F
2026-10-05T13:33:00Z,4176.39990234375,4177.60009765625,4176.0,4176.10009765625,115.0,yahoo,GC=F
2026-10-05T13:34:00Z,4176.2998046875,4178.10009765625,4175.5,4177.2998046875,78.0,yahoo,GC=F
2026-10-05T13:35:00Z,4177.0,4177.0,4173.5,4173.60009765625,141.0,yahoo,GC=F
2026-10-05T13:36:00Z,4173.39990234375,4174.2998046875,4173.2001953125,4173.2001953125,146.0,yahoo,GC=F
2026-10-05T13:37:00Z,4173.0,4174.5,4172.39990234375,4172.5,142.0,yahoo,GC=F
2026-10-05T13:38:00Z,4172.2998046875,4174.0,4171.89990234375,4172.7998046875,129.0,yahoo,GC=F
2026-10-05T13:39:00Z,4172.7001953125,4173.10009765625,4170.0,4172.2998046875,237.0,yahoo,GC=F
2026-10-05T13:40:00Z,4172.10009765625,4172.39990234375,4168.0,4169.39990234375,396.0,yahoo,GC=F
2026-10-05T13:41:00Z,4169.5,4170.2001953125,4168.39990234375,4170.0,170.0,yahoo,GC=F
2026-10-05T13:42:00Z,4169.39990234375,4171.39990234375,4168.10009765625,4170.7998046875,237.0,yahoo,GC=F
2026-10-05T13:43:00Z,4170.89990234375,4171.0,4167.2001953125,4167.89990234375,143.0,yahoo,GC=F
2026-10-05T13:44:00Z,4167.7998046875,4168.10009765625,4165.0,4165.89990234375,167.0,yahoo,GC=F
2026-10-05T13:45:00Z,4165.89990234375,4167.0,4162.89990234375,4162.89990234375,368.0,yahoo,GC=F
2026-10-05T13:46:00Z,4162.7001953125,4162.7001953125,4159.10009765625,4161.2001953125,597.0,yahoo,GC=F
2026-10-05T13:47:00Z,4161.39990234375,4166.0,4161.39990234375,4164.5,316.0,yahoo,GC=F
2026-10-05T13:48:00Z,4164.7998046875,4166.89990234375,4164.60009765625,4165.7998046875,162.0,yahoo,GC=F
2026-10-05T13:49:00Z,4165.5,4167.10009765625,4164.7001953125,4166.7001953125,146.0,yahoo,GC=F
2026-10-05T13:50:00Z,4166.7998046875,4170.2001953125,4166.2001953125,4168.89990234375,341.0,yahoo,GC=F
2026-10-05T13:51:00Z,4169.0,4171.39990234375,4167.89990234375,4170.2001953125,204.0,yahoo,GC=F
2026-10-05T13:52:00Z,4170.10009765625,4170.7998046875,4169.5,4169.60009765625,119.0,yahoo,GC=F
2026-10-05T13:53:00Z,4169.89990234375,4170.39990234375,4168.5,4169.7998046875,142.0,yahoo,GC=F
2026-10-05T13:54:00Z,4169.7998046875,4172.7998046875,4167.7001953125,4167.89990234375,561.0,yahoo,GC=F
2026-10-05T13:55:00Z,4167.7001953125,4167.89990234375,4165.7998046875,4166.0,191.0,yahoo,GC=F
2026-10-05T13:56:00Z,4166.2001953125,4166.7998046875,4163.39990234375,4163.89990234375,208.0,yahoo,GC=F
2026-10-05T13:57:00Z,4163.60009765625,4163.89990234375,4162.2998046875,4163.60009765625,105.0,yahoo,GC=F
2026-10-05T13:58:00Z,4163.2001953125,4164.10009765625,4161.89990234375,4162.2998046875,193.0,yahoo,GC=F
2026-10-05T13:59:00Z,4162.2998046875,4164.0,4162.2001953125,4163.39990234375,101.0,yahoo,GC=F
2026-10-05T14:00:00Z,4163.0,4167.0,4162.89990234375,4166.7001953125,748.0,yahoo,GC=F
2026-10-05T14:01:00Z,4166.7001953125,4172.39990234375,4165.39990234375,4171.60009765625,530.0,yahoo,GC=F
2026-10-05T14:02:00Z,4171.60009765625,4172.5,4170.2998046875,4171.5,243.0,yahoo,GC=F
2026-10-05T14:03:00Z,4171.7001953125,4174.10009765625,4171.2001953125,4174.10009765625,268.0,yahoo,GC=F
2026-10-05T14:04:00Z,4174.2001953125,4174.39990234375,4166.89990234375,4166.89990234375,322.0,yahoo,GC=F
2026-10-05T14:05:00Z,4166.7001953125,4171.0,4166.39990234375,4170.10009765625,262.0,yahoo,GC=F
2026-10-05T14:06:00Z,4170.39990234375,4171.10009765625,4168.5,4169.39990234375,219.0,yahoo,GC=F
2026-10-05T14:07:00Z,4169.39990234375,4170.10009765625,4167.89990234375,4168.10009765625,134.0,yahoo,GC=F
2026-10-05T14:08:00Z,4167.89990234375,4175.10009765625,4166.7001953125,4172.89990234375,724.0,yahoo,GC=F
2026-10-05T14:09:00Z,4172.60009765625,4173.39990234375,4169.2001953125,4173.39990234375,266.0,yahoo,GC=F
2026-10-05T14:10:00Z,4173.39990234375,4174.5,4168.89990234375,4169.39990234375,392.0,yahoo,GC=F
2026-10-05T14:11:00Z,4169.7998046875,4171.0,4168.2998046875,4170.5,68.0,yahoo,GC=F
2026-10-05T14:12:00Z,4170.2001953125,4170.7998046875,4168.2001953125,4168.89990234375,131.0,yahoo,GC=F
2026-10-05T14:13:00Z,4169.10009765625,4171.2998046875,4169.10009765625,4171.2998046875,64.0,yahoo,GC=F
2026-10-05T14:14:00Z,4171.2998046875,4171.2998046875,4170.0,4170.2998046875,37.0,yahoo,GC=F
2026-10-05T14:15:00Z,4170.10009765625,4170.7998046875,4169.2998046875,4169.2998046875,141.0,yahoo,GC=F
2026-10-05T14:16:00Z,4169.2001953125,4169.2998046875,4166.89990234375,4167.39990234375,142.0,yahoo,GC=F
2026-10-05T14:17:00Z,4167.0,4169.7998046875,4166.7998046875,4169.7998046875,109.0,yahoo,GC=F
2026-10-05T14:18:00Z,4169.10009765625,4169.5,4168.10009765625,4168.10009765625,93.0,yahoo,GC=F
2026-10-05T14:19:00Z,4168.5,4169.2001953125,4167.2001953125,4167.2001953125,90.0,yahoo,GC=F
2026-10-05T14:20:00Z,4167.0,4169.60009765625,4166.7998046875,4168.7998046875,163.0,yahoo,GC=F
2026-10-05T14:21:00Z,4169.10009765625,4169.39990234375,4166.7998046875,4168.5,88.0,yahoo,GC=F
2026-10-05T14:22:00Z,4168.10009765625,4170.10009765625,4168.10009765625,4169.39990234375,81.0,yahoo,GC=F
2026-10-05T14:23:00Z,4169.2001953125,4170.10009765625,4167.39990234375,4168.2001953125,63.0,yahoo,GC=F
2026-10-05T14:24:00Z,4168.5,4169.60009765625,4168.2001953125,4168.60009765625,54.0,yahoo,GC=F
2026-10-05T14:25:00Z,4168.0,4168.2998046875,4165.89990234375,4168.0,128.0,yahoo,GC=F
2026-10-05T14:26:00Z,4168.10009765625,4170.10009765625,4168.10009765625,4169.2998046875,69.0,yahoo,GC=F
2026-10-05T14:27:00Z,4169.0,4169.10009765625,4167.0,4167.5,116.0,yahoo,GC=F
2026-10-05T14:28:00Z,4167.5,4168.2998046875,4165.7001953125,4165.89990234375,270.0,yahoo,GC=F
2026-10-05T14:29:00Z,4166.10009765625,4166.5,4164.7998046875,4165.2001953125,195.0,yahoo,GC=F
2026-10-05T14:30:00Z,4165.2001953125,4165.5,4163.2001953125,4163.7998046875,289.0,yahoo,GC=F
2026-10-05T14:31:00Z,4163.60009765625,4164.39990234375,4161.2998046875,4163.7001953125,187.0,yahoo,GC=F
2026-10-05T14:32:00Z,4163.5,4164.5,4162.2001953125,4162.89990234375,108.0,yahoo,GC=F
2026-10-05T14:33:00Z,4162.7998046875,4163.0,4161.0,4161.10009765625,201.0,yahoo,GC=F
2026-10-05T14:34:00Z,4161.0,4162.7998046875,4160.0,4161.89990234375,273.0,yahoo,GC=F
2026-10-05T14:35:00Z,4161.7998046875,4164.2998046875,4161.2001953125,4162.89990234375,147.0,yahoo,GC=F
2026-10-05T14:36:00Z,4162.5,4164.0,4162.2001953125,4163.2998046875,168.0,yahoo,GC=F
2026-10-05T14:37:00Z,4163.2998046875,4164.39990234375,4162.89990234375,4163.7001953125,85.0,yahoo,GC=F
2026-10-05T14:38:00Z,4163.7998046875,4164.60009765625,4163.60009765625,4164.10009765625,56.0,yahoo,GC=F
2026-10-05T14:39:00Z,4164.10009765625,4166.0,4162.2998046875,4165.5,167.0,yahoo,GC=F
2026-10-05T14:40:00Z,4165.10009765625,4167.39990234375,4164.60009765625,4167.2001953125,95.0,yahoo,GC=F
2026-10-05T14:41:00Z,4167.39990234375,4169.5,4167.39990234375,4169.2001953125,438.0,yahoo,GC=F
2026-10-05T14:42:00Z,4169.60009765625,4170.10009765625,4168.2998046875,4168.5,150.0,yahoo,GC=F
2026-10-05T14:43:00Z,4168.60009765625,4170.39990234375,4167.7001953125,4168.7998046875,60.0,yahoo,GC=F
2026-10-05T14:44:00Z,4168.60009765625,4169.60009765625,4168.2998046875,4168.7001953125,64.0,yahoo,GC=F
2026-10-05T14:45:00Z,4168.60009765625,4169.0,4165.5,4166.2001953125,98.0,yahoo,GC=F
2026-10-05T14:46:00Z,4165.5,4166.60009765625,4165.0,4166.5,134.0,yahoo,GC=F
2026-10-05T14:47:00Z,4166.5,4169.2001953125,4166.2001953125,4169.2001953125,67.0,yahoo,GC=F
2026-10-05T14:48:00Z,4169.2001953125,4169.7001953125,4167.10009765625,4168.2998046875,243.0,yahoo,GC=F
2026-10-05T14:49:00Z,4168.5,4170.2001953125,4168.2998046875,4169.2998046875,77.0,yahoo,GC=F
2026-10-05T14:50:00Z,4169.10009765625,4171.10009765625,4169.10009765625,4170.39990234375,95.0,yahoo,GC=F
2026-10-05T14:51:00Z,4171.10009765625,4172.39990234375,4169.7998046875,4171.7001953125,204.0,yahoo,GC=F
2026-10-05T14:52:00Z,4171.60009765625,4172.2001953125,4170.39990234375,4171.2001953125,62.0,yahoo,GC=F
2026-10-05T14:53:00Z,4171.2998046875,4173.39990234375,4171.10009765625,4173.39990234375,143.0,yahoo,GC=F
2026-10-05T14:54:00Z,4173.39990234375,4175.39990234375,4173.2001953125,4174.39990234375,262.0,yahoo,GC=F
2026-10-05T14:55:00Z,4174.2998046875,4174.7001953125,4171.7001953125,4172.7001953125,141.0,yahoo,GC=F
2026-10-05T14:56:00Z,4172.60009765625,4174.2998046875,4172.5,4174.0,74.0,yahoo,GC=F
2026-10-05T14:57:00Z,4173.7001953125,4176.0,4173.7001953125,4175.2998046875,362.0,yahoo,GC=F
2026-10-05T14:58:00Z,4175.7001953125,4176.0,4175.0,4175.60009765625,116.0,yahoo,GC=F
2026-10-05T14:59:00Z,4175.89990234375,4176.60009765625,4174.7001953125,4175.0,86.0,yahoo,GC=F
2026-10-05T15:00:00Z,4175.2001953125,4176.5,4174.5,4175.39990234375,298.0,yahoo,GC=F
2026-10-05T15:01:00Z,4175.39990234375,4175.39990234375,4172.7001953125,4173.60009765625,118.0,yahoo,GC=F
2026-10-05T15:02:00Z,4173.7998046875,4173.7998046875,4172.0,4172.60009765625,93.0,yahoo,GC=F
2026-10-05T15:03:00Z,4172.7001953125,4173.2998046875,4171.0,4171.2001953125,96.0,yahoo,GC=F
2026-10-05T15:04:00Z,4171.5,4172.2998046875,4170.7998046875,4172.0,87.0,yahoo,GC=F
2026-10-05T15:05:00Z,4171.7001953125,4171.89990234375,4170.2001953125,4170.5,105.0,yahoo,GC=F
2026-10-05T15:06:00Z,4170.39990234375,4171.2001953125,4169.7001953125,4170.7998046875,122.0,yahoo,GC=F
2026-10-05T15:07:00Z,4170.7998046875,4171.10009765625,4169.0,4169.7001953125,132.0,yahoo,GC=F
2026-10-05T15:08:00Z,4169.7998046875,4171.39990234375,4169.7998046875,4170.7001953125,165.0,yahoo,GC=F
2026-10-05T15:09:00Z,4170.89990234375,4171.39990234375,4168.7001953125,4168.7001953125,63.0,yahoo,GC=F
2026-10-05T15:10:00Z,4168.5,4168.5,4167.0,4168.39990234375,122.0,yahoo,GC=F
2026-10-05T15:11:00Z,4168.5,4168.7001953125,4167.2001953125,4168.2998046875,94.0,yahoo,GC=F
2026-10-05T15:12:00Z,4167.7998046875,4169.60009765625,4167.5,4167.7001953125,38.0,yahoo,GC=F
2026-10-05T15:13:00Z,4167.7998046875,4167.89990234375,4167.39990234375,4167.60009765625,53.0,yahoo,GC=F
2026-10-05T15:14:00Z,4167.10009765625,4167.60009765625,4165.89990234375,4166.2998046875,77.0,yahoo,GC=F
2026-10-05T15:15:00Z,4166.10009765625,4166.7001953125,4163.7998046875,4164.7998046875,138.0,yahoo,GC=F
2026-10-05T15:16:00Z,4164.89990234375,4165.2001953125,4162.60009765625,4164.2001953125,125.0,yahoo,GC=F
2026-10-05T15:17:00Z,4164.39990234375,4164.7998046875,4162.7998046875,4164.60009765625,112.0,yahoo,GC=F
2026-10-05T15:18:00Z,4164.10009765625,4165.0,4163.5,4164.89990234375,46.0,yahoo,GC=F
2026-10-05T15:19:00Z,4164.7001953125,4165.2998046875,4164.5,4164.7998046875,51.0,yahoo,GC=F
2026-10-05T15:20:00Z,4164.89990234375,4165.2001953125,4161.0,4161.2001953125,557.0,yahoo,GC=F
2026-10-05T15:21:00Z,4161.2001953125,4161.2998046875,4156.7998046875,4156.7998046875,572.0,yahoo,GC=F
2026-10-05T15:22:00Z,4156.7001953125,4157.60009765625,4150.39990234375,4155.0,1574.0,yahoo,GC=F
2026-10-05T15:23:00Z,4155.10009765625,4158.2998046875,4155.10009765625,4157.2998046875,302.0,yahoo,GC=F
2026-10-05T15:24:00Z,4157.60009765625,4161.2998046875,4157.39990234375,4160.60009765625,210.0,yahoo,GC=F
2026-10-05T15:25:00Z,4160.2001953125,4163.10009765625,4159.89990234375,4162.7001953125,274.0,yahoo,GC=F
2026-10-05T15:26:00Z,4163.0,4164.0,4162.60009765625,4164.0,173.0,yahoo,GC=F
2026-10-05T15:27:00Z,4164.10009765625,4165.5,4163.2998046875,4165.0,139.0,yahoo,GC=F
2026-10-05T15:28:00Z,4165.0,4168.0,4164.7001953125,4166.89990234375,252.0,yahoo,GC=F
2026-10-05T15:29:00Z,4166.7998046875,4168.89990234375,4166.60009765625,4167.2001953125,167.0,yahoo,GC=F
2026-10-05T15:30:00Z,4167.39990234375,4167.7998046875,4165.7998046875,4165.7998046875,170.0,yahoo,GC=F
2026-10-05T15:31:00Z,4165.89990234375,4166.10009765625,4163.7998046875,4164.39990234375,109.0,yahoo,GC=F
2026-10-05T15:32:00Z,4164.10009765625,4165.89990234375,4163.7998046875,4165.7998046875,54.0,yahoo,GC=F
2026-10-05T15:33:00Z,4166.0,4166.0,4164.7001953125,4165.2998046875,32.0,yahoo,GC=F
2026-10-05T15:34:00Z,4165.39990234375,4166.0,4164.5,4165.7001953125,52.0,yahoo,GC=F
2026-10-05T15:35:00Z,4166.0,4166.2998046875,4165.2001953125,4165.2001953125,49.0,yahoo,GC=F
2026-10-05T15:36:00Z,4165.2998046875,4165.5,4164.0,4165.39990234375,46.0,yahoo,GC=F
2026-10-05T15:37:00Z,4164.89990234375,4165.7001953125,4164.89990234375,4165.5,51.0,yahoo,GC=F
2026-10-05T15:38:00Z,4165.60009765625,4166.39990234375,4165.2998046875,4166.0,73.0,yahoo,GC=F
2026-10-05T15:39:00Z,4165.89990234375,4166.2001953125,4165.60009765625,4165.89990234375,17.0,yahoo,GC=F
2026-10-05T15:40:00Z,4165.7001953125,4166.60009765625,4164.89990234375,4166.39990234375,104.0,yahoo,GC=F
2026-10-05T15:41:00Z,4166.10009765625,4166.89990234375,4165.0,4166.2001953125,111.0,yahoo,GC=F
2026-10-05T15:42:00Z,4166.2998046875,4166.89990234375,4165.39990234375,4165.7001953125,45.0,yahoo,GC=F
2026-10-05T15:43:00Z,4165.60009765625,4166.39990234375,4165.60009765625,4166.0,20.0,yahoo,GC=F
2026-10-05T15:44:00Z,4166.2001953125,4166.2998046875,4163.7998046875,4164.60009765625,96.0,yahoo,GC=F
2026-10-05T15:45:00Z,4164.2998046875,4164.2998046875,4161.89990234375,4162.10009765625,93.0,yahoo,GC=F
2026-10-05T15:46:00Z,4162.10009765625,4162.89990234375,4161.7998046875,4162.7998046875,62.0,yahoo,GC=F
2026-10-05T15:47:00Z,4162.7001953125,4162.7998046875,4161.89990234375,4162.7998046875,78.0,yahoo,GC=F
2026-10-05T15:48:00Z,4162.7001953125,4164.2998046875,4162.7001953125,4164.0,81.0,yahoo,GC=F
2026-10-05T15:49:00Z,4164.0,4165.2001953125,4163.10009765625,4165.0,120.0,yahoo,GC=F
2026-10-05T15:50:00Z,4165.10009765625,4165.7998046875,4164.39990234375,4164.89990234375,91.0,yahoo,GC=F
2026-10-05T15:51:00Z,4165.10009765625,4166.5,4164.5,4166.2998046875,120.0,yahoo,GC=F
2026-10-05T15:52:00Z,4166.10009765625,4166.2001953125,4165.0,4166.2001953125,56.0,yahoo,GC=F
2026-10-05T15:53:00Z,4166.2001953125,4166.5,4164.39990234375,4164.7001953125,89.0,yahoo,GC=F
2026-10-05T15:54:00Z,4164.89990234375,4166.2998046875,4164.89990234375,4165.5,76.0,yahoo,GC=F
2026-10-05T15:55:00Z,4165.7998046875,4165.89990234375,4164.5,4165.89990234375,83.0,yahoo,GC=F
2026-10-05T15:56:00Z,4165.7998046875,4167.60009765625,4164.7998046875,4167.0,141.0,yahoo,GC=F
2026-10-05T15:57:00Z,4167.39990234375,4167.5,4165.7001953125,4165.7001953125,47.0,yahoo,GC=F
2026-10-05T15:58:00Z,4165.7998046875,4166.0,4164.2001953125,4165.0,130.0,yahoo,GC=F
2026-10-05T15:59:00Z,4164.7001953125,4164.89990234375,4164.2998046875,4164.7001953125,17.0,yahoo,GC=F
2026-10-05T16:00:00Z,4164.7001953125,4164.7998046875,4162.7998046875,4162.7998046875,63.0,yahoo,GC=F
2026-10-05T16:01:00Z,4163.0,4163.10009765625,4161.89990234375,4162.5,82.0,yahoo,GC=F
2026-10-05T16:02:00Z,4162.2001953125,4162.2998046875,4161.10009765625,4161.5,52.0,yahoo,GC=F
2026-10-05T16:03:00Z,4161.7001953125,4161.7001953125,4159.60009765625,4159.60009765625,100.0,yahoo,GC=F
2026-10-05T16:04:00Z,4159.7998046875,4160.89990234375,4159.7998046875,4160.39990234375,72.0,yahoo,GC=F
2026-10-05T16:05:00Z,4160.10009765625,4160.2998046875,4159.5,4160.0,35.0,yahoo,GC=F
2026-10-05T16:06:00Z,4159.7001953125,4160.2998046875,4159.2001953125,4160.10009765625,51.0,yahoo,GC=F
2026-10-05T16:07:00Z,4159.60009765625,4160.5,4159.10009765625,4159.89990234375,52.0,yahoo,GC=F
2026-10-05T16:08:00Z,4160.0,4160.5,4160.0,4160.2001953125,26.0,yahoo,GC=F
2026-10-05T16:09:00Z,4160.39990234375,4161.39990234375,4160.39990234375,4161.2001953125,30.0,yahoo,GC=F
2026-10-05T16:10:00Z,4161.2001953125,4161.5,4160.60009765625,4161.39990234375,41.0,yahoo,GC=F
2026-10-05T16:11:00Z,4161.60009765625,4161.60009765625,4158.7001953125,4159.0,94.0,yahoo,GC=F
2026-10-05T16:12:00Z,4158.7998046875,4160.0,4158.60009765625,4159.7001953125,65.0,yahoo,GC=F
2026-10-05T16:13:00Z,4159.5,4159.5,4156.60009765625,4157.39990234375,149.0,yahoo,GC=F
2026-10-05T16:14:00Z,4157.39990234375,4157.89990234375,4157.2998046875,4157.5,30.0,yahoo,GC=F
2026-10-05T16:15:00Z,4157.39990234375,4158.10009765625,4155.60009765625,4155.89990234375,406.0,yahoo,GC=F
2026-10-05T16:16:00Z,4155.7001953125,4155.7001953125,4154.60009765625,4155.5,120.0,yahoo,GC=F
2026-10-05T16:17:00Z,4155.39990234375,4156.5,4155.2998046875,4156.5,48.0,yahoo,GC=F
2026-10-05T16:18:00Z,4156.5,4157.10009765625,4156.0,4156.60009765625,74.0,yahoo,GC=F
2026-10-05T16:19:00Z,4156.39990234375,4156.7001953125,4155.10009765625,4156.39990234375,46.0,yahoo,GC=F
2026-10-05T16:20:00Z,4156.60009765625,4156.89990234375,4155.7998046875,4156.7001953125,39.0,yahoo,GC=F
2026-10-05T16:21:00Z,4156.60009765625,4157.0,4155.39990234375,4156.7998046875,44.0,yahoo,GC=F
2026-10-05T16:22:00Z,4156.89990234375,4157.60009765625,4156.5,4156.7998046875,81.0,yahoo,GC=F
2026-10-05T16:23:00Z,4156.7998046875,4157.60009765625,4156.60009765625,4157.0,65.0,yahoo,GC=F
2026-10-05T16:24:00Z,4157.2998046875,4157.7001953125,4156.39990234375,4156.7001953125,111.0,yahoo,GC=F
2026-10-05T16:25:00Z,4156.60009765625,4157.10009765625,4154.89990234375,4155.2001953125,76.0,yahoo,GC=F
2026-10-05T16:26:00Z,4155.2001953125,4155.5,4154.5,4155.39990234375,32.0,yahoo,GC=F
2026-10-05T16:27:00Z,4155.0,4155.5,4153.60009765625,4154.7001953125,116.0,yahoo,GC=F
2026-10-05T16:28:00Z,4154.7998046875,4156.39990234375,4154.60009765625,4155.5,62.0,yahoo,GC=F
2026-10-05T16:29:00Z,4155.39990234375,4156.2001953125,4154.89990234375,4155.2001953125,79.0,yahoo,GC=F
2026-10-05T16:30:00Z,4155.2998046875,4157.0,4155.0,4156.89990234375,211.0,yahoo,GC=F
2026-10-05T16:31:00Z,4156.2001953125,4156.7001953125,4155.60009765625,4156.60009765625,47.0,yahoo,GC=F
2026-10-05T16:32:00Z,4156.2998046875,4157.7001953125,4156.0,4156.0,65.0,yahoo,GC=F
2026-10-05T16:33:00Z,4156.0,4157.2998046875,4156.0,4156.89990234375,70.0,yahoo,GC=F
2026-10-05T16:34:00Z,4157.0,4157.7998046875,4156.2001953125,4156.2998046875,133.0,yahoo,GC=F
2026-10-05T16:35:00Z,4156.39990234375,4157.7001953125,4156.39990234375,4156.7998046875,51.0,yahoo,GC=F
2026-10-05T16:36:00Z,4156.60009765625,4157.39990234375,4156.39990234375,4156.7998046875,43.0,yahoo,GC=F
2026-10-05T16:37:00Z,4157.0,4157.5,4156.0,4156.5,78.0,yahoo,GC=F
2026-10-05T16:38:00Z,4156.39990234375,4157.0,4156.10009765625,4156.89990234375,20.0,yahoo,GC=F
2026-10-05T16:39:00Z,4156.7998046875,4158.7998046875,4156.60009765625,4158.10009765625,105.0,yahoo,GC=F
2026-10-05T16:40:00Z,4158.2998046875,4158.39990234375,4157.2998046875,4157.7998046875,53.0,yahoo,GC=F
2026-10-05T16:41:00Z,4157.7001953125,4157.89990234375,4157.0,4157.10009765625,47.0,yahoo,GC=F
2026-10-05T16:42:00Z,4157.0,4158.10009765625,4157.0,4158.10009765625,52.0,yahoo,GC=F
2026-10-05T16:43:00Z,4158.2998046875,4159.10009765625,4158.10009765625,4158.5,25.0,yahoo,GC=F
2026-10-05T16:44:00Z,4158.60009765625,4159.2998046875,4158.2998046875,4158.89990234375,43.0,yahoo,GC=F
2026-10-05T16:45:00Z,4158.7998046875,4159.2998046875,4157.89990234375,4158.5,124.0,yahoo,GC=F
2026-10-05T16:46:00Z,4158.10009765625,4158.2998046875,4156.2998046875,4156.60009765625,101.0,yahoo,GC=F
2026-10-05T16:47:00Z,4156.60009765625,4157.10009765625,4156.60009765625,4157.0,27.0,yahoo,GC=F
2026-10-05T16:48:00Z,4156.7001953125,4158.10009765625,4156.7001953125,4158.10009765625,47.0,yahoo,GC=F
2026-10-05T16:49:00Z,4157.89990234375,4157.89990234375,4156.7001953125,4156.7998046875,16.0,yahoo,GC=F
2026-10-05T16:50:00Z,4157.0,4157.7998046875,4156.7998046875,4157.7998046875,18.0,yahoo,GC=F
2026-10-05T16:51:00Z,4158.0,4159.2001953125,4158.0,4158.39990234375,76.0,yahoo,GC=F
2026-10-05T16:52:00Z,4158.60009765625,4160.5,4158.60009765625,4160.5,153.0,yahoo,GC=F
2026-10-05T16:53:00Z,4160.2001953125,4160.2001953125,4159.2998046875,4159.2998046875,41.0,yahoo,GC=F
2026-10-05T16:54:00Z,4159.10009765625,4159.89990234375,4159.10009765625,4159.7998046875,23.0,yahoo,GC=F
2026-10-05T16:55:00Z,4159.7001953125,4159.7998046875,4158.89990234375,4159.10009765625,31.0,yahoo,GC=F
2026-10-05T16:56:00Z,4159.2001953125,4161.10009765625,4159.2001953125,4160.10009765625,120.0,yahoo,GC=F
2026-10-05T16:57:00Z,4160.10009765625,4160.10009765625,4159.0,4159.2998046875,39.0,yahoo,GC=F
2026-10-05T16:58:00Z,4159.60009765625,4160.0,4159.5,4159.7001953125,19.0,yahoo,GC=F
2026-10-05T16:59:00Z,4159.7998046875,4159.7998046875,4157.89990234375,4158.2998046875,141.0,yahoo,GC=F
2026-10-05T17:00:00Z,4158.2998046875,4159.5,4158.2998046875,4159.5,69.0,yahoo,GC=F
2026-10-05T17:01:00Z,4159.7001953125,4160.0,4159.10009765625,4159.10009765625,52.0,yahoo,GC=F
2026-10-05T17:02:00Z,4159.2001953125,4159.39990234375,4157.2998046875,4157.5,76.0,yahoo,GC=F
2026-10-05T17:03:00Z,4157.39990234375,4158.0,4156.89990234375,4157.89990234375,40.0,yahoo,GC=F
2026-10-05T17:04:00Z,4157.89990234375,4159.0,4157.7001953125,4158.10009765625,75.0,yahoo,GC=F
2026-10-05T17:05:00Z,4158.2001953125,4158.2001953125,4156.89990234375,4157.39990234375,23.0,yahoo,GC=F
2026-10-05T17:06:00Z,4157.2998046875,4158.39990234375,4157.2001953125,4157.2998046875,40.0,yahoo,GC=F
2026-10-05T17:07:00Z,4157.5,4158.0,4157.2998046875,4157.5,39.0,yahoo,GC=F
2026-10-05T17:08:00Z,4157.5,4157.5,4156.0,4156.0,44.0,yahoo,GC=F
2026-10-05T17:09:00Z,4156.0,4156.2001953125,4154.39990234375,4154.5,88.0,yahoo,GC=F
2026-10-05T17:10:00Z,4154.39990234375,4154.7998046875,4153.7998046875,4154.2001953125,108.0,yahoo,GC=F
2026-10-05T17:11:00Z,4154.0,4154.60009765625,4152.89990234375,4154.39990234375,171.0,yahoo,GC=F
2026-10-05T17:12:00Z,4154.2001953125,4154.60009765625,4153.5,4153.60009765625,118.0,yahoo,GC=F
2026-10-05T17:13:00Z,4153.39990234375,4154.0,4153.39990234375,4153.7998046875,38.0,yahoo,GC=F
2026-10-05T17:14:00Z,4153.89990234375,4156.2001953125,4153.7001953125,4156.10009765625,86.0,yahoo,GC=F
2026-10-05T17:15:00Z,4155.89990234375,4157.7998046875,4155.89990234375,4157.5,101.0,yahoo,GC=F
2026-10-05T17:16:00Z,4157.39990234375,4157.39990234375,4155.0,4155.0,102.0,yahoo,GC=F
2026-10-05T17:17:00Z,4155.10009765625,4155.2001953125,4153.89990234375,4154.39990234375,79.0,yahoo,GC=F
2026-10-05T17:18:00Z,4154.2998046875,4154.89990234375,4153.5,4154.10009765625,51.0,yahoo,GC=F
2026-10-05T17:19:00Z,4154.39990234375,4154.89990234375,4154.10009765625,4154.89990234375,26.0,yahoo,GC=F
2026-10-05T17:20:00Z,4154.7998046875,4156.2998046875,4154.7001953125,4155.60009765625,56.0,yahoo,GC=F
2026-10-05T17:21:00Z,4155.60009765625,4156.89990234375,4155.60009765625,4156.39990234375,102.0,yahoo,GC=F
2026-10-05T17:22:00Z,4156.7001953125,4157.7998046875,4156.39990234375,4157.7001953125,73.0,yahoo,GC=F
2026-10-05T17:23:00Z,4157.60009765625,4158.7001953125,4157.60009765625,4157.7998046875,153.0,yahoo,GC=F
2026-10-05T17:24:00Z,4157.60009765625,4158.2998046875,4157.5,4158.2001953125,103.0,yahoo,GC=F
2026-10-05T17:25:00Z,4158.2998046875,4158.7001953125,4157.7001953125,4157.7001953125,83.0,yahoo,GC=F
2026-10-05T17:26:00Z,4157.89990234375,4157.89990234375,4156.5,4157.0,56.0,yahoo,GC=F
2026-10-05T17:27:00Z,4156.7998046875,4157.10009765625,4156.5,4156.89990234375,62.0,yahoo,GC=F
2026-10-05T17:28:00Z,4157.10009765625,4158.2998046875,4156.60009765625,4156.7998046875,127.0,yahoo,GC=F
2026-10-05T17:29:00Z,4156.7998046875,4157.7001953125,4155.7998046875,4157.39990234375,818.0,yahoo,GC=F
2026-10-05T17:30:00Z,4157.39990234375,4158.5,4155.7998046875,4156.10009765625,215.0,yahoo,GC=F
2026-10-05T17:31:00Z,4156.10009765625,4157.0,4155.89990234375,4156.7001953125,45.0,yahoo,GC=F
2026-10-05T17:32:00Z,4156.7998046875,4157.2001953125,4155.7998046875,4155.7998046875,47.0,yahoo,GC=F
2026-10-05T17:33:00Z,4155.89990234375,4156.7001953125,4155.5,4156.5,64.0,yahoo,GC=F
2026-10-05T17:34:00Z,4156.7001953125,4156.7001953125,4156.39990234375,4156.7001953125,19.0,yahoo,GC=F
2026-10-05T17:35:00Z,4156.7001953125,4157.0,4156.2001953125,4156.2001953125,41.0,yahoo,GC=F
2026-10-05T17:36:00Z,4156.2998046875,4156.2998046875,4155.2998046875,4155.2998046875,40.0,yahoo,GC=F
2026-10-05T17:37:00Z,4155.2998046875,4155.7998046875,4154.7001953125,4155.7998046875,43.0,yahoo,GC=F
2026-10-05T17:38:00Z,4156.0,4157.2001953125,4155.7001953125,4157.2001953125,39.0,yahoo,GC=F
2026-10-05T17:39:00Z,4157.10009765625,4157.7001953125,4156.7998046875,4156.89990234375,61.0,yahoo,GC=F
2026-10-05T17:40:00Z,4157.2001953125,4157.5,4156.89990234375,4157.2001953125,42.0,yahoo,GC=F
2026-10-05T17:41:00Z,4157.5,4159.10009765625,4157.2001953125,4158.60009765625,80.0,yahoo,GC=F
2026-10-05T17:42:00Z,4158.89990234375,4159.7998046875,4158.7998046875,4159.0,71.0,yahoo,GC=F
2026-10-05T17:43:00Z,4159.10009765625,4160.60009765625,4159.10009765625,4160.2001953125,132.0,yahoo,GC=F
2026-10-05T17:44:00Z,4160.10009765625,4160.10009765625,4159.2998046875,4159.89990234375,120.0,yahoo,GC=F
2026-10-05T17:45:00Z,4159.7998046875,4160.2998046875,4159.2001953125,4159.2001953125,42.0,yahoo,GC=F
2026-10-05T17:46:00Z,4159.2998046875,4159.89990234375,4158.89990234375,4159.7001953125,23.0,yahoo,GC=F
2026-10-05T17:47:00Z,4159.60009765625,4159.7001953125,4159.2001953125,4159.5,36.0,yahoo,GC=F
2026-10-05T17:48:00Z,4159.5,4161.0,4159.39990234375,4161.0,82.0,yahoo,GC=F
2026-10-05T17:49:00Z,4160.7998046875,4161.60009765625,4160.7001953125,4161.60009765625,64.0,yahoo,GC=F
2026-10-05T17:50:00Z,4161.60009765625,4163.39990234375,4161.60009765625,4163.2001953125,197.0,yahoo,GC=F
2026-10-05T17:51:00Z,4163.39990234375,4163.60009765625,4163.10009765625,4163.2998046875,24.0,yahoo,GC=F
2026-10-05T17:52:00Z,4163.39990234375,4164.2998046875,4162.7001953125,4163.0,105.0,yahoo,GC=F
2026-10-05T17:53:00Z,4163.0,4164.0,4162.7001953125,4163.7001953125,42.0,yahoo,GC=F
2026-10-05T17:54:00Z,4163.7001953125,4163.7998046875,4162.5,4163.0,51.0,yahoo,GC=F
2026-10-05T17:55:00Z,4163.2001953125,4163.60009765625,4163.2001953125,4163.2001953125,14.0,yahoo,GC=F
2026-10-05T17:56:00Z,4163.2998046875,4163.2998046875,4162.89990234375,4163.2998046875,14.0,yahoo,GC=F
2026-10-05T17:57:00Z,4163.5,4164.10009765625,4162.89990234375,4163.89990234375,33.0,yahoo,GC=F
2026-10-05T17:58:00Z,4163.60009765625,4163.60009765625,4163.0,4163.39990234375,20.0,yahoo,GC=F
2026-10-05T17:59:00Z,4163.39990234375,4164.60009765625,4163.2998046875,4164.2001953125,40.0,yahoo,GC=F
2026-10-05T18:00:00Z,4164.39990234375,4166.0,4164.39990234375,4166.0,136.0,yahoo,GC=F
2026-10-05T18:01:00Z,4165.89990234375,4167.0,4165.89990234375,4166.60009765625,61.0,yahoo,GC=F
2026-10-05T18:02:00Z,4166.7998046875,4167.2998046875,4166.2001953125,4167.0,53.0,yahoo,GC=F
2026-10-05T18:03:00Z,4167.0,4168.2001953125,4166.7998046875,4167.7001953125,91.0,yahoo,GC=F
2026-10-05T18:04:00Z,4167.7001953125,4168.2001953125,4167.2998046875,4167.7998046875,78.0,yahoo,GC=F
2026-10-05T18:05:00Z,4168.0,4169.39990234375,4166.2998046875,4169.0,250.0,yahoo,GC=F
2026-10-05T18:06:00Z,4168.7001953125,4169.0,4167.7001953125,4167.89990234375,69.0,yahoo,GC=F
2026-10-05T18:07:00Z,4167.7001953125,4167.89990234375,4167.0,4167.7998046875,48.0,yahoo,GC=F
2026-10-05T18:08:00Z,4167.7998046875,4167.89990234375,4166.7998046875,4166.89990234375,37.0,yahoo,GC=F
2026-10-05T18:09:00Z,4166.7001953125,4167.2998046875,4166.5,4166.5,31.0,yahoo,GC=F
2026-10-05T18:10:00Z,4166.7001953125,4167.0,4165.89990234375,4166.2998046875,32.0,yahoo,GC=F
2026-10-05T18:11:00Z,4166.2001953125,4166.2998046875,4164.10009765625,4164.10009765625,89.0,yahoo,GC=F
2026-10-05T18:12:00Z,4164.2998046875,4164.5,4163.0,4163.7998046875,99.0,yahoo,GC=F
2026-10-05T18:13:00Z,4163.7001953125,4164.39990234375,4163.2998046875,4164.0,67.0,yahoo,GC=F
2026-10-05T18:14:00Z,4163.7001953125,4164.10009765625,4163.60009765625,4163.7998046875,11.0,yahoo,GC=F
2026-10-05T18:15:00Z,4163.7001953125,4163.7001953125,4163.10009765625,4163.7001953125,17.0,yahoo,GC=F
2026-10-05T18:16:00Z,4163.7001953125,4163.7001953125,4163.0,4163.39990234375,31.0,yahoo,GC=F
2026-10-05T18:17:00Z,4163.2998046875,4164.10009765625,4163.2998046875,4163.60009765625,40.0,yahoo,GC=F
2026-10-05T18:18:00Z,4163.7001953125,4164.2998046875,4163.5,4164.2998046875,22.0,yahoo,GC=F
2026-10-05T18:19:00Z,4164.5,4164.60009765625,4162.7001953125,4162.7001953125,32.0,yahoo,GC=F
2026-10-05T18:20:00Z,4162.89990234375,4163.2998046875,4162.2001953125,4162.2001953125,52.0,yahoo,GC=F
2026-10-05T18:21:00Z,4162.2998046875,4163.5,4162.2001953125,4162.7001953125,67.0,yahoo,GC=F
2026-10-05T18:22:00Z,4162.60009765625,4162.89990234375,4162.2998046875,4162.60009765625,13.0,yahoo,GC=F
2026-10-05T18:23:00Z,4162.7998046875,4163.0,4162.60009765625,4162.7998046875,11.0,yahoo,GC=F
2026-10-05T18:24:00Z,4162.7998046875,4162.7998046875,4161.10009765625,4161.2001953125,67.0,yahoo,GC=F
2026-10-05T18:25:00Z,4161.2001953125,4162.0,4160.89990234375,4161.5,47.0,yahoo,GC=F
2026-10-05T18:26:00Z,4161.39990234375,4161.5,4161.0,4161.10009765625,255.0,yahoo,GC=F
2026-10-05T18:27:00Z,4161.2998046875,4161.7998046875,4161.2998046875,4161.5,31.0,yahoo,GC=F
2026-10-05T18:28:00Z,4161.5,4165.89990234375,4161.5,4165.10009765625,175.0,yahoo,GC=F
2026-10-05T18:29:00Z,4165.10009765625,4166.10009765625,4164.2998046875,4164.5,42.0,yahoo,GC=F
2026-10-05T18:30:00Z,4164.60009765625,4167.2001953125,4164.60009765625,4166.89990234375,184.0,yahoo,GC=F
2026-10-05T18:31:00Z,4167.2001953125,4167.5,4166.10009765625,4166.60009765625,60.0,yahoo,GC=F
2026-10-05T18:32:00Z,4166.60009765625,4166.60009765625,4165.2001953125,4165.2998046875,29.0,yahoo,GC=F
2026-10-05T18:33:00Z,4165.10009765625,4165.10009765625,4163.10009765625,4163.7001953125,46.0,yahoo,GC=F
2026-10-05T18:34:00Z,4163.60009765625,4164.7001953125,4163.2998046875,4164.60009765625,35.0,yahoo,GC=F
2026-10-05T18:35:00Z,4165.0,4166.0,4165.0,4165.7998046875,33.0,yahoo,GC=F
2026-10-05T18:36:00Z,4165.60009765625,4165.7998046875,4164.89990234375,4165.2998046875,32.0,yahoo,GC=F
2026-10-05T18:37:00Z,4165.39990234375,4165.39990234375,4164.0,4164.0,21.0,yahoo,GC=F
2026-10-05T18:38:00Z,4163.89990234375,4164.2998046875,4163.39990234375,4164.2998046875,23.0,yahoo,GC=F
2026-10-05T18:39:00Z,4164.5,4165.0,4164.2998046875,4164.5,11.0,yahoo,GC=F
2026-10-05T18:40:00Z,4164.10009765625,4165.2001953125,4164.0,4165.2001953125,25.0,yahoo,GC=F
2026-10-05T18:41:00Z,4165.39990234375,4165.60009765625,4165.0,4165.10009765625,10.0,yahoo,GC=F
2026-10-05T18:42:00Z,4165.0,4166.10009765625,4165.0,4166.0,41.0,yahoo,GC=F
2026-10-05T18:43:00Z,4166.10009765625,4166.39990234375,4164.7998046875,4165.10009765625,65.0,yahoo,GC=F
2026-10-05T18:44:00Z,4165.0,4165.2001953125,4164.7001953125,4165.0,16.0,yahoo,GC=F
2026-10-05T18:45:00Z,4165.2001953125,4165.89990234375,4164.89990234375,4165.7001953125,44.0,yahoo,GC=F
2026-10-05T18:46:00Z,4165.7001953125,4166.5,4165.7001953125,4166.39990234375,34.0,yahoo,GC=F
2026-10-05T18:47:00Z,4166.89990234375,4167.2001953125,4166.60009765625,4167.0,36.0,yahoo,GC=F
2026-10-05T18:48:00Z,4167.0,4167.7001953125,4166.89990234375,4166.89990234375,31.0,yahoo,GC=F
2026-10-05T18:49:00Z,4166.89990234375,4167.7998046875,4166.7001953125,4167.39990234375,46.0,yahoo,GC=F
2026-10-05T18:50:00Z,4167.2998046875,4167.5,4166.7998046875,4167.5,44.0,yahoo,GC=F
2026-10-05T18:51:00Z,4167.39990234375,4168.10009765625,4166.7998046875,4167.7001953125,28.0,yahoo,GC=F
2026-10-05T18:52:00Z,4167.7998046875,4168.89990234375,4167.7998046875,4168.39990234375,48.0,yahoo,GC=F
2026-10-05T18:53:00Z,4168.5,4169.10009765625,4168.2001953125,4168.7998046875,80.0,yahoo,GC=F
2026-10-05T18:54:00Z,4168.89990234375,4169.5,4168.7998046875,4169.2001953125,46.0,yahoo,GC=F
2026-10-05T18:55:00Z,4169.2001953125,4170.0,4168.7001953125,4169.10009765625,76.0,yahoo,GC=F
2026-10-05T18:56:00Z,4168.89990234375,4169.0,4168.39990234375,4169.0,25.0,yahoo,GC=F
2026-10-05T18:57:00Z,4169.2001953125,4170.10009765625,4169.10009765625,4169.7001953125,55.0,yahoo,GC=F
2026-10-05T18:58:00Z,4169.89990234375,4170.39990234375,4169.5,4170.0,58.0,yahoo,GC=F
2026-10-05T18:59:00Z,4170.0,4170.5,4169.0,4170.39990234375,80.0,yahoo,GC=F
2026-10-05T19:00:00Z,4170.60009765625,4171.5,4169.7001953125,4171.2001953125,104.0,yahoo,GC=F
2026-10-05T19:01:00Z,4171.2001953125,4171.39990234375,4170.39990234375,4170.39990234375,89.0,yahoo,GC=F
2026-10-05T19:02:00Z,4170.5,4170.7001953125,4169.39990234375,4170.5,45.0,yahoo,GC=F
2026-10-05T19:03:00Z,4170.60009765625,4170.89990234375,4170.10009765625,4170.60009765625,42.0,yahoo,GC=F
2026-10-05T19:04:00Z,4170.60009765625,4170.89990234375,4170.10009765625,4170.10009765625,71.0,yahoo,GC=F
2026-10-05T19:05:00Z,4170.39990234375,4170.60009765625,4168.7998046875,4169.2998046875,55.0,yahoo,GC=F
2026-10-05T19:06:00Z,4169.5,4169.5,4168.2001953125,4168.60009765625,60.0,yahoo,GC=F
2026-10-05T19:07:00Z,4168.7001953125,4168.7001953125,4167.60009765625,4168.10009765625,42.0,yahoo,GC=F
2026-10-05T19:08:00Z,4168.2001953125,4168.60009765625,4167.5,4167.60009765625,46.0,yahoo,GC=F
2026-10-05T19:09:00Z,4167.39990234375,4168.2001953125,4167.2001953125,4167.7001953125,55.0,yahoo,GC=F
2026-10-05T19:10:00Z,4167.7998046875,4168.2998046875,4167.7001953125,4168.10009765625,35.0,yahoo,GC=F
2026-10-05T19:11:00Z,4168.0,4168.2998046875,4167.7998046875,4168.2998046875,20.0,yahoo,GC=F
2026-10-05T19:12:00Z,4168.2001953125,4169.7001953125,4168.10009765625,4169.2001953125,114.0,yahoo,GC=F
2026-10-05T19:13:00Z,4169.10009765625,4169.5,4168.89990234375,4169.2001953125,28.0,yahoo,GC=F
2026-10-05T19:14:00Z,4169.0,4170.0,4168.2001953125,4168.60009765625,85.0,yahoo,GC=F
2026-10-05T19:15:00Z,4168.39990234375,4169.2998046875,4168.2001953125,4168.89990234375,71.0,yahoo,GC=F
2026-10-05T19:16:00Z,4168.7998046875,4168.7998046875,4167.5,4168.0,58.0,yahoo,GC=F
2026-10-05T19:17:00Z,4168.0,4168.0,4166.7998046875,4167.2001953125,55.0,yahoo,GC=F
2026-10-05T19:18:00Z,4167.10009765625,4167.7998046875,4166.89990234375,4167.7998046875,43.0,yahoo,GC=F
2026-10-05T19:19:00Z,4167.89990234375,4168.7001953125,4167.89990234375,4168.0,47.0,yahoo,GC=F
2026-10-05T19:20:00Z,4167.89990234375,4168.7001953125,4167.89990234375,4168.39990234375,49.0,yahoo,GC=F
2026-10-05T19:21:00Z,4168.5,4169.2998046875,4167.7998046875,4169.0,65.0,yahoo,GC=F
2026-10-05T19:22:00Z,4168.89990234375,4169.10009765625,4168.0,4168.2998046875,57.0,yahoo,GC=F
2026-10-05T19:23:00Z,4168.2001953125,4169.10009765625,4168.10009765625,4168.89990234375,31.0,yahoo,GC=F
2026-10-05T19:24:00Z,4168.7001953125,4169.0,4168.2998046875,4168.7001953125,38.0,yahoo,GC=F
2026-10-05T19:25:00Z,4169.0,4170.0,4168.7001953125,4169.89990234375,60.0,yahoo,GC=F
2026-10-05T19:26:00Z,4170.10009765625,4170.10009765625,4169.2998046875,4169.5,45.0,yahoo,GC=F
2026-10-05T19:27:00Z,4169.39990234375,4169.60009765625,4168.60009765625,4169.5,65.0,yahoo,GC=F
2026-10-05T19:28:00Z,4169.60009765625,4170.7001953125,4169.39990234375,4170.5,38.0,yahoo,GC=F
2026-10-05T19:29:00Z,4170.60009765625,4170.7001953125,4169.5,4169.89990234375,143.0,yahoo,GC=F
2026-10-05T19:30:00Z,4169.60009765625,4169.7001953125,4169.10009765625,4169.39990234375,48.0,yahoo,GC=F
2026-10-05T19:31:00Z,4169.60009765625,4170.89990234375,4169.5,4170.60009765625,53.0,yahoo,GC=F
2026-10-05T19:32:00Z,4170.2998046875,4170.2998046875,4169.60009765625,4170.0,19.0,yahoo,GC=F
2026-10-05T19:33:00Z,4170.0,4170.7998046875,4169.89990234375,4170.7001953125,31.0,yahoo,GC=F
2026-10-05T19:34:00Z,4170.7998046875,4171.39990234375,4170.7998046875,4171.0,40.0,yahoo,GC=F
2026-10-05T19:35:00Z,4170.89990234375,4171.39990234375,4169.7998046875,4169.7998046875,47.0,yahoo,GC=F
2026-10-05T19:36:00Z,4169.60009765625,4170.7001953125,4169.5,4170.10009765625,29.0,yahoo,GC=F
2026-10-05T19:37:00Z,4170.2001953125,4170.39990234375,4169.5,4170.2998046875,45.0,yahoo,GC=F
2026-10-05T19:38:00Z,4170.5,4171.0,4170.2001953125,4170.60009765625,48.0,yahoo,GC=F
2026-10-05T19:39:00Z,4170.89990234375,4171.2998046875,4170.5,4170.5,13.0,yahoo,GC=F
2026-10-05T19:40:00Z,4170.7998046875,4171.2998046875,4170.7998046875,4171.2998046875,22.0,yahoo,GC=F
2026-10-05T19:41:00Z,4171.39990234375,4171.60009765625,4170.60009765625,4170.89990234375,30.0,yahoo,GC=F
2026-10-05T19:42:00Z,4170.39990234375,4170.5,4170.10009765625,4170.2001953125,24.0,yahoo,GC=F
2026-10-05T19:43:00Z,4170.2998046875,4170.5,4170.2001953125,4170.2001953125,42.0,yahoo,GC=F
2026-10-05T19:44:00Z,4170.10009765625,4170.2998046875,4169.60009765625,4169.7001953125,76.0,yahoo,GC=F
2026-10-05T19:45:00Z,4169.7001953125,4170.0,4169.2998046875,4169.2998046875,44.0,yahoo,GC=F
2026-10-05T19:46:00Z,4169.5,4170.0,4168.7998046875,4168.7998046875,48.0,yahoo,GC=F
2026-10-05T19:47:00Z,4168.7001953125,4168.89990234375,4168.5,4168.7998046875,27.0,yahoo,GC=F
2026-10-05T19:48:00Z,4168.7998046875,4168.89990234375,4168.2998046875,4168.7998046875,16.0,yahoo,GC=F
2026-10-05T19:49:00Z,4168.7001953125,4169.2001953125,4168.60009765625,4168.7998046875,44.0,yahoo,GC=F
2026-10-05T19:50:00Z,4168.7998046875,4168.89990234375,4167.89990234375,4168.10009765625,91.0,yahoo,GC=F
2026-10-05T19:51:00Z,4168.10009765625,4168.2001953125,4168.0,4168.10009765625,15.0,yahoo,GC=F
2026-10-05T19:52:00Z,4168.2001953125,4168.39990234375,4167.39990234375,4167.39990234375,62.0,yahoo,GC=F
2026-10-05T19:53:00Z,4167.2001953125,4167.7001953125,4166.7998046875,4167.2998046875,83.0,yahoo,GC=F
2026-10-05T19:54:00Z,4167.2998046875,4167.39990234375,4166.60009765625,4166.60009765625,87.0,yahoo,GC=F
2026-10-05T19:55:00Z,4166.7998046875,4168.0,4166.10009765625,4168.0,90.0,yahoo,GC=F
2026-10-05T19:56:00Z,4167.89990234375,4167.89990234375,4167.0,4167.7001953125,37.0,yahoo,GC=F
2026-10-05T19:57:00Z,4167.7001953125,4168.39990234375,4167.5,4168.39990234375,29.0,yahoo,GC=F
2026-10-05T19:58:00Z,4168.2998046875,4168.7001953125,4167.7998046875,4168.2998046875,63.0,yahoo,GC=F
2026-10-05T19:59:00Z,4168.2998046875,4168.39990234375,4167.2998046875,4168.2998046875,111.0,yahoo,GC=F
2026-10-05T20:00:00Z,4168.39990234375,4168.7998046875,4167.7998046875,4168.39990234375,99.0,yahoo,GC=F
2026-10-05T20:01:00Z,4168.2998046875,4168.2998046875,4166.7001953125,4166.7001953125,35.0,yahoo,GC=F
2026-10-05T20:02:00Z,4166.7001953125,4167.0,4165.10009765625,4165.10009765625,61.0,yahoo,GC=F
2026-10-05T20:03:00Z,4165.10009765625,4166.10009765625,4165.0,4165.7998046875,74.0,yahoo,GC=F
2026-10-05T20:04:00Z,4166.2001953125,4166.2001953125,4165.2001953125,4165.7998046875,55.0,yahoo,GC=F
2026-10-05T20:05:00Z,4166.2001953125,4166.2001953125,4165.2998046875,4165.2998046875,58.0,yahoo,GC=F
2026-10-05T20:06:00Z,4165.2998046875,4166.5,4165.2001953125,4165.89990234375,34.0,yahoo,GC=F
2026-10-05T20:07:00Z,4165.89990234375,4166.60009765625,4165.60009765625,4166.60009765625,24.0,yahoo,GC=F
2026-10-05T20:08:00Z,4166.7998046875,4166.89990234375,4166.10009765625,4166.10009765625,18.0,yahoo,GC=F
2026-10-05T20:09:00Z,4166.5,4167.10009765625,4166.2998046875,4166.2998046875,30.0,yahoo,GC=F
2026-10-05T20:10:00Z,4166.10009765625,4166.2998046875,4165.89990234375,4166.10009765625,29.0,yahoo,GC=F
2026-10-05T20:11:00Z,4166.2998046875,4166.89990234375,4166.2001953125,4166.60009765625,26.0,yahoo,GC=F
2026-10-05T20:12:00Z,4166.60009765625,4166.60009765625,4166.2001953125,4166.5,11.0,yahoo,GC=F
2026-10-05T20:13:00Z,4166.7001953125,4166.7998046875,4166.2998046875,4166.2998046875,16.0,yahoo,GC=F
2026-10-05T20:14:00Z,4166.60009765625,4166.60009765625,4166.2998046875,4166.2998046875,13.0,yahoo,GC=F
2026-10-05T20:15:00Z,4166.2998046875,4167.0,4165.89990234375,4166.7998046875,124.0,yahoo,GC=F
2026-10-05T20:16:00Z,4166.7001953125,4166.7998046875,4166.0,4166.2998046875,20.0,yahoo,GC=F
2026-10-05T20:17:00Z,4166.10009765625,4166.7001953125,4166.10009765625,4166.7001953125,23.0,yahoo,GC=F
2026-10-05T20:18:00Z,4166.60009765625,4166.7001953125,4166.39990234375,4166.39990234375,9.0,yahoo,GC=F
2026-10-05T20:19:00Z,4166.39990234375,4166.7001953125,4166.2001953125,4166.39990234375,30.0,yahoo,GC=F
2026-10-05T20:20:00Z,4166.39990234375,4166.89990234375,4166.2001953125,4166.89990234375,16.0,yahoo,GC=F
2026-10-05T20:21:00Z,4167.39990234375,4168.39990234375,4167.2998046875,4168.39990234375,19.0,yahoo,GC=F
2026-10-05T20:22:00Z,4168.7001953125,4169.60009765625,4168.39990234375,4168.60009765625,36.0,yahoo,GC=F
2026-10-05T20:23:00Z,4168.7001953125,4168.89990234375,4168.2001953125,4168.39990234375,18.0,yahoo,GC=F
2026-10-05T20:24:00Z,4168.39990234375,4168.7001953125,4167.89990234375,4168.2001953125,23.0,yahoo,GC=F
2026-10-05T20:25:00Z,4168.5,4168.7998046875,4168.10009765625,4168.7998046875,13.0,yahoo,GC=F
2026-10-05T20:26:00Z,4169.0,4169.0,4168.39990234375,4168.39990234375,26.0,yahoo,GC=F
2026-10-05T20:27:00Z,4168.60009765625,4168.60009765625,4167.7998046875,4167.7998046875,19.0,yahoo,GC=F
2026-10-05T20:28:00Z,4168.0,4168.7001953125,4167.7998046875,4168.7001953125,13.0,yahoo,GC=F
2026-10-05T20:29:00Z,4168.7998046875,4169.10009765625,4168.2001953125,4168.60009765625,66.0,yahoo,GC=F
2026-10-05T20:30:00Z,4168.39990234375,4168.39990234375,4167.89990234375,4168.0,14.0,yahoo,GC=F
2026-10-05T20:31:00Z,4168.10009765625,4168.5,4167.60009765625,4167.89990234375,43.0,yahoo,GC=F
2026-10-05T20:32:00Z,4167.89990234375,4168.0,4167.5,4167.5,18.0,yahoo,GC=F
2026-10-05T20:33:00Z,4167.5,4167.5,4166.89990234375,4167.10009765625,30.0,yahoo,GC=F
2026-10-05T20:34:00Z,4167.2998046875,4167.39990234375,4166.60009765625,4167.10009765625,16.0,yahoo,GC=F
2026-10-05T20:35:00Z,4167.2001953125,4167.39990234375,4166.60009765625,4166.7001953125,22.0,yahoo,GC=F
2026-10-05T20:36:00Z,4166.5,4166.7001953125,4166.2998046875,4166.5,19.0,yahoo,GC=F
2026-10-05T20:37:00Z,4166.2998046875,4166.7998046875,4166.2998046875,4166.7001953125,13.0,yahoo,GC=F
2026-10-05T20:38:00Z,4167.0,4167.0,4166.7998046875,4167.0,6.0,yahoo,GC=F
2026-10-05T20:39:00Z,4166.7001953125,4167.0,4166.60009765625,4166.7998046875,15.0,yahoo,GC=F
2026-10-05T20:40:00Z,4166.89990234375,4168.0,4166.89990234375,4167.89990234375,15.0,yahoo,GC=F
2026-10-05T20:41:00Z,4167.7001953125,4167.89990234375,4167.60009765625,4167.89990234375,7.0,yahoo,GC=F
2026-10-05T20:42:00Z,4167.7001953125,4167.7001953125,4167.60009765625,4167.60009765625,3.0,yahoo,GC=F
2026-10-05T20:43:00Z,4167.5,4167.5,4167.2998046875,4167.2998046875,9.0,yahoo,GC=F
2026-10-05T20:44:00Z,4167.2998046875,4167.60009765625,4167.2998046875,4167.39990234375,8.0,yahoo,GC=F
2026-10-05T20:45:00Z,4167.60009765625,4168.39990234375,4167.39990234375,4168.39990234375,26.0,yahoo,GC=F
2026-10-05T20:46:00Z,4168.2998046875,4169.2998046875,4168.2998046875,4169.10009765625,69.0,yahoo,GC=F
2026-10-05T20:47:00Z,4169.0,4169.0,4168.7998046875,4168.7998046875,7.0,yahoo,GC=F
2026-10-05T20:48:00Z,4169.2998046875,4170.7001953125,4169.2998046875,4170.7001953125,47.0,yahoo,GC=F
2026-10-05T20:49:00Z,4170.2001953125,4170.2998046875,4170.0,4170.0,8.0,yahoo,GC=F
2026-10-05T20:50:00Z,4169.89990234375,4170.39990234375,4169.7001953125,4169.7001953125,43.0,yahoo,GC=F
2026-10-05T20:51:00Z,4169.2001953125,4169.39990234375,4168.89990234375,4169.10009765625,20.0,yahoo,GC=F
2026-10-05T20:52:00Z,4169.5,4169.7001953125,4169.2998046875,4169.2998046875,10.0,yahoo,GC=F
2026-10-05T20:53:00Z,4169.0,4169.39990234375,4168.60009765625,4168.60009765625,19.0,yahoo,GC=F
2026-10-05T20:54:00Z,4168.89990234375,4168.89990234375,4168.5,4168.7998046875,27.0,yahoo,GC=F
2026-10-05T20:55:00Z,4168.89990234375,4169.7001953125,4168.7998046875,4169.2001953125,21.0,yahoo,GC=F
2026-10-05T20:56:00Z,4169.2998046875,4169.2998046875,4168.89990234375,4169.0,10.0,yahoo,GC=F
2026-10-05T20:57:00Z,4169.0,4169.2998046875,4167.89990234375,4167.89990234375,39.0,yahoo,GC=F
2026-10-05T20:58:00Z,4168.10009765625,4168.2001953125,4167.7001953125,4167.7998046875,33.0,yahoo,GC=F
2026-10-05T20:59:00Z,4167.89990234375,4167.89990234375,4167.2998046875,4167.2998046875,53.0,yahoo,GC=F
2026-10-05T21:00:00Z,4167.60009765625,4167.60009765625,4167.60009765625,4167.60009765625,1.0,yahoo,GC=F
2026-10-05T22:00:00Z,4169.2001953125,4171.2001953125,4168.7998046875,4170.2998046875,0.0,yahoo,GC=F
2026-10-05T22:01:00Z,4170.39990234375,4170.5,4168.5,4169.2998046875,58.0,yahoo,GC=F
2026-10-05T22:02:00Z,4169.0,4170.10009765625,4168.60009765625,4169.7001953125,47.0,yahoo,GC=F
2026-10-05T22:03:00Z,4169.89990234375,4172.0,4169.5,4171.7001953125,51.0,yahoo,GC=F
2026-10-05T22:04:00Z,4171.2998046875,4171.39990234375,4170.39990234375,4170.39990234375,18.0,yahoo,GC=F
2026-10-05T22:05:00Z,4170.7998046875,4171.2001953125,4170.60009765625,4170.60009765625,13.0,yahoo,GC=F
2026-10-05T22:06:00Z,4171.10009765625,4171.2998046875,4170.5,4170.5,23.0,yahoo,GC=F
2026-10-05T22:07:00Z,4170.39990234375,4170.39990234375,4170.0,4170.10009765625,6.0,yahoo,GC=F
2026-10-05T22:08:00Z,4170.10009765625,4170.5,4169.7998046875,4170.39990234375,14.0,yahoo,GC=F
2026-10-05T22:09:00Z,4170.2001953125,4170.2001953125,4169.5,4170.2001953125,23.0,yahoo,GC=F
2026-10-05T22:10:00Z,4170.10009765625,4170.10009765625,4169.2998046875,4169.60009765625,25.0,yahoo,GC=F
2026-10-05T22:11:00Z,4169.60009765625,4169.89990234375,4168.60009765625,4169.60009765625,33.0,yahoo,GC=F
2026-10-05T22:12:00Z,4169.5,4170.0,4169.2001953125,4169.89990234375,23.0,yahoo,GC=F
2026-10-05T22:13:00Z,4169.60009765625,4169.60009765625,4169.60009765625,4169.60009765625,1.0,yahoo,GC=F
2026-10-05T22:14:00Z,4169.7998046875,4170.0,4169.39990234375,4169.60009765625,12.0,yahoo,GC=F
2026-10-05T22:15:00Z,4169.89990234375,4170.0,4169.39990234375,4169.7998046875,21.0,yahoo,GC=F
2026-10-05T22:16:00Z,4170.0,4170.0,4169.2998046875,4169.5,10.0,yahoo,GC=F
2026-10-05T22:17:00Z,4170.10009765625,4170.2001953125,4169.7001953125,4170.0,15.0,yahoo,GC=F
2026-10-05T22:18:00Z,4169.89990234375,4170.60009765625,4169.89990234375,4170.0,13.0,yahoo,GC=F
2026-10-05T22:19:00Z,4170.2001953125,4170.2001953125,4169.5,4170.0,28.0,yahoo,GC=F
2026-10-05T22:20:00Z,4169.7001953125,4169.7998046875,4169.2998046875,4169.2998046875,33.0,yahoo,GC=F
2026-10-05T22:21:00Z,4169.0,4169.60009765625,4168.89990234375,4169.60009765625,18.0,yahoo,GC=F
2026-10-05T22:22:00Z,4169.2998046875,4169.89990234375,4169.2001953125,4169.7001953125,14.0,yahoo,GC=F
2026-10-05T22:23:00Z,4169.5,4170.2998046875,4169.2998046875,4170.2998046875,34.0,yahoo,GC=F
2026-10-05T22:24:00Z,4169.89990234375,4170.5,4169.7998046875,4170.10009765625,19.0,yahoo,GC=F
2026-10-05T22:25:00Z,4170.2001953125,4170.2001953125,4170.0,4170.0,11.0,yahoo,GC=F
2026-10-05T22:26:00Z,4170.0,4170.0,4169.7001953125,4169.89990234375,7.0,yahoo,GC=F
2026-10-05T22:27:00Z,4169.89990234375,4169.89990234375,4169.2998046875,4169.2998046875,4.0,yahoo,GC=F
2026-10-05T22:28:00Z,4169.5,4169.5,4169.5,4169.5,1.0,yahoo,GC=F
2026-10-05T22:29:00Z,4169.5,4169.5,4169.2998046875,4169.2998046875,3.0,yahoo,GC=F
2026-10-05T22:30:00Z,4170.0,4170.5,4170.0,4170.0,8.0,yahoo,GC=F
2026-10-05T22:31:00Z,4170.0,4170.2998046875,4170.0,4170.2998046875,4.0,yahoo,GC=F
2026-10-05T22:32:00Z,4170.39990234375,4171.2001953125,4170.39990234375,4171.10009765625,21.0,yahoo,GC=F
2026-10-05T22:33:00Z,4171.2001953125,4171.2001953125,4170.7001953125,4170.7001953125,9.0,yahoo,GC=F
2026-10-05T22:34:00Z,4170.7001953125,4171.0,4170.7001953125,4171.0,8.0,yahoo,GC=F
2026-10-05T22:35:00Z,4170.89990234375,4171.2998046875,4170.7998046875,4171.10009765625,19.0,yahoo,GC=F
2026-10-05T22:36:00Z,4170.89990234375,4171.10009765625,4170.7998046875,4171.0,6.0,yahoo,GC=F
2026-10-05T22:37:00Z,4170.7001953125,4171.2998046875,4170.5,4171.2998046875,12.0,yahoo,GC=F
2026-10-05T22:38:00Z,4171.0,4171.0,4171.0,4171.0,2.0,yahoo,GC=F
2026-10-05T22:39:00Z,4171.2001953125,4171.2001953125,4171.2001953125,4171.2001953125,2.0,yahoo,GC=F
2026-10-05T22:40:00Z,4171.7998046875,4172.10009765625,4171.7998046875,4172.0,8.0,yahoo,GC=F
2026-10-05T22:41:00Z,4172.10009765625,4172.5,4172.0,4172.2998046875,17.0,yahoo,GC=F
2026-10-05T22:42:00Z,4172.10009765625,4172.10009765625,4171.39990234375,4171.60009765625,10.0,yahoo,GC=F
2026-10-05T22:43:00Z,4171.7001953125,4171.7001953125,4171.2998046875,4171.2998046875,7.0,yahoo,GC=F
2026-10-05T22:44:00Z,4171.2001953125,4171.2998046875,4171.2001953125,4171.2001953125,3.0,yahoo,GC=F
2026-10-05T22:45:00Z,4171.10009765625,4171.10009765625,4170.89990234375,4171.0,3.0,yahoo,GC=F
2026-10-05T22:46:00Z,4170.7001953125,4170.7001953125,4168.5,4168.7001953125,135.0,yahoo,GC=F
2026-10-05T22:47:00Z,4168.7001953125,4169.39990234375,4168.5,4168.5,29.0,yahoo,GC=F
2026-10-05T22:48:00Z,4168.60009765625,4169.2001953125,4168.60009765625,4169.2001953125,17.0,yahoo,GC=F
2026-10-05T22:49:00Z,4169.2001953125,4169.2001953125,4168.89990234375,4168.89990234375,3.0,yahoo,GC=F
2026-10-05T22:50:00Z,4168.89990234375,4168.89990234375,4168.7001953125,4168.7001953125,5.0,yahoo,GC=F
2026-10-05T22:51:00Z,4168.7998046875,4168.7998046875,4168.10009765625,4168.10009765625,23.0,yahoo,GC=F
2026-10-05T22:52:00Z,4168.39990234375,4168.39990234375,4168.39990234375,4168.39990234375,3.0,yahoo,GC=F
2026-10-05T22:53:00Z,4168.0,4168.10009765625,4167.89990234375,4168.10009765625,8.0,yahoo,GC=F
2026-10-05T22:54:00Z,4168.39990234375,4168.5,4168.2998046875,4168.5,8.0,yahoo,GC=F
2026-10-05T22:55:00Z,4168.2001953125,4168.7998046875,4167.7998046875,4168.2001953125,29.0,yahoo,GC=F
2026-10-05T22:56:00Z,4167.89990234375,4168.39990234375,4167.7001953125,4168.2001953125,16.0,yahoo,GC=F
2026-10-05T22:57:00Z,4168.2001953125,4168.7001953125,4168.10009765625,4168.10009765625,10.0,yahoo,GC=F
2026-10-05T22:58:00Z,4167.7998046875,4168.0,4167.60009765625,4168.0,8.0,yahoo,GC=F
2026-10-05T22:59:00Z,4167.89990234375,4168.0,4167.89990234375,4167.89990234375,3.0,yahoo,GC=F
2026-10-05T23:00:00Z,4168.0,4169.0,4167.60009765625,4167.60009765625,39.0,yahoo,GC=F
2026-10-05T23:01:00Z,4167.7001953125,4168.10009765625,4167.60009765625,4168.0,24.0,yahoo,GC=F
2026-10-05T23:02:00Z,4167.89990234375,4168.0,4167.89990234375,4168.0,5.0,yahoo,GC=F
2026-10-05T23:03:00Z,4167.7001953125,4167.7998046875,4167.0,4167.5,16.0,yahoo,GC=F
2026-10-05T23:04:00Z,4167.60009765625,4168.0,4167.39990234375,4167.7001953125,13.0,yahoo,GC=F
2026-10-05T23:05:00Z,4167.60009765625,4167.7998046875,4167.60009765625,4167.60009765625,4.0,yahoo,GC=F
2026-10-05T23:06:00Z,4167.5,4167.5,4166.39990234375,4166.60009765625,28.0,yahoo,GC=F
2026-10-05T23:07:00Z,4166.60009765625,4166.60009765625,4165.7001953125,4166.10009765625,28.0,yahoo,GC=F
2026-10-05T23:08:00Z,4166.2998046875,4166.60009765625,4166.2998046875,4166.2998046875,8.0,yahoo,GC=F
2026-10-05T23:09:00Z,4166.60009765625,4166.7001953125,4166.60009765625,4166.7001953125,5.0,yahoo,GC=F
2026-10-05T23:10:00Z,4166.10009765625,4166.2001953125,4165.7998046875,4166.0,13.0,yahoo,GC=F
2026-10-05T23:11:00Z,4165.7998046875,4166.10009765625,4165.7001953125,4165.7001953125,12.0,yahoo,GC=F
2026-10-05T23:12:00Z,4165.7001953125,4165.7998046875,4165.10009765625,4165.60009765625,28.0,yahoo,GC=F
2026-10-05T23:13:00Z,4165.5,4165.7001953125,4165.39990234375,4165.7001953125,14.0,yahoo,GC=F
2026-10-05T23:14:00Z,4165.39990234375,4165.5,4165.10009765625,4165.5,13.0,yahoo,GC=F
2026-10-05T23:15:00Z,4165.39990234375,4166.0,4165.2998046875,4165.60009765625,23.0,yahoo,GC=F
2026-10-05T23:16:00Z,4165.39990234375,4165.39990234375,4164.7001953125,4164.7998046875,21.0,yahoo,GC=F
2026-10-05T23:17:00Z,4164.7998046875,4165.7001953125,4164.7998046875,4165.5,28.0,yahoo,GC=F
2026-10-05T23:18:00Z,4166.2001953125,4166.2001953125,4166.2001953125,4166.2001953125,1.0,yahoo,GC=F
2026-10-05T23:19:00Z,4166.0,4166.7001953125,4165.89990234375,4166.39990234375,20.0,yahoo,GC=F
2026-10-05T23:20:00Z,4166.5,4166.7001953125,4166.2001953125,4166.2998046875,8.0,yahoo,GC=F
2026-10-05T23:22:00Z,4166.2998046875,4167.0,4166.2001953125,4166.2998046875,18.0,yahoo,GC=F
2026-10-05T23:23:00Z,4166.5,4167.7001953125,4166.5,4167.10009765625,55.0,yahoo,GC=F
2026-10-05T23:24:00Z,4167.7001953125,4167.7001953125,4167.7001953125,4167.7001953125,0.0,yahoo,GC=F
