timestamp_utc,open,high,low,close,volume,source,symbol
2026-10-08T00:00:00Z,4133.0,4135.10009765625,4132.7001953125,4135.10009765625,72.0,yahoo,GC=F
2026-10-08T00:01:00Z,4134.7001953125,4135.39990234375,4133.89990234375,4134.89990234375,41.0,yahoo,GC=F
2026-10-08T00:02:00Z,4134.7998046875,4135.0,4134.10009765625,4134.7001953125,11.0,yahoo,GC=F
2026-10-08T00:03:00Z,4134.89990234375,4135.10009765625,4134.7001953125,4135.0,12.0,yahoo,GC=F
2026-10-08T00:04:00Z,4135.10009765625,4136.39990234375,4134.7998046875,4135.7001953125,65.0,yahoo,GC=F
2026-10-08T00:05:00Z,4135.60009765625,4136.2001953125,4134.10009765625,4134.10009765625,55.0,yahoo,GC=F
2026-10-08T00:06:00Z,4134.2998046875,4134.7001953125,4131.5,4133.2001953125,96.0,yahoo,GC=F
2026-10-08T00:07:00Z,4133.0,4133.5,4132.7998046875,4132.89990234375,59.0,yahoo,GC=F
2026-10-08T00:08:00Z,4133.2998046875,4133.2998046875,4131.89990234375,4132.10009765625,36.0,yahoo,GC=F
2026-10-08T00:09:00Z,4132.2001953125,4132.2998046875,4131.39990234375,4131.39990234375,32.0,yahoo,GC=F
2026-10-08T00:10:00Z,4131.2998046875,4132.10009765625,4130.2998046875,4131.0,68.0,yahoo,GC=F
2026-10-08T00:11:00Z,4131.10009765625,4131.89990234375,4130.60009765625,4131.2001953125,47.0,yahoo,GC=F
2026-10-08T00:12:00Z,4131.5,4135.10009765625,4131.2001953125,4134.89990234375,128.0,yahoo,GC=F
2026-10-08T00:13:00Z,4135.2001953125,4137.0,4133.5,4133.7998046875,133.0,yahoo,GC=F
2026-10-08T00:14:00Z,4134.10009765625,4135.5,4133.89990234375,4135.39990234375,30.0,yahoo,GC=F
2026-10-08T00:15:00Z,4135.39990234375,4135.7998046875,4133.2001953125,4134.2001953125,29.0,yahoo,GC=F
2026-10-08T00:16:00Z,4134.39990234375,4134.39990234375,4133.2001953125,4134.0,14.0,yahoo,GC=F
2026-10-08T00:17:00Z,4134.0,4134.7001953125,4133.2998046875,4134.0,28.0,yahoo,GC=F
2026-10-08T00:18:00Z,4133.89990234375,4135.60009765625,4133.89990234375,4134.39990234375,41.0,yahoo,GC=F
2026-10-08T00:19:00Z,4134.5,4134.5,4134.0,4134.0,4.0,yahoo,GC=F
2026-10-08T00:20:00Z,4133.89990234375,4133.89990234375,4131.39990234375,4132.7998046875,74.0,yahoo,GC=F
2026-10-08T00:21:00Z,4132.7998046875,4133.39990234375,4131.60009765625,4131.60009765625,41.0,yahoo,GC=F
2026-10-08T00:22:00Z,4131.60009765625,4133.10009765625,4131.2998046875,4132.5,111.0,yahoo,GC=F
2026-10-08T00:23:00Z,4132.60009765625,4134.10009765625,4130.7001953125,4134.10009765625,153.0,yahoo,GC=F
2026-10-08T00:24:00Z,4133.7001953125,4134.10009765625,4132.39990234375,4133.60009765625,113.0,yahoo,GC=F
2026-10-08T00:25:00Z,4134.2998046875,4134.2998046875,4132.2001953125,4132.7998046875,62.0,yahoo,GC=F
2026-10-08T00:26:00Z,4133.2998046875,4133.60009765625,4131.60009765625,4132.89990234375,127.0,yahoo,GC=F
2026-10-08T00:27:00Z,4132.60009765625,4132.60009765625,4131.0,4131.5,53.0,yahoo,GC=F
2026-10-08T00:28:00Z,4131.2998046875,4133.10009765625,4130.89990234375,4132.89990234375,71.0,yahoo,GC=F
2026-10-08T00:29:00Z,4132.7998046875,4133.2001953125,4131.60009765625,4131.60009765625,26.0,yahoo,GC=F
2026-10-08T00:30:00Z,4131.7001953125,4131.7001953125,4130.5,4130.89990234375,68.0,yahoo,GC=F
2026-10-08T00:31:00Z,4131.0,4132.0,4130.39990234375,4130.39990234375,63.0,yahoo,GC=F
2026-10-08T00:32:00Z,4130.2998046875,4132.10009765625,4130.0,4131.89990234375,41.0,yahoo,GC=F
2026-10-08T00:33:00Z,4132.0,4133.2001953125,4131.7998046875,4132.2998046875,47.0,yahoo,GC=F
2026-10-08T00:34:00Z,4132.5,4133.2998046875,4132.39990234375,4133.2998046875,14.0,yahoo,GC=F
2026-10-08T00:35:00Z,4133.2998046875,4134.2998046875,4133.2001953125,4133.5,63.0,yahoo,GC=F
2026-10-08T00:36:00Z,4133.39990234375,4135.10009765625,4133.0,4134.39990234375,84.0,yahoo,GC=F
2026-10-08T00:37:00Z,4134.2001953125,4135.2998046875,4132.7998046875,4133.39990234375,95.0,yahoo,GC=F
2026-10-08T00:38:00Z,4133.39990234375,4133.7001953125,4132.0,4132.2001953125,49.0,yahoo,GC=F
2026-10-08T00:39:00Z,4132.39990234375,4132.60009765625,4130.2998046875,4131.2001953125,85.0,yahoo,GC=F
2026-10-08T00:40:00Z,4131.2001953125,4133.7001953125,4131.2001953125,4131.7998046875,170.0,yahoo,GC=F
2026-10-08T00:41:00Z,4131.7001953125,4133.39990234375,4131.7001953125,4132.39990234375,131.0,yahoo,GC=F
2026-10-08T00:42:00Z,4132.60009765625,4132.60009765625,4130.7001953125,4130.7998046875,43.0,yahoo,GC=F
2026-10-08T00:43:00Z,4130.7001953125,4132.39990234375,4130.0,4130.0,113.0,yahoo,GC=F
2026-10-08T00:44:00Z,4130.10009765625,4131.2001953125,4130.0,4130.7998046875,81.0,yahoo,GC=F
2026-10-08T00:45:00Z,4130.7001953125,4131.5,4130.2001953125,4131.39990234375,50.0,yahoo,GC=F
2026-10-08T00:46:00Z,4132.10009765625,4135.2001953125,4132.0,4135.10009765625,79.0,yahoo,GC=F
2026-10-08T00:47:00Z,4135.2001953125,4135.7998046875,4133.89990234375,4135.2998046875,75.0,yahoo,GC=F
2026-10-08T00:48:00Z,4135.10009765625,4136.7001953125,4133.39990234375,4136.10009765625,95.0,yahoo,GC=F
2026-10-08T00:49:00Z,4136.2001953125,4140.5,4136.2001953125,4140.2998046875,148.0,yahoo,GC=F
2026-10-08T00:50:00Z,4140.2001953125,4142.5,4140.0,4140.2001953125,157.0,yahoo,GC=F
2026-10-08T00:51:00Z,4140.60009765625,4141.5,4140.0,4140.39990234375,83.0,yahoo,GC=F
2026-10-08T00:52:00Z,4140.39990234375,4143.0,4139.89990234375,4142.2998046875,92.0,yahoo,GC=F
2026-10-08T00:53:00Z,4142.10009765625,4143.39990234375,4142.10009765625,4143.39990234375,90.0,yahoo,GC=F
2026-10-08T00:54:00Z,4143.0,4143.7001953125,4142.2998046875,4142.5,58.0,yahoo,GC=F
2026-10-08T00:55:00Z,4142.2001953125,4144.5,4142.2001953125,4144.5,236.0,yahoo,GC=F
2026-10-08T00:56:00Z,4144.10009765625,4144.5,4142.0,4142.10009765625,87.0,yahoo,GC=F
2026-10-08T00:57:00Z,4142.7998046875,4145.2001953125,4142.7998046875,4143.89990234375,90.0,yahoo,GC=F
2026-10-08T00:58:00Z,4144.89990234375,4145.10009765625,4142.89990234375,4143.2001953125,113.0,yahoo,GC=F
2026-10-08T00:59:00Z,4143.10009765625,4144.60009765625,4141.5,4141.60009765625,167.0,yahoo,GC=F
2026-10-08T01:00:00Z,4141.5,4152.2001953125,4140.60009765625,4148.60009765625,769.0,yahoo,GC=F
2026-10-08T01:01:00Z,4148.60009765625,4154.39990234375,4148.2998046875,4153.39990234375,462.0,yahoo,GC=F
2026-10-08T01:02:00Z,4153.5,4156.7001953125,4152.2998046875,4156.2998046875,430.0,yahoo,GC=F
2026-10-08T01:03:00Z,4156.5,4157.39990234375,4153.89990234375,4155.10009765625,283.0,yahoo,GC=F
2026-10-08T01:04:00Z,4154.7998046875,4157.7001953125,4154.10009765625,4154.2001953125,279.0,yahoo,GC=F
2026-10-08T01:05:00Z,4154.5,4159.39990234375,4154.39990234375,4158.0,349.0,yahoo,GC=F
2026-10-08T01:06:00Z,4157.7001953125,4159.7001953125,4155.39990234375,4155.7001953125,192.0,yahoo,GC=F
2026-10-08T01:07:00Z,4155.5,4155.89990234375,4152.0,4152.5,197.0,yahoo,GC=F
2026-10-08T01:08:00Z,4152.10009765625,4153.2998046875,4149.5,4151.60009765625,318.0,yahoo,GC=F
2026-10-08T01:09:00Z,4151.2001953125,4151.89990234375,4150.39990234375,4150.39990234375,144.0,yahoo,GC=F
2026-10-08T01:10:00Z,4150.0,4150.0,4146.89990234375,4147.2001953125,169.0,yahoo,GC=F
2026-10-08T01:11:00Z,4147.60009765625,4149.89990234375,4147.39990234375,4149.60009765625,95.0,yahoo,GC=F
2026-10-08T01:12:00Z,4149.7001953125,4150.39990234375,4149.2998046875,4149.7001953125,60.0,yahoo,GC=F
2026-10-08T01:13:00Z,4149.0,4149.39990234375,4146.7998046875,4146.7998046875,63.0,yahoo,GC=F
2026-10-08T01:14:00Z,4147.0,4148.7998046875,4145.2998046875,4145.5,91.0,yahoo,GC=F
2026-10-08T01:15:00Z,4145.2001953125,4145.2001953125,4142.89990234375,4144.0,187.0,yahoo,GC=F
2026-10-08T01:16:00Z,4143.7998046875,4145.10009765625,4143.39990234375,4144.2001953125,89.0,yahoo,GC=F
2026-10-08T01:17:00Z,4144.2001953125,4146.60009765625,4144.2001953125,4145.10009765625,97.0,yahoo,GC=F
2026-10-08T01:18:00Z,4145.10009765625,4148.2001953125,4145.10009765625,4147.2001953125,105.0,yahoo,GC=F
2026-10-08T01:19:00Z,4147.10009765625,4148.5,4146.2998046875,4148.2998046875,72.0,yahoo,GC=F
2026-10-08T01:20:00Z,4148.2001953125,4148.39990234375,4145.2001953125,4145.7001953125,68.0,yahoo,GC=F
2026-10-08T01:21:00Z,4145.7001953125,4146.0,4144.10009765625,4145.10009765625,98.0,yahoo,GC=F
2026-10-08T01:22:00Z,4144.60009765625,4144.60009765625,4143.2001953125,4144.0,75.0,yahoo,GC=F
2026-10-08T01:23:00Z,4144.0,4146.10009765625,4143.2998046875,4145.10009765625,184.0,yahoo,GC=F
2026-10-08T01:24:00Z,4145.10009765625,4148.2001953125,4143.60009765625,4148.0,173.0,yahoo,GC=F
2026-10-08T01:25:00Z,4148.0,4151.7001953125,4147.7998046875,4151.5,260.0,yahoo,GC=F
2026-10-08T01:26:00Z,4151.5,4153.2001953125,4151.5,4153.0,99.0,yahoo,GC=F
2026-10-08T01:27:00Z,4152.7998046875,4153.5,4151.0,4151.7998046875,107.0,yahoo,GC=F
2026-10-08T01:28:00Z,4151.89990234375,4152.10009765625,4150.89990234375,4152.10009765625,47.0,yahoo,GC=F
2026-10-08T01:29:00Z,4152.2998046875,4153.2001953125,4151.89990234375,4153.0,38.0,yahoo,GC=F
2026-10-08T01:30:00Z,4152.2998046875,4154.2998046875,4151.60009765625,4151.7001953125,118.0,yahoo,GC=F
2026-10-08T01:31:00Z,4151.7998046875,4153.0,4151.60009765625,4152.0,84.0,yahoo,GC=F
2026-10-08T01:32:00Z,4152.60009765625,4152.7001953125,4151.2001953125,4152.10009765625,55.0,yahoo,GC=F
2026-10-08T01:33:00Z,4152.7001953125,4155.0,4152.10009765625,4154.10009765625,60.0,yahoo,GC=F
2026-10-08T01:34:00Z,4154.5,4155.10009765625,4153.2998046875,4154.10009765625,31.0,yahoo,GC=F
2026-10-08T01:35:00Z,4154.2001953125,4157.7001953125,4154.2001953125,4157.5,87.0,yahoo,GC=F
2026-10-08T01:36:00Z,4157.2998046875,4159.0,4156.89990234375,4157.7998046875,287.0,yahoo,GC=F
2026-10-08T01:37:00Z,4158.2001953125,4158.60009765625,4156.5,4156.7001953125,97.0,yahoo,GC=F
2026-10-08T01:38:00Z,4156.7998046875,4157.60009765625,4156.39990234375,4157.10009765625,34.0,yahoo,GC=F
2026-10-08T01:39:00Z,4156.7998046875,4157.89990234375,4155.89990234375,4157.0,79.0,yahoo,GC=F
2026-10-08T01:40:00Z,4157.39990234375,4158.60009765625,4156.89990234375,4157.7998046875,103.0,yahoo,GC=F
2026-10-08T01:41:00Z,4157.39990234375,4157.89990234375,4156.0,4156.60009765625,90.0,yahoo,GC=F
2026-10-08T01:42:00Z,4156.60009765625,4156.7001953125,4155.0,4155.0,83.0,yahoo,GC=F
2026-10-08T01:43:00Z,4155.10009765625,4156.2001953125,4154.89990234375,4155.39990234375,33.0,yahoo,GC=F
2026-10-08T01:44:00Z,4155.5,4157.0,4154.89990234375,4156.2998046875,85.0,yahoo,GC=F
2026-10-08T01:45:00Z,4156.2998046875,4156.7001953125,4153.2001953125,4153.2998046875,217.0,yahoo,GC=F
2026-10-08T01:46:00Z,4153.5,4157.89990234375,4153.39990234375,4157.7998046875,184.0,yahoo,GC=F
2026-10-08T01:47:00Z,4158.0,4160.0,4157.7998046875,4158.89990234375,234.0,yahoo,GC=F
2026-10-08T01:48:00Z,4158.89990234375,4160.0,4158.0,4160.0,103.0,yahoo,GC=F
2026-10-08T01:49:00Z,4160.0,4161.2001953125,4158.7998046875,4161.10009765625,126.0,yahoo,GC=F
2026-10-08T01:50:00Z,4161.0,4161.5,4157.7998046875,4157.89990234375,86.0,yahoo,GC=F
2026-10-08T01:51:00Z,4157.89990234375,4158.10009765625,4156.89990234375,4156.89990234375,89.0,yahoo,GC=F
2026-10-08T01:52:00Z,4157.10009765625,4158.10009765625,4157.10009765625,4158.0,90.0,yahoo,GC=F
2026-10-08T01:53:00Z,4158.0,4158.0,4156.7998046875,4157.7998046875,62.0,yahoo,GC=F
2026-10-08T01:54:00Z,4158.0,4159.0,4156.39990234375,4156.7001953125,70.0,yahoo,GC=F
2026-10-08T01:55:00Z,4157.0,4157.10009765625,4155.7001953125,4156.7001953125,108.0,yahoo,GC=F
2026-10-08T01:56:00Z,4156.7001953125,4157.39990234375,4156.5,4156.60009765625,45.0,yahoo,GC=F
2026-10-08T01:57:00Z,4156.7998046875,4158.5,4156.7998046875,4158.0,67.0,yahoo,GC=F
2026-10-08T01:58:00Z,4157.89990234375,4157.89990234375,4156.5,4156.5,26.0,yahoo,GC=F
2026-10-08T01:59:00Z,4156.5,4156.7001953125,4155.7998046875,4156.5,74.0,yahoo,GC=F
2026-10-08T02:00:00Z,4156.60009765625,4157.89990234375,4156.2998046875,4157.89990234375,75.0,yahoo,GC=F
2026-10-08T02:01:00Z,4157.60009765625,4158.39990234375,4157.2998046875,4158.0,55.0,yahoo,GC=F
2026-10-08T02:02:00Z,4158.2998046875,4158.7998046875,4157.39990234375,4158.0,61.0,yahoo,GC=F
2026-10-08T02:03:00Z,4158.0,4162.2998046875,4157.7001953125,4160.89990234375,264.0,yahoo,GC=F
2026-10-08T02:04:00Z,4160.7998046875,4162.2998046875,4160.7998046875,4162.2998046875,61.0,yahoo,GC=F
2026-10-08T02:05:00Z,4162.0,4162.5,4161.39990234375,4162.0,89.0,yahoo,GC=F
2026-10-08T02:06:00Z,4162.2001953125,4162.39990234375,4161.39990234375,4161.7998046875,29.0,yahoo,GC=F
2026-10-08T02:07:00Z,4161.89990234375,4162.2001953125,4161.0,4161.60009765625,56.0,yahoo,GC=F
2026-10-08T02:08:00Z,4161.7998046875,4162.2998046875,4161.2998046875,4162.0,51.0,yahoo,GC=F
2026-10-08T02:09:00Z,4162.0,4163.0,4161.39990234375,4162.39990234375,68.0,yahoo,GC=F
2026-10-08T02:10:00Z,4162.2001953125,4162.5,4161.7998046875,4162.0,41.0,yahoo,GC=F
2026-10-08T02:11:00Z,4161.89990234375,4162.2001953125,4161.2998046875,4161.7001953125,64.0,yahoo,GC=F
2026-10-08T02:12:00Z,4161.2998046875,4162.2998046875,4160.89990234375,4162.2998046875,61.0,yahoo,GC=F
2026-10-08T02:13:00Z,4162.39990234375,4163.10009765625,4162.10009765625,4162.39990234375,58.0,yahoo,GC=F
2026-10-08T02:14:00Z,4162.2001953125,4162.60009765625,4161.7001953125,4162.0,33.0,yahoo,GC=F
2026-10-08T02:15:00Z,4161.7998046875,4162.2998046875,4161.60009765625,4162.2998046875,29.0,yahoo,GC=F
2026-10-08T02:16:00Z,4162.2001953125,4163.89990234375,4161.89990234375,4161.89990234375,81.0,yahoo,GC=F
2026-10-08T02:17:00Z,4162.0,4163.2001953125,4161.7001953125,4163.2001953125,64.0,yahoo,GC=F
2026-10-08T02:18:00Z,4163.10009765625,4163.5,4162.2001953125,4163.2998046875,57.0,yahoo,GC=F
2026-10-08T02:19:00Z,4163.2998046875,4163.2998046875,4162.60009765625,4162.7001953125,42.0,yahoo,GC=F
2026-10-08T02:20:00Z,4162.60009765625,4163.10009765625,4162.10009765625,4162.39990234375,26.0,yahoo,GC=F
2026-10-08T02:21:00Z,4162.2001953125,4162.2001953125,4160.7001953125,4161.5,54.0,yahoo,GC=F
2026-10-08T02:22:00Z,4161.60009765625,4162.0,4161.2001953125,4161.5,52.0,yahoo,GC=F
2026-10-08T02:23:00Z,4161.10009765625,4161.39990234375,4160.5,4160.5,48.0,yahoo,GC=F
2026-10-08T02:24:00Z,4160.60009765625,4161.2001953125,4159.5,4160.7998046875,122.0,yahoo,GC=F
2026-10-08T02:25:00Z,4160.7001953125,4161.10009765625,4159.7998046875,4161.10009765625,50.0,yahoo,GC=F
2026-10-08T02:26:00Z,4161.2998046875,4162.60009765625,4160.5,4160.7998046875,71.0,yahoo,GC=F
2026-10-08T02:27:00Z,4160.7001953125,4162.5,4160.60009765625,4162.2001953125,49.0,yahoo,GC=F
2026-10-08T02:28:00Z,4162.2001953125,4162.2001953125,4161.7998046875,4161.7998046875,11.0,yahoo,GC=F
2026-10-08T02:29:00Z,4161.0,4161.2001953125,4160.60009765625,4160.7998046875,21.0,yahoo,GC=F
2026-10-08T02:30:00Z,4160.39990234375,4161.0,4159.60009765625,4160.2001953125,153.0,yahoo,GC=F
2026-10-08T02:31:00Z,4160.5,4161.5,4159.7998046875,4161.0,68.0,yahoo,GC=F
2026-10-08T02:32:00Z,4161.10009765625,4162.7998046875,4161.10009765625,4162.2998046875,66.0,yahoo,GC=F
2026-10-08T02:33:00Z,4162.2001953125,4165.0,4162.2001953125,4164.2001953125,116.0,yahoo,GC=F
2026-10-08T02:34:00Z,4164.2001953125,4166.2998046875,4164.10009765625,4166.0,73.0,yahoo,GC=F
2026-10-08T02:35:00Z,4165.7998046875,4166.60009765625,4164.0,4164.2998046875,123.0,yahoo,GC=F
2026-10-08T02:36:00Z,4164.10009765625,4165.60009765625,4164.10009765625,4164.7998046875,62.0,yahoo,GC=F
2026-10-08T02:37:00Z,4164.7998046875,4166.2001953125,4164.39990234375,4165.7001953125,82.0,yahoo,GC=F
2026-10-08T02:38:00Z,4165.39990234375,4165.39990234375,4164.7001953125,4164.7998046875,39.0,yahoo,GC=F
2026-10-08T02:39:00Z,4165.0,4165.10009765625,4162.5,4163.7001953125,52.0,yahoo,GC=F
2026-10-08T02:40:00Z,4164.0,4164.0,4162.2001953125,4162.2001953125,81.0,yahoo,GC=F
2026-10-08T02:41:00Z,4162.0,4162.5,4161.2001953125,4162.2998046875,97.0,yahoo,GC=F
2026-10-08T02:42:00Z,4162.60009765625,4165.2998046875,4162.60009765625,4164.7998046875,76.0,yahoo,GC=F
2026-10-08T02:43:00Z,4164.7998046875,4165.60009765625,4164.60009765625,4165.2998046875,56.0,yahoo,GC=F
2026-10-08T02:44:00Z,4165.2998046875,4166.7998046875,4165.0,4166.7001953125,41.0,yahoo,GC=F
2026-10-08T02:45:00Z,4166.7001953125,4166.7998046875,4164.39990234375,4164.7998046875,71.0,yahoo,GC=F
2026-10-08T02:46:00Z,4164.7001953125,4165.60009765625,4164.60009765625,4165.2998046875,33.0,yahoo,GC=F
2026-10-08T02:47:00Z,4164.7001953125,4164.7001953125,4163.2998046875,4163.7001953125,21.0,yahoo,GC=F
2026-10-08T02:48:00Z,4163.7001953125,4164.0,4162.89990234375,4163.0,49.0,yahoo,GC=F
2026-10-08T02:49:00Z,4163.2001953125,4163.2001953125,4160.7001953125,4161.0,59.0,yahoo,GC=F
2026-10-08T02:50:00Z,4161.0,4161.2998046875,4159.89990234375,4160.10009765625,149.0,yahoo,GC=F
2026-10-08T02:51:00Z,4160.2998046875,4160.2998046875,4158.89990234375,4159.7001953125,76.0,yahoo,GC=F
2026-10-08T02:52:00Z,4159.2998046875,4159.39990234375,4157.39990234375,4157.39990234375,91.0,yahoo,GC=F
2026-10-08T02:53:00Z,4157.39990234375,4157.7001953125,4156.2998046875,4157.60009765625,139.0,yahoo,GC=F
2026-10-08T02:54:00Z,4157.7001953125,4157.89990234375,4156.2998046875,4156.5,110.0,yahoo,GC=F
2026-10-08T02:55:00Z,4156.5,4157.2001953125,4155.60009765625,4156.39990234375,98.0,yahoo,GC=F
2026-10-08T02:56:00Z,4156.2001953125,4156.60009765625,4155.5,4156.2998046875,45.0,yahoo,GC=F
2026-10-08T02:57:00Z,4156.39990234375,4156.39990234375,4155.5,4156.0,19.0,yahoo,GC=F
2026-10-08T02:58:00Z,4155.89990234375,4157.2001953125,4155.89990234375,4156.7001953125,39.0,yahoo,GC=F
2026-10-08T02:59:00Z,4156.39990234375,4157.2001953125,4156.10009765625,4157.10009765625,8.0,yahoo,GC=F
2026-10-08T03:00:00Z,4157.0,4159.2998046875,4156.7998046875,4158.89990234375,56.0,yahoo,GC=F
2026-10-08T03:01:00Z,4158.89990234375,4158.89990234375,4157.10009765625,4157.2001953125,36.0,yahoo,GC=F
2026-10-08T03:02:00Z,4157.2001953125,4158.7001953125,4157.0,4157.0,39.0,yahoo,GC=F
2026-10-08T03:03:00Z,4157.2998046875,4158.7001953125,4157.2998046875,4158.2001953125,22.0,yahoo,GC=F
2026-10-08T03:04:00Z,4158.2001953125,4158.5,4156.7998046875,4156.7998046875,76.0,yahoo,GC=F
2026-10-08T03:05:00Z,4156.89990234375,4157.2998046875,4156.7998046875,4157.0,16.0,yahoo,GC=F
2026-10-08T03:06:00Z,4156.7998046875,4156.7998046875,4155.7998046875,4156.60009765625,61.0,yahoo,GC=F
2026-10-08T03:07:00Z,4156.60009765625,4157.2998046875,4155.5,4156.39990234375,39.0,yahoo,GC=F
2026-10-08T03:08:00Z,4156.60009765625,4156.60009765625,4155.2998046875,4156.0,59.0,yahoo,GC=F
2026-10-08T03:09:00Z,4156.0,4156.0,4154.0,4154.2998046875,73.0,yahoo,GC=F
2026-10-08T03:10:00Z,4154.2998046875,4154.39990234375,4152.89990234375,4153.2998046875,98.0,yahoo,GC=F
2026-10-08T03:11:00Z,4153.10009765625,4153.39990234375,4152.2001953125,4152.60009765625,87.0,yahoo,GC=F
2026-10-08T03:12:00Z,4152.2998046875,4153.60009765625,4152.2998046875,4153.39990234375,133.0,yahoo,GC=F
2026-10-08T03:13:00Z,4153.39990234375,4154.60009765625,4152.60009765625,4153.7001953125,69.0,yahoo,GC=F
2026-10-08T03:14:00Z,4153.2001953125,4153.7998046875,4151.7998046875,4152.5,52.0,yahoo,GC=F
2026-10-08T03:15:00Z,4152.7001953125,4153.39990234375,4152.60009765625,4153.2001953125,44.0,yahoo,GC=F
2026-10-08T03:16:00Z,4152.7001953125,4153.7998046875,4152.5,4153.60009765625,83.0,yahoo,GC=F
2026-10-08T03:17:00Z,4153.60009765625,4153.7998046875,4152.60009765625,4152.7001953125,64.0,yahoo,GC=F
2026-10-08T03:18:00Z,4153.5,4155.39990234375,4153.2001953125,4155.39990234375,126.0,yahoo,GC=F
2026-10-08T03:19:00Z,4155.10009765625,4155.2998046875,4154.39990234375,4154.5,67.0,yahoo,GC=F
2026-10-08T03:20:00Z,4155.0,4156.10009765625,4154.39990234375,4156.10009765625,40.0,yahoo,GC=F
2026-10-08T03:21:00Z,4156.2001953125,4157.7998046875,4156.0,4157.2001953125,100.0,yahoo,GC=F
2026-10-08T03:22:00Z,4157.0,4158.2001953125,4157.0,4158.2001953125,30.0,yahoo,GC=F
2026-10-08T03:23:00Z,4158.2998046875,4160.60009765625,4158.2998046875,4160.10009765625,132.0,yahoo,GC=F
2026-10-08T03:24:00Z,4160.2001953125,4160.7001953125,4156.39990234375,4156.7998046875,57.0,yahoo,GC=F
2026-10-08T03:25:00Z,4156.7998046875,4158.5,4156.2998046875,4156.39990234375,150.0,yahoo,GC=F
2026-10-08T03:26:00Z,4156.10009765625,4156.10009765625,4154.5,4155.7001953125,81.0,yahoo,GC=F
2026-10-08T03:27:00Z,4156.0,4156.2998046875,4155.60009765625,4155.7998046875,32.0,yahoo,GC=F
2026-10-08T03:28:00Z,4155.7998046875,4157.39990234375,4155.7998046875,4157.2001953125,63.0,yahoo,GC=F
2026-10-08T03:29:00Z,4157.60009765625,4158.60009765625,4157.2998046875,4158.2001953125,36.0,yahoo,GC=F
2026-10-08T03:30:00Z,4158.39990234375,4159.5,4157.7001953125,4159.2001953125,54.0,yahoo,GC=F
2026-10-08T03:31:00Z,4159.2998046875,4159.7001953125,4158.89990234375,4159.7001953125,25.0,yahoo,GC=F
2026-10-08T03:32:00Z,4159.60009765625,4160.2998046875,4158.2998046875,4158.60009765625,74.0,yahoo,GC=F
2026-10-08T03:33:00Z,4158.2998046875,4158.2998046875,4156.7998046875,4157.39990234375,17.0,yahoo,GC=F
2026-10-08T03:34:00Z,4157.60009765625,4157.89990234375,4157.2001953125,4157.89990234375,14.0,yahoo,GC=F
2026-10-08T03:35:00Z,4158.2998046875,4158.7001953125,4158.2001953125,4158.7001953125,5.0,yahoo,GC=F
2026-10-08T03:36:00Z,4159.10009765625,4159.60009765625,4158.89990234375,4158.89990234375,23.0,yahoo,GC=F
2026-10-08T03:37:00Z,4159.2001953125,4160.7001953125,4158.89990234375,4160.39990234375,52.0,yahoo,GC=F
2026-10-08T03:38:00Z,4160.5,4161.39990234375,4160.5,4161.39990234375,40.0,yahoo,GC=F
2026-10-08T03:39:00Z,4161.5,4161.89990234375,4161.2998046875,4161.60009765625,63.0,yahoo,GC=F
2026-10-08T03:40:00Z,4161.5,4161.89990234375,4161.0,4161.10009765625,29.0,yahoo,GC=F
2026-10-08T03:41:00Z,4160.39990234375,4161.0,4159.60009765625,4160.7998046875,22.0,yahoo,GC=F
2026-10-08T03:42:00Z,4160.7001953125,4161.2998046875,4159.5,4159.5,24.0,yahoo,GC=F
2026-10-08T03:43:00Z,4159.60009765625,4160.2998046875,4159.5,4160.2001953125,31.0,yahoo,GC=F
2026-10-08T03:44:00Z,4160.39990234375,4160.89990234375,4160.10009765625,4160.89990234375,15.0,yahoo,GC=F
2026-10-08T03:45:00Z,4160.7001953125,4161.2998046875,4160.39990234375,4161.10009765625,32.0,yahoo,GC=F
2026-10-08T03:46:00Z,4161.39990234375,4162.39990234375,4161.2998046875,4162.10009765625,21.0,yahoo,GC=F
2026-10-08T03:47:00Z,4161.7998046875,4163.0,4161.7001953125,4161.7998046875,29.0,yahoo,GC=F
2026-10-08T03:48:00Z,4161.7998046875,4162.89990234375,4161.7001953125,4162.89990234375,31.0,yahoo,GC=F
2026-10-08T03:49:00Z,4162.7998046875,4163.5,4162.7998046875,4163.5,27.0,yahoo,GC=F
2026-10-08T03:50:00Z,4163.60009765625,4163.7001953125,4162.60009765625,4162.7998046875,30.0,yahoo,GC=F
2026-10-08T03:51:00Z,4162.7998046875,4162.7998046875,4161.2998046875,4161.39990234375,24.0,yahoo,GC=F
2026-10-08T03:52:00Z,4161.2001953125,4161.2001953125,4160.2998046875,4160.60009765625,24.0,yahoo,GC=F
2026-10-08T03:53:00Z,4160.7001953125,4161.5,4160.7001953125,4160.89990234375,28.0,yahoo,GC=F
2026-10-08T03:54:00Z,4161.0,4161.10009765625,4160.2998046875,4160.7998046875,18.0,yahoo,GC=F
2026-10-08T03:55:00Z,4160.7001953125,4160.7001953125,4159.2001953125,4159.39990234375,38.0,yahoo,GC=F
2026-10-08T03:56:00Z,4159.39990234375,4159.7998046875,4159.0,4159.60009765625,41.0,yahoo,GC=F
2026-10-08T03:57:00Z,4159.5,4159.7998046875,4159.0,4159.7998046875,13.0,yahoo,GC=F
2026-10-08T03:58:00Z,4159.60009765625,4160.60009765625,4159.2998046875,4160.39990234375,27.0,yahoo,GC=F
2026-10-08T04:00:00Z,4159.7998046875,4161.2001953125,4159.7998046875,4160.89990234375,38.0,yahoo,GC=F
2026-10-08T04:01:00Z,4160.7001953125,4161.5,4160.60009765625,4161.39990234375,16.0,yahoo,GC=F
2026-10-08T04:02:00Z,4161.39990234375,4161.39990234375,4160.7998046875,4160.89990234375,16.0,yahoo,GC=F
2026-10-08T04:03:00Z,4161.0,4161.0,4160.5,4160.89990234375,18.0,yahoo,GC=F
2026-10-08T04:04:00Z,4161.0,4161.5,4160.7001953125,4160.7998046875,13.0,yahoo,GC=F
2026-10-08T04:05:00Z,4161.0,4161.5,4160.89990234375,4161.5,10.0,yahoo,GC=F
2026-10-08T04:06:00Z,4161.2001953125,4162.5,4161.2001953125,4162.5,19.0,yahoo,GC=F
2026-10-08T04:07:00Z,4162.39990234375,4162.60009765625,4162.10009765625,4162.5,10.0,yahoo,GC=F
2026-10-08T04:08:00Z,4162.7001953125,4163.10009765625,4162.7001953125,4162.89990234375,15.0,yahoo,GC=F
2026-10-08T04:09:00Z,4163.2001953125,4164.10009765625,4163.10009765625,4163.89990234375,52.0,yahoo,GC=F
2026-10-08T04:10:00Z,4163.89990234375,4165.7001953125,4163.5,4165.10009765625,158.0,yahoo,GC=F
2026-10-08T04:11:00Z,4165.2001953125,4165.39990234375,4163.39990234375,4163.5,69.0,yahoo,GC=F
2026-10-08T04:12:00Z,4163.5,4163.60009765625,4163.0,4163.0,33.0,yahoo,GC=F
2026-10-08T04:13:00Z,4163.0,4163.0,4162.10009765625,4162.7998046875,149.0,yahoo,GC=F
2026-10-08T04:14:00Z,4162.60009765625,4162.60009765625,4160.60009765625,4161.0,69.0,yahoo,GC=F
2026-10-08T04:15:00Z,4160.7998046875,4161.2998046875,4160.39990234375,4161.2001953125,44.0,yahoo,GC=F
2026-10-08T04:16:00Z,4161.2998046875,4162.0,4161.10009765625,4161.39990234375,34.0,yahoo,GC=F
2026-10-08T04:17:00Z,4161.39990234375,4161.39990234375,4160.2998046875,4160.60009765625,18.0,yahoo,GC=F
2026-10-08T04:18:00Z,4160.39990234375,4160.60009765625,4160.10009765625,4160.10009765625,15.0,yahoo,GC=F
2026-10-08T04:19:00Z,4160.2998046875,4160.7001953125,4160.2998046875,4160.39990234375,12.0,yahoo,GC=F
2026-10-08T04:20:00Z,4160.2998046875,4160.2998046875,4158.89990234375,4159.0,68.0,yahoo,GC=F
2026-10-08T04:21:00Z,4158.89990234375,4159.39990234375,4158.2001953125,4159.0,72.0,yahoo,GC=F
2026-10-08T04:22:00Z,4159.0,4159.2001953125,4158.39990234375,4158.39990234375,14.0,yahoo,GC=F
2026-10-08T04:23:00Z,4158.10009765625,4158.2001953125,4157.2001953125,4157.7001953125,33.0,yahoo,GC=F
2026-10-08T04:24:00Z,4157.60009765625,4158.0,4157.39990234375,4157.89990234375,31.0,yahoo,GC=F
2026-10-08T04:25:00Z,4157.89990234375,4159.5,4157.7998046875,4158.89990234375,66.0,yahoo,GC=F
2026-10-08T04:26:00Z,4158.7001953125,4159.2998046875,4158.5,4159.10009765625,9.0,yahoo,GC=F
2026-10-08T04:27:00Z,4159.10009765625,4159.39990234375,4159.0,4159.0,9.0,yahoo,GC=F
2026-10-08T04:28:00Z,4159.39990234375,4159.7998046875,4159.39990234375,4159.7998046875,11.0,yahoo,GC=F
2026-10-08T04:29:00Z,4159.2998046875,4160.0,4159.2998046875,4159.5,14.0,yahoo,GC=F
2026-10-08T04:30:00Z,4159.39990234375,4159.5,4159.0,4159.2001953125,17.0,yahoo,GC=F
2026-10-08T04:31:00Z,4159.10009765625,4159.5,4158.5,4159.0,26.0,yahoo,GC=F
2026-10-08T04:32:00Z,4159.10009765625,4159.10009765625,4158.0,4158.0,18.0,yahoo,GC=F
2026-10-08T04:33:00Z,4158.2001953125,4158.2001953125,4157.89990234375,4157.89990234375,11.0,yahoo,GC=F
2026-10-08T04:34:00Z,4157.7998046875,4157.7998046875,4156.60009765625,4156.60009765625,30.0,yahoo,GC=F
2026-10-08T04:35:00Z,4156.5,4157.2998046875,4155.89990234375,4156.10009765625,32.0,yahoo,GC=F
2026-10-08T04:36:00Z,4156.0,4156.89990234375,4155.7001953125,4156.2001953125,24.0,yahoo,GC=F
2026-10-08T04:37:00Z,4156.2001953125,4156.2998046875,4156.10009765625,4156.2001953125,16.0,yahoo,GC=F
2026-10-08T04:38:00Z,4156.2998046875,4156.60009765625,4156.0,4156.2001953125,9.0,yahoo,GC=F
2026-10-08T04:39:00Z,4156.2998046875,4156.2998046875,4155.60009765625,4155.89990234375,14.0,yahoo,GC=F
2026-10-08T04:40:00Z,4156.2998046875,4156.2998046875,4155.89990234375,4156.10009765625,9.0,yahoo,GC=F
2026-10-08T04:41:00Z,4156.2001953125,4156.2001953125,4154.7001953125,4155.60009765625,83.0,yahoo,GC=F
2026-10-08T04:42:00Z,4155.7998046875,4156.10009765625,4155.7001953125,4155.7001953125,24.0,yahoo,GC=F
2026-10-08T04:43:00Z,4155.39990234375,4155.60009765625,4155.10009765625,4155.60009765625,35.0,yahoo,GC=F
2026-10-08T04:44:00Z,4155.7001953125,4157.0,4155.7001953125,4156.39990234375,31.0,yahoo,GC=F
2026-10-08T04:45:00Z,4156.2998046875,4157.2998046875,4156.2998046875,4157.2001953125,8.0,yahoo,GC=F
2026-10-08T04:46:00Z,4157.2998046875,4158.2998046875,4157.2998046875,4157.7001953125,27.0,yahoo,GC=F
2026-10-08T04:47:00Z,4158.0,4158.2001953125,4157.7001953125,4157.89990234375,15.0,yahoo,GC=F
2026-10-08T04:48:00Z,4157.2998046875,4157.60009765625,4157.2998046875,4157.60009765625,5.0,yahoo,GC=F
2026-10-08T04:49:00Z,4157.2998046875,4158.7998046875,4157.2998046875,4158.7998046875,33.0,yahoo,GC=F
2026-10-08T04:50:00Z,4158.7001953125,4159.10009765625,4158.60009765625,4158.89990234375,41.0,yahoo,GC=F
2026-10-08T04:51:00Z,4158.89990234375,4159.2998046875,4158.7998046875,4158.89990234375,23.0,yahoo,GC=F
2026-10-08T04:52:00Z,4158.5,4158.7001953125,4157.89990234375,4158.2001953125,20.0,yahoo,GC=F
2026-10-08T04:53:00Z,4158.2001953125,4158.2998046875,4157.89990234375,4158.2998046875,9.0,yahoo,GC=F
2026-10-08T04:54:00Z,4158.2998046875,4158.2998046875,4158.2998046875,4158.2998046875,2.0,yahoo,GC=F
2026-10-08T04:55:00Z,4158.5,4159.0,4158.5,4158.60009765625,20.0,yahoo,GC=F
2026-10-08T04:56:00Z,4158.89990234375,4159.10009765625,4158.2998046875,4158.5,12.0,yahoo,GC=F
2026-10-08T04:57:00Z,4158.39990234375,4159.5,4158.2001953125,4159.5,20.0,yahoo,GC=F
2026-10-08T04:58:00Z,4159.2001953125,4159.5,4158.7001953125,4158.89990234375,13.0,yahoo,GC=F
2026-10-08T04:59:00Z,4159.10009765625,4159.10009765625,4157.60009765625,4157.7001953125,55.0,yahoo,GC=F
2026-10-08T05:00:00Z,4157.5,4157.5,4155.89990234375,4156.10009765625,86.0,yahoo,GC=F
2026-10-08T05:01:00Z,4155.89990234375,4156.7998046875,4155.39990234375,4156.39990234375,43.0,yahoo,GC=F
2026-10-08T05:02:00Z,4156.39990234375,4157.2001953125,4156.2998046875,4156.39990234375,33.0,yahoo,GC=F
2026-10-08T05:03:00Z,4156.7001953125,4157.2001953125,4156.7001953125,4157.0,15.0,yahoo,GC=F
2026-10-08T05:04:00Z,4157.5,4157.60009765625,4156.89990234375,4157.60009765625,49.0,yahoo,GC=F
2026-10-08T05:05:00Z,4157.7998046875,4159.7998046875,4157.5,4159.39990234375,47.0,yahoo,GC=F
2026-10-08T05:06:00Z,4159.39990234375,4159.89990234375,4156.89990234375,4156.89990234375,58.0,yahoo,GC=F
2026-10-08T05:07:00Z,4157.2998046875,4158.7998046875,4157.2998046875,4158.5,90.0,yahoo,GC=F
2026-10-08T05:08:00Z,4158.7001953125,4158.7001953125,4157.7001953125,4157.7001953125,27.0,yahoo,GC=F
2026-10-08T05:09:00Z,4157.5,4158.2001953125,4157.5,4158.2001953125,18.0,yahoo,GC=F
2026-10-08T05:10:00Z,4158.2001953125,4159.39990234375,4158.2001953125,4159.0,24.0,yahoo,GC=F
2026-10-08T05:11:00Z,4159.2998046875,4159.89990234375,4159.10009765625,4159.7001953125,27.0,yahoo,GC=F
2026-10-08T05:12:00Z,4159.89990234375,4159.89990234375,4158.7001953125,4158.7998046875,9.0,yahoo,GC=F
2026-10-08T05:13:00Z,4158.39990234375,4158.39990234375,4156.7001953125,4156.7001953125,18.0,yahoo,GC=F
2026-10-08T05:14:00Z,4156.5,4156.89990234375,4156.5,4156.5,11.0,yahoo,GC=F
2026-10-08T05:15:00Z,4156.7998046875,4157.0,4156.39990234375,4156.7001953125,14.0,yahoo,GC=F
2026-10-08T05:16:00Z,4156.60009765625,4157.2998046875,4156.2001953125,4156.7998046875,19.0,yahoo,GC=F
2026-10-08T05:17:00Z,4156.5,4156.7001953125,4155.5,4155.7001953125,54.0,yahoo,GC=F
2026-10-08T05:18:00Z,4155.7001953125,4155.89990234375,4154.7001953125,4155.60009765625,26.0,yahoo,GC=F
2026-10-08T05:19:00Z,4155.7998046875,4155.7998046875,4155.39990234375,4155.5,29.0,yahoo,GC=F
2026-10-08T05:20:00Z,4155.5,4156.2001953125,4155.2998046875,4155.5,40.0,yahoo,GC=F
2026-10-08T05:21:00Z,4155.39990234375,4155.5,4154.7998046875,4154.7998046875,12.0,yahoo,GC=F
2026-10-08T05:22:00Z,4154.5,4154.5,4153.89990234375,4154.10009765625,26.0,yahoo,GC=F
2026-10-08T05:23:00Z,4154.39990234375,4154.7998046875,4154.0,4154.10009765625,23.0,yahoo,GC=F
2026-10-08T05:24:00Z,4154.0,4154.0,4153.39990234375,4153.60009765625,44.0,yahoo,GC=F
2026-10-08T05:25:00Z,4153.7998046875,4153.7998046875,4152.5,4152.60009765625,70.0,yahoo,GC=F
2026-10-08T05:26:00Z,4152.7001953125,4153.0,4152.10009765625,4153.0,30.0,yahoo,GC=F
2026-10-08T05:27:00Z,4152.7998046875,4153.7001953125,4152.7998046875,4152.89990234375,23.0,yahoo,GC=F
2026-10-08T05:28:00Z,4152.7001953125,4153.0,4152.2998046875,4152.2998046875,20.0,yahoo,GC=F
2026-10-08T05:29:00Z,4152.2001953125,4152.5,4152.0,4152.2998046875,29.0,yahoo,GC=F
2026-10-08T05:30:00Z,4152.10009765625,4152.2998046875,4148.10009765625,4149.10009765625,246.0,yahoo,GC=F
2026-10-08T05:31:00Z,4149.10009765625,4152.7001953125,4149.10009765625,4151.7998046875,98.0,yahoo,GC=F
2026-10-08T05:32:00Z,4151.7001953125,4154.39990234375,4151.10009765625,4153.7001953125,168.0,yahoo,GC=F
2026-10-08T05:33:00Z,4153.7998046875,4156.7998046875,4152.2998046875,4156.10009765625,203.0,yahoo,GC=F
2026-10-08T05:34:00Z,4156.0,4156.0,4154.10009765625,4154.60009765625,68.0,yahoo,GC=F
2026-10-08T05:35:00Z,4154.7001953125,4157.2001953125,4154.7001953125,4157.2001953125,65.0,yahoo,GC=F
2026-10-08T05:36:00Z,4157.39990234375,4158.2001953125,4153.60009765625,4156.0,259.0,yahoo,GC=F
2026-10-08T05:37:00Z,4155.7998046875,4155.7998046875,4152.7998046875,4152.7998046875,136.0,yahoo,GC=F
2026-10-08T05:38:00Z,4152.89990234375,4153.60009765625,4151.89990234375,4152.89990234375,110.0,yahoo,GC=F
2026-10-08T05:39:00Z,4153.0,4153.7001953125,4152.10009765625,4153.2998046875,82.0,yahoo,GC=F
2026-10-08T05:40:00Z,4153.2998046875,4153.7001953125,4152.60009765625,4152.7001953125,92.0,yahoo,GC=F
2026-10-08T05:41:00Z,4152.7001953125,4154.60009765625,4152.7001953125,4154.0,127.0,yahoo,GC=F
2026-10-08T05:42:00Z,4153.60009765625,4155.60009765625,4152.2001953125,4155.2998046875,146.0,yahoo,GC=F
2026-10-08T05:43:00Z,4155.0,4155.7001953125,4152.60009765625,4152.60009765625,51.0,yahoo,GC=F
2026-10-08T05:44:00Z,4152.39990234375,4152.39990234375,4150.0,4150.2998046875,75.0,yahoo,GC=F
2026-10-08T05:45:00Z,4150.0,4151.0,4149.7001953125,4149.7001953125,76.0,yahoo,GC=F
2026-10-08T05:46:00Z,4149.39990234375,4149.39990234375,4147.2001953125,4148.10009765625,158.0,yahoo,GC=F
2026-10-08T05:47:00Z,4148.2001953125,4148.89990234375,4147.7998046875,4148.89990234375,112.0,yahoo,GC=F
2026-10-08T05:48:00Z,4149.0,4149.7998046875,4148.5,4149.39990234375,70.0,yahoo,GC=F
2026-10-08T05:49:00Z,4149.5,4150.89990234375,4149.2001953125,4149.7998046875,51.0,yahoo,GC=F
2026-10-08T05:50:00Z,4149.5,4150.2001953125,4147.0,4147.5,74.0,yahoo,GC=F
2026-10-08T05:51:00Z,4147.7998046875,4148.2001953125,4144.7998046875,4145.2998046875,204.0,yahoo,GC=F
2026-10-08T05:52:00Z,4145.10009765625,4145.2001953125,4143.2998046875,4144.60009765625,231.0,yahoo,GC=F
2026-10-08T05:53:00Z,4144.39990234375,4144.7001953125,4141.7001953125,4141.7001953125,213.0,yahoo,GC=F
2026-10-08T05:54:00Z,4141.60009765625,4142.2001953125,4141.0,4141.89990234375,138.0,yahoo,GC=F
2026-10-08T05:55:00Z,4141.60009765625,4143.10009765625,4141.0,4141.5,155.0,yahoo,GC=F
2026-10-08T05:56:00Z,4141.5,4142.2998046875,4140.2001953125,4141.89990234375,205.0,yahoo,GC=F
2026-10-08T05:57:00Z,4141.60009765625,4142.89990234375,4141.39990234375,4142.7001953125,87.0,yahoo,GC=F
2026-10-08T05:58:00Z,4142.60009765625,4142.60009765625,4141.7001953125,4141.89990234375,68.0,yahoo,GC=F
2026-10-08T05:59:00Z,4142.2001953125,4143.2998046875,4141.60009765625,4141.7998046875,128.0,yahoo,GC=F
2026-10-08T06:00:00Z,4141.89990234375,4145.60009765625,4141.7001953125,4143.7001953125,203.0,yahoo,GC=F
2026-10-08T06:01:00Z,4143.7001953125,4144.2998046875,4142.2998046875,4143.5,96.0,yahoo,GC=F
2026-10-08T06:02:00Z,4143.60009765625,4144.39990234375,4142.10009765625,4143.10009765625,57.0,yahoo,GC=F
2026-10-08T06:03:00Z,4143.39990234375,4143.89990234375,4142.89990234375,4143.39990234375,63.0,yahoo,GC=F
2026-10-08T06:04:00Z,4143.2998046875,4144.2998046875,4143.2001953125,4143.2001953125,61.0,yahoo,GC=F
2026-10-08T06:05:00Z,4143.5,4143.5,4142.5,4143.2001953125,52.0,yahoo,GC=F
2026-10-08T06:06:00Z,4143.2998046875,4144.7001953125,4142.60009765625,4143.0,86.0,yahoo,GC=F
2026-10-08T06:07:00Z,4143.10009765625,4144.5,4142.7001953125,4144.2001953125,137.0,yahoo,GC=F
2026-10-08T06:08:00Z,4144.2998046875,4144.89990234375,4143.7998046875,4144.7998046875,100.0,yahoo,GC=F
2026-10-08T06:09:00Z,4145.0,4145.2001953125,4143.89990234375,4144.7998046875,84.0,yahoo,GC=F
2026-10-08T06:10:00Z,4145.10009765625,4145.60009765625,4143.2001953125,4144.5,123.0,yahoo,GC=F
2026-10-08T06:11:00Z,4144.39990234375,4145.0,4143.2998046875,4143.60009765625,45.0,yahoo,GC=F
2026-10-08T06:12:00Z,4143.89990234375,4144.2998046875,4143.60009765625,4144.2998046875,36.0,yahoo,GC=F
2026-10-08T06:13:00Z,4144.0,4145.0,4143.5,4144.7998046875,53.0,yahoo,GC=F
2026-10-08T06:14:00Z,4144.7998046875,4146.10009765625,4144.39990234375,4145.39990234375,49.0,yahoo,GC=F
2026-10-08T06:15:00Z,4145.2998046875,4145.5,4144.2001953125,4144.7998046875,101.0,yahoo,GC=F
2026-10-08T06:16:00Z,4144.39990234375,4145.0,4143.2998046875,4144.0,95.0,yahoo,GC=F
2026-10-08T06:17:00Z,4144.2998046875,4145.60009765625,4144.2001953125,4144.7001953125,119.0,yahoo,GC=F
2026-10-08T06:18:00Z,4144.7001953125,4145.0,4143.5,4143.7998046875,63.0,yahoo,GC=F
2026-10-08T06:19:00Z,4143.89990234375,4143.89990234375,4141.7001953125,4143.2998046875,183.0,yahoo,GC=F
2026-10-08T06:20:00Z,4142.60009765625,4142.7998046875,4140.7001953125,4141.5,66.0,yahoo,GC=F
2026-10-08T06:21:00Z,4141.2001953125,4141.7001953125,4140.39990234375,4141.2001953125,57.0,yahoo,GC=F
2026-10-08T06:22:00Z,4141.2998046875,4142.2998046875,4141.0,4141.7998046875,112.0,yahoo,GC=F
2026-10-08T06:23:00Z,4141.7998046875,4142.39990234375,4140.2001953125,4141.2998046875,113.0,yahoo,GC=F
2026-10-08T06:24:00Z,4141.2998046875,4141.89990234375,4140.2001953125,4141.0,73.0,yahoo,GC=F
2026-10-08T06:25:00Z,4140.89990234375,4141.89990234375,4140.2001953125,4140.60009765625,49.0,yahoo,GC=F
2026-10-08T06:26:00Z,4140.60009765625,4140.60009765625,4138.2998046875,4138.89990234375,202.0,yahoo,GC=F
2026-10-08T06:27:00Z,4139.0,4140.7998046875,4138.89990234375,4140.2001953125,79.0,yahoo,GC=F
2026-10-08T06:28:00Z,4140.10009765625,4140.39990234375,4139.0,4140.2998046875,66.0,yahoo,GC=F
2026-10-08T06:29:00Z,4139.7998046875,4140.89990234375,4139.5,4139.7998046875,52.0,yahoo,GC=F
2026-10-08T06:30:00Z,4140.0,4141.60009765625,4139.60009765625,4140.7998046875,113.0,yahoo,GC=F
2026-10-08T06:31:00Z,4140.60009765625,4140.60009765625,4139.39990234375,4140.2001953125,98.0,yahoo,GC=F
2026-10-08T06:32:00Z,4140.39990234375,4141.10009765625,4139.7001953125,4140.2001953125,65.0,yahoo,GC=F
2026-10-08T06:33:00Z,4140.39990234375,4141.0,4139.0,4139.2001953125,43.0,yahoo,GC=F
2026-10-08T06:34:00Z,4138.89990234375,4139.2998046875,4138.2998046875,4138.7998046875,83.0,yahoo,GC=F
2026-10-08T06:35:00Z,4139.0,4140.0,4138.7998046875,4139.7998046875,62.0,yahoo,GC=F
2026-10-08T06:36:00Z,4139.7001953125,4139.7001953125,4138.2001953125,4138.39990234375,57.0,yahoo,GC=F
2026-10-08T06:37:00Z,4138.60009765625,4139.89990234375,4138.10009765625,4139.7998046875,107.0,yahoo,GC=F
2026-10-08T06:38:00Z,4139.60009765625,4141.5,4139.39990234375,4140.39990234375,93.0,yahoo,GC=F
2026-10-08T06:39:00Z,4140.60009765625,4141.7001953125,4140.39990234375,4141.60009765625,56.0,yahoo,GC=F
2026-10-08T06:40:00Z,4141.7998046875,4143.7001953125,4141.7998046875,4143.2001953125,132.0,yahoo,GC=F
2026-10-08T06:41:00Z,4143.2001953125,4145.60009765625,4142.7998046875,4145.5,102.0,yahoo,GC=F
2026-10-08T06:42:00Z,4145.5,4146.60009765625,4144.2998046875,4146.2998046875,189.0,yahoo,GC=F
2026-10-08T06:43:00Z,4146.2001953125,4147.2001953125,4146.2001953125,4147.0,110.0,yahoo,GC=F
2026-10-08T06:44:00Z,4146.7998046875,4148.89990234375,4146.7998046875,4148.89990234375,118.0,yahoo,GC=F
2026-10-08T06:45:00Z,4149.0,4150.2998046875,4148.7998046875,4150.10009765625,161.0,yahoo,GC=F
2026-10-08T06:46:00Z,4150.0,4150.2998046875,4148.0,4148.2001953125,126.0,yahoo,GC=F
2026-10-08T06:47:00Z,4148.60009765625,4148.7998046875,4146.10009765625,4147.5,181.0,yahoo,GC=F
2026-10-08T06:48:00Z,4147.2001953125,4148.7998046875,4146.89990234375,4148.5,83.0,yahoo,GC=F
2026-10-08T06:49:00Z,4148.60009765625,4149.10009765625,4148.5,4148.7998046875,32.0,yahoo,GC=F
2026-10-08T06:50:00Z,4148.7998046875,4149.89990234375,4148.60009765625,4149.89990234375,67.0,yahoo,GC=F
2026-10-08T06:51:00Z,4150.0,4150.5,4148.7001953125,4148.7998046875,94.0,yahoo,GC=F
2026-10-08T06:52:00Z,4148.7001953125,4148.7001953125,4147.60009765625,4148.10009765625,57.0,yahoo,GC=F
2026-10-08T06:53:00Z,4148.2998046875,4149.60009765625,4148.2998046875,4149.5,56.0,yahoo,GC=F
2026-10-08T06:54:00Z,4149.39990234375,4149.5,4148.10009765625,4148.2998046875,53.0,yahoo,GC=F
2026-10-08T06:55:00Z,4148.2001953125,4148.60009765625,4146.89990234375,4147.0,83.0,yahoo,GC=F
2026-10-08T06:56:00Z,4146.7998046875,4147.39990234375,4146.7001953125,4147.39990234375,15.0,yahoo,GC=F
2026-10-08T06:57:00Z,4147.39990234375,4148.39990234375,4147.0,4147.0,39.0,yahoo,GC=F
2026-10-08T06:58:00Z,4147.0,4147.5,4146.89990234375,4147.0,37.0,yahoo,GC=F
2026-10-08T06:59:00Z,4146.7998046875,4147.0,4145.5,4145.5,71.0,yahoo,GC=F
2026-10-08T07:00:00Z,4145.7001953125,4145.89990234375,4143.60009765625,4144.2998046875,202.0,yahoo,GC=F
2026-10-08T07:01:00Z,4144.2998046875,4144.2998046875,4142.7001953125,4143.39990234375,95.0,yahoo,GC=F
2026-10-08T07:02:00Z,4143.39990234375,4144.89990234375,4143.2998046875,4143.89990234375,61.0,yahoo,GC=F
2026-10-08T07:03:00Z,4144.2001953125,4145.60009765625,4143.2998046875,4143.7001953125,153.0,yahoo,GC=F
2026-10-08T07:04:00Z,4143.7001953125,4144.7001953125,4143.60009765625,4144.39990234375,34.0,yahoo,GC=F
2026-10-08T07:05:00Z,4144.39990234375,4145.89990234375,4144.39990234375,4144.89990234375,46.0,yahoo,GC=F
2026-10-08T07:06:00Z,4144.60009765625,4145.7998046875,4143.60009765625,4145.7998046875,38.0,yahoo,GC=F
2026-10-08T07:07:00Z,4145.7998046875,4148.2001953125,4145.7998046875,4147.2001953125,150.0,yahoo,GC=F
2026-10-08T07:08:00Z,4147.2001953125,4147.60009765625,4146.39990234375,4146.5,64.0,yahoo,GC=F
2026-10-08T07:09:00Z,4146.7998046875,4148.60009765625,4146.7998046875,4148.39990234375,90.0,yahoo,GC=F
2026-10-08T07:10:00Z,4148.2998046875,4150.2998046875,4148.2001953125,4149.60009765625,121.0,yahoo,GC=F
2026-10-08T07:11:00Z,4149.60009765625,4149.7001953125,4147.5,4148.2998046875,68.0,yahoo,GC=F
2026-10-08T07:12:00Z,4148.2001953125,4149.2001953125,4148.0,4148.60009765625,73.0,yahoo,GC=F
2026-10-08T07:13:00Z,4148.2998046875,4150.5,4148.2998046875,4149.7998046875,87.0,yahoo,GC=F
2026-10-08T07:14:00Z,4149.60009765625,4150.5,4148.7001953125,4148.7001953125,94.0,yahoo,GC=F
2026-10-08T07:15:00Z,4148.7998046875,4149.5,4147.2001953125,4148.0,73.0,yahoo,GC=F
2026-10-08T07:16:00Z,4148.10009765625,4150.89990234375,4147.89990234375,4150.7001953125,52.0,yahoo,GC=F
2026-10-08T07:17:00Z,4150.7001953125,4150.89990234375,4149.7001953125,4150.2001953125,55.0,yahoo,GC=F
2026-10-08T07:18:00Z,4149.89990234375,4150.2001953125,4149.39990234375,4149.7998046875,34.0,yahoo,GC=F
2026-10-08T07:19:00Z,4149.7998046875,4150.5,4149.10009765625,4150.5,79.0,yahoo,GC=F
2026-10-08T07:20:00Z,4150.2998046875,4151.7998046875,4149.60009765625,4151.7001953125,115.0,yahoo,GC=F
2026-10-08T07:21:00Z,4151.60009765625,4152.89990234375,4151.5,4151.89990234375,106.0,yahoo,GC=F
2026-10-08T07:22:00Z,4151.89990234375,4154.2998046875,4151.7998046875,4152.7998046875,156.0,yahoo,GC=F
2026-10-08T07:23:00Z,4153.2001953125,4153.89990234375,4152.60009765625,4153.7001953125,113.0,yahoo,GC=F
2026-10-08T07:24:00Z,4153.7001953125,4153.7001953125,4152.60009765625,4152.60009765625,89.0,yahoo,GC=F
2026-10-08T07:25:00Z,4152.5,4152.60009765625,4150.89990234375,4151.5,93.0,yahoo,GC=F
2026-10-08T07:26:00Z,4151.60009765625,4151.7998046875,4149.7001953125,4150.60009765625,85.0,yahoo,GC=F
2026-10-08T07:27:00Z,4150.5,4151.0,4149.2001953125,4149.2998046875,114.0,yahoo,GC=F
2026-10-08T07:28:00Z,4149.39990234375,4150.10009765625,4149.10009765625,4149.2998046875,33.0,yahoo,GC=F
2026-10-08T07:29:00Z,4149.2001953125,4149.60009765625,4148.89990234375,4149.2001953125,131.0,yahoo,GC=F
2026-10-08T07:30:00Z,4149.2998046875,4149.5,4148.5,4149.0,40.0,yahoo,GC=F
2026-10-08T07:31:00Z,4149.10009765625,4149.2998046875,4148.2001953125,4148.5,41.0,yahoo,GC=F
2026-10-08T07:32:00Z,4148.2001953125,4148.2001953125,4145.7998046875,4145.89990234375,122.0,yahoo,GC=F
2026-10-08T07:33:00Z,4145.89990234375,4146.2998046875,4144.2998046875,4144.2998046875,78.0,yahoo,GC=F
2026-10-08T07:34:00Z,4144.39990234375,4145.5,4143.0,4144.10009765625,156.0,yahoo,GC=F
2026-10-08T07:35:00Z,4143.89990234375,4146.10009765625,4143.2001953125,4145.60009765625,69.0,yahoo,GC=F
2026-10-08T07:36:00Z,4145.60009765625,4146.2001953125,4143.5,4145.39990234375,141.0,yahoo,GC=F
2026-10-08T07:37:00Z,4145.89990234375,4147.0,4145.39990234375,4146.89990234375,37.0,yahoo,GC=F
2026-10-08T07:38:00Z,4146.89990234375,4147.0,4146.10009765625,4146.2001953125,65.0,yahoo,GC=F
2026-10-08T07:39:00Z,4145.2001953125,4145.2001953125,4144.5,4144.60009765625,24.0,yahoo,GC=F
2026-10-08T07:40:00Z,4144.5,4145.39990234375,4144.2001953125,4145.39990234375,18.0,yahoo,GC=F
2026-10-08T07:41:00Z,4145.2998046875,4145.7001953125,4144.89990234375,4145.39990234375,24.0,yahoo,GC=F
2026-10-08T07:42:00Z,4145.60009765625,4146.39990234375,4144.39990234375,4144.60009765625,28.0,yahoo,GC=F
2026-10-08T07:43:00Z,4144.60009765625,4144.60009765625,4143.2998046875,4143.2998046875,47.0,yahoo,GC=F
2026-10-08T07:44:00Z,4143.0,4143.60009765625,4142.7001953125,4143.2001953125,30.0,yahoo,GC=F
2026-10-08T07:45:00Z,4143.10009765625,4143.5,4142.39990234375,4142.7001953125,107.0,yahoo,GC=F
2026-10-08T07:46:00Z,4142.60009765625,4143.5,4142.60009765625,4143.5,33.0,yahoo,GC=F
2026-10-08T07:47:00Z,4143.39990234375,4144.39990234375,4143.2001953125,4143.2001953125,25.0,yahoo,GC=F
2026-10-08T07:48:00Z,4142.60009765625,4143.60009765625,4142.10009765625,4142.7998046875,37.0,yahoo,GC=F
2026-10-08T07:49:00Z,4143.0,4143.7001953125,4143.0,4143.60009765625,49.0,yahoo,GC=F
2026-10-08T07:50:00Z,4143.60009765625,4144.39990234375,4143.60009765625,4144.0,51.0,yahoo,GC=F
2026-10-08T07:51:00Z,4144.0,4145.10009765625,4143.89990234375,4145.0,42.0,yahoo,GC=F
2026-10-08T07:52:00Z,4145.0,4145.7998046875,4144.60009765625,4145.0,44.0,yahoo,GC=F
2026-10-08T07:53:00Z,4144.89990234375,4145.5,4144.60009765625,4145.2998046875,24.0,yahoo,GC=F
2026-10-08T07:54:00Z,4145.2998046875,4145.7001953125,4143.89990234375,4144.60009765625,53.0,yahoo,GC=F
2026-10-08T07:55:00Z,4144.60009765625,4145.2001953125,4143.7998046875,4143.89990234375,49.0,yahoo,GC=F
2026-10-08T07:56:00Z,4144.0,4144.39990234375,4142.89990234375,4143.39990234375,33.0,yahoo,GC=F
2026-10-08T07:57:00Z,4143.5,4143.7998046875,4143.10009765625,4143.2001953125,29.0,yahoo,GC=F
2026-10-08T07:58:00Z,4143.2001953125,4143.60009765625,4142.7001953125,4143.10009765625,52.0,yahoo,GC=F
2026-10-08T07:59:00Z,4143.0,4144.39990234375,4142.7998046875,4144.10009765625,65.0,yahoo,GC=F
2026-10-08T08:00:00Z,4144.39990234375,4144.39990234375,4142.5,4143.2998046875,85.0,yahoo,GC=F
2026-10-08T08:01:00Z,4143.2998046875,4145.2998046875,4142.7998046875,4145.2998046875,109.0,yahoo,GC=F
2026-10-08T08:02:00Z,4145.10009765625,4146.39990234375,4144.7998046875,4146.10009765625,65.0,yahoo,GC=F
2026-10-08T08:03:00Z,4146.10009765625,4148.10009765625,4145.89990234375,4147.39990234375,135.0,yahoo,GC=F
2026-10-08T08:04:00Z,4147.60009765625,4151.0,4147.60009765625,4151.0,118.0,yahoo,GC=F
2026-10-08T08:05:00Z,4151.2998046875,4153.0,4151.0,4152.7001953125,113.0,yahoo,GC=F
2026-10-08T08:06:00Z,4152.2001953125,4153.2998046875,4150.2998046875,4151.10009765625,140.0,yahoo,GC=F
2026-10-08T08:07:00Z,4150.7998046875,4152.10009765625,4150.2001953125,4151.7001953125,54.0,yahoo,GC=F
2026-10-08T08:08:00Z,4151.7998046875,4152.10009765625,4150.7998046875,4151.0,43.0,yahoo,GC=F
2026-10-08T08:09:00Z,4150.89990234375,4151.7998046875,4150.89990234375,4151.39990234375,21.0,yahoo,GC=F
2026-10-08T08:10:00Z,4151.5,4151.60009765625,4150.2998046875,4150.89990234375,25.0,yahoo,GC=F
2026-10-08T08:11:00Z,4150.7001953125,4150.7001953125,4149.0,4150.39990234375,62.0,yahoo,GC=F
2026-10-08T08:12:00Z,4150.60009765625,4152.5,4150.60009765625,4152.39990234375,57.0,yahoo,GC=F
2026-10-08T08:13:00Z,4152.2998046875,4153.2998046875,4151.10009765625,4151.10009765625,73.0,yahoo,GC=F
2026-10-08T08:14:00Z,4151.2001953125,4153.2001953125,4151.2001953125,4152.89990234375,81.0,yahoo,GC=F
2026-10-08T08:15:00Z,4153.2001953125,4153.60009765625,4152.7998046875,4153.0,41.0,yahoo,GC=F
2026-10-08T08:16:00Z,4153.10009765625,4154.0,4153.10009765625,4154.0,36.0,yahoo,GC=F
2026-10-08T08:17:00Z,4153.7998046875,4154.89990234375,4153.0,4153.10009765625,143.0,yahoo,GC=F
2026-10-08T08:18:00Z,4153.10009765625,4153.89990234375,4152.39990234375,4152.89990234375,53.0,yahoo,GC=F
2026-10-08T08:19:00Z,4153.2998046875,4154.2998046875,4153.2998046875,4153.7001953125,27.0,yahoo,GC=F
2026-10-08T08:20:00Z,4153.2998046875,4153.7998046875,4152.7998046875,4153.2001953125,30.0,yahoo,GC=F
2026-10-08T08:21:00Z,4153.0,4153.0,4151.60009765625,4151.7998046875,55.0,yahoo,GC=F
2026-10-08T08:22:00Z,4151.89990234375,4153.89990234375,4151.60009765625,4152.39990234375,192.0,yahoo,GC=F
2026-10-08T08:23:00Z,4152.60009765625,4154.60009765625,4151.7001953125,4154.5,96.0,yahoo,GC=F
2026-10-08T08:24:00Z,4154.5,4154.60009765625,4153.7001953125,4153.7001953125,92.0,yahoo,GC=F
2026-10-08T08:25:00Z,4153.39990234375,4157.7001953125,4153.39990234375,4156.39990234375,276.0,yahoo,GC=F
2026-10-08T08:26:00Z,4156.0,4156.2001953125,4153.0,4154.10009765625,200.0,yahoo,GC=F
2026-10-08T08:27:00Z,4154.5,4154.89990234375,4153.60009765625,4154.7001953125,111.0,yahoo,GC=F
2026-10-08T08:28:00Z,4154.5,4154.5,4153.0,4153.10009765625,83.0,yahoo,GC=F
2026-10-08T08:29:00Z,4153.10009765625,4153.2001953125,4152.10009765625,4152.39990234375,159.0,yahoo,GC=F
2026-10-08T08:30:00Z,4152.2001953125,4156.7001953125,4151.10009765625,4151.10009765625,634.0,yahoo,GC=F
2026-10-08T08:31:00Z,4151.7001953125,4155.5,4151.5,4152.7998046875,132.0,yahoo,GC=F
2026-10-08T08:32:00Z,4152.5,4152.89990234375,4149.7998046875,4150.39990234375,158.0,yahoo,GC=F
2026-10-08T08:33:00Z,4150.7001953125,4151.5,4150.5,4150.89990234375,48.0,yahoo,GC=F
2026-10-08T08:34:00Z,4151.10009765625,4151.39990234375,4150.2998046875,4151.10009765625,44.0,yahoo,GC=F
2026-10-08T08:35:00Z,4150.60009765625,4152.39990234375,4150.10009765625,4151.7001953125,65.0,yahoo,GC=F
2026-10-08T08:36:00Z,4151.5,4151.5,4150.5,4151.10009765625,27.0,yahoo,GC=F
2026-10-08T08:37:00Z,4151.10009765625,4151.10009765625,4149.7998046875,4150.10009765625,45.0,yahoo,GC=F
2026-10-08T08:38:00Z,4150.39990234375,4150.60009765625,4150.0,4150.2998046875,36.0,yahoo,GC=F
2026-10-08T08:39:00Z,4150.10009765625,4150.10009765625,4147.7001953125,4148.0,136.0,yahoo,GC=F
2026-10-08T08:40:00Z,4147.89990234375,4148.0,4147.0,4147.0,72.0,yahoo,GC=F
2026-10-08T08:41:00Z,4146.89990234375,4147.7998046875,4145.7001953125,4147.7998046875,191.0,yahoo,GC=F
2026-10-08T08:42:00Z,4147.89990234375,4148.2998046875,4147.10009765625,4147.89990234375,103.0,yahoo,GC=F
2026-10-08T08:43:00Z,4147.7001953125,4149.2998046875,4147.60009765625,4147.89990234375,111.0,yahoo,GC=F
2026-10-08T08:44:00Z,4147.89990234375,4149.0,4147.7001953125,4148.7001953125,399.0,yahoo,GC=F
2026-10-08T08:45:00Z,4148.89990234375,4149.89990234375,4147.89990234375,4149.2998046875,189.0,yahoo,GC=F
2026-10-08T08:46:00Z,4149.39990234375,4151.2001953125,4149.39990234375,4151.10009765625,119.0,yahoo,GC=F
2026-10-08T08:47:00Z,4151.2001953125,4152.7001953125,4150.2998046875,4151.10009765625,361.0,yahoo,GC=F
2026-10-08T08:48:00Z,4151.2001953125,4151.2998046875,4148.7998046875,4149.10009765625,45.0,yahoo,GC=F
2026-10-08T08:49:00Z,4149.39990234375,4150.7001953125,4149.39990234375,4150.7001953125,31.0,yahoo,GC=F
2026-10-08T08:50:00Z,4150.89990234375,4151.7001953125,4150.7001953125,4151.39990234375,36.0,yahoo,GC=F
2026-10-08T08:51:00Z,4151.5,4152.2001953125,4151.2998046875,4152.0,30.0,yahoo,GC=F
2026-10-08T08:52:00Z,4151.5,4151.5,4150.5,4150.7001953125,57.0,yahoo,GC=F
2026-10-08T08:53:00Z,4150.39990234375,4151.10009765625,4150.0,4151.0,36.0,yahoo,GC=F
2026-10-08T08:54:00Z,4151.0,4151.2998046875,4150.60009765625,4151.2001953125,44.0,yahoo,GC=F
2026-10-08T08:55:00Z,4151.0,4152.39990234375,4150.89990234375,4151.5,49.0,yahoo,GC=F
2026-10-08T08:56:00Z,4152.2001953125,4152.5,4152.0,4152.5,59.0,yahoo,GC=F
2026-10-08T08:57:00Z,4152.7001953125,4152.7001953125,4151.7001953125,4151.7001953125,26.0,yahoo,GC=F
2026-10-08T08:58:00Z,4151.7998046875,4151.7998046875,4150.5,4151.0,54.0,yahoo,GC=F
2026-10-08T08:59:00Z,4151.10009765625,4151.39990234375,4150.89990234375,4150.89990234375,9.0,yahoo,GC=F
2026-10-08T09:00:00Z,4151.10009765625,4154.39990234375,4150.2998046875,4153.39990234375,244.0,yahoo,GC=F
2026-10-08T09:01:00Z,4153.10009765625,4154.5,4152.0,4153.2998046875,334.0,yahoo,GC=F
2026-10-08T09:02:00Z,4153.39990234375,4155.2001953125,4152.60009765625,4155.0,161.0,yahoo,GC=F
2026-10-08T09:03:00Z,4155.0,4155.0,4153.7998046875,4154.2001953125,28.0,yahoo,GC=F
2026-10-08T09:04:00Z,4153.5,4155.10009765625,4153.5,4155.0,34.0,yahoo,GC=F
2026-10-08T09:05:00Z,4155.2998046875,4155.2998046875,4152.2998046875,4152.2998046875,183.0,yahoo,GC=F
2026-10-08T09:06:00Z,4152.2001953125,4152.89990234375,4151.2998046875,4151.89990234375,44.0,yahoo,GC=F
2026-10-08T09:07:00Z,4152.0,4153.2001953125,4151.7998046875,4153.2001953125,38.0,yahoo,GC=F
2026-10-08T09:08:00Z,4153.0,4153.0,4152.10009765625,4152.10009765625,39.0,yahoo,GC=F
2026-10-08T09:09:00Z,4152.2998046875,4152.89990234375,4152.2998046875,4152.60009765625,18.0,yahoo,GC=F
2026-10-08T09:10:00Z,4152.60009765625,4152.60009765625,4151.2001953125,4151.2998046875,23.0,yahoo,GC=F
2026-10-08T09:11:00Z,4151.39990234375,4152.2001953125,4151.0,4151.2001953125,33.0,yahoo,GC=F
2026-10-08T09:12:00Z,4151.10009765625,4151.60009765625,4150.5,4150.60009765625,22.0,yahoo,GC=F
2026-10-08T09:13:00Z,4150.39990234375,4151.7001953125,4149.60009765625,4151.2998046875,144.0,yahoo,GC=F
2026-10-08T09:14:00Z,4151.10009765625,4151.10009765625,4149.10009765625,4149.89990234375,65.0,yahoo,GC=F
2026-10-08T09:15:00Z,4149.89990234375,4149.89990234375,4147.5,4147.7998046875,100.0,yahoo,GC=F
2026-10-08T09:16:00Z,4148.10009765625,4148.2998046875,4146.7998046875,4147.60009765625,85.0,yahoo,GC=F
2026-10-08T09:17:00Z,4147.5,4149.39990234375,4147.0,4149.0,178.0,yahoo,GC=F
2026-10-08T09:18:00Z,4149.2001953125,4149.39990234375,4148.7001953125,4149.2998046875,29.0,yahoo,GC=F
2026-10-08T09:19:00Z,4149.39990234375,4149.5,4148.7998046875,4148.89990234375,20.0,yahoo,GC=F
2026-10-08T09:20:00Z,4148.89990234375,4148.89990234375,4147.2998046875,4148.39990234375,59.0,yahoo,GC=F
2026-10-08T09:21:00Z,4148.2001953125,4148.5,4147.60009765625,4147.89990234375,29.0,yahoo,GC=F
2026-10-08T09:22:00Z,4147.89990234375,4148.7001953125,4146.7001953125,4148.10009765625,90.0,yahoo,GC=F
2026-10-08T09:23:00Z,4148.0,4149.5,4148.0,4148.2001953125,29.0,yahoo,GC=F
2026-10-08T09:24:00Z,4148.39990234375,4148.39990234375,4147.2001953125,4147.39990234375,68.0,yahoo,GC=F
2026-10-08T09:25:00Z,4147.2998046875,4147.7998046875,4147.2998046875,4147.5,25.0,yahoo,GC=F
2026-10-08T09:26:00Z,4147.2998046875,4148.39990234375,4147.2998046875,4148.2001953125,14.0,yahoo,GC=F
2026-10-08T09:27:00Z,4148.89990234375,4148.89990234375,4148.2001953125,4148.89990234375,6.0,yahoo,GC=F
2026-10-08T09:28:00Z,4148.7998046875,4149.7998046875,4147.60009765625,4148.7001953125,93.0,yahoo,GC=F
2026-10-08T09:29:00Z,4148.60009765625,4149.89990234375,4147.7001953125,4148.89990234375,106.0,yahoo,GC=F
2026-10-08T09:30:00Z,4148.7998046875,4149.7998046875,4146.2001953125,4147.10009765625,256.0,yahoo,GC=F
2026-10-08T09:31:00Z,4147.0,4147.7998046875,4146.2998046875,4147.39990234375,200.0,yahoo,GC=F
2026-10-08T09:32:00Z,4147.60009765625,4148.7001953125,4146.60009765625,4147.2998046875,317.0,yahoo,GC=F
2026-10-08T09:33:00Z,4147.7001953125,4148.0,4145.89990234375,4146.7998046875,96.0,yahoo,GC=F
2026-10-08T09:34:00Z,4146.89990234375,4147.5,4144.89990234375,4146.2998046875,333.0,yahoo,GC=F
2026-10-08T09:35:00Z,4146.7001953125,4148.7001953125,4146.7001953125,4148.10009765625,67.0,yahoo,GC=F
2026-10-08T09:36:00Z,4148.0,4148.0,4147.2998046875,4147.7001953125,50.0,yahoo,GC=F
2026-10-08T09:37:00Z,4147.2001953125,4147.7998046875,4147.0,4147.2001953125,26.0,yahoo,GC=F
2026-10-08T09:38:00Z,4147.5,4148.0,4146.0,4147.39990234375,205.0,yahoo,GC=F
2026-10-08T09:39:00Z,4147.5,4147.7998046875,4146.5,4146.5,74.0,yahoo,GC=F
2026-10-08T09:40:00Z,4146.39990234375,4147.10009765625,4145.89990234375,4146.2998046875,60.0,yahoo,GC=F
2026-10-08T09:41:00Z,4146.39990234375,4146.7001953125,4145.2998046875,4145.39990234375,45.0,yahoo,GC=F
2026-10-08T09:42:00Z,4145.2001953125,4146.39990234375,4144.7001953125,4145.5,98.0,yahoo,GC=F
2026-10-08T09:43:00Z,4145.5,4145.5,4144.2001953125,4144.2001953125,86.0,yahoo,GC=F
2026-10-08T09:44:00Z,4144.2998046875,4144.7998046875,4144.0,4144.5,64.0,yahoo,GC=F
2026-10-08T09:45:00Z,4144.60009765625,4145.5,4144.39990234375,4145.39990234375,71.0,yahoo,GC=F
2026-10-08T09:46:00Z,4145.5,4146.0,4145.10009765625,4145.7001953125,48.0,yahoo,GC=F
2026-10-08T09:47:00Z,4145.2001953125,4145.89990234375,4144.7998046875,4145.2998046875,25.0,yahoo,GC=F
2026-10-08T09:48:00Z,4145.2001953125,4146.0,4145.2001953125,4145.7998046875,20.0,yahoo,GC=F
2026-10-08T09:49:00Z,4146.0,4146.2998046875,4145.5,4146.2001953125,23.0,yahoo,GC=F
2026-10-08T09:50:00Z,4146.2998046875,4146.5,4145.39990234375,4145.39990234375,84.0,yahoo,GC=F
2026-10-08T09:51:00Z,4145.2998046875,4147.2001953125,4144.2001953125,4147.10009765625,165.0,yahoo,GC=F
2026-10-08T09:52:00Z,4146.89990234375,4146.89990234375,4145.5,4146.10009765625,102.0,yahoo,GC=F
2026-10-08T09:53:00Z,4146.2998046875,4147.2001953125,4146.2998046875,4146.5,115.0,yahoo,GC=F
2026-10-08T09:54:00Z,4146.5,4147.0,4146.2998046875,4146.5,121.0,yahoo,GC=F
2026-10-08T09:55:00Z,4147.0,4147.60009765625,4146.2998046875,4147.10009765625,106.0,yahoo,GC=F
2026-10-08T09:56:00Z,4147.2001953125,4148.2001953125,4146.89990234375,4147.2998046875,128.0,yahoo,GC=F
2026-10-08T09:57:00Z,4146.89990234375,4147.7001953125,4146.60009765625,4147.7001953125,48.0,yahoo,GC=F
2026-10-08T09:58:00Z,4147.7001953125,4147.7998046875,4147.2998046875,4147.7998046875,23.0,yahoo,GC=F
2026-10-08T09:59:00Z,4147.89990234375,4148.0,4147.0,4147.7998046875,48.0,yahoo,GC=F
2026-10-08T10:00:00Z,4148.0,4148.60009765625,4146.2001953125,4146.2001953125,124.0,yahoo,GC=F
2026-10-08T10:01:00Z,4146.39990234375,4147.89990234375,4146.39990234375,4147.5,26.0,yahoo,GC=F
2026-10-08T10:02:00Z,4147.39990234375,4148.2998046875,4147.39990234375,4147.89990234375,46.0,yahoo,GC=F
2026-10-08T10:03:00Z,4148.0,4148.2001953125,4147.0,4147.2998046875,68.0,yahoo,GC=F
2026-10-08T10:04:00Z,4147.0,4147.2998046875,4146.2001953125,4146.7998046875,61.0,yahoo,GC=F
2026-10-08T10:05:00Z,4147.0,4147.60009765625,4146.60009765625,4147.10009765625,75.0,yahoo,GC=F
2026-10-08T10:06:00Z,4147.39990234375,4148.89990234375,4147.2998046875,4148.7001953125,61.0,yahoo,GC=F
2026-10-08T10:07:00Z,4148.60009765625,4150.39990234375,4148.2998046875,4150.10009765625,164.0,yahoo,GC=F
2026-10-08T10:08:00Z,4150.5,4150.7998046875,4149.60009765625,4150.0,139.0,yahoo,GC=F
2026-10-08T10:09:00Z,4150.39990234375,4150.39990234375,4148.2998046875,4148.5,58.0,yahoo,GC=F
2026-10-08T10:10:00Z,4148.5,4148.60009765625,4147.0,4147.60009765625,53.0,yahoo,GC=F
2026-10-08T10:11:00Z,4147.2998046875,4148.10009765625,4146.7001953125,4146.7998046875,49.0,yahoo,GC=F
2026-10-08T10:12:00Z,4146.89990234375,4147.10009765625,4146.39990234375,4146.7998046875,34.0,yahoo,GC=F
2026-10-08T10:13:00Z,4146.7001953125,4147.7001953125,4146.60009765625,4147.7001953125,53.0,yahoo,GC=F
2026-10-08T10:14:00Z,4147.39990234375,4148.0,4146.89990234375,4147.60009765625,100.0,yahoo,GC=F
2026-10-08T10:15:00Z,4147.60009765625,4148.2001953125,4147.0,4147.89990234375,61.0,yahoo,GC=F
2026-10-08T10:16:00Z,4147.7998046875,4148.60009765625,4146.89990234375,4146.89990234375,57.0,yahoo,GC=F
2026-10-08T10:17:00Z,4147.10009765625,4147.10009765625,4146.60009765625,4146.7001953125,12.0,yahoo,GC=F
2026-10-08T10:18:00Z,4146.39990234375,4147.0,4146.39990234375,4146.39990234375,23.0,yahoo,GC=F
2026-10-08T10:19:00Z,4146.2001953125,4146.2001953125,4144.10009765625,4144.7998046875,182.0,yahoo,GC=F
2026-10-08T10:20:00Z,4145.2001953125,4146.2001953125,4144.2001953125,4146.2001953125,70.0,yahoo,GC=F
2026-10-08T10:21:00Z,4146.10009765625,4146.39990234375,4145.10009765625,4145.89990234375,99.0,yahoo,GC=F
2026-10-08T10:22:00Z,4145.89990234375,4146.2998046875,4145.5,4145.7001953125,51.0,yahoo,GC=F
2026-10-08T10:23:00Z,4145.7001953125,4145.89990234375,4145.10009765625,4145.7998046875,124.0,yahoo,GC=F
2026-10-08T10:24:00Z,4145.7001953125,4145.7001953125,4144.39990234375,4144.39990234375,65.0,yahoo,GC=F
2026-10-08T10:25:00Z,4144.0,4144.10009765625,4141.5,4141.5,232.0,yahoo,GC=F
2026-10-08T10:26:00Z,4141.7998046875,4142.10009765625,4140.5,4141.10009765625,100.0,yahoo,GC=F
2026-10-08T10:27:00Z,4141.10009765625,4143.2001953125,4141.0,4142.5,74.0,yahoo,GC=F
2026-10-08T10:28:00Z,4142.2998046875,4143.2001953125,4142.2998046875,4142.39990234375,109.0,yahoo,GC=F
2026-10-08T10:29:00Z,4142.2998046875,4143.0,4141.7001953125,4141.7998046875,36.0,yahoo,GC=F
2026-10-08T10:30:00Z,4141.5,4143.39990234375,4141.2001953125,4141.2001953125,50.0,yahoo,GC=F
2026-10-08T10:31:00Z,4141.10009765625,4141.39990234375,4140.10009765625,4140.5,46.0,yahoo,GC=F
2026-10-08T10:32:00Z,4140.5,4140.7998046875,4138.7998046875,4139.7998046875,150.0,yahoo,GC=F
2026-10-08T10:33:00Z,4139.89990234375,4140.39990234375,4137.5,4137.7001953125,192.0,yahoo,GC=F
2026-10-08T10:34:00Z,4137.7998046875,4139.10009765625,4136.89990234375,4138.2001953125,239.0,yahoo,GC=F
2026-10-08T10:35:00Z,4138.0,4138.0,4135.39990234375,4136.60009765625,270.0,yahoo,GC=F
2026-10-08T10:36:00Z,4136.89990234375,4137.2001953125,4136.39990234375,4136.7001953125,66.0,yahoo,GC=F
2026-10-08T10:37:00Z,4136.7001953125,4136.89990234375,4135.2001953125,4136.0,79.0,yahoo,GC=F
2026-10-08T10:38:00Z,4136.2998046875,4137.0,4135.7001953125,4136.0,77.0,yahoo,GC=F
2026-10-08T10:39:00Z,4135.7001953125,4136.0,4134.2998046875,4135.7998046875,255.0,yahoo,GC=F
2026-10-08T10:40:00Z,4135.7998046875,4137.7001953125,4135.7001953125,4136.2998046875,100.0,yahoo,GC=F
2026-10-08T10:41:00Z,4136.10009765625,4136.2001953125,4135.2998046875,4135.5,41.0,yahoo,GC=F
2026-10-08T10:42:00Z,4135.60009765625,4135.7998046875,4134.39990234375,4134.39990234375,38.0,yahoo,GC=F
2026-10-08T10:43:00Z,4134.5,4137.0,4134.39990234375,4135.39990234375,190.0,yahoo,GC=F
2026-10-08T10:44:00Z,4135.39990234375,4140.0,4135.39990234375,4139.7001953125,356.0,yahoo,GC=F
2026-10-08T10:45:00Z,4139.5,4141.39990234375,4139.0,4141.2001953125,209.0,yahoo,GC=F
2026-10-08T10:46:00Z,4141.39990234375,4142.7998046875,4140.89990234375,4142.2998046875,47.0,yahoo,GC=F
2026-10-08T10:47:00Z,4142.2998046875,4142.5,4140.7998046875,4142.0,60.0,yahoo,GC=F
2026-10-08T10:48:00Z,4141.89990234375,4143.10009765625,4141.7998046875,4142.0,42.0,yahoo,GC=F
2026-10-08T10:49:00Z,4141.89990234375,4142.60009765625,4141.39990234375,4142.5,40.0,yahoo,GC=F
2026-10-08T10:50:00Z,4142.10009765625,4143.2001953125,4141.2998046875,4143.0,85.0,yahoo,GC=F
2026-10-08T10:51:00Z,4143.10009765625,4146.89990234375,4143.10009765625,4146.89990234375,146.0,yahoo,GC=F
2026-10-08T10:52:00Z,4147.10009765625,4147.7998046875,4146.7001953125,4146.7001953125,81.0,yahoo,GC=F
2026-10-08T10:53:00Z,4146.2998046875,4146.2998046875,4144.60009765625,4144.60009765625,44.0,yahoo,GC=F
2026-10-08T10:54:00Z,4144.5,4144.5,4143.7001953125,4143.7001953125,19.0,yahoo,GC=F
2026-10-08T10:55:00Z,4143.5,4144.7001953125,4143.39990234375,4143.89990234375,43.0,yahoo,GC=F
2026-10-08T10:56:00Z,4143.89990234375,4145.7998046875,4143.89990234375,4145.0,101.0,yahoo,GC=F
2026-10-08T10:57:00Z,4144.7001953125,4144.7001953125,4143.2998046875,4143.60009765625,43.0,yahoo,GC=F
2026-10-08T10:58:00Z,4143.7998046875,4145.2001953125,4143.2001953125,4144.7998046875,83.0,yahoo,GC=F
2026-10-08T10:59:00Z,4144.89990234375,4146.7998046875,4144.60009765625,4146.39990234375,43.0,yahoo,GC=F
2026-10-08T11:00:00Z,4146.10009765625,4146.60009765625,4144.7998046875,4145.2001953125,45.0,yahoo,GC=F
2026-10-08T11:01:00Z,4145.2998046875,4145.2998046875,4143.60009765625,4143.7001953125,61.0,yahoo,GC=F
2026-10-08T11:02:00Z,4143.7998046875,4145.0,4142.7998046875,4142.89990234375,34.0,yahoo,GC=F
2026-10-08T11:03:00Z,4143.0,4143.7001953125,4142.39990234375,4142.7998046875,33.0,yahoo,GC=F
2026-10-08T11:04:00Z,4142.7998046875,4142.7998046875,4140.39990234375,4140.89990234375,170.0,yahoo,GC=F
2026-10-08T11:05:00Z,4140.7998046875,4141.5,4139.89990234375,4140.10009765625,52.0,yahoo,GC=F
2026-10-08T11:06:00Z,4139.7998046875,4141.10009765625,4139.39990234375,4139.60009765625,71.0,yahoo,GC=F
2026-10-08T11:07:00Z,4139.5,4139.7998046875,4139.2001953125,4139.39990234375,29.0,yahoo,GC=F
2026-10-08T11:08:00Z,4139.2001953125,4139.60009765625,4139.0,4139.10009765625,30.0,yahoo,GC=F
2026-10-08T11:09:00Z,4139.89990234375,4140.2998046875,4138.89990234375,4139.2998046875,111.0,yahoo,GC=F
2026-10-08T11:10:00Z,4139.2001953125,4140.2998046875,4139.0,4139.89990234375,55.0,yahoo,GC=F
2026-10-08T11:11:00Z,4140.10009765625,4140.2998046875,4139.60009765625,4139.89990234375,60.0,yahoo,GC=F
2026-10-08T11:12:00Z,4139.7001953125,4141.39990234375,4139.60009765625,4141.39990234375,47.0,yahoo,GC=F
2026-10-08T11:13:00Z,4141.5,4142.2998046875,4140.2001953125,4142.2998046875,55.0,yahoo,GC=F
2026-10-08T11:14:00Z,4142.39990234375,4142.39990234375,4141.60009765625,4141.60009765625,16.0,yahoo,GC=F
2026-10-08T11:15:00Z,4142.2998046875,4144.5,4142.0,4144.10009765625,83.0,yahoo,GC=F
2026-10-08T11:16:00Z,4144.2001953125,4145.7001953125,4144.10009765625,4145.2998046875,67.0,yahoo,GC=F
2026-10-08T11:17:00Z,4145.2998046875,4146.39990234375,4144.39990234375,4144.7001953125,58.0,yahoo,GC=F
2026-10-08T11:18:00Z,4145.2001953125,4145.39990234375,4144.2001953125,4145.10009765625,17.0,yahoo,GC=F
2026-10-08T11:19:00Z,4145.10009765625,4145.2001953125,4143.60009765625,4144.10009765625,85.0,yahoo,GC=F
2026-10-08T11:20:00Z,4143.89990234375,4144.7998046875,4143.89990234375,4144.60009765625,29.0,yahoo,GC=F
2026-10-08T11:21:00Z,4144.39990234375,4145.2998046875,4144.2001953125,4145.2998046875,40.0,yahoo,GC=F
2026-10-08T11:22:00Z,4145.2001953125,4145.39990234375,4144.10009765625,4145.39990234375,27.0,yahoo,GC=F
2026-10-08T11:23:00Z,4145.60009765625,4146.10009765625,4145.2001953125,4146.0,64.0,yahoo,GC=F
2026-10-08T11:24:00Z,4146.10009765625,4146.2001953125,4145.2001953125,4145.5,28.0,yahoo,GC=F
2026-10-08T11:25:00Z,4145.7998046875,4148.2001953125,4145.7001953125,4147.60009765625,207.0,yahoo,GC=F
2026-10-08T11:26:00Z,4147.7001953125,4147.89990234375,4146.7998046875,4146.7998046875,70.0,yahoo,GC=F
2026-10-08T11:27:00Z,4146.7998046875,4146.7998046875,4145.89990234375,4146.5,30.0,yahoo,GC=F
2026-10-08T11:28:00Z,4146.7998046875,4147.2001953125,4146.7001953125,4147.2001953125,30.0,yahoo,GC=F
2026-10-08T11:29:00Z,4147.2998046875,4148.0,4147.0,4147.89990234375,16.0,yahoo,GC=F
2026-10-08T11:30:00Z,4148.0,4148.10009765625,4146.60009765625,4146.7001953125,41.0,yahoo,GC=F
2026-10-08T11:31:00Z,4146.60009765625,4147.2001953125,4146.10009765625,4146.7998046875,31.0,yahoo,GC=F
2026-10-08T11:32:00Z,4146.7001953125,4148.10009765625,4146.5,4147.89990234375,52.0,yahoo,GC=F
2026-10-08T11:33:00Z,4147.7998046875,4148.2001953125,4147.39990234375,4147.89990234375,61.0,yahoo,GC=F
2026-10-08T11:34:00Z,4147.2998046875,4147.2998046875,4145.7001953125,4146.0,72.0,yahoo,GC=F
2026-10-08T11:35:00Z,4145.89990234375,4146.89990234375,4144.10009765625,4144.10009765625,127.0,yahoo,GC=F
2026-10-08T11:36:00Z,4144.10009765625,4144.5,4143.39990234375,4143.39990234375,45.0,yahoo,GC=F
2026-10-08T11:37:00Z,4143.2001953125,4148.0,4142.89990234375,4146.5,384.0,yahoo,GC=F
2026-10-08T11:38:00Z,4146.89990234375,4149.0,4145.7998046875,4146.5,149.0,yahoo,GC=F
2026-10-08T11:39:00Z,4146.39990234375,4149.7001953125,4146.0,4149.39990234375,136.0,yahoo,GC=F
2026-10-08T11:40:00Z,4149.60009765625,4154.5,4149.10009765625,4153.2998046875,459.0,yahoo,GC=F
2026-10-08T11:41:00Z,4153.2998046875,4154.10009765625,4151.89990234375,4152.5,203.0,yahoo,GC=F
2026-10-08T11:42:00Z,4152.2998046875,4152.2998046875,4149.5,4149.5,94.0,yahoo,GC=F
2026-10-08T11:43:00Z,4149.89990234375,4150.89990234375,4147.2998046875,4148.89990234375,185.0,yahoo,GC=F
2026-10-08T11:44:00Z,4148.2998046875,4148.89990234375,4146.89990234375,4147.5,42.0,yahoo,GC=F
2026-10-08T11:45:00Z,4147.10009765625,4149.39990234375,4146.7001953125,4149.39990234375,55.0,yahoo,GC=F
2026-10-08T11:46:00Z,4149.10009765625,4149.10009765625,4148.2998046875,4148.7998046875,25.0,yahoo,GC=F
2026-10-08T11:47:00Z,4148.7998046875,4149.7001953125,4148.10009765625,4148.10009765625,27.0,yahoo,GC=F
2026-10-08T11:48:00Z,4148.2001953125,4148.2001953125,4146.89990234375,4147.2001953125,31.0,yahoo,GC=F
2026-10-08T11:49:00Z,4147.7001953125,4148.2001953125,4147.10009765625,4147.7998046875,62.0,yahoo,GC=F
2026-10-08T11:50:00Z,4147.7998046875,4150.39990234375,4147.7001953125,4149.10009765625,112.0,yahoo,GC=F
2026-10-08T11:51:00Z,4148.89990234375,4150.7001953125,4148.0,4150.2998046875,77.0,yahoo,GC=F
2026-10-08T11:52:00Z,4150.39990234375,4152.2998046875,4149.7998046875,4152.2998046875,94.0,yahoo,GC=F
2026-10-08T11:53:00Z,4152.60009765625,4153.2998046875,4151.7998046875,4152.89990234375,95.0,yahoo,GC=F
2026-10-08T11:54:00Z,4152.39990234375,4152.7001953125,4151.5,4152.39990234375,53.0,yahoo,GC=F
2026-10-08T11:55:00Z,4152.39990234375,4152.89990234375,4151.5,4151.5,46.0,yahoo,GC=F
2026-10-08T11:56:00Z,4151.39990234375,4151.39990234375,4150.10009765625,4151.0,45.0,yahoo,GC=F
2026-10-08T11:57:00Z,4151.39990234375,4152.0,4149.60009765625,4149.60009765625,47.0,yahoo,GC=F
2026-10-08T11:58:00Z,4149.39990234375,4149.7001953125,4148.60009765625,4148.7998046875,33.0,yahoo,GC=F
2026-10-08T11:59:00Z,4148.39990234375,4149.2998046875,4148.2001953125,4149.10009765625,27.0,yahoo,GC=F
2026-10-08T12:00:00Z,4148.7001953125,4149.5,4147.89990234375,4149.2001953125,90.0,yahoo,GC=F
2026-10-08T12:01:00Z,4149.2001953125,4149.2001953125,4147.7998046875,4148.0,91.0,yahoo,GC=F
2026-10-08T12:02:00Z,4148.10009765625,4149.7998046875,4146.89990234375,4149.5,60.0,yahoo,GC=F
2026-10-08T12:03:00Z,4149.5,4150.7998046875,4149.2998046875,4150.7001953125,99.0,yahoo,GC=F
2026-10-08T12:04:00Z,4150.60009765625,4150.60009765625,4149.2001953125,4150.0,92.0,yahoo,GC=F
2026-10-08T12:05:00Z,4149.7998046875,4151.2998046875,4149.10009765625,4150.60009765625,52.0,yahoo,GC=F
2026-10-08T12:06:00Z,4150.0,4151.89990234375,4149.89990234375,4151.10009765625,23.0,yahoo,GC=F
2026-10-08T12:07:00Z,4150.89990234375,4152.0,4150.2998046875,4151.2998046875,38.0,yahoo,GC=F
2026-10-08T12:08:00Z,4152.10009765625,4152.39990234375,4151.0,4151.0,56.0,yahoo,GC=F
2026-10-08T12:09:00Z,4150.39990234375,4150.39990234375,4148.60009765625,4149.0,36.0,yahoo,GC=F
2026-10-08T12:10:00Z,4149.0,4149.2001953125,4148.5,4148.89990234375,43.0,yahoo,GC=F
2026-10-08T12:11:00Z,4148.60009765625,4149.5,4147.60009765625,4149.2998046875,56.0,yahoo,GC=F
2026-10-08T12:12:00Z,4149.5,4149.7001953125,4149.0,4149.5,26.0,yahoo,GC=F
2026-10-08T12:13:00Z,4150.10009765625,4150.5,4147.89990234375,4148.39990234375,167.0,yahoo,GC=F
2026-10-08T12:14:00Z,4148.7001953125,4149.89990234375,4148.5,4148.7998046875,34.0,yahoo,GC=F
2026-10-08T12:15:00Z,4148.89990234375,4149.39990234375,4145.7998046875,4147.5,330.0,yahoo,GC=F
2026-10-08T12:16:00Z,4147.60009765625,4148.7998046875,4146.5,4148.7998046875,115.0,yahoo,GC=F
2026-10-08T12:17:00Z,4148.89990234375,4149.0,4146.7001953125,4146.7001953125,55.0,yahoo,GC=F
2026-10-08T12:18:00Z,4146.60009765625,4147.2998046875,4145.7998046875,4146.0,41.0,yahoo,GC=F
2026-10-08T12:19:00Z,4146.39990234375,4150.2001953125,4146.39990234375,4149.7001953125,90.0,yahoo,GC=F
2026-10-08T12:20:00Z,4149.7001953125,4152.60009765625,4148.5,4151.39990234375,208.0,yahoo,GC=F
2026-10-08T12:21:00Z,4151.10009765625,4151.5,4149.2001953125,4149.2001953125,127.0,yahoo,GC=F
2026-10-08T12:22:00Z,4149.10009765625,4149.5,4148.2001953125,4149.5,46.0,yahoo,GC=F
2026-10-08T12:23:00Z,4149.7001953125,4150.5,4149.2001953125,4149.2001953125,35.0,yahoo,GC=F
2026-10-08T12:24:00Z,4148.39990234375,4150.89990234375,4148.2998046875,4150.89990234375,18.0,yahoo,GC=F
2026-10-08T12:25:00Z,4150.7001953125,4154.0,4150.7001953125,4154.0,121.0,yahoo,GC=F
2026-10-08T12:26:00Z,4154.10009765625,4155.10009765625,4152.2998046875,4153.0,157.0,yahoo,GC=F
2026-10-08T12:27:00Z,4153.2998046875,4154.60009765625,4153.0,4154.10009765625,134.0,yahoo,GC=F
2026-10-08T12:28:00Z,4154.0,4154.89990234375,4153.7998046875,4154.60009765625,115.0,yahoo,GC=F
2026-10-08T12:29:00Z,4154.7998046875,4156.7001953125,4154.7998046875,4155.7001953125,191.0,yahoo,GC=F
2026-10-08T12:30:00Z,4156.10009765625,4156.10009765625,4145.7001953125,4145.7001953125,709.0,yahoo,GC=F
2026-10-08T12:31:00Z,4145.7001953125,4147.7998046875,4145.7001953125,4147.7001953125,183.0,yahoo,GC=F
2026-10-08T12:32:00Z,4147.39990234375,4149.7998046875,4147.39990234375,4148.7001953125,135.0,yahoo,GC=F
2026-10-08T12:33:00Z,4148.7998046875,4149.10009765625,4146.7001953125,4148.60009765625,150.0,yahoo,GC=F
2026-10-08T12:34:00Z,4148.60009765625,4149.2998046875,4146.10009765625,4146.2998046875,107.0,yahoo,GC=F
2026-10-08T12:35:00Z,4146.39990234375,4149.89990234375,4145.0,4148.39990234375,255.0,yahoo,GC=F
2026-10-08T12:36:00Z,4148.2998046875,4148.2998046875,4145.39990234375,4147.0,87.0,yahoo,GC=F
2026-10-08T12:37:00Z,4146.7001953125,4147.5,4146.2001953125,4147.39990234375,59.0,yahoo,GC=F
2026-10-08T12:38:00Z,4147.0,4147.2001953125,4146.2001953125,4146.89990234375,41.0,yahoo,GC=F
2026-10-08T12:39:00Z,4147.39990234375,4147.5,4146.7998046875,4146.89990234375,39.0,yahoo,GC=F
2026-10-08T12:40:00Z,4147.10009765625,4147.7998046875,4146.2001953125,4147.5,88.0,yahoo,GC=F
2026-10-08T12:41:00Z,4147.10009765625,4148.2001953125,4146.2001953125,4147.0,80.0,yahoo,GC=F
2026-10-08T12:42:00Z,4146.7001953125,4147.89990234375,4146.60009765625,4147.0,34.0,yahoo,GC=F
2026-10-08T12:43:00Z,4147.2001953125,4147.2001953125,4145.0,4146.10009765625,107.0,yahoo,GC=F
2026-10-08T12:44:00Z,4145.7998046875,4145.7998046875,4142.5,4143.2998046875,202.0,yahoo,GC=F
2026-10-08T12:45:00Z,4143.5,4143.7001953125,4142.10009765625,4142.7001953125,184.0,yahoo,GC=F
2026-10-08T12:46:00Z,4142.7998046875,4142.7998046875,4141.5,4141.7998046875,123.0,yahoo,GC=F
2026-10-08T12:47:00Z,4142.0,4143.2998046875,4142.0,4143.0,89.0,yahoo,GC=F
2026-10-08T12:48:00Z,4143.10009765625,4143.7998046875,4142.2998046875,4143.7998046875,64.0,yahoo,GC=F
2026-10-08T12:49:00Z,4143.5,4143.60009765625,4142.0,4142.10009765625,137.0,yahoo,GC=F
2026-10-08T12:50:00Z,4141.89990234375,4142.2001953125,4140.5,4141.2001953125,142.0,yahoo,GC=F
2026-10-08T12:51:00Z,4141.0,4141.5,4139.2998046875,4140.10009765625,174.0,yahoo,GC=F
2026-10-08T12:52:00Z,4140.0,4140.2001953125,4137.2998046875,4137.7998046875,200.0,yahoo,GC=F
2026-10-08T12:53:00Z,4137.60009765625,4140.39990234375,4137.2998046875,4140.2998046875,132.0,yahoo,GC=F
2026-10-08T12:54:00Z,4140.39990234375,4142.60009765625,4140.2001953125,4142.2998046875,149.0,yahoo,GC=F
2026-10-08T12:55:00Z,4142.2001953125,4142.7001953125,4140.7001953125,4140.7001953125,95.0,yahoo,GC=F
2026-10-08T12:56:00Z,4140.5,4141.5,4140.2998046875,4141.5,57.0,yahoo,GC=F
2026-10-08T12:57:00Z,4141.7001953125,4141.89990234375,4141.0,4141.7001953125,57.0,yahoo,GC=F
2026-10-08T12:58:00Z,4141.7001953125,4142.89990234375,4141.0,4141.7998046875,180.0,yahoo,GC=F
2026-10-08T12:59:00Z,4142.39990234375,4143.2998046875,4141.7001953125,4142.5,173.0,yahoo,GC=F
2026-10-08T13:00:00Z,4142.89990234375,4144.2001953125,4139.7001953125,4143.7998046875,271.0,yahoo,GC=F
2026-10-08T13:01:00Z,4144.10009765625,4145.39990234375,4141.39990234375,4141.60009765625,231.0,yahoo,GC=F
2026-10-08T13:02:00Z,4141.60009765625,4142.0,4139.2998046875,4142.0,192.0,yahoo,GC=F
2026-10-08T13:03:00Z,4142.10009765625,4143.2998046875,4140.89990234375,4142.7998046875,125.0,yahoo,GC=F
2026-10-08T13:04:00Z,4143.2001953125,4144.89990234375,4142.5,4143.39990234375,160.0,yahoo,GC=F
2026-10-08T13:05:00Z,4143.2998046875,4146.2001953125,4142.7001953125,4144.7998046875,157.0,yahoo,GC=F
2026-10-08T13:06:00Z,4145.2001953125,4149.2001953125,4145.2001953125,4148.5,209.0,yahoo,GC=F
2026-10-08T13:07:00Z,4148.60009765625,4150.10009765625,4147.7001953125,4150.10009765625,228.0,yahoo,GC=F
2026-10-08T13:08:00Z,4149.89990234375,4152.10009765625,4149.60009765625,4150.7001953125,365.0,yahoo,GC=F
2026-10-08T13:09:00Z,4150.7998046875,4151.2001953125,4147.39990234375,4149.7998046875,347.0,yahoo,GC=F
2026-10-08T13:10:00Z,4149.7001953125,4150.60009765625,4148.89990234375,4150.60009765625,146.0,yahoo,GC=F
2026-10-08T13:11:00Z,4150.60009765625,4153.10009765625,4149.5,4151.5,340.0,yahoo,GC=F
2026-10-08T13:12:00Z,4151.60009765625,4153.0,4150.2001953125,4150.5,171.0,yahoo,GC=F
2026-10-08T13:13:00Z,4150.7998046875,4151.89990234375,4150.2998046875,4150.2998046875,229.0,yahoo,GC=F
2026-10-08T13:14:00Z,4150.2998046875,4150.7998046875,4148.60009765625,4150.60009765625,143.0,yahoo,GC=F
2026-10-08T13:15:00Z,4150.7001953125,4151.0,4149.2001953125,4149.39990234375,118.0,yahoo,GC=F
2026-10-08T13:16:00Z,4149.7001953125,4149.89990234375,4147.7001953125,4147.89990234375,120.0,yahoo,GC=F
2026-10-08T13:17:00Z,4148.0,4148.7998046875,4147.7998046875,4148.0,88.0,yahoo,GC=F
2026-10-08T13:18:00Z,4148.10009765625,4148.10009765625,4146.5,4147.0,203.0,yahoo,GC=F
2026-10-08T13:19:00Z,4147.2001953125,4148.2001953125,4146.7001953125,4147.2001953125,78.0,yahoo,GC=F
2026-10-08T13:20:00Z,4147.10009765625,4148.2998046875,4147.0,4148.2001953125,84.0,yahoo,GC=F
2026-10-08T13:21:00Z,4148.2001953125,4151.2998046875,4148.0,4151.0,151.0,yahoo,GC=F
2026-10-08T13:22:00Z,4150.7998046875,4151.60009765625,4149.39990234375,4150.0,202.0,yahoo,GC=F
2026-10-08T13:23:00Z,4150.5,4151.2998046875,4148.7998046875,4148.89990234375,114.0,yahoo,GC=F
2026-10-08T13:24:00Z,4148.60009765625,4149.39990234375,4146.7998046875,4148.39990234375,97.0,yahoo,GC=F
2026-10-08T13:25:00Z,4148.2001953125,4148.5,4146.7001953125,4147.0,97.0,yahoo,GC=F
2026-10-08T13:26:00Z,4146.7998046875,4146.89990234375,4145.89990234375,4146.2001953125,81.0,yahoo,GC=F
2026-10-08T13:27:00Z,4146.10009765625,4146.2998046875,4144.2998046875,4145.2998046875,156.0,yahoo,GC=F
2026-10-08T13:28:00Z,4145.10009765625,4146.39990234375,4144.60009765625,4146.2998046875,110.0,yahoo,GC=F
2026-10-08T13:29:00Z,4146.2001953125,4147.89990234375,4145.60009765625,4147.2998046875,216.0,yahoo,GC=F
2026-10-08T13:30:00Z,4147.39990234375,4149.0,4146.39990234375,4147.2001953125,361.0,yahoo,GC=F
2026-10-08T13:31:00Z,4147.2998046875,4153.2998046875,4146.7001953125,4153.10009765625,250.0,yahoo,GC=F
2026-10-08T13:32:00Z,4153.2001953125,4154.2001953125,4152.2001953125,4152.2001953125,687.0,yahoo,GC=F
2026-10-08T13:33:00Z,4152.2998046875,4154.0,4150.60009765625,4150.7001953125,269.0,yahoo,GC=F
2026-10-08T13:34:00Z,4150.5,4151.2998046875,4149.7998046875,4149.7998046875,133.0,yahoo,GC=F
2026-10-08T13:35:00Z,4149.7001953125,4149.7001953125,4147.5,4149.2998046875,173.0,yahoo,GC=F
2026-10-08T13:36:00Z,4149.10009765625,4150.7998046875,4148.5,4149.60009765625,171.0,yahoo,GC=F
2026-10-08T13:37:00Z,4149.7998046875,4151.5,4148.7998046875,4151.2998046875,90.0,yahoo,GC=F
2026-10-08T13:38:00Z,4151.10009765625,4153.0,4150.7998046875,4151.0,158.0,yahoo,GC=F
2026-10-08T13:39:00Z,4150.7998046875,4150.7998046875,4149.39990234375,4150.10009765625,49.0,yahoo,GC=F
2026-10-08T13:40:00Z,4150.2001953125,4150.89990234375,4147.0,4147.0,202.0,yahoo,GC=F
2026-10-08T13:41:00Z,4147.0,4148.39990234375,4145.7998046875,4145.7998046875,98.0,yahoo,GC=F
2026-10-08T13:42:00Z,4145.5,4146.10009765625,4144.39990234375,4145.5,245.0,yahoo,GC=F
2026-10-08T13:43:00Z,4145.60009765625,4149.60009765625,4145.60009765625,4149.39990234375,133.0,yahoo,GC=F
2026-10-08T13:44:00Z,4149.60009765625,4150.39990234375,4148.7998046875,4149.89990234375,116.0,yahoo,GC=F
2026-10-08T13:45:00Z,4149.7998046875,4150.2998046875,4148.7001953125,4148.7998046875,83.0,yahoo,GC=F
2026-10-08T13:46:00Z,4148.89990234375,4153.0,4148.5,4152.2001953125,304.0,yahoo,GC=F
2026-10-08T13:47:00Z,4152.39990234375,4154.5,4151.7998046875,4154.2001953125,172.0,yahoo,GC=F
2026-10-08T13:48:00Z,4154.2998046875,4155.0,4153.39990234375,4154.10009765625,264.0,yahoo,GC=F
2026-10-08T13:49:00Z,4153.7998046875,4155.60009765625,4153.0,4154.0,271.0,yahoo,GC=F
2026-10-08T13:50:00Z,4154.2998046875,4155.7998046875,4152.10009765625,4155.60009765625,183.0,yahoo,GC=F
2026-10-08T13:51:00Z,4155.7998046875,4158.7998046875,4155.7998046875,4157.39990234375,543.0,yahoo,GC=F
2026-10-08T13:52:00Z,4157.60009765625,4158.10009765625,4154.7998046875,4155.39990234375,212.0,yahoo,GC=F
2026-10-08T13:53:00Z,4155.5,4156.5,4155.0,4155.5,85.0,yahoo,GC=F
2026-10-08T13:54:00Z,4155.7001953125,4156.2998046875,4154.10009765625,4155.89990234375,169.0,yahoo,GC=F
2026-10-08T13:55:00Z,4156.2998046875,4157.39990234375,4155.10009765625,4155.60009765625,143.0,yahoo,GC=F
2026-10-08T13:56:00Z,4155.7998046875,4156.2001953125,4154.89990234375,4155.7001953125,101.0,yahoo,GC=F
2026-10-08T13:57:00Z,4155.7001953125,4156.39990234375,4154.7001953125,4155.2998046875,105.0,yahoo,GC=F
2026-10-08T13:58:00Z,4155.2998046875,4156.10009765625,4154.89990234375,4155.5,67.0,yahoo,GC=F
2026-10-08T13:59:00Z,4155.7998046875,4156.7001953125,4154.39990234375,4154.7001953125,94.0,yahoo,GC=F
2026-10-08T14:00:00Z,4154.60009765625,4154.89990234375,4152.60009765625,4152.60009765625,236.0,yahoo,GC=F
2026-10-08T14:01:00Z,4152.5,4152.5,4150.10009765625,4150.7001953125,356.0,yahoo,GC=F
2026-10-08T14:02:00Z,4150.5,4152.10009765625,4149.39990234375,4150.39990234375,225.0,yahoo,GC=F
2026-10-08T14:03:00Z,4150.2998046875,4150.5,4148.5,4148.7001953125,333.0,yahoo,GC=F
2026-10-08T14:04:00Z,4148.39990234375,4149.89990234375,4147.89990234375,4149.2001953125,143.0,yahoo,GC=F
2026-10-08T14:05:00Z,4149.2001953125,4150.10009765625,4147.89990234375,4149.60009765625,128.0,yahoo,GC=F
2026-10-08T14:06:00Z,4150.0,4151.2001953125,4149.39990234375,4150.60009765625,167.0,yahoo,GC=F
2026-10-08T14:07:00Z,4150.89990234375,4151.39990234375,4150.2998046875,4151.10009765625,62.0,yahoo,GC=F
2026-10-08T14:08:00Z,4151.2998046875,4151.2998046875,4148.2998046875,4148.2998046875,96.0,yahoo,GC=F
2026-10-08T14:09:00Z,4148.2001953125,4148.60009765625,4147.39990234375,4148.10009765625,96.0,yahoo,GC=F
2026-10-08T14:10:00Z,4148.2998046875,4148.7001953125,4147.39990234375,4147.5,127.0,yahoo,GC=F
2026-10-08T14:11:00Z,4147.39990234375,4148.2998046875,4146.2001953125,4147.89990234375,229.0,yahoo,GC=F
2026-10-08T14:12:00Z,4148.0,4149.39990234375,4148.0,4149.2998046875,105.0,yahoo,GC=F
2026-10-08T14:13:00Z,4149.2998046875,4151.0,4149.2998046875,4150.60009765625,99.0,yahoo,GC=F
2026-10-08T14:14:00Z,4150.60009765625,4151.2001953125,4147.10009765625,4147.7001953125,126.0,yahoo,GC=F
2026-10-08T14:15:00Z,4147.7001953125,4148.89990234375,4147.60009765625,4148.39990234375,72.0,yahoo,GC=F
2026-10-08T14:16:00Z,4148.2998046875,4148.5,4147.0,4147.7998046875,65.0,yahoo,GC=F
2026-10-08T14:17:00Z,4147.89990234375,4153.0,4147.2998046875,4152.7998046875,803.0,yahoo,GC=F
2026-10-08T14:18:00Z,4153.10009765625,4154.60009765625,4153.0,4154.2998046875,412.0,yahoo,GC=F
2026-10-08T14:19:00Z,4154.2001953125,4155.7998046875,4153.60009765625,4154.60009765625,263.0,yahoo,GC=F
2026-10-08T14:20:00Z,4154.7001953125,4159.10009765625,4154.10009765625,4158.2001953125,518.0,yahoo,GC=F
2026-10-08T14:21:00Z,4158.10009765625,4161.2998046875,4158.10009765625,4159.39990234375,522.0,yahoo,GC=F
2026-10-08T14:22:00Z,4159.2998046875,4160.0,4157.60009765625,4159.7998046875,176.0,yahoo,GC=F
2026-10-08T14:23:00Z,4159.7001953125,4159.7998046875,4158.0,4158.2998046875,111.0,yahoo,GC=F
2026-10-08T14:24:00Z,4158.2001953125,4160.0,4157.7998046875,4158.10009765625,218.0,yahoo,GC=F
2026-10-08T14:25:00Z,4158.2998046875,4158.89990234375,4157.7998046875,4158.7998046875,371.0,yahoo,GC=F
2026-10-08T14:26:00Z,4158.89990234375,4159.7998046875,4157.7998046875,4158.39990234375,314.0,yahoo,GC=F
2026-10-08T14:27:00Z,4158.39990234375,4159.60009765625,4158.10009765625,4159.0,148.0,yahoo,GC=F
2026-10-08T14:28:00Z,4159.0,4161.60009765625,4158.7998046875,4161.10009765625,258.0,yahoo,GC=F
2026-10-08T14:29:00Z,4161.39990234375,4162.0,4160.5,4161.89990234375,239.0,yahoo,GC=F
2026-10-08T14:30:00Z,4161.7001953125,4161.7998046875,4158.89990234375,4160.2998046875,263.0,yahoo,GC=F
2026-10-08T14:31:00Z,4160.2001953125,4162.0,4159.89990234375,4161.7998046875,458.0,yahoo,GC=F
2026-10-08T14:32:00Z,4161.5,4161.7998046875,4160.5,4161.7001953125,145.0,yahoo,GC=F
2026-10-08T14:33:00Z,4161.60009765625,4162.0,4159.89990234375,4161.39990234375,234.0,yahoo,GC=F
2026-10-08T14:34:00Z,4161.5,4165.39990234375,4161.10009765625,4165.0,537.0,yahoo,GC=F
2026-10-08T14:35:00Z,4165.0,4165.2001953125,4159.10009765625,4159.2998046875,309.0,yahoo,GC=F
2026-10-08T14:36:00Z,4159.2001953125,4159.39990234375,4157.5,4158.0,222.0,yahoo,GC=F
2026-10-08T14:37:00Z,4157.7001953125,4159.0,4156.7001953125,4157.0,321.0,yahoo,GC=F
2026-10-08T14:38:00Z,4157.10009765625,4157.7998046875,4156.60009765625,4157.2998046875,389.0,yahoo,GC=F
2026-10-08T14:39:00Z,4157.10009765625,4157.7998046875,4155.0,4155.5,339.0,yahoo,GC=F
2026-10-08T14:40:00Z,4155.7001953125,4156.10009765625,4152.7998046875,4152.89990234375,316.0,yahoo,GC=F
2026-10-08T14:41:00Z,4153.10009765625,4153.10009765625,4151.0,4152.7998046875,315.0,yahoo,GC=F
2026-10-08T14:42:00Z,4152.60009765625,4153.60009765625,4151.60009765625,4152.5,231.0,yahoo,GC=F
2026-10-08T14:43:00Z,4152.39990234375,4153.0,4150.7998046875,4151.2998046875,259.0,yahoo,GC=F
2026-10-08T14:44:00Z,4151.2001953125,4151.39990234375,4149.7001953125,4151.0,215.0,yahoo,GC=F
2026-10-08T14:45:00Z,4151.10009765625,4151.10009765625,4148.10009765625,4148.89990234375,156.0,yahoo,GC=F
2026-10-08T14:46:00Z,4148.60009765625,4149.7001953125,4146.60009765625,4147.60009765625,220.0,yahoo,GC=F
2026-10-08T14:47:00Z,4147.5,4148.60009765625,4147.10009765625,4148.2001953125,154.0,yahoo,GC=F
2026-10-08T14:48:00Z,4148.10009765625,4150.5,4147.7998046875,4149.7998046875,197.0,yahoo,GC=F
2026-10-08T14:49:00Z,4150.0,4150.39990234375,4149.60009765625,4150.2001953125,65.0,yahoo,GC=F
2026-10-08T14:50:00Z,4150.60009765625,4151.39990234375,4150.10009765625,4150.60009765625,107.0,yahoo,GC=F
2026-10-08T14:51:00Z,4150.5,4151.7001953125,4149.7998046875,4150.7001953125,105.0,yahoo,GC=F
2026-10-08T14:52:00Z,4151.10009765625,4152.39990234375,4150.60009765625,4150.60009765625,140.0,yahoo,GC=F
2026-10-08T14:53:00Z,4150.7998046875,4152.7998046875,4149.7001953125,4151.39990234375,327.0,yahoo,GC=F
2026-10-08T14:54:00Z,4151.2001953125,4151.2998046875,4148.60009765625,4149.89990234375,132.0,yahoo,GC=F
2026-10-08T14:55:00Z,4149.7001953125,4151.0,4149.0,4149.2998046875,107.0,yahoo,GC=F
2026-10-08T14:56:00Z,4149.39990234375,4150.2998046875,4149.10009765625,4149.60009765625,152.0,yahoo,GC=F
2026-10-08T14:57:00Z,4149.7001953125,4151.2001953125,4149.2001953125,4150.0,94.0,yahoo,GC=F
2026-10-08T14:58:00Z,4150.0,4150.5,4149.10009765625,4150.0,159.0,yahoo,GC=F
2026-10-08T14:59:00Z,4149.60009765625,4150.0,4148.7001953125,4148.7001953125,94.0,yahoo,GC=F
2026-10-08T15:00:00Z,4148.89990234375,4149.0,4145.5,4145.89990234375,298.0,yahoo,GC=F
2026-10-08T15:01:00Z,4146.2001953125,4146.7001953125,4144.2001953125,4144.39990234375,488.0,yahoo,GC=F
2026-10-08T15:02:00Z,4144.2998046875,4145.7001953125,4143.39990234375,4145.60009765625,392.0,yahoo,GC=F
2026-10-08T15:03:00Z,4145.39990234375,4146.2998046875,4144.5,4145.2998046875,194.0,yahoo,GC=F
2026-10-08T15:04:00Z,4145.5,4146.2998046875,4144.2001953125,4145.2998046875,235.0,yahoo,GC=F
2026-10-08T15:05:00Z,4145.10009765625,4145.89990234375,4143.7001953125,4144.2998046875,137.0,yahoo,GC=F
2026-10-08T15:06:00Z,4144.39990234375,4145.10009765625,4143.7998046875,4144.7998046875,77.0,yahoo,GC=F
2026-10-08T15:07:00Z,4144.60009765625,4144.7998046875,4142.39990234375,4144.7001953125,188.0,yahoo,GC=F
2026-10-08T15:08:00Z,4144.39990234375,4145.2998046875,4143.2001953125,4143.2001953125,141.0,yahoo,GC=F
2026-10-08T15:09:00Z,4143.7998046875,4144.7001953125,4142.5,4142.7001953125,157.0,yahoo,GC=F
2026-10-08T15:10:00Z,4142.60009765625,4143.39990234375,4140.39990234375,4141.2001953125,208.0,yahoo,GC=F
2026-10-08T15:11:00Z,4141.2998046875,4142.89990234375,4140.39990234375,4141.7001953125,170.0,yahoo,GC=F
2026-10-08T15:12:00Z,4141.2998046875,4141.5,4140.0,4140.89990234375,187.0,yahoo,GC=F
2026-10-08T15:13:00Z,4140.7001953125,4141.39990234375,4139.7998046875,4141.10009765625,259.0,yahoo,GC=F
2026-10-08T15:14:00Z,4140.89990234375,4141.0,4139.39990234375,4139.60009765625,179.0,yahoo,GC=F
2026-10-08T15:15:00Z,4139.5,4140.0,4136.89990234375,4139.7001953125,360.0,yahoo,GC=F
2026-10-08T15:16:00Z,4139.7001953125,4140.0,4138.39990234375,4139.60009765625,248.0,yahoo,GC=F
2026-10-08T15:17:00Z,4139.10009765625,4140.89990234375,4138.7001953125,4140.10009765625,193.0,yahoo,GC=F
2026-10-08T15:18:00Z,4140.0,4140.60009765625,4138.7998046875,4139.7998046875,121.0,yahoo,GC=F
2026-10-08T15:19:00Z,4139.60009765625,4139.7998046875,4137.7001953125,4138.5,146.0,yahoo,GC=F
2026-10-08T15:20:00Z,4138.2998046875,4139.5,4138.0,4138.5,129.0,yahoo,GC=F
2026-10-08T15:21:00Z,4138.5,4140.10009765625,4138.5,4139.5,92.0,yahoo,GC=F
2026-10-08T15:22:00Z,4139.7998046875,4141.2001953125,4139.7998046875,4141.2001953125,104.0,yahoo,GC=F
2026-10-08T15:23:00Z,4141.10009765625,4141.10009765625,4139.10009765625,4139.10009765625,104.0,yahoo,GC=F
2026-10-08T15:24:00Z,4139.39990234375,4140.0,4138.5,4139.7998046875,65.0,yahoo,GC=F
2026-10-08T15:25:00Z,4139.60009765625,4140.0,4138.5,4138.60009765625,139.0,yahoo,GC=F
2026-10-08T15:26:00Z,4138.60009765625,4140.0,4138.60009765625,4139.39990234375,85.0,yahoo,GC=F
2026-10-08T15:27:00Z,4139.5,4139.89990234375,4138.7001953125,4139.7998046875,73.0,yahoo,GC=F
2026-10-08T15:28:00Z,4140.0,4141.60009765625,4139.89990234375,4141.39990234375,133.0,yahoo,GC=F
2026-10-08T15:29:00Z,4141.2998046875,4141.2998046875,4140.10009765625,4140.60009765625,70.0,yahoo,GC=F
2026-10-08T15:30:00Z,4140.2998046875,4140.89990234375,4139.0,4139.2001953125,152.0,yahoo,GC=F
2026-10-08T15:31:00Z,4139.2001953125,4139.2998046875,4136.60009765625,4138.89990234375,275.0,yahoo,GC=F
2026-10-08T15:32:00Z,4138.60009765625,4139.2998046875,4138.2001953125,4139.0,117.0,yahoo,GC=F
2026-10-08T15:33:00Z,4139.10009765625,4140.2998046875,4138.60009765625,4138.60009765625,78.0,yahoo,GC=F
2026-10-08T15:34:00Z,4138.89990234375,4140.10009765625,4138.60009765625,4139.39990234375,156.0,yahoo,GC=F
2026-10-08T15:35:00Z,4139.2001953125,4140.10009765625,4139.2001953125,4140.0,58.0,yahoo,GC=F
2026-10-08T15:36:00Z,4140.10009765625,4140.2001953125,4137.7001953125,4138.39990234375,256.0,yahoo,GC=F
2026-10-08T15:37:00Z,4138.2998046875,4140.89990234375,4138.2001953125,4139.89990234375,194.0,yahoo,GC=F
2026-10-08T15:38:00Z,4139.7001953125,4139.89990234375,4138.7998046875,4139.7001953125,75.0,yahoo,GC=F
2026-10-08T15:39:00Z,4139.7998046875,4140.7001953125,4139.7001953125,4140.10009765625,69.0,yahoo,GC=F
2026-10-08T15:40:00Z,4140.0,4141.2001953125,4139.7001953125,4140.7998046875,55.0,yahoo,GC=F
2026-10-08T15:41:00Z,4140.7998046875,4142.60009765625,4140.60009765625,4141.5,275.0,yahoo,GC=F
2026-10-08T15:42:00Z,4141.39990234375,4142.5,4141.10009765625,4141.10009765625,90.0,yahoo,GC=F
2026-10-08T15:43:00Z,4141.0,4141.39990234375,4140.0,4140.7001953125,135.0,yahoo,GC=F
2026-10-08T15:44:00Z,4140.7001953125,4141.10009765625,4139.7998046875,4140.5,115.0,yahoo,GC=F
2026-10-08T15:45:00Z,4140.39990234375,4141.0,4138.89990234375,4139.10009765625,249.0,yahoo,GC=F
2026-10-08T15:46:00Z,4139.0,4139.2998046875,4138.10009765625,4138.7001953125,157.0,yahoo,GC=F
2026-10-08T15:47:00Z,4138.89990234375,4141.39990234375,4138.89990234375,4140.0,150.0,yahoo,GC=F
2026-10-08T15:48:00Z,4139.60009765625,4140.2001953125,4138.10009765625,4138.7998046875,166.0,yahoo,GC=F
2026-10-08T15:49:00Z,4139.10009765625,4139.2001953125,4136.39990234375,4138.0,186.0,yahoo,GC=F
2026-10-08T15:50:00Z,4137.60009765625,4138.10009765625,4137.5,4137.7998046875,117.0,yahoo,GC=F
2026-10-08T15:51:00Z,4138.0,4139.0,4137.60009765625,4137.89990234375,86.0,yahoo,GC=F
2026-10-08T15:52:00Z,4137.7998046875,4138.10009765625,4136.0,4136.2998046875,197.0,yahoo,GC=F
2026-10-08T15:53:00Z,4136.10009765625,4137.5,4136.10009765625,4136.2001953125,43.0,yahoo,GC=F
2026-10-08T15:54:00Z,4136.2998046875,4136.89990234375,4135.60009765625,4135.89990234375,85.0,yahoo,GC=F
2026-10-08T15:55:00Z,4135.89990234375,4136.60009765625,4135.5,4135.7001953125,56.0,yahoo,GC=F
2026-10-08T15:56:00Z,4135.60009765625,4135.7998046875,4134.60009765625,4134.60009765625,79.0,yahoo,GC=F
2026-10-08T15:57:00Z,4134.7001953125,4136.89990234375,4134.7001953125,4136.0,144.0,yahoo,GC=F
2026-10-08T15:58:00Z,4135.7998046875,4136.2998046875,4135.5,4136.0,46.0,yahoo,GC=F
2026-10-08T15:59:00Z,4135.89990234375,4136.2998046875,4135.39990234375,4135.89990234375,41.0,yahoo,GC=F
2026-10-08T16:00:00Z,4135.7998046875,4136.7001953125,4135.0,4135.0,119.0,yahoo,GC=F
2026-10-08T16:01:00Z,4135.0,4135.7001953125,4131.60009765625,4133.0,452.0,yahoo,GC=F
2026-10-08T16:02:00Z,4133.0,4134.5,4132.2001953125,4133.10009765625,247.0,yahoo,GC=F
2026-10-08T16:03:00Z,4133.0,4133.7001953125,4132.10009765625,4132.2998046875,110.0,yahoo,GC=F
2026-10-08T16:04:00Z,4132.0,4133.39990234375,4131.7001953125,4132.5,154.0,yahoo,GC=F
2026-10-08T16:05:00Z,4132.5,4132.5,4130.2998046875,4131.0,452.0,yahoo,GC=F
2026-10-08T16:06:00Z,4131.10009765625,4131.2998046875,4129.2001953125,4130.0,450.0,yahoo,GC=F
2026-10-08T16:07:00Z,4130.10009765625,4131.10009765625,4129.7001953125,4129.7001953125,151.0,yahoo,GC=F
2026-10-08T16:08:00Z,4129.60009765625,4133.5,4129.2001953125,4133.10009765625,386.0,yahoo,GC=F
2026-10-08T16:09:00Z,4133.10009765625,4133.89990234375,4132.5,4133.89990234375,97.0,yahoo,GC=F
2026-10-08T16:10:00Z,4134.0,4135.0,4133.89990234375,4134.5,132.0,yahoo,GC=F
2026-10-08T16:11:00Z,4134.39990234375,4136.5,4134.39990234375,4135.89990234375,204.0,yahoo,GC=F
2026-10-08T16:12:00Z,4136.2998046875,4136.7998046875,4135.60009765625,4136.60009765625,93.0,yahoo,GC=F
2026-10-08T16:13:00Z,4136.5,4136.89990234375,4134.89990234375,4135.39990234375,156.0,yahoo,GC=F
2026-10-08T16:14:00Z,4135.2001953125,4136.10009765625,4134.60009765625,4136.10009765625,124.0,yahoo,GC=F
2026-10-08T16:15:00Z,4135.7998046875,4136.10009765625,4134.60009765625,4135.39990234375,59.0,yahoo,GC=F
2026-10-08T16:16:00Z,4135.2998046875,4135.5,4133.89990234375,4134.0,79.0,yahoo,GC=F
2026-10-08T16:17:00Z,4133.89990234375,4157.0,4133.10009765625,4150.7001953125,3673.0,yahoo,GC=F
2026-10-08T16:18:00Z,4150.5,4152.2001953125,4144.7001953125,4145.0,829.0,yahoo,GC=F
2026-10-08T16:19:00Z,4145.7998046875,4147.7998046875,4143.5,4144.10009765625,510.0,yahoo,GC=F
2026-10-08T16:20:00Z,4144.10009765625,4145.5,4142.60009765625,4143.10009765625,362.0,yahoo,GC=F
2026-10-08T16:21:00Z,4142.7001953125,4144.10009765625,4140.7001953125,4144.0,314.0,yahoo,GC=F
2026-10-08T16:22:00Z,4143.89990234375,4144.89990234375,4142.39990234375,4142.7001953125,262.0,yahoo,GC=F
2026-10-08T16:23:00Z,4142.7001953125,4146.60009765625,4142.7001953125,4144.89990234375,254.0,yahoo,GC=F
2026-10-08T16:24:00Z,4144.89990234375,4146.39990234375,4144.0,4145.60009765625,209.0,yahoo,GC=F
2026-10-08T16:25:00Z,4146.0,4146.60009765625,4143.89990234375,4143.89990234375,171.0,yahoo,GC=F
2026-10-08T16:26:00Z,4144.39990234375,4145.39990234375,4144.0,4144.39990234375,105.0,yahoo,GC=F
2026-10-08T16:27:00Z,4144.7001953125,4144.7001953125,4141.60009765625,4141.89990234375,149.0,yahoo,GC=F
2026-10-08T16:28:00Z,4141.7998046875,4143.5,4141.60009765625,4142.39990234375,96.0,yahoo,GC=F
2026-10-08T16:29:00Z,4142.2001953125,4142.7001953125,4140.89990234375,4141.89990234375,78.0,yahoo,GC=F
2026-10-08T16:30:00Z,4141.60009765625,4143.60009765625,4141.39990234375,4141.60009765625,138.0,yahoo,GC=F
2026-10-08T16:31:00Z,4141.39990234375,4142.10009765625,4141.0,4141.7001953125,276.0,yahoo,GC=F
2026-10-08T16:32:00Z,4142.0,4144.89990234375,4142.0,4144.39990234375,97.0,yahoo,GC=F
2026-10-08T16:33:00Z,4144.60009765625,4144.60009765625,4142.2001953125,4143.2001953125,131.0,yahoo,GC=F
2026-10-08T16:34:00Z,4143.5,4144.39990234375,4143.2001953125,4143.60009765625,56.0,yahoo,GC=F
2026-10-08T16:35:00Z,4143.7001953125,4144.2001953125,4142.89990234375,4143.2998046875,43.0,yahoo,GC=F
2026-10-08T16:36:00Z,4143.10009765625,4143.7001953125,4140.5,4140.5,150.0,yahoo,GC=F
2026-10-08T16:37:00Z,4140.39990234375,4142.60009765625,4139.39990234375,4141.0,464.0,yahoo,GC=F
2026-10-08T16:38:00Z,4141.0,4141.89990234375,4140.60009765625,4141.0,89.0,yahoo,GC=F
2026-10-08T16:39:00Z,4141.10009765625,4143.2998046875,4140.60009765625,4142.7998046875,81.0,yahoo,GC=F
2026-10-08T16:40:00Z,4142.7001953125,4147.0,4142.7001953125,4145.2998046875,272.0,yahoo,GC=F
2026-10-08T16:41:00Z,4145.2998046875,4145.5,4144.2998046875,4145.2998046875,68.0,yahoo,GC=F
2026-10-08T16:42:00Z,4145.10009765625,4146.0,4144.7001953125,4144.89990234375,73.0,yahoo,GC=F
2026-10-08T16:43:00Z,4145.0,4145.2001953125,4142.89990234375,4144.39990234375,175.0,yahoo,GC=F
2026-10-08T16:44:00Z,4144.2001953125,4144.60009765625,4143.39990234375,4143.39990234375,108.0,yahoo,GC=F
2026-10-08T16:45:00Z,4143.5,4144.7001953125,4142.7998046875,4144.39990234375,58.0,yahoo,GC=F
2026-10-08T16:46:00Z,4144.2001953125,4146.60009765625,4144.10009765625,4145.2998046875,209.0,yahoo,GC=F
2026-10-08T16:47:00Z,4145.39990234375,4145.60009765625,4141.39990234375,4141.5,128.0,yahoo,GC=F
2026-10-08T16:48:00Z,4141.39990234375,4142.7001953125,4140.7001953125,4142.7001953125,93.0,yahoo,GC=F
2026-10-08T16:49:00Z,4142.7001953125,4145.0,4142.39990234375,4145.0,106.0,yahoo,GC=F
2026-10-08T16:50:00Z,4144.89990234375,4147.39990234375,4144.89990234375,4145.39990234375,199.0,yahoo,GC=F
2026-10-08T16:51:00Z,4145.2998046875,4147.5,4144.89990234375,4147.10009765625,80.0,yahoo,GC=F
2026-10-08T16:52:00Z,4147.60009765625,4147.60009765625,4146.10009765625,4146.10009765625,76.0,yahoo,GC=F
2026-10-08T16:53:00Z,4146.2998046875,4146.89990234375,4145.5,4146.7998046875,159.0,yahoo,GC=F
2026-10-08T16:54:00Z,4146.7998046875,4147.0,4146.0,4146.2998046875,56.0,yahoo,GC=F
2026-10-08T16:55:00Z,4146.39990234375,4148.10009765625,4145.7998046875,4147.5,200.0,yahoo,GC=F
2026-10-08T16:56:00Z,4147.39990234375,4149.7998046875,4146.7001953125,4147.0,341.0,yahoo,GC=F
2026-10-08T16:57:00Z,4147.10009765625,4150.60009765625,4146.7001953125,4147.5,585.0,yahoo,GC=F
2026-10-08T16:58:00Z,4147.60009765625,4148.89990234375,4147.2998046875,4148.60009765625,129.0,yahoo,GC=F
2026-10-08T16:59:00Z,4148.39990234375,4150.10009765625,4148.0,4148.10009765625,217.0,yahoo,GC=F
2026-10-08T17:00:00Z,4148.2001953125,4149.5,4146.89990234375,4149.2001953125,170.0,yahoo,GC=F
2026-10-08T17:01:00Z,4149.0,4151.7001953125,4148.60009765625,4150.5,217.0,yahoo,GC=F
2026-10-08T17:02:00Z,4150.39990234375,4152.89990234375,4149.60009765625,4152.89990234375,359.0,yahoo,GC=F
2026-10-08T17:03:00Z,4152.7001953125,4153.7998046875,4149.2998046875,4149.5,238.0,yahoo,GC=F
2026-10-08T17:04:00Z,4149.7001953125,4152.39990234375,4148.89990234375,4152.39990234375,177.0,yahoo,GC=F
2026-10-08T17:05:00Z,4152.2998046875,4158.2998046875,4152.2998046875,4157.2998046875,591.0,yahoo,GC=F
2026-10-08T17:06:00Z,4157.10009765625,4159.60009765625,4156.10009765625,4157.5,546.0,yahoo,GC=F
2026-10-08T17:07:00Z,4157.60009765625,4159.10009765625,4156.2001953125,4157.60009765625,228.0,yahoo,GC=F
2026-10-08T17:08:00Z,4157.2001953125,4157.89990234375,4155.7001953125,4157.2998046875,186.0,yahoo,GC=F
2026-10-08T17:09:00Z,4157.2998046875,4157.39990234375,4155.2998046875,4155.7001953125,103.0,yahoo,GC=F
2026-10-08T17:10:00Z,4155.60009765625,4157.2001953125,4155.0,4156.7001953125,193.0,yahoo,GC=F
2026-10-08T17:11:00Z,4156.60009765625,4159.0,4156.5,4158.39990234375,241.0,yahoo,GC=F
2026-10-08T17:12:00Z,4158.39990234375,4160.5,4158.2001953125,4159.7998046875,334.0,yahoo,GC=F
2026-10-08T17:13:00Z,4159.7001953125,4160.0,4158.7001953125,4158.7998046875,380.0,yahoo,GC=F
2026-10-08T17:14:00Z,4158.7998046875,4159.5,4155.7998046875,4156.39990234375,702.0,yahoo,GC=F
2026-10-08T17:15:00Z,4156.60009765625,4160.2001953125,4156.0,4158.60009765625,634.0,yahoo,GC=F
2026-10-08T17:16:00Z,4158.60009765625,4162.10009765625,4158.60009765625,4161.7998046875,595.0,yahoo,GC=F
2026-10-08T17:17:00Z,4162.10009765625,4168.60009765625,4161.39990234375,4168.10009765625,820.0,yahoo,GC=F
2026-10-08T17:18:00Z,4168.2001953125,4169.7001953125,4167.10009765625,4168.0,585.0,yahoo,GC=F
2026-10-08T17:19:00Z,4168.0,4170.7001953125,4167.2001953125,4167.60009765625,501.0,yahoo,GC=F
2026-10-08T17:20:00Z,4168.0,4168.0,4164.0,4164.39990234375,382.0,yahoo,GC=F
2026-10-08T17:21:00Z,4164.39990234375,4164.89990234375,4162.39990234375,4162.39990234375,220.0,yahoo,GC=F
2026-10-08T17:22:00Z,4162.2998046875,4165.7998046875,4161.89990234375,4165.2998046875,323.0,yahoo,GC=F
2026-10-08T17:23:00Z,4165.2001953125,4165.2998046875,4162.0,4164.2001953125,407.0,yahoo,GC=F
2026-10-08T17:24:00Z,4164.0,4164.7001953125,4160.60009765625,4161.2998046875,265.0,yahoo,GC=F
2026-10-08T17:25:00Z,4161.0,4161.60009765625,4159.7001953125,4159.7998046875,350.0,yahoo,GC=F
2026-10-08T17:26:00Z,4159.60009765625,4161.2998046875,4158.39990234375,4161.10009765625,371.0,yahoo,GC=F
2026-10-08T17:27:00Z,4161.0,4161.5,4159.39990234375,4161.0,440.0,yahoo,GC=F
2026-10-08T17:28:00Z,4161.10009765625,4161.2998046875,4158.7001953125,4160.7998046875,692.0,yahoo,GC=F
2026-10-08T17:29:00Z,4160.5,4160.7998046875,4155.0,4155.5,2193.0,yahoo,GC=F
2026-10-08T17:30:00Z,4155.39990234375,4155.89990234375,4153.60009765625,4153.89990234375,356.0,yahoo,GC=F
2026-10-08T17:31:00Z,4154.0,4156.2998046875,4153.7998046875,4156.2001953125,150.0,yahoo,GC=F
2026-10-08T17:32:00Z,4156.39990234375,4157.5,4155.7001953125,4155.7998046875,146.0,yahoo,GC=F
2026-10-08T17:33:00Z,4155.7001953125,4156.60009765625,4155.2998046875,4156.39990234375,66.0,yahoo,GC=F
2026-10-08T17:34:00Z,4156.2998046875,4156.2998046875,4154.10009765625,4154.60009765625,118.0,yahoo,GC=F
2026-10-08T17:35:00Z,4154.7001953125,4155.89990234375,4154.7001953125,4155.10009765625,121.0,yahoo,GC=F
2026-10-08T17:36:00Z,4155.5,4156.89990234375,4155.5,4156.5,57.0,yahoo,GC=F
2026-10-08T17:37:00Z,4156.39990234375,4157.2001953125,4155.7001953125,4156.10009765625,167.0,yahoo,GC=F
2026-10-08T17:38:00Z,4156.0,4156.10009765625,4154.89990234375,4155.7001953125,69.0,yahoo,GC=F
2026-10-08T17:39:00Z,4155.60009765625,4156.7998046875,4155.2001953125,4156.7001953125,65.0,yahoo,GC=F
2026-10-08T17:40:00Z,4156.7998046875,4156.7998046875,4154.5,4155.2001953125,64.0,yahoo,GC=F
2026-10-08T17:41:00Z,4155.2001953125,4156.0,4154.60009765625,4154.7001953125,42.0,yahoo,GC=F
2026-10-08T17:42:00Z,4154.7001953125,4156.0,4154.10009765625,4154.89990234375,213.0,yahoo,GC=F
2026-10-08T17:43:00Z,4155.0,4155.60009765625,4154.5,4155.10009765625,60.0,yahoo,GC=F
2026-10-08T17:44:00Z,4156.0,4156.0,4154.7998046875,4155.7001953125,62.0,yahoo,GC=F
2026-10-08T17:45:00Z,4155.5,4156.2001953125,4154.60009765625,4155.2998046875,196.0,yahoo,GC=F
2026-10-08T17:46:00Z,4155.2998046875,4157.89990234375,4155.2998046875,4156.7998046875,130.0,yahoo,GC=F
2026-10-08T17:47:00Z,4156.2001953125,4156.5,4154.60009765625,4154.60009765625,54.0,yahoo,GC=F
2026-10-08T17:48:00Z,4154.5,4155.0,4153.39990234375,4153.89990234375,136.0,yahoo,GC=F
2026-10-08T17:49:00Z,4153.89990234375,4154.2001953125,4152.2001953125,4152.5,108.0,yahoo,GC=F
2026-10-08T17:50:00Z,4152.39990234375,4152.7998046875,4151.7001953125,4152.60009765625,83.0,yahoo,GC=F
2026-10-08T17:51:00Z,4152.60009765625,4152.89990234375,4151.5,4152.7001953125,116.0,yahoo,GC=F
2026-10-08T17:52:00Z,4152.39990234375,4153.5,4152.2998046875,4153.5,41.0,yahoo,GC=F
2026-10-08T17:53:00Z,4153.2001953125,4155.89990234375,4153.2001953125,4155.7998046875,155.0,yahoo,GC=F
2026-10-08T17:54:00Z,4155.7001953125,4156.2998046875,4155.39990234375,4155.60009765625,36.0,yahoo,GC=F
2026-10-08T17:55:00Z,4155.7998046875,4157.7001953125,4155.60009765625,4157.10009765625,156.0,yahoo,GC=F
2026-10-08T17:56:00Z,4157.0,4158.2998046875,4156.7998046875,4157.60009765625,92.0,yahoo,GC=F
2026-10-08T17:57:00Z,4157.39990234375,4157.89990234375,4156.5,4157.7998046875,72.0,yahoo,GC=F
2026-10-08T17:58:00Z,4158.0,4158.10009765625,4157.7998046875,4158.0,21.0,yahoo,GC=F
2026-10-08T17:59:00Z,4158.10009765625,4158.5,4157.2998046875,4157.2998046875,47.0,yahoo,GC=F
2026-10-08T18:00:00Z,4157.5,4159.0,4156.60009765625,4157.0,135.0,yahoo,GC=F
2026-10-08T18:01:00Z,4157.10009765625,4158.10009765625,4156.5,4158.10009765625,87.0,yahoo,GC=F
2026-10-08T18:02:00Z,4158.0,4158.0,4157.0,4157.39990234375,35.0,yahoo,GC=F
2026-10-08T18:03:00Z,4157.39990234375,4157.39990234375,4155.2998046875,4155.2998046875,72.0,yahoo,GC=F
2026-10-08T18:04:00Z,4155.2998046875,4155.7001953125,4154.2998046875,4154.2998046875,57.0,yahoo,GC=F
2026-10-08T18:05:00Z,4154.2001953125,4154.2001953125,4153.2998046875,4153.60009765625,73.0,yahoo,GC=F
2026-10-08T18:06:00Z,4153.60009765625,4154.7001953125,4153.60009765625,4154.7001953125,33.0,yahoo,GC=F
2026-10-08T18:07:00Z,4154.89990234375,4155.10009765625,4154.2998046875,4154.39990234375,20.0,yahoo,GC=F
2026-10-08T18:08:00Z,4154.7998046875,4155.89990234375,4154.7998046875,4155.60009765625,52.0,yahoo,GC=F
2026-10-08T18:09:00Z,4155.10009765625,4155.10009765625,4153.5,4153.5,32.0,yahoo,GC=F
2026-10-08T18:10:00Z,4153.5,4153.60009765625,4152.39990234375,4153.39990234375,94.0,yahoo,GC=F
2026-10-08T18:11:00Z,4153.2001953125,4153.39990234375,4151.2001953125,4151.39990234375,64.0,yahoo,GC=F
2026-10-08T18:12:00Z,4151.2998046875,4152.39990234375,4151.2998046875,4152.10009765625,67.0,yahoo,GC=F
2026-10-08T18:13:00Z,4152.0,4152.7001953125,4151.2001953125,4151.60009765625,153.0,yahoo,GC=F
2026-10-08T18:14:00Z,4152.0,4152.60009765625,4151.60009765625,4152.10009765625,112.0,yahoo,GC=F
2026-10-08T18:15:00Z,4152.2998046875,4154.0,4152.2998046875,4153.7998046875,48.0,yahoo,GC=F
2026-10-08T18:16:00Z,4153.89990234375,4154.10009765625,4152.10009765625,4152.60009765625,61.0,yahoo,GC=F
2026-10-08T18:17:00Z,4152.39990234375,4152.5,4151.10009765625,4151.60009765625,64.0,yahoo,GC=F
2026-10-08T18:18:00Z,4151.39990234375,4152.0,4151.10009765625,4151.89990234375,107.0,yahoo,GC=F
2026-10-08T18:19:00Z,4151.7001953125,4151.7001953125,4150.7001953125,4151.2001953125,80.0,yahoo,GC=F
2026-10-08T18:20:00Z,4150.89990234375,4150.89990234375,4149.39990234375,4149.60009765625,57.0,yahoo,GC=F
2026-10-08T18:21:00Z,4149.5,4149.7998046875,4149.10009765625,4149.2998046875,49.0,yahoo,GC=F
2026-10-08T18:22:00Z,4149.0,4149.2001953125,4148.39990234375,4149.10009765625,101.0,yahoo,GC=F
2026-10-08T18:23:00Z,4149.2998046875,4150.7001953125,4149.2001953125,4150.5,59.0,yahoo,GC=F
2026-10-08T18:24:00Z,4150.7001953125,4151.7001953125,4150.39990234375,4151.7001953125,19.0,yahoo,GC=F
2026-10-08T18:25:00Z,4151.5,4152.2998046875,4150.7001953125,4150.7001953125,80.0,yahoo,GC=F
2026-10-08T18:26:00Z,4150.5,4151.2001953125,4150.39990234375,4151.2001953125,40.0,yahoo,GC=F
2026-10-08T18:27:00Z,4150.89990234375,4151.0,4149.89990234375,4150.2998046875,29.0,yahoo,GC=F
2026-10-08T18:28:00Z,4150.2998046875,4151.89990234375,4150.2998046875,4150.7998046875,94.0,yahoo,GC=F
2026-10-08T18:29:00Z,4150.7998046875,4151.10009765625,4150.2998046875,4150.60009765625,21.0,yahoo,GC=F
2026-10-08T18:30:00Z,4150.39990234375,4150.39990234375,4147.89990234375,4147.89990234375,96.0,yahoo,GC=F
2026-10-08T18:31:00Z,4148.0,4148.5,4146.89990234375,4147.60009765625,104.0,yahoo,GC=F
2026-10-08T18:32:00Z,4147.60009765625,4148.89990234375,4147.2998046875,4148.89990234375,41.0,yahoo,GC=F
2026-10-08T18:33:00Z,4148.7001953125,4148.7998046875,4146.60009765625,4146.7998046875,70.0,yahoo,GC=F
2026-10-08T18:34:00Z,4146.89990234375,4146.89990234375,4146.10009765625,4146.7001953125,89.0,yahoo,GC=F
2026-10-08T18:35:00Z,4146.60009765625,4147.60009765625,4146.5,4147.10009765625,78.0,yahoo,GC=F
2026-10-08T18:36:00Z,4147.2998046875,4147.39990234375,4146.89990234375,4147.10009765625,30.0,yahoo,GC=F
2026-10-08T18:37:00Z,4147.2998046875,4148.5,4147.0,4148.0,72.0,yahoo,GC=F
2026-10-08T18:38:00Z,4147.7001953125,4147.89990234375,4147.60009765625,4147.7998046875,21.0,yahoo,GC=F
2026-10-08T18:39:00Z,4147.60009765625,4148.5,4147.60009765625,4148.39990234375,26.0,yahoo,GC=F
2026-10-08T18:40:00Z,4148.7001953125,4149.7001953125,4148.5,4148.5,39.0,yahoo,GC=F
2026-10-08T18:41:00Z,4148.2998046875,4148.89990234375,4148.2001953125,4148.60009765625,32.0,yahoo,GC=F
2026-10-08T18:42:00Z,4148.60009765625,4148.60009765625,4147.7001953125,4147.7001953125,19.0,yahoo,GC=F
2026-10-08T18:43:00Z,4147.7998046875,4148.7001953125,4147.7998046875,4148.7001953125,23.0,yahoo,GC=F
2026-10-08T18:44:00Z,4148.7998046875,4150.2001953125,4148.39990234375,4150.2001953125,41.0,yahoo,GC=F
2026-10-08T18:45:00Z,4150.0,4150.39990234375,4149.2001953125,4149.2001953125,23.0,yahoo,GC=F
2026-10-08T18:46:00Z,4149.2001953125,4150.2998046875,4149.0,4150.0,41.0,yahoo,GC=F
2026-10-08T18:47:00Z,4150.2998046875,4151.39990234375,4149.39990234375,4149.39990234375,65.0,yahoo,GC=F
2026-10-08T18:48:00Z,4149.2001953125,4150.2998046875,4149.10009765625,4149.7001953125,29.0,yahoo,GC=F
2026-10-08T18:49:00Z,4149.7998046875,4149.7998046875,4149.39990234375,4149.7998046875,22.0,yahoo,GC=F
2026-10-08T18:50:00Z,4150.2998046875,4151.39990234375,4150.2998046875,4151.0,46.0,yahoo,GC=F
2026-10-08T18:51:00Z,4151.10009765625,4151.39990234375,4150.7998046875,4151.10009765625,19.0,yahoo,GC=F
2026-10-08T18:52:00Z,4151.0,4151.39990234375,4149.89990234375,4151.10009765625,69.0,yahoo,GC=F
2026-10-08T18:53:00Z,4151.10009765625,4151.2001953125,4150.5,4151.10009765625,33.0,yahoo,GC=F
2026-10-08T18:54:00Z,4151.60009765625,4152.10009765625,4151.5,4152.0,26.0,yahoo,GC=F
2026-10-08T18:55:00Z,4152.10009765625,4152.7001953125,4151.7998046875,4151.7998046875,25.0,yahoo,GC=F
2026-10-08T18:56:00Z,4152.10009765625,4152.39990234375,4151.7001953125,4152.0,20.0,yahoo,GC=F
2026-10-08T18:57:00Z,4151.60009765625,4152.39990234375,4151.2998046875,4152.39990234375,19.0,yahoo,GC=F
2026-10-08T18:58:00Z,4152.39990234375,4152.5,4151.7998046875,4152.5,27.0,yahoo,GC=F
2026-10-08T18:59:00Z,4152.5,4152.5,4151.39990234375,4151.39990234375,89.0,yahoo,GC=F
2026-10-08T19:00:00Z,4151.5,4153.60009765625,4151.5,4153.10009765625,100.0,yahoo,GC=F
2026-10-08T19:01:00Z,4153.2001953125,4154.2001953125,4153.2001953125,4153.7001953125,17.0,yahoo,GC=F
2026-10-08T19:02:00Z,4154.0,4154.0,4152.0,4152.5,40.0,yahoo,GC=F
2026-10-08T19:03:00Z,4152.39990234375,4152.39990234375,4151.60009765625,4151.7998046875,17.0,yahoo,GC=F
2026-10-08T19:04:00Z,4152.10009765625,4153.0,4152.0,4153.0,22.0,yahoo,GC=F
2026-10-08T19:05:00Z,4153.2998046875,4154.10009765625,4152.89990234375,4154.10009765625,32.0,yahoo,GC=F
2026-10-08T19:06:00Z,4154.10009765625,4154.39990234375,4153.2998046875,4153.2998046875,37.0,yahoo,GC=F
2026-10-08T19:07:00Z,4153.2998046875,4153.2998046875,4152.5,4152.89990234375,20.0,yahoo,GC=F
2026-10-08T19:08:00Z,4153.0,4153.7998046875,4153.0,4153.7998046875,28.0,yahoo,GC=F
2026-10-08T19:09:00Z,4153.89990234375,4154.0,4153.5,4153.5,14.0,yahoo,GC=F
2026-10-08T19:10:00Z,4153.2998046875,4154.0,4153.2998046875,4153.5,24.0,yahoo,GC=F
2026-10-08T19:11:00Z,4153.7998046875,4154.10009765625,4153.60009765625,4154.0,23.0,yahoo,GC=F
2026-10-08T19:12:00Z,4153.89990234375,4154.2998046875,4153.7998046875,4154.10009765625,15.0,yahoo,GC=F
2026-10-08T19:13:00Z,4153.7001953125,4155.10009765625,4153.7001953125,4155.0,36.0,yahoo,GC=F
2026-10-08T19:14:00Z,4155.0,4155.2998046875,4154.39990234375,4154.7998046875,31.0,yahoo,GC=F
2026-10-08T19:15:00Z,4154.7998046875,4154.7998046875,4152.2998046875,4152.5,71.0,yahoo,GC=F
2026-10-08T19:16:00Z,4152.39990234375,4153.5,4152.39990234375,4153.10009765625,47.0,yahoo,GC=F
2026-10-08T19:17:00Z,4153.10009765625,4153.2998046875,4152.60009765625,4152.60009765625,11.0,yahoo,GC=F
2026-10-08T19:18:00Z,4152.89990234375,4153.0,4152.60009765625,4152.7998046875,12.0,yahoo,GC=F
2026-10-08T19:19:00Z,4152.7001953125,4153.2998046875,4152.5,4153.2998046875,14.0,yahoo,GC=F
2026-10-08T19:20:00Z,4153.39990234375,4153.5,4152.5,4152.7998046875,17.0,yahoo,GC=F
2026-10-08T19:21:00Z,4152.89990234375,4153.5,4152.89990234375,4152.89990234375,15.0,yahoo,GC=F
2026-10-08T19:22:00Z,4153.0,4153.2998046875,4152.7998046875,4153.2998046875,21.0,yahoo,GC=F
2026-10-08T19:23:00Z,4153.7001953125,4155.2998046875,4153.7001953125,4154.89990234375,26.0,yahoo,GC=F
2026-10-08T19:24:00Z,4155.10009765625,4156.39990234375,4155.10009765625,4155.39990234375,128.0,yahoo,GC=F
2026-10-08T19:25:00Z,4155.0,4155.60009765625,4154.7001953125,4155.2998046875,36.0,yahoo,GC=F
2026-10-08T19:26:00Z,4155.39990234375,4156.10009765625,4155.2998046875,4155.2998046875,21.0,yahoo,GC=F
2026-10-08T19:27:00Z,4155.5,4157.2998046875,4155.5,4157.0,137.0,yahoo,GC=F
2026-10-08T19:28:00Z,4156.89990234375,4157.2998046875,4155.89990234375,4157.2001953125,310.0,yahoo,GC=F
2026-10-08T19:29:00Z,4156.60009765625,4156.7001953125,4155.0,4155.0,100.0,yahoo,GC=F
2026-10-08T19:30:00Z,4155.10009765625,4155.2998046875,4154.39990234375,4154.5,29.0,yahoo,GC=F
2026-10-08T19:31:00Z,4154.10009765625,4156.2001953125,4154.0,4155.10009765625,149.0,yahoo,GC=F
2026-10-08T19:32:00Z,4155.2001953125,4155.39990234375,4154.60009765625,4155.2001953125,30.0,yahoo,GC=F
2026-10-08T19:33:00Z,4155.2998046875,4155.7001953125,4154.7998046875,4155.0,20.0,yahoo,GC=F
2026-10-08T19:34:00Z,4155.0,4155.7001953125,4154.89990234375,4155.0,24.0,yahoo,GC=F
2026-10-08T19:35:00Z,4155.2998046875,4155.2998046875,4154.39990234375,4154.7998046875,22.0,yahoo,GC=F
2026-10-08T19:36:00Z,4155.10009765625,4155.10009765625,4154.2998046875,4154.2998046875,73.0,yahoo,GC=F
2026-10-08T19:37:00Z,4154.2998046875,4155.5,4154.2998046875,4155.39990234375,23.0,yahoo,GC=F
2026-10-08T19:38:00Z,4155.5,4157.60009765625,4155.10009765625,4157.2998046875,36.0,yahoo,GC=F
2026-10-08T19:39:00Z,4157.0,4158.5,4157.0,4158.2998046875,50.0,yahoo,GC=F
2026-10-08T19:40:00Z,4158.5,4158.5,4156.89990234375,4157.89990234375,127.0,yahoo,GC=F
2026-10-08T19:41:00Z,4158.0,4159.10009765625,4158.0,4159.0,30.0,yahoo,GC=F
2026-10-08T19:42:00Z,4158.7998046875,4158.89990234375,4158.39990234375,4158.7001953125,12.0,yahoo,GC=F
2026-10-08T19:43:00Z,4158.7998046875,4158.7998046875,4156.2998046875,4156.7001953125,44.0,yahoo,GC=F
2026-10-08T19:44:00Z,4156.39990234375,4156.39990234375,4155.2998046875,4155.60009765625,46.0,yahoo,GC=F
2026-10-08T19:45:00Z,4155.5,4155.5,4154.60009765625,4155.0,40.0,yahoo,GC=F
2026-10-08T19:46:00Z,4155.2001953125,4155.2001953125,4153.0,4153.10009765625,63.0,yahoo,GC=F
2026-10-08T19:47:00Z,4153.2001953125,4154.0,4153.0,4153.89990234375,39.0,yahoo,GC=F
2026-10-08T19:48:00Z,4153.89990234375,4154.2001953125,4153.5,4154.10009765625,43.0,yahoo,GC=F
2026-10-08T19:49:00Z,4154.10009765625,4154.39990234375,4153.2998046875,4154.0,39.0,yahoo,GC=F
2026-10-08T19:50:00Z,4154.10009765625,4154.7998046875,4153.89990234375,4154.39990234375,96.0,yahoo,GC=F
2026-10-08T19:51:00Z,4154.2998046875,4155.5,4154.2001953125,4155.5,31.0,yahoo,GC=F
2026-10-08T19:52:00Z,4155.2998046875,4155.5,4154.60009765625,4155.2998046875,55.0,yahoo,GC=F
2026-10-08T19:53:00Z,4155.10009765625,4155.2998046875,4154.7998046875,4155.10009765625,29.0,yahoo,GC=F
2026-10-08T19:54:00Z,4155.10009765625,4155.7001953125,4154.7001953125,4155.60009765625,36.0,yahoo,GC=F
2026-10-08T19:55:00Z,4155.39990234375,4156.7998046875,4155.39990234375,4155.7001953125,59.0,yahoo,GC=F
2026-10-08T19:56:00Z,4155.60009765625,4156.5,4155.5,4156.0,84.0,yahoo,GC=F
2026-10-08T19:57:00Z,4156.10009765625,4156.10009765625,4155.39990234375,4156.0,30.0,yahoo,GC=F
2026-10-08T19:58:00Z,4156.10009765625,4157.39990234375,4156.0,4157.10009765625,75.0,yahoo,GC=F
2026-10-08T19:59:00Z,4157.2998046875,4158.2998046875,4156.5,4158.2998046875,170.0,yahoo,GC=F
2026-10-08T20:00:00Z,4158.10009765625,4158.7001953125,4157.2998046875,4157.39990234375,134.0,yahoo,GC=F
2026-10-08T20:01:00Z,4157.5,4158.0,4157.2001953125,4157.7001953125,39.0,yahoo,GC=F
2026-10-08T20:02:00Z,4157.7998046875,4157.89990234375,4157.10009765625,4157.7998046875,29.0,yahoo,GC=F
2026-10-08T20:03:00Z,4157.39990234375,4158.60009765625,4157.39990234375,4158.5,46.0,yahoo,GC=F
2026-10-08T20:04:00Z,4158.2998046875,4159.10009765625,4158.0,4158.7001953125,32.0,yahoo,GC=F
2026-10-08T20:05:00Z,4158.7998046875,4159.89990234375,4158.7998046875,4159.89990234375,28.0,yahoo,GC=F
2026-10-08T20:06:00Z,4159.89990234375,4160.0,4158.89990234375,4159.10009765625,34.0,yahoo,GC=F
2026-10-08T20:07:00Z,4159.0,4159.39990234375,4158.89990234375,4159.39990234375,22.0,yahoo,GC=F
2026-10-08T20:08:00Z,4159.89990234375,4160.2998046875,4159.10009765625,4159.10009765625,22.0,yahoo,GC=F
2026-10-08T20:09:00Z,4158.7998046875,4159.5,4158.7998046875,4159.2001953125,10.0,yahoo,GC=F
2026-10-08T20:10:00Z,4159.60009765625,4160.0,4159.5,4159.7001953125,38.0,yahoo,GC=F
2026-10-08T20:11:00Z,4159.7998046875,4160.2001953125,4159.10009765625,4159.2998046875,121.0,yahoo,GC=F
2026-10-08T20:12:00Z,4159.2998046875,4159.60009765625,4159.2001953125,4159.39990234375,18.0,yahoo,GC=F
2026-10-08T20:13:00Z,4159.5,4159.5,4159.2998046875,4159.5,4.0,yahoo,GC=F
2026-10-08T20:14:00Z,4159.39990234375,4159.39990234375,4158.89990234375,4159.10009765625,23.0,yahoo,GC=F
2026-10-08T20:15:00Z,4159.39990234375,4159.60009765625,4159.39990234375,4159.39990234375,7.0,yahoo,GC=F
2026-10-08T20:16:00Z,4159.7001953125,4160.7001953125,4159.7001953125,4160.2001953125,25.0,yahoo,GC=F
2026-10-08T20:17:00Z,4160.2998046875,4160.5,4160.10009765625,4160.39990234375,10.0,yahoo,GC=F
2026-10-08T20:18:00Z,4160.5,4161.10009765625,4160.5,4160.7998046875,11.0,yahoo,GC=F
2026-10-08T20:19:00Z,4160.7998046875,4160.7998046875,4160.2001953125,4160.2998046875,31.0,yahoo,GC=F
2026-10-08T20:20:00Z,4160.2998046875,4161.0,4160.2998046875,4160.89990234375,27.0,yahoo,GC=F
2026-10-08T20:21:00Z,4161.0,4161.2001953125,4160.7001953125,4161.10009765625,19.0,yahoo,GC=F
2026-10-08T20:22:00Z,4161.10009765625,4161.2001953125,4160.2998046875,4160.7998046875,33.0,yahoo,GC=F
2026-10-08T20:23:00Z,4160.7001953125,4160.7001953125,4160.2001953125,4160.60009765625,9.0,yahoo,GC=F
2026-10-08T20:24:00Z,4160.39990234375,4160.39990234375,4159.7998046875,4160.0,43.0,yahoo,GC=F
2026-10-08T20:25:00Z,4160.2001953125,4160.2001953125,4160.0,4160.10009765625,11.0,yahoo,GC=F
2026-10-08T20:26:00Z,4160.2001953125,4160.2001953125,4159.60009765625,4159.60009765625,11.0,yahoo,GC=F
2026-10-08T20:27:00Z,4159.60009765625,4159.89990234375,4159.5,4159.5,11.0,yahoo,GC=F
2026-10-08T20:28:00Z,4159.7998046875,4160.60009765625,4159.7998046875,4159.89990234375,29.0,yahoo,GC=F
2026-10-08T20:29:00Z,4160.0,4160.0,4158.89990234375,4158.89990234375,48.0,yahoo,GC=F
2026-10-08T20:30:00Z,4159.10009765625,4159.2998046875,4158.5,4159.2998046875,44.0,yahoo,GC=F
2026-10-08T20:31:00Z,4159.2998046875,4159.60009765625,4159.0,4159.2001953125,15.0,yahoo,GC=F
2026-10-08T20:32:00Z,4159.10009765625,4159.2998046875,4159.10009765625,4159.2998046875,24.0,yahoo,GC=F
2026-10-08T20:33:00Z,4159.0,4159.2001953125,4159.0,4159.2001953125,2.0,yahoo,GC=F
2026-10-08T20:34:00Z,4159.10009765625,4159.10009765625,4158.7001953125,4158.7001953125,16.0,yahoo,GC=F
2026-10-08T20:35:00Z,4158.7998046875,4158.7998046875,4158.5,4158.5,29.0,yahoo,GC=F
2026-10-08T20:36:00Z,4158.39990234375,4159.2998046875,4158.10009765625,4159.0,23.0,yahoo,GC=F
2026-10-08T20:37:00Z,4158.89990234375,4158.89990234375,4158.89990234375,4158.89990234375,1.0,yahoo,GC=F
2026-10-08T20:38:00Z,4158.89990234375,4159.39990234375,4158.89990234375,4159.39990234375,15.0,yahoo,GC=F
2026-10-08T20:39:00Z,4159.2001953125,4159.2001953125,4158.89990234375,4158.89990234375,7.0,yahoo,GC=F
2026-10-08T20:40:00Z,4158.7001953125,4158.89990234375,4158.2998046875,4158.89990234375,14.0,yahoo,GC=F
2026-10-08T20:41:00Z,4158.60009765625,4158.7001953125,4158.39990234375,4158.60009765625,12.0,yahoo,GC=F
2026-10-08T20:42:00Z,4158.39990234375,4158.7001953125,4157.7001953125,4158.0,56.0,yahoo,GC=F
2026-10-08T20:43:00Z,4157.89990234375,4158.10009765625,4157.89990234375,4158.0,12.0,yahoo,GC=F
2026-10-08T20:44:00Z,4158.10009765625,4158.2001953125,4157.60009765625,4158.0,16.0,yahoo,GC=F
2026-10-08T20:45:00Z,4158.0,4158.7998046875,4158.0,4158.5,45.0,yahoo,GC=F
2026-10-08T20:46:00Z,4158.5,4158.7001953125,4158.2001953125,4158.2001953125,19.0,yahoo,GC=F
2026-10-08T20:47:00Z,4158.0,4158.10009765625,4157.60009765625,4157.60009765625,14.0,yahoo,GC=F
2026-10-08T20:48:00Z,4157.7001953125,4158.10009765625,4157.7001953125,4158.10009765625,10.0,yahoo,GC=F
2026-10-08T20:49:00Z,4158.2001953125,4158.2001953125,4157.2001953125,4157.60009765625,27.0,yahoo,GC=F
2026-10-08T20:50:00Z,4157.7001953125,4158.0,4156.89990234375,4158.0,59.0,yahoo,GC=F
2026-10-08T20:51:00Z,4157.7001953125,4158.0,4157.10009765625,4157.5,32.0,yahoo,GC=F
2026-10-08T20:52:00Z,4157.60009765625,4158.7998046875,4157.60009765625,4158.60009765625,18.0,yahoo,GC=F
2026-10-08T20:53:00Z,4158.7001953125,4158.7001953125,4158.2001953125,4158.2001953125,18.0,yahoo,GC=F
2026-10-08T20:54:00Z,4157.89990234375,4158.0,4157.5,4157.7998046875,12.0,yahoo,GC=F
2026-10-08T20:55:00Z,4157.7998046875,4157.89990234375,4156.89990234375,4157.2998046875,20.0,yahoo,GC=F
2026-10-08T20:56:00Z,4157.10009765625,4158.5,4156.89990234375,4158.5,34.0,yahoo,GC=F
2026-10-08T20:57:00Z,4158.7001953125,4158.7998046875,4158.10009765625,4158.10009765625,20.0,yahoo,GC=F
2026-10-08T20:58:00Z,4158.10009765625,4158.39990234375,4158.10009765625,4158.2998046875,18.0,yahoo,GC=F
2026-10-08T20:59:00Z,4158.10009765625,4158.5,4158.0,4158.2998046875,0.0,yahoo,GC=F
2026-10-08T22:00:00Z,4159.7001953125,4160.0,4158.7998046875,4159.39990234375,36.0,yahoo,GC=F
2026-10-08T22:01:00Z,4158.2998046875,4160.2001953125,4158.2998046875,4159.7998046875,14.0,yahoo,GC=F
2026-10-08T22:02:00Z,4159.7998046875,4159.7998046875,4157.0,4157.5,86.0,yahoo,GC=F
2026-10-08T22:03:00Z,4157.60009765625,4157.60009765625,4156.10009765625,4156.7001953125,36.0,yahoo,GC=F
2026-10-08T22:04:00Z,4156.89990234375,4157.89990234375,4156.39990234375,4157.7998046875,33.0,yahoo,GC=F
2026-10-08T22:05:00Z,4157.39990234375,4158.2001953125,4157.2001953125,4158.2001953125,11.0,yahoo,GC=F
2026-10-08T22:06:00Z,4158.5,4158.5,4157.7998046875,4157.89990234375,11.0,yahoo,GC=F
2026-10-08T22:07:00Z,4158.10009765625,4158.89990234375,4158.10009765625,4158.39990234375,9.0,yahoo,GC=F
2026-10-08T22:08:00Z,4158.60009765625,4159.2998046875,4158.60009765625,4159.2998046875,13.0,yahoo,GC=F
2026-10-08T22:09:00Z,4159.7998046875,4160.2998046875,4159.2998046875,4160.2998046875,32.0,yahoo,GC=F
2026-10-08T22:10:00Z,4160.2001953125,4160.2001953125,4159.7998046875,4160.0,21.0,yahoo,GC=F
2026-10-08T22:11:00Z,4160.10009765625,4160.89990234375,4160.10009765625,4160.7998046875,19.0,yahoo,GC=F
2026-10-08T22:12:00Z,4160.7998046875,4161.2001953125,4159.5,4160.7001953125,113.0,yahoo,GC=F
2026-10-08T22:13:00Z,4160.39990234375,4160.7998046875,4160.2001953125,4160.60009765625,82.0,yahoo,GC=F
2026-10-08T22:14:00Z,4160.2998046875,4160.2998046875,4158.60009765625,4158.7001953125,83.0,yahoo,GC=F
2026-10-08T22:15:00Z,4158.7001953125,4159.5,4158.60009765625,4159.10009765625,89.0,yahoo,GC=F
2026-10-08T22:16:00Z,4159.10009765625,4160.7998046875,4159.10009765625,4160.7998046875,103.0,yahoo,GC=F
2026-10-08T22:17:00Z,4160.7998046875,4162.10009765625,4160.7998046875,4161.10009765625,71.0,yahoo,GC=F
2026-10-08T22:18:00Z,4161.10009765625,4161.2001953125,4160.7001953125,4161.0,57.0,yahoo,GC=F
2026-10-08T22:19:00Z,4161.0,4161.39990234375,4160.5,4160.5,25.0,yahoo,GC=F
2026-10-08T22:20:00Z,4160.39990234375,4161.5,4160.2998046875,4161.2001953125,64.0,yahoo,GC=F
2026-10-08T22:21:00Z,4161.0,4161.2001953125,4160.60009765625,4160.7998046875,32.0,yahoo,GC=F
2026-10-08T22:22:00Z,4161.0,4161.0,4160.7001953125,4160.89990234375,34.0,yahoo,GC=F
2026-10-08T22:23:00Z,4160.89990234375,4161.5,4160.89990234375,4161.39990234375,36.0,yahoo,GC=F
2026-10-08T22:24:00Z,4161.39990234375,4161.5,4161.39990234375,4161.5,3.0,yahoo,GC=F
2026-10-08T22:25:00Z,4161.60009765625,4162.2001953125,4161.60009765625,4162.10009765625,21.0,yahoo,GC=F
2026-10-08T22:26:00Z,4162.2001953125,4162.39990234375,4161.5,4162.0,27.0,yahoo,GC=F
2026-10-08T22:27:00Z,4162.2001953125,4162.39990234375,4161.60009765625,4161.89990234375,47.0,yahoo,GC=F
2026-10-08T22:28:00Z,4161.89990234375,4162.0,4161.60009765625,4161.7001953125,32.0,yahoo,GC=F
2026-10-08T22:29:00Z,4161.7001953125,4162.0,4161.5,4161.89990234375,19.0,yahoo,GC=F
2026-10-08T22:30:00Z,4162.0,4162.10009765625,4161.5,4161.7998046875,28.0,yahoo,GC=F
2026-10-08T22:31:00Z,4161.60009765625,4162.0,4161.39990234375,4161.7998046875,28.0,yahoo,GC=F
2026-10-08T22:32:00Z,4161.60009765625,4162.10009765625,4161.60009765625,4162.10009765625,35.0,yahoo,GC=F
2026-10-08T22:33:00Z,4162.10009765625,4162.5,4161.89990234375,4162.0,45.0,yahoo,GC=F
2026-10-08T22:34:00Z,4162.2998046875,4162.7001953125,4162.2998046875,4162.39990234375,11.0,yahoo,GC=F
2026-10-08T22:35:00Z,4162.7001953125,4163.2998046875,4162.7001953125,4162.89990234375,43.0,yahoo,GC=F
2026-10-08T22:36:00Z,4162.89990234375,4164.10009765625,4162.7998046875,4164.10009765625,37.0,yahoo,GC=F
2026-10-08T22:37:00Z,4164.0,4164.0,4163.2001953125,4163.39990234375,87.0,yahoo,GC=F
2026-10-08T22:38:00Z,4163.5,4164.2001953125,4163.2998046875,4163.60009765625,93.0,yahoo,GC=F
2026-10-08T22:39:00Z,4163.7001953125,4163.89990234375,4163.39990234375,4163.7998046875,22.0,yahoo,GC=F
2026-10-08T22:40:00Z,4163.7998046875,4164.60009765625,4163.7998046875,4164.60009765625,51.0,yahoo,GC=F
2026-10-08T22:41:00Z,4164.60009765625,4165.5,4164.2001953125,4164.89990234375,48.0,yahoo,GC=F
2026-10-08T22:42:00Z,4165.2001953125,4165.2998046875,4164.5,4164.7998046875,55.0,yahoo,GC=F
2026-10-08T22:43:00Z,4164.89990234375,4165.39990234375,4164.10009765625,4164.89990234375,85.0,yahoo,GC=F
2026-10-08T22:44:00Z,4164.7998046875,4165.0,4164.39990234375,4164.60009765625,83.0,yahoo,GC=F
2026-10-08T22:45:00Z,4164.5,4165.0,4164.5,4164.7001953125,21.0,yahoo,GC=F
2026-10-08T22:46:00Z,4164.7998046875,4165.5,4164.7998046875,4165.2001953125,23.0,yahoo,GC=F
2026-10-08T22:47:00Z,4165.5,4165.89990234375,4165.2001953125,4165.89990234375,31.0,yahoo,GC=F
2026-10-08T22:48:00Z,4165.7001953125,4165.7998046875,4165.39990234375,4165.39990234375,33.0,yahoo,GC=F
2026-10-08T22:49:00Z,4165.5,4165.5,4164.7998046875,4165.2001953125,110.0,yahoo,GC=F
2026-10-08T22:50:00Z,4165.2001953125,4165.39990234375,4164.7998046875,4164.89990234375,59.0,yahoo,GC=F
2026-10-08T22:51:00Z,4164.89990234375,4165.39990234375,4164.7001953125,4165.2998046875,66.0,yahoo,GC=F
2026-10-08T22:52:00Z,4165.0,4165.0,4163.39990234375,4163.7998046875,108.0,yahoo,GC=F
2026-10-08T22:53:00Z,4163.89990234375,4163.89990234375,4163.0,4163.10009765625,43.0,yahoo,GC=F
2026-10-08T22:54:00Z,4163.10009765625,4163.60009765625,4163.10009765625,4163.60009765625,4.0,yahoo,GC=F
2026-10-08T22:55:00Z,4163.7998046875,4164.2001953125,4163.2001953125,4163.7998046875,36.0,yahoo,GC=F
2026-10-08T22:56:00Z,4163.7998046875,4164.2998046875,4163.60009765625,4164.10009765625,38.0,yahoo,GC=F
2026-10-08T22:57:00Z,4164.10009765625,4164.2001953125,4163.89990234375,4164.0,6.0,yahoo,GC=F
2026-10-08T22:58:00Z,4163.7998046875,4163.89990234375,4162.7001953125,4163.0,34.0,yahoo,GC=F
2026-10-08T22:59:00Z,4163.2001953125,4163.2998046875,4163.0,4163.2998046875,9.0,yahoo,GC=F
2026-10-08T23:00:00Z,4163.2998046875,4163.39990234375,4162.7998046875,4162.89990234375,23.0,yahoo,GC=F
2026-10-08T23:01:00Z,4162.7001953125,4162.7998046875,4161.0,4161.2998046875,63.0,yahoo,GC=F
2026-10-08T23:02:00Z,4161.2998046875,4161.89990234375,4161.2998046875,4161.60009765625,21.0,yahoo,GC=F
2026-10-08T23:03:00Z,4161.5,4162.5,4161.5,4162.0,41.0,yahoo,GC=F
2026-10-08T23:04:00Z,4161.89990234375,4165.5,4161.7998046875,4165.0,66.0,yahoo,GC=F
2026-10-08T23:05:00Z,4165.0,4165.2001953125,4164.5,4164.89990234375,37.0,yahoo,GC=F
2026-10-08T23:06:00Z,4165.0,4165.39990234375,4164.7998046875,4165.0,29.0,yahoo,GC=F
2026-10-08T23:07:00Z,4165.2001953125,4165.2001953125,4164.89990234375,4164.89990234375,3.0,yahoo,GC=F
2026-10-08T23:08:00Z,4164.89990234375,4165.0,4164.7998046875,4164.89990234375,10.0,yahoo,GC=F
2026-10-08T23:09:00Z,4165.0,4167.2001953125,4165.0,4166.7998046875,82.0,yahoo,GC=F
2026-10-08T23:10:00Z,4167.0,4167.0,4166.5,4166.5,6.0,yahoo,GC=F
2026-10-08T23:11:00Z,4166.2998046875,4166.39990234375,4165.89990234375,4166.2998046875,14.0,yahoo,GC=F
2026-10-08T23:12:00Z,4166.2001953125,4166.2001953125,4165.7998046875,4166.0,15.0,yahoo,GC=F
2026-10-08T23:13:00Z,4165.7001953125,4165.7001953125,4165.0,4165.2998046875,33.0,yahoo,GC=F
2026-10-08T23:14:00Z,4165.5,4165.60009765625,4165.39990234375,4165.5,4.0,yahoo,GC=F
2026-10-08T23:15:00Z,4165.2998046875,4165.89990234375,4165.2001953125,4165.7001953125,24.0,yahoo,GC=F
2026-10-08T23:16:00Z,4165.7001953125,4165.89990234375,4165.5,4165.89990234375,12.0,yahoo,GC=F
2026-10-08T23:17:00Z,4165.60009765625,4166.39990234375,4165.2001953125,4166.39990234375,34.0,yahoo,GC=F
2026-10-08T23:18:00Z,4166.2998046875,4167.39990234375,4166.2001953125,4167.39990234375,31.0,yahoo,GC=F
2026-10-08T23:19:00Z,4167.5,4167.5,4166.89990234375,4166.89990234375,17.0,yahoo,GC=F
2026-10-08T23:20:00Z,4167.0,4168.60009765625,4167.0,4168.2998046875,39.0,yahoo,GC=F
2026-10-08T23:21:00Z,4168.2998046875,4169.5,4168.2998046875,4169.2001953125,103.0,yahoo,GC=F
2026-10-08T23:22:00Z,4169.2001953125,4169.2001953125,4168.0,4168.10009765625,77.0,yahoo,GC=F
2026-10-08T23:23:00Z,4168.0,4168.2001953125,4167.60009765625,4167.7001953125,65.0,yahoo,GC=F
2026-10-08T23:24:00Z,4167.7001953125,4168.7998046875,4167.5,4168.39990234375,22.0,yahoo,GC=F
2026-10-08T23:25:00Z,4168.60009765625,4168.7001953125,4167.60009765625,4168.0,9.0,yahoo,GC=F
2026-10-08T23:26:00Z,4167.7001953125,4167.7998046875,4167.2001953125,4167.2001953125,31.0,yahoo,GC=F
2026-10-08T23:27:00Z,4167.10009765625,4167.2998046875,4166.10009765625,4166.2001953125,30.0,yahoo,GC=F
2026-10-08T23:28:00Z,4166.39990234375,4167.39990234375,4166.2001953125,4167.39990234375,24.0,yahoo,GC=F
2026-10-08T23:29:00Z,4167.5,4167.5,4166.0,4166.60009765625,45.0,yahoo,GC=F
2026-10-08T23:30:00Z,4166.5,4168.2001953125,4166.10009765625,4168.2001953125,113.0,yahoo,GC=F
2026-10-08T23:31:00Z,4168.10009765625,4169.10009765625,4166.5,4166.7998046875,141.0,yahoo,GC=F
2026-10-08T23:32:00Z,4167.10009765625,4167.60009765625,4167.10009765625,4167.60009765625,19.0,yahoo,GC=F
2026-10-08T23:33:00Z,4167.2998046875,4167.7998046875,4167.2001953125,4167.5,12.0,yahoo,GC=F
2026-10-08T23:34:00Z,4167.39990234375,4167.39990234375,4166.89990234375,4166.89990234375,3.0,yahoo,GC=F
2026-10-08T23:35:00Z,4166.7998046875,4168.10009765625,4166.7998046875,4167.60009765625,36.0,yahoo,GC=F
2026-10-08T23:36:00Z,4167.39990234375,4167.39990234375,4166.5,4166.60009765625,12.0,yahoo,GC=F
2026-10-08T23:37:00Z,4167.10009765625,4167.2001953125,4167.10009765625,4167.2001953125,3.0,yahoo,GC=F
2026-10-08T23:38:00Z,4167.0,4167.60009765625,4166.5,4166.5,35.0,yahoo,GC=F
2026-10-08T23:39:00Z,4166.7001953125,4167.39990234375,4166.7001953125,4167.39990234375,7.0,yahoo,GC=F
2026-10-08T23:40:00Z,4167.39990234375,4167.5,4167.39990234375,4167.5,5.0,yahoo,GC=F
2026-10-08T23:41:00Z,4167.39990234375,4167.39990234375,4167.0,4167.0,7.0,yahoo,GC=F
2026-10-08T23:42:00Z,4166.89990234375,4167.10009765625,4166.39990234375,4166.39990234375,19.0,yahoo,GC=F
2026-10-08T23:43:00Z,4166.39990234375,4166.39990234375,4165.7998046875,4165.89990234375,10.0,yahoo,GC=F
2026-10-08T23:44:00Z,4165.89990234375,4166.10009765625,4165.7998046875,4166.10009765625,7.0,yahoo,GC=F
2026-10-08T23:45:00Z,4165.89990234375,4166.2998046875,4165.60009765625,4165.7998046875,20.0,yahoo,GC=F
2026-10-08T23:46:00Z,4165.7998046875,4165.7998046875,4164.7998046875,4165.10009765625,17.0,yahoo,GC=F
2026-10-08T23:47:00Z,4164.7998046875,4165.0,4164.60009765625,4164.60009765625,13.0,yahoo,GC=F
2026-10-08T23:48:00Z,4164.7998046875,4165.39990234375,4164.39990234375,4164.39990234375,19.0,yahoo,GC=F
2026-10-08T23:49:00Z,4164.60009765625,4165.7998046875,4164.60009765625,4165.7998046875,22.0,yahoo,GC=F
2026-10-08T23:50:00Z,4166.0,4167.7998046875,4166.0,4167.39990234375,40.0,yahoo,GC=F
2026-10-08T23:51:00Z,4167.5,4167.5,4166.89990234375,4166.89990234375,12.0,yahoo,GC=F
2026-10-08T23:52:00Z,4167.2001953125,4168.7001953125,4167.2001953125,4168.7001953125,11.0,yahoo,GC=F
2026-10-08T23:53:00Z,4168.89990234375,4169.2001953125,4167.7001953125,4168.89990234375,39.0,yahoo,GC=F
2026-10-08T23:54:00Z,4168.7001953125,4168.7001953125,4168.10009765625,4168.10009765625,4.0,yahoo,GC=F
2026-10-08T23:55:00Z,4168.5,4169.60009765625,4168.5,4168.89990234375,27.0,yahoo,GC=F
2026-10-08T23:56:00Z,4168.7001953125,4168.7998046875,4167.7001953125,4167.7998046875,27.0,yahoo,GC=F
2026-10-08T23:57:00Z,4168.10009765625,4168.60009765625,4168.10009765625,4168.39990234375,23.0,yahoo,GC=F
2026-10-08T23:58:00Z,4168.60009765625,4169.2001953125,4168.60009765625,4169.2001953125,5.0,yahoo,GC=F
2026-10-08T23:59:00Z,4168.7998046875,4170.60009765625,4168.7998046875,4169.2001953125,71.0,yahoo,GC=F
