timestamp_utc,open,high,low,close,volume,source,symbol
2026-10-09T00:00:00Z,4169.39990234375,4173.89990234375,4168.89990234375,4172.89990234375,249.0,yahoo,GC=F
2026-10-09T00:01:00Z,4173.0,4173.5,4172.2001953125,4173.2998046875,135.0,yahoo,GC=F
2026-10-09T00:02:00Z,4172.7001953125,4174.2998046875,4172.0,4172.0,98.0,yahoo,GC=F
2026-10-09T00:03:00Z,4172.2998046875,4174.2001953125,4172.2998046875,4173.2998046875,64.0,yahoo,GC=F
2026-10-09T00:04:00Z,4173.10009765625,4173.2998046875,4172.5,4172.7998046875,35.0,yahoo,GC=F
2026-10-09T00:05:00Z,4173.0,4173.7998046875,4172.89990234375,4173.2998046875,19.0,yahoo,GC=F
2026-10-09T00:06:00Z,4173.10009765625,4173.7001953125,4172.2998046875,4172.60009765625,18.0,yahoo,GC=F
2026-10-09T00:07:00Z,4173.10009765625,4175.2998046875,4173.0,4174.60009765625,85.0,yahoo,GC=F
2026-10-09T00:08:00Z,4174.39990234375,4174.39990234375,4170.7998046875,4171.39990234375,112.0,yahoo,GC=F
2026-10-09T00:09:00Z,4171.5,4171.7998046875,4168.39990234375,4168.39990234375,104.0,yahoo,GC=F
2026-10-09T00:10:00Z,4168.7998046875,4169.5,4168.7998046875,4169.0,46.0,yahoo,GC=F
2026-10-09T00:11:00Z,4169.0,4169.2001953125,4167.89990234375,4168.39990234375,53.0,yahoo,GC=F
2026-10-09T00:12:00Z,4168.5,4171.39990234375,4168.2001953125,4171.10009765625,56.0,yahoo,GC=F
2026-10-09T00:13:00Z,4170.89990234375,4171.7001953125,4170.89990234375,4171.2001953125,42.0,yahoo,GC=F
2026-10-09T00:14:00Z,4171.5,4172.5,4170.39990234375,4171.10009765625,67.0,yahoo,GC=F
2026-10-09T00:15:00Z,4171.2998046875,4173.60009765625,4170.7001953125,4171.7001953125,35.0,yahoo,GC=F
2026-10-09T00:16:00Z,4171.60009765625,4172.7998046875,4171.2001953125,4172.7998046875,30.0,yahoo,GC=F
2026-10-09T00:17:00Z,4173.39990234375,4174.0,4172.60009765625,4173.5,44.0,yahoo,GC=F
2026-10-09T00:18:00Z,4173.5,4173.60009765625,4173.0,4173.2998046875,9.0,yahoo,GC=F
2026-10-09T00:19:00Z,4173.2001953125,4173.2998046875,4172.7998046875,4173.0,20.0,yahoo,GC=F
2026-10-09T00:20:00Z,4173.0,4174.2998046875,4173.0,4173.10009765625,25.0,yahoo,GC=F
2026-10-09T00:21:00Z,4173.10009765625,4173.10009765625,4171.89990234375,4172.10009765625,53.0,yahoo,GC=F
2026-10-09T00:22:00Z,4172.10009765625,4172.10009765625,4170.60009765625,4170.7001953125,34.0,yahoo,GC=F
2026-10-09T00:23:00Z,4170.10009765625,4170.10009765625,4168.39990234375,4168.39990234375,69.0,yahoo,GC=F
2026-10-09T00:24:00Z,4168.2001953125,4168.2001953125,4167.10009765625,4167.10009765625,34.0,yahoo,GC=F
2026-10-09T00:25:00Z,4167.5,4167.89990234375,4166.7998046875,4167.0,41.0,yahoo,GC=F
2026-10-09T00:26:00Z,4166.7998046875,4167.7001953125,4166.39990234375,4167.39990234375,23.0,yahoo,GC=F
2026-10-09T00:27:00Z,4167.2001953125,4167.2998046875,4166.60009765625,4166.60009765625,12.0,yahoo,GC=F
2026-10-09T00:28:00Z,4166.7001953125,4167.0,4166.60009765625,4166.7998046875,8.0,yahoo,GC=F
2026-10-09T00:29:00Z,4166.89990234375,4169.39990234375,4166.89990234375,4168.39990234375,76.0,yahoo,GC=F
2026-10-09T00:30:00Z,4168.2998046875,4169.7001953125,4168.0,4168.60009765625,33.0,yahoo,GC=F
2026-10-09T00:31:00Z,4168.89990234375,4171.0,4168.89990234375,4170.7001953125,76.0,yahoo,GC=F
2026-10-09T00:32:00Z,4170.60009765625,4172.89990234375,4170.60009765625,4170.60009765625,123.0,yahoo,GC=F
2026-10-09T00:33:00Z,4170.89990234375,4172.7001953125,4170.89990234375,4172.5,53.0,yahoo,GC=F
2026-10-09T00:34:00Z,4173.39990234375,4174.89990234375,4173.39990234375,4174.10009765625,78.0,yahoo,GC=F
2026-10-09T00:35:00Z,4173.7001953125,4174.39990234375,4173.5,4173.5,23.0,yahoo,GC=F
2026-10-09T00:36:00Z,4173.2998046875,4173.2998046875,4172.89990234375,4173.10009765625,21.0,yahoo,GC=F
2026-10-09T00:37:00Z,4173.39990234375,4173.39990234375,4172.7001953125,4172.7001953125,11.0,yahoo,GC=F
2026-10-09T00:38:00Z,4172.7001953125,4173.0,4172.7001953125,4172.7001953125,11.0,yahoo,GC=F
2026-10-09T00:39:00Z,4172.39990234375,4172.7001953125,4171.7998046875,4171.7998046875,18.0,yahoo,GC=F
2026-10-09T00:40:00Z,4171.7998046875,4173.2998046875,4171.7001953125,4173.0,21.0,yahoo,GC=F
2026-10-09T00:41:00Z,4173.39990234375,4174.2001953125,4173.39990234375,4173.89990234375,13.0,yahoo,GC=F
2026-10-09T00:42:00Z,4174.2998046875,4175.0,4174.10009765625,4174.39990234375,63.0,yahoo,GC=F
2026-10-09T00:43:00Z,4174.2998046875,4174.5,4172.39990234375,4172.39990234375,46.0,yahoo,GC=F
2026-10-09T00:44:00Z,4172.2998046875,4172.89990234375,4172.2001953125,4172.89990234375,20.0,yahoo,GC=F
2026-10-09T00:45:00Z,4172.89990234375,4173.60009765625,4172.89990234375,4173.10009765625,17.0,yahoo,GC=F
2026-10-09T00:46:00Z,4172.89990234375,4172.89990234375,4170.0,4170.0,73.0,yahoo,GC=F
2026-10-09T00:47:00Z,4170.10009765625,4170.7998046875,4168.7001953125,4168.7001953125,86.0,yahoo,GC=F
2026-10-09T00:48:00Z,4168.89990234375,4169.10009765625,4168.2998046875,4168.2998046875,11.0,yahoo,GC=F
2026-10-09T00:49:00Z,4168.5,4169.7001953125,4168.5,4169.2998046875,22.0,yahoo,GC=F
2026-10-09T00:50:00Z,4169.7001953125,4169.89990234375,4169.0,4169.0,8.0,yahoo,GC=F
2026-10-09T00:51:00Z,4168.60009765625,4168.60009765625,4167.7998046875,4168.0,20.0,yahoo,GC=F
2026-10-09T00:52:00Z,4167.2998046875,4168.7998046875,4167.0,4168.7998046875,39.0,yahoo,GC=F
2026-10-09T00:53:00Z,4168.7998046875,4168.7998046875,4168.5,4168.60009765625,8.0,yahoo,GC=F
2026-10-09T00:54:00Z,4168.5,4170.10009765625,4168.5,4170.10009765625,9.0,yahoo,GC=F
2026-10-09T00:55:00Z,4170.0,4170.7001953125,4170.0,4170.5,12.0,yahoo,GC=F
2026-10-09T00:56:00Z,4170.39990234375,4171.60009765625,4170.10009765625,4171.2998046875,60.0,yahoo,GC=F
2026-10-09T00:57:00Z,4171.10009765625,4171.10009765625,4169.10009765625,4169.5,38.0,yahoo,GC=F
2026-10-09T00:58:00Z,4169.5,4170.0,4167.7998046875,4167.7998046875,61.0,yahoo,GC=F
2026-10-09T00:59:00Z,4167.60009765625,4169.60009765625,4167.60009765625,4168.10009765625,42.0,yahoo,GC=F
2026-10-09T01:00:00Z,4167.89990234375,4170.7001953125,4167.89990234375,4170.7001953125,246.0,yahoo,GC=F
2026-10-09T01:01:00Z,4170.89990234375,4174.5,4170.5,4173.89990234375,174.0,yahoo,GC=F
2026-10-09T01:02:00Z,4174.0,4174.10009765625,4172.10009765625,4173.60009765625,64.0,yahoo,GC=F
2026-10-09T01:03:00Z,4173.89990234375,4174.60009765625,4172.10009765625,4172.7001953125,47.0,yahoo,GC=F
2026-10-09T01:04:00Z,4172.60009765625,4174.89990234375,4172.60009765625,4174.0,94.0,yahoo,GC=F
2026-10-09T01:05:00Z,4173.89990234375,4176.0,4173.2001953125,4173.2998046875,215.0,yahoo,GC=F
2026-10-09T01:06:00Z,4173.10009765625,4173.5,4172.2998046875,4172.5,104.0,yahoo,GC=F
2026-10-09T01:07:00Z,4172.89990234375,4174.0,4172.2001953125,4173.2998046875,87.0,yahoo,GC=F
2026-10-09T01:08:00Z,4173.2998046875,4175.60009765625,4173.2998046875,4174.7998046875,88.0,yahoo,GC=F
2026-10-09T01:09:00Z,4174.89990234375,4176.10009765625,4174.89990234375,4175.10009765625,223.0,yahoo,GC=F
2026-10-09T01:10:00Z,4175.39990234375,4176.7998046875,4175.0,4175.60009765625,330.0,yahoo,GC=F
2026-10-09T01:11:00Z,4175.89990234375,4177.89990234375,4174.2001953125,4176.7998046875,284.0,yahoo,GC=F
2026-10-09T01:12:00Z,4176.5,4178.5,4176.2001953125,4177.7001953125,127.0,yahoo,GC=F
2026-10-09T01:13:00Z,4177.89990234375,4181.10009765625,4176.7001953125,4181.0,306.0,yahoo,GC=F
2026-10-09T01:14:00Z,4181.2001953125,4181.2001953125,4179.2998046875,4180.7001953125,120.0,yahoo,GC=F
2026-10-09T01:15:00Z,4180.7998046875,4183.0,4180.7001953125,4181.7998046875,279.0,yahoo,GC=F
2026-10-09T01:16:00Z,4181.7998046875,4182.5,4181.2001953125,4182.10009765625,85.0,yahoo,GC=F
2026-10-09T01:17:00Z,4182.7001953125,4183.10009765625,4181.39990234375,4181.5,129.0,yahoo,GC=F
2026-10-09T01:18:00Z,4181.7998046875,4182.2001953125,4180.7998046875,4181.5,132.0,yahoo,GC=F
2026-10-09T01:19:00Z,4181.7001953125,4182.2001953125,4181.39990234375,4181.39990234375,55.0,yahoo,GC=F
2026-10-09T01:20:00Z,4181.2001953125,4181.5,4181.0,4181.2001953125,8.0,yahoo,GC=F
2026-10-09T01:22:00Z,4184.7998046875,4185.89990234375,4184.7998046875,4185.39990234375,405.0,yahoo,GC=F
2026-10-09T01:23:00Z,4185.60009765625,4188.10009765625,4185.2998046875,4186.2998046875,258.0,yahoo,GC=F
2026-10-09T01:24:00Z,4186.39990234375,4186.5,4185.2001953125,4186.5,85.0,yahoo,GC=F
2026-10-09T01:25:00Z,4186.5,4188.0,4185.5,4187.7001953125,103.0,yahoo,GC=F
2026-10-09T01:26:00Z,4188.10009765625,4188.10009765625,4186.0,4187.0,82.0,yahoo,GC=F
2026-10-09T01:27:00Z,4187.39990234375,4188.7001953125,4186.2001953125,4187.2001953125,136.0,yahoo,GC=F
2026-10-09T01:28:00Z,4186.89990234375,4187.7001953125,4186.60009765625,4187.2998046875,104.0,yahoo,GC=F
2026-10-09T01:29:00Z,4187.2001953125,4188.2998046875,4186.10009765625,4186.2998046875,144.0,yahoo,GC=F
2026-10-09T01:30:00Z,4186.39990234375,4188.60009765625,4186.2998046875,4187.0,205.0,yahoo,GC=F
2026-10-09T01:31:00Z,4187.2998046875,4189.89990234375,4187.0,4188.7998046875,218.0,yahoo,GC=F
2026-10-09T01:32:00Z,4189.2001953125,4191.5,4189.0,4190.7001953125,186.0,yahoo,GC=F
2026-10-09T01:33:00Z,4190.7998046875,4191.7001953125,4189.7998046875,4190.5,102.0,yahoo,GC=F
2026-10-09T01:34:00Z,4190.89990234375,4193.60009765625,4190.5,4192.5,190.0,yahoo,GC=F
2026-10-09T01:35:00Z,4192.5,4195.0,4192.2001953125,4194.39990234375,260.0,yahoo,GC=F
2026-10-09T01:36:00Z,4194.39990234375,4195.0,4194.10009765625,4194.39990234375,291.0,yahoo,GC=F
2026-10-09T01:37:00Z,4194.2998046875,4196.0,4193.89990234375,4194.89990234375,327.0,yahoo,GC=F
2026-10-09T01:38:00Z,4195.0,4195.7001953125,4193.0,4193.2001953125,241.0,yahoo,GC=F
2026-10-09T01:39:00Z,4193.5,4194.89990234375,4193.0,4194.10009765625,155.0,yahoo,GC=F
2026-10-09T01:40:00Z,4194.2001953125,4197.2001953125,4193.89990234375,4195.10009765625,402.0,yahoo,GC=F
2026-10-09T01:41:00Z,4195.10009765625,4198.39990234375,4194.89990234375,4198.39990234375,299.0,yahoo,GC=F
2026-10-09T01:42:00Z,4198.5,4198.60009765625,4196.60009765625,4196.60009765625,157.0,yahoo,GC=F
2026-10-09T01:43:00Z,4196.2998046875,4197.0,4195.60009765625,4196.10009765625,72.0,yahoo,GC=F
2026-10-09T01:44:00Z,4196.39990234375,4196.39990234375,4193.5,4193.60009765625,104.0,yahoo,GC=F
2026-10-09T01:45:00Z,4193.7998046875,4194.7998046875,4193.60009765625,4194.39990234375,57.0,yahoo,GC=F
2026-10-09T01:46:00Z,4194.2998046875,4195.2998046875,4193.7001953125,4195.10009765625,79.0,yahoo,GC=F
2026-10-09T01:47:00Z,4195.2998046875,4198.2001953125,4195.0,4198.2001953125,118.0,yahoo,GC=F
2026-10-09T01:48:00Z,4198.2998046875,4198.7998046875,4197.7998046875,4198.0,81.0,yahoo,GC=F
2026-10-09T01:49:00Z,4198.0,4198.2001953125,4197.60009765625,4198.10009765625,54.0,yahoo,GC=F
2026-10-09T01:50:00Z,4197.89990234375,4199.0,4197.60009765625,4198.2998046875,79.0,yahoo,GC=F
2026-10-09T01:51:00Z,4198.2001953125,4198.5,4197.0,4197.10009765625,68.0,yahoo,GC=F
2026-10-09T01:52:00Z,4197.10009765625,4199.0,4197.0,4198.7998046875,124.0,yahoo,GC=F
2026-10-09T01:53:00Z,4198.7001953125,4199.39990234375,4197.7998046875,4197.89990234375,103.0,yahoo,GC=F
2026-10-09T01:54:00Z,4197.7001953125,4198.10009765625,4196.60009765625,4196.60009765625,77.0,yahoo,GC=F
2026-10-09T01:55:00Z,4196.7001953125,4197.2998046875,4196.2998046875,4197.0,62.0,yahoo,GC=F
2026-10-09T01:56:00Z,4197.10009765625,4197.7001953125,4196.0,4196.60009765625,65.0,yahoo,GC=F
2026-10-09T01:57:00Z,4196.5,4198.10009765625,4196.5,4197.7998046875,59.0,yahoo,GC=F
2026-10-09T01:58:00Z,4197.7001953125,4199.39990234375,4197.60009765625,4199.0,80.0,yahoo,GC=F
2026-10-09T01:59:00Z,4198.89990234375,4199.89990234375,4198.89990234375,4199.7998046875,49.0,yahoo,GC=F
2026-10-09T02:00:00Z,4199.7001953125,4199.89990234375,4198.7998046875,4198.7998046875,167.0,yahoo,GC=F
2026-10-09T02:01:00Z,4199.0,4200.2001953125,4198.89990234375,4199.5,270.0,yahoo,GC=F
2026-10-09T02:02:00Z,4199.39990234375,4200.60009765625,4197.89990234375,4198.0,224.0,yahoo,GC=F
2026-10-09T02:03:00Z,4198.10009765625,4199.5,4198.0,4199.5,63.0,yahoo,GC=F
2026-10-09T02:04:00Z,4199.60009765625,4201.7998046875,4196.7998046875,4197.10009765625,341.0,yahoo,GC=F
2026-10-09T02:05:00Z,4196.7998046875,4197.5,4195.89990234375,4196.7001953125,117.0,yahoo,GC=F
2026-10-09T02:06:00Z,4196.7001953125,4196.7001953125,4194.89990234375,4194.89990234375,100.0,yahoo,GC=F
2026-10-09T02:07:00Z,4195.10009765625,4197.0,4195.0,4196.2998046875,65.0,yahoo,GC=F
2026-10-09T02:08:00Z,4196.2998046875,4197.39990234375,4195.2998046875,4197.2998046875,36.0,yahoo,GC=F
2026-10-09T02:09:00Z,4197.10009765625,4197.2998046875,4196.0,4197.2001953125,39.0,yahoo,GC=F
2026-10-09T02:10:00Z,4197.2998046875,4199.2998046875,4197.2001953125,4197.2001953125,110.0,yahoo,GC=F
2026-10-09T02:11:00Z,4197.2998046875,4197.2998046875,4196.0,4196.7998046875,40.0,yahoo,GC=F
2026-10-09T02:12:00Z,4196.39990234375,4196.7001953125,4196.10009765625,4196.2998046875,32.0,yahoo,GC=F
2026-10-09T02:13:00Z,4196.39990234375,4196.7998046875,4196.0,4196.5,65.0,yahoo,GC=F
2026-10-09T02:14:00Z,4196.2998046875,4196.2998046875,4195.5,4195.5,53.0,yahoo,GC=F
2026-10-09T02:15:00Z,4195.5,4195.7001953125,4194.7001953125,4195.60009765625,82.0,yahoo,GC=F
2026-10-09T02:16:00Z,4195.60009765625,4196.2998046875,4195.10009765625,4196.10009765625,38.0,yahoo,GC=F
2026-10-09T02:17:00Z,4196.2001953125,4197.5,4196.2001953125,4197.5,63.0,yahoo,GC=F
2026-10-09T02:18:00Z,4197.7001953125,4198.2001953125,4196.60009765625,4196.7001953125,60.0,yahoo,GC=F
2026-10-09T02:19:00Z,4197.2001953125,4197.2001953125,4195.89990234375,4196.5,31.0,yahoo,GC=F
2026-10-09T02:20:00Z,4196.2998046875,4196.39990234375,4195.7998046875,4196.2001953125,14.0,yahoo,GC=F
2026-10-09T02:21:00Z,4195.89990234375,4196.10009765625,4195.7998046875,4196.0,11.0,yahoo,GC=F
2026-10-09T02:22:00Z,4196.2998046875,4197.2001953125,4195.89990234375,4197.2001953125,37.0,yahoo,GC=F
2026-10-09T02:23:00Z,4197.0,4197.5,4196.5,4196.5,36.0,yahoo,GC=F
2026-10-09T02:24:00Z,4196.5,4197.10009765625,4196.39990234375,4196.89990234375,18.0,yahoo,GC=F
2026-10-09T02:25:00Z,4196.60009765625,4196.60009765625,4195.89990234375,4196.39990234375,25.0,yahoo,GC=F
2026-10-09T02:26:00Z,4196.2998046875,4196.5,4195.89990234375,4196.5,6.0,yahoo,GC=F
2026-10-09T02:27:00Z,4196.60009765625,4196.7001953125,4195.7001953125,4196.39990234375,22.0,yahoo,GC=F
2026-10-09T02:28:00Z,4196.39990234375,4196.7998046875,4196.0,4196.7998046875,28.0,yahoo,GC=F
2026-10-09T02:29:00Z,4196.7998046875,4196.7998046875,4195.89990234375,4195.89990234375,10.0,yahoo,GC=F
2026-10-09T02:30:00Z,4196.2001953125,4196.39990234375,4194.5,4194.7001953125,115.0,yahoo,GC=F
2026-10-09T02:31:00Z,4195.60009765625,4195.60009765625,4195.0,4195.39990234375,31.0,yahoo,GC=F
2026-10-09T02:32:00Z,4195.2001953125,4196.39990234375,4194.89990234375,4196.39990234375,29.0,yahoo,GC=F
2026-10-09T02:33:00Z,4196.60009765625,4197.7001953125,4196.60009765625,4197.5,73.0,yahoo,GC=F
2026-10-09T02:34:00Z,4197.39990234375,4197.7001953125,4195.39990234375,4196.60009765625,96.0,yahoo,GC=F
2026-10-09T02:35:00Z,4196.7001953125,4197.60009765625,4195.5,4197.5,72.0,yahoo,GC=F
2026-10-09T02:36:00Z,4197.10009765625,4198.39990234375,4197.0,4197.89990234375,54.0,yahoo,GC=F
2026-10-09T02:37:00Z,4198.10009765625,4199.7001953125,4198.10009765625,4199.10009765625,74.0,yahoo,GC=F
2026-10-09T02:38:00Z,4199.2998046875,4202.2998046875,4199.2001953125,4201.7998046875,143.0,yahoo,GC=F
2026-10-09T02:39:00Z,4201.7998046875,4202.2998046875,4201.0,4201.7998046875,76.0,yahoo,GC=F
2026-10-09T02:40:00Z,4201.7001953125,4202.60009765625,4200.7998046875,4201.10009765625,64.0,yahoo,GC=F
2026-10-09T02:41:00Z,4200.89990234375,4202.2998046875,4200.7001953125,4202.10009765625,98.0,yahoo,GC=F
2026-10-09T02:42:00Z,4202.39990234375,4202.60009765625,4201.7998046875,4201.7998046875,32.0,yahoo,GC=F
2026-10-09T02:43:00Z,4201.60009765625,4202.0,4200.7998046875,4201.7001953125,21.0,yahoo,GC=F
2026-10-09T02:44:00Z,4201.89990234375,4201.89990234375,4200.0,4200.39990234375,62.0,yahoo,GC=F
2026-10-09T02:45:00Z,4200.2998046875,4202.7001953125,4199.7001953125,4201.89990234375,298.0,yahoo,GC=F
2026-10-09T02:46:00Z,4201.7998046875,4202.39990234375,4201.2998046875,4201.60009765625,41.0,yahoo,GC=F
2026-10-09T02:47:00Z,4201.7001953125,4201.7001953125,4199.7998046875,4200.2998046875,112.0,yahoo,GC=F
2026-10-09T02:48:00Z,4200.2998046875,4200.7998046875,4200.0,4200.10009765625,20.0,yahoo,GC=F
2026-10-09T02:49:00Z,4200.10009765625,4200.5,4199.39990234375,4200.5,27.0,yahoo,GC=F
2026-10-09T02:50:00Z,4200.2001953125,4200.89990234375,4200.0,4200.89990234375,36.0,yahoo,GC=F
2026-10-09T02:51:00Z,4201.0,4201.2998046875,4200.2998046875,4200.89990234375,36.0,yahoo,GC=F
2026-10-09T02:52:00Z,4200.89990234375,4201.10009765625,4200.39990234375,4200.89990234375,35.0,yahoo,GC=F
2026-10-09T02:53:00Z,4201.2001953125,4202.5,4200.60009765625,4202.5,25.0,yahoo,GC=F
2026-10-09T02:54:00Z,4202.39990234375,4202.7998046875,4202.2998046875,4202.60009765625,40.0,yahoo,GC=F
2026-10-09T02:55:00Z,4202.7998046875,4203.7001953125,4202.60009765625,4203.5,106.0,yahoo,GC=F
2026-10-09T02:56:00Z,4203.5,4203.7998046875,4203.10009765625,4203.7001953125,84.0,yahoo,GC=F
2026-10-09T02:57:00Z,4203.7001953125,4204.5,4203.39990234375,4203.5,82.0,yahoo,GC=F
2026-10-09T02:58:00Z,4203.60009765625,4204.7998046875,4203.60009765625,4204.10009765625,62.0,yahoo,GC=F
2026-10-09T02:59:00Z,4204.0,4204.10009765625,4202.60009765625,4202.60009765625,55.0,yahoo,GC=F
2026-10-09T03:00:00Z,4202.60009765625,4203.10009765625,4201.89990234375,4202.0,99.0,yahoo,GC=F
2026-10-09T03:01:00Z,4202.2001953125,4202.2001953125,4201.2001953125,4201.2001953125,39.0,yahoo,GC=F
2026-10-09T03:02:00Z,4201.0,4201.39990234375,4199.7998046875,4199.7998046875,94.0,yahoo,GC=F
2026-10-09T03:03:00Z,4200.0,4200.2001953125,4198.39990234375,4198.7001953125,73.0,yahoo,GC=F
2026-10-09T03:04:00Z,4198.7001953125,4200.10009765625,4198.39990234375,4200.0,68.0,yahoo,GC=F
2026-10-09T03:05:00Z,4200.10009765625,4201.10009765625,4200.0,4201.10009765625,44.0,yahoo,GC=F
2026-10-09T03:06:00Z,4201.0,4201.0,4199.0,4199.2998046875,96.0,yahoo,GC=F
2026-10-09T03:07:00Z,4199.39990234375,4199.39990234375,4198.39990234375,4199.0,30.0,yahoo,GC=F
2026-10-09T03:08:00Z,4198.7998046875,4199.0,4198.10009765625,4198.39990234375,31.0,yahoo,GC=F
2026-10-09T03:09:00Z,4198.5,4199.39990234375,4198.39990234375,4199.10009765625,41.0,yahoo,GC=F
2026-10-09T03:10:00Z,4199.10009765625,4200.0,4198.60009765625,4199.2001953125,42.0,yahoo,GC=F
2026-10-09T03:11:00Z,4199.2998046875,4200.2001953125,4199.2001953125,4200.10009765625,38.0,yahoo,GC=F
2026-10-09T03:12:00Z,4200.2998046875,4201.7001953125,4200.2998046875,4200.89990234375,73.0,yahoo,GC=F
2026-10-09T03:13:00Z,4201.0,4201.5,4200.0,4200.0,34.0,yahoo,GC=F
2026-10-09T03:14:00Z,4199.7998046875,4199.89990234375,4199.2001953125,4199.89990234375,17.0,yahoo,GC=F
2026-10-09T03:15:00Z,4199.5,4200.2998046875,4199.39990234375,4200.2001953125,11.0,yahoo,GC=F
2026-10-09T03:16:00Z,4200.0,4200.5,4199.60009765625,4200.2998046875,24.0,yahoo,GC=F
2026-10-09T03:17:00Z,4200.2001953125,4200.2001953125,4199.0,4199.39990234375,46.0,yahoo,GC=F
2026-10-09T03:18:00Z,4199.7001953125,4199.89990234375,4199.5,4199.89990234375,9.0,yahoo,GC=F
2026-10-09T03:19:00Z,4200.10009765625,4200.2001953125,4198.7998046875,4199.10009765625,32.0,yahoo,GC=F
2026-10-09T03:20:00Z,4198.5,4198.89990234375,4198.2998046875,4198.7001953125,31.0,yahoo,GC=F
2026-10-09T03:21:00Z,4199.0,4200.2001953125,4198.7998046875,4200.0,17.0,yahoo,GC=F
2026-10-09T03:22:00Z,4199.89990234375,4200.0,4199.2001953125,4199.39990234375,15.0,yahoo,GC=F
2026-10-09T03:23:00Z,4199.39990234375,4199.39990234375,4198.5,4198.7998046875,24.0,yahoo,GC=F
2026-10-09T03:24:00Z,4199.0,4199.5,4198.89990234375,4199.5,12.0,yahoo,GC=F
2026-10-09T03:25:00Z,4199.60009765625,4201.89990234375,4199.2998046875,4201.60009765625,32.0,yahoo,GC=F
2026-10-09T03:26:00Z,4201.39990234375,4201.7998046875,4200.89990234375,4200.89990234375,23.0,yahoo,GC=F
2026-10-09T03:27:00Z,4201.0,4201.10009765625,4200.7001953125,4201.10009765625,37.0,yahoo,GC=F
2026-10-09T03:28:00Z,4200.89990234375,4203.2001953125,4200.5,4201.5,109.0,yahoo,GC=F
2026-10-09T03:29:00Z,4201.60009765625,4202.5,4201.60009765625,4202.2998046875,29.0,yahoo,GC=F
2026-10-09T03:30:00Z,4202.2998046875,4202.5,4199.7001953125,4200.0,83.0,yahoo,GC=F
2026-10-09T03:31:00Z,4200.39990234375,4200.89990234375,4200.2001953125,4200.39990234375,18.0,yahoo,GC=F
2026-10-09T03:32:00Z,4200.39990234375,4200.39990234375,4199.7998046875,4199.7998046875,27.0,yahoo,GC=F
2026-10-09T03:33:00Z,4199.7001953125,4200.0,4199.60009765625,4199.89990234375,11.0,yahoo,GC=F
2026-10-09T03:34:00Z,4200.10009765625,4200.2001953125,4199.89990234375,4199.89990234375,5.0,yahoo,GC=F
2026-10-09T03:35:00Z,4199.89990234375,4200.5,4199.89990234375,4200.10009765625,29.0,yahoo,GC=F
2026-10-09T03:36:00Z,4199.89990234375,4200.2998046875,4199.89990234375,4200.2998046875,12.0,yahoo,GC=F
2026-10-09T03:37:00Z,4200.0,4200.0,4199.5,4200.0,16.0,yahoo,GC=F
2026-10-09T03:38:00Z,4200.10009765625,4200.60009765625,4200.10009765625,4200.2001953125,21.0,yahoo,GC=F
2026-10-09T03:39:00Z,4200.2998046875,4200.2998046875,4200.2001953125,4200.2001953125,2.0,yahoo,GC=F
2026-10-09T03:40:00Z,4200.0,4200.0,4199.2998046875,4199.60009765625,34.0,yahoo,GC=F
2026-10-09T03:41:00Z,4199.39990234375,4199.7001953125,4199.39990234375,4199.39990234375,10.0,yahoo,GC=F
2026-10-09T03:42:00Z,4199.39990234375,4201.39990234375,4199.39990234375,4200.89990234375,66.0,yahoo,GC=F
2026-10-09T03:43:00Z,4200.7998046875,4201.60009765625,4200.7998046875,4201.0,30.0,yahoo,GC=F
2026-10-09T03:44:00Z,4201.2998046875,4202.0,4199.5,4199.5,334.0,yahoo,GC=F
2026-10-09T03:45:00Z,4199.60009765625,4200.2001953125,4199.10009765625,4199.7001953125,71.0,yahoo,GC=F
2026-10-09T03:46:00Z,4199.39990234375,4200.5,4199.39990234375,4200.5,73.0,yahoo,GC=F
2026-10-09T03:47:00Z,4200.7001953125,4201.2998046875,4200.7001953125,4201.0,24.0,yahoo,GC=F
2026-10-09T03:48:00Z,4200.89990234375,4201.5,4200.7001953125,4200.89990234375,33.0,yahoo,GC=F
2026-10-09T03:49:00Z,4201.0,4203.0,4200.10009765625,4201.60009765625,321.0,yahoo,GC=F
2026-10-09T03:50:00Z,4201.7998046875,4202.60009765625,4200.60009765625,4200.60009765625,40.0,yahoo,GC=F
2026-10-09T03:51:00Z,4200.7998046875,4201.5,4200.60009765625,4201.2001953125,24.0,yahoo,GC=F
2026-10-09T03:52:00Z,4201.10009765625,4202.0,4201.0,4201.89990234375,13.0,yahoo,GC=F
2026-10-09T03:53:00Z,4202.2001953125,4202.7001953125,4201.89990234375,4202.7001953125,8.0,yahoo,GC=F
2026-10-09T03:54:00Z,4202.89990234375,4203.2001953125,4202.39990234375,4202.39990234375,20.0,yahoo,GC=F
2026-10-09T03:55:00Z,4202.60009765625,4204.60009765625,4202.60009765625,4203.2001953125,114.0,yahoo,GC=F
2026-10-09T03:56:00Z,4203.10009765625,4204.10009765625,4202.7998046875,4204.10009765625,42.0,yahoo,GC=F
2026-10-09T03:57:00Z,4204.0,4204.10009765625,4202.7998046875,4202.89990234375,63.0,yahoo,GC=F
2026-10-09T03:58:00Z,4202.60009765625,4202.7001953125,4202.2998046875,4202.2998046875,19.0,yahoo,GC=F
2026-10-09T04:00:00Z,4202.10009765625,4202.7001953125,4201.89990234375,4202.7001953125,36.0,yahoo,GC=F
2026-10-09T04:01:00Z,4202.7001953125,4203.2001953125,4202.5,4202.89990234375,117.0,yahoo,GC=F
2026-10-09T04:02:00Z,4203.0,4203.60009765625,4203.0,4203.39990234375,18.0,yahoo,GC=F
2026-10-09T04:03:00Z,4202.89990234375,4202.89990234375,4202.2998046875,4202.2998046875,17.0,yahoo,GC=F
2026-10-09T04:04:00Z,4202.39990234375,4202.7001953125,4202.39990234375,4202.5,14.0,yahoo,GC=F
2026-10-09T04:05:00Z,4202.0,4202.7998046875,4201.7998046875,4202.7001953125,20.0,yahoo,GC=F
2026-10-09T04:06:00Z,4202.5,4203.0,4202.2998046875,4202.7998046875,13.0,yahoo,GC=F
2026-10-09T04:07:00Z,4202.7001953125,4203.10009765625,4202.7001953125,4203.10009765625,17.0,yahoo,GC=F
2026-10-09T04:08:00Z,4203.2998046875,4203.7001953125,4202.89990234375,4203.10009765625,14.0,yahoo,GC=F
2026-10-09T04:09:00Z,4203.2001953125,4203.39990234375,4202.2001953125,4202.2001953125,20.0,yahoo,GC=F
2026-10-09T04:10:00Z,4202.10009765625,4202.5,4201.7998046875,4202.2998046875,28.0,yahoo,GC=F
2026-10-09T04:11:00Z,4202.5,4203.5,4202.39990234375,4203.5,19.0,yahoo,GC=F
2026-10-09T04:12:00Z,4203.7001953125,4204.2001953125,4203.60009765625,4204.0,35.0,yahoo,GC=F
2026-10-09T04:13:00Z,4204.2998046875,4204.7001953125,4203.2001953125,4203.7998046875,58.0,yahoo,GC=F
2026-10-09T04:14:00Z,4203.60009765625,4203.89990234375,4202.39990234375,4203.7001953125,56.0,yahoo,GC=F
2026-10-09T04:15:00Z,4203.89990234375,4203.89990234375,4203.10009765625,4203.2998046875,20.0,yahoo,GC=F
2026-10-09T04:16:00Z,4203.2998046875,4204.5,4203.2001953125,4204.10009765625,22.0,yahoo,GC=F
2026-10-09T04:17:00Z,4204.2998046875,4204.39990234375,4203.39990234375,4203.5,13.0,yahoo,GC=F
2026-10-09T04:18:00Z,4203.60009765625,4204.2998046875,4203.60009765625,4204.2998046875,14.0,yahoo,GC=F
2026-10-09T04:19:00Z,4204.39990234375,4204.39990234375,4204.0,4204.10009765625,6.0,yahoo,GC=F
2026-10-09T04:20:00Z,4204.0,4206.60009765625,4204.0,4206.60009765625,172.0,yahoo,GC=F
2026-10-09T04:21:00Z,4206.60009765625,4207.0,4205.89990234375,4206.7001953125,74.0,yahoo,GC=F
2026-10-09T04:22:00Z,4206.7998046875,4206.7998046875,4206.39990234375,4206.5,21.0,yahoo,GC=F
2026-10-09T04:23:00Z,4206.60009765625,4206.7998046875,4206.2998046875,4206.60009765625,16.0,yahoo,GC=F
2026-10-09T04:24:00Z,4206.39990234375,4206.7001953125,4206.2001953125,4206.60009765625,40.0,yahoo,GC=F
2026-10-09T04:25:00Z,4206.60009765625,4207.60009765625,4206.2998046875,4207.39990234375,68.0,yahoo,GC=F
2026-10-09T04:26:00Z,4207.0,4207.5,4206.7001953125,4206.89990234375,23.0,yahoo,GC=F
2026-10-09T04:27:00Z,4207.2001953125,4207.2001953125,4206.89990234375,4206.89990234375,8.0,yahoo,GC=F
2026-10-09T04:28:00Z,4206.7001953125,4206.7001953125,4206.2998046875,4206.39990234375,15.0,yahoo,GC=F
2026-10-09T04:29:00Z,4206.5,4206.60009765625,4205.89990234375,4206.39990234375,26.0,yahoo,GC=F
2026-10-09T04:30:00Z,4206.39990234375,4208.2998046875,4206.39990234375,4207.2998046875,136.0,yahoo,GC=F
2026-10-09T04:31:00Z,4207.5,4207.5,4206.89990234375,4206.89990234375,17.0,yahoo,GC=F
2026-10-09T04:32:00Z,4207.0,4208.2998046875,4207.0,4208.10009765625,36.0,yahoo,GC=F
2026-10-09T04:33:00Z,4208.0,4208.5,4207.7998046875,4208.5,36.0,yahoo,GC=F
2026-10-09T04:34:00Z,4208.5,4209.10009765625,4208.2998046875,4209.10009765625,65.0,yahoo,GC=F
2026-10-09T04:35:00Z,4209.10009765625,4210.2001953125,4209.10009765625,4209.2998046875,147.0,yahoo,GC=F
2026-10-09T04:36:00Z,4209.10009765625,4209.2001953125,4208.2001953125,4208.7001953125,55.0,yahoo,GC=F
2026-10-09T04:37:00Z,4208.5,4208.7001953125,4207.89990234375,4208.60009765625,75.0,yahoo,GC=F
2026-10-09T04:38:00Z,4208.39990234375,4208.5,4207.7998046875,4207.7998046875,31.0,yahoo,GC=F
2026-10-09T04:39:00Z,4207.89990234375,4208.39990234375,4207.39990234375,4207.39990234375,37.0,yahoo,GC=F
2026-10-09T04:40:00Z,4207.39990234375,4208.2001953125,4207.2998046875,4207.60009765625,52.0,yahoo,GC=F
2026-10-09T04:41:00Z,4207.7001953125,4208.0,4206.7998046875,4207.2001953125,39.0,yahoo,GC=F
2026-10-09T04:42:00Z,4207.2998046875,4207.7001953125,4207.10009765625,4207.10009765625,22.0,yahoo,GC=F
2026-10-09T04:43:00Z,4207.10009765625,4207.39990234375,4206.89990234375,4207.10009765625,24.0,yahoo,GC=F
2026-10-09T04:44:00Z,4207.2001953125,4207.2001953125,4205.60009765625,4206.10009765625,125.0,yahoo,GC=F
2026-10-09T04:45:00Z,4206.0,4206.0,4204.60009765625,4204.60009765625,80.0,yahoo,GC=F
2026-10-09T04:46:00Z,4204.60009765625,4205.0,4203.2001953125,4203.2001953125,59.0,yahoo,GC=F
2026-10-09T04:47:00Z,4203.2001953125,4203.7998046875,4202.2001953125,4203.10009765625,117.0,yahoo,GC=F
2026-10-09T04:48:00Z,4203.10009765625,4203.2001953125,4202.7001953125,4202.7001953125,27.0,yahoo,GC=F
2026-10-09T04:49:00Z,4202.60009765625,4202.60009765625,4201.60009765625,4202.2001953125,55.0,yahoo,GC=F
2026-10-09T04:50:00Z,4202.10009765625,4202.7998046875,4201.2998046875,4202.0,69.0,yahoo,GC=F
2026-10-09T04:51:00Z,4202.10009765625,4202.60009765625,4201.7001953125,4202.60009765625,106.0,yahoo,GC=F
2026-10-09T04:52:00Z,4202.89990234375,4202.89990234375,4201.7001953125,4201.7998046875,32.0,yahoo,GC=F
2026-10-09T04:53:00Z,4201.7001953125,4202.0,4201.39990234375,4201.5,44.0,yahoo,GC=F
2026-10-09T04:54:00Z,4201.39990234375,4202.5,4201.2998046875,4202.39990234375,48.0,yahoo,GC=F
2026-10-09T04:55:00Z,4202.39990234375,4202.7001953125,4201.5,4202.39990234375,41.0,yahoo,GC=F
2026-10-09T04:56:00Z,4202.39990234375,4203.89990234375,4202.2998046875,4203.7998046875,54.0,yahoo,GC=F
2026-10-09T04:57:00Z,4203.89990234375,4205.0,4203.7001953125,4205.0,177.0,yahoo,GC=F
2026-10-09T04:58:00Z,4205.0,4206.5,4205.0,4206.10009765625,106.0,yahoo,GC=F
2026-10-09T04:59:00Z,4206.10009765625,4206.5,4205.39990234375,4206.39990234375,78.0,yahoo,GC=F
2026-10-09T05:00:00Z,4206.39990234375,4209.60009765625,4206.2998046875,4209.2001953125,160.0,yahoo,GC=F
2026-10-09T05:01:00Z,4209.2001953125,4211.2998046875,4209.10009765625,4210.2998046875,319.0,yahoo,GC=F
2026-10-09T05:02:00Z,4210.2998046875,4212.7998046875,4210.2001953125,4212.2001953125,218.0,yahoo,GC=F
2026-10-09T05:03:00Z,4212.60009765625,4212.89990234375,4210.60009765625,4211.39990234375,291.0,yahoo,GC=F
2026-10-09T05:04:00Z,4211.60009765625,4211.60009765625,4207.7998046875,4209.0,299.0,yahoo,GC=F
2026-10-09T05:05:00Z,4209.39990234375,4209.39990234375,4207.2998046875,4208.10009765625,128.0,yahoo,GC=F
2026-10-09T05:06:00Z,4207.89990234375,4209.7001953125,4207.89990234375,4209.2998046875,80.0,yahoo,GC=F
2026-10-09T05:07:00Z,4209.39990234375,4210.7001953125,4209.10009765625,4210.5,60.0,yahoo,GC=F
2026-10-09T05:08:00Z,4210.7998046875,4212.39990234375,4210.60009765625,4212.2001953125,131.0,yahoo,GC=F
2026-10-09T05:09:00Z,4212.39990234375,4212.39990234375,4211.60009765625,4212.10009765625,51.0,yahoo,GC=F
2026-10-09T05:10:00Z,4212.5,4212.7001953125,4211.60009765625,4212.10009765625,157.0,yahoo,GC=F
2026-10-09T05:11:00Z,4212.10009765625,4212.39990234375,4211.2998046875,4211.5,62.0,yahoo,GC=F
2026-10-09T05:12:00Z,4211.60009765625,4211.60009765625,4210.39990234375,4211.0,69.0,yahoo,GC=F
2026-10-09T05:13:00Z,4211.10009765625,4212.2001953125,4211.10009765625,4212.10009765625,45.0,yahoo,GC=F
2026-10-09T05:14:00Z,4212.2998046875,4212.89990234375,4211.7001953125,4212.10009765625,105.0,yahoo,GC=F
2026-10-09T05:15:00Z,4212.2998046875,4213.2998046875,4212.10009765625,4212.89990234375,111.0,yahoo,GC=F
2026-10-09T05:16:00Z,4213.2001953125,4214.0,4213.0,4213.60009765625,126.0,yahoo,GC=F
2026-10-09T05:17:00Z,4213.5,4215.39990234375,4213.5,4215.2001953125,199.0,yahoo,GC=F
2026-10-09T05:18:00Z,4215.10009765625,4216.10009765625,4214.39990234375,4216.10009765625,147.0,yahoo,GC=F
2026-10-09T05:19:00Z,4216.0,4216.10009765625,4214.89990234375,4215.89990234375,105.0,yahoo,GC=F
2026-10-09T05:20:00Z,4215.89990234375,4216.60009765625,4215.2998046875,4215.2998046875,71.0,yahoo,GC=F
2026-10-09T05:21:00Z,4215.2998046875,4216.5,4214.89990234375,4216.5,63.0,yahoo,GC=F
2026-10-09T05:22:00Z,4216.10009765625,4216.39990234375,4214.7001953125,4214.7001953125,92.0,yahoo,GC=F
2026-10-09T05:23:00Z,4215.10009765625,4215.89990234375,4214.2001953125,4215.39990234375,233.0,yahoo,GC=F
2026-10-09T05:24:00Z,4215.7001953125,4216.10009765625,4215.5,4215.7001953125,35.0,yahoo,GC=F
2026-10-09T05:25:00Z,4215.7001953125,4216.39990234375,4215.39990234375,4215.39990234375,75.0,yahoo,GC=F
2026-10-09T05:26:00Z,4215.2998046875,4215.60009765625,4214.2001953125,4215.60009765625,265.0,yahoo,GC=F
2026-10-09T05:27:00Z,4215.2998046875,4217.5,4215.2998046875,4216.89990234375,89.0,yahoo,GC=F
2026-10-09T05:28:00Z,4217.10009765625,4217.5,4216.7001953125,4216.89990234375,81.0,yahoo,GC=F
2026-10-09T05:29:00Z,4216.89990234375,4217.39990234375,4216.39990234375,4217.2998046875,46.0,yahoo,GC=F
2026-10-09T05:30:00Z,4217.2998046875,4221.7001953125,4217.10009765625,4221.39990234375,963.0,yahoo,GC=F
2026-10-09T05:31:00Z,4221.60009765625,4222.7998046875,4221.2001953125,4222.7998046875,213.0,yahoo,GC=F
2026-10-09T05:32:00Z,4222.7998046875,4222.7998046875,4220.2001953125,4220.7001953125,139.0,yahoo,GC=F
2026-10-09T05:33:00Z,4221.0,4223.2001953125,4220.60009765625,4223.0,131.0,yahoo,GC=F
2026-10-09T05:34:00Z,4223.10009765625,4226.0,4222.7998046875,4225.5,657.0,yahoo,GC=F
2026-10-09T05:35:00Z,4225.5,4228.10009765625,4224.7998046875,4228.0,674.0,yahoo,GC=F
2026-10-09T05:36:00Z,4228.2001953125,4231.0,4227.7998046875,4231.0,449.0,yahoo,GC=F
2026-10-09T05:37:00Z,4230.7998046875,4233.7001953125,4229.7001953125,4231.60009765625,444.0,yahoo,GC=F
2026-10-09T05:38:00Z,4231.5,4232.2001953125,4230.0,4230.2001953125,285.0,yahoo,GC=F
2026-10-09T05:39:00Z,4230.5,4230.5,4226.60009765625,4227.2998046875,392.0,yahoo,GC=F
2026-10-09T05:40:00Z,4227.2998046875,4227.2998046875,4225.0,4225.2998046875,144.0,yahoo,GC=F
2026-10-09T05:41:00Z,4225.39990234375,4226.89990234375,4225.0,4226.7998046875,130.0,yahoo,GC=F
2026-10-09T05:42:00Z,4227.0,4227.2998046875,4225.5,4226.39990234375,125.0,yahoo,GC=F
2026-10-09T05:43:00Z,4226.7001953125,4228.10009765625,4226.2001953125,4227.5,135.0,yahoo,GC=F
2026-10-09T05:44:00Z,4227.39990234375,4227.7998046875,4226.7001953125,4227.0,60.0,yahoo,GC=F
2026-10-09T05:45:00Z,4227.0,4228.10009765625,4225.10009765625,4225.2001953125,61.0,yahoo,GC=F
2026-10-09T05:46:00Z,4225.10009765625,4225.10009765625,4224.0,4224.39990234375,104.0,yahoo,GC=F
2026-10-09T05:47:00Z,4224.39990234375,4224.39990234375,4222.39990234375,4223.2998046875,202.0,yahoo,GC=F
2026-10-09T05:48:00Z,4223.39990234375,4224.2998046875,4223.10009765625,4223.7998046875,77.0,yahoo,GC=F
2026-10-09T05:49:00Z,4223.7998046875,4226.2001953125,4223.7998046875,4225.7001953125,84.0,yahoo,GC=F
2026-10-09T05:50:00Z,4225.2998046875,4225.7998046875,4224.39990234375,4225.2998046875,76.0,yahoo,GC=F
2026-10-09T05:51:00Z,4225.2001953125,4225.2001953125,4222.89990234375,4223.2998046875,113.0,yahoo,GC=F
2026-10-09T05:52:00Z,4223.5,4224.0,4221.2001953125,4221.2001953125,163.0,yahoo,GC=F
2026-10-09T05:53:00Z,4221.2001953125,4221.2998046875,4218.2998046875,4218.60009765625,305.0,yahoo,GC=F
2026-10-09T05:54:00Z,4218.5,4218.7001953125,4217.10009765625,4217.7998046875,182.0,yahoo,GC=F
2026-10-09T05:55:00Z,4217.60009765625,4218.7998046875,4216.7998046875,4218.7001953125,127.0,yahoo,GC=F
2026-10-09T05:56:00Z,4218.7001953125,4220.5,4218.5,4220.2998046875,104.0,yahoo,GC=F
2026-10-09T05:57:00Z,4220.39990234375,4220.39990234375,4219.2001953125,4219.5,118.0,yahoo,GC=F
2026-10-09T05:58:00Z,4219.39990234375,4220.7001953125,4218.7998046875,4219.7001953125,72.0,yahoo,GC=F
2026-10-09T05:59:00Z,4219.7001953125,4220.0,4217.89990234375,4217.89990234375,83.0,yahoo,GC=F
2026-10-09T06:00:00Z,4218.0,4220.5,4217.2998046875,4217.7001953125,263.0,yahoo,GC=F
2026-10-09T06:01:00Z,4218.0,4221.0,4218.0,4219.10009765625,107.0,yahoo,GC=F
2026-10-09T06:02:00Z,4219.39990234375,4220.0,4218.2001953125,4219.0,64.0,yahoo,GC=F
2026-10-09T06:03:00Z,4219.10009765625,4220.5,4218.0,4220.5,64.0,yahoo,GC=F
2026-10-09T06:04:00Z,4220.2998046875,4222.5,4220.2001953125,4222.2001953125,168.0,yahoo,GC=F
2026-10-09T06:05:00Z,4222.2998046875,4224.0,4220.7998046875,4221.10009765625,183.0,yahoo,GC=F
2026-10-09T06:06:00Z,4221.2998046875,4221.7001953125,4218.89990234375,4219.2001953125,95.0,yahoo,GC=F
2026-10-09T06:07:00Z,4219.2001953125,4221.10009765625,4219.0,4221.10009765625,133.0,yahoo,GC=F
2026-10-09T06:08:00Z,4221.2001953125,4221.39990234375,4220.5,4220.5,50.0,yahoo,GC=F
2026-10-09T06:09:00Z,4220.2001953125,4221.2001953125,4218.60009765625,4218.7998046875,90.0,yahoo,GC=F
2026-10-09T06:10:00Z,4219.10009765625,4219.10009765625,4217.0,4217.5,90.0,yahoo,GC=F
2026-10-09T06:11:00Z,4217.2001953125,4217.5,4216.5,4216.60009765625,94.0,yahoo,GC=F
2026-10-09T06:12:00Z,4216.7001953125,4216.7998046875,4215.7998046875,4216.0,73.0,yahoo,GC=F
2026-10-09T06:13:00Z,4216.2001953125,4217.0,4215.10009765625,4216.7998046875,155.0,yahoo,GC=F
2026-10-09T06:14:00Z,4216.7998046875,4218.10009765625,4216.5,4217.10009765625,168.0,yahoo,GC=F
2026-10-09T06:15:00Z,4217.2001953125,4218.5,4217.10009765625,4218.5,36.0,yahoo,GC=F
2026-10-09T06:16:00Z,4219.0,4219.7001953125,4217.39990234375,4217.39990234375,71.0,yahoo,GC=F
2026-10-09T06:17:00Z,4217.5,4218.7998046875,4217.5,4218.10009765625,66.0,yahoo,GC=F
2026-10-09T06:18:00Z,4218.5,4219.60009765625,4218.2001953125,4219.39990234375,43.0,yahoo,GC=F
2026-10-09T06:19:00Z,4219.60009765625,4219.60009765625,4218.7998046875,4218.7998046875,29.0,yahoo,GC=F
2026-10-09T06:20:00Z,4218.60009765625,4219.2001953125,4217.89990234375,4218.2001953125,73.0,yahoo,GC=F
2026-10-09T06:21:00Z,4218.39990234375,4218.39990234375,4216.5,4216.5,68.0,yahoo,GC=F
2026-10-09T06:22:00Z,4216.60009765625,4217.60009765625,4216.0,4216.39990234375,96.0,yahoo,GC=F
2026-10-09T06:23:00Z,4216.39990234375,4216.39990234375,4214.5,4215.0,95.0,yahoo,GC=F
2026-10-09T06:24:00Z,4215.0,4215.7001953125,4214.60009765625,4215.7001953125,64.0,yahoo,GC=F
2026-10-09T06:25:00Z,4215.7998046875,4217.60009765625,4215.7998046875,4216.5,124.0,yahoo,GC=F
2026-10-09T06:26:00Z,4216.2998046875,4218.7001953125,4216.10009765625,4218.7001953125,160.0,yahoo,GC=F
2026-10-09T06:27:00Z,4218.89990234375,4219.5,4217.60009765625,4218.0,150.0,yahoo,GC=F
2026-10-09T06:28:00Z,4218.0,4218.0,4216.0,4216.39990234375,71.0,yahoo,GC=F
2026-10-09T06:29:00Z,4216.2998046875,4217.2998046875,4215.39990234375,4215.39990234375,71.0,yahoo,GC=F
2026-10-09T06:30:00Z,4215.5,4215.60009765625,4214.39990234375,4215.2998046875,116.0,yahoo,GC=F
2026-10-09T06:31:00Z,4215.2001953125,4215.7998046875,4214.7001953125,4214.7001953125,40.0,yahoo,GC=F
2026-10-09T06:32:00Z,4214.7001953125,4216.0,4214.39990234375,4216.0,60.0,yahoo,GC=F
2026-10-09T06:33:00Z,4216.2998046875,4216.39990234375,4215.89990234375,4216.2998046875,51.0,yahoo,GC=F
2026-10-09T06:34:00Z,4216.60009765625,4216.89990234375,4214.7998046875,4214.89990234375,43.0,yahoo,GC=F
2026-10-09T06:35:00Z,4214.60009765625,4215.10009765625,4214.2001953125,4214.7001953125,109.0,yahoo,GC=F
2026-10-09T06:36:00Z,4214.7001953125,4215.7998046875,4213.5,4215.7001953125,160.0,yahoo,GC=F
2026-10-09T06:37:00Z,4216.0,4216.10009765625,4214.7998046875,4214.89990234375,32.0,yahoo,GC=F
2026-10-09T06:38:00Z,4214.7998046875,4215.39990234375,4214.7998046875,4214.89990234375,52.0,yahoo,GC=F
2026-10-09T06:39:00Z,4214.89990234375,4218.2001953125,4214.89990234375,4217.60009765625,275.0,yahoo,GC=F
2026-10-09T06:40:00Z,4217.89990234375,4217.89990234375,4215.7001953125,4216.39990234375,84.0,yahoo,GC=F
2026-10-09T06:41:00Z,4216.7001953125,4217.7001953125,4216.60009765625,4217.7001953125,88.0,yahoo,GC=F
2026-10-09T06:42:00Z,4217.7998046875,4217.89990234375,4217.10009765625,4217.7001953125,31.0,yahoo,GC=F
2026-10-09T06:43:00Z,4217.60009765625,4217.7998046875,4216.39990234375,4217.0,38.0,yahoo,GC=F
2026-10-09T06:44:00Z,4216.89990234375,4217.7998046875,4216.2998046875,4217.7998046875,65.0,yahoo,GC=F
2026-10-09T06:45:00Z,4217.60009765625,4218.0,4217.2998046875,4217.60009765625,58.0,yahoo,GC=F
2026-10-09T06:46:00Z,4217.7001953125,4219.0,4217.5,4217.7998046875,53.0,yahoo,GC=F
2026-10-09T06:47:00Z,4217.7998046875,4217.7998046875,4216.5,4216.60009765625,40.0,yahoo,GC=F
2026-10-09T06:48:00Z,4216.60009765625,4217.7998046875,4216.2001953125,4217.7998046875,32.0,yahoo,GC=F
2026-10-09T06:49:00Z,4217.60009765625,4217.60009765625,4216.89990234375,4217.2001953125,27.0,yahoo,GC=F
2026-10-09T06:50:00Z,4217.10009765625,4218.10009765625,4216.7001953125,4217.89990234375,40.0,yahoo,GC=F
2026-10-09T06:51:00Z,4217.89990234375,4218.5,4217.60009765625,4218.5,26.0,yahoo,GC=F
2026-10-09T06:52:00Z,4218.5,4218.7001953125,4217.89990234375,4218.7001953125,44.0,yahoo,GC=F
2026-10-09T06:53:00Z,4218.7998046875,4219.7001953125,4218.7001953125,4219.39990234375,58.0,yahoo,GC=F
2026-10-09T06:54:00Z,4219.2998046875,4220.10009765625,4219.2001953125,4219.89990234375,80.0,yahoo,GC=F
2026-10-09T06:55:00Z,4220.0,4221.7001953125,4220.0,4220.7001953125,204.0,yahoo,GC=F
2026-10-09T06:56:00Z,4220.7001953125,4221.0,4220.2001953125,4220.2001953125,49.0,yahoo,GC=F
2026-10-09T06:57:00Z,4220.5,4220.89990234375,4220.0,4220.60009765625,59.0,yahoo,GC=F
2026-10-09T06:58:00Z,4220.2001953125,4220.39990234375,4219.89990234375,4220.10009765625,25.0,yahoo,GC=F
2026-10-09T06:59:00Z,4220.0,4220.7998046875,4219.89990234375,4220.60009765625,51.0,yahoo,GC=F
2026-10-09T07:00:00Z,4220.7001953125,4222.39990234375,4220.2998046875,4220.7998046875,141.0,yahoo,GC=F
2026-10-09T07:01:00Z,4220.7001953125,4221.0,4219.60009765625,4220.10009765625,44.0,yahoo,GC=F
2026-10-09T07:02:00Z,4220.39990234375,4221.7001953125,4220.39990234375,4221.0,86.0,yahoo,GC=F
2026-10-09T07:03:00Z,4221.2998046875,4222.39990234375,4220.10009765625,4222.0,86.0,yahoo,GC=F
2026-10-09T07:04:00Z,4221.89990234375,4222.7998046875,4221.7001953125,4222.10009765625,153.0,yahoo,GC=F
2026-10-09T07:05:00Z,4221.7001953125,4221.7001953125,4220.5,4220.5,62.0,yahoo,GC=F
2026-10-09T07:06:00Z,4220.89990234375,4221.0,4219.2001953125,4219.7001953125,64.0,yahoo,GC=F
2026-10-09T07:07:00Z,4219.60009765625,4220.2001953125,4218.2998046875,4218.60009765625,118.0,yahoo,GC=F
2026-10-09T07:08:00Z,4218.5,4219.5,4218.2001953125,4219.2001953125,119.0,yahoo,GC=F
2026-10-09T07:09:00Z,4219.39990234375,4220.2001953125,4218.60009765625,4219.89990234375,104.0,yahoo,GC=F
2026-10-09T07:10:00Z,4220.0,4220.0,4218.7001953125,4219.10009765625,129.0,yahoo,GC=F
2026-10-09T07:11:00Z,4219.2001953125,4220.5,4218.89990234375,4220.0,99.0,yahoo,GC=F
2026-10-09T07:12:00Z,4220.2001953125,4221.5,4220.0,4220.39990234375,92.0,yahoo,GC=F
2026-10-09T07:13:00Z,4220.7998046875,4220.89990234375,4218.2998046875,4218.89990234375,122.0,yahoo,GC=F
2026-10-09T07:14:00Z,4218.7998046875,4219.10009765625,4218.10009765625,4218.39990234375,46.0,yahoo,GC=F
2026-10-09T07:15:00Z,4218.5,4219.60009765625,4218.5,4219.0,39.0,yahoo,GC=F
2026-10-09T07:16:00Z,4219.2001953125,4219.39990234375,4216.2998046875,4216.89990234375,110.0,yahoo,GC=F
2026-10-09T07:17:00Z,4216.60009765625,4217.7998046875,4216.2001953125,4217.7998046875,71.0,yahoo,GC=F
2026-10-09T07:18:00Z,4217.89990234375,4218.7998046875,4217.7998046875,4218.7998046875,27.0,yahoo,GC=F
2026-10-09T07:19:00Z,4219.0,4219.7001953125,4218.2998046875,4219.7001953125,64.0,yahoo,GC=F
2026-10-09T07:20:00Z,4219.5,4219.7998046875,4217.7001953125,4218.10009765625,109.0,yahoo,GC=F
2026-10-09T07:21:00Z,4218.2998046875,4218.2998046875,4217.2998046875,4217.89990234375,48.0,yahoo,GC=F
2026-10-09T07:22:00Z,4218.10009765625,4218.10009765625,4216.10009765625,4216.2001953125,50.0,yahoo,GC=F
2026-10-09T07:23:00Z,4216.5,4217.2998046875,4216.2998046875,4216.39990234375,67.0,yahoo,GC=F
2026-10-09T07:24:00Z,4216.5,4217.7998046875,4216.2001953125,4217.7998046875,168.0,yahoo,GC=F
2026-10-09T07:25:00Z,4217.60009765625,4217.7998046875,4215.7998046875,4215.7998046875,90.0,yahoo,GC=F
2026-10-09T07:26:00Z,4215.7998046875,4217.5,4215.2998046875,4217.10009765625,79.0,yahoo,GC=F
2026-10-09T07:27:00Z,4217.10009765625,4217.5,4215.89990234375,4217.5,115.0,yahoo,GC=F
2026-10-09T07:28:00Z,4217.7001953125,4218.7001953125,4217.2001953125,4218.7001953125,91.0,yahoo,GC=F
2026-10-09T07:29:00Z,4218.5,4219.60009765625,4218.0,4219.2998046875,87.0,yahoo,GC=F
2026-10-09T07:30:00Z,4219.2998046875,4220.5,4219.2998046875,4220.0,116.0,yahoo,GC=F
2026-10-09T07:31:00Z,4220.0,4220.0,4219.60009765625,4219.60009765625,35.0,yahoo,GC=F
2026-10-09T07:32:00Z,4219.60009765625,4220.60009765625,4219.5,4219.7998046875,50.0,yahoo,GC=F
2026-10-09T07:33:00Z,4219.60009765625,4219.60009765625,4218.89990234375,4219.60009765625,25.0,yahoo,GC=F
2026-10-09T07:34:00Z,4219.7998046875,4220.5,4219.2001953125,4219.5,33.0,yahoo,GC=F
2026-10-09T07:35:00Z,4219.7998046875,4220.60009765625,4218.39990234375,4218.5,56.0,yahoo,GC=F
2026-10-09T07:36:00Z,4218.7001953125,4219.2998046875,4218.2998046875,4218.60009765625,32.0,yahoo,GC=F
2026-10-09T07:37:00Z,4218.7001953125,4219.0,4217.7998046875,4218.0,43.0,yahoo,GC=F
2026-10-09T07:38:00Z,4217.7998046875,4218.2998046875,4215.10009765625,4216.2001953125,103.0,yahoo,GC=F
2026-10-09T07:39:00Z,4216.2998046875,4216.39990234375,4215.10009765625,4215.10009765625,25.0,yahoo,GC=F
2026-10-09T07:40:00Z,4215.2001953125,4215.5,4214.5,4214.89990234375,73.0,yahoo,GC=F
2026-10-09T07:41:00Z,4214.89990234375,4215.2001953125,4214.7001953125,4215.10009765625,32.0,yahoo,GC=F
2026-10-09T07:42:00Z,4214.89990234375,4216.5,4214.2001953125,4216.2001953125,66.0,yahoo,GC=F
2026-10-09T07:43:00Z,4216.2001953125,4216.7998046875,4215.7001953125,4216.7998046875,21.0,yahoo,GC=F
2026-10-09T07:44:00Z,4216.5,4216.89990234375,4216.2001953125,4216.2998046875,20.0,yahoo,GC=F
2026-10-09T07:45:00Z,4215.7001953125,4216.39990234375,4215.7001953125,4216.0,26.0,yahoo,GC=F
2026-10-09T07:46:00Z,4216.0,4218.39990234375,4215.89990234375,4217.60009765625,188.0,yahoo,GC=F
2026-10-09T07:47:00Z,4217.39990234375,4218.2998046875,4217.39990234375,4218.2001953125,47.0,yahoo,GC=F
2026-10-09T07:48:00Z,4218.0,4218.10009765625,4216.39990234375,4216.7001953125,40.0,yahoo,GC=F
2026-10-09T07:49:00Z,4216.7998046875,4217.60009765625,4216.5,4217.2001953125,92.0,yahoo,GC=F
2026-10-09T07:50:00Z,4217.39990234375,4218.0,4217.10009765625,4217.10009765625,36.0,yahoo,GC=F
2026-10-09T07:51:00Z,4216.89990234375,4216.89990234375,4215.0,4215.60009765625,61.0,yahoo,GC=F
2026-10-09T07:52:00Z,4215.89990234375,4216.7001953125,4215.2998046875,4216.2998046875,38.0,yahoo,GC=F
2026-10-09T07:53:00Z,4216.39990234375,4218.2001953125,4216.39990234375,4218.10009765625,24.0,yahoo,GC=F
2026-10-09T07:54:00Z,4218.2998046875,4218.7001953125,4217.5,4217.5,24.0,yahoo,GC=F
2026-10-09T07:55:00Z,4218.0,4218.0,4217.2001953125,4217.2001953125,21.0,yahoo,GC=F
2026-10-09T07:56:00Z,4217.5,4217.5,4216.2998046875,4217.2998046875,67.0,yahoo,GC=F
2026-10-09T07:57:00Z,4217.0,4218.0,4216.60009765625,4218.0,56.0,yahoo,GC=F
2026-10-09T07:58:00Z,4218.0,4218.89990234375,4217.89990234375,4218.5,41.0,yahoo,GC=F
2026-10-09T07:59:00Z,4218.60009765625,4219.2001953125,4218.60009765625,4219.2001953125,19.0,yahoo,GC=F
2026-10-09T08:00:00Z,4219.2998046875,4219.7998046875,4218.2998046875,4218.7001953125,63.0,yahoo,GC=F
2026-10-09T08:01:00Z,4218.89990234375,4221.39990234375,4218.7001953125,4220.5,124.0,yahoo,GC=F
2026-10-09T08:02:00Z,4220.7001953125,4221.2001953125,4218.89990234375,4219.2998046875,66.0,yahoo,GC=F
2026-10-09T08:03:00Z,4219.39990234375,4220.7998046875,4218.89990234375,4218.89990234375,237.0,yahoo,GC=F
2026-10-09T08:04:00Z,4218.7998046875,4221.2001953125,4218.39990234375,4220.7001953125,241.0,yahoo,GC=F
2026-10-09T08:05:00Z,4220.60009765625,4220.89990234375,4219.5,4220.60009765625,77.0,yahoo,GC=F
2026-10-09T08:06:00Z,4220.2998046875,4220.7998046875,4219.7001953125,4220.39990234375,88.0,yahoo,GC=F
2026-10-09T08:07:00Z,4220.39990234375,4221.10009765625,4219.5,4220.0,91.0,yahoo,GC=F
2026-10-09T08:08:00Z,4220.2001953125,4220.5,4219.2998046875,4219.39990234375,38.0,yahoo,GC=F
2026-10-09T08:09:00Z,4220.0,4221.2001953125,4219.89990234375,4221.2001953125,45.0,yahoo,GC=F
2026-10-09T08:10:00Z,4221.39990234375,4221.7001953125,4220.60009765625,4221.39990234375,85.0,yahoo,GC=F
2026-10-09T08:11:00Z,4221.5,4221.7001953125,4220.60009765625,4221.39990234375,72.0,yahoo,GC=F
2026-10-09T08:12:00Z,4221.2998046875,4221.7998046875,4220.89990234375,4220.89990234375,20.0,yahoo,GC=F
2026-10-09T08:13:00Z,4221.0,4222.2001953125,4220.7998046875,4221.39990234375,69.0,yahoo,GC=F
2026-10-09T08:14:00Z,4221.5,4223.2001953125,4221.5,4222.7001953125,111.0,yahoo,GC=F
2026-10-09T08:15:00Z,4222.60009765625,4223.0,4221.5,4222.5,84.0,yahoo,GC=F
2026-10-09T08:16:00Z,4222.7001953125,4223.89990234375,4222.2001953125,4223.89990234375,89.0,yahoo,GC=F
2026-10-09T08:17:00Z,4223.5,4224.0,4222.60009765625,4222.89990234375,128.0,yahoo,GC=F
2026-10-09T08:18:00Z,4223.2001953125,4225.60009765625,4223.10009765625,4225.39990234375,102.0,yahoo,GC=F
2026-10-09T08:19:00Z,4225.0,4225.0,4224.2001953125,4224.7001953125,64.0,yahoo,GC=F
2026-10-09T08:20:00Z,4224.60009765625,4226.0,4224.2998046875,4225.60009765625,84.0,yahoo,GC=F
2026-10-09T08:21:00Z,4225.7001953125,4226.39990234375,4224.89990234375,4225.7001953125,140.0,yahoo,GC=F
2026-10-09T08:22:00Z,4225.7001953125,4225.7998046875,4224.0,4224.89990234375,174.0,yahoo,GC=F
2026-10-09T08:23:00Z,4225.0,4225.0,4222.2998046875,4222.60009765625,97.0,yahoo,GC=F
2026-10-09T08:24:00Z,4222.7998046875,4222.89990234375,4221.2001953125,4221.7998046875,168.0,yahoo,GC=F
2026-10-09T08:25:00Z,4221.89990234375,4222.10009765625,4220.5,4221.2001953125,148.0,yahoo,GC=F
2026-10-09T08:26:00Z,4221.39990234375,4221.89990234375,4219.89990234375,4221.2001953125,174.0,yahoo,GC=F
2026-10-09T08:27:00Z,4221.2001953125,4222.2998046875,4220.89990234375,4222.2001953125,70.0,yahoo,GC=F
2026-10-09T08:28:00Z,4222.5,4223.5,4222.2001953125,4223.5,36.0,yahoo,GC=F
2026-10-09T08:29:00Z,4223.7001953125,4224.0,4223.0,4223.5,119.0,yahoo,GC=F
2026-10-09T08:30:00Z,4223.5,4223.5,4220.60009765625,4220.89990234375,97.0,yahoo,GC=F
2026-10-09T08:31:00Z,4221.10009765625,4222.10009765625,4220.7001953125,4221.39990234375,162.0,yahoo,GC=F
2026-10-09T08:32:00Z,4221.39990234375,4221.60009765625,4220.7998046875,4221.2998046875,67.0,yahoo,GC=F
2026-10-09T08:33:00Z,4221.10009765625,4221.7998046875,4220.2001953125,4220.2998046875,106.0,yahoo,GC=F
2026-10-09T08:34:00Z,4220.2001953125,4220.5,4219.0,4219.5,90.0,yahoo,GC=F
2026-10-09T08:35:00Z,4219.5,4219.5,4219.0,4219.39990234375,17.0,yahoo,GC=F
2026-10-09T08:36:00Z,4219.89990234375,4221.39990234375,4219.89990234375,4220.89990234375,73.0,yahoo,GC=F
2026-10-09T08:37:00Z,4220.7998046875,4220.7998046875,4218.60009765625,4219.10009765625,60.0,yahoo,GC=F
2026-10-09T08:38:00Z,4219.2998046875,4220.10009765625,4218.7998046875,4219.0,50.0,yahoo,GC=F
2026-10-09T08:39:00Z,4219.0,4219.60009765625,4217.60009765625,4217.60009765625,85.0,yahoo,GC=F
2026-10-09T08:40:00Z,4217.89990234375,4217.89990234375,4217.10009765625,4217.2001953125,39.0,yahoo,GC=F
2026-10-09T08:41:00Z,4217.0,4217.0,4215.89990234375,4216.5,102.0,yahoo,GC=F
2026-10-09T08:42:00Z,4216.2998046875,4216.60009765625,4214.39990234375,4215.60009765625,238.0,yahoo,GC=F
2026-10-09T08:43:00Z,4215.5,4216.2998046875,4215.2998046875,4216.10009765625,53.0,yahoo,GC=F
2026-10-09T08:44:00Z,4216.10009765625,4216.7998046875,4216.10009765625,4216.39990234375,44.0,yahoo,GC=F
2026-10-09T08:45:00Z,4216.0,4216.5,4215.60009765625,4215.7001953125,28.0,yahoo,GC=F
2026-10-09T08:46:00Z,4215.89990234375,4216.5,4215.5,4215.7001953125,32.0,yahoo,GC=F
2026-10-09T08:47:00Z,4215.60009765625,4216.10009765625,4215.39990234375,4215.89990234375,24.0,yahoo,GC=F
2026-10-09T08:48:00Z,4216.2001953125,4216.39990234375,4215.5,4216.2001953125,105.0,yahoo,GC=F
2026-10-09T08:49:00Z,4216.0,4216.0,4213.7998046875,4213.7998046875,103.0,yahoo,GC=F
2026-10-09T08:50:00Z,4214.10009765625,4214.2998046875,4212.0,4212.7001953125,138.0,yahoo,GC=F
2026-10-09T08:51:00Z,4212.60009765625,4213.5,4212.60009765625,4213.2001953125,147.0,yahoo,GC=F
2026-10-09T08:52:00Z,4213.0,4214.7998046875,4212.7998046875,4213.89990234375,75.0,yahoo,GC=F
2026-10-09T08:53:00Z,4213.89990234375,4214.2001953125,4213.10009765625,4214.0,85.0,yahoo,GC=F
2026-10-09T08:54:00Z,4214.10009765625,4214.10009765625,4213.39990234375,4213.5,30.0,yahoo,GC=F
2026-10-09T08:55:00Z,4213.60009765625,4214.0,4213.39990234375,4213.7998046875,44.0,yahoo,GC=F
2026-10-09T08:56:00Z,4213.7001953125,4214.2998046875,4213.0,4213.10009765625,44.0,yahoo,GC=F
2026-10-09T08:57:00Z,4213.0,4213.5,4212.10009765625,4213.5,134.0,yahoo,GC=F
2026-10-09T08:58:00Z,4213.39990234375,4214.2001953125,4213.39990234375,4214.2001953125,36.0,yahoo,GC=F
2026-10-09T08:59:00Z,4213.7001953125,4213.7001953125,4212.7998046875,4213.0,18.0,yahoo,GC=F
2026-10-09T09:00:00Z,4213.10009765625,4213.10009765625,4211.10009765625,4211.2998046875,100.0,yahoo,GC=F
2026-10-09T09:01:00Z,4211.2998046875,4211.60009765625,4210.10009765625,4210.2001953125,114.0,yahoo,GC=F
2026-10-09T09:02:00Z,4210.10009765625,4211.5,4210.10009765625,4211.10009765625,55.0,yahoo,GC=F
2026-10-09T09:03:00Z,4211.0,4211.7001953125,4210.60009765625,4211.60009765625,25.0,yahoo,GC=F
2026-10-09T09:04:00Z,4211.7001953125,4212.0,4210.7001953125,4210.89990234375,16.0,yahoo,GC=F
2026-10-09T09:05:00Z,4210.7001953125,4211.2998046875,4210.60009765625,4211.2001953125,28.0,yahoo,GC=F
2026-10-09T09:06:00Z,4211.0,4212.0,4210.89990234375,4210.89990234375,32.0,yahoo,GC=F
2026-10-09T09:07:00Z,4211.0,4212.10009765625,4210.7001953125,4212.0,26.0,yahoo,GC=F
2026-10-09T09:08:00Z,4211.5,4212.10009765625,4211.10009765625,4211.2998046875,36.0,yahoo,GC=F
2026-10-09T09:09:00Z,4211.2001953125,4211.60009765625,4210.2001953125,4210.60009765625,58.0,yahoo,GC=F
2026-10-09T09:10:00Z,4210.60009765625,4211.2998046875,4210.5,4210.7001953125,29.0,yahoo,GC=F
2026-10-09T09:11:00Z,4210.7001953125,4211.0,4210.2998046875,4210.7998046875,54.0,yahoo,GC=F
2026-10-09T09:12:00Z,4210.89990234375,4211.39990234375,4210.7001953125,4211.2001953125,36.0,yahoo,GC=F
2026-10-09T09:13:00Z,4211.2001953125,4211.39990234375,4210.2998046875,4210.7001953125,35.0,yahoo,GC=F
2026-10-09T09:14:00Z,4210.5,4211.39990234375,4210.39990234375,4210.7001953125,35.0,yahoo,GC=F
2026-10-09T09:15:00Z,4210.5,4210.7998046875,4210.0,4210.39990234375,37.0,yahoo,GC=F
2026-10-09T09:16:00Z,4210.39990234375,4211.60009765625,4209.5,4210.10009765625,151.0,yahoo,GC=F
2026-10-09T09:17:00Z,4210.2001953125,4211.2001953125,4210.2001953125,4211.2001953125,29.0,yahoo,GC=F
2026-10-09T09:18:00Z,4211.60009765625,4211.7001953125,4210.60009765625,4211.10009765625,25.0,yahoo,GC=F
2026-10-09T09:19:00Z,4211.39990234375,4212.10009765625,4210.60009765625,4210.7001953125,94.0,yahoo,GC=F
2026-10-09T09:20:00Z,4210.89990234375,4212.10009765625,4209.39990234375,4212.10009765625,203.0,yahoo,GC=F
2026-10-09T09:21:00Z,4212.2001953125,4212.7998046875,4211.5,4212.39990234375,104.0,yahoo,GC=F
2026-10-09T09:22:00Z,4212.5,4214.60009765625,4212.2998046875,4214.2998046875,324.0,yahoo,GC=F
2026-10-09T09:23:00Z,4214.2001953125,4214.7001953125,4213.10009765625,4213.2998046875,116.0,yahoo,GC=F
2026-10-09T09:24:00Z,4213.2001953125,4213.2998046875,4212.7001953125,4213.2001953125,29.0,yahoo,GC=F
2026-10-09T09:25:00Z,4213.10009765625,4213.10009765625,4211.7998046875,4211.89990234375,53.0,yahoo,GC=F
2026-10-09T09:26:00Z,4211.89990234375,4212.60009765625,4211.7998046875,4212.39990234375,44.0,yahoo,GC=F
2026-10-09T09:27:00Z,4212.5,4212.89990234375,4212.10009765625,4212.60009765625,43.0,yahoo,GC=F
2026-10-09T09:28:00Z,4212.7001953125,4212.7001953125,4211.7998046875,4212.10009765625,33.0,yahoo,GC=F
2026-10-09T09:29:00Z,4212.2001953125,4212.2998046875,4210.7998046875,4211.39990234375,153.0,yahoo,GC=F
2026-10-09T09:30:00Z,4211.60009765625,4212.7998046875,4211.2998046875,4212.60009765625,105.0,yahoo,GC=F
2026-10-09T09:31:00Z,4212.60009765625,4212.89990234375,4210.2998046875,4211.5,85.0,yahoo,GC=F
2026-10-09T09:32:00Z,4211.2001953125,4211.2001953125,4210.5,4211.0,43.0,yahoo,GC=F
2026-10-09T09:33:00Z,4210.89990234375,4211.10009765625,4210.10009765625,4210.2001953125,32.0,yahoo,GC=F
2026-10-09T09:34:00Z,4210.2001953125,4210.60009765625,4209.7998046875,4209.7998046875,65.0,yahoo,GC=F
2026-10-09T09:35:00Z,4209.7001953125,4209.89990234375,4208.39990234375,4208.5,83.0,yahoo,GC=F
2026-10-09T09:36:00Z,4208.60009765625,4208.7998046875,4208.2998046875,4208.5,28.0,yahoo,GC=F
2026-10-09T09:37:00Z,4208.60009765625,4209.10009765625,4208.0,4208.0,114.0,yahoo,GC=F
2026-10-09T09:38:00Z,4208.10009765625,4208.7998046875,4207.89990234375,4208.0,105.0,yahoo,GC=F
2026-10-09T09:39:00Z,4208.0,4208.7998046875,4207.7998046875,4208.7001953125,49.0,yahoo,GC=F
2026-10-09T09:40:00Z,4208.60009765625,4210.10009765625,4208.60009765625,4210.10009765625,48.0,yahoo,GC=F
2026-10-09T09:41:00Z,4210.0,4211.0,4210.0,4210.5,81.0,yahoo,GC=F
2026-10-09T09:42:00Z,4210.7998046875,4211.0,4210.39990234375,4210.39990234375,32.0,yahoo,GC=F
2026-10-09T09:43:00Z,4210.0,4210.2998046875,4209.7001953125,4210.10009765625,29.0,yahoo,GC=F
2026-10-09T09:44:00Z,4209.7001953125,4209.89990234375,4209.2998046875,4209.7001953125,19.0,yahoo,GC=F
2026-10-09T09:45:00Z,4209.89990234375,4209.89990234375,4208.7998046875,4209.2001953125,25.0,yahoo,GC=F
2026-10-09T09:46:00Z,4209.2001953125,4209.7998046875,4209.2001953125,4209.5,18.0,yahoo,GC=F
2026-10-09T09:47:00Z,4209.5,4210.10009765625,4209.0,4209.7998046875,25.0,yahoo,GC=F
2026-10-09T09:48:00Z,4209.89990234375,4210.2001953125,4209.7001953125,4209.89990234375,33.0,yahoo,GC=F
2026-10-09T09:49:00Z,4210.10009765625,4210.39990234375,4209.7001953125,4210.2998046875,15.0,yahoo,GC=F
2026-10-09T09:50:00Z,4210.5,4212.10009765625,4210.5,4211.7998046875,96.0,yahoo,GC=F
2026-10-09T09:51:00Z,4211.7001953125,4212.39990234375,4211.60009765625,4212.2001953125,55.0,yahoo,GC=F
2026-10-09T09:52:00Z,4212.0,4212.39990234375,4211.89990234375,4211.89990234375,34.0,yahoo,GC=F
2026-10-09T09:53:00Z,4211.7998046875,4212.2998046875,4211.2998046875,4212.0,19.0,yahoo,GC=F
2026-10-09T09:54:00Z,4212.10009765625,4212.39990234375,4211.89990234375,4212.0,20.0,yahoo,GC=F
2026-10-09T09:55:00Z,4212.2001953125,4212.89990234375,4212.0,4212.10009765625,74.0,yahoo,GC=F
2026-10-09T09:56:00Z,4212.2001953125,4212.7998046875,4212.2001953125,4212.39990234375,22.0,yahoo,GC=F
2026-10-09T09:57:00Z,4212.5,4212.5,4211.89990234375,4211.89990234375,37.0,yahoo,GC=F
2026-10-09T09:58:00Z,4211.89990234375,4212.2998046875,4211.60009765625,4212.10009765625,24.0,yahoo,GC=F
2026-10-09T09:59:00Z,4211.89990234375,4212.0,4210.7998046875,4211.0,41.0,yahoo,GC=F
2026-10-09T10:00:00Z,4211.0,4211.89990234375,4211.0,4211.39990234375,42.0,yahoo,GC=F
2026-10-09T10:01:00Z,4211.2998046875,4211.7001953125,4211.10009765625,4211.7001953125,8.0,yahoo,GC=F
2026-10-09T10:02:00Z,4211.5,4211.5,4211.10009765625,4211.2001953125,6.0,yahoo,GC=F
2026-10-09T10:03:00Z,4210.60009765625,4211.10009765625,4210.39990234375,4211.10009765625,14.0,yahoo,GC=F
2026-10-09T10:04:00Z,4210.60009765625,4211.10009765625,4210.39990234375,4210.89990234375,17.0,yahoo,GC=F
2026-10-09T10:05:00Z,4210.60009765625,4211.0,4210.60009765625,4211.0,14.0,yahoo,GC=F
2026-10-09T10:06:00Z,4211.0,4211.10009765625,4210.7001953125,4210.7001953125,11.0,yahoo,GC=F
2026-10-09T10:07:00Z,4210.2998046875,4210.7001953125,4209.89990234375,4209.89990234375,19.0,yahoo,GC=F
2026-10-09T10:08:00Z,4209.7001953125,4210.0,4209.39990234375,4209.89990234375,20.0,yahoo,GC=F
2026-10-09T10:09:00Z,4209.7998046875,4209.7998046875,4208.89990234375,4209.60009765625,17.0,yahoo,GC=F
2026-10-09T10:10:00Z,4209.7998046875,4209.7998046875,4208.60009765625,4208.89990234375,35.0,yahoo,GC=F
2026-10-09T10:11:00Z,4208.7998046875,4209.0,4207.7998046875,4208.2001953125,27.0,yahoo,GC=F
2026-10-09T10:12:00Z,4208.39990234375,4208.7001953125,4208.2998046875,4208.7001953125,20.0,yahoo,GC=F
2026-10-09T10:13:00Z,4208.89990234375,4209.89990234375,4208.89990234375,4209.5,54.0,yahoo,GC=F
2026-10-09T10:14:00Z,4209.60009765625,4210.2998046875,4209.60009765625,4210.2998046875,30.0,yahoo,GC=F
2026-10-09T10:15:00Z,4210.5,4210.89990234375,4210.2001953125,4210.2001953125,33.0,yahoo,GC=F
2026-10-09T10:16:00Z,4210.2998046875,4210.39990234375,4209.7001953125,4209.7001953125,18.0,yahoo,GC=F
2026-10-09T10:17:00Z,4210.0,4210.10009765625,4209.7998046875,4209.7998046875,19.0,yahoo,GC=F
2026-10-09T10:18:00Z,4209.5,4209.89990234375,4209.39990234375,4209.89990234375,14.0,yahoo,GC=F
2026-10-09T10:19:00Z,4209.7998046875,4210.10009765625,4209.7001953125,4209.7998046875,8.0,yahoo,GC=F
2026-10-09T10:20:00Z,4209.7998046875,4209.7998046875,4209.10009765625,4209.7001953125,20.0,yahoo,GC=F
2026-10-09T10:21:00Z,4209.7001953125,4209.7998046875,4209.39990234375,4209.5,14.0,yahoo,GC=F
2026-10-09T10:22:00Z,4209.5,4210.2001953125,4209.5,4210.2001953125,20.0,yahoo,GC=F
2026-10-09T10:23:00Z,4209.7001953125,4209.89990234375,4209.2998046875,4209.5,23.0,yahoo,GC=F
2026-10-09T10:24:00Z,4209.2001953125,4210.10009765625,4209.2001953125,4209.89990234375,36.0,yahoo,GC=F
2026-10-09T10:25:00Z,4209.89990234375,4210.2001953125,4209.7001953125,4210.2001953125,5.0,yahoo,GC=F
2026-10-09T10:26:00Z,4210.2998046875,4211.10009765625,4210.2998046875,4211.10009765625,18.0,yahoo,GC=F
2026-10-09T10:27:00Z,4210.89990234375,4211.0,4209.39990234375,4209.39990234375,22.0,yahoo,GC=F
2026-10-09T10:28:00Z,4209.5,4209.5,4208.89990234375,4209.10009765625,31.0,yahoo,GC=F
2026-10-09T10:29:00Z,4208.89990234375,4209.10009765625,4208.60009765625,4208.89990234375,23.0,yahoo,GC=F
2026-10-09T10:30:00Z,4209.10009765625,4209.10009765625,4207.39990234375,4207.39990234375,46.0,yahoo,GC=F
2026-10-09T10:31:00Z,4207.7998046875,4208.2998046875,4207.39990234375,4207.5,75.0,yahoo,GC=F
2026-10-09T10:32:00Z,4207.5,4208.10009765625,4207.39990234375,4208.10009765625,30.0,yahoo,GC=F
2026-10-09T10:33:00Z,4207.89990234375,4208.2001953125,4206.89990234375,4207.0,69.0,yahoo,GC=F
2026-10-09T10:34:00Z,4207.0,4207.39990234375,4206.7998046875,4206.89990234375,25.0,yahoo,GC=F
2026-10-09T10:35:00Z,4207.0,4207.60009765625,4205.7998046875,4207.2001953125,137.0,yahoo,GC=F
2026-10-09T10:36:00Z,4207.10009765625,4207.7001953125,4207.0,4207.7001953125,20.0,yahoo,GC=F
2026-10-09T10:37:00Z,4207.89990234375,4208.7001953125,4207.2998046875,4208.60009765625,39.0,yahoo,GC=F
2026-10-09T10:38:00Z,4208.39990234375,4208.60009765625,4207.89990234375,4208.10009765625,27.0,yahoo,GC=F
2026-10-09T10:39:00Z,4207.89990234375,4208.2001953125,4207.2998046875,4208.2001953125,48.0,yahoo,GC=F
2026-10-09T10:40:00Z,4207.89990234375,4207.89990234375,4207.2001953125,4207.39990234375,23.0,yahoo,GC=F
2026-10-09T10:41:00Z,4207.2998046875,4207.60009765625,4207.2998046875,4207.5,14.0,yahoo,GC=F
2026-10-09T10:42:00Z,4207.2001953125,4207.2001953125,4206.10009765625,4207.0,39.0,yahoo,GC=F
2026-10-09T10:43:00Z,4206.7998046875,4206.7998046875,4205.2001953125,4205.39990234375,96.0,yahoo,GC=F
2026-10-09T10:44:00Z,4205.2998046875,4206.10009765625,4205.2001953125,4205.89990234375,24.0,yahoo,GC=F
2026-10-09T10:45:00Z,4205.7001953125,4205.7998046875,4204.5,4204.89990234375,127.0,yahoo,GC=F
2026-10-09T10:46:00Z,4204.7998046875,4205.39990234375,4204.39990234375,4205.2998046875,51.0,yahoo,GC=F
2026-10-09T10:47:00Z,4205.39990234375,4206.0,4204.5,4204.5,88.0,yahoo,GC=F
2026-10-09T10:48:00Z,4204.7001953125,4205.2998046875,4204.5,4204.7998046875,108.0,yahoo,GC=F
2026-10-09T10:49:00Z,4205.10009765625,4205.2998046875,4204.5,4205.10009765625,57.0,yahoo,GC=F
2026-10-09T10:50:00Z,4205.2998046875,4205.39990234375,4204.7001953125,4204.7001953125,70.0,yahoo,GC=F
2026-10-09T10:51:00Z,4204.7998046875,4205.5,4204.7001953125,4205.2001953125,45.0,yahoo,GC=F
2026-10-09T10:52:00Z,4205.2998046875,4205.7998046875,4205.2998046875,4205.60009765625,26.0,yahoo,GC=F
2026-10-09T10:53:00Z,4205.7001953125,4207.5,4205.7001953125,4206.7998046875,110.0,yahoo,GC=F
2026-10-09T10:54:00Z,4206.89990234375,4206.89990234375,4206.2998046875,4206.2998046875,40.0,yahoo,GC=F
2026-10-09T10:55:00Z,4206.10009765625,4206.10009765625,4204.2998046875,4204.5,75.0,yahoo,GC=F
2026-10-09T10:56:00Z,4204.5,4208.2998046875,4204.5,4208.2001953125,370.0,yahoo,GC=F
2026-10-09T10:57:00Z,4208.10009765625,4208.10009765625,4206.2001953125,4207.60009765625,117.0,yahoo,GC=F
2026-10-09T10:58:00Z,4207.0,4207.0,4204.60009765625,4205.89990234375,158.0,yahoo,GC=F
2026-10-09T10:59:00Z,4206.10009765625,4206.60009765625,4203.89990234375,4204.0,103.0,yahoo,GC=F
2026-10-09T11:00:00Z,4204.0,4205.0,4203.7998046875,4204.39990234375,81.0,yahoo,GC=F
2026-10-09T11:01:00Z,4204.89990234375,4207.10009765625,4203.60009765625,4204.5,409.0,yahoo,GC=F
2026-10-09T11:02:00Z,4204.5,4205.10009765625,4203.60009765625,4203.60009765625,70.0,yahoo,GC=F
2026-10-09T11:03:00Z,4203.2998046875,4204.7001953125,4203.10009765625,4203.89990234375,127.0,yahoo,GC=F
2026-10-09T11:04:00Z,4203.60009765625,4204.7001953125,4203.39990234375,4204.2001953125,49.0,yahoo,GC=F
2026-10-09T11:05:00Z,4203.7001953125,4203.89990234375,4201.7998046875,4203.2998046875,273.0,yahoo,GC=F
2026-10-09T11:06:00Z,4203.5,4203.60009765625,4203.10009765625,4203.5,43.0,yahoo,GC=F
2026-10-09T11:07:00Z,4203.2998046875,4203.2998046875,4201.7998046875,4202.0,189.0,yahoo,GC=F
2026-10-09T11:08:00Z,4202.0,4202.39990234375,4200.2998046875,4201.0,97.0,yahoo,GC=F
2026-10-09T11:09:00Z,4201.0,4202.2001953125,4200.2001953125,4200.7001953125,110.0,yahoo,GC=F
2026-10-09T11:10:00Z,4200.39990234375,4201.2001953125,4199.2001953125,4200.60009765625,241.0,yahoo,GC=F
2026-10-09T11:11:00Z,4200.60009765625,4202.2001953125,4199.7998046875,4201.10009765625,143.0,yahoo,GC=F
2026-10-09T11:12:00Z,4201.7001953125,4201.89990234375,4201.2001953125,4201.2001953125,57.0,yahoo,GC=F
2026-10-09T11:13:00Z,4200.60009765625,4201.2001953125,4200.39990234375,4201.2001953125,15.0,yahoo,GC=F
2026-10-09T11:14:00Z,4201.5,4204.2998046875,4201.39990234375,4203.39990234375,203.0,yahoo,GC=F
2026-10-09T11:15:00Z,4203.39990234375,4206.0,4203.39990234375,4205.60009765625,97.0,yahoo,GC=F
2026-10-09T11:16:00Z,4205.39990234375,4206.60009765625,4204.89990234375,4205.7001953125,147.0,yahoo,GC=F
2026-10-09T11:17:00Z,4205.7998046875,4206.0,4205.39990234375,4205.39990234375,9.0,yahoo,GC=F
2026-10-09T11:18:00Z,4205.5,4206.10009765625,4204.5,4206.0,69.0,yahoo,GC=F
2026-10-09T11:19:00Z,4206.0,4207.7998046875,4205.89990234375,4207.0,93.0,yahoo,GC=F
2026-10-09T11:20:00Z,4207.39990234375,4208.10009765625,4206.60009765625,4207.5,87.0,yahoo,GC=F
2026-10-09T11:21:00Z,4207.7001953125,4208.0,4207.0,4207.7001953125,49.0,yahoo,GC=F
2026-10-09T11:22:00Z,4207.39990234375,4208.60009765625,4206.10009765625,4208.5,114.0,yahoo,GC=F
2026-10-09T11:23:00Z,4208.2998046875,4208.7998046875,4207.89990234375,4207.89990234375,44.0,yahoo,GC=F
2026-10-09T11:24:00Z,4208.2998046875,4208.5,4207.7001953125,4207.7998046875,45.0,yahoo,GC=F
2026-10-09T11:25:00Z,4207.5,4208.10009765625,4207.5,4207.7998046875,32.0,yahoo,GC=F
2026-10-09T11:26:00Z,4207.2998046875,4208.39990234375,4206.89990234375,4207.60009765625,84.0,yahoo,GC=F
2026-10-09T11:27:00Z,4207.2998046875,4208.0,4206.89990234375,4207.89990234375,37.0,yahoo,GC=F
2026-10-09T11:28:00Z,4207.7998046875,4209.2001953125,4207.7001953125,4208.89990234375,59.0,yahoo,GC=F
2026-10-09T11:29:00Z,4209.0,4209.2001953125,4208.39990234375,4208.5,21.0,yahoo,GC=F
2026-10-09T11:30:00Z,4208.60009765625,4209.5,4208.60009765625,4209.39990234375,43.0,yahoo,GC=F
2026-10-09T11:31:00Z,4208.89990234375,4211.0,4208.89990234375,4210.2998046875,130.0,yahoo,GC=F
2026-10-09T11:32:00Z,4210.2998046875,4210.89990234375,4209.7001953125,4209.7001953125,68.0,yahoo,GC=F
2026-10-09T11:33:00Z,4209.60009765625,4210.2001953125,4208.7998046875,4209.7998046875,38.0,yahoo,GC=F
2026-10-09T11:34:00Z,4209.7998046875,4209.89990234375,4208.5,4209.39990234375,50.0,yahoo,GC=F
2026-10-09T11:35:00Z,4209.5,4210.0,4208.89990234375,4209.2001953125,84.0,yahoo,GC=F
2026-10-09T11:36:00Z,4209.39990234375,4210.2001953125,4208.5,4210.2001953125,76.0,yahoo,GC=F
2026-10-09T11:37:00Z,4210.2998046875,4210.2998046875,4209.0,4209.0,79.0,yahoo,GC=F
2026-10-09T11:38:00Z,4208.7001953125,4209.10009765625,4208.10009765625,4208.10009765625,39.0,yahoo,GC=F
2026-10-09T11:39:00Z,4208.0,4208.39990234375,4207.7998046875,4208.10009765625,33.0,yahoo,GC=F
2026-10-09T11:40:00Z,4208.10009765625,4208.10009765625,4207.60009765625,4208.10009765625,14.0,yahoo,GC=F
2026-10-09T11:41:00Z,4207.5,4207.5,4206.2998046875,4206.5,93.0,yahoo,GC=F
2026-10-09T11:42:00Z,4206.10009765625,4206.2998046875,4205.7001953125,4206.10009765625,41.0,yahoo,GC=F
2026-10-09T11:43:00Z,4206.2001953125,4206.2001953125,4204.7998046875,4204.7998046875,48.0,yahoo,GC=F
2026-10-09T11:44:00Z,4205.0,4207.2001953125,4204.89990234375,4206.7001953125,89.0,yahoo,GC=F
2026-10-09T11:45:00Z,4207.0,4208.0,4206.5,4206.89990234375,82.0,yahoo,GC=F
2026-10-09T11:46:00Z,4206.7001953125,4206.7998046875,4205.39990234375,4205.89990234375,40.0,yahoo,GC=F
2026-10-09T11:47:00Z,4205.60009765625,4208.10009765625,4205.2001953125,4207.7998046875,228.0,yahoo,GC=F
2026-10-09T11:48:00Z,4207.7998046875,4208.10009765625,4207.5,4207.89990234375,75.0,yahoo,GC=F
2026-10-09T11:49:00Z,4207.7001953125,4208.10009765625,4207.2001953125,4207.2001953125,32.0,yahoo,GC=F
2026-10-09T11:50:00Z,4207.5,4207.89990234375,4206.39990234375,4206.39990234375,51.0,yahoo,GC=F
2026-10-09T11:51:00Z,4206.60009765625,4206.7001953125,4205.7001953125,4206.39990234375,54.0,yahoo,GC=F
2026-10-09T11:52:00Z,4206.7998046875,4207.39990234375,4206.2998046875,4207.39990234375,53.0,yahoo,GC=F
2026-10-09T11:53:00Z,4207.5,4207.7001953125,4207.10009765625,4207.2001953125,41.0,yahoo,GC=F
2026-10-09T11:54:00Z,4207.39990234375,4208.5,4207.2998046875,4207.89990234375,119.0,yahoo,GC=F
2026-10-09T11:55:00Z,4207.89990234375,4208.0,4205.89990234375,4206.2001953125,92.0,yahoo,GC=F
2026-10-09T11:56:00Z,4206.39990234375,4206.5,4205.2001953125,4206.0,43.0,yahoo,GC=F
2026-10-09T11:57:00Z,4205.7998046875,4206.7001953125,4205.39990234375,4206.10009765625,34.0,yahoo,GC=F
2026-10-09T11:58:00Z,4206.39990234375,4206.7998046875,4206.10009765625,4206.7001953125,33.0,yahoo,GC=F
2026-10-09T11:59:00Z,4207.0,4207.89990234375,4206.89990234375,4207.7001953125,46.0,yahoo,GC=F
2026-10-09T12:00:00Z,4207.7998046875,4208.39990234375,4206.60009765625,4208.39990234375,105.0,yahoo,GC=F
2026-10-09T12:01:00Z,4208.60009765625,4210.2998046875,4208.60009765625,4210.2001953125,210.0,yahoo,GC=F
2026-10-09T12:02:00Z,4210.0,4210.0,4208.2998046875,4208.5,115.0,yahoo,GC=F
2026-10-09T12:03:00Z,4208.7001953125,4209.5,4208.5,4209.0,74.0,yahoo,GC=F
2026-10-09T12:04:00Z,4209.10009765625,4209.10009765625,4207.7998046875,4208.2998046875,102.0,yahoo,GC=F
2026-10-09T12:05:00Z,4208.5,4209.39990234375,4207.7998046875,4208.0,67.0,yahoo,GC=F
2026-10-09T12:06:00Z,4207.5,4208.2001953125,4206.10009765625,4207.60009765625,86.0,yahoo,GC=F
2026-10-09T12:07:00Z,4207.5,4208.60009765625,4207.39990234375,4208.2998046875,46.0,yahoo,GC=F
2026-10-09T12:08:00Z,4207.89990234375,4208.5,4207.10009765625,4208.5,50.0,yahoo,GC=F
2026-10-09T12:09:00Z,4208.60009765625,4209.2998046875,4208.2001953125,4209.0,38.0,yahoo,GC=F
2026-10-09T12:10:00Z,4209.10009765625,4210.7998046875,4208.89990234375,4209.10009765625,126.0,yahoo,GC=F
2026-10-09T12:11:00Z,4209.5,4210.39990234375,4208.60009765625,4210.39990234375,49.0,yahoo,GC=F
2026-10-09T12:12:00Z,4210.39990234375,4210.7001953125,4209.0,4209.2998046875,69.0,yahoo,GC=F
2026-10-09T12:13:00Z,4209.60009765625,4209.7998046875,4208.89990234375,4208.89990234375,34.0,yahoo,GC=F
2026-10-09T12:14:00Z,4208.7998046875,4209.10009765625,4207.39990234375,4207.7998046875,40.0,yahoo,GC=F
2026-10-09T12:15:00Z,4208.10009765625,4208.5,4207.10009765625,4207.7998046875,92.0,yahoo,GC=F
2026-10-09T12:16:00Z,4207.7998046875,4207.7998046875,4205.0,4205.0,89.0,yahoo,GC=F
2026-10-09T12:17:00Z,4204.89990234375,4205.7998046875,4204.10009765625,4205.5,180.0,yahoo,GC=F
2026-10-09T12:18:00Z,4205.60009765625,4207.10009765625,4205.10009765625,4205.7998046875,62.0,yahoo,GC=F
2026-10-09T12:19:00Z,4205.7001953125,4206.2998046875,4204.60009765625,4206.0,87.0,yahoo,GC=F
2026-10-09T12:20:00Z,4205.89990234375,4209.7998046875,4205.60009765625,4209.7998046875,188.0,yahoo,GC=F
2026-10-09T12:21:00Z,4209.7998046875,4210.2998046875,4208.89990234375,4208.89990234375,178.0,yahoo,GC=F
2026-10-09T12:22:00Z,4208.89990234375,4209.89990234375,4207.5,4208.2001953125,114.0,yahoo,GC=F
2026-10-09T12:23:00Z,4208.2998046875,4209.0,4207.60009765625,4209.0,42.0,yahoo,GC=F
2026-10-09T12:24:00Z,4208.2998046875,4208.7998046875,4207.7001953125,4207.89990234375,95.0,yahoo,GC=F
2026-10-09T12:25:00Z,4208.2001953125,4208.39990234375,4207.0,4208.0,68.0,yahoo,GC=F
2026-10-09T12:26:00Z,4207.89990234375,4209.7998046875,4207.5,4209.7001953125,102.0,yahoo,GC=F
2026-10-09T12:27:00Z,4209.5,4210.10009765625,4209.10009765625,4209.2998046875,117.0,yahoo,GC=F
2026-10-09T12:28:00Z,4209.2998046875,4210.39990234375,4209.0,4209.7998046875,66.0,yahoo,GC=F
2026-10-09T12:29:00Z,4210.0,4210.0,4208.2001953125,4208.60009765625,92.0,yahoo,GC=F
2026-10-09T12:30:00Z,4208.39990234375,4216.39990234375,4207.7998046875,4214.2998046875,1271.0,yahoo,GC=F
2026-10-09T12:31:00Z,4214.2001953125,4214.2998046875,4212.10009765625,4212.39990234375,225.0,yahoo,GC=F
2026-10-09T12:32:00Z,4212.2001953125,4213.60009765625,4211.2998046875,4211.5,251.0,yahoo,GC=F
2026-10-09T12:33:00Z,4211.10009765625,4211.5,4209.7001953125,4210.0,230.0,yahoo,GC=F
2026-10-09T12:34:00Z,4210.0,4211.0,4208.5,4210.2001953125,180.0,yahoo,GC=F
2026-10-09T12:35:00Z,4210.2998046875,4210.2998046875,4208.2001953125,4208.5,129.0,yahoo,GC=F
2026-10-09T12:36:00Z,4208.5,4209.2001953125,4205.2001953125,4205.2998046875,244.0,yahoo,GC=F
2026-10-09T12:37:00Z,4205.2998046875,4205.89990234375,4204.60009765625,4205.10009765625,208.0,yahoo,GC=F
2026-10-09T12:38:00Z,4205.39990234375,4209.2001953125,4205.2001953125,4208.2001953125,268.0,yahoo,GC=F
2026-10-09T12:39:00Z,4208.2001953125,4208.2998046875,4206.39990234375,4207.0,77.0,yahoo,GC=F
2026-10-09T12:40:00Z,4207.2001953125,4208.2001953125,4206.2998046875,4207.89990234375,106.0,yahoo,GC=F
2026-10-09T12:41:00Z,4207.2998046875,4208.89990234375,4207.2998046875,4208.89990234375,56.0,yahoo,GC=F
2026-10-09T12:42:00Z,4209.0,4210.39990234375,4208.39990234375,4209.89990234375,96.0,yahoo,GC=F
2026-10-09T12:43:00Z,4208.89990234375,4209.7998046875,4207.5,4207.7001953125,175.0,yahoo,GC=F
2026-10-09T12:44:00Z,4207.60009765625,4208.0,4206.10009765625,4206.2998046875,157.0,yahoo,GC=F
2026-10-09T12:45:00Z,4206.2001953125,4206.7998046875,4205.39990234375,4206.39990234375,114.0,yahoo,GC=F
2026-10-09T12:46:00Z,4206.7001953125,4207.2998046875,4204.39990234375,4205.10009765625,228.0,yahoo,GC=F
2026-10-09T12:47:00Z,4205.2998046875,4205.2998046875,4202.5,4203.2001953125,213.0,yahoo,GC=F
2026-10-09T12:48:00Z,4203.2001953125,4203.5,4201.0,4202.60009765625,197.0,yahoo,GC=F
2026-10-09T12:49:00Z,4202.89990234375,4204.60009765625,4202.89990234375,4203.7001953125,133.0,yahoo,GC=F
2026-10-09T12:50:00Z,4203.5,4203.60009765625,4199.7001953125,4200.2998046875,196.0,yahoo,GC=F
2026-10-09T12:51:00Z,4200.2001953125,4200.2001953125,4198.10009765625,4198.2001953125,304.0,yahoo,GC=F
2026-10-09T12:52:00Z,4198.2001953125,4199.0,4197.7001953125,4197.7998046875,176.0,yahoo,GC=F
2026-10-09T12:53:00Z,4197.60009765625,4198.2998046875,4195.7001953125,4196.7001953125,255.0,yahoo,GC=F
2026-10-09T12:54:00Z,4196.5,4196.7001953125,4194.2001953125,4194.39990234375,198.0,yahoo,GC=F
2026-10-09T12:55:00Z,4194.7998046875,4195.60009765625,4193.2001953125,4195.10009765625,200.0,yahoo,GC=F
2026-10-09T12:56:00Z,4195.0,4197.10009765625,4194.7998046875,4196.89990234375,152.0,yahoo,GC=F
2026-10-09T12:57:00Z,4196.89990234375,4200.2001953125,4196.89990234375,4200.10009765625,186.0,yahoo,GC=F
2026-10-09T12:58:00Z,4200.0,4200.89990234375,4199.5,4200.10009765625,231.0,yahoo,GC=F
2026-10-09T12:59:00Z,4200.2001953125,4202.39990234375,4200.0,4200.39990234375,313.0,yahoo,GC=F
2026-10-09T13:00:00Z,4200.5,4204.10009765625,4200.2001953125,4203.0,416.0,yahoo,GC=F
2026-10-09T13:01:00Z,4203.0,4203.0,4200.2001953125,4201.10009765625,210.0,yahoo,GC=F
2026-10-09T13:02:00Z,4200.7998046875,4202.10009765625,4200.0,4200.89990234375,168.0,yahoo,GC=F
2026-10-09T13:03:00Z,4201.0,4201.2998046875,4199.60009765625,4200.7001953125,172.0,yahoo,GC=F
2026-10-09T13:04:00Z,4200.39990234375,4201.10009765625,4199.2001953125,4199.7001953125,168.0,yahoo,GC=F
2026-10-09T13:05:00Z,4199.7001953125,4202.5,4199.2001953125,4202.5,430.0,yahoo,GC=F
2026-10-09T13:06:00Z,4202.0,4202.89990234375,4201.10009765625,4201.39990234375,127.0,yahoo,GC=F
2026-10-09T13:07:00Z,4201.5,4205.10009765625,4200.2998046875,4205.0,274.0,yahoo,GC=F
2026-10-09T13:08:00Z,4205.2001953125,4205.7001953125,4203.10009765625,4203.2998046875,406.0,yahoo,GC=F
2026-10-09T13:09:00Z,4203.0,4203.10009765625,4201.60009765625,4201.7998046875,51.0,yahoo,GC=F
2026-10-09T13:10:00Z,4202.0,4202.5,4200.60009765625,4200.60009765625,107.0,yahoo,GC=F
2026-10-09T13:11:00Z,4200.39990234375,4203.60009765625,4200.0,4203.2001953125,150.0,yahoo,GC=F
2026-10-09T13:12:00Z,4203.10009765625,4203.60009765625,4202.39990234375,4203.5,104.0,yahoo,GC=F
2026-10-09T13:13:00Z,4203.2998046875,4205.2998046875,4202.2998046875,4205.2001953125,102.0,yahoo,GC=F
2026-10-09T13:14:00Z,4205.2001953125,4206.0,4205.0,4205.89990234375,128.0,yahoo,GC=F
2026-10-09T13:15:00Z,4206.0,4206.7001953125,4205.39990234375,4206.0,211.0,yahoo,GC=F
2026-10-09T13:16:00Z,4205.7998046875,4208.2998046875,4205.60009765625,4208.0,198.0,yahoo,GC=F
2026-10-09T13:17:00Z,4207.89990234375,4210.5,4207.89990234375,4210.5,231.0,yahoo,GC=F
2026-10-09T13:18:00Z,4210.5,4212.0,4210.5,4211.10009765625,148.0,yahoo,GC=F
2026-10-09T13:19:00Z,4211.10009765625,4211.10009765625,4208.89990234375,4208.89990234375,142.0,yahoo,GC=F
2026-10-09T13:20:00Z,4208.7001953125,4210.2998046875,4206.7998046875,4207.60009765625,283.0,yahoo,GC=F
2026-10-09T13:21:00Z,4207.89990234375,4208.10009765625,4206.2998046875,4206.5,111.0,yahoo,GC=F
2026-10-09T13:22:00Z,4206.7001953125,4207.10009765625,4205.0,4207.10009765625,161.0,yahoo,GC=F
2026-10-09T13:23:00Z,4206.7001953125,4208.60009765625,4206.60009765625,4208.60009765625,97.0,yahoo,GC=F
2026-10-09T13:24:00Z,4208.60009765625,4212.0,4208.2001953125,4211.7998046875,123.0,yahoo,GC=F
2026-10-09T13:25:00Z,4212.0,4213.5,4211.39990234375,4213.2001953125,175.0,yahoo,GC=F
2026-10-09T13:26:00Z,4213.10009765625,4213.10009765625,4211.60009765625,4212.5,188.0,yahoo,GC=F
2026-10-09T13:27:00Z,4212.60009765625,4214.89990234375,4212.10009765625,4213.10009765625,324.0,yahoo,GC=F
2026-10-09T13:28:00Z,4213.0,4214.39990234375,4212.7998046875,4213.2001953125,126.0,yahoo,GC=F
2026-10-09T13:29:00Z,4213.10009765625,4214.39990234375,4212.7001953125,4213.60009765625,375.0,yahoo,GC=F
2026-10-09T13:30:00Z,4213.39990234375,4214.89990234375,4212.2001953125,4214.7998046875,348.0,yahoo,GC=F
2026-10-09T13:31:00Z,4214.89990234375,4217.60009765625,4214.5,4216.5,678.0,yahoo,GC=F
2026-10-09T13:32:00Z,4216.0,4216.2998046875,4213.10009765625,4213.10009765625,403.0,yahoo,GC=F
2026-10-09T13:33:00Z,4213.39990234375,4213.89990234375,4211.7001953125,4211.7998046875,220.0,yahoo,GC=F
2026-10-09T13:34:00Z,4212.0,4212.39990234375,4210.0,4211.0,200.0,yahoo,GC=F
2026-10-09T13:35:00Z,4211.2001953125,4213.7998046875,4210.2998046875,4213.60009765625,135.0,yahoo,GC=F
2026-10-09T13:36:00Z,4214.0,4215.60009765625,4212.7998046875,4213.60009765625,331.0,yahoo,GC=F
2026-10-09T13:37:00Z,4213.2998046875,4213.2998046875,4211.2998046875,4212.0,255.0,yahoo,GC=F
2026-10-09T13:38:00Z,4211.89990234375,4212.2998046875,4208.5,4210.39990234375,750.0,yahoo,GC=F
2026-10-09T13:39:00Z,4210.2001953125,4211.60009765625,4209.0,4211.60009765625,119.0,yahoo,GC=F
2026-10-09T13:40:00Z,4211.7001953125,4212.7001953125,4209.5,4211.2001953125,380.0,yahoo,GC=F
2026-10-09T13:41:00Z,4211.10009765625,4214.89990234375,4210.2998046875,4214.7998046875,171.0,yahoo,GC=F
2026-10-09T13:42:00Z,4214.7001953125,4216.7998046875,4210.39990234375,4211.5,399.0,yahoo,GC=F
2026-10-09T13:43:00Z,4211.7001953125,4212.5,4208.2998046875,4209.39990234375,237.0,yahoo,GC=F
2026-10-09T13:44:00Z,4209.2001953125,4209.89990234375,4207.10009765625,4209.60009765625,289.0,yahoo,GC=F
2026-10-09T13:45:00Z,4209.89990234375,4216.2001953125,4209.89990234375,4215.89990234375,308.0,yahoo,GC=F
2026-10-09T13:46:00Z,4215.7998046875,4216.0,4213.2001953125,4213.2998046875,211.0,yahoo,GC=F
2026-10-09T13:47:00Z,4213.5,4216.5,4213.5,4215.2998046875,175.0,yahoo,GC=F
2026-10-09T13:48:00Z,4215.2001953125,4215.39990234375,4213.7001953125,4214.0,125.0,yahoo,GC=F
2026-10-09T13:49:00Z,4213.89990234375,4216.0,4213.89990234375,4215.2998046875,113.0,yahoo,GC=F
2026-10-09T13:50:00Z,4215.39990234375,4218.0,4214.60009765625,4218.0,210.0,yahoo,GC=F
2026-10-09T13:51:00Z,4218.10009765625,4220.0,4217.5,4219.39990234375,334.0,yahoo,GC=F
2026-10-09T13:52:00Z,4219.2998046875,4219.7998046875,4217.2001953125,4219.7001953125,212.0,yahoo,GC=F
2026-10-09T13:53:00Z,4219.7001953125,4221.10009765625,4218.7001953125,4219.2998046875,227.0,yahoo,GC=F
2026-10-09T13:54:00Z,4219.2998046875,4219.39990234375,4216.7998046875,4216.89990234375,96.0,yahoo,GC=F
2026-10-09T13:55:00Z,4217.0,4217.89990234375,4215.89990234375,4217.7001953125,122.0,yahoo,GC=F
2026-10-09T13:56:00Z,4217.60009765625,4221.2998046875,4217.39990234375,4221.2998046875,311.0,yahoo,GC=F
2026-10-09T13:57:00Z,4221.2998046875,4221.7001953125,4220.0,4220.39990234375,420.0,yahoo,GC=F
2026-10-09T13:58:00Z,4220.2001953125,4220.5,4216.2001953125,4217.2001953125,313.0,yahoo,GC=F
2026-10-09T13:59:00Z,4217.2001953125,4217.2998046875,4214.60009765625,4215.2001953125,212.0,yahoo,GC=F
2026-10-09T14:00:00Z,4215.10009765625,4216.2001953125,4212.2998046875,4213.7998046875,463.0,yahoo,GC=F
2026-10-09T14:01:00Z,4213.5,4214.39990234375,4212.10009765625,4212.2998046875,286.0,yahoo,GC=F
2026-10-09T14:02:00Z,4212.7001953125,4213.2001953125,4210.89990234375,4212.10009765625,321.0,yahoo,GC=F
2026-10-09T14:03:00Z,4211.89990234375,4212.7998046875,4211.2001953125,4212.60009765625,129.0,yahoo,GC=F
2026-10-09T14:04:00Z,4212.39990234375,4212.7001953125,4210.39990234375,4210.60009765625,166.0,yahoo,GC=F
2026-10-09T14:05:00Z,4210.7001953125,4212.39990234375,4210.0,4211.10009765625,247.0,yahoo,GC=F
2026-10-09T14:06:00Z,4210.7998046875,4214.39990234375,4210.60009765625,4214.39990234375,153.0,yahoo,GC=F
2026-10-09T14:07:00Z,4214.10009765625,4214.60009765625,4212.5,4214.60009765625,163.0,yahoo,GC=F
2026-10-09T14:08:00Z,4214.5,4214.60009765625,4212.2998046875,4212.39990234375,150.0,yahoo,GC=F
2026-10-09T14:09:00Z,4212.10009765625,4212.60009765625,4209.89990234375,4211.0,217.0,yahoo,GC=F
2026-10-09T14:10:00Z,4210.5,4212.2998046875,4210.0,4211.2998046875,188.0,yahoo,GC=F
2026-10-09T14:11:00Z,4211.2998046875,4212.0,4209.60009765625,4211.60009765625,183.0,yahoo,GC=F
2026-10-09T14:12:00Z,4211.39990234375,4213.7001953125,4211.0,4213.0,453.0,yahoo,GC=F
2026-10-09T14:13:00Z,4212.7998046875,4213.89990234375,4211.5,4212.0,435.0,yahoo,GC=F
2026-10-09T14:14:00Z,4211.89990234375,4214.0,4211.5,4213.39990234375,145.0,yahoo,GC=F
2026-10-09T14:15:00Z,4213.5,4216.0,4213.0,4213.89990234375,529.0,yahoo,GC=F
2026-10-09T14:16:00Z,4213.7998046875,4215.2998046875,4213.39990234375,4214.2998046875,137.0,yahoo,GC=F
2026-10-09T14:17:00Z,4214.2998046875,4215.60009765625,4213.2001953125,4215.5,142.0,yahoo,GC=F
2026-10-09T14:18:00Z,4215.39990234375,4215.89990234375,4214.7998046875,4214.7998046875,111.0,yahoo,GC=F
2026-10-09T14:19:00Z,4214.7001953125,4216.2998046875,4213.89990234375,4215.89990234375,154.0,yahoo,GC=F
2026-10-09T14:20:00Z,4216.2001953125,4216.2001953125,4212.2001953125,4212.2001953125,100.0,yahoo,GC=F
2026-10-09T14:21:00Z,4212.2001953125,4212.2001953125,4209.5,4210.10009765625,222.0,yahoo,GC=F
2026-10-09T14:22:00Z,4209.7998046875,4212.2001953125,4208.60009765625,4211.10009765625,199.0,yahoo,GC=F
2026-10-09T14:23:00Z,4211.0,4212.0,4210.89990234375,4211.5,62.0,yahoo,GC=F
2026-10-09T14:24:00Z,4211.60009765625,4211.7998046875,4210.0,4210.2001953125,71.0,yahoo,GC=F
2026-10-09T14:25:00Z,4210.0,4210.10009765625,4208.39990234375,4209.2998046875,143.0,yahoo,GC=F
2026-10-09T14:26:00Z,4209.10009765625,4209.2001953125,4206.0,4207.60009765625,364.0,yahoo,GC=F
2026-10-09T14:27:00Z,4207.89990234375,4208.60009765625,4207.0,4207.60009765625,131.0,yahoo,GC=F
2026-10-09T14:28:00Z,4207.5,4208.60009765625,4207.5,4208.2998046875,137.0,yahoo,GC=F
2026-10-09T14:29:00Z,4208.39990234375,4208.89990234375,4208.10009765625,4208.7001953125,58.0,yahoo,GC=F
2026-10-09T14:30:00Z,4208.60009765625,4209.7001953125,4208.39990234375,4209.10009765625,245.0,yahoo,GC=F
2026-10-09T14:31:00Z,4209.0,4210.2001953125,4207.7001953125,4207.7998046875,218.0,yahoo,GC=F
2026-10-09T14:32:00Z,4207.7001953125,4209.7998046875,4207.7001953125,4209.7998046875,94.0,yahoo,GC=F
2026-10-09T14:33:00Z,4209.7001953125,4210.2998046875,4209.2998046875,4209.7001953125,135.0,yahoo,GC=F
2026-10-09T14:34:00Z,4209.7001953125,4210.7001953125,4209.60009765625,4210.7001953125,53.0,yahoo,GC=F
2026-10-09T14:35:00Z,4210.7001953125,4211.89990234375,4210.39990234375,4211.0,99.0,yahoo,GC=F
2026-10-09T14:36:00Z,4211.2001953125,4212.2998046875,4210.2998046875,4212.10009765625,102.0,yahoo,GC=F
2026-10-09T14:37:00Z,4211.89990234375,4214.0,4211.7998046875,4214.0,123.0,yahoo,GC=F
2026-10-09T14:38:00Z,4214.0,4214.0,4210.7001953125,4210.7001953125,185.0,yahoo,GC=F
2026-10-09T14:39:00Z,4210.60009765625,4211.2001953125,4209.10009765625,4209.7001953125,166.0,yahoo,GC=F
2026-10-09T14:40:00Z,4209.7001953125,4210.2998046875,4209.0,4209.60009765625,144.0,yahoo,GC=F
2026-10-09T14:41:00Z,4209.60009765625,4209.60009765625,4207.0,4207.10009765625,216.0,yahoo,GC=F
2026-10-09T14:42:00Z,4207.2001953125,4208.2998046875,4206.7001953125,4208.10009765625,186.0,yahoo,GC=F
2026-10-09T14:43:00Z,4208.0,4208.2998046875,4207.10009765625,4207.10009765625,98.0,yahoo,GC=F
2026-10-09T14:44:00Z,4207.0,4209.5,4207.0,4209.10009765625,204.0,yahoo,GC=F
2026-10-09T14:45:00Z,4208.7998046875,4210.10009765625,4208.39990234375,4209.2998046875,69.0,yahoo,GC=F
2026-10-09T14:46:00Z,4209.2001953125,4210.2998046875,4208.89990234375,4209.0,95.0,yahoo,GC=F
2026-10-09T14:47:00Z,4208.7998046875,4209.2001953125,4206.39990234375,4206.39990234375,108.0,yahoo,GC=F
2026-10-09T14:48:00Z,4206.5,4207.60009765625,4206.2998046875,4206.7998046875,112.0,yahoo,GC=F
2026-10-09T14:49:00Z,4206.89990234375,4207.10009765625,4205.7998046875,4206.7998046875,266.0,yahoo,GC=F
2026-10-09T14:50:00Z,4206.7998046875,4208.7001953125,4206.39990234375,4206.7998046875,126.0,yahoo,GC=F
2026-10-09T14:51:00Z,4206.39990234375,4207.7998046875,4206.2001953125,4206.7998046875,88.0,yahoo,GC=F
2026-10-09T14:52:00Z,4206.7001953125,4208.0,4206.2998046875,4207.2998046875,53.0,yahoo,GC=F
2026-10-09T14:53:00Z,4207.39990234375,4208.2998046875,4207.0,4207.7001953125,55.0,yahoo,GC=F
2026-10-09T14:54:00Z,4207.89990234375,4208.60009765625,4207.2998046875,4208.0,84.0,yahoo,GC=F
2026-10-09T14:55:00Z,4207.89990234375,4208.7001953125,4207.7998046875,4208.0,86.0,yahoo,GC=F
2026-10-09T14:56:00Z,4208.10009765625,4208.7001953125,4207.39990234375,4208.7001953125,74.0,yahoo,GC=F
2026-10-09T14:57:00Z,4208.60009765625,4208.7001953125,4207.0,4207.10009765625,91.0,yahoo,GC=F
2026-10-09T14:58:00Z,4207.2001953125,4208.89990234375,4207.10009765625,4208.7001953125,64.0,yahoo,GC=F
2026-10-09T14:59:00Z,4208.7998046875,4209.10009765625,4206.89990234375,4207.2998046875,76.0,yahoo,GC=F
2026-10-09T15:00:00Z,4206.89990234375,4208.7001953125,4206.5,4207.5,156.0,yahoo,GC=F
2026-10-09T15:01:00Z,4207.2001953125,4207.7998046875,4205.2001953125,4205.7001953125,401.0,yahoo,GC=F
2026-10-09T15:02:00Z,4206.0,4208.5,4205.0,4208.2001953125,338.0,yahoo,GC=F
2026-10-09T15:03:00Z,4208.2998046875,4209.7998046875,4207.2998046875,4208.60009765625,517.0,yahoo,GC=F
2026-10-09T15:04:00Z,4208.7001953125,4212.2001953125,4208.7001953125,4211.2998046875,256.0,yahoo,GC=F
2026-10-09T15:05:00Z,4211.2001953125,4211.2998046875,4208.2998046875,4209.5,172.0,yahoo,GC=F
2026-10-09T15:06:00Z,4209.39990234375,4209.89990234375,4207.39990234375,4207.39990234375,104.0,yahoo,GC=F
2026-10-09T15:07:00Z,4207.39990234375,4207.89990234375,4206.5,4207.0,111.0,yahoo,GC=F
2026-10-09T15:08:00Z,4207.2998046875,4208.2001953125,4206.2001953125,4207.0,104.0,yahoo,GC=F
2026-10-09T15:09:00Z,4207.2001953125,4208.10009765625,4206.39990234375,4207.7998046875,178.0,yahoo,GC=F
2026-10-09T15:10:00Z,4208.0,4209.7001953125,4207.39990234375,4209.39990234375,143.0,yahoo,GC=F
2026-10-09T15:11:00Z,4209.5,4211.2001953125,4209.5,4209.7001953125,114.0,yahoo,GC=F
2026-10-09T15:12:00Z,4209.5,4209.7998046875,4207.89990234375,4207.89990234375,69.0,yahoo,GC=F
2026-10-09T15:13:00Z,4208.10009765625,4209.2998046875,4208.10009765625,4209.2001953125,66.0,yahoo,GC=F
2026-10-09T15:14:00Z,4209.2001953125,4210.2998046875,4208.7001953125,4209.2998046875,83.0,yahoo,GC=F
2026-10-09T15:15:00Z,4209.39990234375,4210.0,4208.89990234375,4209.7001953125,53.0,yahoo,GC=F
2026-10-09T15:16:00Z,4209.5,4210.10009765625,4208.7001953125,4208.7998046875,127.0,yahoo,GC=F
2026-10-09T15:17:00Z,4208.7998046875,4212.39990234375,4208.7001953125,4212.39990234375,116.0,yahoo,GC=F
2026-10-09T15:18:00Z,4212.39990234375,4214.2998046875,4212.39990234375,4213.60009765625,648.0,yahoo,GC=F
2026-10-09T15:19:00Z,4213.39990234375,4213.60009765625,4212.2998046875,4212.2998046875,157.0,yahoo,GC=F
2026-10-09T15:20:00Z,4212.5,4213.0,4211.89990234375,4212.60009765625,94.0,yahoo,GC=F
2026-10-09T15:21:00Z,4212.7001953125,4213.39990234375,4212.2001953125,4213.0,65.0,yahoo,GC=F
2026-10-09T15:22:00Z,4213.10009765625,4213.60009765625,4212.60009765625,4213.39990234375,390.0,yahoo,GC=F
2026-10-09T15:23:00Z,4213.5,4215.89990234375,4213.5,4215.60009765625,243.0,yahoo,GC=F
2026-10-09T15:24:00Z,4215.7998046875,4216.2001953125,4214.7998046875,4215.2998046875,170.0,yahoo,GC=F
2026-10-09T15:25:00Z,4215.2001953125,4215.7998046875,4214.10009765625,4214.2998046875,77.0,yahoo,GC=F
2026-10-09T15:26:00Z,4214.2998046875,4215.2001953125,4214.0,4214.60009765625,71.0,yahoo,GC=F
2026-10-09T15:27:00Z,4214.39990234375,4215.5,4214.39990234375,4215.2001953125,76.0,yahoo,GC=F
2026-10-09T15:28:00Z,4215.2998046875,4215.2998046875,4213.60009765625,4214.0,109.0,yahoo,GC=F
2026-10-09T15:29:00Z,4214.0,4214.10009765625,4213.10009765625,4213.10009765625,81.0,yahoo,GC=F
2026-10-09T15:30:00Z,4213.60009765625,4214.7001953125,4212.2998046875,4213.89990234375,247.0,yahoo,GC=F
2026-10-09T15:31:00Z,4214.2001953125,4214.89990234375,4213.7001953125,4214.39990234375,76.0,yahoo,GC=F
2026-10-09T15:32:00Z,4214.5,4214.89990234375,4214.10009765625,4214.89990234375,39.0,yahoo,GC=F
2026-10-09T15:33:00Z,4215.0,4215.5,4214.10009765625,4215.0,74.0,yahoo,GC=F
2026-10-09T15:34:00Z,4214.7998046875,4215.2001953125,4214.2998046875,4215.10009765625,41.0,yahoo,GC=F
2026-10-09T15:35:00Z,4214.7998046875,4216.2001953125,4214.7001953125,4215.10009765625,188.0,yahoo,GC=F
2026-10-09T15:36:00Z,4214.89990234375,4216.60009765625,4214.5,4214.89990234375,194.0,yahoo,GC=F
2026-10-09T15:37:00Z,4214.60009765625,4214.7998046875,4213.7998046875,4213.89990234375,79.0,yahoo,GC=F
2026-10-09T15:38:00Z,4214.2001953125,4214.2998046875,4213.7998046875,4213.89990234375,80.0,yahoo,GC=F
2026-10-09T15:39:00Z,4213.89990234375,4214.89990234375,4213.7001953125,4214.7001953125,146.0,yahoo,GC=F
2026-10-09T15:40:00Z,4214.7998046875,4215.0,4212.89990234375,4213.89990234375,164.0,yahoo,GC=F
2026-10-09T15:41:00Z,4214.10009765625,4214.7998046875,4214.0,4214.7998046875,84.0,yahoo,GC=F
2026-10-09T15:42:00Z,4214.7001953125,4215.89990234375,4214.7001953125,4215.7001953125,96.0,yahoo,GC=F
2026-10-09T15:43:00Z,4215.7001953125,4216.39990234375,4215.0,4215.2998046875,103.0,yahoo,GC=F
2026-10-09T15:44:00Z,4215.10009765625,4215.39990234375,4214.60009765625,4214.7001953125,75.0,yahoo,GC=F
2026-10-09T15:45:00Z,4214.7001953125,4214.7998046875,4211.60009765625,4211.7001953125,232.0,yahoo,GC=F
2026-10-09T15:46:00Z,4211.39990234375,4212.39990234375,4210.89990234375,4212.2001953125,112.0,yahoo,GC=F
2026-10-09T15:47:00Z,4212.2998046875,4214.0,4212.2001953125,4213.7001953125,75.0,yahoo,GC=F
2026-10-09T15:48:00Z,4213.60009765625,4213.7998046875,4213.2001953125,4213.7001953125,35.0,yahoo,GC=F
2026-10-09T15:49:00Z,4213.5,4215.0,4213.2998046875,4215.0,44.0,yahoo,GC=F
2026-10-09T15:50:00Z,4215.0,4216.2998046875,4215.0,4215.7998046875,90.0,yahoo,GC=F
2026-10-09T15:51:00Z,4215.89990234375,4216.39990234375,4215.5,4215.89990234375,63.0,yahoo,GC=F
2026-10-09T15:52:00Z,4215.7001953125,4216.10009765625,4215.2001953125,4215.7001953125,63.0,yahoo,GC=F
2026-10-09T15:53:00Z,4215.60009765625,4215.7998046875,4215.10009765625,4215.2998046875,27.0,yahoo,GC=F
2026-10-09T15:54:00Z,4215.5,4216.89990234375,4215.5,4216.5,135.0,yahoo,GC=F
2026-10-09T15:55:00Z,4216.7001953125,4217.39990234375,4215.60009765625,4215.60009765625,240.0,yahoo,GC=F
2026-10-09T15:56:00Z,4215.5,4215.89990234375,4214.7001953125,4214.7001953125,87.0,yahoo,GC=F
2026-10-09T15:57:00Z,4214.60009765625,4214.60009765625,4212.2001953125,4213.2998046875,135.0,yahoo,GC=F
2026-10-09T15:58:00Z,4213.2001953125,4213.2001953125,4212.39990234375,4213.10009765625,70.0,yahoo,GC=F
2026-10-09T15:59:00Z,4213.2998046875,4213.7998046875,4212.60009765625,4213.7998046875,92.0,yahoo,GC=F
2026-10-09T16:00:00Z,4213.2998046875,4214.7998046875,4212.60009765625,4214.7998046875,135.0,yahoo,GC=F
2026-10-09T16:01:00Z,4214.7998046875,4217.39990234375,4214.5,4217.0,228.0,yahoo,GC=F
2026-10-09T16:02:00Z,4216.7998046875,4216.89990234375,4215.7998046875,4215.7998046875,64.0,yahoo,GC=F
2026-10-09T16:03:00Z,4216.10009765625,4217.39990234375,4215.7998046875,4217.2001953125,78.0,yahoo,GC=F
2026-10-09T16:04:00Z,4217.2998046875,4217.7001953125,4216.60009765625,4217.2001953125,69.0,yahoo,GC=F
2026-10-09T16:05:00Z,4217.2001953125,4218.10009765625,4217.2001953125,4217.5,56.0,yahoo,GC=F
2026-10-09T16:06:00Z,4217.60009765625,4217.7998046875,4216.0,4216.89990234375,180.0,yahoo,GC=F
2026-10-09T16:07:00Z,4217.2001953125,4218.89990234375,4216.89990234375,4217.7998046875,264.0,yahoo,GC=F
2026-10-09T16:08:00Z,4217.7998046875,4218.60009765625,4217.7998046875,4218.2001953125,63.0,yahoo,GC=F
2026-10-09T16:09:00Z,4218.2998046875,4218.7001953125,4217.2001953125,4217.60009765625,66.0,yahoo,GC=F
2026-10-09T16:10:00Z,4217.7001953125,4218.10009765625,4217.0,4218.10009765625,58.0,yahoo,GC=F
2026-10-09T16:11:00Z,4217.7998046875,4217.7998046875,4216.39990234375,4216.89990234375,37.0,yahoo,GC=F
2026-10-09T16:12:00Z,4216.89990234375,4217.10009765625,4216.60009765625,4216.89990234375,43.0,yahoo,GC=F
2026-10-09T16:13:00Z,4217.0,4217.7001953125,4216.5,4217.10009765625,73.0,yahoo,GC=F
2026-10-09T16:14:00Z,4217.2001953125,4218.2001953125,4217.2001953125,4218.0,62.0,yahoo,GC=F
2026-10-09T16:15:00Z,4218.2001953125,4218.2001953125,4217.10009765625,4217.5,47.0,yahoo,GC=F
2026-10-09T16:16:00Z,4217.2998046875,4218.2001953125,4217.2998046875,4217.7001953125,60.0,yahoo,GC=F
2026-10-09T16:17:00Z,4217.7998046875,4218.60009765625,4217.60009765625,4217.60009765625,67.0,yahoo,GC=F
2026-10-09T16:18:00Z,4217.60009765625,4217.89990234375,4216.2998046875,4216.2998046875,101.0,yahoo,GC=F
2026-10-09T16:19:00Z,4216.2998046875,4216.5,4215.39990234375,4215.60009765625,128.0,yahoo,GC=F
2026-10-09T16:20:00Z,4215.89990234375,4216.10009765625,4214.5,4215.2998046875,124.0,yahoo,GC=F
2026-10-09T16:21:00Z,4215.10009765625,4215.10009765625,4212.7998046875,4213.7998046875,179.0,yahoo,GC=F
2026-10-09T16:22:00Z,4213.7998046875,4214.39990234375,4213.7001953125,4214.39990234375,22.0,yahoo,GC=F
2026-10-09T16:23:00Z,4214.2998046875,4214.5,4213.5,4213.89990234375,44.0,yahoo,GC=F
2026-10-09T16:24:00Z,4213.7998046875,4213.7998046875,4213.39990234375,4213.7001953125,51.0,yahoo,GC=F
2026-10-09T16:25:00Z,4213.2998046875,4213.89990234375,4213.0,4213.39990234375,49.0,yahoo,GC=F
2026-10-09T16:26:00Z,4213.2998046875,4214.2001953125,4213.2001953125,4214.0,37.0,yahoo,GC=F
2026-10-09T16:27:00Z,4213.7001953125,4214.89990234375,4213.60009765625,4213.7001953125,52.0,yahoo,GC=F
2026-10-09T16:28:00Z,4213.7001953125,4214.10009765625,4213.7001953125,4213.7998046875,23.0,yahoo,GC=F
2026-10-09T16:29:00Z,4214.0,4214.10009765625,4213.2998046875,4213.2998046875,32.0,yahoo,GC=F
2026-10-09T16:30:00Z,4213.0,4213.60009765625,4211.89990234375,4212.5,88.0,yahoo,GC=F
2026-10-09T16:31:00Z,4212.39990234375,4212.39990234375,4211.2998046875,4211.89990234375,111.0,yahoo,GC=F
2026-10-09T16:32:00Z,4211.7998046875,4212.10009765625,4211.2001953125,4211.2001953125,102.0,yahoo,GC=F
2026-10-09T16:33:00Z,4211.2998046875,4211.7998046875,4211.0,4211.2998046875,136.0,yahoo,GC=F
2026-10-09T16:34:00Z,4211.2001953125,4211.89990234375,4209.89990234375,4209.89990234375,166.0,yahoo,GC=F
2026-10-09T16:35:00Z,4210.10009765625,4211.39990234375,4209.89990234375,4210.39990234375,199.0,yahoo,GC=F
2026-10-09T16:36:00Z,4210.2998046875,4211.2998046875,4210.10009765625,4211.10009765625,80.0,yahoo,GC=F
2026-10-09T16:37:00Z,4211.0,4212.10009765625,4210.89990234375,4212.10009765625,37.0,yahoo,GC=F
2026-10-09T16:38:00Z,4211.7001953125,4212.10009765625,4211.39990234375,4211.60009765625,29.0,yahoo,GC=F
2026-10-09T16:39:00Z,4211.7001953125,4212.5,4211.7001953125,4212.5,31.0,yahoo,GC=F
2026-10-09T16:40:00Z,4212.39990234375,4214.0,4212.2998046875,4213.5,79.0,yahoo,GC=F
2026-10-09T16:41:00Z,4213.5,4214.2001953125,4213.5,4213.89990234375,67.0,yahoo,GC=F
2026-10-09T16:42:00Z,4213.89990234375,4215.39990234375,4213.89990234375,4215.2001953125,88.0,yahoo,GC=F
2026-10-09T16:43:00Z,4215.2998046875,4215.7998046875,4215.2001953125,4215.7998046875,54.0,yahoo,GC=F
2026-10-09T16:44:00Z,4215.60009765625,4215.7998046875,4215.2001953125,4215.7998046875,74.0,yahoo,GC=F
2026-10-09T16:45:00Z,4216.0,4217.5,4215.7998046875,4217.2998046875,77.0,yahoo,GC=F
2026-10-09T16:46:00Z,4217.5,4218.60009765625,4216.2998046875,4216.39990234375,189.0,yahoo,GC=F
2026-10-09T16:47:00Z,4216.60009765625,4217.0,4216.39990234375,4216.7998046875,60.0,yahoo,GC=F
2026-10-09T16:48:00Z,4216.60009765625,4216.7998046875,4215.89990234375,4216.5,55.0,yahoo,GC=F
2026-10-09T16:49:00Z,4216.5,4216.7998046875,4215.5,4216.2001953125,86.0,yahoo,GC=F
2026-10-09T16:50:00Z,4216.2001953125,4216.60009765625,4216.10009765625,4216.39990234375,57.0,yahoo,GC=F
2026-10-09T16:51:00Z,4216.7001953125,4217.0,4216.2998046875,4216.2998046875,28.0,yahoo,GC=F
2026-10-09T16:52:00Z,4216.2998046875,4216.60009765625,4216.10009765625,4216.2001953125,33.0,yahoo,GC=F
2026-10-09T16:53:00Z,4216.10009765625,4216.5,4216.0,4216.39990234375,33.0,yahoo,GC=F
2026-10-09T16:54:00Z,4216.39990234375,4216.60009765625,4215.60009765625,4215.7998046875,25.0,yahoo,GC=F
2026-10-09T16:55:00Z,4215.89990234375,4216.5,4215.89990234375,4216.5,29.0,yahoo,GC=F
2026-10-09T16:56:00Z,4216.5,4217.0,4216.5,4216.7001953125,17.0,yahoo,GC=F
2026-10-09T16:57:00Z,4216.89990234375,4217.2001953125,4216.10009765625,4216.2998046875,65.0,yahoo,GC=F
2026-10-09T16:58:00Z,4216.10009765625,4216.2001953125,4215.7001953125,4216.10009765625,20.0,yahoo,GC=F
2026-10-09T16:59:00Z,4216.2001953125,4216.89990234375,4215.7998046875,4215.89990234375,86.0,yahoo,GC=F
2026-10-09T17:00:00Z,4215.89990234375,4217.2998046875,4215.89990234375,4216.7001953125,92.0,yahoo,GC=F
2026-10-09T17:01:00Z,4216.7001953125,4216.89990234375,4216.2001953125,4216.2001953125,65.0,yahoo,GC=F
2026-10-09T17:02:00Z,4216.2998046875,4216.39990234375,4215.7998046875,4216.2001953125,26.0,yahoo,GC=F
2026-10-09T17:03:00Z,4216.39990234375,4217.39990234375,4216.39990234375,4216.7001953125,60.0,yahoo,GC=F
2026-10-09T17:04:00Z,4216.89990234375,4217.7001953125,4216.89990234375,4217.0,68.0,yahoo,GC=F
2026-10-09T17:05:00Z,4216.89990234375,4217.2001953125,4216.2001953125,4216.2001953125,50.0,yahoo,GC=F
2026-10-09T17:06:00Z,4216.10009765625,4216.10009765625,4214.2001953125,4214.7001953125,134.0,yahoo,GC=F
2026-10-09T17:07:00Z,4214.7998046875,4215.5,4214.60009765625,4215.39990234375,47.0,yahoo,GC=F
2026-10-09T17:08:00Z,4215.2998046875,4215.2998046875,4213.7001953125,4213.7001953125,61.0,yahoo,GC=F
2026-10-09T17:09:00Z,4213.5,4213.60009765625,4212.2001953125,4213.60009765625,184.0,yahoo,GC=F
2026-10-09T17:10:00Z,4213.39990234375,4214.2001953125,4213.2001953125,4214.2001953125,54.0,yahoo,GC=F
2026-10-09T17:11:00Z,4214.2998046875,4215.10009765625,4214.0,4215.10009765625,45.0,yahoo,GC=F
2026-10-09T17:12:00Z,4215.0,4215.10009765625,4214.60009765625,4215.10009765625,27.0,yahoo,GC=F
2026-10-09T17:13:00Z,4215.0,4216.10009765625,4215.0,4216.10009765625,143.0,yahoo,GC=F
2026-10-09T17:14:00Z,4216.2001953125,4216.60009765625,4216.0,4216.5,104.0,yahoo,GC=F
2026-10-09T17:15:00Z,4216.60009765625,4218.39990234375,4216.2998046875,4218.39990234375,231.0,yahoo,GC=F
2026-10-09T17:16:00Z,4218.5,4220.0,4218.2001953125,4219.89990234375,324.0,yahoo,GC=F
2026-10-09T17:17:00Z,4219.60009765625,4219.7001953125,4218.7998046875,4219.7001953125,113.0,yahoo,GC=F
2026-10-09T17:18:00Z,4219.39990234375,4220.7001953125,4219.2998046875,4219.89990234375,197.0,yahoo,GC=F
2026-10-09T17:19:00Z,4219.7998046875,4219.89990234375,4218.10009765625,4218.10009765625,192.0,yahoo,GC=F
2026-10-09T17:20:00Z,4218.0,4219.7001953125,4217.2001953125,4219.5,270.0,yahoo,GC=F
2026-10-09T17:21:00Z,4219.39990234375,4219.60009765625,4218.60009765625,4219.10009765625,78.0,yahoo,GC=F
2026-10-09T17:22:00Z,4219.2001953125,4219.7001953125,4218.7998046875,4218.7998046875,51.0,yahoo,GC=F
2026-10-09T17:23:00Z,4218.60009765625,4219.10009765625,4218.0,4218.2998046875,82.0,yahoo,GC=F
2026-10-09T17:24:00Z,4218.0,4218.2001953125,4217.2998046875,4217.5,74.0,yahoo,GC=F
2026-10-09T17:25:00Z,4217.60009765625,4217.7001953125,4216.7998046875,4216.7998046875,120.0,yahoo,GC=F
2026-10-09T17:26:00Z,4216.7001953125,4217.10009765625,4215.5,4216.2998046875,320.0,yahoo,GC=F
2026-10-09T17:27:00Z,4216.10009765625,4217.60009765625,4216.10009765625,4217.10009765625,151.0,yahoo,GC=F
2026-10-09T17:28:00Z,4217.10009765625,4217.5,4216.10009765625,4216.10009765625,165.0,yahoo,GC=F
2026-10-09T17:29:00Z,4216.0,4217.2001953125,4215.7001953125,4216.2001953125,1488.0,yahoo,GC=F
2026-10-09T17:30:00Z,4216.2001953125,4217.2001953125,4215.89990234375,4216.7998046875,340.0,yahoo,GC=F
2026-10-09T17:31:00Z,4217.10009765625,4217.10009765625,4216.2001953125,4216.2998046875,76.0,yahoo,GC=F
2026-10-09T17:32:00Z,4216.60009765625,4219.60009765625,4216.60009765625,4217.0,329.0,yahoo,GC=F
2026-10-09T17:33:00Z,4217.0,4217.2998046875,4216.2998046875,4217.0,82.0,yahoo,GC=F
2026-10-09T17:34:00Z,4216.7998046875,4216.89990234375,4216.0,4216.2998046875,112.0,yahoo,GC=F
2026-10-09T17:35:00Z,4216.60009765625,4218.7001953125,4216.2998046875,4218.60009765625,162.0,yahoo,GC=F
2026-10-09T17:36:00Z,4218.60009765625,4219.5,4218.39990234375,4219.2001953125,66.0,yahoo,GC=F
2026-10-09T17:37:00Z,4219.10009765625,4219.39990234375,4218.7001953125,4218.89990234375,61.0,yahoo,GC=F
2026-10-09T17:38:00Z,4219.0,4219.2998046875,4218.60009765625,4219.2998046875,71.0,yahoo,GC=F
2026-10-09T17:39:00Z,4219.2998046875,4219.39990234375,4217.89990234375,4218.5,123.0,yahoo,GC=F
2026-10-09T17:40:00Z,4218.39990234375,4218.89990234375,4218.2001953125,4218.7001953125,79.0,yahoo,GC=F
2026-10-09T17:41:00Z,4218.7998046875,4218.7998046875,4218.5,4218.60009765625,34.0,yahoo,GC=F
2026-10-09T17:42:00Z,4218.5,4219.2998046875,4218.5,4218.89990234375,30.0,yahoo,GC=F
2026-10-09T17:43:00Z,4219.10009765625,4219.5,4218.39990234375,4218.60009765625,35.0,yahoo,GC=F
2026-10-09T17:44:00Z,4218.60009765625,4218.7998046875,4218.0,4218.0,39.0,yahoo,GC=F
2026-10-09T17:45:00Z,4218.2998046875,4218.89990234375,4217.89990234375,4218.89990234375,33.0,yahoo,GC=F
2026-10-09T17:46:00Z,4218.7998046875,4220.5,4218.60009765625,4219.10009765625,246.0,yahoo,GC=F
2026-10-09T17:47:00Z,4219.2998046875,4220.2001953125,4219.2998046875,4219.39990234375,109.0,yahoo,GC=F
2026-10-09T17:48:00Z,4219.60009765625,4219.7001953125,4219.2001953125,4219.2001953125,12.0,yahoo,GC=F
2026-10-09T17:49:00Z,4219.2001953125,4219.7001953125,4219.2001953125,4219.5,19.0,yahoo,GC=F
2026-10-09T17:50:00Z,4219.2998046875,4219.7001953125,4219.0,4219.5,47.0,yahoo,GC=F
2026-10-09T17:51:00Z,4219.89990234375,4222.2998046875,4219.7998046875,4221.7001953125,192.0,yahoo,GC=F
2026-10-09T17:52:00Z,4221.39990234375,4222.89990234375,4221.2001953125,4222.5,216.0,yahoo,GC=F
2026-10-09T17:53:00Z,4222.5,4222.7998046875,4221.5,4221.7998046875,62.0,yahoo,GC=F
2026-10-09T17:54:00Z,4221.5,4222.2001953125,4221.39990234375,4222.2001953125,66.0,yahoo,GC=F
2026-10-09T17:55:00Z,4222.2001953125,4223.0,4222.0,4222.10009765625,80.0,yahoo,GC=F
2026-10-09T17:56:00Z,4222.2001953125,4222.2998046875,4221.7001953125,4222.0,39.0,yahoo,GC=F
2026-10-09T17:57:00Z,4221.7998046875,4221.7998046875,4220.7998046875,4220.7998046875,51.0,yahoo,GC=F
2026-10-09T17:58:00Z,4220.89990234375,4221.10009765625,4220.5,4220.7998046875,275.0,yahoo,GC=F
2026-10-09T17:59:00Z,4220.60009765625,4221.10009765625,4220.39990234375,4220.7001953125,127.0,yahoo,GC=F
2026-10-09T18:00:00Z,4220.7998046875,4222.39990234375,4220.7998046875,4222.10009765625,163.0,yahoo,GC=F
2026-10-09T18:01:00Z,4222.2001953125,4222.89990234375,4221.7001953125,4222.39990234375,71.0,yahoo,GC=F
2026-10-09T18:02:00Z,4222.2998046875,4222.5,4221.7998046875,4221.89990234375,35.0,yahoo,GC=F
2026-10-09T18:03:00Z,4221.89990234375,4222.5,4221.60009765625,4221.7001953125,38.0,yahoo,GC=F
2026-10-09T18:04:00Z,4221.7998046875,4222.10009765625,4221.0,4221.10009765625,23.0,yahoo,GC=F
2026-10-09T18:05:00Z,4221.2998046875,4222.7001953125,4221.2998046875,4222.7001953125,20.0,yahoo,GC=F
2026-10-09T18:06:00Z,4222.60009765625,4223.60009765625,4222.10009765625,4222.60009765625,101.0,yahoo,GC=F
2026-10-09T18:07:00Z,4222.7998046875,4223.0,4222.0,4222.7998046875,89.0,yahoo,GC=F
2026-10-09T18:08:00Z,4222.7998046875,4223.39990234375,4222.7001953125,4223.0,33.0,yahoo,GC=F
2026-10-09T18:09:00Z,4222.89990234375,4224.7001953125,4222.89990234375,4224.5,133.0,yahoo,GC=F
2026-10-09T18:10:00Z,4224.5,4226.0,4224.5,4225.39990234375,314.0,yahoo,GC=F
2026-10-09T18:11:00Z,4225.2001953125,4225.39990234375,4223.5,4223.5,80.0,yahoo,GC=F
2026-10-09T18:12:00Z,4223.2998046875,4223.7998046875,4223.2001953125,4223.39990234375,39.0,yahoo,GC=F
2026-10-09T18:13:00Z,4223.7001953125,4223.89990234375,4223.10009765625,4223.10009765625,29.0,yahoo,GC=F
2026-10-09T18:14:00Z,4223.39990234375,4223.60009765625,4223.39990234375,4223.60009765625,12.0,yahoo,GC=F
2026-10-09T18:15:00Z,4223.39990234375,4223.39990234375,4222.10009765625,4222.10009765625,35.0,yahoo,GC=F
2026-10-09T18:16:00Z,4222.2001953125,4222.2998046875,4221.2001953125,4222.10009765625,144.0,yahoo,GC=F
2026-10-09T18:17:00Z,4222.2001953125,4222.2001953125,4221.7998046875,4222.0,22.0,yahoo,GC=F
2026-10-09T18:18:00Z,4221.7001953125,4221.7998046875,4221.2001953125,4221.7998046875,16.0,yahoo,GC=F
2026-10-09T18:19:00Z,4221.7001953125,4222.5,4221.7001953125,4222.2001953125,27.0,yahoo,GC=F
2026-10-09T18:20:00Z,4221.89990234375,4222.60009765625,4221.7998046875,4222.5,23.0,yahoo,GC=F
2026-10-09T18:21:00Z,4222.39990234375,4222.60009765625,4221.60009765625,4222.0,44.0,yahoo,GC=F
2026-10-09T18:22:00Z,4222.0,4222.60009765625,4221.7998046875,4222.2001953125,17.0,yahoo,GC=F
2026-10-09T18:23:00Z,4222.10009765625,4222.2998046875,4221.5,4221.7001953125,29.0,yahoo,GC=F
2026-10-09T18:24:00Z,4221.7001953125,4222.2998046875,4221.5,4221.60009765625,61.0,yahoo,GC=F
2026-10-09T18:25:00Z,4221.5,4222.0,4221.2998046875,4221.5,29.0,yahoo,GC=F
2026-10-09T18:26:00Z,4221.5,4222.10009765625,4221.39990234375,4221.5,46.0,yahoo,GC=F
2026-10-09T18:27:00Z,4221.2001953125,4221.60009765625,4221.0,4221.5,58.0,yahoo,GC=F
2026-10-09T18:28:00Z,4221.5,4221.7998046875,4220.7998046875,4221.0,69.0,yahoo,GC=F
2026-10-09T18:29:00Z,4221.2001953125,4221.39990234375,4220.89990234375,4221.2001953125,71.0,yahoo,GC=F
2026-10-09T18:30:00Z,4221.10009765625,4221.7998046875,4220.5,4220.5,55.0,yahoo,GC=F
2026-10-09T18:31:00Z,4220.5,4220.5,4218.5,4218.5,159.0,yahoo,GC=F
2026-10-09T18:32:00Z,4218.7001953125,4218.89990234375,4218.10009765625,4218.2001953125,35.0,yahoo,GC=F
2026-10-09T18:33:00Z,4218.5,4218.60009765625,4217.7001953125,4218.2998046875,95.0,yahoo,GC=F
2026-10-09T18:34:00Z,4218.5,4218.60009765625,4218.10009765625,4218.2998046875,31.0,yahoo,GC=F
2026-10-09T18:35:00Z,4218.5,4218.5,4218.0,4218.2998046875,13.0,yahoo,GC=F
2026-10-09T18:36:00Z,4218.2001953125,4219.0,4218.2001953125,4218.60009765625,51.0,yahoo,GC=F
2026-10-09T18:37:00Z,4218.60009765625,4219.2998046875,4218.39990234375,4219.10009765625,81.0,yahoo,GC=F
2026-10-09T18:38:00Z,4219.10009765625,4219.39990234375,4218.7998046875,4219.10009765625,73.0,yahoo,GC=F
2026-10-09T18:39:00Z,4218.89990234375,4219.89990234375,4218.7001953125,4219.7998046875,73.0,yahoo,GC=F
2026-10-09T18:40:00Z,4220.0,4220.7998046875,4219.89990234375,4220.0,41.0,yahoo,GC=F
2026-10-09T18:41:00Z,4219.89990234375,4221.10009765625,4219.7998046875,4221.10009765625,52.0,yahoo,GC=F
2026-10-09T18:42:00Z,4221.2998046875,4222.2998046875,4221.2998046875,4221.89990234375,65.0,yahoo,GC=F
2026-10-09T18:43:00Z,4222.2001953125,4222.89990234375,4222.2001953125,4222.7998046875,72.0,yahoo,GC=F
2026-10-09T18:44:00Z,4222.7998046875,4223.0,4222.0,4222.2001953125,37.0,yahoo,GC=F
2026-10-09T18:45:00Z,4222.2001953125,4222.2998046875,4220.60009765625,4220.60009765625,33.0,yahoo,GC=F
2026-10-09T18:46:00Z,4220.5,4225.5,4220.2001953125,4223.7998046875,609.0,yahoo,GC=F
2026-10-09T18:47:00Z,4223.39990234375,4226.7001953125,4223.39990234375,4223.60009765625,507.0,yahoo,GC=F
2026-10-09T18:48:00Z,4223.5,4223.60009765625,4220.7001953125,4221.2998046875,136.0,yahoo,GC=F
2026-10-09T18:49:00Z,4221.10009765625,4225.60009765625,4220.5,4225.5,432.0,yahoo,GC=F
2026-10-09T18:50:00Z,4225.2998046875,4227.7001953125,4224.7001953125,4227.5,224.0,yahoo,GC=F
2026-10-09T18:51:00Z,4227.7998046875,4227.7998046875,4224.10009765625,4224.5,179.0,yahoo,GC=F
2026-10-09T18:52:00Z,4224.60009765625,4224.7998046875,4223.7001953125,4224.0,77.0,yahoo,GC=F
2026-10-09T18:53:00Z,4224.2001953125,4224.5,4223.10009765625,4224.10009765625,67.0,yahoo,GC=F
2026-10-09T18:54:00Z,4223.89990234375,4224.2001953125,4222.7001953125,4224.2001953125,59.0,yahoo,GC=F
2026-10-09T18:55:00Z,4223.7001953125,4223.89990234375,4221.60009765625,4221.89990234375,74.0,yahoo,GC=F
2026-10-09T18:56:00Z,4222.10009765625,4222.2001953125,4221.5,4221.89990234375,31.0,yahoo,GC=F
2026-10-09T18:57:00Z,4221.7998046875,4221.89990234375,4221.5,4221.60009765625,48.0,yahoo,GC=F
2026-10-09T18:58:00Z,4221.5,4221.60009765625,4220.2998046875,4221.0,80.0,yahoo,GC=F
2026-10-09T18:59:00Z,4220.60009765625,4224.89990234375,4220.60009765625,4224.5,139.0,yahoo,GC=F
2026-10-09T19:00:00Z,4224.60009765625,4226.2001953125,4223.89990234375,4224.89990234375,170.0,yahoo,GC=F
2026-10-09T19:01:00Z,4224.89990234375,4225.10009765625,4224.0,4224.60009765625,89.0,yahoo,GC=F
2026-10-09T19:02:00Z,4224.7998046875,4225.7001953125,4224.60009765625,4225.7001953125,88.0,yahoo,GC=F
2026-10-09T19:03:00Z,4225.60009765625,4226.7001953125,4225.60009765625,4226.10009765625,76.0,yahoo,GC=F
2026-10-09T19:04:00Z,4226.2001953125,4226.7998046875,4225.89990234375,4226.10009765625,66.0,yahoo,GC=F
2026-10-09T19:05:00Z,4225.89990234375,4226.2001953125,4225.2998046875,4225.2998046875,39.0,yahoo,GC=F
2026-10-09T19:06:00Z,4225.60009765625,4225.7001953125,4224.60009765625,4225.0,47.0,yahoo,GC=F
2026-10-09T19:07:00Z,4224.39990234375,4225.0,4224.39990234375,4224.89990234375,19.0,yahoo,GC=F
2026-10-09T19:08:00Z,4225.0,4225.2001953125,4223.7998046875,4224.0,32.0,yahoo,GC=F
2026-10-09T19:09:00Z,4224.10009765625,4224.7001953125,4223.89990234375,4224.60009765625,36.0,yahoo,GC=F
2026-10-09T19:10:00Z,4224.7001953125,4225.7001953125,4224.60009765625,4225.39990234375,65.0,yahoo,GC=F
2026-10-09T19:11:00Z,4225.60009765625,4225.7001953125,4225.0,4225.0,39.0,yahoo,GC=F
2026-10-09T19:12:00Z,4225.0,4225.10009765625,4224.2998046875,4224.5,33.0,yahoo,GC=F
2026-10-09T19:13:00Z,4224.7001953125,4224.89990234375,4223.7001953125,4223.7001953125,43.0,yahoo,GC=F
2026-10-09T19:14:00Z,4223.7998046875,4224.10009765625,4223.0,4223.10009765625,327.0,yahoo,GC=F
2026-10-09T19:15:00Z,4222.89990234375,4223.2001953125,4222.39990234375,4223.10009765625,90.0,yahoo,GC=F
2026-10-09T19:16:00Z,4223.0,4223.89990234375,4222.39990234375,4223.7001953125,206.0,yahoo,GC=F
2026-10-09T19:17:00Z,4223.60009765625,4223.7998046875,4222.89990234375,4223.10009765625,97.0,yahoo,GC=F
2026-10-09T19:18:00Z,4223.2001953125,4224.39990234375,4223.2001953125,4224.10009765625,84.0,yahoo,GC=F
2026-10-09T19:19:00Z,4223.7998046875,4224.10009765625,4223.7998046875,4223.7998046875,59.0,yahoo,GC=F
2026-10-09T19:20:00Z,4223.89990234375,4223.89990234375,4221.60009765625,4221.60009765625,135.0,yahoo,GC=F
2026-10-09T19:21:00Z,4221.60009765625,4221.60009765625,4219.7001953125,4219.89990234375,84.0,yahoo,GC=F
2026-10-09T19:22:00Z,4219.89990234375,4220.5,4219.7998046875,4220.39990234375,57.0,yahoo,GC=F
2026-10-09T19:23:00Z,4220.5,4220.7998046875,4220.2998046875,4220.7998046875,52.0,yahoo,GC=F
2026-10-09T19:24:00Z,4220.7001953125,4221.10009765625,4220.60009765625,4220.60009765625,38.0,yahoo,GC=F
2026-10-09T19:25:00Z,4220.2998046875,4220.7998046875,4220.2001953125,4220.7998046875,39.0,yahoo,GC=F
2026-10-09T19:26:00Z,4220.7001953125,4220.7001953125,4219.7998046875,4220.2001953125,41.0,yahoo,GC=F
2026-10-09T19:27:00Z,4220.2998046875,4220.39990234375,4219.39990234375,4220.0,85.0,yahoo,GC=F
2026-10-09T19:28:00Z,4220.0,4220.0,4219.60009765625,4219.60009765625,34.0,yahoo,GC=F
2026-10-09T19:29:00Z,4219.60009765625,4220.2998046875,4219.5,4220.0,41.0,yahoo,GC=F
2026-10-09T19:30:00Z,4220.0,4220.7001953125,4219.7998046875,4220.10009765625,73.0,yahoo,GC=F
2026-10-09T19:31:00Z,4220.10009765625,4220.2998046875,4219.7001953125,4220.0,35.0,yahoo,GC=F
2026-10-09T19:32:00Z,4220.2001953125,4220.39990234375,4219.2001953125,4219.60009765625,44.0,yahoo,GC=F
2026-10-09T19:33:00Z,4219.39990234375,4220.2998046875,4219.2998046875,4220.2001953125,36.0,yahoo,GC=F
2026-10-09T19:34:00Z,4220.2001953125,4221.2998046875,4220.2001953125,4221.2998046875,44.0,yahoo,GC=F
2026-10-09T19:35:00Z,4221.39990234375,4221.60009765625,4220.60009765625,4220.60009765625,32.0,yahoo,GC=F
2026-10-09T19:36:00Z,4220.5,4220.7998046875,4220.2998046875,4220.2998046875,30.0,yahoo,GC=F
2026-10-09T19:37:00Z,4220.2001953125,4221.39990234375,4219.2998046875,4221.10009765625,139.0,yahoo,GC=F
2026-10-09T19:38:00Z,4221.10009765625,4222.2998046875,4221.0,4222.0,76.0,yahoo,GC=F
2026-10-09T19:39:00Z,4222.2001953125,4222.60009765625,4222.10009765625,4222.2998046875,77.0,yahoo,GC=F
2026-10-09T19:40:00Z,4222.10009765625,4222.2998046875,4221.2001953125,4221.39990234375,97.0,yahoo,GC=F
2026-10-09T19:41:00Z,4221.2001953125,4222.2998046875,4221.10009765625,4222.2001953125,85.0,yahoo,GC=F
2026-10-09T19:42:00Z,4222.2998046875,4222.39990234375,4222.0,4222.2001953125,47.0,yahoo,GC=F
2026-10-09T19:43:00Z,4222.2001953125,4222.60009765625,4221.60009765625,4222.2001953125,40.0,yahoo,GC=F
2026-10-09T19:44:00Z,4222.10009765625,4222.2001953125,4221.2998046875,4221.39990234375,29.0,yahoo,GC=F
2026-10-09T19:45:00Z,4221.5,4221.7998046875,4220.89990234375,4221.5,51.0,yahoo,GC=F
2026-10-09T19:46:00Z,4221.5,4221.5,4220.2998046875,4221.2001953125,75.0,yahoo,GC=F
2026-10-09T19:47:00Z,4221.2001953125,4221.5,4220.5,4220.7001953125,52.0,yahoo,GC=F
2026-10-09T19:48:00Z,4220.7998046875,4221.39990234375,4220.7998046875,4221.10009765625,34.0,yahoo,GC=F
2026-10-09T19:49:00Z,4221.10009765625,4221.60009765625,4221.10009765625,4221.39990234375,41.0,yahoo,GC=F
2026-10-09T19:50:00Z,4221.39990234375,4221.5,4220.0,4220.5,54.0,yahoo,GC=F
2026-10-09T19:51:00Z,4220.60009765625,4220.60009765625,4218.0,4218.10009765625,101.0,yahoo,GC=F
2026-10-09T19:52:00Z,4218.2001953125,4218.7998046875,4217.7998046875,4218.2001953125,72.0,yahoo,GC=F
2026-10-09T19:53:00Z,4218.5,4219.89990234375,4218.2998046875,4219.7001953125,47.0,yahoo,GC=F
2026-10-09T19:54:00Z,4219.5,4221.60009765625,4219.39990234375,4221.39990234375,106.0,yahoo,GC=F
2026-10-09T19:55:00Z,4221.60009765625,4221.7001953125,4220.60009765625,4221.2001953125,60.0,yahoo,GC=F
2026-10-09T19:56:00Z,4221.0,4221.0,4219.7998046875,4220.60009765625,113.0,yahoo,GC=F
2026-10-09T19:57:00Z,4220.89990234375,4221.0,4220.10009765625,4220.10009765625,144.0,yahoo,GC=F
2026-10-09T19:58:00Z,4220.10009765625,4220.7998046875,4220.0,4220.60009765625,68.0,yahoo,GC=F
2026-10-09T19:59:00Z,4220.7998046875,4220.7998046875,4220.10009765625,4220.2001953125,150.0,yahoo,GC=F
2026-10-09T20:00:00Z,4220.2001953125,4220.60009765625,4219.7001953125,4220.10009765625,115.0,yahoo,GC=F
2026-10-09T20:01:00Z,4219.60009765625,4220.0,4219.2001953125,4219.7998046875,64.0,yahoo,GC=F
2026-10-09T20:02:00Z,4220.0,4221.0,4220.0,4220.60009765625,39.0,yahoo,GC=F
2026-10-09T20:03:00Z,4220.5,4220.5,4220.0,4220.2001953125,27.0,yahoo,GC=F
2026-10-09T20:04:00Z,4220.10009765625,4220.10009765625,4219.7001953125,4219.7001953125,32.0,yahoo,GC=F
2026-10-09T20:05:00Z,4219.7998046875,4219.7998046875,4219.10009765625,4219.60009765625,45.0,yahoo,GC=F
2026-10-09T20:06:00Z,4219.5,4220.39990234375,4219.5,4220.39990234375,32.0,yahoo,GC=F
2026-10-09T20:07:00Z,4220.10009765625,4220.10009765625,4219.7001953125,4220.0,6.0,yahoo,GC=F
2026-10-09T20:08:00Z,4220.39990234375,4220.5,4219.89990234375,4219.89990234375,16.0,yahoo,GC=F
2026-10-09T20:09:00Z,4220.10009765625,4220.2001953125,4219.5,4219.89990234375,26.0,yahoo,GC=F
2026-10-09T20:10:00Z,4219.89990234375,4219.89990234375,4219.7001953125,4219.7001953125,2.0,yahoo,GC=F
2026-10-09T20:11:00Z,4219.60009765625,4220.5,4219.60009765625,4220.10009765625,32.0,yahoo,GC=F
2026-10-09T20:12:00Z,4220.0,4221.0,4220.0,4220.39990234375,34.0,yahoo,GC=F
2026-10-09T20:13:00Z,4220.2998046875,4220.5,4220.2998046875,4220.39990234375,3.0,yahoo,GC=F
2026-10-09T20:14:00Z,4220.5,4220.5,4220.2001953125,4220.2998046875,7.0,yahoo,GC=F
2026-10-09T20:15:00Z,4220.60009765625,4220.7998046875,4220.60009765625,4220.7998046875,18.0,yahoo,GC=F
2026-10-09T20:16:00Z,4220.89990234375,4220.89990234375,4220.2001953125,4220.2001953125,17.0,yahoo,GC=F
2026-10-09T20:17:00Z,4220.2998046875,4220.60009765625,4220.2001953125,4220.60009765625,33.0,yahoo,GC=F
2026-10-09T20:18:00Z,4220.7001953125,4221.0,4220.7001953125,4220.7001953125,105.0,yahoo,GC=F
2026-10-09T20:19:00Z,4220.7998046875,4221.39990234375,4220.2001953125,4221.39990234375,98.0,yahoo,GC=F
2026-10-09T20:20:00Z,4221.39990234375,4221.60009765625,4221.2001953125,4221.39990234375,29.0,yahoo,GC=F
2026-10-09T20:21:00Z,4221.60009765625,4222.2001953125,4221.39990234375,4221.89990234375,40.0,yahoo,GC=F
2026-10-09T20:22:00Z,4221.89990234375,4222.60009765625,4221.89990234375,4221.89990234375,146.0,yahoo,GC=F
2026-10-09T20:23:00Z,4222.10009765625,4222.2001953125,4220.89990234375,4221.5,38.0,yahoo,GC=F
2026-10-09T20:24:00Z,4221.2998046875,4221.2998046875,4220.89990234375,4221.2001953125,10.0,yahoo,GC=F
2026-10-09T20:25:00Z,4221.2998046875,4221.39990234375,4221.0,4221.10009765625,8.0,yahoo,GC=F
2026-10-09T20:26:00Z,4221.10009765625,4221.2001953125,4221.10009765625,4221.10009765625,6.0,yahoo,GC=F
2026-10-09T20:27:00Z,4221.0,4221.7998046875,4221.0,4221.5,56.0,yahoo,GC=F
2026-10-09T20:28:00Z,4221.2998046875,4221.60009765625,4221.2998046875,4221.60009765625,13.0,yahoo,GC=F
2026-10-09T20:29:00Z,4221.7001953125,4221.7001953125,4221.2001953125,4221.60009765625,24.0,yahoo,GC=F
2026-10-09T20:30:00Z,4221.60009765625,4221.7998046875,4220.89990234375,4221.2998046875,25.0,yahoo,GC=F
2026-10-09T20:31:00Z,4221.2001953125,4221.39990234375,4221.0,4221.0,28.0,yahoo,GC=F
2026-10-09T20:32:00Z,4221.0,4221.39990234375,4221.0,4221.10009765625,28.0,yahoo,GC=F
2026-10-09T20:33:00Z,4221.10009765625,4221.2001953125,4221.0,4221.2001953125,83.0,yahoo,GC=F
2026-10-09T20:34:00Z,4221.2998046875,4221.2998046875,4221.0,4221.2001953125,16.0,yahoo,GC=F
2026-10-09T20:35:00Z,4221.2998046875,4221.39990234375,4221.0,4221.2998046875,14.0,yahoo,GC=F
2026-10-09T20:36:00Z,4221.2998046875,4221.2998046875,4220.5,4220.5,30.0,yahoo,GC=F
2026-10-09T20:37:00Z,4220.2998046875,4220.2998046875,4220.0,4220.2998046875,24.0,yahoo,GC=F
2026-10-09T20:38:00Z,4220.2998046875,4220.89990234375,4220.2998046875,4220.7998046875,25.0,yahoo,GC=F
2026-10-09T20:39:00Z,4220.5,4220.89990234375,4220.5,4220.7998046875,22.0,yahoo,GC=F
2026-10-09T20:40:00Z,4221.0,4221.2001953125,4220.7998046875,4221.0,19.0,yahoo,GC=F
2026-10-09T20:41:00Z,4221.2001953125,4221.39990234375,4221.10009765625,4221.10009765625,27.0,yahoo,GC=F
2026-10-09T20:42:00Z,4220.89990234375,4221.10009765625,4220.7001953125,4220.7998046875,25.0,yahoo,GC=F
2026-10-09T20:43:00Z,4220.7998046875,4220.89990234375,4220.7001953125,4220.7998046875,13.0,yahoo,GC=F
2026-10-09T20:44:00Z,4220.89990234375,4221.0,4220.60009765625,4220.7998046875,23.0,yahoo,GC=F
2026-10-09T20:45:00Z,4220.7998046875,4220.89990234375,4220.2998046875,4220.39990234375,83.0,yahoo,GC=F
2026-10-09T20:46:00Z,4220.5,4220.89990234375,4220.2998046875,4220.7998046875,108.0,yahoo,GC=F
2026-10-09T20:47:00Z,4220.89990234375,4221.2998046875,4220.60009765625,4220.89990234375,39.0,yahoo,GC=F
2026-10-09T20:48:00Z,4221.10009765625,4221.10009765625,4220.7998046875,4220.7998046875,12.0,yahoo,GC=F
2026-10-09T20:49:00Z,4221.0,4221.2001953125,4220.2998046875,4220.60009765625,33.0,yahoo,GC=F
2026-10-09T20:50:00Z,4220.5,4221.0,4220.2998046875,4220.2998046875,48.0,yahoo,GC=F
2026-10-09T20:51:00Z,4220.2998046875,4220.5,4219.7998046875,4219.7998046875,81.0,yahoo,GC=F
2026-10-09T20:52:00Z,4219.89990234375,4220.60009765625,4219.89990234375,4220.10009765625,39.0,yahoo,GC=F
2026-10-09T20:53:00Z,4220.10009765625,4220.10009765625,4219.5,4220.0,62.0,yahoo,GC=F
2026-10-09T20:54:00Z,4219.89990234375,4220.0,4219.2998046875,4219.60009765625,53.0,yahoo,GC=F
2026-10-09T20:55:00Z,4219.7998046875,4220.60009765625,4219.7001953125,4220.2001953125,60.0,yahoo,GC=F
2026-10-09T20:56:00Z,4220.0,4220.5,4219.7001953125,4220.2998046875,21.0,yahoo,GC=F
2026-10-09T20:57:00Z,4220.2998046875,4220.5,4219.7998046875,4220.39990234375,55.0,yahoo,GC=F
2026-10-09T20:58:00Z,4220.2998046875,4220.60009765625,4219.7001953125,4219.7001953125,37.0,yahoo,GC=F
2026-10-09T20:59:00Z,4220.2998046875,4220.2998046875,4220.2998046875,4220.2998046875,0.0,yahoo,GC=F
