timestamp_utc,open,high,low,close,volume,source,symbol
2026-10-02T00:00:00Z,4211.39990234375,4211.60009765625,4210.7001953125,4211.60009765625,50.0,yahoo,GC=F
2026-10-02T00:01:00Z,4211.89990234375,4212.0,4209.89990234375,4209.89990234375,42.0,yahoo,GC=F
2026-10-02T00:02:00Z,4209.2001953125,4209.89990234375,4209.0,4209.7001953125,40.0,yahoo,GC=F
2026-10-02T00:03:00Z,4209.10009765625,4209.10009765625,4207.2001953125,4208.0,36.0,yahoo,GC=F
2026-10-02T00:04:00Z,4207.7001953125,4208.0,4207.0,4207.0,26.0,yahoo,GC=F
2026-10-02T00:05:00Z,4206.7001953125,4207.0,4204.89990234375,4205.89990234375,64.0,yahoo,GC=F
2026-10-02T00:06:00Z,4205.7998046875,4205.89990234375,4204.7001953125,4205.0,18.0,yahoo,GC=F
2026-10-02T00:07:00Z,4205.10009765625,4206.60009765625,4205.0,4205.2998046875,42.0,yahoo,GC=F
2026-10-02T00:08:00Z,4205.2998046875,4205.60009765625,4204.60009765625,4205.0,35.0,yahoo,GC=F
2026-10-02T00:09:00Z,4204.89990234375,4205.2998046875,4204.60009765625,4204.89990234375,20.0,yahoo,GC=F
2026-10-02T00:10:00Z,4204.7001953125,4205.7998046875,4203.60009765625,4205.2001953125,74.0,yahoo,GC=F
2026-10-02T00:11:00Z,4205.0,4205.2998046875,4203.89990234375,4203.89990234375,38.0,yahoo,GC=F
2026-10-02T00:12:00Z,4204.0,4204.10009765625,4199.89990234375,4199.89990234375,215.0,yahoo,GC=F
2026-10-02T00:13:00Z,4200.0,4200.2001953125,4198.60009765625,4199.89990234375,96.0,yahoo,GC=F
2026-10-02T00:14:00Z,4200.10009765625,4201.2001953125,4199.0,4199.7001953125,73.0,yahoo,GC=F
2026-10-02T00:15:00Z,4199.39990234375,4201.0,4198.5,4200.39990234375,93.0,yahoo,GC=F
2026-10-02T00:16:00Z,4200.39990234375,4200.89990234375,4197.7001953125,4198.39990234375,112.0,yahoo,GC=F
2026-10-02T00:17:00Z,4198.10009765625,4198.7998046875,4197.5,4197.89990234375,42.0,yahoo,GC=F
2026-10-02T00:18:00Z,4197.7998046875,4198.5,4197.7998046875,4198.5,23.0,yahoo,GC=F
2026-10-02T00:19:00Z,4198.2001953125,4199.5,4197.5,4199.2998046875,32.0,yahoo,GC=F
2026-10-02T00:20:00Z,4199.0,4199.7001953125,4198.2998046875,4198.7998046875,40.0,yahoo,GC=F
2026-10-02T00:21:00Z,4199.2001953125,4199.2001953125,4196.89990234375,4197.60009765625,87.0,yahoo,GC=F
2026-10-02T00:22:00Z,4197.7001953125,4198.10009765625,4196.5,4196.89990234375,18.0,yahoo,GC=F
2026-10-02T00:23:00Z,4196.7998046875,4197.2001953125,4196.5,4196.60009765625,24.0,yahoo,GC=F
2026-10-02T00:24:00Z,4196.7001953125,4198.10009765625,4195.2998046875,4196.2001953125,67.0,yahoo,GC=F
2026-10-02T00:25:00Z,4196.60009765625,4196.60009765625,4195.2998046875,4195.7001953125,41.0,yahoo,GC=F
2026-10-02T00:26:00Z,4195.5,4196.5,4193.39990234375,4193.89990234375,174.0,yahoo,GC=F
2026-10-02T00:27:00Z,4193.89990234375,4196.0,4193.5,4196.0,75.0,yahoo,GC=F
2026-10-02T00:28:00Z,4195.5,4195.89990234375,4194.2998046875,4194.7998046875,146.0,yahoo,GC=F
2026-10-02T00:29:00Z,4194.7001953125,4196.0,4193.2998046875,4194.2998046875,83.0,yahoo,GC=F
2026-10-02T00:30:00Z,4193.5,4194.2001953125,4192.7001953125,4192.7001953125,97.0,yahoo,GC=F
2026-10-02T00:31:00Z,4193.0,4193.10009765625,4191.0,4191.10009765625,78.0,yahoo,GC=F
2026-10-02T00:32:00Z,4191.2001953125,4193.10009765625,4189.2998046875,4193.10009765625,289.0,yahoo,GC=F
2026-10-02T00:33:00Z,4192.89990234375,4196.2998046875,4192.7998046875,4193.7001953125,139.0,yahoo,GC=F
2026-10-02T00:34:00Z,4194.0,4194.10009765625,4192.5,4193.2998046875,94.0,yahoo,GC=F
2026-10-02T00:35:00Z,4192.39990234375,4193.5,4192.2998046875,4192.89990234375,29.0,yahoo,GC=F
2026-10-02T00:36:00Z,4193.0,4193.7998046875,4192.60009765625,4192.7998046875,36.0,yahoo,GC=F
2026-10-02T00:37:00Z,4192.5,4192.89990234375,4190.7998046875,4191.2001953125,38.0,yahoo,GC=F
2026-10-02T00:38:00Z,4190.60009765625,4191.0,4188.89990234375,4190.0,94.0,yahoo,GC=F
2026-10-02T00:39:00Z,4190.2998046875,4191.39990234375,4190.2001953125,4190.7998046875,45.0,yahoo,GC=F
2026-10-02T00:40:00Z,4190.5,4191.10009765625,4189.2001953125,4189.2001953125,27.0,yahoo,GC=F
2026-10-02T00:41:00Z,4189.2998046875,4189.89990234375,4188.2998046875,4188.89990234375,139.0,yahoo,GC=F
2026-10-02T00:42:00Z,4188.89990234375,4190.5,4188.89990234375,4190.0,66.0,yahoo,GC=F
2026-10-02T00:43:00Z,4190.39990234375,4190.7998046875,4189.39990234375,4189.89990234375,25.0,yahoo,GC=F
2026-10-02T00:44:00Z,4190.10009765625,4190.10009765625,4188.7001953125,4188.7998046875,36.0,yahoo,GC=F
2026-10-02T00:45:00Z,4188.60009765625,4189.2998046875,4188.0,4188.89990234375,112.0,yahoo,GC=F
2026-10-02T00:46:00Z,4189.2001953125,4189.2998046875,4186.7998046875,4187.39990234375,58.0,yahoo,GC=F
2026-10-02T00:47:00Z,4187.5,4189.89990234375,4187.5,4189.89990234375,76.0,yahoo,GC=F
2026-10-02T00:48:00Z,4190.2998046875,4191.10009765625,4190.2001953125,4190.39990234375,52.0,yahoo,GC=F
2026-10-02T00:49:00Z,4190.39990234375,4190.5,4189.0,4189.2998046875,71.0,yahoo,GC=F
2026-10-02T00:50:00Z,4188.89990234375,4189.39990234375,4188.5,4188.7998046875,31.0,yahoo,GC=F
2026-10-02T00:51:00Z,4188.7998046875,4189.39990234375,4188.0,4188.0,27.0,yahoo,GC=F
2026-10-02T00:52:00Z,4187.10009765625,4189.7998046875,4187.0,4189.7998046875,44.0,yahoo,GC=F
2026-10-02T00:53:00Z,4189.7998046875,4190.0,4189.2001953125,4189.60009765625,17.0,yahoo,GC=F
2026-10-02T00:54:00Z,4189.2001953125,4189.7998046875,4189.0,4189.10009765625,357.0,yahoo,GC=F
2026-10-02T00:55:00Z,4189.10009765625,4189.5,4187.2001953125,4187.2001953125,39.0,yahoo,GC=F
2026-10-02T00:56:00Z,4187.5,4188.2998046875,4186.0,4186.7001953125,76.0,yahoo,GC=F
2026-10-02T00:57:00Z,4186.7001953125,4188.10009765625,4186.10009765625,4188.10009765625,49.0,yahoo,GC=F
2026-10-02T00:58:00Z,4187.7001953125,4188.39990234375,4187.10009765625,4187.2998046875,46.0,yahoo,GC=F
2026-10-02T00:59:00Z,4187.0,4187.2001953125,4182.2998046875,4182.7001953125,145.0,yahoo,GC=F
2026-10-02T01:00:00Z,4182.2998046875,4183.7998046875,4181.0,4182.10009765625,184.0,yahoo,GC=F
2026-10-02T01:01:00Z,4182.0,4184.2001953125,4181.2001953125,4181.2001953125,123.0,yahoo,GC=F
2026-10-02T01:02:00Z,4181.2998046875,4182.2001953125,4178.2001953125,4178.89990234375,194.0,yahoo,GC=F
2026-10-02T01:03:00Z,4178.7998046875,4179.60009765625,4177.2001953125,4178.0,184.0,yahoo,GC=F
2026-10-02T01:04:00Z,4178.2001953125,4178.39990234375,4177.2001953125,4177.2998046875,153.0,yahoo,GC=F
2026-10-02T01:05:00Z,4177.10009765625,4178.39990234375,4177.0,4177.39990234375,130.0,yahoo,GC=F
2026-10-02T01:06:00Z,4177.2001953125,4177.39990234375,4173.60009765625,4173.60009765625,415.0,yahoo,GC=F
2026-10-02T01:07:00Z,4173.10009765625,4174.89990234375,4173.10009765625,4174.39990234375,151.0,yahoo,GC=F
2026-10-02T01:08:00Z,4175.0,4176.2998046875,4174.10009765625,4175.0,183.0,yahoo,GC=F
2026-10-02T01:09:00Z,4174.7001953125,4174.7001953125,4167.39990234375,4169.7001953125,728.0,yahoo,GC=F
2026-10-02T01:10:00Z,4169.10009765625,4169.5,4162.89990234375,4165.89990234375,502.0,yahoo,GC=F
2026-10-02T01:11:00Z,4166.10009765625,4167.7001953125,4164.7998046875,4167.60009765625,132.0,yahoo,GC=F
2026-10-02T01:12:00Z,4167.7001953125,4168.7998046875,4165.10009765625,4166.10009765625,170.0,yahoo,GC=F
2026-10-02T01:13:00Z,4165.60009765625,4170.10009765625,4165.60009765625,4169.7001953125,195.0,yahoo,GC=F
2026-10-02T01:14:00Z,4170.0,4170.39990234375,4167.60009765625,4170.39990234375,83.0,yahoo,GC=F
2026-10-02T01:15:00Z,4170.0,4170.7001953125,4169.2998046875,4169.7001953125,136.0,yahoo,GC=F
2026-10-02T01:16:00Z,4169.2001953125,4173.0,4168.7001953125,4172.7001953125,201.0,yahoo,GC=F
2026-10-02T01:17:00Z,4172.7001953125,4173.60009765625,4171.7998046875,4173.10009765625,98.0,yahoo,GC=F
2026-10-02T01:18:00Z,4173.0,4174.2998046875,4171.60009765625,4173.10009765625,152.0,yahoo,GC=F
2026-10-02T01:19:00Z,4173.10009765625,4174.0,4171.60009765625,4173.60009765625,103.0,yahoo,GC=F
2026-10-02T01:20:00Z,4173.2998046875,4173.5,4172.2001953125,4173.39990234375,70.0,yahoo,GC=F
2026-10-02T01:21:00Z,4173.2001953125,4173.2001953125,4172.0,4172.2998046875,57.0,yahoo,GC=F
2026-10-02T01:22:00Z,4172.5,4175.10009765625,4171.7998046875,4174.39990234375,158.0,yahoo,GC=F
2026-10-02T01:23:00Z,4174.60009765625,4174.60009765625,4173.2998046875,4173.2998046875,79.0,yahoo,GC=F
2026-10-02T01:24:00Z,4172.89990234375,4176.7998046875,4172.60009765625,4176.39990234375,118.0,yahoo,GC=F
2026-10-02T01:25:00Z,4176.2998046875,4176.89990234375,4175.5,4175.60009765625,90.0,yahoo,GC=F
2026-10-02T01:26:00Z,4175.5,4176.39990234375,4175.2998046875,4176.39990234375,43.0,yahoo,GC=F
2026-10-02T01:27:00Z,4176.5,4177.2998046875,4174.39990234375,4175.2001953125,70.0,yahoo,GC=F
2026-10-02T01:28:00Z,4174.7998046875,4177.0,4174.60009765625,4176.5,81.0,yahoo,GC=F
2026-10-02T01:29:00Z,4176.5,4179.5,4175.7998046875,4179.10009765625,129.0,yahoo,GC=F
2026-10-02T01:30:00Z,4179.0,4179.2001953125,4176.0,4176.7001953125,145.0,yahoo,GC=F
2026-10-02T01:31:00Z,4176.60009765625,4177.0,4175.39990234375,4175.5,80.0,yahoo,GC=F
2026-10-02T01:32:00Z,4174.89990234375,4176.7998046875,4174.60009765625,4176.5,60.0,yahoo,GC=F
2026-10-02T01:33:00Z,4176.60009765625,4179.10009765625,4176.2998046875,4179.10009765625,68.0,yahoo,GC=F
2026-10-02T01:34:00Z,4179.0,4179.0,4176.2001953125,4176.2001953125,53.0,yahoo,GC=F
2026-10-02T01:35:00Z,4176.2001953125,4177.39990234375,4175.39990234375,4176.5,70.0,yahoo,GC=F
2026-10-02T01:36:00Z,4177.10009765625,4177.7001953125,4175.7001953125,4175.7998046875,55.0,yahoo,GC=F
2026-10-02T01:37:00Z,4175.89990234375,4177.39990234375,4175.7998046875,4177.2001953125,83.0,yahoo,GC=F
2026-10-02T01:38:00Z,4177.39990234375,4179.89990234375,4177.39990234375,4179.7001953125,55.0,yahoo,GC=F
2026-10-02T01:39:00Z,4179.39990234375,4180.0,4178.2998046875,4178.89990234375,71.0,yahoo,GC=F
2026-10-02T01:40:00Z,4178.5,4181.0,4178.5,4180.2001953125,70.0,yahoo,GC=F
2026-10-02T01:41:00Z,4180.2001953125,4180.89990234375,4179.5,4180.2001953125,70.0,yahoo,GC=F
2026-10-02T01:42:00Z,4180.5,4180.60009765625,4177.7998046875,4178.10009765625,61.0,yahoo,GC=F
2026-10-02T01:43:00Z,4178.10009765625,4178.10009765625,4176.2001953125,4176.39990234375,72.0,yahoo,GC=F
2026-10-02T01:44:00Z,4176.5,4178.2998046875,4175.7001953125,4178.2998046875,151.0,yahoo,GC=F
2026-10-02T01:45:00Z,4178.5,4179.10009765625,4176.7001953125,4176.89990234375,38.0,yahoo,GC=F
2026-10-02T01:46:00Z,4176.89990234375,4177.60009765625,4176.2998046875,4177.10009765625,33.0,yahoo,GC=F
2026-10-02T01:47:00Z,4176.2998046875,4177.10009765625,4175.2001953125,4176.2998046875,90.0,yahoo,GC=F
2026-10-02T01:48:00Z,4176.89990234375,4178.89990234375,4176.89990234375,4178.10009765625,80.0,yahoo,GC=F
2026-10-02T01:49:00Z,4178.7001953125,4179.5,4177.2998046875,4177.2998046875,30.0,yahoo,GC=F
2026-10-02T01:50:00Z,4177.5,4177.5,4176.2998046875,4176.89990234375,20.0,yahoo,GC=F
2026-10-02T01:51:00Z,4176.2998046875,4176.5,4175.39990234375,4176.5,40.0,yahoo,GC=F
2026-10-02T01:52:00Z,4177.0,4178.7001953125,4175.2001953125,4175.7001953125,89.0,yahoo,GC=F
2026-10-02T01:53:00Z,4176.2001953125,4177.0,4174.7001953125,4175.7998046875,133.0,yahoo,GC=F
2026-10-02T01:54:00Z,4176.0,4177.39990234375,4175.7998046875,4176.7998046875,28.0,yahoo,GC=F
2026-10-02T01:55:00Z,4176.89990234375,4176.89990234375,4173.7998046875,4176.60009765625,38.0,yahoo,GC=F
2026-10-02T01:56:00Z,4176.89990234375,4178.39990234375,4176.89990234375,4177.7998046875,39.0,yahoo,GC=F
2026-10-02T01:57:00Z,4178.2998046875,4180.7998046875,4178.2001953125,4180.7001953125,72.0,yahoo,GC=F
2026-10-02T01:58:00Z,4180.60009765625,4181.0,4180.0,4180.7001953125,46.0,yahoo,GC=F
2026-10-02T01:59:00Z,4180.60009765625,4181.39990234375,4179.7998046875,4180.60009765625,82.0,yahoo,GC=F
2026-10-02T02:00:00Z,4180.39990234375,4180.7001953125,4176.2998046875,4176.60009765625,83.0,yahoo,GC=F
2026-10-02T02:01:00Z,4176.7998046875,4178.89990234375,4176.5,4178.5,54.0,yahoo,GC=F
2026-10-02T02:02:00Z,4178.2001953125,4180.39990234375,4178.2001953125,4179.0,80.0,yahoo,GC=F
2026-10-02T02:03:00Z,4179.7998046875,4180.5,4179.2998046875,4179.7001953125,31.0,yahoo,GC=F
2026-10-02T02:04:00Z,4180.5,4184.2001953125,4180.5,4184.10009765625,221.0,yahoo,GC=F
2026-10-02T02:05:00Z,4184.10009765625,4184.60009765625,4182.2001953125,4182.2998046875,86.0,yahoo,GC=F
2026-10-02T02:06:00Z,4182.5,4184.7998046875,4182.5,4183.89990234375,22.0,yahoo,GC=F
2026-10-02T02:07:00Z,4183.89990234375,4184.39990234375,4182.0,4182.0,37.0,yahoo,GC=F
2026-10-02T02:08:00Z,4182.39990234375,4186.39990234375,4182.2998046875,4185.0,96.0,yahoo,GC=F
2026-10-02T02:09:00Z,4184.7001953125,4185.39990234375,4184.0,4184.89990234375,108.0,yahoo,GC=F
2026-10-02T02:10:00Z,4185.0,4186.10009765625,4184.89990234375,4184.89990234375,49.0,yahoo,GC=F
2026-10-02T02:11:00Z,4185.10009765625,4185.10009765625,4183.7998046875,4183.89990234375,84.0,yahoo,GC=F
2026-10-02T02:12:00Z,4184.0,4184.0,4181.7001953125,4182.0,54.0,yahoo,GC=F
2026-10-02T02:13:00Z,4181.89990234375,4184.10009765625,4181.7998046875,4184.10009765625,21.0,yahoo,GC=F
2026-10-02T02:14:00Z,4183.89990234375,4183.89990234375,4182.7001953125,4183.10009765625,14.0,yahoo,GC=F
2026-10-02T02:15:00Z,4182.2998046875,4184.2998046875,4182.2998046875,4184.10009765625,18.0,yahoo,GC=F
2026-10-02T02:16:00Z,4184.39990234375,4187.0,4184.39990234375,4187.0,119.0,yahoo,GC=F
2026-10-02T02:17:00Z,4186.89990234375,4187.7998046875,4186.2998046875,4187.0,56.0,yahoo,GC=F
2026-10-02T02:18:00Z,4187.2001953125,4188.7998046875,4187.2001953125,4188.0,65.0,yahoo,GC=F
2026-10-02T02:19:00Z,4188.10009765625,4189.39990234375,4187.39990234375,4188.10009765625,70.0,yahoo,GC=F
2026-10-02T02:20:00Z,4187.60009765625,4187.89990234375,4186.39990234375,4187.89990234375,52.0,yahoo,GC=F
2026-10-02T02:21:00Z,4187.60009765625,4187.60009765625,4186.2998046875,4186.89990234375,48.0,yahoo,GC=F
2026-10-02T02:22:00Z,4187.10009765625,4187.10009765625,4186.10009765625,4186.2998046875,15.0,yahoo,GC=F
2026-10-02T02:23:00Z,4186.39990234375,4186.39990234375,4186.0,4186.2998046875,10.0,yahoo,GC=F
2026-10-02T02:24:00Z,4186.10009765625,4186.10009765625,4184.2001953125,4185.39990234375,45.0,yahoo,GC=F
2026-10-02T02:25:00Z,4185.2998046875,4186.89990234375,4185.2001953125,4186.2001953125,36.0,yahoo,GC=F
2026-10-02T02:26:00Z,4186.0,4189.10009765625,4185.89990234375,4187.5,47.0,yahoo,GC=F
2026-10-02T02:27:00Z,4187.10009765625,4189.2998046875,4186.89990234375,4189.2001953125,44.0,yahoo,GC=F
2026-10-02T02:28:00Z,4189.10009765625,4189.39990234375,4188.10009765625,4188.89990234375,40.0,yahoo,GC=F
2026-10-02T02:29:00Z,4189.89990234375,4191.39990234375,4189.2001953125,4189.2001953125,145.0,yahoo,GC=F
2026-10-02T02:30:00Z,4189.39990234375,4190.2998046875,4187.5,4188.10009765625,56.0,yahoo,GC=F
2026-10-02T02:31:00Z,4188.10009765625,4190.7998046875,4188.10009765625,4188.60009765625,78.0,yahoo,GC=F
2026-10-02T02:32:00Z,4189.0,4189.60009765625,4186.10009765625,4186.7001953125,82.0,yahoo,GC=F
2026-10-02T02:33:00Z,4186.7998046875,4187.39990234375,4185.60009765625,4186.60009765625,69.0,yahoo,GC=F
2026-10-02T02:34:00Z,4186.5,4186.7001953125,4184.89990234375,4184.89990234375,35.0,yahoo,GC=F
2026-10-02T02:35:00Z,4184.7998046875,4187.60009765625,4184.7998046875,4186.2998046875,43.0,yahoo,GC=F
2026-10-02T02:36:00Z,4186.5,4187.2998046875,4186.5,4186.7998046875,13.0,yahoo,GC=F
2026-10-02T02:37:00Z,4186.10009765625,4186.2998046875,4185.10009765625,4186.2998046875,30.0,yahoo,GC=F
2026-10-02T02:38:00Z,4186.0,4187.10009765625,4185.89990234375,4187.10009765625,42.0,yahoo,GC=F
2026-10-02T02:39:00Z,4186.7001953125,4186.7001953125,4185.5,4186.2001953125,48.0,yahoo,GC=F
2026-10-02T02:40:00Z,4185.7001953125,4187.39990234375,4185.7001953125,4186.89990234375,26.0,yahoo,GC=F
2026-10-02T02:41:00Z,4186.5,4186.7001953125,4186.10009765625,4186.7001953125,18.0,yahoo,GC=F
2026-10-02T02:42:00Z,4186.7001953125,4186.7001953125,4184.5,4184.89990234375,85.0,yahoo,GC=F
2026-10-02T02:43:00Z,4184.89990234375,4185.39990234375,4184.7001953125,4185.10009765625,12.0,yahoo,GC=F
2026-10-02T02:44:00Z,4184.89990234375,4185.7998046875,4184.7998046875,4185.5,17.0,yahoo,GC=F
2026-10-02T02:45:00Z,4185.7001953125,4186.2001953125,4184.89990234375,4186.10009765625,34.0,yahoo,GC=F
2026-10-02T02:46:00Z,4185.7001953125,4186.7001953125,4185.7001953125,4186.2998046875,16.0,yahoo,GC=F
2026-10-02T02:47:00Z,4186.2001953125,4188.2001953125,4185.89990234375,4188.2001953125,50.0,yahoo,GC=F
2026-10-02T02:48:00Z,4188.5,4191.2998046875,4188.5,4191.2998046875,85.0,yahoo,GC=F
2026-10-02T02:49:00Z,4191.2001953125,4191.5,4190.2001953125,4191.10009765625,94.0,yahoo,GC=F
2026-10-02T02:50:00Z,4191.39990234375,4191.39990234375,4189.7001953125,4190.10009765625,42.0,yahoo,GC=F
2026-10-02T02:51:00Z,4190.0,4190.7001953125,4189.0,4190.39990234375,63.0,yahoo,GC=F
2026-10-02T02:52:00Z,4190.5,4192.5,4190.5,4191.60009765625,44.0,yahoo,GC=F
2026-10-02T02:53:00Z,4191.5,4191.5,4190.5,4190.60009765625,41.0,yahoo,GC=F
2026-10-02T02:54:00Z,4190.60009765625,4190.7998046875,4189.89990234375,4190.39990234375,23.0,yahoo,GC=F
2026-10-02T02:55:00Z,4190.7001953125,4190.7001953125,4188.89990234375,4189.5,32.0,yahoo,GC=F
2026-10-02T02:56:00Z,4189.39990234375,4189.39990234375,4188.2998046875,4189.39990234375,28.0,yahoo,GC=F
2026-10-02T02:57:00Z,4189.7001953125,4193.39990234375,4189.39990234375,4193.0,80.0,yahoo,GC=F
2026-10-02T02:58:00Z,4192.7998046875,4194.2998046875,4192.60009765625,4193.7001953125,140.0,yahoo,GC=F
2026-10-02T02:59:00Z,4193.89990234375,4195.7001953125,4193.60009765625,4195.0,105.0,yahoo,GC=F
2026-10-02T03:00:00Z,4195.2998046875,4196.0,4194.2001953125,4196.0,103.0,yahoo,GC=F
2026-10-02T03:01:00Z,4196.10009765625,4200.60009765625,4195.7998046875,4199.60009765625,411.0,yahoo,GC=F
2026-10-02T03:02:00Z,4199.5,4200.0,4198.2001953125,4198.7001953125,146.0,yahoo,GC=F
2026-10-02T03:03:00Z,4198.39990234375,4202.2998046875,4198.2001953125,4201.39990234375,153.0,yahoo,GC=F
2026-10-02T03:04:00Z,4201.5,4202.39990234375,4201.2998046875,4202.2998046875,80.0,yahoo,GC=F
2026-10-02T03:05:00Z,4202.2998046875,4202.7001953125,4201.10009765625,4201.7001953125,60.0,yahoo,GC=F
2026-10-02T03:06:00Z,4201.2998046875,4201.89990234375,4200.2001953125,4200.7001953125,73.0,yahoo,GC=F
2026-10-02T03:07:00Z,4201.10009765625,4201.39990234375,4200.39990234375,4201.2998046875,18.0,yahoo,GC=F
2026-10-02T03:08:00Z,4200.89990234375,4201.2001953125,4197.7001953125,4198.10009765625,131.0,yahoo,GC=F
2026-10-02T03:09:00Z,4198.39990234375,4198.60009765625,4197.5,4198.39990234375,44.0,yahoo,GC=F
2026-10-02T03:10:00Z,4198.60009765625,4200.2001953125,4198.2001953125,4198.7001953125,104.0,yahoo,GC=F
2026-10-02T03:11:00Z,4198.60009765625,4199.10009765625,4198.39990234375,4199.10009765625,33.0,yahoo,GC=F
2026-10-02T03:12:00Z,4199.10009765625,4200.2998046875,4199.10009765625,4199.7998046875,33.0,yahoo,GC=F
2026-10-02T03:13:00Z,4200.5,4201.5,4199.7001953125,4201.0,89.0,yahoo,GC=F
2026-10-02T03:14:00Z,4201.10009765625,4201.2998046875,4200.2998046875,4201.2998046875,38.0,yahoo,GC=F
2026-10-02T03:15:00Z,4200.7998046875,4200.7998046875,4199.89990234375,4200.2998046875,17.0,yahoo,GC=F
2026-10-02T03:16:00Z,4200.60009765625,4201.7998046875,4200.39990234375,4201.2998046875,61.0,yahoo,GC=F
2026-10-02T03:17:00Z,4201.10009765625,4202.0,4199.5,4200.2001953125,93.0,yahoo,GC=F
2026-10-02T03:18:00Z,4199.89990234375,4200.5,4199.39990234375,4200.39990234375,25.0,yahoo,GC=F
2026-10-02T03:19:00Z,4200.2001953125,4200.7001953125,4199.60009765625,4200.7001953125,16.0,yahoo,GC=F
2026-10-02T03:20:00Z,4200.7001953125,4201.0,4200.7001953125,4200.7998046875,13.0,yahoo,GC=F
2026-10-02T03:21:00Z,4201.0,4202.10009765625,4200.7998046875,4201.89990234375,31.0,yahoo,GC=F
2026-10-02T03:22:00Z,4201.5,4203.2001953125,4201.39990234375,4203.2001953125,103.0,yahoo,GC=F
2026-10-02T03:23:00Z,4203.10009765625,4203.2001953125,4201.7998046875,4202.0,36.0,yahoo,GC=F
2026-10-02T03:24:00Z,4202.0,4202.60009765625,4201.60009765625,4202.2001953125,32.0,yahoo,GC=F
2026-10-02T03:25:00Z,4202.60009765625,4205.10009765625,4202.10009765625,4204.5,111.0,yahoo,GC=F
2026-10-02T03:26:00Z,4204.2998046875,4204.5,4202.7001953125,4203.10009765625,43.0,yahoo,GC=F
2026-10-02T03:27:00Z,4202.7001953125,4203.5,4202.5,4203.2001953125,12.0,yahoo,GC=F
2026-10-02T03:28:00Z,4203.60009765625,4204.10009765625,4203.60009765625,4203.89990234375,17.0,yahoo,GC=F
2026-10-02T03:29:00Z,4204.10009765625,4204.2001953125,4201.60009765625,4202.60009765625,46.0,yahoo,GC=F
2026-10-02T03:30:00Z,4202.5,4204.7998046875,4201.5,4204.5,107.0,yahoo,GC=F
2026-10-02T03:31:00Z,4204.7998046875,4207.0,4204.60009765625,4206.2001953125,118.0,yahoo,GC=F
2026-10-02T03:32:00Z,4205.89990234375,4205.89990234375,4202.5,4202.7001953125,84.0,yahoo,GC=F
2026-10-02T03:33:00Z,4203.10009765625,4203.60009765625,4201.60009765625,4203.2001953125,98.0,yahoo,GC=F
2026-10-02T03:34:00Z,4203.60009765625,4205.2001953125,4203.5,4204.5,54.0,yahoo,GC=F
2026-10-02T03:35:00Z,4205.0,4205.5,4204.39990234375,4204.39990234375,33.0,yahoo,GC=F
2026-10-02T03:36:00Z,4204.5,4204.60009765625,4203.2001953125,4203.2001953125,30.0,yahoo,GC=F
2026-10-02T03:37:00Z,4203.10009765625,4203.10009765625,4202.39990234375,4202.7001953125,23.0,yahoo,GC=F
2026-10-02T03:38:00Z,4203.0,4204.2001953125,4202.7001953125,4204.10009765625,27.0,yahoo,GC=F
2026-10-02T03:39:00Z,4204.2001953125,4204.60009765625,4202.89990234375,4203.39990234375,28.0,yahoo,GC=F
2026-10-02T03:40:00Z,4203.39990234375,4203.5,4203.0,4203.5,12.0,yahoo,GC=F
2026-10-02T03:41:00Z,4203.7998046875,4204.10009765625,4203.7001953125,4203.7998046875,14.0,yahoo,GC=F
2026-10-02T03:42:00Z,4203.7001953125,4204.5,4203.5,4204.0,26.0,yahoo,GC=F
2026-10-02T03:43:00Z,4203.60009765625,4203.60009765625,4202.7001953125,4203.2001953125,26.0,yahoo,GC=F
2026-10-02T03:44:00Z,4203.2998046875,4204.2998046875,4203.2001953125,4203.60009765625,20.0,yahoo,GC=F
2026-10-02T03:45:00Z,4203.60009765625,4203.60009765625,4201.60009765625,4201.60009765625,52.0,yahoo,GC=F
2026-10-02T03:46:00Z,4202.2998046875,4202.89990234375,4201.2998046875,4202.2001953125,78.0,yahoo,GC=F
2026-10-02T03:47:00Z,4201.7998046875,4203.0,4201.7001953125,4201.7001953125,50.0,yahoo,GC=F
2026-10-02T03:48:00Z,4201.5,4202.2998046875,4201.2001953125,4202.0,24.0,yahoo,GC=F
2026-10-02T03:49:00Z,4201.5,4202.2001953125,4201.5,4202.0,8.0,yahoo,GC=F
2026-10-02T03:50:00Z,4202.0,4202.7001953125,4202.0,4202.2998046875,11.0,yahoo,GC=F
2026-10-02T03:51:00Z,4202.39990234375,4203.2998046875,4201.5,4203.0,47.0,yahoo,GC=F
2026-10-02T03:52:00Z,4203.10009765625,4203.5,4201.89990234375,4202.5,56.0,yahoo,GC=F
2026-10-02T03:53:00Z,4202.5,4202.60009765625,4201.7998046875,4202.60009765625,24.0,yahoo,GC=F
2026-10-02T03:54:00Z,4202.7001953125,4204.10009765625,4202.10009765625,4204.10009765625,28.0,yahoo,GC=F
2026-10-02T03:55:00Z,4203.89990234375,4206.0,4203.89990234375,4205.39990234375,63.0,yahoo,GC=F
2026-10-02T03:56:00Z,4205.39990234375,4206.60009765625,4205.0,4206.5,35.0,yahoo,GC=F
2026-10-02T03:57:00Z,4206.60009765625,4207.89990234375,4206.2998046875,4206.39990234375,84.0,yahoo,GC=F
2026-10-02T03:58:00Z,4206.60009765625,4207.10009765625,4205.5,4205.5,48.0,yahoo,GC=F
2026-10-02T04:00:00Z,4207.60009765625,4209.0,4207.2001953125,4208.0,0.0,yahoo,GC=F
2026-10-02T04:01:00Z,4208.2998046875,4211.0,4207.39990234375,4210.60009765625,252.0,yahoo,GC=F
2026-10-02T04:02:00Z,4210.7001953125,4214.7998046875,4210.39990234375,4214.5,326.0,yahoo,GC=F
2026-10-02T04:03:00Z,4214.7001953125,4214.7001953125,4213.2998046875,4213.60009765625,134.0,yahoo,GC=F
2026-10-02T04:04:00Z,4213.7998046875,4213.89990234375,4212.7001953125,4213.39990234375,84.0,yahoo,GC=F
2026-10-02T04:05:00Z,4213.5,4213.7001953125,4211.7001953125,4212.2998046875,77.0,yahoo,GC=F
2026-10-02T04:06:00Z,4212.39990234375,4215.10009765625,4212.2998046875,4215.10009765625,145.0,yahoo,GC=F
2026-10-02T04:07:00Z,4215.0,4215.5,4214.2001953125,4214.2001953125,156.0,yahoo,GC=F
2026-10-02T04:08:00Z,4214.39990234375,4214.60009765625,4212.7998046875,4214.0,81.0,yahoo,GC=F
2026-10-02T04:09:00Z,4213.5,4214.0,4212.7998046875,4212.7998046875,31.0,yahoo,GC=F
2026-10-02T04:10:00Z,4213.2001953125,4213.89990234375,4212.39990234375,4213.89990234375,41.0,yahoo,GC=F
2026-10-02T04:11:00Z,4213.60009765625,4214.7001953125,4213.2998046875,4213.39990234375,29.0,yahoo,GC=F
2026-10-02T04:12:00Z,4213.2998046875,4215.0,4213.2998046875,4214.7998046875,40.0,yahoo,GC=F
2026-10-02T04:13:00Z,4214.7001953125,4218.39990234375,4214.10009765625,4216.2001953125,356.0,yahoo,GC=F
2026-10-02T04:14:00Z,4216.2998046875,4216.2998046875,4213.7001953125,4213.89990234375,90.0,yahoo,GC=F
2026-10-02T04:15:00Z,4214.0,4215.60009765625,4213.7001953125,4215.60009765625,69.0,yahoo,GC=F
2026-10-02T04:16:00Z,4215.7998046875,4216.7001953125,4215.0,4215.2998046875,116.0,yahoo,GC=F
2026-10-02T04:17:00Z,4215.60009765625,4216.10009765625,4214.2998046875,4214.2998046875,54.0,yahoo,GC=F
2026-10-02T04:18:00Z,4214.7001953125,4215.10009765625,4214.2998046875,4214.7001953125,20.0,yahoo,GC=F
2026-10-02T04:19:00Z,4214.7001953125,4215.2998046875,4214.2001953125,4214.2998046875,26.0,yahoo,GC=F
2026-10-02T04:20:00Z,4214.2998046875,4215.2998046875,4213.7998046875,4214.89990234375,44.0,yahoo,GC=F
2026-10-02T04:21:00Z,4215.10009765625,4217.89990234375,4215.10009765625,4217.2001953125,55.0,yahoo,GC=F
2026-10-02T04:22:00Z,4217.10009765625,4218.0,4216.39990234375,4216.60009765625,64.0,yahoo,GC=F
2026-10-02T04:23:00Z,4216.7001953125,4217.5,4216.7001953125,4217.2001953125,30.0,yahoo,GC=F
2026-10-02T04:24:00Z,4217.5,4218.2001953125,4217.39990234375,4217.89990234375,42.0,yahoo,GC=F
2026-10-02T04:25:00Z,4217.89990234375,4218.7998046875,4217.7001953125,4218.0,62.0,yahoo,GC=F
2026-10-02T04:26:00Z,4218.2001953125,4218.39990234375,4217.2001953125,4217.39990234375,31.0,yahoo,GC=F
2026-10-02T04:27:00Z,4217.39990234375,4217.39990234375,4216.2001953125,4217.0,29.0,yahoo,GC=F
2026-10-02T04:28:00Z,4217.2001953125,4218.60009765625,4217.2001953125,4217.60009765625,28.0,yahoo,GC=F
2026-10-02T04:29:00Z,4217.7998046875,4218.2998046875,4217.7001953125,4218.0,17.0,yahoo,GC=F
2026-10-02T04:30:00Z,4218.2998046875,4219.0,4218.0,4218.7001953125,46.0,yahoo,GC=F
2026-10-02T04:31:00Z,4218.7998046875,4220.2001953125,4218.7998046875,4220.2001953125,108.0,yahoo,GC=F
2026-10-02T04:32:00Z,4219.7001953125,4221.0,4218.2998046875,4218.5,231.0,yahoo,GC=F
2026-10-02T04:33:00Z,4219.0,4219.7998046875,4217.60009765625,4218.60009765625,81.0,yahoo,GC=F
2026-10-02T04:34:00Z,4218.7001953125,4218.7998046875,4216.10009765625,4216.10009765625,59.0,yahoo,GC=F
2026-10-02T04:35:00Z,4216.2001953125,4217.10009765625,4215.2001953125,4215.2001953125,60.0,yahoo,GC=F
2026-10-02T04:36:00Z,4215.60009765625,4215.7998046875,4214.39990234375,4214.60009765625,83.0,yahoo,GC=F
2026-10-02T04:37:00Z,4214.60009765625,4215.10009765625,4214.10009765625,4214.60009765625,46.0,yahoo,GC=F
2026-10-02T04:38:00Z,4214.60009765625,4214.60009765625,4213.10009765625,4213.5,56.0,yahoo,GC=F
2026-10-02T04:39:00Z,4213.5,4213.5,4211.89990234375,4211.89990234375,91.0,yahoo,GC=F
2026-10-02T04:40:00Z,4212.10009765625,4212.7001953125,4212.0,4212.39990234375,49.0,yahoo,GC=F
2026-10-02T04:41:00Z,4212.2001953125,4212.7998046875,4211.7001953125,4212.60009765625,58.0,yahoo,GC=F
2026-10-02T04:42:00Z,4212.60009765625,4212.7998046875,4212.39990234375,4212.39990234375,21.0,yahoo,GC=F
2026-10-02T04:43:00Z,4212.5,4212.60009765625,4212.39990234375,4212.39990234375,9.0,yahoo,GC=F
2026-10-02T04:44:00Z,4212.7998046875,4213.0,4212.10009765625,4212.2998046875,11.0,yahoo,GC=F
2026-10-02T04:45:00Z,4212.60009765625,4213.0,4212.2998046875,4213.0,48.0,yahoo,GC=F
2026-10-02T04:46:00Z,4213.10009765625,4213.2001953125,4211.39990234375,4212.39990234375,47.0,yahoo,GC=F
2026-10-02T04:47:00Z,4212.39990234375,4213.10009765625,4212.2998046875,4213.0,21.0,yahoo,GC=F
2026-10-02T04:48:00Z,4212.60009765625,4212.7001953125,4212.2001953125,4212.2998046875,23.0,yahoo,GC=F
2026-10-02T04:49:00Z,4212.60009765625,4213.2998046875,4212.60009765625,4213.2001953125,17.0,yahoo,GC=F
2026-10-02T04:50:00Z,4213.2001953125,4213.2001953125,4212.5,4212.7998046875,11.0,yahoo,GC=F
2026-10-02T04:51:00Z,4212.7998046875,4212.7998046875,4211.2001953125,4211.5,22.0,yahoo,GC=F
2026-10-02T04:52:00Z,4211.5,4212.2998046875,4211.2001953125,4212.2998046875,44.0,yahoo,GC=F
2026-10-02T04:53:00Z,4212.10009765625,4212.2998046875,4212.0,4212.0,10.0,yahoo,GC=F
2026-10-02T04:54:00Z,4212.0,4212.39990234375,4212.0,4212.10009765625,9.0,yahoo,GC=F
2026-10-02T04:55:00Z,4212.0,4212.7001953125,4211.7998046875,4212.2998046875,14.0,yahoo,GC=F
2026-10-02T04:56:00Z,4212.39990234375,4212.39990234375,4211.2001953125,4211.2998046875,15.0,yahoo,GC=F
2026-10-02T04:57:00Z,4211.7001953125,4212.2001953125,4211.5,4212.2001953125,17.0,yahoo,GC=F
2026-10-02T04:58:00Z,4212.39990234375,4213.10009765625,4212.2001953125,4212.2001953125,14.0,yahoo,GC=F
2026-10-02T04:59:00Z,4212.39990234375,4215.0,4212.2998046875,4214.7998046875,64.0,yahoo,GC=F
2026-10-02T05:00:00Z,4214.60009765625,4215.10009765625,4214.39990234375,4214.89990234375,36.0,yahoo,GC=F
2026-10-02T05:01:00Z,4215.0,4216.10009765625,4214.7998046875,4215.2998046875,91.0,yahoo,GC=F
2026-10-02T05:02:00Z,4215.2001953125,4216.10009765625,4214.7998046875,4214.89990234375,46.0,yahoo,GC=F
2026-10-02T05:03:00Z,4214.0,4215.5,4213.89990234375,4214.2001953125,34.0,yahoo,GC=F
2026-10-02T05:04:00Z,4214.2998046875,4215.60009765625,4213.89990234375,4215.2001953125,37.0,yahoo,GC=F
2026-10-02T05:05:00Z,4214.89990234375,4214.89990234375,4214.2001953125,4214.7998046875,8.0,yahoo,GC=F
2026-10-02T05:06:00Z,4214.39990234375,4215.39990234375,4214.39990234375,4215.2998046875,27.0,yahoo,GC=F
2026-10-02T05:07:00Z,4215.39990234375,4216.7001953125,4215.39990234375,4216.7001953125,49.0,yahoo,GC=F
2026-10-02T05:08:00Z,4216.89990234375,4218.7998046875,4216.39990234375,4217.7001953125,90.0,yahoo,GC=F
2026-10-02T05:09:00Z,4217.89990234375,4217.89990234375,4216.5,4216.60009765625,13.0,yahoo,GC=F
2026-10-02T05:10:00Z,4216.89990234375,4219.0,4216.89990234375,4218.2001953125,54.0,yahoo,GC=F
2026-10-02T05:11:00Z,4218.2001953125,4221.7998046875,4217.7998046875,4220.89990234375,200.0,yahoo,GC=F
2026-10-02T05:12:00Z,4221.5,4222.2998046875,4221.0,4221.2998046875,49.0,yahoo,GC=F
2026-10-02T05:13:00Z,4221.0,4221.10009765625,4217.7998046875,4218.39990234375,99.0,yahoo,GC=F
2026-10-02T05:14:00Z,4218.0,4218.5,4217.7001953125,4217.7001953125,23.0,yahoo,GC=F
2026-10-02T05:15:00Z,4217.7001953125,4217.7998046875,4216.39990234375,4217.5,50.0,yahoo,GC=F
2026-10-02T05:16:00Z,4217.2001953125,4217.7001953125,4216.7001953125,4217.10009765625,16.0,yahoo,GC=F
2026-10-02T05:17:00Z,4217.2001953125,4218.0,4216.7998046875,4217.89990234375,26.0,yahoo,GC=F
2026-10-02T05:18:00Z,4217.7001953125,4218.2001953125,4217.0,4218.2001953125,23.0,yahoo,GC=F
2026-10-02T05:19:00Z,4218.5,4219.60009765625,4218.39990234375,4219.60009765625,23.0,yahoo,GC=F
2026-10-02T05:20:00Z,4219.7001953125,4219.7001953125,4218.0,4218.0,9.0,yahoo,GC=F
2026-10-02T05:21:00Z,4217.89990234375,4217.89990234375,4217.2001953125,4217.2001953125,18.0,yahoo,GC=F
2026-10-02T05:22:00Z,4217.7001953125,4219.2001953125,4217.7001953125,4218.39990234375,30.0,yahoo,GC=F
2026-10-02T05:23:00Z,4219.0,4219.2001953125,4218.60009765625,4219.2001953125,23.0,yahoo,GC=F
2026-10-02T05:24:00Z,4218.89990234375,4218.89990234375,4217.2998046875,4217.5,33.0,yahoo,GC=F
2026-10-02T05:25:00Z,4217.39990234375,4218.0,4217.2001953125,4217.2001953125,61.0,yahoo,GC=F
2026-10-02T05:26:00Z,4217.10009765625,4218.2001953125,4217.10009765625,4217.60009765625,9.0,yahoo,GC=F
2026-10-02T05:27:00Z,4217.60009765625,4217.7998046875,4216.39990234375,4216.60009765625,14.0,yahoo,GC=F
2026-10-02T05:28:00Z,4216.5,4217.10009765625,4216.2001953125,4217.10009765625,16.0,yahoo,GC=F
2026-10-02T05:29:00Z,4217.2001953125,4217.89990234375,4216.7001953125,4217.2998046875,48.0,yahoo,GC=F
2026-10-02T05:30:00Z,4217.39990234375,4217.39990234375,4215.5,4216.10009765625,56.0,yahoo,GC=F
2026-10-02T05:31:00Z,4215.89990234375,4218.10009765625,4215.7001953125,4218.10009765625,69.0,yahoo,GC=F
2026-10-02T05:32:00Z,4218.0,4218.39990234375,4217.10009765625,4217.10009765625,31.0,yahoo,GC=F
2026-10-02T05:33:00Z,4217.0,4218.0,4215.89990234375,4218.0,31.0,yahoo,GC=F
2026-10-02T05:34:00Z,4218.0,4218.0,4216.7001953125,4217.0,74.0,yahoo,GC=F
2026-10-02T05:35:00Z,4217.0,4220.2001953125,4216.60009765625,4219.60009765625,114.0,yahoo,GC=F
2026-10-02T05:36:00Z,4219.7001953125,4220.10009765625,4217.39990234375,4219.2001953125,118.0,yahoo,GC=F
2026-10-02T05:37:00Z,4218.7998046875,4220.2001953125,4218.2998046875,4219.2001953125,35.0,yahoo,GC=F
2026-10-02T05:38:00Z,4219.2998046875,4219.60009765625,4219.0,4219.0,20.0,yahoo,GC=F
2026-10-02T05:39:00Z,4219.2001953125,4219.89990234375,4218.0,4218.2998046875,25.0,yahoo,GC=F
2026-10-02T05:40:00Z,4218.10009765625,4218.2998046875,4217.0,4217.0,16.0,yahoo,GC=F
2026-10-02T05:41:00Z,4217.39990234375,4218.7998046875,4217.39990234375,4218.60009765625,11.0,yahoo,GC=F
2026-10-02T05:42:00Z,4218.89990234375,4219.5,4218.60009765625,4219.39990234375,18.0,yahoo,GC=F
2026-10-02T05:43:00Z,4219.2998046875,4220.5,4219.10009765625,4219.2001953125,113.0,yahoo,GC=F
2026-10-02T05:44:00Z,4219.2998046875,4219.2998046875,4217.2001953125,4217.2001953125,82.0,yahoo,GC=F
2026-10-02T05:45:00Z,4217.60009765625,4217.7998046875,4216.7998046875,4216.7998046875,16.0,yahoo,GC=F
2026-10-02T05:46:00Z,4216.89990234375,4216.89990234375,4215.2998046875,4215.5,62.0,yahoo,GC=F
2026-10-02T05:47:00Z,4215.60009765625,4215.60009765625,4214.2001953125,4214.2001953125,44.0,yahoo,GC=F
2026-10-02T05:48:00Z,4214.2001953125,4214.5,4213.7001953125,4214.39990234375,40.0,yahoo,GC=F
2026-10-02T05:49:00Z,4214.60009765625,4214.7998046875,4213.89990234375,4214.5,22.0,yahoo,GC=F
2026-10-02T05:50:00Z,4214.7998046875,4214.7998046875,4213.0,4213.39990234375,54.0,yahoo,GC=F
2026-10-02T05:51:00Z,4213.5,4215.0,4213.2998046875,4214.89990234375,62.0,yahoo,GC=F
2026-10-02T05:52:00Z,4215.0,4215.39990234375,4213.7001953125,4214.60009765625,36.0,yahoo,GC=F
2026-10-02T05:53:00Z,4214.39990234375,4214.39990234375,4212.89990234375,4212.89990234375,19.0,yahoo,GC=F
2026-10-02T05:54:00Z,4213.0,4214.10009765625,4212.7998046875,4213.89990234375,41.0,yahoo,GC=F
2026-10-02T05:55:00Z,4214.0,4214.7998046875,4213.60009765625,4213.60009765625,19.0,yahoo,GC=F
2026-10-02T05:56:00Z,4214.10009765625,4215.0,4214.10009765625,4214.39990234375,20.0,yahoo,GC=F
2026-10-02T05:57:00Z,4214.0,4215.10009765625,4213.7998046875,4214.39990234375,22.0,yahoo,GC=F
2026-10-02T05:58:00Z,4214.2998046875,4216.5,4214.2998046875,4216.2001953125,44.0,yahoo,GC=F
2026-10-02T05:59:00Z,4216.2001953125,4217.10009765625,4216.0,4216.0,37.0,yahoo,GC=F
2026-10-02T06:00:00Z,4216.5,4220.60009765625,4215.7998046875,4219.10009765625,339.0,yahoo,GC=F
2026-10-02T06:01:00Z,4219.10009765625,4220.10009765625,4218.0,4220.0,154.0,yahoo,GC=F
2026-10-02T06:02:00Z,4220.39990234375,4220.60009765625,4217.2001953125,4218.7998046875,119.0,yahoo,GC=F
2026-10-02T06:03:00Z,4219.39990234375,4220.0,4218.39990234375,4219.7001953125,45.0,yahoo,GC=F
2026-10-02T06:04:00Z,4220.10009765625,4224.7998046875,4219.89990234375,4224.2001953125,438.0,yahoo,GC=F
2026-10-02T06:05:00Z,4224.39990234375,4226.7998046875,4222.39990234375,4223.5,323.0,yahoo,GC=F
2026-10-02T06:06:00Z,4222.89990234375,4223.2998046875,4221.5,4222.5,92.0,yahoo,GC=F
2026-10-02T06:07:00Z,4222.60009765625,4224.39990234375,4221.89990234375,4224.0,128.0,yahoo,GC=F
2026-10-02T06:08:00Z,4224.10009765625,4225.39990234375,4223.0,4224.10009765625,56.0,yahoo,GC=F
2026-10-02T06:09:00Z,4224.0,4224.2001953125,4223.0,4223.2998046875,49.0,yahoo,GC=F
2026-10-02T06:10:00Z,4224.10009765625,4224.10009765625,4221.89990234375,4222.7998046875,69.0,yahoo,GC=F
2026-10-02T06:11:00Z,4223.10009765625,4224.2001953125,4222.5,4222.7001953125,46.0,yahoo,GC=F
2026-10-02T06:12:00Z,4223.5,4224.5,4223.10009765625,4224.39990234375,33.0,yahoo,GC=F
2026-10-02T06:13:00Z,4224.5,4225.39990234375,4224.10009765625,4224.2998046875,98.0,yahoo,GC=F
2026-10-02T06:14:00Z,4224.2998046875,4224.2998046875,4221.89990234375,4222.2001953125,156.0,yahoo,GC=F
2026-10-02T06:15:00Z,4222.0,4222.2001953125,4219.7001953125,4221.39990234375,163.0,yahoo,GC=F
2026-10-02T06:16:00Z,4221.5,4221.5,4218.89990234375,4219.0,78.0,yahoo,GC=F
2026-10-02T06:17:00Z,4218.7001953125,4218.7001953125,4217.10009765625,4217.60009765625,65.0,yahoo,GC=F
2026-10-02T06:18:00Z,4217.60009765625,4218.60009765625,4216.89990234375,4218.39990234375,37.0,yahoo,GC=F
2026-10-02T06:19:00Z,4218.60009765625,4218.60009765625,4217.7001953125,4218.0,21.0,yahoo,GC=F
2026-10-02T06:20:00Z,4218.2001953125,4219.7998046875,4217.60009765625,4219.7998046875,41.0,yahoo,GC=F
2026-10-02T06:21:00Z,4220.0,4220.7001953125,4219.7001953125,4220.39990234375,34.0,yahoo,GC=F
2026-10-02T06:22:00Z,4220.10009765625,4222.10009765625,4219.7001953125,4221.39990234375,125.0,yahoo,GC=F
2026-10-02T06:23:00Z,4221.2001953125,4221.7001953125,4219.89990234375,4221.10009765625,83.0,yahoo,GC=F
2026-10-02T06:24:00Z,4221.10009765625,4221.5,4219.2998046875,4220.10009765625,101.0,yahoo,GC=F
2026-10-02T06:25:00Z,4220.10009765625,4220.39990234375,4218.5,4218.89990234375,74.0,yahoo,GC=F
2026-10-02T06:26:00Z,4218.89990234375,4220.7998046875,4218.7998046875,4220.7001953125,67.0,yahoo,GC=F
2026-10-02T06:27:00Z,4220.7998046875,4221.7001953125,4220.5,4220.7998046875,52.0,yahoo,GC=F
2026-10-02T06:28:00Z,4220.7998046875,4221.5,4220.10009765625,4220.39990234375,33.0,yahoo,GC=F
2026-10-02T06:29:00Z,4220.2001953125,4220.60009765625,4219.0,4219.2001953125,31.0,yahoo,GC=F
2026-10-02T06:30:00Z,4219.60009765625,4220.2998046875,4217.10009765625,4217.39990234375,71.0,yahoo,GC=F
2026-10-02T06:31:00Z,4217.7998046875,4219.0,4217.2998046875,4218.2001953125,116.0,yahoo,GC=F
2026-10-02T06:32:00Z,4218.2998046875,4218.2998046875,4217.10009765625,4217.10009765625,52.0,yahoo,GC=F
2026-10-02T06:33:00Z,4217.0,4217.2001953125,4216.10009765625,4216.89990234375,77.0,yahoo,GC=F
2026-10-02T06:34:00Z,4217.10009765625,4217.2998046875,4215.0,4215.2998046875,86.0,yahoo,GC=F
2026-10-02T06:35:00Z,4215.5,4217.7998046875,4215.5,4216.5,136.0,yahoo,GC=F
2026-10-02T06:36:00Z,4216.89990234375,4217.89990234375,4212.7998046875,4213.2998046875,246.0,yahoo,GC=F
2026-10-02T06:37:00Z,4213.2001953125,4213.60009765625,4212.60009765625,4213.2998046875,49.0,yahoo,GC=F
2026-10-02T06:38:00Z,4213.0,4213.60009765625,4212.5,4213.2001953125,34.0,yahoo,GC=F
2026-10-02T06:39:00Z,4213.5,4214.39990234375,4213.0,4213.60009765625,72.0,yahoo,GC=F
2026-10-02T06:40:00Z,4213.7998046875,4214.0,4212.60009765625,4212.60009765625,48.0,yahoo,GC=F
2026-10-02T06:41:00Z,4211.89990234375,4212.60009765625,4210.7998046875,4211.89990234375,81.0,yahoo,GC=F
2026-10-02T06:42:00Z,4212.0,4212.2001953125,4210.0,4210.39990234375,174.0,yahoo,GC=F
2026-10-02T06:43:00Z,4210.39990234375,4212.2001953125,4210.2001953125,4211.7001953125,54.0,yahoo,GC=F
2026-10-02T06:44:00Z,4211.5,4212.0,4209.5,4210.2998046875,163.0,yahoo,GC=F
2026-10-02T06:45:00Z,4210.5,4210.5,4209.60009765625,4210.0,80.0,yahoo,GC=F
2026-10-02T06:46:00Z,4210.2998046875,4210.7998046875,4209.5,4209.7001953125,73.0,yahoo,GC=F
2026-10-02T06:47:00Z,4210.10009765625,4210.89990234375,4209.7001953125,4209.89990234375,41.0,yahoo,GC=F
2026-10-02T06:48:00Z,4209.89990234375,4210.39990234375,4209.2001953125,4209.89990234375,60.0,yahoo,GC=F
2026-10-02T06:49:00Z,4209.7001953125,4211.2001953125,4209.7001953125,4210.10009765625,42.0,yahoo,GC=F
2026-10-02T06:50:00Z,4210.10009765625,4210.10009765625,4208.2001953125,4208.39990234375,61.0,yahoo,GC=F
2026-10-02T06:51:00Z,4208.2001953125,4209.39990234375,4207.89990234375,4208.5,99.0,yahoo,GC=F
2026-10-02T06:52:00Z,4208.39990234375,4209.10009765625,4208.0,4209.10009765625,27.0,yahoo,GC=F
2026-10-02T06:53:00Z,4208.60009765625,4209.2998046875,4208.2998046875,4209.2001953125,34.0,yahoo,GC=F
2026-10-02T06:54:00Z,4209.2998046875,4210.7001953125,4208.89990234375,4210.7001953125,47.0,yahoo,GC=F
2026-10-02T06:55:00Z,4211.0,4212.7998046875,4210.60009765625,4212.60009765625,77.0,yahoo,GC=F
2026-10-02T06:56:00Z,4212.60009765625,4213.2001953125,4209.7998046875,4210.7001953125,120.0,yahoo,GC=F
2026-10-02T06:57:00Z,4210.7001953125,4211.60009765625,4209.2998046875,4209.2998046875,50.0,yahoo,GC=F
2026-10-02T06:58:00Z,4209.2001953125,4209.7998046875,4207.39990234375,4209.7998046875,91.0,yahoo,GC=F
2026-10-02T06:59:00Z,4209.7998046875,4211.5,4209.7998046875,4211.0,48.0,yahoo,GC=F
2026-10-02T07:00:00Z,4210.7998046875,4212.0,4209.7998046875,4211.5,70.0,yahoo,GC=F
2026-10-02T07:01:00Z,4211.39990234375,4211.39990234375,4210.10009765625,4210.7001953125,40.0,yahoo,GC=F
2026-10-02T07:02:00Z,4210.5,4211.2001953125,4209.7998046875,4210.5,64.0,yahoo,GC=F
2026-10-02T07:03:00Z,4210.10009765625,4211.5,4210.0,4211.10009765625,79.0,yahoo,GC=F
2026-10-02T07:04:00Z,4211.39990234375,4211.89990234375,4210.0,4210.2001953125,53.0,yahoo,GC=F
2026-10-02T07:05:00Z,4210.0,4211.10009765625,4209.5,4209.5,27.0,yahoo,GC=F
2026-10-02T07:06:00Z,4209.7001953125,4210.7998046875,4207.60009765625,4210.7998046875,93.0,yahoo,GC=F
2026-10-02T07:07:00Z,4210.5,4212.2001953125,4209.7998046875,4210.7001953125,94.0,yahoo,GC=F
2026-10-02T07:08:00Z,4210.60009765625,4211.10009765625,4209.7998046875,4210.7998046875,46.0,yahoo,GC=F
2026-10-02T07:09:00Z,4210.7001953125,4210.7001953125,4209.7001953125,4210.0,15.0,yahoo,GC=F
2026-10-02T07:10:00Z,4210.5,4213.39990234375,4210.5,4213.0,42.0,yahoo,GC=F
2026-10-02T07:11:00Z,4212.7998046875,4213.7001953125,4212.5,4213.2998046875,143.0,yahoo,GC=F
2026-10-02T07:12:00Z,4212.89990234375,4213.2001953125,4211.5,4212.60009765625,108.0,yahoo,GC=F
2026-10-02T07:13:00Z,4212.60009765625,4216.2001953125,4212.5,4216.2001953125,134.0,yahoo,GC=F
2026-10-02T07:14:00Z,4216.2001953125,4217.7998046875,4215.39990234375,4217.7001953125,165.0,yahoo,GC=F
2026-10-02T07:15:00Z,4217.7998046875,4219.2998046875,4216.2001953125,4217.10009765625,183.0,yahoo,GC=F
2026-10-02T07:16:00Z,4216.89990234375,4217.0,4214.7998046875,4214.7998046875,108.0,yahoo,GC=F
2026-10-02T07:17:00Z,4214.7998046875,4215.7998046875,4213.7001953125,4215.2001953125,114.0,yahoo,GC=F
2026-10-02T07:18:00Z,4215.2998046875,4215.2998046875,4213.89990234375,4215.2998046875,27.0,yahoo,GC=F
2026-10-02T07:19:00Z,4215.2998046875,4215.2998046875,4213.39990234375,4213.89990234375,30.0,yahoo,GC=F
2026-10-02T07:20:00Z,4214.2001953125,4216.89990234375,4214.2001953125,4216.89990234375,43.0,yahoo,GC=F
2026-10-02T07:21:00Z,4216.7001953125,4217.2001953125,4216.2001953125,4216.7001953125,31.0,yahoo,GC=F
2026-10-02T07:22:00Z,4216.89990234375,4217.7001953125,4216.60009765625,4216.7998046875,90.0,yahoo,GC=F
2026-10-02T07:23:00Z,4216.60009765625,4216.89990234375,4215.2998046875,4215.60009765625,33.0,yahoo,GC=F
2026-10-02T07:24:00Z,4215.39990234375,4216.39990234375,4214.89990234375,4215.2001953125,30.0,yahoo,GC=F
2026-10-02T07:25:00Z,4215.60009765625,4218.7001953125,4215.60009765625,4218.2001953125,134.0,yahoo,GC=F
2026-10-02T07:26:00Z,4217.5,4218.5,4217.39990234375,4218.0,63.0,yahoo,GC=F
2026-10-02T07:27:00Z,4218.2001953125,4218.2001953125,4217.0,4217.60009765625,60.0,yahoo,GC=F
2026-10-02T07:28:00Z,4216.89990234375,4217.0,4214.7001953125,4214.7998046875,48.0,yahoo,GC=F
2026-10-02T07:29:00Z,4214.60009765625,4215.2001953125,4214.10009765625,4215.2001953125,23.0,yahoo,GC=F
2026-10-02T07:30:00Z,4215.5,4216.2998046875,4214.7998046875,4214.89990234375,43.0,yahoo,GC=F
2026-10-02T07:31:00Z,4215.39990234375,4217.2001953125,4215.39990234375,4216.2001953125,80.0,yahoo,GC=F
2026-10-02T07:32:00Z,4216.10009765625,4216.2001953125,4215.0,4215.39990234375,59.0,yahoo,GC=F
2026-10-02T07:33:00Z,4215.2001953125,4217.39990234375,4215.2001953125,4216.39990234375,45.0,yahoo,GC=F
2026-10-02T07:34:00Z,4216.39990234375,4217.0,4215.7001953125,4216.10009765625,26.0,yahoo,GC=F
2026-10-02T07:35:00Z,4216.10009765625,4216.5,4214.7001953125,4215.7998046875,118.0,yahoo,GC=F
2026-10-02T07:36:00Z,4215.7998046875,4216.2998046875,4214.0,4214.7001953125,45.0,yahoo,GC=F
2026-10-02T07:37:00Z,4214.7998046875,4215.2001953125,4211.7998046875,4213.0,131.0,yahoo,GC=F
2026-10-02T07:38:00Z,4213.2001953125,4214.10009765625,4212.60009765625,4213.89990234375,40.0,yahoo,GC=F
2026-10-02T07:39:00Z,4214.0,4214.60009765625,4213.10009765625,4213.2001953125,47.0,yahoo,GC=F
2026-10-02T07:40:00Z,4213.10009765625,4213.10009765625,4212.0,4212.2998046875,33.0,yahoo,GC=F
2026-10-02T07:41:00Z,4212.39990234375,4214.2001953125,4212.2998046875,4213.10009765625,28.0,yahoo,GC=F
2026-10-02T07:42:00Z,4212.2998046875,4213.5,4212.0,4213.5,56.0,yahoo,GC=F
2026-10-02T07:43:00Z,4214.10009765625,4214.10009765625,4211.39990234375,4213.10009765625,128.0,yahoo,GC=F
2026-10-02T07:44:00Z,4213.5,4213.89990234375,4212.7001953125,4212.7001953125,27.0,yahoo,GC=F
2026-10-02T07:45:00Z,4212.7001953125,4212.7001953125,4210.39990234375,4210.89990234375,110.0,yahoo,GC=F
2026-10-02T07:46:00Z,4211.39990234375,4212.10009765625,4211.2001953125,4211.2998046875,33.0,yahoo,GC=F
2026-10-02T07:47:00Z,4211.2998046875,4212.10009765625,4211.10009765625,4212.0,26.0,yahoo,GC=F
2026-10-02T07:48:00Z,4212.60009765625,4212.7998046875,4212.0,4212.2998046875,19.0,yahoo,GC=F
2026-10-02T07:49:00Z,4212.60009765625,4213.2998046875,4212.2998046875,4213.10009765625,17.0,yahoo,GC=F
2026-10-02T07:50:00Z,4213.10009765625,4214.5,4212.7998046875,4214.2998046875,39.0,yahoo,GC=F
2026-10-02T07:51:00Z,4214.2001953125,4215.0,4213.7001953125,4214.7998046875,23.0,yahoo,GC=F
2026-10-02T07:52:00Z,4214.89990234375,4215.10009765625,4214.0,4214.0,22.0,yahoo,GC=F
2026-10-02T07:53:00Z,4214.2998046875,4215.2001953125,4214.0,4215.2001953125,36.0,yahoo,GC=F
2026-10-02T07:54:00Z,4214.89990234375,4215.5,4214.60009765625,4215.0,30.0,yahoo,GC=F
2026-10-02T07:55:00Z,4214.89990234375,4216.0,4214.10009765625,4215.7001953125,45.0,yahoo,GC=F
2026-10-02T07:56:00Z,4216.0,4217.2001953125,4215.0,4217.2001953125,210.0,yahoo,GC=F
2026-10-02T07:57:00Z,4216.7998046875,4221.7001953125,4215.7001953125,4220.0,398.0,yahoo,GC=F
2026-10-02T07:58:00Z,4220.0,4222.0,4215.89990234375,4216.2001953125,168.0,yahoo,GC=F
2026-10-02T07:59:00Z,4215.89990234375,4217.2998046875,4215.7001953125,4217.2998046875,72.0,yahoo,GC=F
2026-10-02T08:00:00Z,4217.0,4217.60009765625,4215.2998046875,4215.89990234375,73.0,yahoo,GC=F
2026-10-02T08:01:00Z,4215.7998046875,4216.2001953125,4214.2998046875,4214.5,72.0,yahoo,GC=F
2026-10-02T08:02:00Z,4214.89990234375,4217.0,4214.89990234375,4217.0,52.0,yahoo,GC=F
2026-10-02T08:03:00Z,4217.2001953125,4219.2998046875,4216.7001953125,4219.2998046875,103.0,yahoo,GC=F
2026-10-02T08:04:00Z,4219.2001953125,4219.7001953125,4215.7001953125,4217.60009765625,88.0,yahoo,GC=F
2026-10-02T08:05:00Z,4217.5,4218.89990234375,4217.5,4218.60009765625,54.0,yahoo,GC=F
2026-10-02T08:06:00Z,4218.5,4220.39990234375,4218.5,4220.10009765625,85.0,yahoo,GC=F
2026-10-02T08:07:00Z,4220.7001953125,4225.5,4220.39990234375,4225.2998046875,251.0,yahoo,GC=F
2026-10-02T08:08:00Z,4225.39990234375,4226.60009765625,4222.60009765625,4224.89990234375,185.0,yahoo,GC=F
2026-10-02T08:09:00Z,4224.0,4225.2998046875,4223.39990234375,4224.10009765625,146.0,yahoo,GC=F
2026-10-02T08:10:00Z,4224.0,4224.0,4220.2001953125,4222.5,153.0,yahoo,GC=F
2026-10-02T08:11:00Z,4222.2001953125,4222.7001953125,4218.2001953125,4220.0,164.0,yahoo,GC=F
2026-10-02T08:12:00Z,4219.89990234375,4222.7998046875,4217.7998046875,4218.0,136.0,yahoo,GC=F
2026-10-02T08:13:00Z,4218.39990234375,4220.60009765625,4217.89990234375,4219.89990234375,46.0,yahoo,GC=F
2026-10-02T08:14:00Z,4219.5,4220.10009765625,4218.0,4218.89990234375,228.0,yahoo,GC=F
2026-10-02T08:15:00Z,4219.0,4219.10009765625,4217.0,4217.5,272.0,yahoo,GC=F
2026-10-02T08:16:00Z,4218.0,4218.2001953125,4216.0,4217.7001953125,149.0,yahoo,GC=F
2026-10-02T08:17:00Z,4217.2998046875,4219.7001953125,4217.10009765625,4218.39990234375,127.0,yahoo,GC=F
2026-10-02T08:18:00Z,4218.7001953125,4218.7001953125,4213.89990234375,4214.5,122.0,yahoo,GC=F
2026-10-02T08:19:00Z,4214.10009765625,4216.2998046875,4213.7001953125,4215.7001953125,110.0,yahoo,GC=F
2026-10-02T08:20:00Z,4215.89990234375,4216.5,4215.0,4215.2998046875,52.0,yahoo,GC=F
2026-10-02T08:21:00Z,4215.5,4220.2001953125,4215.5,4216.60009765625,290.0,yahoo,GC=F
2026-10-02T08:22:00Z,4216.39990234375,4216.60009765625,4215.0,4215.0,53.0,yahoo,GC=F
2026-10-02T08:23:00Z,4214.89990234375,4215.2001953125,4214.0,4214.2998046875,51.0,yahoo,GC=F
2026-10-02T08:24:00Z,4214.7001953125,4214.7998046875,4213.39990234375,4214.5,45.0,yahoo,GC=F
2026-10-02T08:25:00Z,4214.39990234375,4214.39990234375,4213.2998046875,4214.39990234375,92.0,yahoo,GC=F
2026-10-02T08:26:00Z,4214.10009765625,4214.39990234375,4213.7998046875,4214.2998046875,25.0,yahoo,GC=F
2026-10-02T08:27:00Z,4214.2001953125,4214.7998046875,4213.7998046875,4214.7998046875,31.0,yahoo,GC=F
2026-10-02T08:28:00Z,4214.7998046875,4215.2001953125,4212.89990234375,4213.0,60.0,yahoo,GC=F
2026-10-02T08:29:00Z,4212.7998046875,4215.5,4212.2998046875,4215.5,90.0,yahoo,GC=F
2026-10-02T08:30:00Z,4215.0,4216.60009765625,4213.39990234375,4213.60009765625,285.0,yahoo,GC=F
2026-10-02T08:31:00Z,4213.39990234375,4214.39990234375,4212.5,4213.10009765625,97.0,yahoo,GC=F
2026-10-02T08:32:00Z,4213.10009765625,4213.5,4211.2001953125,4213.2998046875,155.0,yahoo,GC=F
2026-10-02T08:33:00Z,4213.2998046875,4213.2998046875,4211.5,4212.60009765625,88.0,yahoo,GC=F
2026-10-02T08:34:00Z,4212.7001953125,4212.7001953125,4211.0,4212.0,82.0,yahoo,GC=F
2026-10-02T08:35:00Z,4212.10009765625,4213.89990234375,4212.10009765625,4213.5,77.0,yahoo,GC=F
2026-10-02T08:36:00Z,4213.2998046875,4215.10009765625,4213.2001953125,4213.2998046875,226.0,yahoo,GC=F
2026-10-02T08:37:00Z,4213.60009765625,4214.5,4213.60009765625,4214.0,37.0,yahoo,GC=F
2026-10-02T08:38:00Z,4214.0,4214.0,4212.5,4213.5,32.0,yahoo,GC=F
2026-10-02T08:39:00Z,4213.60009765625,4213.7998046875,4212.7001953125,4213.7001953125,41.0,yahoo,GC=F
2026-10-02T08:40:00Z,4214.0,4215.39990234375,4213.10009765625,4213.7001953125,183.0,yahoo,GC=F
2026-10-02T08:41:00Z,4213.2001953125,4213.39990234375,4212.0,4212.2001953125,46.0,yahoo,GC=F
2026-10-02T08:42:00Z,4212.2001953125,4212.2001953125,4211.39990234375,4211.89990234375,15.0,yahoo,GC=F
2026-10-02T08:43:00Z,4212.10009765625,4212.60009765625,4211.60009765625,4211.7998046875,87.0,yahoo,GC=F
2026-10-02T08:44:00Z,4211.39990234375,4211.39990234375,4210.2998046875,4210.7001953125,66.0,yahoo,GC=F
2026-10-02T08:45:00Z,4210.2998046875,4211.2998046875,4210.2001953125,4211.2998046875,74.0,yahoo,GC=F
2026-10-02T08:46:00Z,4211.10009765625,4211.10009765625,4209.39990234375,4209.5,163.0,yahoo,GC=F
2026-10-02T08:47:00Z,4209.2998046875,4211.10009765625,4209.0,4209.10009765625,121.0,yahoo,GC=F
2026-10-02T08:48:00Z,4209.10009765625,4210.7998046875,4209.10009765625,4210.0,150.0,yahoo,GC=F
2026-10-02T08:49:00Z,4209.7998046875,4211.2998046875,4209.60009765625,4211.2998046875,67.0,yahoo,GC=F
2026-10-02T08:50:00Z,4211.60009765625,4213.60009765625,4211.5,4212.89990234375,113.0,yahoo,GC=F
2026-10-02T08:51:00Z,4212.60009765625,4213.10009765625,4212.60009765625,4212.89990234375,12.0,yahoo,GC=F
2026-10-02T08:52:00Z,4212.60009765625,4212.7998046875,4212.0,4212.2998046875,40.0,yahoo,GC=F
2026-10-02T08:53:00Z,4212.39990234375,4213.10009765625,4212.2001953125,4212.2001953125,10.0,yahoo,GC=F
2026-10-02T08:54:00Z,4212.39990234375,4213.2998046875,4212.2998046875,4213.2001953125,92.0,yahoo,GC=F
2026-10-02T08:55:00Z,4213.39990234375,4214.5,4212.7998046875,4214.0,61.0,yahoo,GC=F
2026-10-02T08:56:00Z,4214.0,4215.39990234375,4214.0,4214.89990234375,67.0,yahoo,GC=F
2026-10-02T08:57:00Z,4215.0,4216.39990234375,4214.89990234375,4215.2998046875,137.0,yahoo,GC=F
2026-10-02T08:58:00Z,4215.0,4215.10009765625,4214.5,4215.10009765625,16.0,yahoo,GC=F
2026-10-02T08:59:00Z,4215.2998046875,4215.60009765625,4214.0,4214.10009765625,37.0,yahoo,GC=F
2026-10-02T09:00:00Z,4214.39990234375,4214.39990234375,4211.7001953125,4213.0,61.0,yahoo,GC=F
2026-10-02T09:01:00Z,4213.2998046875,4213.2998046875,4211.0,4211.7001953125,79.0,yahoo,GC=F
2026-10-02T09:02:00Z,4212.0,4212.10009765625,4211.2001953125,4212.10009765625,13.0,yahoo,GC=F
2026-10-02T09:03:00Z,4211.5,4212.10009765625,4210.7001953125,4212.0,32.0,yahoo,GC=F
2026-10-02T09:04:00Z,4212.10009765625,4212.60009765625,4211.60009765625,4212.60009765625,13.0,yahoo,GC=F
2026-10-02T09:05:00Z,4212.39990234375,4212.7001953125,4211.89990234375,4211.89990234375,16.0,yahoo,GC=F
2026-10-02T09:06:00Z,4211.7998046875,4212.0,4211.5,4211.89990234375,15.0,yahoo,GC=F
2026-10-02T09:07:00Z,4212.10009765625,4212.60009765625,4211.39990234375,4212.2998046875,62.0,yahoo,GC=F
2026-10-02T09:08:00Z,4212.2998046875,4212.89990234375,4212.0,4212.10009765625,9.0,yahoo,GC=F
2026-10-02T09:09:00Z,4212.39990234375,4213.10009765625,4212.0,4213.10009765625,14.0,yahoo,GC=F
2026-10-02T09:10:00Z,4213.10009765625,4215.2998046875,4213.10009765625,4214.7001953125,49.0,yahoo,GC=F
2026-10-02T09:11:00Z,4214.5,4214.7001953125,4213.89990234375,4213.89990234375,10.0,yahoo,GC=F
2026-10-02T09:12:00Z,4214.7001953125,4215.7998046875,4214.7001953125,4215.7998046875,33.0,yahoo,GC=F
2026-10-02T09:13:00Z,4215.89990234375,4218.2001953125,4215.89990234375,4217.39990234375,118.0,yahoo,GC=F
2026-10-02T09:14:00Z,4217.5,4217.7001953125,4215.7998046875,4216.10009765625,34.0,yahoo,GC=F
2026-10-02T09:15:00Z,4215.89990234375,4216.7998046875,4215.5,4215.5,37.0,yahoo,GC=F
2026-10-02T09:16:00Z,4215.10009765625,4217.89990234375,4214.7001953125,4216.89990234375,234.0,yahoo,GC=F
2026-10-02T09:17:00Z,4216.5,4217.0,4215.10009765625,4215.5,35.0,yahoo,GC=F
2026-10-02T09:18:00Z,4215.60009765625,4215.7001953125,4214.5,4214.60009765625,31.0,yahoo,GC=F
2026-10-02T09:19:00Z,4214.7998046875,4215.7001953125,4214.2998046875,4215.7001953125,16.0,yahoo,GC=F
2026-10-02T09:20:00Z,4216.0,4216.5,4215.2998046875,4215.2998046875,32.0,yahoo,GC=F
2026-10-02T09:21:00Z,4215.39990234375,4215.89990234375,4213.5,4214.7001953125,37.0,yahoo,GC=F
2026-10-02T09:22:00Z,4215.0,4216.10009765625,4215.0,4216.10009765625,8.0,yahoo,GC=F
2026-10-02T09:23:00Z,4216.2001953125,4216.2001953125,4214.5,4214.60009765625,29.0,yahoo,GC=F
2026-10-02T09:24:00Z,4215.2001953125,4215.7001953125,4214.60009765625,4215.0,31.0,yahoo,GC=F
2026-10-02T09:25:00Z,4215.39990234375,4216.7998046875,4215.10009765625,4216.7998046875,58.0,yahoo,GC=F
2026-10-02T09:26:00Z,4216.39990234375,4217.5,4216.2001953125,4216.7001953125,55.0,yahoo,GC=F
2026-10-02T09:27:00Z,4217.0,4217.0,4215.60009765625,4215.7998046875,23.0,yahoo,GC=F
2026-10-02T09:28:00Z,4215.7998046875,4216.2998046875,4215.39990234375,4216.2001953125,38.0,yahoo,GC=F
2026-10-02T09:29:00Z,4216.5,4216.7001953125,4215.89990234375,4216.5,34.0,yahoo,GC=F
2026-10-02T09:30:00Z,4216.39990234375,4218.39990234375,4215.5,4217.89990234375,201.0,yahoo,GC=F
2026-10-02T09:31:00Z,4218.2001953125,4218.2001953125,4216.60009765625,4217.0,75.0,yahoo,GC=F
2026-10-02T09:32:00Z,4216.89990234375,4217.7998046875,4216.10009765625,4216.2001953125,67.0,yahoo,GC=F
2026-10-02T09:33:00Z,4216.2001953125,4216.7001953125,4214.7001953125,4216.2001953125,71.0,yahoo,GC=F
2026-10-02T09:34:00Z,4216.2998046875,4216.5,4214.7998046875,4215.2001953125,63.0,yahoo,GC=F
2026-10-02T09:35:00Z,4215.2001953125,4215.2001953125,4213.60009765625,4214.0,57.0,yahoo,GC=F
2026-10-02T09:36:00Z,4214.10009765625,4215.2001953125,4213.60009765625,4214.2998046875,44.0,yahoo,GC=F
2026-10-02T09:37:00Z,4214.5,4214.5,4212.0,4212.2001953125,57.0,yahoo,GC=F
2026-10-02T09:38:00Z,4212.0,4212.89990234375,4211.5,4212.89990234375,79.0,yahoo,GC=F
2026-10-02T09:39:00Z,4212.5,4213.10009765625,4212.2001953125,4213.10009765625,28.0,yahoo,GC=F
2026-10-02T09:40:00Z,4213.7998046875,4214.7998046875,4213.39990234375,4214.39990234375,45.0,yahoo,GC=F
2026-10-02T09:41:00Z,4214.39990234375,4214.7001953125,4214.2001953125,4214.7001953125,19.0,yahoo,GC=F
2026-10-02T09:42:00Z,4214.60009765625,4215.2998046875,4214.5,4215.10009765625,32.0,yahoo,GC=F
2026-10-02T09:43:00Z,4214.7001953125,4215.60009765625,4213.89990234375,4214.2001953125,25.0,yahoo,GC=F
2026-10-02T09:44:00Z,4214.2998046875,4214.5,4214.10009765625,4214.2001953125,7.0,yahoo,GC=F
2026-10-02T09:45:00Z,4214.0,4214.0,4213.0,4213.0,20.0,yahoo,GC=F
2026-10-02T09:46:00Z,4212.7998046875,4212.7998046875,4209.2998046875,4210.89990234375,357.0,yahoo,GC=F
2026-10-02T09:47:00Z,4211.10009765625,4211.5,4209.39990234375,4210.2001953125,216.0,yahoo,GC=F
2026-10-02T09:48:00Z,4209.7998046875,4212.7998046875,4209.60009765625,4212.7998046875,82.0,yahoo,GC=F
2026-10-02T09:49:00Z,4213.0,4215.39990234375,4212.0,4212.2998046875,177.0,yahoo,GC=F
2026-10-02T09:50:00Z,4213.2998046875,4213.7001953125,4212.60009765625,4213.5,25.0,yahoo,GC=F
2026-10-02T09:51:00Z,4213.7001953125,4214.2998046875,4213.5,4214.0,17.0,yahoo,GC=F
2026-10-02T09:52:00Z,4214.2998046875,4214.5,4213.0,4213.0,38.0,yahoo,GC=F
2026-10-02T09:53:00Z,4212.89990234375,4217.0,4212.89990234375,4217.0,80.0,yahoo,GC=F
2026-10-02T09:54:00Z,4217.2998046875,4217.5,4216.2998046875,4216.60009765625,72.0,yahoo,GC=F
2026-10-02T09:55:00Z,4216.10009765625,4216.5,4215.60009765625,4216.39990234375,44.0,yahoo,GC=F
2026-10-02T09:56:00Z,4216.5,4216.89990234375,4215.60009765625,4216.10009765625,79.0,yahoo,GC=F
2026-10-02T09:57:00Z,4216.2998046875,4216.60009765625,4215.2998046875,4215.2998046875,71.0,yahoo,GC=F
2026-10-02T09:58:00Z,4215.39990234375,4215.7001953125,4213.7998046875,4214.5,69.0,yahoo,GC=F
2026-10-02T09:59:00Z,4214.60009765625,4215.5,4213.7998046875,4214.0,63.0,yahoo,GC=F
2026-10-02T10:00:00Z,4213.89990234375,4215.7998046875,4213.5,4214.60009765625,127.0,yahoo,GC=F
2026-10-02T10:01:00Z,4214.5,4214.7001953125,4213.39990234375,4213.60009765625,47.0,yahoo,GC=F
2026-10-02T10:02:00Z,4213.0,4213.2998046875,4212.0,4213.10009765625,101.0,yahoo,GC=F
2026-10-02T10:03:00Z,4213.60009765625,4214.0,4211.2998046875,4212.2998046875,125.0,yahoo,GC=F
2026-10-02T10:04:00Z,4212.2001953125,4216.0,4212.10009765625,4213.7001953125,318.0,yahoo,GC=F
2026-10-02T10:05:00Z,4213.7998046875,4213.7998046875,4211.89990234375,4211.89990234375,71.0,yahoo,GC=F
2026-10-02T10:06:00Z,4211.7998046875,4212.39990234375,4209.39990234375,4210.10009765625,93.0,yahoo,GC=F
2026-10-02T10:07:00Z,4210.0,4210.2001953125,4208.5,4208.7001953125,89.0,yahoo,GC=F
2026-10-02T10:08:00Z,4208.89990234375,4210.10009765625,4208.10009765625,4209.60009765625,89.0,yahoo,GC=F
2026-10-02T10:09:00Z,4209.60009765625,4209.7001953125,4208.10009765625,4208.10009765625,42.0,yahoo,GC=F
2026-10-02T10:10:00Z,4207.89990234375,4208.2001953125,4206.10009765625,4206.60009765625,134.0,yahoo,GC=F
2026-10-02T10:11:00Z,4206.2001953125,4206.39990234375,4204.5,4204.7001953125,75.0,yahoo,GC=F
2026-10-02T10:12:00Z,4204.5,4206.10009765625,4201.5,4201.7001953125,260.0,yahoo,GC=F
2026-10-02T10:13:00Z,4201.7998046875,4201.7998046875,4199.5,4201.2998046875,419.0,yahoo,GC=F
2026-10-02T10:14:00Z,4201.39990234375,4202.7998046875,4201.10009765625,4201.2998046875,103.0,yahoo,GC=F
2026-10-02T10:15:00Z,4201.5,4201.7998046875,4200.7001953125,4201.39990234375,65.0,yahoo,GC=F
2026-10-02T10:16:00Z,4201.2001953125,4201.7998046875,4199.89990234375,4200.7001953125,64.0,yahoo,GC=F
2026-10-02T10:17:00Z,4201.2001953125,4203.0,4200.7998046875,4202.39990234375,110.0,yahoo,GC=F
2026-10-02T10:18:00Z,4202.2001953125,4203.0,4201.0,4201.0,41.0,yahoo,GC=F
2026-10-02T10:19:00Z,4201.0,4201.2001953125,4199.7998046875,4200.5,80.0,yahoo,GC=F
2026-10-02T10:20:00Z,4200.10009765625,4200.7998046875,4198.2001953125,4198.7998046875,217.0,yahoo,GC=F
2026-10-02T10:21:00Z,4198.5,4198.60009765625,4195.39990234375,4196.89990234375,554.0,yahoo,GC=F
2026-10-02T10:22:00Z,4197.0,4198.5,4196.2001953125,4196.7998046875,126.0,yahoo,GC=F
2026-10-02T10:23:00Z,4196.60009765625,4199.39990234375,4196.39990234375,4197.7001953125,86.0,yahoo,GC=F
2026-10-02T10:24:00Z,4198.0,4198.2998046875,4196.0,4198.2998046875,65.0,yahoo,GC=F
2026-10-02T10:25:00Z,4198.2998046875,4200.5,4198.10009765625,4199.5,83.0,yahoo,GC=F
2026-10-02T10:26:00Z,4199.5,4200.2998046875,4199.0,4199.2001953125,51.0,yahoo,GC=F
2026-10-02T10:27:00Z,4198.89990234375,4202.7001953125,4198.60009765625,4202.7001953125,106.0,yahoo,GC=F
2026-10-02T10:28:00Z,4202.7001953125,4203.10009765625,4201.89990234375,4202.89990234375,92.0,yahoo,GC=F
2026-10-02T10:29:00Z,4202.7998046875,4204.0,4202.60009765625,4203.60009765625,69.0,yahoo,GC=F
2026-10-02T10:30:00Z,4203.89990234375,4204.10009765625,4203.0,4203.2001953125,64.0,yahoo,GC=F
2026-10-02T10:31:00Z,4203.5,4204.39990234375,4203.0,4204.0,87.0,yahoo,GC=F
2026-10-02T10:32:00Z,4203.7998046875,4205.0,4203.2998046875,4204.60009765625,79.0,yahoo,GC=F
2026-10-02T10:33:00Z,4203.89990234375,4206.5,4203.89990234375,4206.2001953125,129.0,yahoo,GC=F
2026-10-02T10:34:00Z,4206.7001953125,4207.89990234375,4206.10009765625,4207.7001953125,84.0,yahoo,GC=F
2026-10-02T10:35:00Z,4208.0,4208.5,4207.60009765625,4208.5,73.0,yahoo,GC=F
2026-10-02T10:36:00Z,4208.39990234375,4208.39990234375,4207.5,4208.10009765625,57.0,yahoo,GC=F
2026-10-02T10:37:00Z,4208.5,4209.0,4206.89990234375,4206.89990234375,57.0,yahoo,GC=F
2026-10-02T10:38:00Z,4207.0,4207.7998046875,4206.39990234375,4207.0,50.0,yahoo,GC=F
2026-10-02T10:39:00Z,4207.5,4208.5,4207.5,4207.60009765625,23.0,yahoo,GC=F
2026-10-02T10:40:00Z,4207.89990234375,4208.89990234375,4207.39990234375,4208.60009765625,26.0,yahoo,GC=F
2026-10-02T10:41:00Z,4208.5,4209.89990234375,4208.2998046875,4209.2001953125,49.0,yahoo,GC=F
2026-10-02T10:42:00Z,4209.2998046875,4209.39990234375,4207.89990234375,4208.5,67.0,yahoo,GC=F
2026-10-02T10:43:00Z,4208.7001953125,4210.7001953125,4208.7001953125,4210.2001953125,63.0,yahoo,GC=F
2026-10-02T10:44:00Z,4209.7001953125,4212.5,4209.39990234375,4211.39990234375,69.0,yahoo,GC=F
2026-10-02T10:45:00Z,4211.60009765625,4212.0,4209.7998046875,4209.7998046875,56.0,yahoo,GC=F
2026-10-02T10:46:00Z,4210.0,4210.89990234375,4209.2998046875,4210.2998046875,40.0,yahoo,GC=F
2026-10-02T10:47:00Z,4210.60009765625,4211.89990234375,4210.60009765625,4211.7001953125,46.0,yahoo,GC=F
2026-10-02T10:48:00Z,4211.60009765625,4212.7998046875,4209.7001953125,4210.10009765625,82.0,yahoo,GC=F
2026-10-02T10:49:00Z,4210.2001953125,4211.60009765625,4210.2001953125,4210.5,58.0,yahoo,GC=F
2026-10-02T10:50:00Z,4210.0,4211.7001953125,4209.5,4211.10009765625,72.0,yahoo,GC=F
2026-10-02T10:51:00Z,4211.0,4212.0,4210.5,4211.10009765625,67.0,yahoo,GC=F
2026-10-02T10:52:00Z,4210.60009765625,4211.2998046875,4210.5,4210.7998046875,20.0,yahoo,GC=F
2026-10-02T10:53:00Z,4210.7001953125,4210.7001953125,4209.5,4210.39990234375,28.0,yahoo,GC=F
2026-10-02T10:54:00Z,4210.10009765625,4210.60009765625,4209.2998046875,4210.5,35.0,yahoo,GC=F
2026-10-02T10:55:00Z,4210.5,4210.5,4209.5,4210.39990234375,29.0,yahoo,GC=F
2026-10-02T10:56:00Z,4211.0,4212.5,4211.0,4211.89990234375,69.0,yahoo,GC=F
2026-10-02T10:57:00Z,4212.0,4212.2001953125,4211.60009765625,4211.7001953125,29.0,yahoo,GC=F
2026-10-02T10:58:00Z,4211.7001953125,4212.0,4210.39990234375,4211.60009765625,46.0,yahoo,GC=F
2026-10-02T10:59:00Z,4211.39990234375,4212.7001953125,4211.10009765625,4212.7001953125,36.0,yahoo,GC=F
2026-10-02T11:00:00Z,4212.60009765625,4213.7998046875,4212.10009765625,4213.39990234375,150.0,yahoo,GC=F
2026-10-02T11:01:00Z,4212.89990234375,4214.0,4212.7001953125,4214.0,74.0,yahoo,GC=F
2026-10-02T11:02:00Z,4213.89990234375,4214.60009765625,4212.39990234375,4212.39990234375,192.0,yahoo,GC=F
2026-10-02T11:03:00Z,4212.5,4214.2001953125,4211.7001953125,4214.10009765625,223.0,yahoo,GC=F
2026-10-02T11:04:00Z,4214.10009765625,4215.10009765625,4213.10009765625,4214.2998046875,126.0,yahoo,GC=F
2026-10-02T11:05:00Z,4214.89990234375,4215.2998046875,4213.89990234375,4214.5,37.0,yahoo,GC=F
2026-10-02T11:06:00Z,4214.60009765625,4215.60009765625,4214.2998046875,4215.5,28.0,yahoo,GC=F
2026-10-02T11:07:00Z,4215.7998046875,4217.5,4214.7001953125,4217.2998046875,103.0,yahoo,GC=F
2026-10-02T11:08:00Z,4217.10009765625,4217.2001953125,4216.2001953125,4216.7998046875,51.0,yahoo,GC=F
2026-10-02T11:09:00Z,4216.7998046875,4218.7001953125,4215.2001953125,4217.7001953125,115.0,yahoo,GC=F
2026-10-02T11:10:00Z,4217.2998046875,4217.7001953125,4216.39990234375,4217.7001953125,50.0,yahoo,GC=F
2026-10-02T11:11:00Z,4217.5,4217.89990234375,4214.60009765625,4214.60009765625,67.0,yahoo,GC=F
2026-10-02T11:12:00Z,4213.89990234375,4216.2001953125,4213.7998046875,4214.60009765625,29.0,yahoo,GC=F
2026-10-02T11:13:00Z,4214.89990234375,4215.7001953125,4214.5,4215.2998046875,31.0,yahoo,GC=F
2026-10-02T11:14:00Z,4215.10009765625,4217.5,4214.60009765625,4217.5,55.0,yahoo,GC=F
2026-10-02T11:15:00Z,4217.7998046875,4218.5,4216.5,4218.2001953125,98.0,yahoo,GC=F
2026-10-02T11:16:00Z,4218.60009765625,4218.60009765625,4215.2998046875,4215.5,778.0,yahoo,GC=F
2026-10-02T11:17:00Z,4215.2998046875,4216.2998046875,4213.60009765625,4215.10009765625,490.0,yahoo,GC=F
2026-10-02T11:18:00Z,4214.7998046875,4216.0,4214.10009765625,4216.0,83.0,yahoo,GC=F
2026-10-02T11:19:00Z,4215.7998046875,4216.7998046875,4215.60009765625,4216.5,85.0,yahoo,GC=F
2026-10-02T11:20:00Z,4216.7998046875,4217.10009765625,4216.2998046875,4216.60009765625,12.0,yahoo,GC=F
2026-10-02T11:21:00Z,4215.7001953125,4215.7998046875,4214.2001953125,4214.7998046875,11.0,yahoo,GC=F
2026-10-02T11:22:00Z,4214.7001953125,4214.7998046875,4213.60009765625,4214.60009765625,48.0,yahoo,GC=F
2026-10-02T11:23:00Z,4214.39990234375,4215.0,4214.0,4214.89990234375,38.0,yahoo,GC=F
2026-10-02T11:24:00Z,4214.60009765625,4214.89990234375,4213.7998046875,4214.7998046875,22.0,yahoo,GC=F
2026-10-02T11:25:00Z,4214.7998046875,4216.0,4214.5,4214.60009765625,85.0,yahoo,GC=F
2026-10-02T11:26:00Z,4214.2001953125,4215.60009765625,4213.89990234375,4215.60009765625,20.0,yahoo,GC=F
2026-10-02T11:27:00Z,4214.89990234375,4214.89990234375,4212.39990234375,4212.89990234375,64.0,yahoo,GC=F
2026-10-02T11:28:00Z,4213.0,4213.2001953125,4211.7001953125,4211.7001953125,79.0,yahoo,GC=F
2026-10-02T11:29:00Z,4211.7998046875,4211.7998046875,4210.60009765625,4211.0,80.0,yahoo,GC=F
2026-10-02T11:30:00Z,4210.89990234375,4212.0,4210.5,4210.89990234375,85.0,yahoo,GC=F
2026-10-02T11:31:00Z,4210.7001953125,4211.7001953125,4210.2998046875,4211.7001953125,37.0,yahoo,GC=F
2026-10-02T11:32:00Z,4211.7998046875,4214.2998046875,4210.0,4212.60009765625,179.0,yahoo,GC=F
2026-10-02T11:33:00Z,4212.10009765625,4212.10009765625,4209.7998046875,4210.60009765625,54.0,yahoo,GC=F
2026-10-02T11:34:00Z,4210.89990234375,4210.89990234375,4209.0,4210.60009765625,86.0,yahoo,GC=F
2026-10-02T11:35:00Z,4210.2998046875,4211.7001953125,4210.0,4211.0,11.0,yahoo,GC=F
2026-10-02T11:36:00Z,4210.89990234375,4212.10009765625,4210.89990234375,4212.10009765625,24.0,yahoo,GC=F
2026-10-02T11:37:00Z,4211.89990234375,4211.89990234375,4211.2001953125,4211.2001953125,7.0,yahoo,GC=F
2026-10-02T11:38:00Z,4211.2998046875,4212.0,4211.2001953125,4211.7001953125,12.0,yahoo,GC=F
2026-10-02T11:39:00Z,4211.7001953125,4211.7998046875,4211.2001953125,4211.60009765625,13.0,yahoo,GC=F
2026-10-02T11:40:00Z,4211.7001953125,4212.39990234375,4210.7998046875,4210.7998046875,24.0,yahoo,GC=F
2026-10-02T11:41:00Z,4210.60009765625,4210.89990234375,4209.0,4209.0,34.0,yahoo,GC=F
2026-10-02T11:42:00Z,4208.89990234375,4209.5,4208.39990234375,4208.89990234375,59.0,yahoo,GC=F
2026-10-02T11:43:00Z,4209.39990234375,4210.7998046875,4209.2001953125,4209.2001953125,21.0,yahoo,GC=F
2026-10-02T11:44:00Z,4209.2001953125,4210.2001953125,4209.2001953125,4209.89990234375,23.0,yahoo,GC=F
2026-10-02T11:45:00Z,4209.5,4209.60009765625,4207.7998046875,4208.2998046875,68.0,yahoo,GC=F
2026-10-02T11:46:00Z,4208.5,4209.2001953125,4208.2998046875,4209.0,41.0,yahoo,GC=F
2026-10-02T11:47:00Z,4209.2998046875,4209.2998046875,4208.2001953125,4208.2998046875,17.0,yahoo,GC=F
2026-10-02T11:48:00Z,4208.7001953125,4209.0,4208.2001953125,4208.5,18.0,yahoo,GC=F
2026-10-02T11:49:00Z,4208.7998046875,4209.7001953125,4208.5,4209.2998046875,36.0,yahoo,GC=F
2026-10-02T11:50:00Z,4209.2998046875,4209.60009765625,4207.7001953125,4208.2998046875,61.0,yahoo,GC=F
2026-10-02T11:51:00Z,4208.5,4208.5,4206.89990234375,4207.2998046875,85.0,yahoo,GC=F
2026-10-02T11:52:00Z,4207.39990234375,4211.60009765625,4207.2998046875,4210.89990234375,112.0,yahoo,GC=F
2026-10-02T11:53:00Z,4210.89990234375,4211.5,4209.89990234375,4210.39990234375,57.0,yahoo,GC=F
2026-10-02T11:54:00Z,4210.10009765625,4212.2001953125,4210.10009765625,4212.2001953125,49.0,yahoo,GC=F
2026-10-02T11:55:00Z,4212.10009765625,4212.89990234375,4210.7001953125,4210.7001953125,66.0,yahoo,GC=F
2026-10-02T11:56:00Z,4211.0,4213.5,4211.0,4213.10009765625,70.0,yahoo,GC=F
2026-10-02T11:57:00Z,4213.60009765625,4215.39990234375,4213.39990234375,4213.89990234375,78.0,yahoo,GC=F
2026-10-02T11:58:00Z,4213.60009765625,4213.7001953125,4212.5,4213.2998046875,31.0,yahoo,GC=F
2026-10-02T11:59:00Z,4213.2998046875,4213.2998046875,4211.39990234375,4211.60009765625,70.0,yahoo,GC=F
2026-10-02T12:00:00Z,4211.2998046875,4211.60009765625,4210.2998046875,4210.89990234375,84.0,yahoo,GC=F
2026-10-02T12:01:00Z,4210.39990234375,4210.7998046875,4209.7001953125,4210.60009765625,64.0,yahoo,GC=F
2026-10-02T12:02:00Z,4210.60009765625,4211.10009765625,4209.0,4209.5,60.0,yahoo,GC=F
2026-10-02T12:03:00Z,4209.60009765625,4209.60009765625,4207.7001953125,4208.2998046875,51.0,yahoo,GC=F
2026-10-02T12:04:00Z,4208.5,4209.0,4207.7998046875,4208.5,28.0,yahoo,GC=F
2026-10-02T12:05:00Z,4208.2998046875,4210.7001953125,4208.2998046875,4209.60009765625,65.0,yahoo,GC=F
2026-10-02T12:06:00Z,4209.10009765625,4211.2998046875,4209.10009765625,4211.2998046875,46.0,yahoo,GC=F
2026-10-02T12:07:00Z,4211.10009765625,4211.2001953125,4209.39990234375,4210.2998046875,256.0,yahoo,GC=F
2026-10-02T12:08:00Z,4210.5,4212.0,4210.0,4212.0,49.0,yahoo,GC=F
2026-10-02T12:09:00Z,4211.7998046875,4211.7998046875,4208.7001953125,4208.7001953125,65.0,yahoo,GC=F
2026-10-02T12:10:00Z,4209.0,4209.7001953125,4208.10009765625,4208.7001953125,42.0,yahoo,GC=F
2026-10-02T12:11:00Z,4209.0,4209.10009765625,4206.10009765625,4206.2998046875,61.0,yahoo,GC=F
2026-10-02T12:12:00Z,4206.60009765625,4206.7001953125,4205.0,4205.7998046875,151.0,yahoo,GC=F
2026-10-02T12:13:00Z,4205.5,4206.10009765625,4204.7998046875,4205.10009765625,86.0,yahoo,GC=F
2026-10-02T12:14:00Z,4204.39990234375,4207.89990234375,4204.39990234375,4207.5,101.0,yahoo,GC=F
2026-10-02T12:15:00Z,4207.39990234375,4207.39990234375,4205.89990234375,4206.89990234375,54.0,yahoo,GC=F
2026-10-02T12:16:00Z,4206.7998046875,4208.0,4206.10009765625,4207.2998046875,52.0,yahoo,GC=F
2026-10-02T12:17:00Z,4207.0,4207.60009765625,4206.2001953125,4207.2001953125,79.0,yahoo,GC=F
2026-10-02T12:18:00Z,4208.2001953125,4210.10009765625,4207.2998046875,4210.10009765625,144.0,yahoo,GC=F
2026-10-02T12:19:00Z,4210.10009765625,4212.5,4208.89990234375,4210.2998046875,257.0,yahoo,GC=F
2026-10-02T12:20:00Z,4210.10009765625,4211.7001953125,4208.10009765625,4208.7998046875,200.0,yahoo,GC=F
2026-10-02T12:21:00Z,4208.89990234375,4211.7998046875,4208.7001953125,4211.7001953125,160.0,yahoo,GC=F
2026-10-02T12:22:00Z,4211.2001953125,4212.60009765625,4209.2998046875,4209.2998046875,115.0,yahoo,GC=F
2026-10-02T12:23:00Z,4209.7998046875,4210.0,4207.7998046875,4209.0,95.0,yahoo,GC=F
2026-10-02T12:24:00Z,4208.39990234375,4210.2001953125,4207.10009765625,4207.2001953125,110.0,yahoo,GC=F
2026-10-02T12:25:00Z,4207.10009765625,4209.60009765625,4205.5,4209.0,127.0,yahoo,GC=F
2026-10-02T12:26:00Z,4209.5,4211.2998046875,4209.2998046875,4210.0,102.0,yahoo,GC=F
2026-10-02T12:27:00Z,4209.7001953125,4212.2001953125,4209.5,4211.5,101.0,yahoo,GC=F
2026-10-02T12:28:00Z,4211.7001953125,4212.2998046875,4209.5,4211.39990234375,125.0,yahoo,GC=F
2026-10-02T12:29:00Z,4211.2001953125,4216.2998046875,4210.7998046875,4216.10009765625,204.0,yahoo,GC=F
2026-10-02T12:30:00Z,4216.5,4259.0,4216.5,4244.2001953125,4623.0,yahoo,GC=F
2026-10-02T12:31:00Z,4245.10009765625,4255.2998046875,4242.39990234375,4248.89990234375,1155.0,yahoo,GC=F
2026-10-02T12:32:00Z,4248.5,4256.2001953125,4247.7998046875,4250.60009765625,1388.0,yahoo,GC=F
2026-10-02T12:33:00Z,4250.39990234375,4252.0,4239.39990234375,4242.60009765625,1132.0,yahoo,GC=F
2026-10-02T12:34:00Z,4242.5,4253.2998046875,4242.10009765625,4252.7001953125,786.0,yahoo,GC=F
2026-10-02T12:35:00Z,4252.7001953125,4256.2998046875,4249.39990234375,4255.10009765625,1016.0,yahoo,GC=F
2026-10-02T12:36:00Z,4254.89990234375,4255.2998046875,4247.60009765625,4250.89990234375,816.0,yahoo,GC=F
2026-10-02T12:37:00Z,4250.7998046875,4252.7001953125,4245.10009765625,4252.60009765625,575.0,yahoo,GC=F
2026-10-02T12:38:00Z,4252.60009765625,4254.0,4249.2001953125,4250.60009765625,463.0,yahoo,GC=F
2026-10-02T12:39:00Z,4250.39990234375,4250.5,4247.5,4248.10009765625,459.0,yahoo,GC=F
2026-10-02T12:40:00Z,4248.2998046875,4249.0,4241.2998046875,4242.7001953125,498.0,yahoo,GC=F
2026-10-02T12:41:00Z,4242.89990234375,4244.10009765625,4237.0,4238.60009765625,316.0,yahoo,GC=F
2026-10-02T12:42:00Z,4238.7998046875,4240.2001953125,4236.10009765625,4238.10009765625,304.0,yahoo,GC=F
2026-10-02T12:43:00Z,4237.89990234375,4243.89990234375,4237.7998046875,4241.7001953125,974.0,yahoo,GC=F
2026-10-02T12:44:00Z,4241.7001953125,4247.0,4239.7998046875,4240.89990234375,604.0,yahoo,GC=F
2026-10-02T12:45:00Z,4241.10009765625,4242.7998046875,4237.60009765625,4238.7998046875,328.0,yahoo,GC=F
2026-10-02T12:46:00Z,4239.10009765625,4245.2998046875,4238.89990234375,4243.89990234375,413.0,yahoo,GC=F
2026-10-02T12:47:00Z,4243.2998046875,4244.7998046875,4241.5,4243.0,168.0,yahoo,GC=F
2026-10-02T12:48:00Z,4242.89990234375,4242.89990234375,4240.10009765625,4240.7998046875,210.0,yahoo,GC=F
2026-10-02T12:49:00Z,4241.0,4244.7001953125,4240.7998046875,4241.60009765625,245.0,yahoo,GC=F
2026-10-02T12:50:00Z,4241.5,4245.7998046875,4239.10009765625,4242.2001953125,290.0,yahoo,GC=F
2026-10-02T12:51:00Z,4242.5,4242.5,4235.5,4236.5,499.0,yahoo,GC=F
2026-10-02T12:52:00Z,4236.2001953125,4237.0,4234.10009765625,4235.60009765625,392.0,yahoo,GC=F
2026-10-02T12:53:00Z,4235.7001953125,4238.0,4234.39990234375,4237.89990234375,237.0,yahoo,GC=F
2026-10-02T12:54:00Z,4238.60009765625,4242.2998046875,4238.10009765625,4241.89990234375,532.0,yahoo,GC=F
2026-10-02T12:55:00Z,4241.5,4244.10009765625,4240.89990234375,4240.89990234375,253.0,yahoo,GC=F
2026-10-02T12:56:00Z,4241.0,4245.39990234375,4238.39990234375,4245.2001953125,372.0,yahoo,GC=F
2026-10-02T12:57:00Z,4245.0,4245.2998046875,4241.2001953125,4243.60009765625,567.0,yahoo,GC=F
2026-10-02T12:58:00Z,4243.7998046875,4249.7998046875,4243.7001953125,4249.5,383.0,yahoo,GC=F
2026-10-02T12:59:00Z,4250.0,4250.7001953125,4245.60009765625,4248.2001953125,367.0,yahoo,GC=F
2026-10-02T13:00:00Z,4248.39990234375,4251.7998046875,4246.2998046875,4247.89990234375,742.0,yahoo,GC=F
2026-10-02T13:01:00Z,4248.2998046875,4254.2998046875,4248.2998046875,4253.39990234375,494.0,yahoo,GC=F
2026-10-02T13:02:00Z,4253.2001953125,4255.89990234375,4252.2001953125,4252.89990234375,690.0,yahoo,GC=F
2026-10-02T13:03:00Z,4252.60009765625,4254.10009765625,4249.10009765625,4253.60009765625,405.0,yahoo,GC=F
2026-10-02T13:04:00Z,4253.7001953125,4254.2998046875,4249.5,4250.39990234375,397.0,yahoo,GC=F
2026-10-02T13:05:00Z,4249.5,4250.89990234375,4243.5,4245.0,428.0,yahoo,GC=F
2026-10-02T13:06:00Z,4245.2998046875,4247.2998046875,4240.60009765625,4240.7998046875,497.0,yahoo,GC=F
2026-10-02T13:07:00Z,4240.60009765625,4241.2001953125,4234.7998046875,4236.7998046875,527.0,yahoo,GC=F
2026-10-02T13:08:00Z,4237.2001953125,4237.2001953125,4234.0,4236.60009765625,238.0,yahoo,GC=F
2026-10-02T13:09:00Z,4236.5,4237.60009765625,4234.7001953125,4234.7001953125,267.0,yahoo,GC=F
2026-10-02T13:10:00Z,4234.39990234375,4235.7001953125,4232.7001953125,4235.7001953125,305.0,yahoo,GC=F
2026-10-02T13:11:00Z,4235.39990234375,4235.5,4231.89990234375,4232.7998046875,244.0,yahoo,GC=F
2026-10-02T13:12:00Z,4232.89990234375,4233.60009765625,4228.7998046875,4229.2001953125,522.0,yahoo,GC=F
2026-10-02T13:13:00Z,4228.7998046875,4230.0,4227.60009765625,4228.5,293.0,yahoo,GC=F
2026-10-02T13:14:00Z,4228.5,4229.0,4225.0,4225.39990234375,412.0,yahoo,GC=F
2026-10-02T13:15:00Z,4225.2998046875,4226.2001953125,4222.2998046875,4222.89990234375,438.0,yahoo,GC=F
2026-10-02T13:16:00Z,4223.2001953125,4224.60009765625,4221.2001953125,4223.89990234375,481.0,yahoo,GC=F
2026-10-02T13:17:00Z,4223.89990234375,4225.89990234375,4222.2001953125,4222.2001953125,249.0,yahoo,GC=F
2026-10-02T13:18:00Z,4223.0,4223.7001953125,4221.2998046875,4221.7001953125,213.0,yahoo,GC=F
2026-10-02T13:19:00Z,4221.7998046875,4223.2998046875,4219.7998046875,4220.5,441.0,yahoo,GC=F
2026-10-02T13:20:00Z,4220.7001953125,4221.7998046875,4219.2998046875,4220.2998046875,264.0,yahoo,GC=F
2026-10-02T13:21:00Z,4220.7998046875,4222.7001953125,4217.60009765625,4218.0,229.0,yahoo,GC=F
2026-10-02T13:22:00Z,4217.89990234375,4219.39990234375,4215.2001953125,4216.2998046875,603.0,yahoo,GC=F
2026-10-02T13:23:00Z,4216.2001953125,4216.7998046875,4213.2001953125,4216.2998046875,576.0,yahoo,GC=F
2026-10-02T13:24:00Z,4215.89990234375,4220.39990234375,4215.10009765625,4220.39990234375,289.0,yahoo,GC=F
2026-10-02T13:25:00Z,4219.7001953125,4223.0,4219.0,4222.2001953125,272.0,yahoo,GC=F
2026-10-02T13:26:00Z,4222.2001953125,4222.60009765625,4218.7998046875,4219.0,179.0,yahoo,GC=F
2026-10-02T13:27:00Z,4219.2998046875,4222.10009765625,4219.0,4221.7001953125,177.0,yahoo,GC=F
2026-10-02T13:28:00Z,4222.10009765625,4223.0,4221.2998046875,4223.0,264.0,yahoo,GC=F
2026-10-02T13:29:00Z,4223.0,4224.7998046875,4222.2001953125,4222.7001953125,365.0,yahoo,GC=F
2026-10-02T13:30:00Z,4223.2998046875,4224.2001953125,4220.0,4220.10009765625,439.0,yahoo,GC=F
2026-10-02T13:31:00Z,4220.2001953125,4223.5,4218.0,4222.10009765625,392.0,yahoo,GC=F
2026-10-02T13:32:00Z,4221.10009765625,4225.7001953125,4220.89990234375,4223.5,314.0,yahoo,GC=F
2026-10-02T13:33:00Z,4224.10009765625,4226.10009765625,4222.7001953125,4224.7998046875,382.0,yahoo,GC=F
2026-10-02T13:34:00Z,4225.60009765625,4227.10009765625,4224.0,4224.5,278.0,yahoo,GC=F
2026-10-02T13:35:00Z,4224.39990234375,4225.7998046875,4222.10009765625,4223.2001953125,285.0,yahoo,GC=F
2026-10-02T13:36:00Z,4223.2001953125,4225.2998046875,4221.39990234375,4223.2998046875,247.0,yahoo,GC=F
2026-10-02T13:37:00Z,4223.7001953125,4229.0,4223.39990234375,4226.2998046875,524.0,yahoo,GC=F
2026-10-02T13:38:00Z,4226.60009765625,4229.39990234375,4223.7998046875,4228.7998046875,310.0,yahoo,GC=F
2026-10-02T13:39:00Z,4228.7998046875,4231.60009765625,4226.60009765625,4229.2001953125,276.0,yahoo,GC=F
2026-10-02T13:40:00Z,4229.2998046875,4229.39990234375,4222.5,4224.2001953125,313.0,yahoo,GC=F
2026-10-02T13:41:00Z,4224.10009765625,4224.5,4219.2998046875,4222.60009765625,248.0,yahoo,GC=F
2026-10-02T13:42:00Z,4222.60009765625,4224.2998046875,4219.89990234375,4219.89990234375,248.0,yahoo,GC=F
2026-10-02T13:43:00Z,4220.0,4220.39990234375,4216.2998046875,4216.2998046875,276.0,yahoo,GC=F
2026-10-02T13:44:00Z,4215.7001953125,4218.89990234375,4212.5,4216.10009765625,458.0,yahoo,GC=F
2026-10-02T13:45:00Z,4215.60009765625,4222.10009765625,4214.39990234375,4219.2001953125,372.0,yahoo,GC=F
2026-10-02T13:46:00Z,4218.5,4220.39990234375,4216.7998046875,4217.7001953125,165.0,yahoo,GC=F
2026-10-02T13:47:00Z,4217.7998046875,4220.89990234375,4216.60009765625,4220.5,129.0,yahoo,GC=F
2026-10-02T13:48:00Z,4220.7998046875,4221.7998046875,4218.2998046875,4218.2998046875,284.0,yahoo,GC=F
2026-10-02T13:49:00Z,4218.7001953125,4222.5,4215.7998046875,4221.0,231.0,yahoo,GC=F
2026-10-02T13:50:00Z,4220.89990234375,4222.89990234375,4217.10009765625,4222.5,234.0,yahoo,GC=F
2026-10-02T13:51:00Z,4222.39990234375,4222.39990234375,4219.60009765625,4219.60009765625,177.0,yahoo,GC=F
2026-10-02T13:52:00Z,4220.0,4221.2998046875,4215.0,4216.0,387.0,yahoo,GC=F
2026-10-02T13:53:00Z,4216.10009765625,4216.10009765625,4211.60009765625,4212.10009765625,392.0,yahoo,GC=F
2026-10-02T13:54:00Z,4212.2001953125,4214.7998046875,4211.7998046875,4213.5,296.0,yahoo,GC=F
2026-10-02T13:55:00Z,4214.2001953125,4214.2998046875,4207.7001953125,4208.39990234375,683.0,yahoo,GC=F
2026-10-02T13:56:00Z,4209.10009765625,4211.0,4207.7001953125,4210.2998046875,278.0,yahoo,GC=F
2026-10-02T13:57:00Z,4210.39990234375,4218.7998046875,4209.10009765625,4216.89990234375,863.0,yahoo,GC=F
2026-10-02T13:58:00Z,4216.89990234375,4221.5,4216.7001953125,4221.2998046875,479.0,yahoo,GC=F
2026-10-02T13:59:00Z,4221.2998046875,4221.5,4218.2998046875,4220.5,259.0,yahoo,GC=F
2026-10-02T14:00:00Z,4220.60009765625,4221.7998046875,4211.89990234375,4214.89990234375,451.0,yahoo,GC=F
2026-10-02T14:01:00Z,4216.5,4217.39990234375,4212.60009765625,4214.2001953125,392.0,yahoo,GC=F
2026-10-02T14:02:00Z,4214.10009765625,4220.2998046875,4213.60009765625,4219.39990234375,387.0,yahoo,GC=F
2026-10-02T14:03:00Z,4219.7998046875,4223.10009765625,4219.10009765625,4221.7001953125,548.0,yahoo,GC=F
2026-10-02T14:04:00Z,4221.7001953125,4226.60009765625,4221.7001953125,4223.7998046875,545.0,yahoo,GC=F
2026-10-02T14:05:00Z,4223.89990234375,4225.10009765625,4220.0,4221.7001953125,493.0,yahoo,GC=F
2026-10-02T14:06:00Z,4221.7998046875,4222.10009765625,4213.5,4213.60009765625,444.0,yahoo,GC=F
2026-10-02T14:07:00Z,4212.60009765625,4217.2001953125,4212.60009765625,4215.5,225.0,yahoo,GC=F
2026-10-02T14:08:00Z,4215.0,4216.2998046875,4213.10009765625,4214.0,194.0,yahoo,GC=F
2026-10-02T14:09:00Z,4214.2998046875,4217.2998046875,4212.39990234375,4212.5,214.0,yahoo,GC=F
2026-10-02T14:10:00Z,4212.2001953125,4215.5,4210.7001953125,4215.0,274.0,yahoo,GC=F
2026-10-02T14:11:00Z,4215.0,4215.0,4209.10009765625,4210.10009765625,327.0,yahoo,GC=F
2026-10-02T14:12:00Z,4210.2001953125,4213.7998046875,4209.2001953125,4213.2998046875,260.0,yahoo,GC=F
2026-10-02T14:13:00Z,4213.2001953125,4215.10009765625,4212.89990234375,4214.10009765625,104.0,yahoo,GC=F
2026-10-02T14:14:00Z,4213.7998046875,4219.7998046875,4213.5,4218.60009765625,198.0,yahoo,GC=F
2026-10-02T14:15:00Z,4218.60009765625,4220.2001953125,4216.10009765625,4217.0,232.0,yahoo,GC=F
2026-10-02T14:16:00Z,4216.5,4217.5,4215.2001953125,4215.39990234375,175.0,yahoo,GC=F
2026-10-02T14:17:00Z,4215.0,4217.7998046875,4214.60009765625,4215.2998046875,237.0,yahoo,GC=F
2026-10-02T14:18:00Z,4216.10009765625,4217.89990234375,4216.10009765625,4217.5,84.0,yahoo,GC=F
2026-10-02T14:19:00Z,4217.5,4221.7001953125,4215.89990234375,4221.5,227.0,yahoo,GC=F
2026-10-02T14:20:00Z,4221.5,4222.89990234375,4216.60009765625,4217.2001953125,242.0,yahoo,GC=F
2026-10-02T14:21:00Z,4217.10009765625,4217.60009765625,4214.89990234375,4215.2998046875,236.0,yahoo,GC=F
2026-10-02T14:22:00Z,4214.7998046875,4215.7001953125,4211.2998046875,4211.89990234375,244.0,yahoo,GC=F
2026-10-02T14:23:00Z,4212.10009765625,4212.7998046875,4210.2998046875,4211.7001953125,207.0,yahoo,GC=F
2026-10-02T14:24:00Z,4211.10009765625,4213.2001953125,4211.10009765625,4212.60009765625,154.0,yahoo,GC=F
2026-10-02T14:25:00Z,4212.10009765625,4212.7001953125,4206.7998046875,4208.0,435.0,yahoo,GC=F
2026-10-02T14:26:00Z,4207.5,4210.2001953125,4206.7998046875,4208.39990234375,208.0,yahoo,GC=F
2026-10-02T14:27:00Z,4208.39990234375,4209.10009765625,4205.7998046875,4206.5,136.0,yahoo,GC=F
2026-10-02T14:28:00Z,4206.39990234375,4206.60009765625,4203.2001953125,4204.7998046875,534.0,yahoo,GC=F
2026-10-02T14:29:00Z,4204.7001953125,4206.2998046875,4203.39990234375,4203.39990234375,252.0,yahoo,GC=F
2026-10-02T14:30:00Z,4203.7001953125,4203.7998046875,4198.2001953125,4201.2998046875,982.0,yahoo,GC=F
2026-10-02T14:31:00Z,4201.2998046875,4201.60009765625,4199.2998046875,4200.7001953125,354.0,yahoo,GC=F
2026-10-02T14:32:00Z,4200.7998046875,4204.5,4200.60009765625,4202.60009765625,336.0,yahoo,GC=F
2026-10-02T14:33:00Z,4202.5,4203.2001953125,4200.2001953125,4202.5,312.0,yahoo,GC=F
2026-10-02T14:34:00Z,4202.39990234375,4205.5,4199.10009765625,4205.39990234375,364.0,yahoo,GC=F
2026-10-02T14:35:00Z,4204.7998046875,4208.2998046875,4203.7001953125,4206.7001953125,304.0,yahoo,GC=F
2026-10-02T14:36:00Z,4206.39990234375,4206.39990234375,4204.0,4205.7001953125,183.0,yahoo,GC=F
2026-10-02T14:37:00Z,4205.7001953125,4206.7001953125,4201.2001953125,4201.5,201.0,yahoo,GC=F
2026-10-02T14:38:00Z,4201.10009765625,4202.89990234375,4201.0,4202.89990234375,150.0,yahoo,GC=F
2026-10-02T14:39:00Z,4203.2001953125,4206.5,4203.2001953125,4204.2001953125,266.0,yahoo,GC=F
2026-10-02T14:40:00Z,4204.7998046875,4207.0,4204.60009765625,4207.0,86.0,yahoo,GC=F
2026-10-02T14:41:00Z,4207.2998046875,4208.7998046875,4205.7001953125,4208.2998046875,138.0,yahoo,GC=F
2026-10-02T14:42:00Z,4208.39990234375,4210.7998046875,4207.60009765625,4208.7001953125,307.0,yahoo,GC=F
2026-10-02T14:43:00Z,4208.39990234375,4208.60009765625,4206.0,4207.0,203.0,yahoo,GC=F
2026-10-02T14:44:00Z,4207.39990234375,4207.7998046875,4204.2001953125,4205.60009765625,83.0,yahoo,GC=F
2026-10-02T14:45:00Z,4205.2001953125,4205.39990234375,4202.39990234375,4202.89990234375,152.0,yahoo,GC=F
2026-10-02T14:46:00Z,4202.7998046875,4205.7001953125,4202.7998046875,4204.7998046875,105.0,yahoo,GC=F
2026-10-02T14:47:00Z,4203.89990234375,4206.10009765625,4203.89990234375,4205.0,46.0,yahoo,GC=F
2026-10-02T14:48:00Z,4205.10009765625,4205.2998046875,4201.60009765625,4202.60009765625,126.0,yahoo,GC=F
2026-10-02T14:49:00Z,4202.7001953125,4203.2001953125,4199.7001953125,4200.2001953125,197.0,yahoo,GC=F
2026-10-02T14:50:00Z,4199.89990234375,4200.2001953125,4195.89990234375,4198.39990234375,351.0,yahoo,GC=F
2026-10-02T14:51:00Z,4198.2001953125,4199.89990234375,4198.0,4199.60009765625,172.0,yahoo,GC=F
2026-10-02T14:52:00Z,4199.60009765625,4199.7001953125,4190.2001953125,4193.2001953125,1045.0,yahoo,GC=F
2026-10-02T14:53:00Z,4193.2998046875,4194.2998046875,4189.89990234375,4191.7998046875,803.0,yahoo,GC=F
2026-10-02T14:54:00Z,4191.7998046875,4192.39990234375,4187.0,4187.10009765625,391.0,yahoo,GC=F
2026-10-02T14:55:00Z,4186.89990234375,4187.2998046875,4185.10009765625,4186.7001953125,550.0,yahoo,GC=F
2026-10-02T14:56:00Z,4187.0,4189.2001953125,4185.5,4188.5,327.0,yahoo,GC=F
2026-10-02T14:57:00Z,4188.2998046875,4188.7001953125,4185.89990234375,4187.2001953125,224.0,yahoo,GC=F
2026-10-02T14:58:00Z,4187.0,4187.2001953125,4184.5,4187.0,209.0,yahoo,GC=F
2026-10-02T14:59:00Z,4186.2998046875,4188.39990234375,4185.7998046875,4188.2001953125,186.0,yahoo,GC=F
2026-10-02T15:00:00Z,4188.5,4189.39990234375,4185.89990234375,4185.89990234375,216.0,yahoo,GC=F
2026-10-02T15:01:00Z,4185.7998046875,4185.89990234375,4180.7001953125,4181.5,702.0,yahoo,GC=F
2026-10-02T15:02:00Z,4181.0,4184.60009765625,4179.2001953125,4182.2001953125,727.0,yahoo,GC=F
2026-10-02T15:03:00Z,4182.89990234375,4183.39990234375,4178.60009765625,4180.39990234375,318.0,yahoo,GC=F
2026-10-02T15:04:00Z,4180.2998046875,4181.7001953125,4179.2998046875,4181.0,370.0,yahoo,GC=F
2026-10-02T15:05:00Z,4181.2001953125,4183.10009765625,4180.89990234375,4181.7998046875,320.0,yahoo,GC=F
2026-10-02T15:06:00Z,4181.39990234375,4181.5,4174.10009765625,4176.7998046875,756.0,yahoo,GC=F
2026-10-02T15:07:00Z,4176.7001953125,4176.7001953125,4173.2998046875,4175.5,340.0,yahoo,GC=F
2026-10-02T15:08:00Z,4175.7001953125,4178.2001953125,4174.2001953125,4177.7001953125,372.0,yahoo,GC=F
2026-10-02T15:09:00Z,4177.5,4177.89990234375,4173.39990234375,4176.2001953125,319.0,yahoo,GC=F
2026-10-02T15:10:00Z,4176.2001953125,4178.0,4173.2998046875,4175.10009765625,262.0,yahoo,GC=F
2026-10-02T15:11:00Z,4175.0,4175.39990234375,4171.7001953125,4172.5,477.0,yahoo,GC=F
2026-10-02T15:12:00Z,4172.89990234375,4173.60009765625,4171.10009765625,4173.10009765625,265.0,yahoo,GC=F
2026-10-02T15:13:00Z,4173.0,4174.60009765625,4172.39990234375,4173.7998046875,286.0,yahoo,GC=F
2026-10-02T15:14:00Z,4173.89990234375,4175.7998046875,4172.39990234375,4174.2998046875,328.0,yahoo,GC=F
2026-10-02T15:15:00Z,4173.60009765625,4175.7001953125,4169.2998046875,4171.39990234375,506.0,yahoo,GC=F
2026-10-02T15:16:00Z,4171.39990234375,4172.5,4167.10009765625,4168.60009765625,665.0,yahoo,GC=F
2026-10-02T15:17:00Z,4168.60009765625,4172.10009765625,4168.10009765625,4170.7998046875,392.0,yahoo,GC=F
2026-10-02T15:18:00Z,4170.7001953125,4173.7001953125,4170.0,4171.7998046875,295.0,yahoo,GC=F
2026-10-02T15:19:00Z,4172.2001953125,4173.2998046875,4169.2001953125,4171.7998046875,259.0,yahoo,GC=F
2026-10-02T15:20:00Z,4171.60009765625,4173.2001953125,4169.2001953125,4171.10009765625,223.0,yahoo,GC=F
2026-10-02T15:21:00Z,4170.7998046875,4174.2001953125,4168.5,4171.39990234375,383.0,yahoo,GC=F
2026-10-02T15:22:00Z,4171.39990234375,4173.39990234375,4170.7998046875,4171.2001953125,153.0,yahoo,GC=F
2026-10-02T15:23:00Z,4171.10009765625,4172.7998046875,4169.5,4171.7001953125,210.0,yahoo,GC=F
2026-10-02T15:24:00Z,4172.0,4172.0,4165.60009765625,4166.10009765625,413.0,yahoo,GC=F
2026-10-02T15:25:00Z,4165.89990234375,4166.7001953125,4161.7001953125,4166.10009765625,847.0,yahoo,GC=F
2026-10-02T15:26:00Z,4166.5,4170.89990234375,4166.0,4170.60009765625,426.0,yahoo,GC=F
2026-10-02T15:27:00Z,4170.39990234375,4173.7998046875,4170.2001953125,4172.5,274.0,yahoo,GC=F
2026-10-02T15:28:00Z,4172.2001953125,4172.89990234375,4170.39990234375,4171.2001953125,252.0,yahoo,GC=F
2026-10-02T15:29:00Z,4170.89990234375,4172.39990234375,4169.5,4171.2001953125,443.0,yahoo,GC=F
2026-10-02T15:30:00Z,4171.0,4171.10009765625,4168.39990234375,4170.60009765625,325.0,yahoo,GC=F
2026-10-02T15:31:00Z,4170.2998046875,4171.5,4168.60009765625,4170.39990234375,202.0,yahoo,GC=F
2026-10-02T15:32:00Z,4170.7001953125,4174.89990234375,4169.89990234375,4173.10009765625,247.0,yahoo,GC=F
2026-10-02T15:33:00Z,4172.5,4176.0,4171.7998046875,4175.7998046875,525.0,yahoo,GC=F
2026-10-02T15:34:00Z,4175.60009765625,4176.39990234375,4174.2998046875,4175.10009765625,389.0,yahoo,GC=F
2026-10-02T15:35:00Z,4175.39990234375,4176.0,4173.2001953125,4173.5,304.0,yahoo,GC=F
2026-10-02T15:36:00Z,4173.7998046875,4176.2001953125,4173.0,4173.5,274.0,yahoo,GC=F
2026-10-02T15:37:00Z,4173.60009765625,4174.7998046875,4171.89990234375,4172.7001953125,177.0,yahoo,GC=F
2026-10-02T15:38:00Z,4172.5,4172.5,4170.0,4171.60009765625,220.0,yahoo,GC=F
2026-10-02T15:39:00Z,4171.10009765625,4172.10009765625,4167.5,4167.7001953125,272.0,yahoo,GC=F
2026-10-02T15:40:00Z,4167.7001953125,4169.89990234375,4167.0,4167.60009765625,196.0,yahoo,GC=F
2026-10-02T15:41:00Z,4167.39990234375,4167.89990234375,4165.60009765625,4167.89990234375,190.0,yahoo,GC=F
2026-10-02T15:42:00Z,4167.60009765625,4168.0,4165.0,4167.2998046875,212.0,yahoo,GC=F
2026-10-02T15:43:00Z,4167.10009765625,4168.60009765625,4166.60009765625,4168.39990234375,149.0,yahoo,GC=F
2026-10-02T15:44:00Z,4168.39990234375,4168.39990234375,4163.0,4163.60009765625,230.0,yahoo,GC=F
2026-10-02T15:45:00Z,4163.60009765625,4165.39990234375,4160.7001953125,4161.2998046875,602.0,yahoo,GC=F
2026-10-02T15:46:00Z,4161.39990234375,4163.10009765625,4160.2998046875,4161.2001953125,371.0,yahoo,GC=F
2026-10-02T15:47:00Z,4161.60009765625,4163.7998046875,4160.89990234375,4162.7998046875,216.0,yahoo,GC=F
2026-10-02T15:48:00Z,4162.39990234375,4167.2998046875,4162.2998046875,4166.39990234375,191.0,yahoo,GC=F
2026-10-02T15:49:00Z,4166.0,4166.0,4162.7001953125,4163.89990234375,205.0,yahoo,GC=F
2026-10-02T15:50:00Z,4164.2001953125,4165.7998046875,4161.10009765625,4162.0,208.0,yahoo,GC=F
2026-10-02T15:51:00Z,4162.10009765625,4163.60009765625,4160.89990234375,4161.7001953125,156.0,yahoo,GC=F
2026-10-02T15:52:00Z,4161.7001953125,4161.7001953125,4158.10009765625,4161.0,384.0,yahoo,GC=F
2026-10-02T15:53:00Z,4160.5,4161.7998046875,4157.39990234375,4157.89990234375,306.0,yahoo,GC=F
2026-10-02T15:54:00Z,4157.7001953125,4160.10009765625,4157.7001953125,4159.2001953125,219.0,yahoo,GC=F
2026-10-02T15:55:00Z,4159.0,4159.89990234375,4157.7998046875,4159.2998046875,126.0,yahoo,GC=F
2026-10-02T15:56:00Z,4159.2998046875,4160.5,4157.39990234375,4157.7998046875,185.0,yahoo,GC=F
2026-10-02T15:57:00Z,4157.60009765625,4158.0,4153.7998046875,4156.0,458.0,yahoo,GC=F
2026-10-02T15:58:00Z,4155.5,4156.60009765625,4154.7998046875,4155.2998046875,130.0,yahoo,GC=F
2026-10-02T15:59:00Z,4155.10009765625,4156.60009765625,4154.5,4156.10009765625,231.0,yahoo,GC=F
2026-10-02T16:00:00Z,4156.2998046875,4159.10009765625,4155.89990234375,4157.0,346.0,yahoo,GC=F
2026-10-02T16:01:00Z,4157.60009765625,4159.60009765625,4156.5,4159.10009765625,244.0,yahoo,GC=F
2026-10-02T16:02:00Z,4159.2998046875,4159.7998046875,4154.60009765625,4158.39990234375,575.0,yahoo,GC=F
2026-10-02T16:03:00Z,4158.2998046875,4160.5,4157.2001953125,4158.5,194.0,yahoo,GC=F
2026-10-02T16:04:00Z,4158.2001953125,4159.7998046875,4156.7001953125,4159.2998046875,103.0,yahoo,GC=F
2026-10-02T16:05:00Z,4158.7998046875,4159.60009765625,4156.2998046875,4158.7998046875,140.0,yahoo,GC=F
2026-10-02T16:06:00Z,4158.89990234375,4161.10009765625,4158.89990234375,4160.0,165.0,yahoo,GC=F
2026-10-02T16:07:00Z,4159.89990234375,4163.2998046875,4159.7001953125,4161.60009765625,179.0,yahoo,GC=F
2026-10-02T16:08:00Z,4161.5,4163.39990234375,4158.89990234375,4162.7001953125,276.0,yahoo,GC=F
2026-10-02T16:09:00Z,4163.0,4164.5,4162.2001953125,4163.2998046875,248.0,yahoo,GC=F
2026-10-02T16:10:00Z,4163.5,4164.2001953125,4161.7998046875,4163.5,197.0,yahoo,GC=F
2026-10-02T16:11:00Z,4163.60009765625,4164.0,4162.5,4162.5,118.0,yahoo,GC=F
2026-10-02T16:12:00Z,4162.39990234375,4163.89990234375,4160.89990234375,4161.2998046875,150.0,yahoo,GC=F
2026-10-02T16:13:00Z,4161.39990234375,4165.60009765625,4161.39990234375,4165.2001953125,163.0,yahoo,GC=F
2026-10-02T16:14:00Z,4164.89990234375,4165.39990234375,4163.5,4163.7998046875,159.0,yahoo,GC=F
2026-10-02T16:15:00Z,4163.39990234375,4165.2001953125,4162.7001953125,4165.10009765625,74.0,yahoo,GC=F
2026-10-02T16:16:00Z,4164.7001953125,4165.7001953125,4163.2998046875,4165.5,110.0,yahoo,GC=F
2026-10-02T16:17:00Z,4165.7998046875,4167.2001953125,4165.60009765625,4166.60009765625,209.0,yahoo,GC=F
2026-10-02T16:18:00Z,4166.5,4168.0,4166.2998046875,4167.2001953125,117.0,yahoo,GC=F
2026-10-02T16:19:00Z,4166.7998046875,4167.60009765625,4165.7998046875,4166.5,150.0,yahoo,GC=F
2026-10-02T16:20:00Z,4166.2998046875,4168.89990234375,4165.60009765625,4168.5,162.0,yahoo,GC=F
2026-10-02T16:21:00Z,4168.5,4170.0,4168.0,4168.89990234375,264.0,yahoo,GC=F
2026-10-02T16:22:00Z,4168.89990234375,4168.89990234375,4166.2998046875,4168.0,171.0,yahoo,GC=F
2026-10-02T16:23:00Z,4168.2998046875,4169.60009765625,4166.2998046875,4166.60009765625,167.0,yahoo,GC=F
2026-10-02T16:24:00Z,4167.10009765625,4168.5,4163.7001953125,4164.5,311.0,yahoo,GC=F
2026-10-02T16:25:00Z,4164.39990234375,4166.60009765625,4162.39990234375,4162.39990234375,318.0,yahoo,GC=F
2026-10-02T16:26:00Z,4162.60009765625,4164.7998046875,4162.2998046875,4164.10009765625,178.0,yahoo,GC=F
2026-10-02T16:27:00Z,4164.10009765625,4165.39990234375,4162.5,4164.7998046875,75.0,yahoo,GC=F
2026-10-02T16:28:00Z,4165.2001953125,4165.2998046875,4162.89990234375,4163.7998046875,87.0,yahoo,GC=F
2026-10-02T16:29:00Z,4163.2001953125,4165.39990234375,4163.0,4165.2998046875,51.0,yahoo,GC=F
2026-10-02T16:30:00Z,4165.2001953125,4167.60009765625,4164.89990234375,4167.10009765625,117.0,yahoo,GC=F
2026-10-02T16:31:00Z,4167.10009765625,4167.5,4164.89990234375,4165.2001953125,59.0,yahoo,GC=F
2026-10-02T16:32:00Z,4165.2998046875,4166.5,4164.89990234375,4166.0,67.0,yahoo,GC=F
2026-10-02T16:33:00Z,4166.10009765625,4168.2001953125,4166.10009765625,4167.7001953125,62.0,yahoo,GC=F
2026-10-02T16:34:00Z,4167.7998046875,4168.7998046875,4166.5,4167.7998046875,205.0,yahoo,GC=F
2026-10-02T16:35:00Z,4167.7998046875,4169.7001953125,4167.7998046875,4169.2001953125,178.0,yahoo,GC=F
2026-10-02T16:36:00Z,4169.2998046875,4170.5,4168.2998046875,4170.5,90.0,yahoo,GC=F
2026-10-02T16:37:00Z,4170.2001953125,4170.2001953125,4167.2001953125,4167.2001953125,57.0,yahoo,GC=F
2026-10-02T16:38:00Z,4167.60009765625,4168.39990234375,4166.60009765625,4168.2001953125,59.0,yahoo,GC=F
2026-10-02T16:39:00Z,4168.7001953125,4169.2998046875,4168.60009765625,4169.10009765625,60.0,yahoo,GC=F
2026-10-02T16:40:00Z,4168.7001953125,4169.10009765625,4166.7001953125,4166.7001953125,65.0,yahoo,GC=F
2026-10-02T16:41:00Z,4166.7998046875,4166.89990234375,4164.0,4164.10009765625,141.0,yahoo,GC=F
2026-10-02T16:42:00Z,4163.89990234375,4165.60009765625,4163.2998046875,4165.60009765625,76.0,yahoo,GC=F
2026-10-02T16:43:00Z,4165.89990234375,4166.0,4163.39990234375,4163.5,56.0,yahoo,GC=F
2026-10-02T16:44:00Z,4163.5,4164.7998046875,4163.2998046875,4164.7998046875,36.0,yahoo,GC=F
2026-10-02T16:45:00Z,4165.0,4166.60009765625,4164.2998046875,4166.39990234375,56.0,yahoo,GC=F
2026-10-02T16:46:00Z,4166.5,4168.60009765625,4166.0,4167.2001953125,93.0,yahoo,GC=F
2026-10-02T16:47:00Z,4167.0,4168.2001953125,4166.7001953125,4166.7001953125,47.0,yahoo,GC=F
2026-10-02T16:48:00Z,4166.7998046875,4167.2001953125,4166.60009765625,4166.89990234375,36.0,yahoo,GC=F
2026-10-02T16:49:00Z,4167.10009765625,4167.10009765625,4166.2998046875,4166.60009765625,33.0,yahoo,GC=F
2026-10-02T16:50:00Z,4166.7001953125,4168.2001953125,4165.7998046875,4168.2001953125,62.0,yahoo,GC=F
2026-10-02T16:51:00Z,4168.10009765625,4168.2998046875,4165.7998046875,4166.60009765625,52.0,yahoo,GC=F
2026-10-02T16:52:00Z,4166.89990234375,4168.0,4166.60009765625,4166.7001953125,31.0,yahoo,GC=F
2026-10-02T16:53:00Z,4166.7998046875,4169.0,4166.7998046875,4167.7998046875,44.0,yahoo,GC=F
2026-10-02T16:54:00Z,4167.89990234375,4168.2998046875,4167.39990234375,4167.60009765625,47.0,yahoo,GC=F
2026-10-02T16:55:00Z,4167.7998046875,4169.0,4167.7998046875,4167.7998046875,54.0,yahoo,GC=F
2026-10-02T16:56:00Z,4167.89990234375,4168.10009765625,4167.10009765625,4167.7998046875,36.0,yahoo,GC=F
2026-10-02T16:57:00Z,4167.7998046875,4168.7001953125,4167.7998046875,4168.39990234375,32.0,yahoo,GC=F
2026-10-02T16:58:00Z,4168.2001953125,4169.39990234375,4168.0,4168.39990234375,49.0,yahoo,GC=F
2026-10-02T16:59:00Z,4168.2998046875,4168.39990234375,4166.2998046875,4168.2001953125,80.0,yahoo,GC=F
2026-10-02T17:00:00Z,4168.0,4169.2001953125,4167.89990234375,4169.10009765625,59.0,yahoo,GC=F
2026-10-02T17:01:00Z,4169.2001953125,4171.10009765625,4169.0,4170.39990234375,233.0,yahoo,GC=F
2026-10-02T17:02:00Z,4170.2001953125,4172.5,4169.5,4171.7001953125,181.0,yahoo,GC=F
2026-10-02T17:03:00Z,4171.60009765625,4171.89990234375,4170.0,4171.10009765625,185.0,yahoo,GC=F
2026-10-02T17:04:00Z,4170.89990234375,4171.39990234375,4170.5,4170.89990234375,87.0,yahoo,GC=F
2026-10-02T17:05:00Z,4171.0,4171.60009765625,4170.2998046875,4171.0,52.0,yahoo,GC=F
2026-10-02T17:06:00Z,4170.60009765625,4170.60009765625,4167.5,4168.10009765625,348.0,yahoo,GC=F
2026-10-02T17:07:00Z,4167.7001953125,4168.2998046875,4167.2001953125,4167.5,119.0,yahoo,GC=F
2026-10-02T17:08:00Z,4167.39990234375,4167.7998046875,4167.0,4167.0,50.0,yahoo,GC=F
2026-10-02T17:09:00Z,4167.39990234375,4167.7998046875,4166.60009765625,4167.39990234375,151.0,yahoo,GC=F
2026-10-02T17:10:00Z,4167.7001953125,4168.5,4167.39990234375,4167.89990234375,39.0,yahoo,GC=F
2026-10-02T17:11:00Z,4167.7001953125,4168.2001953125,4167.2001953125,4167.2001953125,35.0,yahoo,GC=F
2026-10-02T17:12:00Z,4167.10009765625,4167.7998046875,4166.7001953125,4166.89990234375,32.0,yahoo,GC=F
2026-10-02T17:13:00Z,4166.5,4166.7001953125,4164.7998046875,4166.7001953125,87.0,yahoo,GC=F
2026-10-02T17:14:00Z,4166.7001953125,4166.89990234375,4162.39990234375,4165.2998046875,266.0,yahoo,GC=F
2026-10-02T17:15:00Z,4165.5,4165.5,4163.7998046875,4163.7998046875,94.0,yahoo,GC=F
2026-10-02T17:16:00Z,4164.2001953125,4166.2998046875,4164.0,4165.7998046875,98.0,yahoo,GC=F
2026-10-02T17:17:00Z,4165.7998046875,4166.2998046875,4165.0,4165.5,89.0,yahoo,GC=F
2026-10-02T17:18:00Z,4165.39990234375,4166.39990234375,4165.0,4166.2001953125,87.0,yahoo,GC=F
2026-10-02T17:19:00Z,4166.7001953125,4167.89990234375,4166.2998046875,4167.2001953125,46.0,yahoo,GC=F
2026-10-02T17:20:00Z,4167.10009765625,4168.2001953125,4166.7998046875,4167.2001953125,116.0,yahoo,GC=F
2026-10-02T17:21:00Z,4167.2001953125,4167.2001953125,4164.7001953125,4165.7001953125,187.0,yahoo,GC=F
2026-10-02T17:22:00Z,4165.89990234375,4166.89990234375,4165.39990234375,4166.10009765625,86.0,yahoo,GC=F
2026-10-02T17:23:00Z,4165.89990234375,4165.89990234375,4163.89990234375,4164.0,86.0,yahoo,GC=F
2026-10-02T17:24:00Z,4163.7998046875,4164.0,4161.60009765625,4162.39990234375,222.0,yahoo,GC=F
2026-10-02T17:25:00Z,4162.60009765625,4164.2001953125,4162.39990234375,4163.7001953125,62.0,yahoo,GC=F
2026-10-02T17:26:00Z,4163.7001953125,4164.2998046875,4160.10009765625,4160.2998046875,195.0,yahoo,GC=F
2026-10-02T17:27:00Z,4160.60009765625,4160.60009765625,4158.89990234375,4159.7001953125,304.0,yahoo,GC=F
2026-10-02T17:28:00Z,4159.7001953125,4162.60009765625,4159.7001953125,4162.60009765625,257.0,yahoo,GC=F
2026-10-02T17:29:00Z,4162.5,4163.2998046875,4161.10009765625,4162.60009765625,593.0,yahoo,GC=F
2026-10-02T17:30:00Z,4161.7998046875,4163.5,4161.2998046875,4162.2998046875,147.0,yahoo,GC=F
2026-10-02T17:31:00Z,4163.0,4164.0,4162.39990234375,4163.0,126.0,yahoo,GC=F
2026-10-02T17:32:00Z,4163.2001953125,4165.39990234375,4162.5,4165.10009765625,67.0,yahoo,GC=F
2026-10-02T17:33:00Z,4165.39990234375,4166.60009765625,4165.2001953125,4166.2001953125,69.0,yahoo,GC=F
2026-10-02T17:34:00Z,4166.0,4169.0,4165.7001953125,4167.89990234375,149.0,yahoo,GC=F
2026-10-02T17:35:00Z,4168.10009765625,4168.2001953125,4166.5,4167.0,114.0,yahoo,GC=F
2026-10-02T17:36:00Z,4166.7998046875,4167.0,4165.39990234375,4166.5,103.0,yahoo,GC=F
2026-10-02T17:37:00Z,4166.60009765625,4167.2998046875,4165.5,4165.7998046875,75.0,yahoo,GC=F
2026-10-02T17:38:00Z,4165.60009765625,4166.10009765625,4165.2998046875,4165.89990234375,36.0,yahoo,GC=F
2026-10-02T17:39:00Z,4165.5,4166.0,4165.10009765625,4165.60009765625,19.0,yahoo,GC=F
2026-10-02T17:40:00Z,4165.39990234375,4165.7001953125,4164.60009765625,4165.39990234375,43.0,yahoo,GC=F
2026-10-02T17:41:00Z,4165.39990234375,4165.7998046875,4165.0,4165.2998046875,24.0,yahoo,GC=F
2026-10-02T17:42:00Z,4165.39990234375,4166.2998046875,4165.2998046875,4165.89990234375,33.0,yahoo,GC=F
2026-10-02T17:43:00Z,4166.0,4166.5,4165.7998046875,4166.39990234375,20.0,yahoo,GC=F
2026-10-02T17:44:00Z,4166.2998046875,4167.7001953125,4165.7001953125,4166.60009765625,55.0,yahoo,GC=F
2026-10-02T17:45:00Z,4166.2998046875,4167.5,4166.2998046875,4166.60009765625,33.0,yahoo,GC=F
2026-10-02T17:46:00Z,4166.2001953125,4166.39990234375,4164.7998046875,4165.60009765625,50.0,yahoo,GC=F
2026-10-02T17:47:00Z,4166.2998046875,4166.39990234375,4165.7998046875,4166.2001953125,23.0,yahoo,GC=F
2026-10-02T17:48:00Z,4165.89990234375,4166.89990234375,4165.89990234375,4166.60009765625,18.0,yahoo,GC=F
2026-10-02T17:49:00Z,4166.89990234375,4167.7001953125,4166.39990234375,4167.7001953125,26.0,yahoo,GC=F
2026-10-02T17:50:00Z,4167.60009765625,4168.89990234375,4164.2001953125,4167.2998046875,322.0,yahoo,GC=F
2026-10-02T17:51:00Z,4167.7998046875,4168.60009765625,4167.10009765625,4168.0,63.0,yahoo,GC=F
2026-10-02T17:52:00Z,4168.0,4169.10009765625,4168.0,4168.89990234375,68.0,yahoo,GC=F
2026-10-02T17:53:00Z,4168.7998046875,4168.89990234375,4168.39990234375,4168.89990234375,41.0,yahoo,GC=F
2026-10-02T17:54:00Z,4168.5,4169.2001953125,4167.7998046875,4169.2001953125,33.0,yahoo,GC=F
2026-10-02T17:55:00Z,4169.10009765625,4169.5,4168.2001953125,4168.60009765625,33.0,yahoo,GC=F
2026-10-02T17:56:00Z,4168.0,4168.2001953125,4167.0,4167.0,33.0,yahoo,GC=F
2026-10-02T17:57:00Z,4166.5,4166.5,4163.60009765625,4163.7001953125,171.0,yahoo,GC=F
2026-10-02T17:58:00Z,4163.39990234375,4166.2001953125,4162.0,4165.89990234375,330.0,yahoo,GC=F
2026-10-02T17:59:00Z,4165.60009765625,4166.5,4165.10009765625,4166.5,27.0,yahoo,GC=F
2026-10-02T18:00:00Z,4166.7001953125,4168.10009765625,4165.10009765625,4165.2998046875,76.0,yahoo,GC=F
2026-10-02T18:01:00Z,4165.5,4166.60009765625,4164.2998046875,4165.0,76.0,yahoo,GC=F
2026-10-02T18:02:00Z,4165.39990234375,4165.60009765625,4164.7001953125,4164.89990234375,47.0,yahoo,GC=F
2026-10-02T18:03:00Z,4165.10009765625,4165.7001953125,4164.39990234375,4165.60009765625,17.0,yahoo,GC=F
2026-10-02T18:04:00Z,4165.7001953125,4167.7001953125,4165.7001953125,4167.39990234375,25.0,yahoo,GC=F
2026-10-02T18:05:00Z,4167.39990234375,4167.60009765625,4166.5,4167.2001953125,25.0,yahoo,GC=F
2026-10-02T18:06:00Z,4166.89990234375,4167.10009765625,4166.5,4167.0,16.0,yahoo,GC=F
2026-10-02T18:07:00Z,4167.89990234375,4168.2001953125,4167.10009765625,4167.39990234375,28.0,yahoo,GC=F
2026-10-02T18:08:00Z,4167.5,4167.5,4166.7001953125,4167.39990234375,17.0,yahoo,GC=F
2026-10-02T18:09:00Z,4167.7001953125,4167.89990234375,4167.0,4167.89990234375,34.0,yahoo,GC=F
2026-10-02T18:10:00Z,4167.5,4167.5,4167.0,4167.39990234375,17.0,yahoo,GC=F
2026-10-02T18:11:00Z,4167.10009765625,4167.10009765625,4166.5,4166.7001953125,19.0,yahoo,GC=F
2026-10-02T18:12:00Z,4167.0,4168.2001953125,4166.7001953125,4168.2001953125,43.0,yahoo,GC=F
2026-10-02T18:13:00Z,4168.2001953125,4170.0,4168.10009765625,4169.60009765625,254.0,yahoo,GC=F
2026-10-02T18:14:00Z,4169.7998046875,4170.10009765625,4168.89990234375,4169.2001953125,34.0,yahoo,GC=F
2026-10-02T18:15:00Z,4168.89990234375,4168.89990234375,4167.7001953125,4168.2001953125,22.0,yahoo,GC=F
2026-10-02T18:16:00Z,4167.89990234375,4168.2998046875,4166.7998046875,4167.5,97.0,yahoo,GC=F
2026-10-02T18:17:00Z,4167.39990234375,4167.60009765625,4165.5,4165.89990234375,39.0,yahoo,GC=F
2026-10-02T18:18:00Z,4165.89990234375,4166.39990234375,4165.10009765625,4165.39990234375,33.0,yahoo,GC=F
2026-10-02T18:19:00Z,4165.10009765625,4166.89990234375,4165.10009765625,4166.5,26.0,yahoo,GC=F
2026-10-02T18:20:00Z,4166.7001953125,4167.60009765625,4166.60009765625,4167.2001953125,49.0,yahoo,GC=F
2026-10-02T18:21:00Z,4167.10009765625,4167.5,4166.7001953125,4167.5,24.0,yahoo,GC=F
2026-10-02T18:22:00Z,4167.39990234375,4167.39990234375,4166.10009765625,4166.39990234375,33.0,yahoo,GC=F
2026-10-02T18:23:00Z,4166.2998046875,4168.0,4165.7001953125,4166.2998046875,79.0,yahoo,GC=F
2026-10-02T18:24:00Z,4166.2998046875,4166.5,4166.10009765625,4166.10009765625,6.0,yahoo,GC=F
2026-10-02T18:25:00Z,4166.2998046875,4167.0,4166.2998046875,4166.60009765625,22.0,yahoo,GC=F
2026-10-02T18:26:00Z,4166.5,4166.7001953125,4166.2001953125,4166.2001953125,13.0,yahoo,GC=F
2026-10-02T18:27:00Z,4166.10009765625,4167.0,4166.10009765625,4166.2001953125,27.0,yahoo,GC=F
2026-10-02T18:28:00Z,4167.2998046875,4169.7001953125,4166.60009765625,4169.2001953125,373.0,yahoo,GC=F
2026-10-02T18:29:00Z,4169.2998046875,4169.39990234375,4168.5,4168.89990234375,47.0,yahoo,GC=F
2026-10-02T18:30:00Z,4169.10009765625,4169.10009765625,4168.10009765625,4168.5,24.0,yahoo,GC=F
2026-10-02T18:31:00Z,4168.39990234375,4168.5,4166.7998046875,4166.7998046875,48.0,yahoo,GC=F
2026-10-02T18:32:00Z,4167.2001953125,4168.7998046875,4167.0,4168.7998046875,34.0,yahoo,GC=F
2026-10-02T18:33:00Z,4169.2001953125,4169.2001953125,4167.2001953125,4167.2998046875,51.0,yahoo,GC=F
2026-10-02T18:34:00Z,4167.2001953125,4169.10009765625,4167.0,4168.2998046875,27.0,yahoo,GC=F
2026-10-02T18:35:00Z,4168.39990234375,4169.60009765625,4167.7001953125,4168.2001953125,82.0,yahoo,GC=F
2026-10-02T18:36:00Z,4168.2001953125,4170.60009765625,4168.10009765625,4170.5,123.0,yahoo,GC=F
2026-10-02T18:37:00Z,4170.2998046875,4170.7001953125,4170.0,4170.10009765625,22.0,yahoo,GC=F
2026-10-02T18:38:00Z,4170.39990234375,4170.39990234375,4169.2998046875,4169.7998046875,32.0,yahoo,GC=F
2026-10-02T18:39:00Z,4169.39990234375,4169.7998046875,4168.7001953125,4169.2998046875,66.0,yahoo,GC=F
2026-10-02T18:40:00Z,4168.89990234375,4168.89990234375,4167.7998046875,4168.5,60.0,yahoo,GC=F
2026-10-02T18:41:00Z,4168.7001953125,4170.39990234375,4168.60009765625,4170.10009765625,37.0,yahoo,GC=F
2026-10-02T18:42:00Z,4170.10009765625,4171.7001953125,4170.0,4171.10009765625,51.0,yahoo,GC=F
2026-10-02T18:43:00Z,4171.2001953125,4172.0,4170.2998046875,4170.2998046875,62.0,yahoo,GC=F
2026-10-02T18:44:00Z,4170.2998046875,4171.5,4170.2998046875,4171.39990234375,42.0,yahoo,GC=F
2026-10-02T18:45:00Z,4171.5,4172.39990234375,4171.10009765625,4171.39990234375,46.0,yahoo,GC=F
2026-10-02T18:46:00Z,4171.10009765625,4171.7001953125,4170.39990234375,4171.7001953125,25.0,yahoo,GC=F
2026-10-02T18:47:00Z,4171.60009765625,4172.0,4171.2001953125,4171.7001953125,29.0,yahoo,GC=F
2026-10-02T18:48:00Z,4171.60009765625,4171.7001953125,4171.2001953125,4171.39990234375,20.0,yahoo,GC=F
2026-10-02T18:49:00Z,4171.2998046875,4172.2001953125,4171.2001953125,4172.10009765625,30.0,yahoo,GC=F
2026-10-02T18:50:00Z,4171.89990234375,4172.39990234375,4171.60009765625,4172.39990234375,36.0,yahoo,GC=F
2026-10-02T18:51:00Z,4172.2998046875,4172.7998046875,4172.10009765625,4172.2001953125,54.0,yahoo,GC=F
2026-10-02T18:52:00Z,4172.0,4172.0,4170.89990234375,4171.0,33.0,yahoo,GC=F
2026-10-02T18:53:00Z,4171.10009765625,4172.2001953125,4171.10009765625,4171.89990234375,29.0,yahoo,GC=F
2026-10-02T18:54:00Z,4172.0,4172.0,4171.39990234375,4171.89990234375,24.0,yahoo,GC=F
2026-10-02T18:55:00Z,4171.7001953125,4172.39990234375,4171.60009765625,4172.2001953125,25.0,yahoo,GC=F
2026-10-02T18:56:00Z,4171.89990234375,4172.2998046875,4171.2998046875,4171.2998046875,34.0,yahoo,GC=F
2026-10-02T18:57:00Z,4171.5,4172.10009765625,4171.39990234375,4171.89990234375,27.0,yahoo,GC=F
2026-10-02T18:58:00Z,4172.10009765625,4174.60009765625,4172.0,4174.60009765625,76.0,yahoo,GC=F
2026-10-02T18:59:00Z,4174.7001953125,4175.7001953125,4174.2001953125,4175.39990234375,103.0,yahoo,GC=F
2026-10-02T19:00:00Z,4175.7998046875,4176.7998046875,4174.5,4175.7998046875,130.0,yahoo,GC=F
2026-10-02T19:01:00Z,4175.39990234375,4177.0,4175.0,4176.89990234375,153.0,yahoo,GC=F
2026-10-02T19:02:00Z,4176.89990234375,4176.89990234375,4173.7001953125,4173.89990234375,101.0,yahoo,GC=F
2026-10-02T19:03:00Z,4174.2001953125,4174.2001953125,4172.7998046875,4173.2998046875,62.0,yahoo,GC=F
2026-10-02T19:04:00Z,4173.39990234375,4174.60009765625,4173.2001953125,4174.2998046875,17.0,yahoo,GC=F
2026-10-02T19:05:00Z,4174.39990234375,4175.10009765625,4173.89990234375,4174.7998046875,23.0,yahoo,GC=F
2026-10-02T19:06:00Z,4174.7001953125,4174.89990234375,4173.89990234375,4173.89990234375,14.0,yahoo,GC=F
2026-10-02T19:07:00Z,4173.89990234375,4174.5,4173.39990234375,4174.0,28.0,yahoo,GC=F
2026-10-02T19:08:00Z,4173.89990234375,4175.10009765625,4173.89990234375,4174.89990234375,19.0,yahoo,GC=F
2026-10-02T19:09:00Z,4174.7001953125,4175.7998046875,4174.60009765625,4175.0,27.0,yahoo,GC=F
2026-10-02T19:10:00Z,4174.7998046875,4177.2001953125,4174.7998046875,4176.39990234375,323.0,yahoo,GC=F
2026-10-02T19:11:00Z,4176.10009765625,4176.60009765625,4175.60009765625,4176.5,127.0,yahoo,GC=F
2026-10-02T19:12:00Z,4176.39990234375,4177.2001953125,4176.2001953125,4176.2001953125,40.0,yahoo,GC=F
2026-10-02T19:13:00Z,4176.5,4176.5,4175.7001953125,4176.2998046875,40.0,yahoo,GC=F
2026-10-02T19:14:00Z,4177.10009765625,4178.39990234375,4176.89990234375,4178.0,121.0,yahoo,GC=F
2026-10-02T19:15:00Z,4177.89990234375,4178.2001953125,4176.89990234375,4176.89990234375,40.0,yahoo,GC=F
2026-10-02T19:16:00Z,4176.89990234375,4176.89990234375,4174.2001953125,4174.2001953125,181.0,yahoo,GC=F
2026-10-02T19:17:00Z,4174.10009765625,4174.5,4173.7001953125,4174.10009765625,112.0,yahoo,GC=F
2026-10-02T19:18:00Z,4174.2998046875,4176.10009765625,4173.60009765625,4175.7998046875,68.0,yahoo,GC=F
2026-10-02T19:19:00Z,4175.7001953125,4176.0,4175.2998046875,4175.60009765625,47.0,yahoo,GC=F
2026-10-02T19:20:00Z,4175.7998046875,4176.39990234375,4175.60009765625,4176.2998046875,39.0,yahoo,GC=F
2026-10-02T19:21:00Z,4176.2998046875,4176.7998046875,4175.89990234375,4175.89990234375,29.0,yahoo,GC=F
2026-10-02T19:22:00Z,4176.0,4176.89990234375,4175.39990234375,4176.2998046875,34.0,yahoo,GC=F
2026-10-02T19:23:00Z,4176.89990234375,4177.0,4176.2998046875,4177.0,29.0,yahoo,GC=F
2026-10-02T19:24:00Z,4176.7998046875,4178.0,4176.60009765625,4177.0,61.0,yahoo,GC=F
2026-10-02T19:25:00Z,4177.0,4178.0,4177.0,4177.60009765625,53.0,yahoo,GC=F
2026-10-02T19:26:00Z,4177.39990234375,4177.60009765625,4176.10009765625,4176.60009765625,64.0,yahoo,GC=F
2026-10-02T19:27:00Z,4176.60009765625,4176.7998046875,4176.10009765625,4176.60009765625,30.0,yahoo,GC=F
2026-10-02T19:28:00Z,4176.7998046875,4177.7998046875,4176.39990234375,4177.7998046875,38.0,yahoo,GC=F
2026-10-02T19:29:00Z,4177.39990234375,4177.7998046875,4177.0,4177.39990234375,26.0,yahoo,GC=F
2026-10-02T19:30:00Z,4177.5,4178.89990234375,4177.2001953125,4178.5,113.0,yahoo,GC=F
2026-10-02T19:31:00Z,4178.39990234375,4178.5,4177.7001953125,4178.2998046875,106.0,yahoo,GC=F
2026-10-02T19:32:00Z,4178.0,4178.39990234375,4177.10009765625,4178.10009765625,80.0,yahoo,GC=F
2026-10-02T19:33:00Z,4178.0,4178.39990234375,4176.60009765625,4176.60009765625,37.0,yahoo,GC=F
2026-10-02T19:34:00Z,4176.60009765625,4178.10009765625,4176.60009765625,4177.89990234375,59.0,yahoo,GC=F
2026-10-02T19:35:00Z,4177.60009765625,4177.7998046875,4177.10009765625,4177.7001953125,32.0,yahoo,GC=F
2026-10-02T19:36:00Z,4178.0,4178.7998046875,4177.39990234375,4178.60009765625,38.0,yahoo,GC=F
2026-10-02T19:37:00Z,4178.60009765625,4178.60009765625,4177.7001953125,4177.7001953125,25.0,yahoo,GC=F
2026-10-02T19:38:00Z,4177.7998046875,4177.7998046875,4175.60009765625,4175.60009765625,89.0,yahoo,GC=F
2026-10-02T19:39:00Z,4176.0,4176.89990234375,4175.39990234375,4175.7001953125,52.0,yahoo,GC=F
2026-10-02T19:40:00Z,4175.7998046875,4175.89990234375,4175.39990234375,4175.89990234375,29.0,yahoo,GC=F
2026-10-02T19:41:00Z,4175.5,4176.10009765625,4175.39990234375,4175.7001953125,47.0,yahoo,GC=F
2026-10-02T19:42:00Z,4175.7001953125,4175.7001953125,4173.60009765625,4174.10009765625,115.0,yahoo,GC=F
2026-10-02T19:43:00Z,4174.2001953125,4174.7001953125,4172.60009765625,4172.60009765625,68.0,yahoo,GC=F
2026-10-02T19:44:00Z,4172.89990234375,4173.39990234375,4171.89990234375,4172.0,97.0,yahoo,GC=F
2026-10-02T19:45:00Z,4171.5,4173.0,4171.39990234375,4171.7998046875,83.0,yahoo,GC=F
2026-10-02T19:46:00Z,4171.89990234375,4172.60009765625,4171.39990234375,4171.7001953125,129.0,yahoo,GC=F
2026-10-02T19:47:00Z,4171.7998046875,4172.2001953125,4169.60009765625,4171.10009765625,186.0,yahoo,GC=F
2026-10-02T19:48:00Z,4171.10009765625,4171.7998046875,4170.7001953125,4171.2998046875,78.0,yahoo,GC=F
2026-10-02T19:49:00Z,4171.39990234375,4171.5,4170.0,4170.10009765625,48.0,yahoo,GC=F
2026-10-02T19:50:00Z,4170.89990234375,4171.7001953125,4170.5,4170.7998046875,44.0,yahoo,GC=F
2026-10-02T19:51:00Z,4170.7998046875,4170.89990234375,4170.39990234375,4170.60009765625,23.0,yahoo,GC=F
2026-10-02T19:52:00Z,4170.39990234375,4171.39990234375,4169.39990234375,4171.2998046875,76.0,yahoo,GC=F
2026-10-02T19:53:00Z,4171.2001953125,4172.2998046875,4171.10009765625,4171.7998046875,74.0,yahoo,GC=F
2026-10-02T19:54:00Z,4171.7998046875,4172.2001953125,4171.5,4171.60009765625,49.0,yahoo,GC=F
2026-10-02T19:55:00Z,4171.7001953125,4172.89990234375,4171.39990234375,4172.60009765625,61.0,yahoo,GC=F
2026-10-02T19:56:00Z,4172.39990234375,4173.5,4172.39990234375,4172.89990234375,40.0,yahoo,GC=F
2026-10-02T19:57:00Z,4172.7998046875,4174.0,4172.7998046875,4174.0,36.0,yahoo,GC=F
2026-10-02T19:58:00Z,4174.2001953125,4175.0,4174.0,4174.60009765625,108.0,yahoo,GC=F
2026-10-02T19:59:00Z,4174.2998046875,4176.89990234375,4174.0,4176.39990234375,312.0,yahoo,GC=F
2026-10-02T20:00:00Z,4176.89990234375,4177.7001953125,4174.10009765625,4174.7998046875,181.0,yahoo,GC=F
2026-10-02T20:01:00Z,4174.7998046875,4175.39990234375,4174.10009765625,4174.7998046875,136.0,yahoo,GC=F
2026-10-02T20:02:00Z,4174.89990234375,4175.89990234375,4174.2998046875,4174.2998046875,65.0,yahoo,GC=F
2026-10-02T20:03:00Z,4174.0,4174.2001953125,4172.7998046875,4173.39990234375,53.0,yahoo,GC=F
2026-10-02T20:04:00Z,4173.2001953125,4174.10009765625,4173.10009765625,4173.2998046875,63.0,yahoo,GC=F
2026-10-02T20:05:00Z,4173.10009765625,4173.39990234375,4171.60009765625,4172.7001953125,53.0,yahoo,GC=F
2026-10-02T20:06:00Z,4173.0,4173.2001953125,4171.89990234375,4172.2998046875,33.0,yahoo,GC=F
2026-10-02T20:07:00Z,4172.39990234375,4172.39990234375,4171.60009765625,4171.60009765625,14.0,yahoo,GC=F
2026-10-02T20:08:00Z,4171.39990234375,4172.0,4170.89990234375,4171.60009765625,23.0,yahoo,GC=F
2026-10-02T20:09:00Z,4171.60009765625,4172.2998046875,4171.39990234375,4172.2001953125,21.0,yahoo,GC=F
2026-10-02T20:10:00Z,4172.39990234375,4172.60009765625,4169.0,4170.2998046875,177.0,yahoo,GC=F
2026-10-02T20:11:00Z,4170.60009765625,4171.5,4170.60009765625,4170.7998046875,36.0,yahoo,GC=F
2026-10-02T20:12:00Z,4170.7998046875,4171.5,4170.7998046875,4171.2001953125,28.0,yahoo,GC=F
2026-10-02T20:13:00Z,4171.39990234375,4171.7001953125,4171.0,4171.5,26.0,yahoo,GC=F
2026-10-02T20:14:00Z,4171.60009765625,4172.2998046875,4171.60009765625,4172.10009765625,31.0,yahoo,GC=F
2026-10-02T20:15:00Z,4171.89990234375,4172.60009765625,4171.2001953125,4171.89990234375,61.0,yahoo,GC=F
2026-10-02T20:16:00Z,4171.7001953125,4171.7001953125,4170.7998046875,4171.2001953125,8.0,yahoo,GC=F
2026-10-02T20:17:00Z,4171.2001953125,4171.2001953125,4171.0,4171.0,11.0,yahoo,GC=F
2026-10-02T20:18:00Z,4171.39990234375,4173.2998046875,4171.2998046875,4172.60009765625,36.0,yahoo,GC=F
2026-10-02T20:19:00Z,4172.5,4172.5,4171.60009765625,4172.10009765625,25.0,yahoo,GC=F
2026-10-02T20:20:00Z,4172.10009765625,4172.10009765625,4171.2998046875,4172.0,14.0,yahoo,GC=F
2026-10-02T20:21:00Z,4172.2001953125,4172.2998046875,4171.60009765625,4171.60009765625,8.0,yahoo,GC=F
2026-10-02T20:22:00Z,4171.7001953125,4171.89990234375,4171.7001953125,4171.7998046875,5.0,yahoo,GC=F
2026-10-02T20:23:00Z,4171.7001953125,4172.10009765625,4171.60009765625,4171.89990234375,10.0,yahoo,GC=F
2026-10-02T20:24:00Z,4172.0,4173.39990234375,4171.7998046875,4173.0,25.0,yahoo,GC=F
2026-10-02T20:25:00Z,4173.0,4173.2001953125,4172.7998046875,4172.89990234375,13.0,yahoo,GC=F
2026-10-02T20:26:00Z,4172.7998046875,4172.7998046875,4171.7998046875,4171.7998046875,18.0,yahoo,GC=F
2026-10-02T20:27:00Z,4172.2001953125,4172.2998046875,4171.60009765625,4172.0,37.0,yahoo,GC=F
2026-10-02T20:28:00Z,4171.89990234375,4172.0,4171.2998046875,4171.2998046875,23.0,yahoo,GC=F
2026-10-02T20:29:00Z,4171.60009765625,4172.0,4171.5,4172.0,14.0,yahoo,GC=F
2026-10-02T20:30:00Z,4172.0,4172.0,4170.7001953125,4171.10009765625,22.0,yahoo,GC=F
2026-10-02T20:31:00Z,4171.0,4171.10009765625,4170.7998046875,4170.89990234375,17.0,yahoo,GC=F
2026-10-02T20:32:00Z,4170.89990234375,4170.89990234375,4170.2001953125,4170.2001953125,17.0,yahoo,GC=F
2026-10-02T20:33:00Z,4170.2998046875,4170.89990234375,4170.10009765625,4170.89990234375,71.0,yahoo,GC=F
2026-10-02T20:34:00Z,4170.7998046875,4170.7998046875,4170.2998046875,4170.2998046875,12.0,yahoo,GC=F
2026-10-02T20:35:00Z,4170.39990234375,4170.60009765625,4169.39990234375,4169.39990234375,62.0,yahoo,GC=F
2026-10-02T20:36:00Z,4169.39990234375,4170.0,4169.10009765625,4170.0,51.0,yahoo,GC=F
2026-10-02T20:37:00Z,4170.0,4170.2998046875,4168.39990234375,4168.39990234375,45.0,yahoo,GC=F
2026-10-02T20:38:00Z,4168.5,4168.7998046875,4167.7001953125,4168.2001953125,46.0,yahoo,GC=F
2026-10-02T20:39:00Z,4168.2001953125,4168.7001953125,4167.39990234375,4167.7001953125,29.0,yahoo,GC=F
2026-10-02T20:40:00Z,4167.60009765625,4168.2001953125,4167.0,4168.2001953125,51.0,yahoo,GC=F
2026-10-02T20:41:00Z,4168.5,4168.5,4167.39990234375,4167.89990234375,39.0,yahoo,GC=F
2026-10-02T20:42:00Z,4167.89990234375,4168.10009765625,4167.39990234375,4167.7001953125,20.0,yahoo,GC=F
2026-10-02T20:43:00Z,4167.60009765625,4167.7001953125,4167.2998046875,4167.2998046875,9.0,yahoo,GC=F
2026-10-02T20:44:00Z,4167.60009765625,4167.7998046875,4167.10009765625,4167.10009765625,24.0,yahoo,GC=F
2026-10-02T20:45:00Z,4166.89990234375,4167.39990234375,4165.7001953125,4166.0,84.0,yahoo,GC=F
2026-10-02T20:46:00Z,4166.39990234375,4166.60009765625,4165.89990234375,4166.2998046875,23.0,yahoo,GC=F
2026-10-02T20:47:00Z,4166.2001953125,4166.5,4165.5,4166.0,50.0,yahoo,GC=F
2026-10-02T20:48:00Z,4165.89990234375,4166.0,4165.39990234375,4165.5,21.0,yahoo,GC=F
2026-10-02T20:49:00Z,4165.2998046875,4166.7001953125,4164.89990234375,4166.60009765625,41.0,yahoo,GC=F
2026-10-02T20:50:00Z,4166.2001953125,4166.2998046875,4166.0,4166.2001953125,18.0,yahoo,GC=F
2026-10-02T20:51:00Z,4166.0,4167.0,4165.7998046875,4166.60009765625,22.0,yahoo,GC=F
2026-10-02T20:52:00Z,4166.10009765625,4166.60009765625,4165.60009765625,4166.39990234375,21.0,yahoo,GC=F
2026-10-02T20:53:00Z,4166.7998046875,4168.10009765625,4166.7001953125,4167.5,37.0,yahoo,GC=F
2026-10-02T20:54:00Z,4167.7001953125,4168.2998046875,4166.39990234375,4168.0,85.0,yahoo,GC=F
2026-10-02T20:55:00Z,4168.7998046875,4169.0,4167.39990234375,4168.2998046875,60.0,yahoo,GC=F
2026-10-02T20:56:00Z,4168.10009765625,4168.7001953125,4167.7001953125,4168.7001953125,66.0,yahoo,GC=F
2026-10-02T20:57:00Z,4168.2998046875,4169.60009765625,4167.89990234375,4169.2998046875,61.0,yahoo,GC=F
2026-10-02T20:58:00Z,4169.0,4169.5,4168.89990234375,4169.2001953125,43.0,yahoo,GC=F
2026-10-02T20:59:00Z,4169.0,4172.10009765625,4162.2998046875,4162.2998046875,166.0,yahoo,GC=F
