timestamp_utc,open,high,low,close,volume,source,symbol
2026-10-06T00:00:00Z,4161.0,4164.2998046875,4160.89990234375,4163.60009765625,147.0,yahoo,GC=F
2026-10-06T00:01:00Z,4163.0,4163.5,4162.2998046875,4163.39990234375,35.0,yahoo,GC=F
2026-10-06T00:02:00Z,4163.10009765625,4164.7998046875,4162.5,4164.0,58.0,yahoo,GC=F
2026-10-06T00:03:00Z,4163.2998046875,4163.2998046875,4162.0,4162.10009765625,63.0,yahoo,GC=F
2026-10-06T00:04:00Z,4162.2001953125,4162.39990234375,4161.60009765625,4161.89990234375,48.0,yahoo,GC=F
2026-10-06T00:05:00Z,4161.5,4162.10009765625,4160.7001953125,4161.2001953125,33.0,yahoo,GC=F
2026-10-06T00:06:00Z,4160.7001953125,4161.5,4160.10009765625,4160.2001953125,55.0,yahoo,GC=F
2026-10-06T00:07:00Z,4160.5,4161.7998046875,4160.39990234375,4161.7998046875,20.0,yahoo,GC=F
2026-10-06T00:08:00Z,4162.10009765625,4162.10009765625,4161.2998046875,4161.39990234375,9.0,yahoo,GC=F
2026-10-06T00:09:00Z,4161.2998046875,4161.2998046875,4160.7001953125,4160.7998046875,14.0,yahoo,GC=F
2026-10-06T00:10:00Z,4161.0,4162.10009765625,4160.2001953125,4161.5,47.0,yahoo,GC=F
2026-10-06T00:11:00Z,4161.10009765625,4161.7998046875,4160.89990234375,4161.7998046875,12.0,yahoo,GC=F
2026-10-06T00:12:00Z,4162.39990234375,4163.5,4161.89990234375,4163.10009765625,52.0,yahoo,GC=F
2026-10-06T00:13:00Z,4162.89990234375,4163.2998046875,4162.7998046875,4162.89990234375,9.0,yahoo,GC=F
2026-10-06T00:14:00Z,4163.2001953125,4163.2998046875,4163.0,4163.2998046875,3.0,yahoo,GC=F
2026-10-06T00:15:00Z,4163.39990234375,4164.7001953125,4163.39990234375,4163.60009765625,26.0,yahoo,GC=F
2026-10-06T00:16:00Z,4162.7001953125,4163.60009765625,4162.60009765625,4163.5,22.0,yahoo,GC=F
2026-10-06T00:17:00Z,4163.39990234375,4165.0,4163.39990234375,4165.0,42.0,yahoo,GC=F
2026-10-06T00:18:00Z,4165.7001953125,4168.10009765625,4165.2998046875,4167.7998046875,106.0,yahoo,GC=F
2026-10-06T00:19:00Z,4167.7998046875,4168.5,4167.5,4167.5,37.0,yahoo,GC=F
2026-10-06T00:20:00Z,4167.10009765625,4167.10009765625,4165.7001953125,4166.39990234375,47.0,yahoo,GC=F
2026-10-06T00:21:00Z,4166.7998046875,4167.5,4166.7998046875,4167.10009765625,8.0,yahoo,GC=F
2026-10-06T00:22:00Z,4167.0,4168.2001953125,4167.0,4168.10009765625,32.0,yahoo,GC=F
2026-10-06T00:23:00Z,4168.2998046875,4168.5,4168.2001953125,4168.39990234375,21.0,yahoo,GC=F
2026-10-06T00:24:00Z,4168.60009765625,4168.7001953125,4167.7001953125,4167.7001953125,26.0,yahoo,GC=F
2026-10-06T00:25:00Z,4168.0,4168.2001953125,4167.39990234375,4168.0,21.0,yahoo,GC=F
2026-10-06T00:26:00Z,4168.0,4168.2001953125,4167.0,4167.5,33.0,yahoo,GC=F
2026-10-06T00:27:00Z,4167.39990234375,4168.7001953125,4167.2001953125,4168.39990234375,31.0,yahoo,GC=F
2026-10-06T00:28:00Z,4168.39990234375,4168.7001953125,4167.2998046875,4167.2998046875,15.0,yahoo,GC=F
2026-10-06T00:29:00Z,4167.5,4168.5,4167.5,4167.89990234375,16.0,yahoo,GC=F
2026-10-06T00:30:00Z,4167.7998046875,4167.89990234375,4165.2001953125,4166.39990234375,120.0,yahoo,GC=F
2026-10-06T00:31:00Z,4166.60009765625,4169.5,4166.39990234375,4168.39990234375,112.0,yahoo,GC=F
2026-10-06T00:32:00Z,4168.7998046875,4169.7001953125,4168.7998046875,4169.60009765625,49.0,yahoo,GC=F
2026-10-06T00:33:00Z,4169.5,4172.2998046875,4168.7998046875,4168.7998046875,475.0,yahoo,GC=F
2026-10-06T00:34:00Z,4168.7001953125,4170.10009765625,4168.0,4168.2001953125,92.0,yahoo,GC=F
2026-10-06T00:35:00Z,4168.5,4169.60009765625,4166.39990234375,4166.7001953125,86.0,yahoo,GC=F
2026-10-06T00:36:00Z,4166.2998046875,4167.2001953125,4165.10009765625,4165.39990234375,78.0,yahoo,GC=F
2026-10-06T00:37:00Z,4164.89990234375,4165.0,4163.0,4163.0,137.0,yahoo,GC=F
2026-10-06T00:38:00Z,4163.5,4165.5,4163.5,4165.10009765625,18.0,yahoo,GC=F
2026-10-06T00:39:00Z,4164.2998046875,4164.5,4163.7001953125,4164.0,19.0,yahoo,GC=F
2026-10-06T00:40:00Z,4164.2998046875,4164.7001953125,4163.89990234375,4164.39990234375,22.0,yahoo,GC=F
2026-10-06T00:41:00Z,4164.2001953125,4164.2001953125,4163.2001953125,4164.0,25.0,yahoo,GC=F
2026-10-06T00:42:00Z,4164.2998046875,4164.7998046875,4163.10009765625,4163.10009765625,29.0,yahoo,GC=F
2026-10-06T00:43:00Z,4163.0,4165.2001953125,4162.89990234375,4165.2001953125,27.0,yahoo,GC=F
2026-10-06T00:44:00Z,4165.2998046875,4165.5,4165.0,4165.2998046875,12.0,yahoo,GC=F
2026-10-06T00:45:00Z,4166.0,4167.2001953125,4165.5,4167.10009765625,44.0,yahoo,GC=F
2026-10-06T00:46:00Z,4167.60009765625,4169.2998046875,4167.2998046875,4169.0,51.0,yahoo,GC=F
2026-10-06T00:47:00Z,4169.0,4170.5,4169.0,4169.89990234375,58.0,yahoo,GC=F
2026-10-06T00:48:00Z,4169.39990234375,4169.7998046875,4168.5,4169.39990234375,27.0,yahoo,GC=F
2026-10-06T00:49:00Z,4170.2001953125,4173.10009765625,4170.2001953125,4172.10009765625,89.0,yahoo,GC=F
2026-10-06T00:50:00Z,4172.5,4173.5,4171.7001953125,4173.2001953125,60.0,yahoo,GC=F
2026-10-06T00:51:00Z,4172.60009765625,4173.7998046875,4172.2998046875,4173.7001953125,32.0,yahoo,GC=F
2026-10-06T00:52:00Z,4173.5,4173.7998046875,4173.10009765625,4173.60009765625,32.0,yahoo,GC=F
2026-10-06T00:53:00Z,4173.2001953125,4174.10009765625,4173.10009765625,4173.7998046875,25.0,yahoo,GC=F
2026-10-06T00:54:00Z,4173.5,4173.7998046875,4172.7998046875,4173.39990234375,29.0,yahoo,GC=F
2026-10-06T00:55:00Z,4173.60009765625,4174.60009765625,4172.7998046875,4172.89990234375,53.0,yahoo,GC=F
2026-10-06T00:56:00Z,4172.7001953125,4173.10009765625,4171.5,4172.7001953125,44.0,yahoo,GC=F
2026-10-06T00:57:00Z,4172.2001953125,4173.60009765625,4172.10009765625,4173.2998046875,80.0,yahoo,GC=F
2026-10-06T00:58:00Z,4173.2001953125,4174.2998046875,4173.0,4173.89990234375,55.0,yahoo,GC=F
2026-10-06T00:59:00Z,4174.10009765625,4178.7998046875,4174.10009765625,4178.2998046875,193.0,yahoo,GC=F
2026-10-06T01:00:00Z,4177.89990234375,4179.60009765625,4177.10009765625,4177.2998046875,144.0,yahoo,GC=F
2026-10-06T01:01:00Z,4176.60009765625,4177.7001953125,4175.10009765625,4177.7001953125,96.0,yahoo,GC=F
2026-10-06T01:02:00Z,4177.2001953125,4177.7001953125,4174.60009765625,4175.10009765625,70.0,yahoo,GC=F
2026-10-06T01:03:00Z,4175.7998046875,4176.5,4173.60009765625,4174.2001953125,86.0,yahoo,GC=F
2026-10-06T01:04:00Z,4174.10009765625,4175.2998046875,4173.7001953125,4175.2001953125,43.0,yahoo,GC=F
2026-10-06T01:05:00Z,4175.0,4175.60009765625,4174.10009765625,4175.2001953125,32.0,yahoo,GC=F
2026-10-06T01:06:00Z,4175.0,4176.2001953125,4174.60009765625,4175.89990234375,24.0,yahoo,GC=F
2026-10-06T01:07:00Z,4176.10009765625,4177.7001953125,4176.10009765625,4177.7001953125,31.0,yahoo,GC=F
2026-10-06T01:08:00Z,4178.0,4178.7001953125,4177.60009765625,4178.2998046875,32.0,yahoo,GC=F
2026-10-06T01:09:00Z,4178.39990234375,4179.2998046875,4178.2998046875,4178.60009765625,40.0,yahoo,GC=F
2026-10-06T01:10:00Z,4178.0,4179.5,4177.89990234375,4179.2001953125,24.0,yahoo,GC=F
2026-10-06T01:11:00Z,4178.60009765625,4178.60009765625,4176.7001953125,4177.0,23.0,yahoo,GC=F
2026-10-06T01:12:00Z,4177.2001953125,4178.0,4176.10009765625,4176.2001953125,44.0,yahoo,GC=F
2026-10-06T01:13:00Z,4176.2998046875,4176.89990234375,4176.0,4176.2998046875,31.0,yahoo,GC=F
2026-10-06T01:14:00Z,4176.2998046875,4177.2001953125,4176.2001953125,4176.7998046875,31.0,yahoo,GC=F
2026-10-06T01:15:00Z,4176.7001953125,4176.7998046875,4173.2001953125,4173.60009765625,89.0,yahoo,GC=F
2026-10-06T01:16:00Z,4174.60009765625,4174.89990234375,4171.5,4172.0,149.0,yahoo,GC=F
2026-10-06T01:17:00Z,4171.7001953125,4172.7001953125,4171.2998046875,4172.2998046875,45.0,yahoo,GC=F
2026-10-06T01:18:00Z,4171.89990234375,4172.2998046875,4170.7998046875,4171.10009765625,73.0,yahoo,GC=F
2026-10-06T01:19:00Z,4171.5,4171.5,4168.2998046875,4169.39990234375,167.0,yahoo,GC=F
2026-10-06T01:20:00Z,4168.89990234375,4169.7001953125,4168.0,4168.0,71.0,yahoo,GC=F
2026-10-06T01:21:00Z,4167.7998046875,4168.39990234375,4166.89990234375,4167.60009765625,102.0,yahoo,GC=F
2026-10-06T01:22:00Z,4167.60009765625,4168.10009765625,4167.10009765625,4167.89990234375,29.0,yahoo,GC=F
2026-10-06T01:23:00Z,4168.0,4168.60009765625,4167.39990234375,4168.2998046875,26.0,yahoo,GC=F
2026-10-06T01:24:00Z,4168.39990234375,4168.89990234375,4166.10009765625,4166.7001953125,52.0,yahoo,GC=F
2026-10-06T01:25:00Z,4166.7001953125,4167.0,4164.89990234375,4166.10009765625,90.0,yahoo,GC=F
2026-10-06T01:26:00Z,4165.0,4165.0,4162.7001953125,4164.2998046875,116.0,yahoo,GC=F
2026-10-06T01:27:00Z,4165.0,4165.7001953125,4164.7998046875,4165.39990234375,75.0,yahoo,GC=F
2026-10-06T01:28:00Z,4165.5,4165.5,4164.0,4164.5,17.0,yahoo,GC=F
2026-10-06T01:29:00Z,4164.0,4164.60009765625,4163.39990234375,4163.5,48.0,yahoo,GC=F
2026-10-06T01:30:00Z,4163.39990234375,4163.39990234375,4161.7998046875,4162.7998046875,53.0,yahoo,GC=F
2026-10-06T01:31:00Z,4162.89990234375,4163.7998046875,4161.10009765625,4163.2998046875,111.0,yahoo,GC=F
2026-10-06T01:32:00Z,4163.2998046875,4164.7001953125,4163.10009765625,4164.7001953125,54.0,yahoo,GC=F
2026-10-06T01:33:00Z,4165.10009765625,4165.39990234375,4163.89990234375,4164.7001953125,53.0,yahoo,GC=F
2026-10-06T01:34:00Z,4164.7998046875,4165.2001953125,4162.7001953125,4162.89990234375,40.0,yahoo,GC=F
2026-10-06T01:35:00Z,4162.7998046875,4164.39990234375,4162.10009765625,4163.60009765625,75.0,yahoo,GC=F
2026-10-06T01:36:00Z,4163.2998046875,4164.60009765625,4163.0,4163.89990234375,44.0,yahoo,GC=F
2026-10-06T01:37:00Z,4164.2998046875,4165.0,4162.89990234375,4163.39990234375,52.0,yahoo,GC=F
2026-10-06T01:38:00Z,4163.39990234375,4163.60009765625,4160.7998046875,4161.7998046875,140.0,yahoo,GC=F
2026-10-06T01:39:00Z,4161.5,4162.39990234375,4161.0,4161.5,55.0,yahoo,GC=F
2026-10-06T01:40:00Z,4161.39990234375,4161.39990234375,4158.39990234375,4158.60009765625,162.0,yahoo,GC=F
2026-10-06T01:41:00Z,4158.89990234375,4159.60009765625,4158.2998046875,4159.2001953125,97.0,yahoo,GC=F
2026-10-06T01:42:00Z,4159.39990234375,4159.89990234375,4158.0,4159.5,127.0,yahoo,GC=F
2026-10-06T01:43:00Z,4159.5,4160.5,4159.39990234375,4159.7998046875,43.0,yahoo,GC=F
2026-10-06T01:44:00Z,4160.0,4161.39990234375,4160.0,4160.2998046875,36.0,yahoo,GC=F
2026-10-06T01:45:00Z,4160.10009765625,4160.7998046875,4159.60009765625,4160.2001953125,48.0,yahoo,GC=F
2026-10-06T01:46:00Z,4159.89990234375,4159.89990234375,4157.89990234375,4159.0,94.0,yahoo,GC=F
2026-10-06T01:47:00Z,4158.7998046875,4159.10009765625,4158.0,4159.10009765625,25.0,yahoo,GC=F
2026-10-06T01:48:00Z,4159.2001953125,4159.7001953125,4158.2998046875,4159.0,28.0,yahoo,GC=F
2026-10-06T01:49:00Z,4159.2001953125,4160.0,4158.10009765625,4158.2001953125,64.0,yahoo,GC=F
2026-10-06T01:50:00Z,4158.2001953125,4159.7998046875,4158.0,4159.7001953125,51.0,yahoo,GC=F
2026-10-06T01:51:00Z,4159.7998046875,4160.60009765625,4159.7998046875,4160.5,31.0,yahoo,GC=F
2026-10-06T01:52:00Z,4160.39990234375,4160.5,4158.39990234375,4158.39990234375,64.0,yahoo,GC=F
2026-10-06T01:53:00Z,4158.10009765625,4158.5,4157.10009765625,4157.2998046875,59.0,yahoo,GC=F
2026-10-06T01:54:00Z,4157.0,4157.60009765625,4156.7998046875,4156.89990234375,31.0,yahoo,GC=F
2026-10-06T01:55:00Z,4156.7001953125,4157.10009765625,4156.0,4157.10009765625,98.0,yahoo,GC=F
2026-10-06T01:56:00Z,4156.89990234375,4158.7998046875,4156.5,4158.7998046875,41.0,yahoo,GC=F
2026-10-06T01:57:00Z,4158.60009765625,4158.60009765625,4157.60009765625,4158.2998046875,33.0,yahoo,GC=F
2026-10-06T01:58:00Z,4158.39990234375,4158.5,4157.60009765625,4158.10009765625,45.0,yahoo,GC=F
2026-10-06T01:59:00Z,4157.7998046875,4157.7998046875,4156.2001953125,4157.2001953125,50.0,yahoo,GC=F
2026-10-06T02:00:00Z,4157.0,4158.0,4156.7998046875,4156.7998046875,30.0,yahoo,GC=F
2026-10-06T02:01:00Z,4156.7998046875,4156.7998046875,4156.0,4156.5,46.0,yahoo,GC=F
2026-10-06T02:02:00Z,4156.60009765625,4157.10009765625,4156.2998046875,4156.7998046875,37.0,yahoo,GC=F
2026-10-06T02:03:00Z,4156.60009765625,4157.0,4156.39990234375,4156.89990234375,25.0,yahoo,GC=F
2026-10-06T02:04:00Z,4156.60009765625,4156.60009765625,4155.60009765625,4155.60009765625,35.0,yahoo,GC=F
2026-10-06T02:05:00Z,4155.2001953125,4156.39990234375,4155.10009765625,4156.10009765625,37.0,yahoo,GC=F
2026-10-06T02:06:00Z,4156.5,4156.7998046875,4156.39990234375,4156.39990234375,16.0,yahoo,GC=F
2026-10-06T02:07:00Z,4156.60009765625,4157.60009765625,4156.39990234375,4157.2998046875,20.0,yahoo,GC=F
2026-10-06T02:08:00Z,4157.2001953125,4157.39990234375,4156.7001953125,4157.2998046875,17.0,yahoo,GC=F
2026-10-06T02:09:00Z,4157.60009765625,4157.7001953125,4156.10009765625,4157.2998046875,44.0,yahoo,GC=F
2026-10-06T02:10:00Z,4157.5,4157.5,4156.5,4156.89990234375,22.0,yahoo,GC=F
2026-10-06T02:11:00Z,4156.89990234375,4157.60009765625,4156.2001953125,4156.7001953125,22.0,yahoo,GC=F
2026-10-06T02:12:00Z,4156.39990234375,4156.7998046875,4154.7001953125,4156.10009765625,146.0,yahoo,GC=F
2026-10-06T02:13:00Z,4156.60009765625,4156.60009765625,4155.89990234375,4156.2998046875,51.0,yahoo,GC=F
2026-10-06T02:14:00Z,4156.2998046875,4158.0,4156.0,4157.5,33.0,yahoo,GC=F
2026-10-06T02:15:00Z,4157.7998046875,4158.2001953125,4157.39990234375,4157.39990234375,45.0,yahoo,GC=F
2026-10-06T02:16:00Z,4157.89990234375,4158.2998046875,4157.0,4157.2001953125,19.0,yahoo,GC=F
2026-10-06T02:17:00Z,4156.5,4157.60009765625,4156.5,4157.10009765625,17.0,yahoo,GC=F
2026-10-06T02:18:00Z,4157.7001953125,4158.60009765625,4156.39990234375,4156.39990234375,47.0,yahoo,GC=F
2026-10-06T02:19:00Z,4156.2998046875,4156.7998046875,4155.7998046875,4156.2998046875,53.0,yahoo,GC=F
2026-10-06T02:20:00Z,4156.60009765625,4157.60009765625,4156.10009765625,4157.2998046875,79.0,yahoo,GC=F
2026-10-06T02:21:00Z,4157.2998046875,4157.2998046875,4155.89990234375,4155.89990234375,91.0,yahoo,GC=F
2026-10-06T02:22:00Z,4155.7001953125,4156.0,4154.2001953125,4155.7998046875,116.0,yahoo,GC=F
2026-10-06T02:23:00Z,4155.7998046875,4156.2001953125,4155.5,4155.7998046875,10.0,yahoo,GC=F
2026-10-06T02:24:00Z,4155.89990234375,4156.10009765625,4155.2998046875,4155.5,20.0,yahoo,GC=F
2026-10-06T02:25:00Z,4155.10009765625,4155.7998046875,4155.10009765625,4155.7998046875,9.0,yahoo,GC=F
2026-10-06T02:26:00Z,4155.2998046875,4155.2998046875,4153.89990234375,4154.2998046875,54.0,yahoo,GC=F
2026-10-06T02:27:00Z,4154.10009765625,4154.5,4153.60009765625,4154.0,47.0,yahoo,GC=F
2026-10-06T02:28:00Z,4154.2998046875,4154.2998046875,4153.7001953125,4153.89990234375,17.0,yahoo,GC=F
2026-10-06T02:29:00Z,4153.7998046875,4154.0,4153.39990234375,4153.7001953125,35.0,yahoo,GC=F
2026-10-06T02:30:00Z,4153.89990234375,4154.5,4152.0,4153.39990234375,183.0,yahoo,GC=F
2026-10-06T02:31:00Z,4153.60009765625,4153.89990234375,4153.2001953125,4153.2998046875,26.0,yahoo,GC=F
2026-10-06T02:32:00Z,4153.2998046875,4155.2998046875,4152.89990234375,4154.2998046875,69.0,yahoo,GC=F
2026-10-06T02:33:00Z,4154.2998046875,4154.2998046875,4153.5,4153.60009765625,34.0,yahoo,GC=F
2026-10-06T02:34:00Z,4153.39990234375,4153.7998046875,4148.2998046875,4149.60009765625,776.0,yahoo,GC=F
2026-10-06T02:35:00Z,4149.39990234375,4149.5,4130.7001953125,4142.5,3065.0,yahoo,GC=F
2026-10-06T02:36:00Z,4143.2998046875,4144.10009765625,4141.39990234375,4142.5,296.0,yahoo,GC=F
2026-10-06T02:37:00Z,4142.5,4149.5,4142.39990234375,4149.2001953125,279.0,yahoo,GC=F
2026-10-06T02:38:00Z,4149.7998046875,4153.2998046875,4147.7998046875,4148.2998046875,329.0,yahoo,GC=F
2026-10-06T02:39:00Z,4148.2998046875,4149.7998046875,4147.2001953125,4149.39990234375,107.0,yahoo,GC=F
2026-10-06T02:40:00Z,4149.39990234375,4150.0,4148.2001953125,4149.60009765625,95.0,yahoo,GC=F
2026-10-06T02:41:00Z,4149.7001953125,4150.0,4148.60009765625,4149.39990234375,70.0,yahoo,GC=F
2026-10-06T02:42:00Z,4149.7001953125,4150.7998046875,4149.2998046875,4150.2998046875,56.0,yahoo,GC=F
2026-10-06T02:43:00Z,4150.2001953125,4150.2001953125,4149.10009765625,4149.10009765625,15.0,yahoo,GC=F
2026-10-06T02:44:00Z,4149.0,4149.2001953125,4148.60009765625,4148.60009765625,19.0,yahoo,GC=F
2026-10-06T02:45:00Z,4148.5,4149.5,4148.39990234375,4149.0,77.0,yahoo,GC=F
2026-10-06T02:46:00Z,4149.0,4149.7001953125,4148.39990234375,4148.39990234375,47.0,yahoo,GC=F
2026-10-06T02:47:00Z,4148.2001953125,4149.89990234375,4148.0,4149.89990234375,39.0,yahoo,GC=F
2026-10-06T02:48:00Z,4150.0,4151.7998046875,4149.7001953125,4151.7998046875,93.0,yahoo,GC=F
2026-10-06T02:49:00Z,4151.89990234375,4156.2001953125,4151.89990234375,4155.39990234375,224.0,yahoo,GC=F
2026-10-06T02:50:00Z,4155.5,4158.0,4155.5,4156.39990234375,161.0,yahoo,GC=F
2026-10-06T02:51:00Z,4156.89990234375,4162.7998046875,4156.89990234375,4161.5,351.0,yahoo,GC=F
2026-10-06T02:52:00Z,4161.7001953125,4163.0,4161.39990234375,4162.0,113.0,yahoo,GC=F
2026-10-06T02:53:00Z,4162.2998046875,4166.2001953125,4162.0,4164.5,292.0,yahoo,GC=F
2026-10-06T02:54:00Z,4164.5,4164.7001953125,4163.7998046875,4163.7998046875,69.0,yahoo,GC=F
2026-10-06T02:55:00Z,4163.7001953125,4165.10009765625,4162.89990234375,4163.89990234375,149.0,yahoo,GC=F
2026-10-06T02:56:00Z,4163.89990234375,4163.89990234375,4161.2001953125,4161.7001953125,88.0,yahoo,GC=F
2026-10-06T02:57:00Z,4161.39990234375,4161.39990234375,4159.0,4159.0,289.0,yahoo,GC=F
2026-10-06T02:58:00Z,4158.7998046875,4159.89990234375,4157.2998046875,4157.60009765625,166.0,yahoo,GC=F
2026-10-06T02:59:00Z,4157.7001953125,4157.7001953125,4156.2001953125,4157.39990234375,178.0,yahoo,GC=F
2026-10-06T03:00:00Z,4157.60009765625,4158.39990234375,4156.39990234375,4157.89990234375,119.0,yahoo,GC=F
2026-10-06T03:01:00Z,4157.10009765625,4158.5,4156.7001953125,4158.5,77.0,yahoo,GC=F
2026-10-06T03:02:00Z,4159.2001953125,4159.7998046875,4157.39990234375,4159.7998046875,123.0,yahoo,GC=F
2026-10-06T03:03:00Z,4159.89990234375,4160.10009765625,4158.7001953125,4158.7001953125,55.0,yahoo,GC=F
2026-10-06T03:04:00Z,4158.60009765625,4159.89990234375,4158.39990234375,4159.5,97.0,yahoo,GC=F
2026-10-06T03:05:00Z,4159.60009765625,4159.7998046875,4159.0,4159.2001953125,23.0,yahoo,GC=F
2026-10-06T03:06:00Z,4159.7001953125,4160.10009765625,4158.0,4158.0,29.0,yahoo,GC=F
2026-10-06T03:07:00Z,4158.2001953125,4159.10009765625,4157.7001953125,4157.7001953125,26.0,yahoo,GC=F
2026-10-06T03:08:00Z,4157.7001953125,4157.7001953125,4156.89990234375,4156.89990234375,44.0,yahoo,GC=F
2026-10-06T03:09:00Z,4156.60009765625,4157.39990234375,4156.10009765625,4156.7001953125,29.0,yahoo,GC=F
2026-10-06T03:10:00Z,4156.39990234375,4157.39990234375,4156.2998046875,4157.2001953125,35.0,yahoo,GC=F
2026-10-06T03:11:00Z,4157.0,4157.39990234375,4156.10009765625,4156.10009765625,21.0,yahoo,GC=F
2026-10-06T03:12:00Z,4156.2001953125,4157.10009765625,4155.89990234375,4156.89990234375,26.0,yahoo,GC=F
2026-10-06T03:13:00Z,4157.0,4157.10009765625,4156.39990234375,4156.39990234375,14.0,yahoo,GC=F
2026-10-06T03:14:00Z,4156.39990234375,4156.60009765625,4155.60009765625,4155.7001953125,16.0,yahoo,GC=F
2026-10-06T03:15:00Z,4155.5,4156.10009765625,4153.7998046875,4155.89990234375,79.0,yahoo,GC=F
2026-10-06T03:16:00Z,4156.0,4156.60009765625,4155.10009765625,4156.39990234375,26.0,yahoo,GC=F
2026-10-06T03:17:00Z,4155.7001953125,4156.2001953125,4155.60009765625,4155.60009765625,13.0,yahoo,GC=F
2026-10-06T03:18:00Z,4155.10009765625,4156.5,4155.0,4155.39990234375,35.0,yahoo,GC=F
2026-10-06T03:19:00Z,4155.2001953125,4156.60009765625,4154.7998046875,4156.2998046875,95.0,yahoo,GC=F
2026-10-06T03:20:00Z,4156.2001953125,4157.0,4155.39990234375,4155.39990234375,75.0,yahoo,GC=F
2026-10-06T03:21:00Z,4155.2001953125,4157.2001953125,4155.10009765625,4157.0,82.0,yahoo,GC=F
2026-10-06T03:22:00Z,4157.10009765625,4157.7998046875,4156.89990234375,4157.2001953125,32.0,yahoo,GC=F
2026-10-06T03:23:00Z,4157.0,4158.10009765625,4155.39990234375,4157.10009765625,98.0,yahoo,GC=F
2026-10-06T03:24:00Z,4157.7001953125,4157.7001953125,4155.89990234375,4156.39990234375,25.0,yahoo,GC=F
2026-10-06T03:25:00Z,4156.5,4156.89990234375,4156.0,4156.0,17.0,yahoo,GC=F
2026-10-06T03:26:00Z,4155.60009765625,4155.7998046875,4154.7001953125,4155.39990234375,12.0,yahoo,GC=F
2026-10-06T03:27:00Z,4155.2001953125,4155.2001953125,4153.5,4154.2001953125,26.0,yahoo,GC=F
2026-10-06T03:28:00Z,4153.7998046875,4154.10009765625,4153.2001953125,4154.0,45.0,yahoo,GC=F
2026-10-06T03:29:00Z,4154.2998046875,4155.5,4154.2998046875,4155.10009765625,93.0,yahoo,GC=F
2026-10-06T03:30:00Z,4154.7998046875,4154.7998046875,4152.10009765625,4153.39990234375,87.0,yahoo,GC=F
2026-10-06T03:31:00Z,4153.39990234375,4154.7001953125,4152.60009765625,4153.7001953125,50.0,yahoo,GC=F
2026-10-06T03:32:00Z,4153.60009765625,4154.0,4153.2001953125,4153.2998046875,30.0,yahoo,GC=F
2026-10-06T03:33:00Z,4153.7998046875,4153.89990234375,4153.5,4153.7001953125,6.0,yahoo,GC=F
2026-10-06T03:34:00Z,4153.39990234375,4153.5,4151.89990234375,4152.0,36.0,yahoo,GC=F
2026-10-06T03:35:00Z,4152.0,4152.5,4151.7998046875,4152.0,31.0,yahoo,GC=F
2026-10-06T03:36:00Z,4152.0,4152.7001953125,4151.89990234375,4152.2998046875,25.0,yahoo,GC=F
2026-10-06T03:37:00Z,4152.2998046875,4155.2001953125,4151.7998046875,4153.89990234375,64.0,yahoo,GC=F
2026-10-06T03:38:00Z,4154.10009765625,4155.2001953125,4153.10009765625,4155.10009765625,132.0,yahoo,GC=F
2026-10-06T03:39:00Z,4154.89990234375,4155.0,4152.7998046875,4152.7998046875,62.0,yahoo,GC=F
2026-10-06T03:40:00Z,4152.60009765625,4152.60009765625,4151.0,4152.60009765625,146.0,yahoo,GC=F
2026-10-06T03:41:00Z,4152.7001953125,4155.0,4152.7001953125,4155.0,64.0,yahoo,GC=F
2026-10-06T03:42:00Z,4155.5,4156.2998046875,4154.10009765625,4156.10009765625,35.0,yahoo,GC=F
2026-10-06T03:43:00Z,4156.5,4158.2998046875,4156.5,4158.2001953125,42.0,yahoo,GC=F
2026-10-06T03:44:00Z,4158.2001953125,4160.7998046875,4157.89990234375,4158.89990234375,124.0,yahoo,GC=F
2026-10-06T03:45:00Z,4158.60009765625,4159.2001953125,4158.39990234375,4158.39990234375,43.0,yahoo,GC=F
2026-10-06T03:46:00Z,4158.7001953125,4159.5,4158.2001953125,4158.7998046875,49.0,yahoo,GC=F
2026-10-06T03:47:00Z,4158.39990234375,4158.89990234375,4157.60009765625,4158.39990234375,94.0,yahoo,GC=F
2026-10-06T03:48:00Z,4158.60009765625,4158.60009765625,4155.10009765625,4156.7998046875,218.0,yahoo,GC=F
2026-10-06T03:49:00Z,4156.60009765625,4158.7998046875,4156.2001953125,4158.2998046875,80.0,yahoo,GC=F
2026-10-06T03:50:00Z,4158.89990234375,4159.0,4157.0,4157.0,38.0,yahoo,GC=F
2026-10-06T03:51:00Z,4157.10009765625,4157.2998046875,4155.89990234375,4156.60009765625,45.0,yahoo,GC=F
2026-10-06T03:52:00Z,4156.5,4156.5,4155.10009765625,4155.2998046875,50.0,yahoo,GC=F
2026-10-06T03:53:00Z,4155.10009765625,4155.2998046875,4153.60009765625,4153.7998046875,75.0,yahoo,GC=F
2026-10-06T03:54:00Z,4154.2001953125,4154.2998046875,4151.39990234375,4151.89990234375,97.0,yahoo,GC=F
2026-10-06T03:55:00Z,4151.7998046875,4153.89990234375,4151.7998046875,4152.7998046875,145.0,yahoo,GC=F
2026-10-06T03:56:00Z,4153.0,4153.89990234375,4152.7998046875,4153.7001953125,19.0,yahoo,GC=F
2026-10-06T03:57:00Z,4154.0,4154.5,4153.5,4153.60009765625,37.0,yahoo,GC=F
2026-10-06T03:58:00Z,4154.0,4154.5,4153.7998046875,4154.5,19.0,yahoo,GC=F
2026-10-06T04:00:00Z,4155.7998046875,4156.7998046875,4155.5,4155.7998046875,27.0,yahoo,GC=F
2026-10-06T04:01:00Z,4156.10009765625,4156.2001953125,4154.2001953125,4155.10009765625,50.0,yahoo,GC=F
2026-10-06T04:02:00Z,4154.7001953125,4157.10009765625,4154.7001953125,4156.0,31.0,yahoo,GC=F
2026-10-06T04:03:00Z,4156.2001953125,4157.2001953125,4156.2001953125,4157.0,20.0,yahoo,GC=F
2026-10-06T04:04:00Z,4157.10009765625,4157.5,4156.2998046875,4157.2998046875,23.0,yahoo,GC=F
2026-10-06T04:05:00Z,4157.2998046875,4157.7001953125,4156.60009765625,4156.7998046875,12.0,yahoo,GC=F
2026-10-06T04:06:00Z,4156.89990234375,4157.5,4156.2001953125,4156.2001953125,22.0,yahoo,GC=F
2026-10-06T04:07:00Z,4156.2001953125,4156.7998046875,4156.2001953125,4156.7998046875,7.0,yahoo,GC=F
2026-10-06T04:08:00Z,4156.89990234375,4156.89990234375,4156.7001953125,4156.7001953125,5.0,yahoo,GC=F
2026-10-06T04:09:00Z,4157.0,4158.0,4157.0,4157.2001953125,23.0,yahoo,GC=F
2026-10-06T04:10:00Z,4157.39990234375,4157.39990234375,4154.89990234375,4155.2998046875,43.0,yahoo,GC=F
2026-10-06T04:11:00Z,4155.0,4155.0,4153.7998046875,4153.7998046875,15.0,yahoo,GC=F
2026-10-06T04:12:00Z,4153.39990234375,4153.7998046875,4152.89990234375,4153.7998046875,38.0,yahoo,GC=F
2026-10-06T04:13:00Z,4153.2001953125,4154.5,4153.10009765625,4153.89990234375,24.0,yahoo,GC=F
2026-10-06T04:14:00Z,4153.39990234375,4153.39990234375,4152.5,4153.0,10.0,yahoo,GC=F
2026-10-06T04:15:00Z,4152.7998046875,4153.2998046875,4152.7001953125,4153.2001953125,22.0,yahoo,GC=F
2026-10-06T04:16:00Z,4152.7998046875,4153.2001953125,4152.7001953125,4153.2001953125,32.0,yahoo,GC=F
2026-10-06T04:17:00Z,4153.2998046875,4153.2998046875,4152.60009765625,4152.60009765625,19.0,yahoo,GC=F
2026-10-06T04:18:00Z,4152.7998046875,4153.89990234375,4152.7998046875,4153.7998046875,16.0,yahoo,GC=F
2026-10-06T04:19:00Z,4153.7998046875,4154.0,4153.2001953125,4154.0,38.0,yahoo,GC=F
2026-10-06T04:20:00Z,4154.2998046875,4154.2998046875,4153.7998046875,4153.89990234375,9.0,yahoo,GC=F
2026-10-06T04:21:00Z,4154.2001953125,4154.7001953125,4153.89990234375,4154.7001953125,13.0,yahoo,GC=F
2026-10-06T04:22:00Z,4154.7998046875,4155.0,4154.2001953125,4154.5,43.0,yahoo,GC=F
2026-10-06T04:23:00Z,4155.0,4155.39990234375,4153.60009765625,4153.7998046875,41.0,yahoo,GC=F
2026-10-06T04:24:00Z,4154.0,4154.0,4152.89990234375,4153.89990234375,20.0,yahoo,GC=F
2026-10-06T04:25:00Z,4154.10009765625,4154.10009765625,4153.5,4153.5,8.0,yahoo,GC=F
2026-10-06T04:26:00Z,4153.60009765625,4154.0,4153.60009765625,4154.0,7.0,yahoo,GC=F
2026-10-06T04:27:00Z,4154.0,4154.0,4153.2998046875,4153.2998046875,5.0,yahoo,GC=F
2026-10-06T04:28:00Z,4153.39990234375,4153.39990234375,4152.7001953125,4152.89990234375,16.0,yahoo,GC=F
2026-10-06T04:29:00Z,4153.2001953125,4154.2998046875,4152.89990234375,4154.2001953125,106.0,yahoo,GC=F
2026-10-06T04:30:00Z,4154.2001953125,4155.0,4153.89990234375,4154.60009765625,43.0,yahoo,GC=F
2026-10-06T04:31:00Z,4154.5,4154.5,4153.60009765625,4153.89990234375,16.0,yahoo,GC=F
2026-10-06T04:32:00Z,4153.7998046875,4153.7998046875,4152.5,4153.0,24.0,yahoo,GC=F
2026-10-06T04:33:00Z,4153.10009765625,4153.7998046875,4153.0,4153.2998046875,19.0,yahoo,GC=F
2026-10-06T04:34:00Z,4153.0,4153.5,4151.7998046875,4152.5,61.0,yahoo,GC=F
2026-10-06T04:35:00Z,4152.60009765625,4153.5,4152.5,4153.5,34.0,yahoo,GC=F
2026-10-06T04:36:00Z,4152.89990234375,4154.39990234375,4152.5,4154.0,197.0,yahoo,GC=F
2026-10-06T04:37:00Z,4153.60009765625,4154.2001953125,4152.89990234375,4153.89990234375,116.0,yahoo,GC=F
2026-10-06T04:38:00Z,4153.2998046875,4153.2998046875,4150.5,4151.7998046875,224.0,yahoo,GC=F
2026-10-06T04:39:00Z,4151.39990234375,4151.7998046875,4150.39990234375,4150.39990234375,31.0,yahoo,GC=F
2026-10-06T04:40:00Z,4150.5,4150.5,4148.10009765625,4150.0,177.0,yahoo,GC=F
2026-10-06T04:41:00Z,4150.0,4150.7998046875,4149.60009765625,4150.2998046875,50.0,yahoo,GC=F
2026-10-06T04:42:00Z,4150.10009765625,4150.5,4147.39990234375,4148.7001953125,63.0,yahoo,GC=F
2026-10-06T04:43:00Z,4148.5,4149.0,4147.5,4148.60009765625,102.0,yahoo,GC=F
2026-10-06T04:44:00Z,4148.7001953125,4148.7998046875,4148.0,4148.2998046875,23.0,yahoo,GC=F
2026-10-06T04:45:00Z,4148.10009765625,4148.60009765625,4148.10009765625,4148.60009765625,18.0,yahoo,GC=F
2026-10-06T04:46:00Z,4148.2001953125,4148.7001953125,4147.7001953125,4148.60009765625,26.0,yahoo,GC=F
2026-10-06T04:47:00Z,4148.10009765625,4148.2001953125,4147.89990234375,4147.89990234375,10.0,yahoo,GC=F
2026-10-06T04:48:00Z,4148.2001953125,4148.7998046875,4147.2998046875,4147.39990234375,39.0,yahoo,GC=F
2026-10-06T04:49:00Z,4147.39990234375,4148.0,4147.0,4147.7998046875,47.0,yahoo,GC=F
2026-10-06T04:50:00Z,4147.5,4147.7001953125,4147.10009765625,4147.2998046875,36.0,yahoo,GC=F
2026-10-06T04:51:00Z,4147.7001953125,4148.0,4147.2001953125,4147.39990234375,36.0,yahoo,GC=F
2026-10-06T04:52:00Z,4147.5,4147.7998046875,4146.7998046875,4147.60009765625,44.0,yahoo,GC=F
2026-10-06T04:53:00Z,4147.7998046875,4150.39990234375,4147.60009765625,4148.89990234375,183.0,yahoo,GC=F
2026-10-06T04:54:00Z,4149.39990234375,4151.2001953125,4148.7001953125,4150.7998046875,56.0,yahoo,GC=F
2026-10-06T04:55:00Z,4150.60009765625,4150.60009765625,4148.7001953125,4148.7001953125,43.0,yahoo,GC=F
2026-10-06T04:56:00Z,4149.39990234375,4150.39990234375,4149.0,4149.2001953125,69.0,yahoo,GC=F
2026-10-06T04:57:00Z,4149.0,4149.7001953125,4147.89990234375,4148.60009765625,44.0,yahoo,GC=F
2026-10-06T04:58:00Z,4148.7001953125,4149.7998046875,4148.60009765625,4149.2001953125,18.0,yahoo,GC=F
2026-10-06T04:59:00Z,4149.0,4149.2001953125,4148.10009765625,4148.2001953125,17.0,yahoo,GC=F
2026-10-06T05:00:00Z,4147.89990234375,4148.7998046875,4147.89990234375,4148.7998046875,34.0,yahoo,GC=F
2026-10-06T05:01:00Z,4148.2998046875,4150.2001953125,4148.2998046875,4150.2001953125,56.0,yahoo,GC=F
2026-10-06T05:02:00Z,4150.7998046875,4151.39990234375,4149.60009765625,4149.7001953125,24.0,yahoo,GC=F
2026-10-06T05:03:00Z,4149.89990234375,4150.2998046875,4148.7001953125,4149.2001953125,87.0,yahoo,GC=F
2026-10-06T05:04:00Z,4149.2001953125,4150.39990234375,4149.2001953125,4150.2001953125,40.0,yahoo,GC=F
2026-10-06T05:05:00Z,4150.10009765625,4151.39990234375,4150.10009765625,4150.39990234375,44.0,yahoo,GC=F
2026-10-06T05:06:00Z,4150.10009765625,4150.2001953125,4148.5,4149.0,27.0,yahoo,GC=F
2026-10-06T05:07:00Z,4149.0,4149.0,4148.5,4148.5,8.0,yahoo,GC=F
2026-10-06T05:08:00Z,4148.7998046875,4148.7998046875,4148.2001953125,4148.39990234375,12.0,yahoo,GC=F
2026-10-06T05:09:00Z,4148.39990234375,4149.7001953125,4148.39990234375,4149.5,18.0,yahoo,GC=F
2026-10-06T05:10:00Z,4148.7001953125,4148.7001953125,4146.7998046875,4147.2001953125,38.0,yahoo,GC=F
2026-10-06T05:11:00Z,4147.5,4147.60009765625,4147.10009765625,4147.2998046875,19.0,yahoo,GC=F
2026-10-06T05:12:00Z,4147.2998046875,4148.5,4147.2998046875,4148.5,20.0,yahoo,GC=F
2026-10-06T05:13:00Z,4148.60009765625,4149.60009765625,4148.5,4149.5,21.0,yahoo,GC=F
2026-10-06T05:14:00Z,4149.2001953125,4149.2998046875,4148.89990234375,4148.89990234375,18.0,yahoo,GC=F
2026-10-06T05:15:00Z,4148.39990234375,4150.0,4148.10009765625,4150.0,32.0,yahoo,GC=F
2026-10-06T05:16:00Z,4149.7998046875,4151.10009765625,4149.7998046875,4151.10009765625,12.0,yahoo,GC=F
2026-10-06T05:17:00Z,4151.5,4152.7998046875,4150.0,4150.0,75.0,yahoo,GC=F
2026-10-06T05:18:00Z,4150.2998046875,4150.7998046875,4149.89990234375,4150.2001953125,32.0,yahoo,GC=F
2026-10-06T05:19:00Z,4150.39990234375,4150.39990234375,4149.89990234375,4150.10009765625,27.0,yahoo,GC=F
2026-10-06T05:20:00Z,4149.7998046875,4150.60009765625,4149.7998046875,4150.39990234375,7.0,yahoo,GC=F
2026-10-06T05:21:00Z,4150.2998046875,4151.10009765625,4149.7998046875,4150.2998046875,33.0,yahoo,GC=F
2026-10-06T05:22:00Z,4150.60009765625,4150.7001953125,4149.60009765625,4149.89990234375,18.0,yahoo,GC=F
2026-10-06T05:23:00Z,4149.39990234375,4150.0,4149.2998046875,4149.89990234375,15.0,yahoo,GC=F
2026-10-06T05:24:00Z,4150.2001953125,4150.5,4149.7998046875,4150.39990234375,5.0,yahoo,GC=F
2026-10-06T05:25:00Z,4150.39990234375,4150.60009765625,4148.39990234375,4148.39990234375,8.0,yahoo,GC=F
2026-10-06T05:26:00Z,4148.60009765625,4149.5,4148.10009765625,4148.7001953125,27.0,yahoo,GC=F
2026-10-06T05:27:00Z,4148.10009765625,4148.39990234375,4146.60009765625,4147.5,63.0,yahoo,GC=F
2026-10-06T05:28:00Z,4147.7001953125,4148.2001953125,4147.39990234375,4148.2001953125,35.0,yahoo,GC=F
2026-10-06T05:29:00Z,4148.0,4148.7998046875,4148.0,4148.2001953125,13.0,yahoo,GC=F
2026-10-06T05:30:00Z,4148.2001953125,4148.2001953125,4146.60009765625,4147.2998046875,68.0,yahoo,GC=F
2026-10-06T05:31:00Z,4147.39990234375,4148.10009765625,4147.39990234375,4147.89990234375,19.0,yahoo,GC=F
2026-10-06T05:32:00Z,4147.89990234375,4148.2998046875,4147.89990234375,4148.0,12.0,yahoo,GC=F
2026-10-06T05:33:00Z,4147.89990234375,4147.89990234375,4147.7998046875,4147.7998046875,2.0,yahoo,GC=F
2026-10-06T05:34:00Z,4148.10009765625,4151.0,4148.10009765625,4150.5,60.0,yahoo,GC=F
2026-10-06T05:35:00Z,4150.60009765625,4150.60009765625,4149.5,4149.7998046875,16.0,yahoo,GC=F
2026-10-06T05:36:00Z,4150.10009765625,4151.7998046875,4149.7001953125,4149.89990234375,43.0,yahoo,GC=F
2026-10-06T05:37:00Z,4150.10009765625,4151.10009765625,4150.0,4150.89990234375,40.0,yahoo,GC=F
2026-10-06T05:38:00Z,4151.10009765625,4151.39990234375,4150.0,4150.10009765625,70.0,yahoo,GC=F
2026-10-06T05:39:00Z,4150.0,4150.0,4148.39990234375,4148.60009765625,39.0,yahoo,GC=F
2026-10-06T05:40:00Z,4148.39990234375,4149.0,4148.0,4148.60009765625,19.0,yahoo,GC=F
2026-10-06T05:41:00Z,4148.7998046875,4149.5,4148.2001953125,4149.0,48.0,yahoo,GC=F
2026-10-06T05:42:00Z,4149.2998046875,4149.39990234375,4148.10009765625,4148.60009765625,53.0,yahoo,GC=F
2026-10-06T05:43:00Z,4148.10009765625,4149.0,4148.10009765625,4148.7998046875,30.0,yahoo,GC=F
2026-10-06T05:44:00Z,4148.5,4148.89990234375,4148.2998046875,4148.60009765625,24.0,yahoo,GC=F
2026-10-06T05:45:00Z,4148.60009765625,4149.0,4148.0,4148.60009765625,30.0,yahoo,GC=F
2026-10-06T05:46:00Z,4148.5,4149.2001953125,4148.5,4149.2001953125,26.0,yahoo,GC=F
2026-10-06T05:47:00Z,4149.0,4149.5,4149.0,4149.39990234375,16.0,yahoo,GC=F
2026-10-06T05:48:00Z,4149.5,4149.5,4148.5,4149.10009765625,27.0,yahoo,GC=F
2026-10-06T05:49:00Z,4148.7998046875,4149.39990234375,4148.7001953125,4149.2001953125,16.0,yahoo,GC=F
2026-10-06T05:50:00Z,4148.89990234375,4149.2001953125,4147.7998046875,4148.2998046875,36.0,yahoo,GC=F
2026-10-06T05:51:00Z,4148.7001953125,4149.39990234375,4148.7001953125,4149.10009765625,25.0,yahoo,GC=F
2026-10-06T05:52:00Z,4149.39990234375,4149.7001953125,4147.60009765625,4147.89990234375,44.0,yahoo,GC=F
2026-10-06T05:53:00Z,4148.0,4148.2998046875,4146.5,4147.2001953125,65.0,yahoo,GC=F
2026-10-06T05:54:00Z,4147.10009765625,4147.2001953125,4146.10009765625,4146.7001953125,154.0,yahoo,GC=F
2026-10-06T05:55:00Z,4146.7998046875,4147.10009765625,4146.2001953125,4146.7001953125,125.0,yahoo,GC=F
2026-10-06T05:56:00Z,4146.7001953125,4147.5,4146.7001953125,4147.0,50.0,yahoo,GC=F
2026-10-06T05:57:00Z,4146.89990234375,4147.2001953125,4144.0,4144.0,245.0,yahoo,GC=F
2026-10-06T05:58:00Z,4143.7998046875,4145.89990234375,4143.2998046875,4145.89990234375,158.0,yahoo,GC=F
2026-10-06T05:59:00Z,4145.89990234375,4146.7001953125,4144.39990234375,4146.60009765625,253.0,yahoo,GC=F
2026-10-06T06:00:00Z,4146.2998046875,4147.5,4145.60009765625,4145.60009765625,640.0,yahoo,GC=F
2026-10-06T06:01:00Z,4145.39990234375,4145.60009765625,4142.10009765625,4143.2998046875,148.0,yahoo,GC=F
2026-10-06T06:02:00Z,4143.39990234375,4144.39990234375,4140.2998046875,4140.60009765625,299.0,yahoo,GC=F
2026-10-06T06:03:00Z,4140.60009765625,4143.7998046875,4140.10009765625,4143.60009765625,151.0,yahoo,GC=F
2026-10-06T06:04:00Z,4143.5,4144.89990234375,4142.10009765625,4143.7001953125,211.0,yahoo,GC=F
2026-10-06T06:05:00Z,4143.5,4145.60009765625,4143.5,4144.7001953125,80.0,yahoo,GC=F
2026-10-06T06:06:00Z,4144.5,4144.60009765625,4143.39990234375,4143.39990234375,24.0,yahoo,GC=F
2026-10-06T06:07:00Z,4143.5,4144.7001953125,4143.5,4144.2998046875,183.0,yahoo,GC=F
2026-10-06T06:08:00Z,4144.60009765625,4146.10009765625,4144.39990234375,4145.7998046875,108.0,yahoo,GC=F
2026-10-06T06:09:00Z,4145.60009765625,4147.39990234375,4145.5,4147.39990234375,65.0,yahoo,GC=F
2026-10-06T06:10:00Z,4147.60009765625,4148.0,4146.5,4146.7001953125,50.0,yahoo,GC=F
2026-10-06T06:11:00Z,4146.7998046875,4146.7998046875,4145.7998046875,4146.2001953125,57.0,yahoo,GC=F
2026-10-06T06:12:00Z,4146.5,4149.10009765625,4146.5,4148.60009765625,114.0,yahoo,GC=F
2026-10-06T06:13:00Z,4148.39990234375,4150.2998046875,4147.39990234375,4149.7001953125,109.0,yahoo,GC=F
2026-10-06T06:14:00Z,4149.5,4150.0,4148.89990234375,4149.60009765625,72.0,yahoo,GC=F
2026-10-06T06:15:00Z,4149.7998046875,4153.5,4149.7998046875,4153.2001953125,187.0,yahoo,GC=F
2026-10-06T06:16:00Z,4153.60009765625,4154.7001953125,4152.7998046875,4153.89990234375,141.0,yahoo,GC=F
2026-10-06T06:17:00Z,4153.2998046875,4155.7998046875,4153.10009765625,4154.2998046875,156.0,yahoo,GC=F
2026-10-06T06:18:00Z,4154.0,4154.2998046875,4152.5,4153.2998046875,83.0,yahoo,GC=F
2026-10-06T06:19:00Z,4153.5,4155.89990234375,4153.5,4155.2998046875,160.0,yahoo,GC=F
2026-10-06T06:20:00Z,4155.2998046875,4155.60009765625,4153.89990234375,4155.39990234375,73.0,yahoo,GC=F
2026-10-06T06:21:00Z,4155.0,4157.2001953125,4154.60009765625,4156.2001953125,188.0,yahoo,GC=F
2026-10-06T06:22:00Z,4156.2998046875,4157.0,4155.2001953125,4157.0,79.0,yahoo,GC=F
2026-10-06T06:23:00Z,4156.2001953125,4157.2998046875,4155.7998046875,4157.2998046875,42.0,yahoo,GC=F
2026-10-06T06:24:00Z,4157.2001953125,4158.5,4156.5,4158.39990234375,106.0,yahoo,GC=F
2026-10-06T06:25:00Z,4158.2998046875,4158.5,4156.7001953125,4158.2001953125,82.0,yahoo,GC=F
2026-10-06T06:26:00Z,4158.2001953125,4158.39990234375,4157.89990234375,4158.2998046875,26.0,yahoo,GC=F
2026-10-06T06:27:00Z,4158.5,4161.89990234375,4158.5,4160.60009765625,228.0,yahoo,GC=F
2026-10-06T06:28:00Z,4160.5,4161.7001953125,4160.0,4160.89990234375,161.0,yahoo,GC=F
2026-10-06T06:29:00Z,4161.0,4161.7001953125,4160.2998046875,4161.10009765625,58.0,yahoo,GC=F
2026-10-06T06:30:00Z,4161.5,4162.60009765625,4159.7001953125,4159.89990234375,247.0,yahoo,GC=F
2026-10-06T06:31:00Z,4160.39990234375,4160.7998046875,4159.5,4160.5,116.0,yahoo,GC=F
2026-10-06T06:32:00Z,4160.7001953125,4161.2001953125,4160.2001953125,4160.89990234375,55.0,yahoo,GC=F
2026-10-06T06:33:00Z,4161.10009765625,4161.7998046875,4158.7001953125,4159.10009765625,91.0,yahoo,GC=F
2026-10-06T06:34:00Z,4158.5,4159.2998046875,4158.0,4158.10009765625,78.0,yahoo,GC=F
2026-10-06T06:35:00Z,4157.89990234375,4158.89990234375,4156.7998046875,4158.0,129.0,yahoo,GC=F
2026-10-06T06:36:00Z,4158.2001953125,4158.60009765625,4157.0,4158.0,125.0,yahoo,GC=F
2026-10-06T06:37:00Z,4157.60009765625,4158.2001953125,4156.60009765625,4158.2001953125,54.0,yahoo,GC=F
2026-10-06T06:38:00Z,4158.39990234375,4158.89990234375,4158.10009765625,4158.60009765625,16.0,yahoo,GC=F
2026-10-06T06:39:00Z,4158.5,4160.0,4158.5,4159.10009765625,170.0,yahoo,GC=F
2026-10-06T06:40:00Z,4158.7998046875,4159.2001953125,4158.39990234375,4158.39990234375,54.0,yahoo,GC=F
2026-10-06T06:41:00Z,4158.5,4158.5,4157.2998046875,4157.7998046875,11.0,yahoo,GC=F
2026-10-06T06:42:00Z,4157.7998046875,4158.39990234375,4157.2998046875,4158.39990234375,18.0,yahoo,GC=F
2026-10-06T06:43:00Z,4158.39990234375,4158.7001953125,4157.7998046875,4157.89990234375,12.0,yahoo,GC=F
2026-10-06T06:44:00Z,4157.60009765625,4158.0,4157.2998046875,4158.0,30.0,yahoo,GC=F
2026-10-06T06:45:00Z,4157.60009765625,4160.2998046875,4157.60009765625,4160.2001953125,228.0,yahoo,GC=F
2026-10-06T06:46:00Z,4160.2998046875,4162.10009765625,4160.0,4160.10009765625,80.0,yahoo,GC=F
2026-10-06T06:47:00Z,4160.10009765625,4161.10009765625,4159.7998046875,4161.10009765625,41.0,yahoo,GC=F
2026-10-06T06:48:00Z,4160.89990234375,4160.89990234375,4159.60009765625,4159.7998046875,66.0,yahoo,GC=F
2026-10-06T06:49:00Z,4160.10009765625,4160.10009765625,4159.2998046875,4159.60009765625,26.0,yahoo,GC=F
2026-10-06T06:50:00Z,4160.10009765625,4160.60009765625,4159.5,4160.60009765625,15.0,yahoo,GC=F
2026-10-06T06:51:00Z,4160.10009765625,4160.39990234375,4159.2998046875,4159.39990234375,41.0,yahoo,GC=F
2026-10-06T06:52:00Z,4159.39990234375,4159.39990234375,4157.10009765625,4158.60009765625,60.0,yahoo,GC=F
2026-10-06T06:53:00Z,4158.7001953125,4158.89990234375,4158.2001953125,4158.2998046875,9.0,yahoo,GC=F
2026-10-06T06:54:00Z,4158.5,4159.0,4158.5,4158.7998046875,41.0,yahoo,GC=F
2026-10-06T06:55:00Z,4158.89990234375,4159.7001953125,4158.2998046875,4159.39990234375,93.0,yahoo,GC=F
2026-10-06T06:56:00Z,4159.7001953125,4160.39990234375,4159.0,4159.0,79.0,yahoo,GC=F
2026-10-06T06:57:00Z,4158.89990234375,4159.2998046875,4157.5,4158.5,189.0,yahoo,GC=F
2026-10-06T06:58:00Z,4158.7001953125,4159.0,4158.5,4159.0,14.0,yahoo,GC=F
2026-10-06T06:59:00Z,4158.7998046875,4159.60009765625,4158.60009765625,4158.89990234375,21.0,yahoo,GC=F
2026-10-06T07:00:00Z,4159.0,4159.5,4158.10009765625,4158.5,79.0,yahoo,GC=F
2026-10-06T07:01:00Z,4158.2998046875,4158.2998046875,4156.7998046875,4157.39990234375,39.0,yahoo,GC=F
2026-10-06T07:02:00Z,4157.7001953125,4159.5,4157.2001953125,4159.5,68.0,yahoo,GC=F
2026-10-06T07:03:00Z,4159.2998046875,4161.60009765625,4159.2001953125,4160.2998046875,160.0,yahoo,GC=F
2026-10-06T07:04:00Z,4160.2001953125,4161.5,4159.0,4159.0,94.0,yahoo,GC=F
2026-10-06T07:05:00Z,4159.10009765625,4159.89990234375,4158.7001953125,4159.89990234375,60.0,yahoo,GC=F
2026-10-06T07:06:00Z,4159.89990234375,4161.7001953125,4159.89990234375,4160.2001953125,47.0,yahoo,GC=F
2026-10-06T07:07:00Z,4160.2998046875,4160.89990234375,4157.10009765625,4157.10009765625,51.0,yahoo,GC=F
2026-10-06T07:08:00Z,4157.0,4157.7998046875,4156.39990234375,4157.7001953125,89.0,yahoo,GC=F
2026-10-06T07:09:00Z,4157.5,4158.39990234375,4157.10009765625,4158.0,30.0,yahoo,GC=F
2026-10-06T07:10:00Z,4158.2001953125,4158.2001953125,4156.7998046875,4156.7998046875,38.0,yahoo,GC=F
2026-10-06T07:11:00Z,4156.5,4157.2001953125,4155.5,4157.0,48.0,yahoo,GC=F
2026-10-06T07:12:00Z,4157.2001953125,4158.89990234375,4157.2001953125,4158.7001953125,57.0,yahoo,GC=F
2026-10-06T07:13:00Z,4158.7998046875,4160.89990234375,4157.7998046875,4160.89990234375,92.0,yahoo,GC=F
2026-10-06T07:14:00Z,4161.7998046875,4165.39990234375,4161.0,4165.39990234375,321.0,yahoo,GC=F
2026-10-06T07:15:00Z,4165.7998046875,4168.2998046875,4165.0,4166.5,398.0,yahoo,GC=F
2026-10-06T07:16:00Z,4166.89990234375,4170.60009765625,4166.5,4169.10009765625,275.0,yahoo,GC=F
2026-10-06T07:17:00Z,4169.2998046875,4169.7001953125,4165.7001953125,4166.10009765625,121.0,yahoo,GC=F
2026-10-06T07:18:00Z,4165.89990234375,4169.10009765625,4165.89990234375,4168.39990234375,57.0,yahoo,GC=F
2026-10-06T07:19:00Z,4168.2001953125,4168.39990234375,4166.10009765625,4166.2001953125,40.0,yahoo,GC=F
2026-10-06T07:20:00Z,4166.2001953125,4166.89990234375,4165.0,4166.89990234375,99.0,yahoo,GC=F
2026-10-06T07:21:00Z,4166.7998046875,4167.10009765625,4164.89990234375,4165.2998046875,88.0,yahoo,GC=F
2026-10-06T07:22:00Z,4165.10009765625,4165.39990234375,4164.39990234375,4165.0,51.0,yahoo,GC=F
2026-10-06T07:23:00Z,4164.89990234375,4165.89990234375,4164.2998046875,4165.89990234375,61.0,yahoo,GC=F
2026-10-06T07:24:00Z,4166.5,4166.5,4165.0,4165.2998046875,49.0,yahoo,GC=F
2026-10-06T07:25:00Z,4165.5,4166.2001953125,4163.7001953125,4164.5,68.0,yahoo,GC=F
2026-10-06T07:26:00Z,4164.10009765625,4165.2998046875,4164.10009765625,4164.60009765625,42.0,yahoo,GC=F
2026-10-06T07:27:00Z,4164.2998046875,4164.89990234375,4164.10009765625,4164.60009765625,31.0,yahoo,GC=F
2026-10-06T07:28:00Z,4164.2001953125,4164.5,4163.2001953125,4163.2998046875,37.0,yahoo,GC=F
2026-10-06T07:29:00Z,4163.2001953125,4163.89990234375,4161.5,4162.0,67.0,yahoo,GC=F
2026-10-06T07:30:00Z,4162.10009765625,4162.89990234375,4160.7001953125,4162.39990234375,141.0,yahoo,GC=F
2026-10-06T07:31:00Z,4162.2998046875,4163.0,4160.0,4160.2998046875,95.0,yahoo,GC=F
2026-10-06T07:32:00Z,4161.10009765625,4164.2001953125,4161.10009765625,4164.2001953125,52.0,yahoo,GC=F
2026-10-06T07:33:00Z,4164.7998046875,4167.2001953125,4164.39990234375,4165.7001953125,103.0,yahoo,GC=F
2026-10-06T07:34:00Z,4165.39990234375,4165.7998046875,4163.2998046875,4163.39990234375,66.0,yahoo,GC=F
2026-10-06T07:35:00Z,4163.89990234375,4165.5,4163.2998046875,4163.7998046875,226.0,yahoo,GC=F
2026-10-06T07:36:00Z,4163.7001953125,4164.7001953125,4163.60009765625,4164.2998046875,67.0,yahoo,GC=F
2026-10-06T07:37:00Z,4163.7998046875,4164.89990234375,4163.39990234375,4164.10009765625,47.0,yahoo,GC=F
2026-10-06T07:38:00Z,4164.0,4164.0,4162.60009765625,4163.89990234375,110.0,yahoo,GC=F
2026-10-06T07:39:00Z,4163.5,4164.89990234375,4163.39990234375,4164.2001953125,19.0,yahoo,GC=F
2026-10-06T07:40:00Z,4164.2998046875,4165.89990234375,4164.2998046875,4165.5,138.0,yahoo,GC=F
2026-10-06T07:41:00Z,4165.60009765625,4166.2001953125,4164.5,4165.0,110.0,yahoo,GC=F
2026-10-06T07:42:00Z,4165.2001953125,4165.5,4163.7998046875,4164.5,26.0,yahoo,GC=F
2026-10-06T07:43:00Z,4164.2001953125,4164.5,4163.5,4164.5,36.0,yahoo,GC=F
2026-10-06T07:44:00Z,4164.60009765625,4166.10009765625,4164.60009765625,4165.7998046875,34.0,yahoo,GC=F
2026-10-06T07:45:00Z,4165.5,4168.0,4165.2001953125,4168.0,72.0,yahoo,GC=F
2026-10-06T07:46:00Z,4168.2001953125,4169.2001953125,4167.2998046875,4168.5,131.0,yahoo,GC=F
2026-10-06T07:47:00Z,4168.7998046875,4169.0,4166.89990234375,4167.39990234375,42.0,yahoo,GC=F
2026-10-06T07:48:00Z,4167.2998046875,4168.2998046875,4167.10009765625,4167.5,35.0,yahoo,GC=F
2026-10-06T07:49:00Z,4167.7998046875,4168.10009765625,4166.5,4166.5,47.0,yahoo,GC=F
2026-10-06T07:50:00Z,4166.7998046875,4167.7998046875,4166.5,4167.10009765625,59.0,yahoo,GC=F
2026-10-06T07:51:00Z,4167.0,4167.2001953125,4165.5,4165.7998046875,26.0,yahoo,GC=F
2026-10-06T07:52:00Z,4165.10009765625,4166.0,4164.5,4165.7998046875,43.0,yahoo,GC=F
2026-10-06T07:53:00Z,4166.10009765625,4166.89990234375,4165.60009765625,4166.7998046875,30.0,yahoo,GC=F
2026-10-06T07:54:00Z,4166.60009765625,4168.39990234375,4166.60009765625,4167.89990234375,42.0,yahoo,GC=F
2026-10-06T07:55:00Z,4168.0,4168.60009765625,4167.7001953125,4168.39990234375,28.0,yahoo,GC=F
2026-10-06T07:56:00Z,4168.7001953125,4169.0,4167.2001953125,4167.2998046875,29.0,yahoo,GC=F
2026-10-06T07:57:00Z,4167.5,4168.10009765625,4167.2001953125,4167.89990234375,12.0,yahoo,GC=F
2026-10-06T07:58:00Z,4167.7001953125,4168.10009765625,4167.0,4167.2001953125,56.0,yahoo,GC=F
2026-10-06T07:59:00Z,4167.39990234375,4167.89990234375,4166.7001953125,4167.5,23.0,yahoo,GC=F
2026-10-06T08:00:00Z,4167.39990234375,4169.5,4167.2001953125,4169.2998046875,121.0,yahoo,GC=F
2026-10-06T08:01:00Z,4169.39990234375,4171.60009765625,4169.39990234375,4170.39990234375,102.0,yahoo,GC=F
2026-10-06T08:02:00Z,4170.5,4170.89990234375,4169.7001953125,4169.89990234375,84.0,yahoo,GC=F
2026-10-06T08:03:00Z,4170.2001953125,4171.2998046875,4169.39990234375,4171.2001953125,74.0,yahoo,GC=F
2026-10-06T08:04:00Z,4170.89990234375,4171.0,4169.0,4169.0,40.0,yahoo,GC=F
2026-10-06T08:05:00Z,4169.10009765625,4170.2001953125,4169.0,4169.5,61.0,yahoo,GC=F
2026-10-06T08:06:00Z,4169.7998046875,4170.7001953125,4169.7998046875,4170.2001953125,36.0,yahoo,GC=F
2026-10-06T08:07:00Z,4169.39990234375,4170.0,4167.10009765625,4167.39990234375,135.0,yahoo,GC=F
2026-10-06T08:08:00Z,4167.39990234375,4167.7001953125,4166.10009765625,4166.5,118.0,yahoo,GC=F
2026-10-06T08:09:00Z,4166.5,4168.89990234375,4165.89990234375,4168.5,153.0,yahoo,GC=F
2026-10-06T08:10:00Z,4168.2001953125,4169.0,4167.5,4167.7001953125,70.0,yahoo,GC=F
2026-10-06T08:11:00Z,4167.39990234375,4168.2998046875,4166.5,4166.5,31.0,yahoo,GC=F
2026-10-06T08:12:00Z,4166.39990234375,4167.2001953125,4165.2001953125,4166.2001953125,187.0,yahoo,GC=F
2026-10-06T08:13:00Z,4166.39990234375,4168.39990234375,4166.0,4167.89990234375,183.0,yahoo,GC=F
2026-10-06T08:14:00Z,4167.7001953125,4169.10009765625,4167.2001953125,4167.39990234375,70.0,yahoo,GC=F
2026-10-06T08:15:00Z,4167.39990234375,4171.60009765625,4167.10009765625,4171.10009765625,156.0,yahoo,GC=F
2026-10-06T08:16:00Z,4171.2998046875,4171.7001953125,4169.7998046875,4170.2998046875,197.0,yahoo,GC=F
2026-10-06T08:17:00Z,4170.39990234375,4170.7001953125,4169.0,4169.0,153.0,yahoo,GC=F
2026-10-06T08:18:00Z,4168.7998046875,4169.2001953125,4167.89990234375,4168.60009765625,32.0,yahoo,GC=F
2026-10-06T08:19:00Z,4168.39990234375,4169.7001953125,4168.2998046875,4169.0,35.0,yahoo,GC=F
2026-10-06T08:20:00Z,4169.2998046875,4169.7001953125,4168.5,4168.7998046875,140.0,yahoo,GC=F
2026-10-06T08:21:00Z,4169.2998046875,4171.39990234375,4169.0,4171.10009765625,43.0,yahoo,GC=F
2026-10-06T08:22:00Z,4171.2998046875,4173.10009765625,4171.10009765625,4173.0,185.0,yahoo,GC=F
2026-10-06T08:23:00Z,4172.7998046875,4173.10009765625,4171.89990234375,4171.89990234375,64.0,yahoo,GC=F
2026-10-06T08:24:00Z,4171.5,4172.5,4171.2998046875,4172.0,64.0,yahoo,GC=F
2026-10-06T08:25:00Z,4172.2998046875,4173.2998046875,4171.89990234375,4173.10009765625,59.0,yahoo,GC=F
2026-10-06T08:26:00Z,4172.89990234375,4173.7998046875,4172.7998046875,4173.7001953125,67.0,yahoo,GC=F
2026-10-06T08:27:00Z,4173.2001953125,4173.7001953125,4172.89990234375,4173.5,29.0,yahoo,GC=F
2026-10-06T08:28:00Z,4173.2998046875,4175.0,4173.0,4173.7998046875,130.0,yahoo,GC=F
2026-10-06T08:29:00Z,4173.7998046875,4173.7998046875,4172.7998046875,4173.5,107.0,yahoo,GC=F
2026-10-06T08:30:00Z,4173.60009765625,4175.0,4173.2998046875,4174.7001953125,99.0,yahoo,GC=F
2026-10-06T08:31:00Z,4174.60009765625,4177.2998046875,4174.60009765625,4177.2998046875,170.0,yahoo,GC=F
2026-10-06T08:32:00Z,4177.2001953125,4177.39990234375,4173.60009765625,4174.0,104.0,yahoo,GC=F
2026-10-06T08:33:00Z,4174.2001953125,4174.60009765625,4173.7001953125,4173.7998046875,58.0,yahoo,GC=F
2026-10-06T08:34:00Z,4174.0,4174.39990234375,4172.60009765625,4173.89990234375,40.0,yahoo,GC=F
2026-10-06T08:35:00Z,4173.7001953125,4175.2001953125,4173.7001953125,4175.2001953125,53.0,yahoo,GC=F
2026-10-06T08:36:00Z,4175.2001953125,4176.0,4174.10009765625,4176.0,112.0,yahoo,GC=F
2026-10-06T08:37:00Z,4176.39990234375,4178.2998046875,4176.2001953125,4176.39990234375,107.0,yahoo,GC=F
2026-10-06T08:38:00Z,4176.39990234375,4176.5,4175.5,4176.5,53.0,yahoo,GC=F
2026-10-06T08:39:00Z,4176.0,4176.5,4175.7998046875,4175.89990234375,26.0,yahoo,GC=F
2026-10-06T08:40:00Z,4175.60009765625,4176.60009765625,4175.0,4176.2001953125,136.0,yahoo,GC=F
2026-10-06T08:41:00Z,4176.2998046875,4177.5,4176.10009765625,4177.2998046875,54.0,yahoo,GC=F
2026-10-06T08:42:00Z,4177.39990234375,4179.2998046875,4177.39990234375,4179.10009765625,162.0,yahoo,GC=F
2026-10-06T08:43:00Z,4179.10009765625,4180.7001953125,4179.10009765625,4180.0,269.0,yahoo,GC=F
2026-10-06T08:44:00Z,4180.0,4181.2001953125,4180.0,4180.0,145.0,yahoo,GC=F
2026-10-06T08:45:00Z,4180.10009765625,4181.0,4179.2998046875,4180.7998046875,114.0,yahoo,GC=F
2026-10-06T08:46:00Z,4180.7001953125,4181.60009765625,4179.7001953125,4180.89990234375,96.0,yahoo,GC=F
2026-10-06T08:47:00Z,4181.0,4181.0,4178.7001953125,4179.2001953125,95.0,yahoo,GC=F
2026-10-06T08:48:00Z,4179.0,4179.7998046875,4178.5,4178.5,66.0,yahoo,GC=F
2026-10-06T08:49:00Z,4178.60009765625,4179.10009765625,4177.60009765625,4178.2001953125,165.0,yahoo,GC=F
2026-10-06T08:50:00Z,4178.10009765625,4180.5,4178.0,4180.5,97.0,yahoo,GC=F
2026-10-06T08:51:00Z,4180.60009765625,4181.2998046875,4179.60009765625,4180.89990234375,90.0,yahoo,GC=F
2026-10-06T08:52:00Z,4181.0,4181.0,4179.10009765625,4179.2001953125,68.0,yahoo,GC=F
2026-10-06T08:53:00Z,4179.2998046875,4180.10009765625,4179.2001953125,4179.39990234375,48.0,yahoo,GC=F
2026-10-06T08:54:00Z,4179.0,4179.7001953125,4179.0,4179.7001953125,41.0,yahoo,GC=F
2026-10-06T08:55:00Z,4179.0,4179.89990234375,4178.2998046875,4179.2001953125,39.0,yahoo,GC=F
2026-10-06T08:56:00Z,4178.60009765625,4181.0,4178.2001953125,4180.89990234375,92.0,yahoo,GC=F
2026-10-06T08:57:00Z,4180.60009765625,4181.10009765625,4180.2001953125,4180.7001953125,49.0,yahoo,GC=F
2026-10-06T08:58:00Z,4180.7001953125,4181.89990234375,4180.7001953125,4181.60009765625,102.0,yahoo,GC=F
2026-10-06T08:59:00Z,4181.89990234375,4182.89990234375,4181.2001953125,4182.7998046875,169.0,yahoo,GC=F
2026-10-06T09:00:00Z,4182.5,4183.0,4181.5,4182.7998046875,80.0,yahoo,GC=F
2026-10-06T09:01:00Z,4181.89990234375,4182.5,4181.2998046875,4182.5,103.0,yahoo,GC=F
2026-10-06T09:02:00Z,4182.10009765625,4184.2998046875,4182.0,4182.7998046875,220.0,yahoo,GC=F
2026-10-06T09:03:00Z,4183.10009765625,4183.2998046875,4181.10009765625,4181.10009765625,81.0,yahoo,GC=F
2026-10-06T09:04:00Z,4181.2001953125,4181.60009765625,4180.60009765625,4180.60009765625,39.0,yahoo,GC=F
2026-10-06T09:05:00Z,4180.7001953125,4181.2001953125,4180.2998046875,4180.39990234375,59.0,yahoo,GC=F
2026-10-06T09:06:00Z,4180.39990234375,4180.7998046875,4180.0,4180.39990234375,47.0,yahoo,GC=F
2026-10-06T09:07:00Z,4180.2001953125,4180.60009765625,4179.7001953125,4180.0,60.0,yahoo,GC=F
2026-10-06T09:08:00Z,4180.2998046875,4180.5,4179.0,4179.2998046875,79.0,yahoo,GC=F
2026-10-06T09:09:00Z,4179.5,4180.5,4179.39990234375,4179.60009765625,106.0,yahoo,GC=F
2026-10-06T09:10:00Z,4179.60009765625,4179.7001953125,4179.10009765625,4179.2998046875,25.0,yahoo,GC=F
2026-10-06T09:11:00Z,4179.39990234375,4182.10009765625,4177.60009765625,4179.7998046875,380.0,yahoo,GC=F
2026-10-06T09:12:00Z,4179.60009765625,4179.60009765625,4177.60009765625,4178.10009765625,99.0,yahoo,GC=F
2026-10-06T09:13:00Z,4178.2998046875,4179.7001953125,4178.10009765625,4178.5,101.0,yahoo,GC=F
2026-10-06T09:14:00Z,4178.5,4178.7001953125,4177.2001953125,4177.2001953125,85.0,yahoo,GC=F
2026-10-06T09:15:00Z,4177.60009765625,4179.0,4177.60009765625,4178.7001953125,53.0,yahoo,GC=F
2026-10-06T09:16:00Z,4178.7001953125,4180.7998046875,4178.7001953125,4180.39990234375,71.0,yahoo,GC=F
2026-10-06T09:17:00Z,4180.7001953125,4182.10009765625,4180.60009765625,4182.10009765625,39.0,yahoo,GC=F
2026-10-06T09:18:00Z,4182.0,4183.7001953125,4182.0,4182.89990234375,68.0,yahoo,GC=F
2026-10-06T09:19:00Z,4183.0,4183.0,4182.39990234375,4182.7998046875,37.0,yahoo,GC=F
2026-10-06T09:20:00Z,4183.2001953125,4184.5,4182.7001953125,4183.7998046875,145.0,yahoo,GC=F
2026-10-06T09:21:00Z,4184.10009765625,4185.10009765625,4183.89990234375,4184.10009765625,67.0,yahoo,GC=F
2026-10-06T09:22:00Z,4184.10009765625,4184.2998046875,4182.39990234375,4182.7001953125,79.0,yahoo,GC=F
2026-10-06T09:23:00Z,4182.60009765625,4183.5,4182.5,4183.5,48.0,yahoo,GC=F
2026-10-06T09:24:00Z,4183.7001953125,4183.7001953125,4182.5,4183.5,23.0,yahoo,GC=F
2026-10-06T09:25:00Z,4183.10009765625,4184.39990234375,4183.10009765625,4183.7998046875,37.0,yahoo,GC=F
2026-10-06T09:26:00Z,4184.2998046875,4184.60009765625,4183.89990234375,4184.2001953125,25.0,yahoo,GC=F
2026-10-06T09:27:00Z,4184.0,4184.2001953125,4183.39990234375,4183.7001953125,23.0,yahoo,GC=F
2026-10-06T09:28:00Z,4183.7998046875,4183.89990234375,4183.10009765625,4183.5,21.0,yahoo,GC=F
2026-10-06T09:29:00Z,4183.7001953125,4184.60009765625,4183.39990234375,4184.10009765625,46.0,yahoo,GC=F
2026-10-06T09:30:00Z,4183.7998046875,4185.2001953125,4182.5,4183.89990234375,197.0,yahoo,GC=F
2026-10-06T09:31:00Z,4183.7001953125,4184.10009765625,4182.89990234375,4183.60009765625,102.0,yahoo,GC=F
2026-10-06T09:32:00Z,4183.5,4184.7001953125,4183.5,4184.10009765625,54.0,yahoo,GC=F
2026-10-06T09:33:00Z,4184.2001953125,4185.10009765625,4183.39990234375,4183.5,43.0,yahoo,GC=F
2026-10-06T09:34:00Z,4183.2001953125,4185.89990234375,4183.0,4184.39990234375,218.0,yahoo,GC=F
2026-10-06T09:35:00Z,4184.2998046875,4184.2998046875,4182.89990234375,4183.7998046875,70.0,yahoo,GC=F
2026-10-06T09:36:00Z,4184.0,4184.2001953125,4182.0,4182.5,66.0,yahoo,GC=F
2026-10-06T09:37:00Z,4182.60009765625,4183.0,4182.0,4182.5,50.0,yahoo,GC=F
2026-10-06T09:38:00Z,4182.39990234375,4183.5,4182.2998046875,4182.39990234375,26.0,yahoo,GC=F
2026-10-06T09:39:00Z,4182.0,4182.7001953125,4182.0,4182.7001953125,40.0,yahoo,GC=F
2026-10-06T09:40:00Z,4182.60009765625,4182.89990234375,4182.10009765625,4182.2001953125,60.0,yahoo,GC=F
2026-10-06T09:41:00Z,4182.5,4184.2001953125,4182.5,4183.60009765625,158.0,yahoo,GC=F
2026-10-06T09:42:00Z,4183.7998046875,4183.7998046875,4181.60009765625,4181.7998046875,67.0,yahoo,GC=F
2026-10-06T09:43:00Z,4182.0,4182.2001953125,4181.2001953125,4181.39990234375,28.0,yahoo,GC=F
2026-10-06T09:44:00Z,4181.2998046875,4181.7001953125,4181.2001953125,4181.39990234375,34.0,yahoo,GC=F
2026-10-06T09:45:00Z,4181.5,4181.5,4180.39990234375,4180.60009765625,90.0,yahoo,GC=F
2026-10-06T09:46:00Z,4181.0,4181.2998046875,4180.5,4180.7998046875,91.0,yahoo,GC=F
2026-10-06T09:47:00Z,4180.60009765625,4180.7998046875,4180.2001953125,4180.7998046875,47.0,yahoo,GC=F
2026-10-06T09:48:00Z,4180.7998046875,4181.10009765625,4180.7001953125,4180.89990234375,20.0,yahoo,GC=F
2026-10-06T09:49:00Z,4180.7998046875,4181.7998046875,4180.7998046875,4181.2998046875,60.0,yahoo,GC=F
2026-10-06T09:50:00Z,4181.7998046875,4181.7998046875,4180.7998046875,4181.10009765625,68.0,yahoo,GC=F
2026-10-06T09:51:00Z,4181.2001953125,4182.2001953125,4180.60009765625,4181.39990234375,98.0,yahoo,GC=F
2026-10-06T09:52:00Z,4181.0,4181.10009765625,4179.7001953125,4180.5,80.0,yahoo,GC=F
2026-10-06T09:53:00Z,4180.5,4180.60009765625,4179.7998046875,4180.39990234375,37.0,yahoo,GC=F
2026-10-06T09:54:00Z,4180.2998046875,4180.2998046875,4179.0,4179.2001953125,60.0,yahoo,GC=F
2026-10-06T09:55:00Z,4179.2998046875,4179.7998046875,4179.2001953125,4179.7001953125,24.0,yahoo,GC=F
2026-10-06T09:56:00Z,4179.7998046875,4180.2001953125,4179.39990234375,4179.60009765625,42.0,yahoo,GC=F
2026-10-06T09:57:00Z,4179.39990234375,4180.10009765625,4178.5,4180.0,124.0,yahoo,GC=F
2026-10-06T09:58:00Z,4179.7998046875,4179.89990234375,4179.2001953125,4179.7001953125,39.0,yahoo,GC=F
2026-10-06T09:59:00Z,4179.7001953125,4180.60009765625,4179.2001953125,4180.2001953125,37.0,yahoo,GC=F
2026-10-06T10:00:00Z,4179.89990234375,4180.5,4179.5,4180.0,90.0,yahoo,GC=F
2026-10-06T10:01:00Z,4179.7001953125,4180.0,4179.7001953125,4179.7001953125,36.0,yahoo,GC=F
2026-10-06T10:02:00Z,4179.89990234375,4180.5,4179.60009765625,4180.39990234375,37.0,yahoo,GC=F
2026-10-06T10:03:00Z,4180.39990234375,4181.2001953125,4180.0,4180.2001953125,41.0,yahoo,GC=F
2026-10-06T10:04:00Z,4180.0,4180.2001953125,4179.7001953125,4180.10009765625,17.0,yahoo,GC=F
2026-10-06T10:05:00Z,4179.5,4179.5,4178.10009765625,4179.2001953125,62.0,yahoo,GC=F
2026-10-06T10:06:00Z,4179.7001953125,4180.5,4178.7998046875,4179.2001953125,27.0,yahoo,GC=F
2026-10-06T10:07:00Z,4178.89990234375,4179.39990234375,4178.89990234375,4179.2998046875,17.0,yahoo,GC=F
2026-10-06T10:08:00Z,4179.2001953125,4179.2001953125,4178.39990234375,4178.5,22.0,yahoo,GC=F
2026-10-06T10:09:00Z,4178.7998046875,4179.39990234375,4178.2998046875,4178.39990234375,61.0,yahoo,GC=F
2026-10-06T10:10:00Z,4178.89990234375,4179.0,4178.2998046875,4178.7998046875,10.0,yahoo,GC=F
2026-10-06T10:11:00Z,4179.10009765625,4179.5,4178.89990234375,4178.89990234375,47.0,yahoo,GC=F
2026-10-06T10:12:00Z,4178.5,4180.5,4178.39990234375,4179.10009765625,160.0,yahoo,GC=F
2026-10-06T10:13:00Z,4178.7998046875,4179.7998046875,4178.7998046875,4179.7998046875,14.0,yahoo,GC=F
2026-10-06T10:14:00Z,4179.2998046875,4179.2998046875,4179.2001953125,4179.2998046875,3.0,yahoo,GC=F
2026-10-06T10:15:00Z,4179.2001953125,4179.2998046875,4178.2001953125,4179.0,26.0,yahoo,GC=F
2026-10-06T10:16:00Z,4179.0,4179.7001953125,4178.7001953125,4178.7001953125,43.0,yahoo,GC=F
2026-10-06T10:17:00Z,4178.7001953125,4179.2001953125,4177.10009765625,4177.7001953125,93.0,yahoo,GC=F
2026-10-06T10:18:00Z,4177.0,4177.7001953125,4176.2001953125,4177.2998046875,142.0,yahoo,GC=F
2026-10-06T10:19:00Z,4177.7001953125,4178.7001953125,4177.5,4178.5,38.0,yahoo,GC=F
2026-10-06T10:20:00Z,4178.60009765625,4179.2998046875,4178.2998046875,4179.2998046875,26.0,yahoo,GC=F
2026-10-06T10:21:00Z,4179.2001953125,4180.5,4179.2001953125,4180.39990234375,25.0,yahoo,GC=F
2026-10-06T10:22:00Z,4180.7001953125,4181.10009765625,4179.89990234375,4180.2998046875,47.0,yahoo,GC=F
2026-10-06T10:23:00Z,4180.60009765625,4180.89990234375,4180.10009765625,4180.89990234375,19.0,yahoo,GC=F
2026-10-06T10:24:00Z,4181.0,4181.7001953125,4180.7998046875,4180.89990234375,84.0,yahoo,GC=F
2026-10-06T10:25:00Z,4180.7001953125,4180.7998046875,4179.7998046875,4180.10009765625,17.0,yahoo,GC=F
2026-10-06T10:26:00Z,4180.0,4180.10009765625,4179.7001953125,4179.7001953125,8.0,yahoo,GC=F
2026-10-06T10:27:00Z,4180.5,4182.0,4180.39990234375,4181.10009765625,136.0,yahoo,GC=F
2026-10-06T10:28:00Z,4181.2998046875,4182.5,4181.0,4181.7998046875,125.0,yahoo,GC=F
2026-10-06T10:29:00Z,4181.7001953125,4181.7998046875,4181.10009765625,4181.7998046875,36.0,yahoo,GC=F
2026-10-06T10:30:00Z,4182.0,4183.2001953125,4181.7998046875,4182.89990234375,142.0,yahoo,GC=F
2026-10-06T10:31:00Z,4182.89990234375,4183.89990234375,4182.60009765625,4183.2001953125,161.0,yahoo,GC=F
2026-10-06T10:32:00Z,4183.2001953125,4183.60009765625,4182.89990234375,4183.10009765625,66.0,yahoo,GC=F
2026-10-06T10:33:00Z,4183.2998046875,4185.7998046875,4183.0,4184.7001953125,139.0,yahoo,GC=F
2026-10-06T10:34:00Z,4184.2998046875,4185.2001953125,4184.2998046875,4184.89990234375,91.0,yahoo,GC=F
2026-10-06T10:35:00Z,4184.60009765625,4186.39990234375,4184.2998046875,4185.5,114.0,yahoo,GC=F
2026-10-06T10:36:00Z,4185.2998046875,4186.2998046875,4185.10009765625,4186.0,68.0,yahoo,GC=F
2026-10-06T10:37:00Z,4186.0,4186.7001953125,4185.7998046875,4186.2998046875,27.0,yahoo,GC=F
2026-10-06T10:38:00Z,4186.39990234375,4186.60009765625,4185.7998046875,4185.7998046875,33.0,yahoo,GC=F
2026-10-06T10:39:00Z,4185.5,4185.89990234375,4184.7001953125,4185.2001953125,68.0,yahoo,GC=F
2026-10-06T10:40:00Z,4185.10009765625,4186.5,4185.0,4186.5,69.0,yahoo,GC=F
2026-10-06T10:41:00Z,4186.7998046875,4187.89990234375,4186.39990234375,4186.5,64.0,yahoo,GC=F
2026-10-06T10:42:00Z,4186.10009765625,4188.0,4186.10009765625,4186.60009765625,169.0,yahoo,GC=F
2026-10-06T10:43:00Z,4187.0,4188.2998046875,4186.5,4187.89990234375,140.0,yahoo,GC=F
2026-10-06T10:44:00Z,4188.2998046875,4188.7001953125,4187.39990234375,4187.89990234375,90.0,yahoo,GC=F
2026-10-06T10:45:00Z,4188.2001953125,4188.39990234375,4187.5,4187.5,36.0,yahoo,GC=F
2026-10-06T10:46:00Z,4187.5,4188.0,4186.60009765625,4186.89990234375,41.0,yahoo,GC=F
2026-10-06T10:47:00Z,4186.7001953125,4187.60009765625,4185.5,4187.60009765625,109.0,yahoo,GC=F
2026-10-06T10:48:00Z,4187.5,4187.7001953125,4186.39990234375,4186.60009765625,72.0,yahoo,GC=F
2026-10-06T10:49:00Z,4186.7998046875,4187.7998046875,4186.7001953125,4187.39990234375,40.0,yahoo,GC=F
2026-10-06T10:50:00Z,4187.60009765625,4188.10009765625,4186.7998046875,4187.10009765625,52.0,yahoo,GC=F
2026-10-06T10:51:00Z,4187.5,4188.0,4187.2998046875,4187.5,40.0,yahoo,GC=F
2026-10-06T10:52:00Z,4187.5,4188.7001953125,4187.5,4188.7001953125,70.0,yahoo,GC=F
2026-10-06T10:53:00Z,4188.60009765625,4188.60009765625,4188.2001953125,4188.5,26.0,yahoo,GC=F
2026-10-06T10:54:00Z,4188.2001953125,4188.2998046875,4187.89990234375,4188.2998046875,26.0,yahoo,GC=F
2026-10-06T10:55:00Z,4188.39990234375,4188.39990234375,4187.39990234375,4187.39990234375,31.0,yahoo,GC=F
2026-10-06T10:56:00Z,4187.39990234375,4187.60009765625,4186.7001953125,4187.0,48.0,yahoo,GC=F
2026-10-06T10:57:00Z,4186.7998046875,4187.2998046875,4186.7998046875,4187.10009765625,19.0,yahoo,GC=F
2026-10-06T10:58:00Z,4186.89990234375,4187.0,4186.10009765625,4186.2998046875,38.0,yahoo,GC=F
2026-10-06T10:59:00Z,4186.2001953125,4186.60009765625,4186.0,4186.10009765625,14.0,yahoo,GC=F
2026-10-06T11:00:00Z,4186.5,4187.2998046875,4185.7998046875,4186.2001953125,64.0,yahoo,GC=F
2026-10-06T11:01:00Z,4185.7998046875,4186.2001953125,4185.39990234375,4185.7001953125,42.0,yahoo,GC=F
2026-10-06T11:02:00Z,4185.7998046875,4186.5,4185.7998046875,4186.2998046875,30.0,yahoo,GC=F
2026-10-06T11:03:00Z,4186.2001953125,4186.2001953125,4185.60009765625,4185.60009765625,39.0,yahoo,GC=F
2026-10-06T11:04:00Z,4185.5,4185.5,4185.0,4185.2998046875,45.0,yahoo,GC=F
2026-10-06T11:05:00Z,4185.0,4185.2998046875,4184.2001953125,4184.7001953125,42.0,yahoo,GC=F
2026-10-06T11:06:00Z,4184.60009765625,4184.7001953125,4184.10009765625,4184.39990234375,36.0,yahoo,GC=F
2026-10-06T11:07:00Z,4184.2998046875,4184.7998046875,4184.10009765625,4184.2001953125,23.0,yahoo,GC=F
2026-10-06T11:08:00Z,4184.2001953125,4184.39990234375,4183.7998046875,4184.2998046875,21.0,yahoo,GC=F
2026-10-06T11:09:00Z,4184.7001953125,4184.7001953125,4184.2001953125,4184.39990234375,15.0,yahoo,GC=F
2026-10-06T11:10:00Z,4184.2998046875,4184.7998046875,4183.89990234375,4184.2001953125,66.0,yahoo,GC=F
2026-10-06T11:11:00Z,4184.7001953125,4186.7998046875,4184.39990234375,4186.7998046875,87.0,yahoo,GC=F
2026-10-06T11:12:00Z,4187.0,4188.5,4186.7998046875,4187.7998046875,203.0,yahoo,GC=F
2026-10-06T11:13:00Z,4188.10009765625,4188.89990234375,4186.7998046875,4187.7001953125,223.0,yahoo,GC=F
2026-10-06T11:14:00Z,4187.89990234375,4188.5,4187.0,4188.2001953125,123.0,yahoo,GC=F
2026-10-06T11:15:00Z,4188.39990234375,4189.7998046875,4188.2998046875,4189.0,260.0,yahoo,GC=F
2026-10-06T11:16:00Z,4188.89990234375,4190.89990234375,4188.5,4189.5,323.0,yahoo,GC=F
2026-10-06T11:17:00Z,4189.7998046875,4190.7998046875,4189.39990234375,4190.5,110.0,yahoo,GC=F
2026-10-06T11:18:00Z,4191.0,4192.5,4190.7998046875,4191.89990234375,147.0,yahoo,GC=F
2026-10-06T11:19:00Z,4192.0,4193.0,4191.10009765625,4191.89990234375,352.0,yahoo,GC=F
2026-10-06T11:20:00Z,4192.0,4192.10009765625,4190.7998046875,4190.89990234375,112.0,yahoo,GC=F
2026-10-06T11:21:00Z,4191.2998046875,4192.60009765625,4190.2001953125,4192.39990234375,324.0,yahoo,GC=F
2026-10-06T11:22:00Z,4192.7001953125,4193.5,4192.0,4192.7998046875,142.0,yahoo,GC=F
2026-10-06T11:23:00Z,4192.89990234375,4194.0,4191.2998046875,4191.2998046875,177.0,yahoo,GC=F
2026-10-06T11:24:00Z,4191.39990234375,4191.7001953125,4189.7998046875,4190.7998046875,150.0,yahoo,GC=F
2026-10-06T11:25:00Z,4191.0,4192.5,4190.5,4192.5,128.0,yahoo,GC=F
2026-10-06T11:26:00Z,4192.7001953125,4192.89990234375,4190.89990234375,4191.7001953125,81.0,yahoo,GC=F
2026-10-06T11:27:00Z,4191.7001953125,4192.7998046875,4191.60009765625,4191.7001953125,88.0,yahoo,GC=F
2026-10-06T11:28:00Z,4191.60009765625,4193.2998046875,4191.60009765625,4192.7001953125,259.0,yahoo,GC=F
2026-10-06T11:29:00Z,4192.7998046875,4193.5,4192.5,4192.7998046875,112.0,yahoo,GC=F
2026-10-06T11:30:00Z,4192.7001953125,4194.89990234375,4192.60009765625,4194.10009765625,257.0,yahoo,GC=F
2026-10-06T11:31:00Z,4194.2001953125,4195.2001953125,4193.7001953125,4193.7998046875,167.0,yahoo,GC=F
2026-10-06T11:32:00Z,4194.10009765625,4195.7998046875,4193.2998046875,4195.39990234375,154.0,yahoo,GC=F
2026-10-06T11:33:00Z,4196.0,4197.5,4195.60009765625,4197.2998046875,350.0,yahoo,GC=F
2026-10-06T11:34:00Z,4197.2998046875,4197.5,4195.89990234375,4196.2998046875,135.0,yahoo,GC=F
2026-10-06T11:35:00Z,4196.2998046875,4196.89990234375,4196.0,4196.7001953125,124.0,yahoo,GC=F
2026-10-06T11:36:00Z,4196.7998046875,4197.7001953125,4195.89990234375,4197.7001953125,156.0,yahoo,GC=F
2026-10-06T11:37:00Z,4197.7998046875,4197.7998046875,4196.2001953125,4196.39990234375,211.0,yahoo,GC=F
2026-10-06T11:38:00Z,4196.39990234375,4198.60009765625,4196.2998046875,4197.7998046875,316.0,yahoo,GC=F
2026-10-06T11:39:00Z,4197.7998046875,4200.2001953125,4196.7998046875,4198.0,498.0,yahoo,GC=F
2026-10-06T11:40:00Z,4198.2001953125,4198.2001953125,4196.89990234375,4197.39990234375,77.0,yahoo,GC=F
2026-10-06T11:41:00Z,4197.5,4198.10009765625,4195.5,4196.7001953125,79.0,yahoo,GC=F
2026-10-06T11:42:00Z,4196.7001953125,4198.7001953125,4196.7001953125,4198.39990234375,83.0,yahoo,GC=F
2026-10-06T11:43:00Z,4198.10009765625,4200.39990234375,4197.7998046875,4200.39990234375,237.0,yahoo,GC=F
2026-10-06T11:44:00Z,4200.2001953125,4200.5,4199.2998046875,4199.89990234375,92.0,yahoo,GC=F
2026-10-06T11:45:00Z,4199.89990234375,4200.60009765625,4198.0,4200.60009765625,190.0,yahoo,GC=F
2026-10-06T11:46:00Z,4200.7001953125,4201.5,4199.89990234375,4199.89990234375,156.0,yahoo,GC=F
2026-10-06T11:47:00Z,4200.2001953125,4202.2001953125,4199.7998046875,4201.5,80.0,yahoo,GC=F
2026-10-06T11:48:00Z,4201.39990234375,4202.2001953125,4200.5,4202.10009765625,90.0,yahoo,GC=F
2026-10-06T11:49:00Z,4201.89990234375,4202.0,4201.10009765625,4201.7998046875,168.0,yahoo,GC=F
2026-10-06T11:50:00Z,4201.60009765625,4202.2001953125,4201.2001953125,4201.7001953125,121.0,yahoo,GC=F
2026-10-06T11:51:00Z,4201.5,4202.60009765625,4200.89990234375,4202.0,165.0,yahoo,GC=F
2026-10-06T11:52:00Z,4202.5,4202.7998046875,4201.7001953125,4201.7001953125,64.0,yahoo,GC=F
2026-10-06T11:53:00Z,4201.89990234375,4202.2001953125,4200.7998046875,4200.89990234375,44.0,yahoo,GC=F
2026-10-06T11:54:00Z,4200.7998046875,4201.5,4200.0,4201.2001953125,168.0,yahoo,GC=F
2026-10-06T11:55:00Z,4201.2998046875,4201.5,4200.89990234375,4200.89990234375,56.0,yahoo,GC=F
2026-10-06T11:56:00Z,4201.2001953125,4202.7001953125,4200.5,4202.5,219.0,yahoo,GC=F
2026-10-06T11:57:00Z,4202.60009765625,4202.7998046875,4199.7998046875,4200.39990234375,570.0,yahoo,GC=F
2026-10-06T11:58:00Z,4200.60009765625,4201.7001953125,4200.2998046875,4201.5,77.0,yahoo,GC=F
2026-10-06T11:59:00Z,4201.7001953125,4201.89990234375,4200.7001953125,4201.5,90.0,yahoo,GC=F
2026-10-06T12:00:00Z,4201.7001953125,4202.60009765625,4201.2001953125,4202.10009765625,156.0,yahoo,GC=F
2026-10-06T12:01:00Z,4202.0,4204.5,4201.7001953125,4203.7998046875,271.0,yahoo,GC=F
2026-10-06T12:02:00Z,4204.0,4204.60009765625,4203.39990234375,4204.60009765625,56.0,yahoo,GC=F
2026-10-06T12:03:00Z,4204.5,4205.39990234375,4204.2001953125,4204.7001953125,169.0,yahoo,GC=F
2026-10-06T12:04:00Z,4204.60009765625,4205.39990234375,4204.0,4204.89990234375,84.0,yahoo,GC=F
2026-10-06T12:05:00Z,4205.0,4205.39990234375,4203.2001953125,4203.7001953125,214.0,yahoo,GC=F
2026-10-06T12:06:00Z,4203.2001953125,4204.39990234375,4202.89990234375,4203.60009765625,112.0,yahoo,GC=F
2026-10-06T12:07:00Z,4203.7998046875,4204.7001953125,4203.5,4204.2001953125,85.0,yahoo,GC=F
2026-10-06T12:08:00Z,4204.2001953125,4206.0,4204.10009765625,4205.39990234375,182.0,yahoo,GC=F
2026-10-06T12:09:00Z,4205.2998046875,4205.2998046875,4203.7001953125,4204.0,147.0,yahoo,GC=F
2026-10-06T12:10:00Z,4204.2001953125,4205.0,4203.39990234375,4204.10009765625,77.0,yahoo,GC=F
2026-10-06T12:11:00Z,4204.39990234375,4205.2001953125,4203.7001953125,4205.2001953125,64.0,yahoo,GC=F
2026-10-06T12:12:00Z,4205.2001953125,4208.0,4205.2001953125,4206.5,512.0,yahoo,GC=F
2026-10-06T12:13:00Z,4206.5,4206.7998046875,4204.7998046875,4206.0,144.0,yahoo,GC=F
2026-10-06T12:14:00Z,4206.10009765625,4206.7998046875,4205.5,4206.7001953125,84.0,yahoo,GC=F
2026-10-06T12:15:00Z,4207.0,4207.0,4205.0,4205.10009765625,118.0,yahoo,GC=F
2026-10-06T12:16:00Z,4205.2998046875,4205.39990234375,4204.2998046875,4204.89990234375,118.0,yahoo,GC=F
2026-10-06T12:17:00Z,4204.89990234375,4204.89990234375,4201.60009765625,4202.2001953125,281.0,yahoo,GC=F
2026-10-06T12:18:00Z,4202.10009765625,4204.7998046875,4202.10009765625,4204.7998046875,195.0,yahoo,GC=F
2026-10-06T12:19:00Z,4204.60009765625,4205.0,4203.89990234375,4204.10009765625,138.0,yahoo,GC=F
2026-10-06T12:20:00Z,4204.60009765625,4206.2998046875,4202.60009765625,4204.2001953125,271.0,yahoo,GC=F
2026-10-06T12:21:00Z,4204.2998046875,4205.7998046875,4204.2998046875,4205.7001953125,141.0,yahoo,GC=F
2026-10-06T12:22:00Z,4205.89990234375,4206.7998046875,4204.2998046875,4206.10009765625,227.0,yahoo,GC=F
2026-10-06T12:23:00Z,4206.2998046875,4207.10009765625,4205.7998046875,4207.0,154.0,yahoo,GC=F
2026-10-06T12:24:00Z,4206.89990234375,4207.2998046875,4206.10009765625,4206.39990234375,112.0,yahoo,GC=F
2026-10-06T12:25:00Z,4206.5,4207.5,4205.39990234375,4206.89990234375,118.0,yahoo,GC=F
2026-10-06T12:26:00Z,4206.89990234375,4207.0,4202.7001953125,4205.39990234375,310.0,yahoo,GC=F
2026-10-06T12:27:00Z,4205.60009765625,4205.60009765625,4203.7998046875,4203.89990234375,101.0,yahoo,GC=F
2026-10-06T12:28:00Z,4203.7998046875,4204.2001953125,4202.7998046875,4203.2998046875,89.0,yahoo,GC=F
2026-10-06T12:29:00Z,4203.39990234375,4203.7998046875,4202.5,4203.60009765625,112.0,yahoo,GC=F
2026-10-06T12:30:00Z,4203.7998046875,4204.7998046875,4201.2998046875,4201.89990234375,202.0,yahoo,GC=F
2026-10-06T12:31:00Z,4202.0,4202.60009765625,4201.10009765625,4201.2001953125,315.0,yahoo,GC=F
2026-10-06T12:32:00Z,4201.89990234375,4202.39990234375,4200.89990234375,4201.2998046875,133.0,yahoo,GC=F
2026-10-06T12:33:00Z,4201.39990234375,4201.39990234375,4199.2001953125,4199.2001953125,163.0,yahoo,GC=F
2026-10-06T12:34:00Z,4199.39990234375,4199.60009765625,4198.0,4198.10009765625,176.0,yahoo,GC=F
2026-10-06T12:35:00Z,4198.10009765625,4199.2998046875,4197.60009765625,4198.7998046875,192.0,yahoo,GC=F
2026-10-06T12:36:00Z,4199.10009765625,4200.2998046875,4198.2998046875,4198.39990234375,234.0,yahoo,GC=F
2026-10-06T12:37:00Z,4198.60009765625,4202.5,4198.39990234375,4202.5,183.0,yahoo,GC=F
2026-10-06T12:38:00Z,4202.2001953125,4203.89990234375,4202.2001953125,4202.5,133.0,yahoo,GC=F
2026-10-06T12:39:00Z,4202.2998046875,4203.60009765625,4202.2001953125,4202.60009765625,97.0,yahoo,GC=F
2026-10-06T12:40:00Z,4202.60009765625,4203.2998046875,4201.2998046875,4201.89990234375,167.0,yahoo,GC=F
2026-10-06T12:41:00Z,4202.0,4202.7998046875,4200.39990234375,4200.7998046875,195.0,yahoo,GC=F
2026-10-06T12:42:00Z,4200.39990234375,4201.2001953125,4199.2001953125,4200.2001953125,130.0,yahoo,GC=F
2026-10-06T12:43:00Z,4199.89990234375,4200.10009765625,4198.7998046875,4199.7998046875,128.0,yahoo,GC=F
2026-10-06T12:44:00Z,4199.89990234375,4201.10009765625,4199.7998046875,4200.39990234375,136.0,yahoo,GC=F
2026-10-06T12:45:00Z,4200.0,4200.39990234375,4198.7998046875,4199.5,134.0,yahoo,GC=F
2026-10-06T12:46:00Z,4199.39990234375,4201.0,4198.10009765625,4198.10009765625,86.0,yahoo,GC=F
2026-10-06T12:47:00Z,4198.2001953125,4198.60009765625,4196.89990234375,4197.10009765625,80.0,yahoo,GC=F
2026-10-06T12:48:00Z,4196.7998046875,4196.7998046875,4195.2001953125,4195.89990234375,171.0,yahoo,GC=F
2026-10-06T12:49:00Z,4195.7998046875,4196.2001953125,4194.2998046875,4195.0,152.0,yahoo,GC=F
2026-10-06T12:50:00Z,4195.2998046875,4199.2998046875,4193.5,4197.2998046875,628.0,yahoo,GC=F
2026-10-06T12:51:00Z,4196.89990234375,4202.2998046875,4195.39990234375,4201.2001953125,245.0,yahoo,GC=F
2026-10-06T12:52:00Z,4201.2001953125,4201.60009765625,4198.2998046875,4198.2998046875,109.0,yahoo,GC=F
2026-10-06T12:53:00Z,4198.2998046875,4199.0,4197.0,4199.0,87.0,yahoo,GC=F
2026-10-06T12:54:00Z,4199.0,4199.2001953125,4196.5,4196.89990234375,88.0,yahoo,GC=F
2026-10-06T12:55:00Z,4196.7001953125,4197.10009765625,4195.39990234375,4197.10009765625,69.0,yahoo,GC=F
2026-10-06T12:56:00Z,4197.0,4198.0,4196.0,4196.0,81.0,yahoo,GC=F
2026-10-06T12:57:00Z,4195.7001953125,4199.39990234375,4195.60009765625,4199.2998046875,124.0,yahoo,GC=F
2026-10-06T12:58:00Z,4199.0,4199.0,4197.5,4197.89990234375,63.0,yahoo,GC=F
2026-10-06T12:59:00Z,4198.39990234375,4199.2998046875,4197.89990234375,4197.89990234375,53.0,yahoo,GC=F
2026-10-06T13:00:00Z,4198.2001953125,4199.5,4197.0,4199.39990234375,127.0,yahoo,GC=F
2026-10-06T13:01:00Z,4198.39990234375,4199.39990234375,4197.10009765625,4197.89990234375,245.0,yahoo,GC=F
2026-10-06T13:02:00Z,4198.2001953125,4199.5,4197.2001953125,4197.39990234375,131.0,yahoo,GC=F
2026-10-06T13:03:00Z,4197.2998046875,4197.39990234375,4196.0,4197.2998046875,97.0,yahoo,GC=F
2026-10-06T13:04:00Z,4197.5,4197.60009765625,4195.5,4195.7998046875,89.0,yahoo,GC=F
2026-10-06T13:05:00Z,4196.0,4198.0,4196.0,4197.5,95.0,yahoo,GC=F
2026-10-06T13:06:00Z,4197.60009765625,4198.7998046875,4196.5,4198.2001953125,81.0,yahoo,GC=F
2026-10-06T13:07:00Z,4198.0,4198.10009765625,4197.0,4197.2998046875,51.0,yahoo,GC=F
2026-10-06T13:08:00Z,4197.0,4198.39990234375,4196.7001953125,4198.2001953125,75.0,yahoo,GC=F
2026-10-06T13:09:00Z,4198.2998046875,4201.2001953125,4198.10009765625,4201.0,214.0,yahoo,GC=F
2026-10-06T13:10:00Z,4201.2001953125,4201.5,4199.7998046875,4200.2001953125,75.0,yahoo,GC=F
2026-10-06T13:11:00Z,4200.2998046875,4201.0,4199.2998046875,4199.39990234375,176.0,yahoo,GC=F
2026-10-06T13:12:00Z,4199.89990234375,4201.60009765625,4199.60009765625,4201.60009765625,110.0,yahoo,GC=F
2026-10-06T13:13:00Z,4201.5,4202.5,4200.5,4201.89990234375,75.0,yahoo,GC=F
2026-10-06T13:14:00Z,4201.89990234375,4202.2001953125,4199.7998046875,4200.10009765625,91.0,yahoo,GC=F
2026-10-06T13:15:00Z,4199.89990234375,4200.2001953125,4198.0,4198.39990234375,104.0,yahoo,GC=F
2026-10-06T13:16:00Z,4198.5,4198.89990234375,4195.2998046875,4195.7998046875,110.0,yahoo,GC=F
2026-10-06T13:17:00Z,4195.60009765625,4195.60009765625,4193.2998046875,4193.39990234375,190.0,yahoo,GC=F
2026-10-06T13:18:00Z,4193.39990234375,4193.60009765625,4191.89990234375,4192.2998046875,419.0,yahoo,GC=F
2026-10-06T13:19:00Z,4192.2001953125,4193.2001953125,4190.89990234375,4193.0,150.0,yahoo,GC=F
2026-10-06T13:20:00Z,4193.2998046875,4194.89990234375,4192.7001953125,4194.0,109.0,yahoo,GC=F
2026-10-06T13:21:00Z,4194.0,4194.89990234375,4193.60009765625,4194.5,55.0,yahoo,GC=F
2026-10-06T13:22:00Z,4194.2998046875,4194.7001953125,4192.89990234375,4193.2001953125,56.0,yahoo,GC=F
2026-10-06T13:23:00Z,4192.89990234375,4193.0,4190.89990234375,4192.0,142.0,yahoo,GC=F
2026-10-06T13:24:00Z,4192.5,4193.0,4191.7998046875,4192.7001953125,81.0,yahoo,GC=F
2026-10-06T13:25:00Z,4192.39990234375,4192.60009765625,4190.5,4190.89990234375,127.0,yahoo,GC=F
2026-10-06T13:26:00Z,4190.7998046875,4191.2998046875,4188.7001953125,4189.7998046875,426.0,yahoo,GC=F
2026-10-06T13:27:00Z,4190.10009765625,4190.2998046875,4189.10009765625,4189.2998046875,83.0,yahoo,GC=F
2026-10-06T13:28:00Z,4189.39990234375,4190.0,4189.0,4190.0,74.0,yahoo,GC=F
2026-10-06T13:29:00Z,4189.89990234375,4190.5,4189.2001953125,4189.2001953125,40.0,yahoo,GC=F
2026-10-06T13:30:00Z,4189.2001953125,4192.2998046875,4188.5,4191.89990234375,206.0,yahoo,GC=F
2026-10-06T13:31:00Z,4191.60009765625,4192.89990234375,4190.60009765625,4191.60009765625,143.0,yahoo,GC=F
2026-10-06T13:32:00Z,4191.5,4191.89990234375,4188.5,4189.7001953125,170.0,yahoo,GC=F
2026-10-06T13:33:00Z,4189.7001953125,4190.10009765625,4188.5,4189.60009765625,72.0,yahoo,GC=F
2026-10-06T13:34:00Z,4189.60009765625,4190.39990234375,4189.39990234375,4189.39990234375,87.0,yahoo,GC=F
2026-10-06T13:35:00Z,4189.10009765625,4191.10009765625,4188.7998046875,4191.10009765625,79.0,yahoo,GC=F
2026-10-06T13:36:00Z,4190.7001953125,4191.7001953125,4190.10009765625,4191.2001953125,128.0,yahoo,GC=F
2026-10-06T13:37:00Z,4191.60009765625,4192.39990234375,4190.5,4190.5,441.0,yahoo,GC=F
2026-10-06T13:38:00Z,4190.0,4190.39990234375,4188.2001953125,4189.2001953125,126.0,yahoo,GC=F
2026-10-06T13:39:00Z,4189.10009765625,4189.39990234375,4186.60009765625,4187.7998046875,157.0,yahoo,GC=F
2026-10-06T13:40:00Z,4187.10009765625,4187.60009765625,4184.39990234375,4184.60009765625,255.0,yahoo,GC=F
2026-10-06T13:41:00Z,4184.5,4185.7998046875,4184.10009765625,4184.60009765625,234.0,yahoo,GC=F
2026-10-06T13:42:00Z,4184.60009765625,4186.5,4183.2001953125,4185.89990234375,205.0,yahoo,GC=F
2026-10-06T13:43:00Z,4185.7001953125,4187.5,4185.2001953125,4185.2998046875,162.0,yahoo,GC=F
2026-10-06T13:44:00Z,4185.5,4186.60009765625,4185.2001953125,4185.7998046875,71.0,yahoo,GC=F
2026-10-06T13:45:00Z,4185.5,4186.0,4182.60009765625,4183.60009765625,153.0,yahoo,GC=F
2026-10-06T13:46:00Z,4183.39990234375,4184.10009765625,4182.2998046875,4183.0,121.0,yahoo,GC=F
2026-10-06T13:47:00Z,4183.0,4184.2998046875,4182.5,4183.0,64.0,yahoo,GC=F
2026-10-06T13:48:00Z,4182.89990234375,4183.2998046875,4182.39990234375,4183.10009765625,44.0,yahoo,GC=F
2026-10-06T13:49:00Z,4183.2001953125,4183.5,4182.10009765625,4183.2998046875,125.0,yahoo,GC=F
2026-10-06T13:50:00Z,4183.10009765625,4184.60009765625,4183.10009765625,4183.7001953125,61.0,yahoo,GC=F
2026-10-06T13:51:00Z,4183.89990234375,4185.2998046875,4183.10009765625,4184.10009765625,115.0,yahoo,GC=F
2026-10-06T13:52:00Z,4183.7001953125,4183.89990234375,4182.0,4182.5,107.0,yahoo,GC=F
2026-10-06T13:53:00Z,4182.2998046875,4183.60009765625,4180.7998046875,4183.60009765625,149.0,yahoo,GC=F
2026-10-06T13:54:00Z,4183.2998046875,4183.7001953125,4181.60009765625,4181.7001953125,151.0,yahoo,GC=F
2026-10-06T13:55:00Z,4181.5,4182.10009765625,4179.2998046875,4181.60009765625,312.0,yahoo,GC=F
2026-10-06T13:56:00Z,4181.2998046875,4182.5,4180.89990234375,4182.2998046875,163.0,yahoo,GC=F
2026-10-06T13:57:00Z,4182.5,4182.5,4181.10009765625,4181.5,185.0,yahoo,GC=F
2026-10-06T13:58:00Z,4181.5,4182.5,4180.7001953125,4181.60009765625,105.0,yahoo,GC=F
2026-10-06T13:59:00Z,4182.0,4182.0,4180.10009765625,4180.10009765625,120.0,yahoo,GC=F
2026-10-06T14:00:00Z,4180.0,4182.89990234375,4179.10009765625,4182.0,374.0,yahoo,GC=F
2026-10-06T14:01:00Z,4182.5,4184.2001953125,4181.0,4182.2001953125,227.0,yahoo,GC=F
2026-10-06T14:02:00Z,4182.39990234375,4183.5,4181.0,4181.5,108.0,yahoo,GC=F
2026-10-06T14:03:00Z,4181.2998046875,4183.5,4181.2998046875,4182.2001953125,132.0,yahoo,GC=F
2026-10-06T14:04:00Z,4182.10009765625,4185.7998046875,4181.60009765625,4183.0,363.0,yahoo,GC=F
2026-10-06T14:05:00Z,4183.0,4183.7998046875,4182.0,4183.7998046875,208.0,yahoo,GC=F
2026-10-06T14:06:00Z,4183.89990234375,4184.7998046875,4183.0,4183.7998046875,143.0,yahoo,GC=F
2026-10-06T14:07:00Z,4184.7001953125,4185.7998046875,4183.89990234375,4184.60009765625,242.0,yahoo,GC=F
2026-10-06T14:08:00Z,4184.2998046875,4184.60009765625,4180.7998046875,4181.2001953125,128.0,yahoo,GC=F
2026-10-06T14:09:00Z,4181.0,4183.2001953125,4180.5,4182.39990234375,84.0,yahoo,GC=F
2026-10-06T14:10:00Z,4183.5,4184.0,4180.5,4181.10009765625,98.0,yahoo,GC=F
2026-10-06T14:11:00Z,4181.0,4181.0,4179.2998046875,4180.60009765625,139.0,yahoo,GC=F
2026-10-06T14:12:00Z,4180.2998046875,4181.10009765625,4180.10009765625,4180.5,55.0,yahoo,GC=F
2026-10-06T14:13:00Z,4180.2998046875,4182.10009765625,4180.2001953125,4181.60009765625,120.0,yahoo,GC=F
2026-10-06T14:14:00Z,4181.39990234375,4183.0,4180.89990234375,4181.5,64.0,yahoo,GC=F
2026-10-06T14:15:00Z,4182.0,4182.7001953125,4181.2998046875,4181.5,73.0,yahoo,GC=F
2026-10-06T14:16:00Z,4181.39990234375,4181.39990234375,4178.60009765625,4178.7001953125,171.0,yahoo,GC=F
2026-10-06T14:17:00Z,4178.2998046875,4179.7998046875,4178.10009765625,4178.10009765625,75.0,yahoo,GC=F
2026-10-06T14:18:00Z,4178.0,4178.5,4175.39990234375,4176.0,414.0,yahoo,GC=F
2026-10-06T14:19:00Z,4176.2001953125,4177.2998046875,4175.0,4176.10009765625,330.0,yahoo,GC=F
2026-10-06T14:20:00Z,4176.2001953125,4176.7998046875,4175.2998046875,4175.60009765625,100.0,yahoo,GC=F
2026-10-06T14:21:00Z,4175.7998046875,4176.7001953125,4175.39990234375,4176.2001953125,53.0,yahoo,GC=F
2026-10-06T14:22:00Z,4176.0,4177.0,4175.0,4175.5,116.0,yahoo,GC=F
2026-10-06T14:23:00Z,4175.10009765625,4176.7001953125,4175.10009765625,4175.89990234375,255.0,yahoo,GC=F
2026-10-06T14:24:00Z,4175.7001953125,4175.89990234375,4171.7001953125,4174.0,820.0,yahoo,GC=F
2026-10-06T14:25:00Z,4174.0,4174.2001953125,4172.7001953125,4173.7998046875,320.0,yahoo,GC=F
2026-10-06T14:26:00Z,4173.60009765625,4174.39990234375,4173.39990234375,4174.10009765625,78.0,yahoo,GC=F
2026-10-06T14:27:00Z,4173.7998046875,4174.5,4172.89990234375,4173.10009765625,287.0,yahoo,GC=F
2026-10-06T14:28:00Z,4173.2998046875,4173.7001953125,4171.2998046875,4172.2998046875,253.0,yahoo,GC=F
2026-10-06T14:29:00Z,4172.39990234375,4173.60009765625,4171.89990234375,4173.60009765625,251.0,yahoo,GC=F
2026-10-06T14:30:00Z,4173.60009765625,4174.0,4170.60009765625,4171.89990234375,184.0,yahoo,GC=F
2026-10-06T14:31:00Z,4171.7998046875,4173.7001953125,4171.7998046875,4173.5,140.0,yahoo,GC=F
2026-10-06T14:32:00Z,4172.89990234375,4174.89990234375,4172.5,4174.7001953125,104.0,yahoo,GC=F
2026-10-06T14:33:00Z,4174.5,4176.60009765625,4173.7998046875,4176.10009765625,172.0,yahoo,GC=F
2026-10-06T14:34:00Z,4175.7998046875,4178.39990234375,4175.39990234375,4178.10009765625,155.0,yahoo,GC=F
2026-10-06T14:35:00Z,4178.2001953125,4179.60009765625,4177.7001953125,4179.39990234375,133.0,yahoo,GC=F
2026-10-06T14:36:00Z,4179.2998046875,4179.60009765625,4177.60009765625,4178.89990234375,103.0,yahoo,GC=F
2026-10-06T14:37:00Z,4179.60009765625,4180.10009765625,4178.39990234375,4178.39990234375,174.0,yahoo,GC=F
2026-10-06T14:38:00Z,4178.7001953125,4179.10009765625,4177.39990234375,4179.10009765625,125.0,yahoo,GC=F
2026-10-06T14:39:00Z,4178.7998046875,4178.89990234375,4176.7998046875,4177.10009765625,98.0,yahoo,GC=F
2026-10-06T14:40:00Z,4177.10009765625,4177.60009765625,4176.39990234375,4176.7998046875,57.0,yahoo,GC=F
2026-10-06T14:41:00Z,4176.7001953125,4178.2001953125,4176.10009765625,4177.7998046875,71.0,yahoo,GC=F
2026-10-06T14:42:00Z,4178.0,4179.0,4177.2001953125,4178.7001953125,104.0,yahoo,GC=F
2026-10-06T14:43:00Z,4178.7998046875,4180.89990234375,4178.60009765625,4180.2998046875,74.0,yahoo,GC=F
2026-10-06T14:44:00Z,4180.2998046875,4181.0,4180.0,4180.89990234375,72.0,yahoo,GC=F
2026-10-06T14:45:00Z,4180.2998046875,4181.2001953125,4180.10009765625,4180.89990234375,86.0,yahoo,GC=F
2026-10-06T14:46:00Z,4180.39990234375,4181.2998046875,4179.2001953125,4179.2998046875,137.0,yahoo,GC=F
2026-10-06T14:47:00Z,4179.60009765625,4179.89990234375,4178.39990234375,4178.89990234375,91.0,yahoo,GC=F
2026-10-06T14:48:00Z,4179.0,4179.2001953125,4177.10009765625,4177.7998046875,91.0,yahoo,GC=F
2026-10-06T14:49:00Z,4178.39990234375,4180.10009765625,4178.39990234375,4179.2001953125,70.0,yahoo,GC=F
2026-10-06T14:50:00Z,4179.2001953125,4181.60009765625,4178.89990234375,4181.60009765625,113.0,yahoo,GC=F
2026-10-06T14:51:00Z,4181.60009765625,4183.60009765625,4181.2998046875,4183.2998046875,151.0,yahoo,GC=F
2026-10-06T14:52:00Z,4183.2001953125,4183.60009765625,4181.89990234375,4182.7001953125,92.0,yahoo,GC=F
2026-10-06T14:53:00Z,4182.7001953125,4185.39990234375,4182.10009765625,4185.10009765625,180.0,yahoo,GC=F
2026-10-06T14:54:00Z,4185.2998046875,4185.89990234375,4183.5,4183.7998046875,257.0,yahoo,GC=F
2026-10-06T14:55:00Z,4184.0,4184.0,4182.60009765625,4183.39990234375,85.0,yahoo,GC=F
2026-10-06T14:56:00Z,4183.5,4184.2998046875,4183.2998046875,4183.7998046875,83.0,yahoo,GC=F
2026-10-06T14:57:00Z,4183.60009765625,4183.89990234375,4181.7998046875,4182.10009765625,100.0,yahoo,GC=F
2026-10-06T14:58:00Z,4182.10009765625,4183.2001953125,4181.2001953125,4182.5,127.0,yahoo,GC=F
2026-10-06T14:59:00Z,4182.60009765625,4185.0,4182.60009765625,4184.5,96.0,yahoo,GC=F
2026-10-06T15:00:00Z,4184.39990234375,4186.5,4183.89990234375,4186.2998046875,127.0,yahoo,GC=F
2026-10-06T15:01:00Z,4186.60009765625,4187.0,4185.7998046875,4186.10009765625,163.0,yahoo,GC=F
2026-10-06T15:02:00Z,4186.2998046875,4190.2001953125,4185.60009765625,4189.7001953125,457.0,yahoo,GC=F
2026-10-06T15:03:00Z,4189.7998046875,4191.89990234375,4189.7998046875,4191.10009765625,604.0,yahoo,GC=F
2026-10-06T15:04:00Z,4190.89990234375,4191.60009765625,4188.5,4189.2001953125,228.0,yahoo,GC=F
2026-10-06T15:05:00Z,4189.2001953125,4189.39990234375,4188.2998046875,4188.89990234375,129.0,yahoo,GC=F
2026-10-06T15:06:00Z,4188.7998046875,4192.10009765625,4188.5,4191.39990234375,296.0,yahoo,GC=F
2026-10-06T15:07:00Z,4191.60009765625,4191.7001953125,4187.5,4188.0,146.0,yahoo,GC=F
2026-10-06T15:08:00Z,4188.39990234375,4188.7001953125,4187.2998046875,4188.0,71.0,yahoo,GC=F
2026-10-06T15:09:00Z,4188.2998046875,4189.39990234375,4187.7001953125,4188.60009765625,60.0,yahoo,GC=F
2026-10-06T15:10:00Z,4188.89990234375,4190.7001953125,4188.7998046875,4190.7001953125,78.0,yahoo,GC=F
2026-10-06T15:11:00Z,4190.7001953125,4191.0,4189.5,4189.7001953125,89.0,yahoo,GC=F
2026-10-06T15:12:00Z,4190.2001953125,4190.7998046875,4189.2001953125,4190.5,51.0,yahoo,GC=F
2026-10-06T15:13:00Z,4190.39990234375,4191.10009765625,4189.7998046875,4191.0,36.0,yahoo,GC=F
2026-10-06T15:14:00Z,4191.10009765625,4191.10009765625,4190.2998046875,4190.2998046875,72.0,yahoo,GC=F
2026-10-06T15:15:00Z,4190.7001953125,4192.7001953125,4190.60009765625,4192.7001953125,211.0,yahoo,GC=F
2026-10-06T15:16:00Z,4192.39990234375,4192.39990234375,4190.7998046875,4190.89990234375,134.0,yahoo,GC=F
2026-10-06T15:17:00Z,4190.89990234375,4191.0,4189.7998046875,4190.7998046875,86.0,yahoo,GC=F
2026-10-06T15:18:00Z,4191.0,4191.10009765625,4190.2001953125,4191.10009765625,53.0,yahoo,GC=F
2026-10-06T15:19:00Z,4191.10009765625,4191.10009765625,4189.7001953125,4190.10009765625,95.0,yahoo,GC=F
2026-10-06T15:20:00Z,4190.2001953125,4191.60009765625,4188.89990234375,4191.5,108.0,yahoo,GC=F
2026-10-06T15:21:00Z,4191.60009765625,4192.2998046875,4190.7998046875,4190.7998046875,131.0,yahoo,GC=F
2026-10-06T15:22:00Z,4190.7001953125,4191.0,4190.2001953125,4190.5,83.0,yahoo,GC=F
2026-10-06T15:23:00Z,4190.7998046875,4191.2001953125,4190.0,4191.2001953125,85.0,yahoo,GC=F
2026-10-06T15:24:00Z,4191.10009765625,4191.5,4190.10009765625,4190.89990234375,55.0,yahoo,GC=F
2026-10-06T15:25:00Z,4191.39990234375,4191.7001953125,4190.2998046875,4190.60009765625,51.0,yahoo,GC=F
2026-10-06T15:26:00Z,4190.60009765625,4191.7998046875,4190.60009765625,4191.60009765625,35.0,yahoo,GC=F
2026-10-06T15:27:00Z,4191.39990234375,4191.7998046875,4190.5,4191.7998046875,56.0,yahoo,GC=F
2026-10-06T15:28:00Z,4192.0,4192.7001953125,4191.2001953125,4191.60009765625,60.0,yahoo,GC=F
2026-10-06T15:29:00Z,4191.7001953125,4192.10009765625,4190.60009765625,4191.2001953125,59.0,yahoo,GC=F
2026-10-06T15:30:00Z,4191.2998046875,4191.7998046875,4189.2998046875,4189.2998046875,109.0,yahoo,GC=F
2026-10-06T15:31:00Z,4189.10009765625,4191.10009765625,4189.10009765625,4191.0,103.0,yahoo,GC=F
2026-10-06T15:32:00Z,4191.39990234375,4192.39990234375,4190.60009765625,4192.2001953125,89.0,yahoo,GC=F
2026-10-06T15:33:00Z,4192.7001953125,4194.0,4192.60009765625,4193.39990234375,116.0,yahoo,GC=F
2026-10-06T15:34:00Z,4193.60009765625,4196.60009765625,4193.60009765625,4196.10009765625,294.0,yahoo,GC=F
2026-10-06T15:35:00Z,4196.2998046875,4197.0,4193.0,4193.7998046875,310.0,yahoo,GC=F
2026-10-06T15:36:00Z,4194.0,4195.2001953125,4193.7001953125,4194.2998046875,149.0,yahoo,GC=F
2026-10-06T15:37:00Z,4194.2998046875,4194.89990234375,4194.10009765625,4194.60009765625,33.0,yahoo,GC=F
2026-10-06T15:38:00Z,4194.60009765625,4194.89990234375,4193.2998046875,4194.39990234375,76.0,yahoo,GC=F
2026-10-06T15:39:00Z,4194.39990234375,4194.7998046875,4193.7998046875,4194.7001953125,57.0,yahoo,GC=F
2026-10-06T15:40:00Z,4194.89990234375,4194.89990234375,4193.0,4194.2001953125,131.0,yahoo,GC=F
2026-10-06T15:41:00Z,4194.39990234375,4195.0,4194.2001953125,4194.39990234375,78.0,yahoo,GC=F
2026-10-06T15:42:00Z,4194.60009765625,4194.7001953125,4193.7001953125,4194.39990234375,41.0,yahoo,GC=F
2026-10-06T15:43:00Z,4194.60009765625,4195.60009765625,4194.60009765625,4195.39990234375,67.0,yahoo,GC=F
2026-10-06T15:44:00Z,4195.2998046875,4197.0,4195.10009765625,4196.89990234375,648.0,yahoo,GC=F
2026-10-06T15:45:00Z,4196.89990234375,4196.89990234375,4194.10009765625,4194.7001953125,584.0,yahoo,GC=F
2026-10-06T15:46:00Z,4194.89990234375,4196.7001953125,4192.7998046875,4196.2998046875,224.0,yahoo,GC=F
2026-10-06T15:47:00Z,4196.5,4196.89990234375,4196.0,4196.10009765625,87.0,yahoo,GC=F
2026-10-06T15:48:00Z,4196.39990234375,4197.2998046875,4196.2001953125,4196.7001953125,70.0,yahoo,GC=F
2026-10-06T15:49:00Z,4196.60009765625,4197.39990234375,4195.89990234375,4196.10009765625,174.0,yahoo,GC=F
2026-10-06T15:50:00Z,4196.39990234375,4198.2001953125,4196.2998046875,4197.60009765625,279.0,yahoo,GC=F
2026-10-06T15:51:00Z,4197.60009765625,4198.7001953125,4195.10009765625,4195.10009765625,129.0,yahoo,GC=F
2026-10-06T15:52:00Z,4195.10009765625,4195.2001953125,4193.5,4193.7998046875,78.0,yahoo,GC=F
2026-10-06T15:53:00Z,4193.7998046875,4193.89990234375,4193.0,4193.2001953125,112.0,yahoo,GC=F
2026-10-06T15:54:00Z,4193.0,4193.2001953125,4191.89990234375,4192.2998046875,228.0,yahoo,GC=F
2026-10-06T15:55:00Z,4192.7001953125,4193.5,4192.39990234375,4193.10009765625,66.0,yahoo,GC=F
2026-10-06T15:56:00Z,4193.0,4193.5,4191.89990234375,4193.10009765625,125.0,yahoo,GC=F
2026-10-06T15:57:00Z,4193.10009765625,4193.60009765625,4192.7001953125,4192.7001953125,36.0,yahoo,GC=F
2026-10-06T15:58:00Z,4192.7998046875,4193.2998046875,4192.2998046875,4193.0,63.0,yahoo,GC=F
2026-10-06T15:59:00Z,4193.0,4193.10009765625,4191.60009765625,4192.39990234375,57.0,yahoo,GC=F
2026-10-06T16:00:00Z,4192.7001953125,4193.60009765625,4191.2998046875,4191.2998046875,143.0,yahoo,GC=F
2026-10-06T16:01:00Z,4191.2998046875,4191.60009765625,4190.7001953125,4191.2998046875,103.0,yahoo,GC=F
2026-10-06T16:02:00Z,4191.5,4192.39990234375,4191.5,4191.89990234375,102.0,yahoo,GC=F
2026-10-06T16:03:00Z,4192.10009765625,4192.89990234375,4191.39990234375,4191.39990234375,84.0,yahoo,GC=F
2026-10-06T16:04:00Z,4191.0,4191.5,4189.7001953125,4191.2001953125,117.0,yahoo,GC=F
2026-10-06T16:05:00Z,4191.2998046875,4191.60009765625,4190.39990234375,4191.2998046875,57.0,yahoo,GC=F
2026-10-06T16:06:00Z,4191.10009765625,4191.89990234375,4191.10009765625,4191.60009765625,65.0,yahoo,GC=F
2026-10-06T16:07:00Z,4191.7001953125,4192.2001953125,4191.0,4192.0,50.0,yahoo,GC=F
2026-10-06T16:08:00Z,4192.10009765625,4192.89990234375,4190.2001953125,4190.5,88.0,yahoo,GC=F
2026-10-06T16:09:00Z,4190.39990234375,4190.7001953125,4189.89990234375,4190.39990234375,78.0,yahoo,GC=F
2026-10-06T16:10:00Z,4190.7001953125,4191.2001953125,4190.0,4191.0,63.0,yahoo,GC=F
2026-10-06T16:11:00Z,4190.89990234375,4190.89990234375,4188.60009765625,4189.0,105.0,yahoo,GC=F
2026-10-06T16:12:00Z,4189.0,4189.39990234375,4188.60009765625,4188.7001953125,110.0,yahoo,GC=F
2026-10-06T16:13:00Z,4188.89990234375,4189.7001953125,4188.39990234375,4188.89990234375,55.0,yahoo,GC=F
2026-10-06T16:14:00Z,4189.0,4191.0,4188.7001953125,4190.7001953125,430.0,yahoo,GC=F
2026-10-06T16:15:00Z,4190.7001953125,4191.39990234375,4189.39990234375,4190.7998046875,140.0,yahoo,GC=F
2026-10-06T16:16:00Z,4191.0,4192.39990234375,4190.89990234375,4190.89990234375,98.0,yahoo,GC=F
2026-10-06T16:17:00Z,4191.10009765625,4191.5,4190.7001953125,4191.10009765625,61.0,yahoo,GC=F
2026-10-06T16:18:00Z,4191.10009765625,4192.2001953125,4191.10009765625,4192.2001953125,53.0,yahoo,GC=F
2026-10-06T16:19:00Z,4192.2998046875,4192.5,4190.0,4190.5,74.0,yahoo,GC=F
2026-10-06T16:20:00Z,4190.2001953125,4190.7001953125,4189.7001953125,4190.2998046875,57.0,yahoo,GC=F
2026-10-06T16:21:00Z,4190.39990234375,4191.39990234375,4190.2998046875,4191.2001953125,27.0,yahoo,GC=F
2026-10-06T16:22:00Z,4191.2998046875,4191.7001953125,4190.5,4190.7001953125,52.0,yahoo,GC=F
2026-10-06T16:23:00Z,4191.39990234375,4192.60009765625,4191.0,4192.2998046875,40.0,yahoo,GC=F
2026-10-06T16:24:00Z,4192.5,4192.7001953125,4190.7998046875,4191.60009765625,71.0,yahoo,GC=F
2026-10-06T16:25:00Z,4191.5,4191.60009765625,4189.89990234375,4190.7001953125,84.0,yahoo,GC=F
2026-10-06T16:26:00Z,4190.60009765625,4190.89990234375,4190.0,4190.0,43.0,yahoo,GC=F
2026-10-06T16:27:00Z,4190.2001953125,4190.39990234375,4189.0,4189.5,32.0,yahoo,GC=F
2026-10-06T16:28:00Z,4189.2998046875,4189.2998046875,4188.0,4188.39990234375,105.0,yahoo,GC=F
2026-10-06T16:29:00Z,4188.2998046875,4188.7001953125,4187.89990234375,4188.10009765625,45.0,yahoo,GC=F
2026-10-06T16:30:00Z,4188.2001953125,4189.0,4188.10009765625,4188.5,96.0,yahoo,GC=F
2026-10-06T16:31:00Z,4188.7001953125,4189.10009765625,4188.2001953125,4188.7998046875,43.0,yahoo,GC=F
2026-10-06T16:32:00Z,4188.5,4189.0,4187.89990234375,4188.2998046875,70.0,yahoo,GC=F
2026-10-06T16:33:00Z,4188.10009765625,4188.2998046875,4187.0,4187.7998046875,137.0,yahoo,GC=F
2026-10-06T16:34:00Z,4188.10009765625,4189.0,4187.39990234375,4187.7998046875,53.0,yahoo,GC=F
2026-10-06T16:35:00Z,4187.60009765625,4188.39990234375,4187.2998046875,4188.2001953125,53.0,yahoo,GC=F
2026-10-06T16:36:00Z,4187.7998046875,4189.2998046875,4187.7998046875,4189.2998046875,43.0,yahoo,GC=F
2026-10-06T16:37:00Z,4189.2001953125,4189.5,4187.5,4187.89990234375,77.0,yahoo,GC=F
2026-10-06T16:38:00Z,4187.89990234375,4187.89990234375,4186.60009765625,4187.2001953125,125.0,yahoo,GC=F
2026-10-06T16:39:00Z,4187.2998046875,4188.10009765625,4187.10009765625,4188.10009765625,55.0,yahoo,GC=F
2026-10-06T16:40:00Z,4187.89990234375,4187.89990234375,4187.0,4187.5,57.0,yahoo,GC=F
2026-10-06T16:41:00Z,4187.60009765625,4187.7001953125,4186.39990234375,4187.0,84.0,yahoo,GC=F
2026-10-06T16:42:00Z,4187.2001953125,4187.7998046875,4186.7998046875,4187.10009765625,76.0,yahoo,GC=F
2026-10-06T16:43:00Z,4187.2001953125,4187.5,4186.60009765625,4187.5,46.0,yahoo,GC=F
2026-10-06T16:44:00Z,4187.5,4188.7998046875,4187.5,4188.2001953125,57.0,yahoo,GC=F
2026-10-06T16:45:00Z,4187.89990234375,4189.2001953125,4187.5,4188.10009765625,60.0,yahoo,GC=F
2026-10-06T16:46:00Z,4188.39990234375,4188.39990234375,4187.0,4187.0,35.0,yahoo,GC=F
2026-10-06T16:47:00Z,4187.2001953125,4187.39990234375,4186.10009765625,4186.60009765625,68.0,yahoo,GC=F
2026-10-06T16:48:00Z,4186.2998046875,4186.5,4183.60009765625,4184.39990234375,519.0,yahoo,GC=F
2026-10-06T16:49:00Z,4184.5,4185.0,4184.0,4184.2001953125,75.0,yahoo,GC=F
2026-10-06T16:50:00Z,4184.2001953125,4184.89990234375,4184.0,4184.0,49.0,yahoo,GC=F
2026-10-06T16:51:00Z,4184.39990234375,4184.39990234375,4184.0,4184.2001953125,48.0,yahoo,GC=F
2026-10-06T16:52:00Z,4184.10009765625,4184.39990234375,4183.7998046875,4183.7998046875,41.0,yahoo,GC=F
2026-10-06T16:53:00Z,4184.0,4184.0,4182.89990234375,4183.39990234375,76.0,yahoo,GC=F
2026-10-06T16:54:00Z,4183.39990234375,4183.5,4182.39990234375,4183.0,98.0,yahoo,GC=F
2026-10-06T16:55:00Z,4183.10009765625,4183.39990234375,4181.60009765625,4182.10009765625,140.0,yahoo,GC=F
2026-10-06T16:56:00Z,4182.0,4182.60009765625,4181.60009765625,4182.2998046875,71.0,yahoo,GC=F
2026-10-06T16:57:00Z,4182.60009765625,4183.7998046875,4182.5,4182.89990234375,101.0,yahoo,GC=F
2026-10-06T16:58:00Z,4182.89990234375,4183.7001953125,4182.7998046875,4182.89990234375,33.0,yahoo,GC=F
2026-10-06T16:59:00Z,4183.2001953125,4184.5,4183.2001953125,4184.2998046875,77.0,yahoo,GC=F
2026-10-06T17:00:00Z,4184.2001953125,4185.2998046875,4184.10009765625,4184.7001953125,90.0,yahoo,GC=F
2026-10-06T17:01:00Z,4184.7001953125,4185.10009765625,4184.2998046875,4185.10009765625,68.0,yahoo,GC=F
2026-10-06T17:02:00Z,4185.2001953125,4185.60009765625,4183.7998046875,4184.60009765625,106.0,yahoo,GC=F
2026-10-06T17:03:00Z,4184.2001953125,4185.7998046875,4184.2001953125,4185.2001953125,115.0,yahoo,GC=F
2026-10-06T17:04:00Z,4185.2998046875,4187.10009765625,4185.10009765625,4186.89990234375,90.0,yahoo,GC=F
2026-10-06T17:05:00Z,4187.0,4188.2998046875,4186.89990234375,4187.89990234375,95.0,yahoo,GC=F
2026-10-06T17:06:00Z,4187.89990234375,4188.60009765625,4187.7001953125,4188.39990234375,55.0,yahoo,GC=F
2026-10-06T17:07:00Z,4188.5,4189.2998046875,4187.7998046875,4188.89990234375,53.0,yahoo,GC=F
2026-10-06T17:08:00Z,4188.89990234375,4190.39990234375,4188.7998046875,4189.60009765625,193.0,yahoo,GC=F
2026-10-06T17:09:00Z,4189.7001953125,4191.2998046875,4189.2001953125,4191.10009765625,120.0,yahoo,GC=F
2026-10-06T17:10:00Z,4191.2001953125,4191.5,4190.60009765625,4191.10009765625,147.0,yahoo,GC=F
2026-10-06T17:11:00Z,4191.10009765625,4192.2001953125,4191.0,4191.7998046875,119.0,yahoo,GC=F
2026-10-06T17:12:00Z,4192.0,4192.10009765625,4190.10009765625,4190.10009765625,79.0,yahoo,GC=F
2026-10-06T17:13:00Z,4190.10009765625,4190.5,4189.7998046875,4190.0,77.0,yahoo,GC=F
2026-10-06T17:14:00Z,4190.10009765625,4190.60009765625,4189.39990234375,4189.89990234375,80.0,yahoo,GC=F
2026-10-06T17:15:00Z,4190.0,4190.2998046875,4189.39990234375,4190.2001953125,76.0,yahoo,GC=F
2026-10-06T17:16:00Z,4190.2001953125,4191.60009765625,4190.2001953125,4190.60009765625,138.0,yahoo,GC=F
2026-10-06T17:17:00Z,4190.60009765625,4191.39990234375,4190.0,4190.10009765625,72.0,yahoo,GC=F
2026-10-06T17:18:00Z,4190.10009765625,4190.2001953125,4189.10009765625,4189.60009765625,100.0,yahoo,GC=F
2026-10-06T17:19:00Z,4189.60009765625,4189.7998046875,4188.2998046875,4188.5,43.0,yahoo,GC=F
2026-10-06T17:20:00Z,4188.60009765625,4189.7001953125,4187.7001953125,4189.5,172.0,yahoo,GC=F
2026-10-06T17:21:00Z,4189.39990234375,4189.7998046875,4187.0,4188.5,111.0,yahoo,GC=F
2026-10-06T17:22:00Z,4188.60009765625,4188.7001953125,4186.10009765625,4187.2001953125,383.0,yahoo,GC=F
2026-10-06T17:23:00Z,4187.10009765625,4187.2998046875,4185.2001953125,4186.2998046875,136.0,yahoo,GC=F
2026-10-06T17:24:00Z,4186.5,4187.39990234375,4185.7998046875,4187.39990234375,102.0,yahoo,GC=F
2026-10-06T17:25:00Z,4187.2001953125,4187.7001953125,4186.7001953125,4187.60009765625,112.0,yahoo,GC=F
2026-10-06T17:26:00Z,4187.7001953125,4188.5,4187.60009765625,4187.60009765625,57.0,yahoo,GC=F
2026-10-06T17:27:00Z,4187.2998046875,4187.5,4186.2001953125,4187.10009765625,85.0,yahoo,GC=F
2026-10-06T17:28:00Z,4187.0,4187.5,4186.10009765625,4186.10009765625,83.0,yahoo,GC=F
2026-10-06T17:29:00Z,4186.10009765625,4188.5,4185.2998046875,4188.2998046875,971.0,yahoo,GC=F
2026-10-06T17:30:00Z,4188.2001953125,4188.7001953125,4187.7001953125,4188.0,128.0,yahoo,GC=F
2026-10-06T17:31:00Z,4187.7998046875,4189.2998046875,4187.60009765625,4188.2001953125,146.0,yahoo,GC=F
2026-10-06T17:32:00Z,4188.2998046875,4188.7998046875,4188.10009765625,4188.5,28.0,yahoo,GC=F
2026-10-06T17:33:00Z,4188.5,4190.10009765625,4188.5,4190.10009765625,45.0,yahoo,GC=F
2026-10-06T17:34:00Z,4190.0,4191.10009765625,4189.60009765625,4190.2998046875,153.0,yahoo,GC=F
2026-10-06T17:35:00Z,4190.60009765625,4191.10009765625,4190.0,4190.7998046875,72.0,yahoo,GC=F
2026-10-06T17:36:00Z,4190.7001953125,4190.7998046875,4189.89990234375,4190.39990234375,41.0,yahoo,GC=F
2026-10-06T17:37:00Z,4190.7001953125,4191.0,4190.5,4190.5,45.0,yahoo,GC=F
2026-10-06T17:38:00Z,4190.39990234375,4190.7998046875,4189.7998046875,4190.5,28.0,yahoo,GC=F
2026-10-06T17:39:00Z,4190.7001953125,4191.0,4189.7998046875,4189.7998046875,49.0,yahoo,GC=F
2026-10-06T17:40:00Z,4189.7998046875,4190.60009765625,4189.39990234375,4190.60009765625,69.0,yahoo,GC=F
2026-10-06T17:41:00Z,4190.5,4191.7001953125,4190.2998046875,4191.39990234375,72.0,yahoo,GC=F
2026-10-06T17:42:00Z,4191.2998046875,4191.89990234375,4190.89990234375,4191.0,45.0,yahoo,GC=F
2026-10-06T17:43:00Z,4191.10009765625,4193.2001953125,4191.10009765625,4192.7001953125,86.0,yahoo,GC=F
2026-10-06T17:44:00Z,4192.7998046875,4193.0,4192.2998046875,4192.39990234375,35.0,yahoo,GC=F
2026-10-06T17:45:00Z,4192.7001953125,4192.7001953125,4191.2001953125,4192.0,40.0,yahoo,GC=F
2026-10-06T17:46:00Z,4191.89990234375,4192.10009765625,4191.2001953125,4191.60009765625,38.0,yahoo,GC=F
2026-10-06T17:47:00Z,4191.39990234375,4191.60009765625,4191.2001953125,4191.60009765625,14.0,yahoo,GC=F
2026-10-06T17:48:00Z,4191.60009765625,4192.2001953125,4191.60009765625,4192.10009765625,26.0,yahoo,GC=F
2026-10-06T17:49:00Z,4192.2001953125,4192.5,4191.7001953125,4192.39990234375,23.0,yahoo,GC=F
2026-10-06T17:50:00Z,4192.60009765625,4193.10009765625,4192.2998046875,4192.39990234375,53.0,yahoo,GC=F
2026-10-06T17:51:00Z,4192.7001953125,4193.2001953125,4192.60009765625,4193.2001953125,21.0,yahoo,GC=F
2026-10-06T17:52:00Z,4193.2001953125,4193.7001953125,4193.0,4193.2001953125,61.0,yahoo,GC=F
2026-10-06T17:53:00Z,4193.2001953125,4193.5,4192.7998046875,4192.89990234375,41.0,yahoo,GC=F
2026-10-06T17:54:00Z,4192.89990234375,4193.2998046875,4191.7001953125,4192.39990234375,117.0,yahoo,GC=F
2026-10-06T17:55:00Z,4192.39990234375,4192.7001953125,4192.0,4192.2001953125,21.0,yahoo,GC=F
2026-10-06T17:56:00Z,4191.89990234375,4192.2998046875,4191.39990234375,4191.60009765625,67.0,yahoo,GC=F
2026-10-06T17:57:00Z,4191.39990234375,4192.60009765625,4191.39990234375,4192.39990234375,41.0,yahoo,GC=F
2026-10-06T17:58:00Z,4192.7001953125,4192.7998046875,4192.0,4192.7001953125,36.0,yahoo,GC=F
2026-10-06T17:59:00Z,4192.7001953125,4192.89990234375,4192.0,4192.0,71.0,yahoo,GC=F
2026-10-06T18:00:00Z,4192.2001953125,4192.5,4191.7001953125,4191.7998046875,46.0,yahoo,GC=F
2026-10-06T18:01:00Z,4192.0,4193.0,4191.39990234375,4192.7001953125,69.0,yahoo,GC=F
2026-10-06T18:02:00Z,4192.7998046875,4193.2001953125,4192.7001953125,4193.0,56.0,yahoo,GC=F
2026-10-06T18:03:00Z,4193.5,4194.2998046875,4193.2998046875,4194.10009765625,90.0,yahoo,GC=F
2026-10-06T18:04:00Z,4194.2998046875,4194.2998046875,4193.7998046875,4194.10009765625,388.0,yahoo,GC=F
2026-10-06T18:05:00Z,4194.10009765625,4194.2998046875,4193.39990234375,4193.7001953125,31.0,yahoo,GC=F
2026-10-06T18:06:00Z,4193.89990234375,4194.7001953125,4193.7001953125,4194.7001953125,36.0,yahoo,GC=F
2026-10-06T18:07:00Z,4194.60009765625,4195.39990234375,4194.39990234375,4194.89990234375,94.0,yahoo,GC=F
2026-10-06T18:08:00Z,4194.89990234375,4195.39990234375,4194.89990234375,4195.10009765625,27.0,yahoo,GC=F
2026-10-06T18:09:00Z,4195.10009765625,4195.2998046875,4194.2001953125,4194.7001953125,34.0,yahoo,GC=F
2026-10-06T18:10:00Z,4194.89990234375,4195.5,4194.89990234375,4195.2998046875,37.0,yahoo,GC=F
2026-10-06T18:11:00Z,4195.5,4195.7998046875,4195.2001953125,4195.7998046875,33.0,yahoo,GC=F
2026-10-06T18:12:00Z,4195.7998046875,4196.10009765625,4195.39990234375,4196.0,58.0,yahoo,GC=F
2026-10-06T18:13:00Z,4196.0,4196.7001953125,4195.2998046875,4196.7001953125,73.0,yahoo,GC=F
2026-10-06T18:14:00Z,4196.60009765625,4197.2998046875,4196.10009765625,4197.10009765625,73.0,yahoo,GC=F
2026-10-06T18:15:00Z,4197.0,4197.5,4196.7998046875,4197.2001953125,61.0,yahoo,GC=F
2026-10-06T18:16:00Z,4197.5,4197.7001953125,4197.2001953125,4197.39990234375,47.0,yahoo,GC=F
2026-10-06T18:17:00Z,4197.0,4198.39990234375,4197.0,4198.39990234375,88.0,yahoo,GC=F
2026-10-06T18:18:00Z,4198.2998046875,4200.10009765625,4198.2001953125,4199.89990234375,215.0,yahoo,GC=F
2026-10-06T18:19:00Z,4199.7001953125,4200.60009765625,4199.2998046875,4199.5,90.0,yahoo,GC=F
2026-10-06T18:20:00Z,4199.2998046875,4199.5,4198.39990234375,4198.89990234375,57.0,yahoo,GC=F
2026-10-06T18:21:00Z,4198.7998046875,4199.0,4198.2001953125,4198.5,60.0,yahoo,GC=F
2026-10-06T18:22:00Z,4198.60009765625,4198.7001953125,4197.5,4197.60009765625,54.0,yahoo,GC=F
2026-10-06T18:23:00Z,4197.89990234375,4198.2001953125,4195.89990234375,4196.0,80.0,yahoo,GC=F
2026-10-06T18:24:00Z,4195.7001953125,4197.10009765625,4195.39990234375,4196.89990234375,67.0,yahoo,GC=F
2026-10-06T18:25:00Z,4196.89990234375,4197.0,4196.10009765625,4196.60009765625,29.0,yahoo,GC=F
2026-10-06T18:26:00Z,4196.5,4198.0,4196.5,4198.0,31.0,yahoo,GC=F
2026-10-06T18:27:00Z,4198.0,4198.2001953125,4197.0,4197.10009765625,41.0,yahoo,GC=F
2026-10-06T18:28:00Z,4197.10009765625,4197.2998046875,4196.39990234375,4196.7001953125,20.0,yahoo,GC=F
2026-10-06T18:29:00Z,4196.0,4196.89990234375,4195.7001953125,4196.89990234375,37.0,yahoo,GC=F
2026-10-06T18:30:00Z,4197.0,4197.2998046875,4196.0,4196.60009765625,73.0,yahoo,GC=F
2026-10-06T18:31:00Z,4196.5,4196.5,4195.2998046875,4195.60009765625,132.0,yahoo,GC=F
2026-10-06T18:32:00Z,4195.7001953125,4196.0,4195.39990234375,4195.39990234375,34.0,yahoo,GC=F
2026-10-06T18:33:00Z,4195.7001953125,4195.89990234375,4195.2998046875,4195.5,34.0,yahoo,GC=F
2026-10-06T18:34:00Z,4195.7001953125,4196.10009765625,4195.0,4195.2001953125,44.0,yahoo,GC=F
2026-10-06T18:35:00Z,4195.39990234375,4195.7998046875,4195.2001953125,4195.39990234375,60.0,yahoo,GC=F
2026-10-06T18:36:00Z,4195.10009765625,4195.89990234375,4194.39990234375,4195.7001953125,115.0,yahoo,GC=F
2026-10-06T18:37:00Z,4195.60009765625,4196.0,4194.89990234375,4196.0,37.0,yahoo,GC=F
2026-10-06T18:38:00Z,4196.39990234375,4196.7001953125,4196.0,4196.39990234375,32.0,yahoo,GC=F
2026-10-06T18:39:00Z,4196.0,4196.10009765625,4195.5,4195.60009765625,16.0,yahoo,GC=F
2026-10-06T18:40:00Z,4195.5,4196.0,4194.89990234375,4196.0,41.0,yahoo,GC=F
2026-10-06T18:41:00Z,4196.10009765625,4196.60009765625,4195.89990234375,4196.2001953125,26.0,yahoo,GC=F
2026-10-06T18:42:00Z,4196.5,4198.0,4196.5,4197.7001953125,94.0,yahoo,GC=F
2026-10-06T18:43:00Z,4197.60009765625,4197.89990234375,4197.2998046875,4197.7001953125,51.0,yahoo,GC=F
2026-10-06T18:44:00Z,4197.7998046875,4198.2001953125,4197.60009765625,4197.89990234375,42.0,yahoo,GC=F
2026-10-06T18:45:00Z,4197.89990234375,4198.2998046875,4197.5,4197.5,63.0,yahoo,GC=F
2026-10-06T18:46:00Z,4197.7001953125,4197.7001953125,4196.7998046875,4197.60009765625,77.0,yahoo,GC=F
2026-10-06T18:47:00Z,4197.7001953125,4199.5,4197.7001953125,4199.39990234375,201.0,yahoo,GC=F
2026-10-06T18:48:00Z,4199.5,4200.7001953125,4199.39990234375,4200.39990234375,128.0,yahoo,GC=F
2026-10-06T18:49:00Z,4200.2001953125,4200.7998046875,4200.0,4200.7998046875,84.0,yahoo,GC=F
2026-10-06T18:50:00Z,4200.7001953125,4201.0,4200.10009765625,4200.7001953125,86.0,yahoo,GC=F
2026-10-06T18:51:00Z,4200.7001953125,4200.7998046875,4200.39990234375,4200.7998046875,21.0,yahoo,GC=F
2026-10-06T18:52:00Z,4200.7001953125,4200.89990234375,4199.5,4200.10009765625,43.0,yahoo,GC=F
2026-10-06T18:53:00Z,4200.10009765625,4200.39990234375,4200.0,4200.10009765625,298.0,yahoo,GC=F
2026-10-06T18:54:00Z,4199.89990234375,4200.0,4199.7001953125,4199.7998046875,23.0,yahoo,GC=F
2026-10-06T18:55:00Z,4199.89990234375,4202.89990234375,4199.89990234375,4202.7998046875,193.0,yahoo,GC=F
2026-10-06T18:56:00Z,4202.89990234375,4204.5,4202.39990234375,4204.39990234375,137.0,yahoo,GC=F
2026-10-06T18:57:00Z,4204.5,4204.7001953125,4203.2998046875,4203.89990234375,116.0,yahoo,GC=F
2026-10-06T18:58:00Z,4204.0,4204.5,4204.0,4204.2001953125,32.0,yahoo,GC=F
2026-10-06T18:59:00Z,4204.0,4204.2001953125,4203.5,4203.7998046875,26.0,yahoo,GC=F
2026-10-06T19:00:00Z,4203.39990234375,4207.2998046875,4203.39990234375,4204.7001953125,371.0,yahoo,GC=F
2026-10-06T19:01:00Z,4204.5,4206.89990234375,4203.7001953125,4206.60009765625,154.0,yahoo,GC=F
2026-10-06T19:02:00Z,4206.7998046875,4212.39990234375,4206.7001953125,4209.0,656.0,yahoo,GC=F
2026-10-06T19:03:00Z,4209.0,4209.0,4206.0,4206.2001953125,182.0,yahoo,GC=F
2026-10-06T19:04:00Z,4206.2998046875,4206.2998046875,4205.10009765625,4206.0,154.0,yahoo,GC=F
2026-10-06T19:05:00Z,4206.2998046875,4206.5,4205.7998046875,4206.2001953125,60.0,yahoo,GC=F
2026-10-06T19:06:00Z,4206.2998046875,4206.2998046875,4204.7998046875,4204.7998046875,81.0,yahoo,GC=F
2026-10-06T19:07:00Z,4204.7998046875,4205.5,4204.60009765625,4205.10009765625,168.0,yahoo,GC=F
2026-10-06T19:08:00Z,4205.10009765625,4205.89990234375,4205.0,4205.7001953125,71.0,yahoo,GC=F
2026-10-06T19:09:00Z,4205.60009765625,4205.60009765625,4204.5,4204.5,50.0,yahoo,GC=F
2026-10-06T19:10:00Z,4204.5,4205.2998046875,4204.2998046875,4204.89990234375,120.0,yahoo,GC=F
2026-10-06T19:11:00Z,4204.60009765625,4204.7001953125,4203.10009765625,4203.5,78.0,yahoo,GC=F
2026-10-06T19:12:00Z,4203.39990234375,4203.5,4203.10009765625,4203.39990234375,68.0,yahoo,GC=F
2026-10-06T19:13:00Z,4203.2001953125,4204.7998046875,4203.10009765625,4204.10009765625,63.0,yahoo,GC=F
2026-10-06T19:14:00Z,4204.0,4204.60009765625,4203.89990234375,4204.39990234375,68.0,yahoo,GC=F
2026-10-06T19:15:00Z,4204.2998046875,4205.10009765625,4204.10009765625,4205.10009765625,26.0,yahoo,GC=F
2026-10-06T19:16:00Z,4204.89990234375,4205.39990234375,4204.39990234375,4205.2001953125,29.0,yahoo,GC=F
2026-10-06T19:17:00Z,4205.10009765625,4205.2998046875,4203.89990234375,4203.89990234375,66.0,yahoo,GC=F
2026-10-06T19:18:00Z,4203.89990234375,4203.89990234375,4201.60009765625,4201.60009765625,116.0,yahoo,GC=F
2026-10-06T19:19:00Z,4201.7998046875,4202.39990234375,4201.7001953125,4202.39990234375,37.0,yahoo,GC=F
2026-10-06T19:20:00Z,4202.2998046875,4203.39990234375,4202.2998046875,4202.89990234375,50.0,yahoo,GC=F
2026-10-06T19:21:00Z,4202.7001953125,4203.2001953125,4202.39990234375,4202.60009765625,29.0,yahoo,GC=F
2026-10-06T19:22:00Z,4202.39990234375,4202.39990234375,4202.0,4202.10009765625,27.0,yahoo,GC=F
2026-10-06T19:23:00Z,4201.7001953125,4201.89990234375,4201.39990234375,4201.7001953125,18.0,yahoo,GC=F
2026-10-06T19:24:00Z,4201.7998046875,4202.0,4201.39990234375,4201.39990234375,22.0,yahoo,GC=F
2026-10-06T19:25:00Z,4201.2998046875,4202.2998046875,4201.2998046875,4201.39990234375,33.0,yahoo,GC=F
2026-10-06T19:26:00Z,4201.2998046875,4201.89990234375,4201.2998046875,4201.60009765625,29.0,yahoo,GC=F
2026-10-06T19:27:00Z,4201.7001953125,4202.0,4200.89990234375,4200.89990234375,51.0,yahoo,GC=F
2026-10-06T19:28:00Z,4201.0,4201.39990234375,4200.0,4200.39990234375,95.0,yahoo,GC=F
2026-10-06T19:29:00Z,4200.2001953125,4200.5,4199.7001953125,4200.0,51.0,yahoo,GC=F
2026-10-06T19:30:00Z,4199.7001953125,4200.0,4198.5,4199.2998046875,101.0,yahoo,GC=F
2026-10-06T19:31:00Z,4199.2001953125,4199.89990234375,4199.2001953125,4199.5,48.0,yahoo,GC=F
2026-10-06T19:32:00Z,4199.2998046875,4199.39990234375,4198.2998046875,4198.89990234375,51.0,yahoo,GC=F
2026-10-06T19:33:00Z,4198.60009765625,4198.7001953125,4197.7998046875,4198.2998046875,44.0,yahoo,GC=F
2026-10-06T19:34:00Z,4198.2001953125,4198.2998046875,4197.5,4197.5,17.0,yahoo,GC=F
2026-10-06T19:35:00Z,4197.0,4197.7001953125,4197.0,4197.2001953125,47.0,yahoo,GC=F
2026-10-06T19:36:00Z,4197.60009765625,4197.7001953125,4196.7998046875,4196.89990234375,22.0,yahoo,GC=F
2026-10-06T19:37:00Z,4197.10009765625,4197.2001953125,4195.89990234375,4196.2998046875,50.0,yahoo,GC=F
2026-10-06T19:38:00Z,4196.2001953125,4197.2001953125,4196.10009765625,4197.10009765625,24.0,yahoo,GC=F
2026-10-06T19:39:00Z,4197.2001953125,4197.2998046875,4196.7998046875,4196.7998046875,13.0,yahoo,GC=F
2026-10-06T19:40:00Z,4196.7998046875,4197.2998046875,4196.7001953125,4197.2998046875,45.0,yahoo,GC=F
2026-10-06T19:41:00Z,4197.2001953125,4197.2001953125,4197.0,4197.2001953125,11.0,yahoo,GC=F
2026-10-06T19:42:00Z,4197.2001953125,4197.7001953125,4197.10009765625,4197.39990234375,43.0,yahoo,GC=F
2026-10-06T19:43:00Z,4197.2998046875,4197.7998046875,4197.10009765625,4197.10009765625,41.0,yahoo,GC=F
2026-10-06T19:44:00Z,4197.10009765625,4197.2998046875,4196.7001953125,4197.0,33.0,yahoo,GC=F
2026-10-06T19:45:00Z,4197.0,4198.10009765625,4197.0,4198.0,22.0,yahoo,GC=F
2026-10-06T19:46:00Z,4197.89990234375,4198.10009765625,4197.0,4197.10009765625,50.0,yahoo,GC=F
2026-10-06T19:47:00Z,4197.2001953125,4197.5,4196.89990234375,4197.2998046875,59.0,yahoo,GC=F
2026-10-06T19:48:00Z,4197.10009765625,4197.5,4196.5,4196.7998046875,45.0,yahoo,GC=F
2026-10-06T19:49:00Z,4196.7998046875,4196.89990234375,4195.2001953125,4195.39990234375,109.0,yahoo,GC=F
2026-10-06T19:50:00Z,4195.2998046875,4196.2998046875,4195.0,4195.0,55.0,yahoo,GC=F
2026-10-06T19:51:00Z,4194.7998046875,4195.7001953125,4194.60009765625,4194.89990234375,46.0,yahoo,GC=F
2026-10-06T19:52:00Z,4195.0,4195.7001953125,4194.89990234375,4195.2998046875,56.0,yahoo,GC=F
2026-10-06T19:53:00Z,4195.39990234375,4195.60009765625,4195.10009765625,4195.39990234375,41.0,yahoo,GC=F
2026-10-06T19:54:00Z,4195.60009765625,4196.0,4195.0,4195.5,30.0,yahoo,GC=F
2026-10-06T19:55:00Z,4195.39990234375,4196.7998046875,4195.2998046875,4196.39990234375,165.0,yahoo,GC=F
2026-10-06T19:56:00Z,4196.39990234375,4197.5,4196.39990234375,4197.2001953125,85.0,yahoo,GC=F
2026-10-06T19:57:00Z,4197.2001953125,4197.5,4196.2998046875,4197.2001953125,91.0,yahoo,GC=F
2026-10-06T19:58:00Z,4196.7998046875,4197.5,4196.5,4196.7998046875,75.0,yahoo,GC=F
2026-10-06T19:59:00Z,4197.2001953125,4197.60009765625,4196.89990234375,4197.2998046875,198.0,yahoo,GC=F
2026-10-06T20:00:00Z,4197.10009765625,4198.0,4197.0,4197.2998046875,80.0,yahoo,GC=F
2026-10-06T20:01:00Z,4197.2998046875,4197.39990234375,4196.7001953125,4197.0,43.0,yahoo,GC=F
2026-10-06T20:02:00Z,4196.7998046875,4197.0,4195.7998046875,4196.5,51.0,yahoo,GC=F
2026-10-06T20:03:00Z,4196.5,4197.0,4196.2998046875,4196.60009765625,24.0,yahoo,GC=F
2026-10-06T20:04:00Z,4196.60009765625,4196.7001953125,4196.39990234375,4196.7001953125,6.0,yahoo,GC=F
2026-10-06T20:05:00Z,4196.60009765625,4196.7998046875,4196.2998046875,4196.5,21.0,yahoo,GC=F
2026-10-06T20:06:00Z,4196.5,4196.7001953125,4196.2998046875,4196.2998046875,11.0,yahoo,GC=F
2026-10-06T20:07:00Z,4196.5,4197.0,4196.39990234375,4196.7998046875,33.0,yahoo,GC=F
2026-10-06T20:08:00Z,4196.7001953125,4197.39990234375,4196.7001953125,4196.89990234375,20.0,yahoo,GC=F
2026-10-06T20:09:00Z,4196.7998046875,4197.10009765625,4196.7001953125,4196.89990234375,12.0,yahoo,GC=F
2026-10-06T20:10:00Z,4197.0,4198.2998046875,4197.0,4197.2998046875,47.0,yahoo,GC=F
2026-10-06T20:11:00Z,4197.2001953125,4197.2001953125,4196.60009765625,4196.7001953125,19.0,yahoo,GC=F
2026-10-06T20:12:00Z,4196.60009765625,4196.89990234375,4196.10009765625,4196.5,15.0,yahoo,GC=F
2026-10-06T20:13:00Z,4196.39990234375,4196.5,4196.10009765625,4196.2998046875,16.0,yahoo,GC=F
2026-10-06T20:14:00Z,4196.2001953125,4196.5,4196.0,4196.0,11.0,yahoo,GC=F
2026-10-06T20:15:00Z,4195.89990234375,4195.89990234375,4195.60009765625,4195.60009765625,14.0,yahoo,GC=F
2026-10-06T20:16:00Z,4195.60009765625,4195.7998046875,4194.5,4194.60009765625,55.0,yahoo,GC=F
2026-10-06T20:17:00Z,4194.7001953125,4195.10009765625,4194.7001953125,4195.10009765625,9.0,yahoo,GC=F
2026-10-06T20:18:00Z,4195.0,4195.0,4194.10009765625,4194.39990234375,52.0,yahoo,GC=F
2026-10-06T20:19:00Z,4194.2998046875,4194.2998046875,4192.7001953125,4193.0,149.0,yahoo,GC=F
2026-10-06T20:20:00Z,4193.2001953125,4193.60009765625,4191.5,4192.7998046875,153.0,yahoo,GC=F
2026-10-06T20:21:00Z,4192.89990234375,4192.89990234375,4191.5,4191.5,45.0,yahoo,GC=F
2026-10-06T20:22:00Z,4191.7998046875,4192.2001953125,4191.2998046875,4192.2001953125,40.0,yahoo,GC=F
2026-10-06T20:23:00Z,4192.10009765625,4192.2001953125,4191.5,4191.7001953125,38.0,yahoo,GC=F
2026-10-06T20:24:00Z,4191.7998046875,4192.0,4191.5,4191.89990234375,26.0,yahoo,GC=F
2026-10-06T20:25:00Z,4192.10009765625,4192.2998046875,4191.0,4191.0,43.0,yahoo,GC=F
2026-10-06T20:26:00Z,4190.7998046875,4191.2001953125,4190.2998046875,4190.7001953125,236.0,yahoo,GC=F
2026-10-06T20:27:00Z,4190.7001953125,4191.2998046875,4190.39990234375,4191.2998046875,32.0,yahoo,GC=F
2026-10-06T20:28:00Z,4191.5,4191.5,4191.2998046875,4191.5,11.0,yahoo,GC=F
2026-10-06T20:29:00Z,4191.7001953125,4192.5,4191.7001953125,4192.5,29.0,yahoo,GC=F
2026-10-06T20:30:00Z,4192.10009765625,4192.60009765625,4191.5,4191.7998046875,55.0,yahoo,GC=F
2026-10-06T20:31:00Z,4191.89990234375,4192.10009765625,4191.7001953125,4191.7001953125,16.0,yahoo,GC=F
2026-10-06T20:32:00Z,4191.7001953125,4191.7001953125,4191.2998046875,4191.5,11.0,yahoo,GC=F
2026-10-06T20:33:00Z,4191.10009765625,4191.10009765625,4190.7998046875,4190.89990234375,9.0,yahoo,GC=F
2026-10-06T20:34:00Z,4191.2998046875,4191.5,4191.2998046875,4191.2998046875,7.0,yahoo,GC=F
2026-10-06T20:35:00Z,4191.2001953125,4191.2001953125,4190.7001953125,4191.2001953125,30.0,yahoo,GC=F
2026-10-06T20:36:00Z,4191.2998046875,4191.60009765625,4191.2998046875,4191.60009765625,2.0,yahoo,GC=F
2026-10-06T20:37:00Z,4191.89990234375,4192.10009765625,4191.7998046875,4191.7998046875,9.0,yahoo,GC=F
2026-10-06T20:38:00Z,4191.7998046875,4192.39990234375,4191.7998046875,4192.2998046875,22.0,yahoo,GC=F
2026-10-06T20:39:00Z,4192.2001953125,4192.39990234375,4192.2001953125,4192.2001953125,10.0,yahoo,GC=F
2026-10-06T20:40:00Z,4191.89990234375,4192.0,4191.5,4191.7998046875,16.0,yahoo,GC=F
2026-10-06T20:41:00Z,4191.89990234375,4192.0,4191.7001953125,4192.0,11.0,yahoo,GC=F
2026-10-06T20:42:00Z,4191.7001953125,4191.7001953125,4190.7998046875,4191.39990234375,22.0,yahoo,GC=F
2026-10-06T20:43:00Z,4191.10009765625,4191.10009765625,4191.10009765625,4191.10009765625,1.0,yahoo,GC=F
2026-10-06T20:44:00Z,4191.2998046875,4191.60009765625,4191.2001953125,4191.2001953125,6.0,yahoo,GC=F
2026-10-06T20:45:00Z,4191.39990234375,4191.60009765625,4190.5,4190.60009765625,28.0,yahoo,GC=F
2026-10-06T20:46:00Z,4190.5,4191.10009765625,4190.10009765625,4190.89990234375,21.0,yahoo,GC=F
2026-10-06T20:47:00Z,4191.0,4191.2001953125,4191.0,4191.10009765625,34.0,yahoo,GC=F
2026-10-06T20:48:00Z,4191.2998046875,4191.39990234375,4190.7998046875,4191.10009765625,29.0,yahoo,GC=F
2026-10-06T20:49:00Z,4191.2001953125,4191.2001953125,4190.89990234375,4191.10009765625,13.0,yahoo,GC=F
2026-10-06T20:50:00Z,4191.10009765625,4191.60009765625,4191.10009765625,4191.39990234375,11.0,yahoo,GC=F
2026-10-06T20:51:00Z,4191.7998046875,4192.60009765625,4191.60009765625,4192.60009765625,28.0,yahoo,GC=F
2026-10-06T20:52:00Z,4192.7001953125,4193.10009765625,4192.2998046875,4192.2998046875,11.0,yahoo,GC=F
2026-10-06T20:53:00Z,4192.2001953125,4192.5,4192.10009765625,4192.5,10.0,yahoo,GC=F
2026-10-06T20:54:00Z,4192.60009765625,4192.7001953125,4192.10009765625,4192.2998046875,15.0,yahoo,GC=F
2026-10-06T20:55:00Z,4191.89990234375,4192.2001953125,4191.60009765625,4191.7998046875,38.0,yahoo,GC=F
2026-10-06T20:56:00Z,4191.7998046875,4191.7998046875,4191.5,4191.5,20.0,yahoo,GC=F
2026-10-06T20:57:00Z,4191.5,4191.7001953125,4191.2998046875,4191.7001953125,12.0,yahoo,GC=F
2026-10-06T20:58:00Z,4191.89990234375,4192.2001953125,4191.7998046875,4192.2001953125,5.0,yahoo,GC=F
2026-10-06T20:59:00Z,4192.2001953125,4193.10009765625,4192.2001953125,4192.7001953125,50.0,yahoo,GC=F
2026-10-06T22:00:00Z,4195.0,4195.89990234375,4193.2998046875,4194.2001953125,0.0,yahoo,GC=F
2026-10-06T22:01:00Z,4194.39990234375,4195.0,4193.39990234375,4195.0,33.0,yahoo,GC=F
2026-10-06T22:02:00Z,4194.7998046875,4195.0,4193.10009765625,4193.60009765625,66.0,yahoo,GC=F
2026-10-06T22:03:00Z,4193.39990234375,4194.7001953125,4193.39990234375,4194.2001953125,18.0,yahoo,GC=F
2026-10-06T22:04:00Z,4194.5,4194.89990234375,4194.10009765625,4194.39990234375,23.0,yahoo,GC=F
2026-10-06T22:05:00Z,4194.0,4194.2001953125,4193.2001953125,4193.5,25.0,yahoo,GC=F
2026-10-06T22:06:00Z,4193.5,4194.2001953125,4193.2001953125,4193.7001953125,14.0,yahoo,GC=F
2026-10-06T22:07:00Z,4193.7001953125,4194.39990234375,4193.7001953125,4194.0,12.0,yahoo,GC=F
2026-10-06T22:08:00Z,4194.7001953125,4194.7001953125,4194.2998046875,4194.39990234375,19.0,yahoo,GC=F
2026-10-06T22:09:00Z,4194.39990234375,4194.5,4193.7001953125,4193.7998046875,15.0,yahoo,GC=F
2026-10-06T22:10:00Z,4193.7998046875,4194.7001953125,4193.7001953125,4194.2001953125,23.0,yahoo,GC=F
2026-10-06T22:11:00Z,4194.2001953125,4194.5,4193.89990234375,4194.39990234375,20.0,yahoo,GC=F
2026-10-06T22:12:00Z,4194.7001953125,4194.89990234375,4194.2001953125,4194.60009765625,25.0,yahoo,GC=F
2026-10-06T22:13:00Z,4195.0,4195.10009765625,4194.39990234375,4194.5,26.0,yahoo,GC=F
2026-10-06T22:14:00Z,4194.39990234375,4194.7998046875,4194.2998046875,4194.60009765625,50.0,yahoo,GC=F
2026-10-06T22:15:00Z,4194.10009765625,4194.5,4194.0,4194.5,13.0,yahoo,GC=F
2026-10-06T22:16:00Z,4194.0,4194.2998046875,4194.0,4194.10009765625,5.0,yahoo,GC=F
2026-10-06T22:17:00Z,4194.2998046875,4194.60009765625,4194.10009765625,4194.10009765625,22.0,yahoo,GC=F
2026-10-06T22:18:00Z,4194.2001953125,4194.39990234375,4194.0,4194.2998046875,23.0,yahoo,GC=F
2026-10-06T22:19:00Z,4194.10009765625,4194.2998046875,4194.0,4194.0,6.0,yahoo,GC=F
2026-10-06T22:20:00Z,4194.2998046875,4194.5,4193.89990234375,4193.89990234375,14.0,yahoo,GC=F
2026-10-06T22:21:00Z,4194.2998046875,4194.2998046875,4194.0,4194.0,3.0,yahoo,GC=F
2026-10-06T22:22:00Z,4194.10009765625,4194.60009765625,4194.0,4194.60009765625,47.0,yahoo,GC=F
2026-10-06T22:23:00Z,4194.2998046875,4194.39990234375,4194.2001953125,4194.2998046875,5.0,yahoo,GC=F
2026-10-06T22:24:00Z,4194.7001953125,4194.7998046875,4194.7001953125,4194.7001953125,7.0,yahoo,GC=F
2026-10-06T22:25:00Z,4194.39990234375,4195.0,4194.2001953125,4194.60009765625,37.0,yahoo,GC=F
2026-10-06T22:26:00Z,4195.10009765625,4195.10009765625,4194.0,4194.2998046875,48.0,yahoo,GC=F
2026-10-06T22:27:00Z,4194.2998046875,4195.0,4194.2998046875,4195.0,26.0,yahoo,GC=F
2026-10-06T22:28:00Z,4195.0,4195.0,4194.39990234375,4194.39990234375,20.0,yahoo,GC=F
2026-10-06T22:29:00Z,4194.10009765625,4194.2001953125,4193.89990234375,4193.89990234375,5.0,yahoo,GC=F
2026-10-06T22:30:00Z,4193.2998046875,4193.60009765625,4192.7001953125,4192.7001953125,41.0,yahoo,GC=F
2026-10-06T22:31:00Z,4192.7001953125,4192.7001953125,4192.0,4192.5,22.0,yahoo,GC=F
2026-10-06T22:32:00Z,4192.5,4193.0,4192.10009765625,4192.2001953125,31.0,yahoo,GC=F
2026-10-06T22:33:00Z,4192.5,4192.89990234375,4192.0,4192.5,38.0,yahoo,GC=F
2026-10-06T22:34:00Z,4192.7001953125,4192.7001953125,4191.5,4191.7998046875,22.0,yahoo,GC=F
2026-10-06T22:35:00Z,4192.0,4192.2998046875,4191.2998046875,4191.5,71.0,yahoo,GC=F
2026-10-06T22:36:00Z,4191.60009765625,4192.10009765625,4191.39990234375,4191.7998046875,37.0,yahoo,GC=F
2026-10-06T22:37:00Z,4192.0,4192.0,4191.5,4191.60009765625,9.0,yahoo,GC=F
2026-10-06T22:38:00Z,4192.10009765625,4192.10009765625,4191.10009765625,4191.10009765625,29.0,yahoo,GC=F
2026-10-06T22:39:00Z,4191.5,4191.5,4190.7998046875,4191.0,21.0,yahoo,GC=F
2026-10-06T22:40:00Z,4190.7998046875,4190.7998046875,4190.10009765625,4190.2001953125,57.0,yahoo,GC=F
2026-10-06T22:41:00Z,4190.10009765625,4190.39990234375,4190.0,4190.39990234375,16.0,yahoo,GC=F
2026-10-06T22:42:00Z,4190.39990234375,4190.89990234375,4190.0,4190.7998046875,17.0,yahoo,GC=F
2026-10-06T22:43:00Z,4190.2998046875,4190.60009765625,4190.0,4190.60009765625,15.0,yahoo,GC=F
2026-10-06T22:44:00Z,4190.89990234375,4191.10009765625,4190.7001953125,4191.10009765625,10.0,yahoo,GC=F
2026-10-06T22:45:00Z,4190.7998046875,4192.10009765625,4190.60009765625,4191.5,169.0,yahoo,GC=F
2026-10-06T22:46:00Z,4191.39990234375,4191.5,4190.39990234375,4190.7001953125,57.0,yahoo,GC=F
2026-10-06T22:47:00Z,4190.5,4191.0,4190.2998046875,4190.39990234375,15.0,yahoo,GC=F
2026-10-06T22:48:00Z,4190.39990234375,4190.89990234375,4190.2998046875,4190.60009765625,20.0,yahoo,GC=F
2026-10-06T22:49:00Z,4191.0,4191.0,4190.2998046875,4190.7998046875,14.0,yahoo,GC=F
2026-10-06T22:50:00Z,4190.89990234375,4190.89990234375,4190.0,4190.0,20.0,yahoo,GC=F
2026-10-06T22:51:00Z,4190.2998046875,4190.7001953125,4190.2001953125,4190.7001953125,30.0,yahoo,GC=F
2026-10-06T22:52:00Z,4190.5,4190.60009765625,4189.2998046875,4189.39990234375,63.0,yahoo,GC=F
2026-10-06T22:53:00Z,4189.5,4190.10009765625,4189.2998046875,4189.7001953125,24.0,yahoo,GC=F
2026-10-06T22:54:00Z,4190.10009765625,4190.2001953125,4189.7001953125,4190.0,23.0,yahoo,GC=F
2026-10-06T22:55:00Z,4190.2001953125,4191.2001953125,4190.2001953125,4190.7001953125,46.0,yahoo,GC=F
2026-10-06T22:56:00Z,4190.60009765625,4191.39990234375,4190.39990234375,4191.0,58.0,yahoo,GC=F
2026-10-06T22:57:00Z,4190.7001953125,4190.7001953125,4190.5,4190.5,5.0,yahoo,GC=F
2026-10-06T22:58:00Z,4190.39990234375,4190.7001953125,4190.2001953125,4190.60009765625,16.0,yahoo,GC=F
2026-10-06T22:59:00Z,4190.5,4191.10009765625,4190.39990234375,4190.7001953125,22.0,yahoo,GC=F
2026-10-06T23:00:00Z,4190.7998046875,4190.89990234375,4190.0,4190.60009765625,50.0,yahoo,GC=F
2026-10-06T23:01:00Z,4190.7998046875,4191.5,4190.5,4190.7998046875,63.0,yahoo,GC=F
2026-10-06T23:02:00Z,4190.60009765625,4191.39990234375,4190.39990234375,4191.10009765625,27.0,yahoo,GC=F
2026-10-06T23:03:00Z,4191.5,4193.7001953125,4191.5,4191.7001953125,183.0,yahoo,GC=F
2026-10-06T23:04:00Z,4191.7001953125,4191.7001953125,4191.39990234375,4191.60009765625,9.0,yahoo,GC=F
2026-10-06T23:05:00Z,4191.39990234375,4193.2001953125,4191.2998046875,4192.39990234375,44.0,yahoo,GC=F
2026-10-06T23:06:00Z,4192.2998046875,4193.0,4192.2001953125,4193.0,40.0,yahoo,GC=F
2026-10-06T23:07:00Z,4192.89990234375,4193.0,4191.89990234375,4191.89990234375,22.0,yahoo,GC=F
2026-10-06T23:08:00Z,4192.5,4192.5,4192.5,4192.5,0.0,yahoo,GC=F
2026-10-06T23:10:00Z,4192.5,4193.60009765625,4192.2998046875,4193.2998046875,2233.0,yahoo,GC=F
2026-10-06T23:11:00Z,4193.10009765625,4193.2998046875,4193.10009765625,4193.2998046875,7.0,yahoo,GC=F
2026-10-06T23:12:00Z,4193.10009765625,4193.10009765625,4193.10009765625,4193.10009765625,12.0,yahoo,GC=F
2026-10-06T23:13:00Z,4192.89990234375,4193.2998046875,4192.89990234375,4193.2998046875,3.0,yahoo,GC=F
2026-10-06T23:14:00Z,4192.89990234375,4192.89990234375,4192.7998046875,4192.7998046875,5.0,yahoo,GC=F
2026-10-06T23:15:00Z,4192.7998046875,4193.7998046875,4192.7998046875,4193.2998046875,19.0,yahoo,GC=F
2026-10-06T23:16:00Z,4193.60009765625,4193.60009765625,4193.2998046875,4193.2998046875,4.0,yahoo,GC=F
2026-10-06T23:17:00Z,4193.2001953125,4193.2001953125,4193.2001953125,4193.2001953125,1.0,yahoo,GC=F
2026-10-06T23:18:00Z,4193.2001953125,4194.39990234375,4193.2001953125,4194.0,27.0,yahoo,GC=F
2026-10-06T23:19:00Z,4194.2998046875,4194.2998046875,4193.7001953125,4193.7998046875,12.0,yahoo,GC=F
2026-10-06T23:20:00Z,4193.5,4193.5,4193.2998046875,4193.2998046875,8.0,yahoo,GC=F
2026-10-06T23:21:00Z,4193.2998046875,4193.2998046875,4193.10009765625,4193.2998046875,8.0,yahoo,GC=F
2026-10-06T23:22:00Z,4193.10009765625,4193.39990234375,4193.10009765625,4193.39990234375,5.0,yahoo,GC=F
2026-10-06T23:23:00Z,4193.10009765625,4193.7998046875,4193.10009765625,4193.7001953125,6.0,yahoo,GC=F
2026-10-06T23:24:00Z,4194.0,4194.60009765625,4193.7998046875,4194.0,15.0,yahoo,GC=F
2026-10-06T23:25:00Z,4195.2998046875,4196.2998046875,4195.0,4196.2998046875,78.0,yahoo,GC=F
2026-10-06T23:26:00Z,4195.7001953125,4196.2001953125,4195.39990234375,4195.39990234375,15.0,yahoo,GC=F
2026-10-06T23:27:00Z,4195.2001953125,4196.2998046875,4195.2001953125,4196.2998046875,36.0,yahoo,GC=F
2026-10-06T23:28:00Z,4196.10009765625,4197.10009765625,4196.10009765625,4196.10009765625,77.0,yahoo,GC=F
2026-10-06T23:29:00Z,4196.0,4197.7001953125,4195.89990234375,4196.89990234375,77.0,yahoo,GC=F
2026-10-06T23:30:00Z,4197.2001953125,4197.2001953125,4196.2998046875,4197.2001953125,54.0,yahoo,GC=F
2026-10-06T23:31:00Z,4196.7998046875,4197.7998046875,4196.0,4196.0,94.0,yahoo,GC=F
2026-10-06T23:32:00Z,4196.0,4196.89990234375,4196.0,4196.5,20.0,yahoo,GC=F
2026-10-06T23:33:00Z,4196.2998046875,4196.60009765625,4195.60009765625,4196.39990234375,35.0,yahoo,GC=F
2026-10-06T23:34:00Z,4196.0,4196.10009765625,4195.5,4195.60009765625,29.0,yahoo,GC=F
2026-10-06T23:35:00Z,4195.60009765625,4196.2998046875,4195.2998046875,4195.7998046875,27.0,yahoo,GC=F
2026-10-06T23:36:00Z,4195.60009765625,4195.89990234375,4195.2998046875,4195.2998046875,245.0,yahoo,GC=F
2026-10-06T23:37:00Z,4195.39990234375,4195.7001953125,4195.2001953125,4195.5,18.0,yahoo,GC=F
2026-10-06T23:38:00Z,4195.7998046875,4195.7998046875,4195.2998046875,4195.39990234375,13.0,yahoo,GC=F
2026-10-06T23:39:00Z,4195.39990234375,4195.60009765625,4194.5,4194.60009765625,70.0,yahoo,GC=F
2026-10-06T23:40:00Z,4194.10009765625,4194.2001953125,4193.7998046875,4193.89990234375,16.0,yahoo,GC=F
2026-10-06T23:41:00Z,4193.5,4193.7998046875,4193.2001953125,4193.7998046875,10.0,yahoo,GC=F
2026-10-06T23:42:00Z,4194.10009765625,4195.10009765625,4194.10009765625,4195.0,18.0,yahoo,GC=F
2026-10-06T23:43:00Z,4194.89990234375,4194.89990234375,4194.39990234375,4194.7001953125,9.0,yahoo,GC=F
2026-10-06T23:45:00Z,4194.7001953125,4194.7998046875,4193.7998046875,4194.5,25.0,yahoo,GC=F
2026-10-06T23:46:00Z,4194.39990234375,4194.39990234375,4193.89990234375,4193.89990234375,6.0,yahoo,GC=F
2026-10-06T23:47:00Z,4193.89990234375,4194.10009765625,4193.7001953125,4194.10009765625,23.0,yahoo,GC=F
2026-10-06T23:48:00Z,4193.2998046875,4193.60009765625,4193.2998046875,4193.60009765625,3.0,yahoo,GC=F
2026-10-06T23:49:00Z,4193.60009765625,4193.89990234375,4193.60009765625,4193.89990234375,2.0,yahoo,GC=F
2026-10-06T23:50:00Z,4194.0,4194.39990234375,4194.0,4194.39990234375,4.0,yahoo,GC=F
2026-10-06T23:51:00Z,4194.60009765625,4195.2998046875,4194.39990234375,4195.2998046875,12.0,yahoo,GC=F
2026-10-06T23:52:00Z,4195.39990234375,4196.0,4195.39990234375,4196.0,12.0,yahoo,GC=F
2026-10-06T23:53:00Z,4195.7001953125,4195.7001953125,4194.89990234375,4194.89990234375,10.0,yahoo,GC=F
2026-10-06T23:54:00Z,4195.5,4195.5,4195.39990234375,4195.5,4.0,yahoo,GC=F
2026-10-06T23:55:00Z,4195.10009765625,4195.10009765625,4194.89990234375,4195.10009765625,6.0,yahoo,GC=F
2026-10-06T23:56:00Z,4195.0,4195.0,4194.60009765625,4194.60009765625,5.0,yahoo,GC=F
2026-10-06T23:57:00Z,4194.5,4194.5,4193.7998046875,4194.2001953125,10.0,yahoo,GC=F
2026-10-06T23:58:00Z,4194.2001953125,4194.2001953125,4193.7001953125,4193.7998046875,12.0,yahoo,GC=F
2026-10-06T23:59:00Z,4193.89990234375,4193.89990234375,4193.5,4193.60009765625,11.0,yahoo,GC=F
